b,z,n,warmup,operations,seed,workload,metric,threshold,exceed_count,probability,log2_inverse
4,6,4096,16777216,134217728,1,cycle,post,0,134217728,1.00000000000000000,-0.000000000
4,6,4096,16777216,134217728,1,cycle,post,1,134217728,1.00000000000000000,-0.000000000
4,6,4096,16777216,134217728,1,cycle,post,2,134217728,1.00000000000000000,-0.000000000
4,6,4096,16777216,134217728,1,cycle,post,3,134217728,1.00000000000000000,-0.000000000
4,6,4096,16777216,134217728,1,cycle,post,4,134217728,1.00000000000000000,-0.000000000
4,6,4096,16777216,134217728,1,cycle,post,5,134217728,1.00000000000000000,-0.000000000
4,6,4096,16777216,134217728,1,cycle,post,6,134217728,1.00000000000000000,-0.000000000
4,6,4096,16777216,134217728,1,cycle,post,7,134217728,1.00000000000000000,-0.000000000
4,6,4096,16777216,134217728,1,cycle,post,8,134217728,1.00000000000000000,-0.000000000
4,6,4096,16777216,134217728,1,cycle,post,9,134217728,1.00000000000000000,-0.000000000
4,6,4096,16777216,134217728,1,cycle,post,10,134217728,1.00000000000000000,-0.000000000
4,6,4096,16777216,134217728,1,cycle,post,11,134217728,1.00000000000000000,-0.000000000
4,6,4096,16777216,134217728,1,cycle,post,12,134217728,1.00000000000000000,-0.000000000
4,6,4096,16777216,134217728,1,cycle,post,13,134217728,1.00000000000000000,-0.000000000
4,6,4096,16777216,134217728,1,cycle,post,14,134217728,1.00000000000000000,-0.000000000
4,6,4096,16777216,134217728,1,cycle,post,15,134217728,1.00000000000000000,-0.000000000
4,6,4096,16777216,134217728,1,cycle,post,16,134217728,1.00000000000000000,-0.000000000
4,6,4096,16777216,134217728,1,cycle,post,17,134217728,1.00000000000000000,-0.000000000
4,6,4096,16777216,134217728,1,cycle,post,18,134217728,1.00000000000000000,-0.000000000
4,6,4096,16777216,134217728,1,cycle,post,19,134217728,1.00000000000000000,-0.000000000
4,6,4096,16777216,134217728,1,cycle,post,20,134217728,1.00000000000000000,-0.000000000
4,6,4096,16777216,134217728,1,cycle,post,21,134217728,1.00000000000000000,-0.000000000
4,6,4096,16777216,134217728,1,cycle,post,22,134217728,1.00000000000000000,-0.000000000
4,6,4096,16777216,134217728,1,cycle,post,23,134217728,1.00000000000000000,-0.000000000
4,6,4096,16777216,134217728,1,cycle,post,24,134217728,1.00000000000000000,-0.000000000
4,6,4096,16777216,134217728,1,cycle,post,25,134217728,1.00000000000000000,-0.000000000
4,6,4096,16777216,134217728,1,cycle,post,26,134217728,1.00000000000000000,-0.000000000
4,6,4096,16777216,134217728,1,cycle,post,27,134217728,1.00000000000000000,-0.000000000
4,6,4096,16777216,134217728,1,cycle,post,28,134217728,1.00000000000000000,-0.000000000
4,6,4096,16777216,134217728,1,cycle,post,29,134217728,1.00000000000000000,-0.000000000
4,6,4096,16777216,134217728,1,cycle,post,30,134217728,1.00000000000000000,-0.000000000
4,6,4096,16777216,134217728,1,cycle,post,31,134217728,1.00000000000000000,-0.000000000
4,6,4096,16777216,134217728,1,cycle,post,32,134217728,1.00000000000000000,-0.000000000
4,6,4096,16777216,134217728,1,cycle,post,33,134217728,1.00000000000000000,-0.000000000
4,6,4096,16777216,134217728,1,cycle,post,34,134217728,1.00000000000000000,-0.000000000
4,6,4096,16777216,134217728,1,cycle,post,35,134217728,1.00000000000000000,-0.000000000
4,6,4096,16777216,134217728,1,cycle,post,36,134217728,1.00000000000000000,-0.000000000
4,6,4096,16777216,134217728,1,cycle,post,37,134217728,1.00000000000000000,-0.000000000
4,6,4096,16777216,134217728,1,cycle,post,38,134217728,1.00000000000000000,-0.000000000
4,6,4096,16777216,134217728,1,cycle,post,39,134217728,1.00000000000000000,-0.000000000
4,6,4096,16777216,134217728,1,cycle,post,40,134217728,1.00000000000000000,-0.000000000
4,6,4096,16777216,134217728,1,cycle,post,41,134217728,1.00000000000000000,-0.000000000
4,6,4096,16777216,134217728,1,cycle,post,42,134217728,1.00000000000000000,-0.000000000
4,6,4096,16777216,134217728,1,cycle,post,43,134217728,1.00000000000000000,-0.000000000
4,6,4096,16777216,134217728,1,cycle,post,44,134217728,1.00000000000000000,-0.000000000
4,6,4096,16777216,134217728,1,cycle,post,45,134217728,1.00000000000000000,-0.000000000
4,6,4096,16777216,134217728,1,cycle,post,46,134217728,1.00000000000000000,-0.000000000
4,6,4096,16777216,134217728,1,cycle,post,47,134217728,1.00000000000000000,-0.000000000
4,6,4096,16777216,134217728,1,cycle,post,48,134217728,1.00000000000000000,-0.000000000
4,6,4096,16777216,134217728,1,cycle,post,49,134217728,1.00000000000000000,-0.000000000
4,6,4096,16777216,134217728,1,cycle,post,50,134217728,1.00000000000000000,-0.000000000
4,6,4096,16777216,134217728,1,cycle,post,51,134217728,1.00000000000000000,-0.000000000
4,6,4096,16777216,134217728,1,cycle,post,52,134217728,1.00000000000000000,-0.000000000
4,6,4096,16777216,134217728,1,cycle,post,53,134217728,1.00000000000000000,-0.000000000
4,6,4096,16777216,134217728,1,cycle,post,54,134217728,1.00000000000000000,-0.000000000
4,6,4096,16777216,134217728,1,cycle,post,55,134217728,1.00000000000000000,-0.000000000
4,6,4096,16777216,134217728,1,cycle,post,56,134217728,1.00000000000000000,-0.000000000
4,6,4096,16777216,134217728,1,cycle,post,57,134217728,1.00000000000000000,-0.000000000
4,6,4096,16777216,134217728,1,cycle,post,58,134217728,1.00000000000000000,-0.000000000
4,6,4096,16777216,134217728,1,cycle,post,59,134217728,1.00000000000000000,-0.000000000
4,6,4096,16777216,134217728,1,cycle,post,60,134217728,1.00000000000000000,-0.000000000
4,6,4096,16777216,134217728,1,cycle,post,61,134217728,1.00000000000000000,-0.000000000
4,6,4096,16777216,134217728,1,cycle,post,62,134217728,1.00000000000000000,-0.000000000
4,6,4096,16777216,134217728,1,cycle,post,63,134217728,1.00000000000000000,-0.000000000
4,6,4096,16777216,134217728,1,cycle,post,64,134217728,1.00000000000000000,-0.000000000
4,6,4096,16777216,134217728,1,cycle,post,65,134217728,1.00000000000000000,-0.000000000
4,6,4096,16777216,134217728,1,cycle,post,66,134217728,1.00000000000000000,-0.000000000
4,6,4096,16777216,134217728,1,cycle,post,67,134217728,1.00000000000000000,-0.000000000
4,6,4096,16777216,134217728,1,cycle,post,68,134217728,1.00000000000000000,-0.000000000
4,6,4096,16777216,134217728,1,cycle,post,69,134217728,1.00000000000000000,-0.000000000
4,6,4096,16777216,134217728,1,cycle,post,70,134217728,1.00000000000000000,-0.000000000
4,6,4096,16777216,134217728,1,cycle,post,71,134217728,1.00000000000000000,-0.000000000
4,6,4096,16777216,134217728,1,cycle,post,72,134217728,1.00000000000000000,-0.000000000
4,6,4096,16777216,134217728,1,cycle,post,73,134217728,1.00000000000000000,-0.000000000
4,6,4096,16777216,134217728,1,cycle,post,74,134217728,1.00000000000000000,-0.000000000
4,6,4096,16777216,134217728,1,cycle,post,75,134217728,1.00000000000000000,-0.000000000
4,6,4096,16777216,134217728,1,cycle,post,76,134217728,1.00000000000000000,-0.000000000
4,6,4096,16777216,134217728,1,cycle,post,77,134217728,1.00000000000000000,-0.000000000
4,6,4096,16777216,134217728,1,cycle,post,78,134217728,1.00000000000000000,-0.000000000
4,6,4096,16777216,134217728,1,cycle,post,79,134217728,1.00000000000000000,-0.000000000
4,6,4096,16777216,134217728,1,cycle,post,80,134217728,1.00000000000000000,-0.000000000
4,6,4096,16777216,134217728,1,cycle,post,81,134217728,1.00000000000000000,-0.000000000
4,6,4096,16777216,134217728,1,cycle,post,82,134217728,1.00000000000000000,-0.000000000
4,6,4096,16777216,134217728,1,cycle,post,83,134217728,1.00000000000000000,-0.000000000
4,6,4096,16777216,134217728,1,cycle,post,84,134217728,1.00000000000000000,-0.000000000
4,6,4096,16777216,134217728,1,cycle,post,85,134217728,1.00000000000000000,-0.000000000
4,6,4096,16777216,134217728,1,cycle,post,86,134217728,1.00000000000000000,-0.000000000
4,6,4096,16777216,134217728,1,cycle,post,87,134217728,1.00000000000000000,-0.000000000
4,6,4096,16777216,134217728,1,cycle,post,88,134217728,1.00000000000000000,-0.000000000
4,6,4096,16777216,134217728,1,cycle,post,89,134217728,1.00000000000000000,-0.000000000
4,6,4096,16777216,134217728,1,cycle,post,90,134217728,1.00000000000000000,-0.000000000
4,6,4096,16777216,134217728,1,cycle,post,91,134217728,1.00000000000000000,-0.000000000
4,6,4096,16777216,134217728,1,cycle,post,92,134217728,1.00000000000000000,-0.000000000
4,6,4096,16777216,134217728,1,cycle,post,93,134217728,1.00000000000000000,-0.000000000
4,6,4096,16777216,134217728,1,cycle,post,94,134217728,1.00000000000000000,-0.000000000
4,6,4096,16777216,134217728,1,cycle,post,95,134217728,1.00000000000000000,-0.000000000
4,6,4096,16777216,134217728,1,cycle,post,96,134217728,1.00000000000000000,-0.000000000
4,6,4096,16777216,134217728,1,cycle,post,97,134217728,1.00000000000000000,-0.000000000
4,6,4096,16777216,134217728,1,cycle,post,98,134217728,1.00000000000000000,-0.000000000
4,6,4096,16777216,134217728,1,cycle,post,99,134217728,1.00000000000000000,-0.000000000
4,6,4096,16777216,134217728,1,cycle,post,100,134217728,1.00000000000000000,-0.000000000
4,6,4096,16777216,134217728,1,cycle,post,101,134217728,1.00000000000000000,-0.000000000
4,6,4096,16777216,134217728,1,cycle,post,102,134217728,1.00000000000000000,-0.000000000
4,6,4096,16777216,134217728,1,cycle,post,103,134217728,1.00000000000000000,-0.000000000
4,6,4096,16777216,134217728,1,cycle,post,104,134217728,1.00000000000000000,-0.000000000
4,6,4096,16777216,134217728,1,cycle,post,105,134217728,1.00000000000000000,-0.000000000
4,6,4096,16777216,134217728,1,cycle,post,106,134217728,1.00000000000000000,-0.000000000
4,6,4096,16777216,134217728,1,cycle,post,107,134217728,1.00000000000000000,-0.000000000
4,6,4096,16777216,134217728,1,cycle,post,108,134217728,1.00000000000000000,-0.000000000
4,6,4096,16777216,134217728,1,cycle,post,109,134217728,1.00000000000000000,-0.000000000
4,6,4096,16777216,134217728,1,cycle,post,110,134217728,1.00000000000000000,-0.000000000
4,6,4096,16777216,134217728,1,cycle,post,111,134217728,1.00000000000000000,-0.000000000
4,6,4096,16777216,134217728,1,cycle,post,112,134217728,1.00000000000000000,-0.000000000
4,6,4096,16777216,134217728,1,cycle,post,113,134217728,1.00000000000000000,-0.000000000
4,6,4096,16777216,134217728,1,cycle,post,114,134217728,1.00000000000000000,-0.000000000
4,6,4096,16777216,134217728,1,cycle,post,115,134217728,1.00000000000000000,-0.000000000
4,6,4096,16777216,134217728,1,cycle,post,116,134217728,1.00000000000000000,-0.000000000
4,6,4096,16777216,134217728,1,cycle,post,117,134217728,1.00000000000000000,-0.000000000
4,6,4096,16777216,134217728,1,cycle,post,118,134217728,1.00000000000000000,-0.000000000
4,6,4096,16777216,134217728,1,cycle,post,119,134217728,1.00000000000000000,-0.000000000
4,6,4096,16777216,134217728,1,cycle,post,120,134217728,1.00000000000000000,-0.000000000
4,6,4096,16777216,134217728,1,cycle,post,121,134217728,1.00000000000000000,-0.000000000
4,6,4096,16777216,134217728,1,cycle,post,122,134217728,1.00000000000000000,-0.000000000
4,6,4096,16777216,134217728,1,cycle,post,123,134217728,1.00000000000000000,-0.000000000
4,6,4096,16777216,134217728,1,cycle,post,124,134217728,1.00000000000000000,-0.000000000
4,6,4096,16777216,134217728,1,cycle,post,125,134217728,1.00000000000000000,-0.000000000
4,6,4096,16777216,134217728,1,cycle,post,126,134217728,1.00000000000000000,-0.000000000
4,6,4096,16777216,134217728,1,cycle,post,127,134217728,1.00000000000000000,-0.000000000
4,6,4096,16777216,134217728,1,cycle,post,128,134217728,1.00000000000000000,-0.000000000
4,6,4096,16777216,134217728,1,cycle,post,129,134217728,1.00000000000000000,-0.000000000
4,6,4096,16777216,134217728,1,cycle,post,130,134217728,1.00000000000000000,-0.000000000
4,6,4096,16777216,134217728,1,cycle,post,131,134217728,1.00000000000000000,-0.000000000
4,6,4096,16777216,134217728,1,cycle,post,132,134217728,1.00000000000000000,-0.000000000
4,6,4096,16777216,134217728,1,cycle,post,133,134217728,1.00000000000000000,-0.000000000
4,6,4096,16777216,134217728,1,cycle,post,134,134217728,1.00000000000000000,-0.000000000
4,6,4096,16777216,134217728,1,cycle,post,135,134217728,1.00000000000000000,-0.000000000
4,6,4096,16777216,134217728,1,cycle,post,136,134217728,1.00000000000000000,-0.000000000
4,6,4096,16777216,134217728,1,cycle,post,137,134217728,1.00000000000000000,-0.000000000
4,6,4096,16777216,134217728,1,cycle,post,138,134217728,1.00000000000000000,-0.000000000
4,6,4096,16777216,134217728,1,cycle,post,139,134217728,1.00000000000000000,-0.000000000
4,6,4096,16777216,134217728,1,cycle,post,140,134217728,1.00000000000000000,-0.000000000
4,6,4096,16777216,134217728,1,cycle,post,141,134217728,1.00000000000000000,-0.000000000
4,6,4096,16777216,134217728,1,cycle,post,142,134217728,1.00000000000000000,-0.000000000
4,6,4096,16777216,134217728,1,cycle,post,143,134217728,1.00000000000000000,-0.000000000
4,6,4096,16777216,134217728,1,cycle,post,144,134217728,1.00000000000000000,-0.000000000
4,6,4096,16777216,134217728,1,cycle,post,145,134217728,1.00000000000000000,-0.000000000
4,6,4096,16777216,134217728,1,cycle,post,146,134217728,1.00000000000000000,-0.000000000
4,6,4096,16777216,134217728,1,cycle,post,147,134217728,1.00000000000000000,-0.000000000
4,6,4096,16777216,134217728,1,cycle,post,148,134217728,1.00000000000000000,-0.000000000
4,6,4096,16777216,134217728,1,cycle,post,149,134217728,1.00000000000000000,-0.000000000
4,6,4096,16777216,134217728,1,cycle,post,150,134217728,1.00000000000000000,-0.000000000
4,6,4096,16777216,134217728,1,cycle,post,151,134217728,1.00000000000000000,-0.000000000
4,6,4096,16777216,134217728,1,cycle,post,152,134217728,1.00000000000000000,-0.000000000
4,6,4096,16777216,134217728,1,cycle,post,153,134217728,1.00000000000000000,-0.000000000
4,6,4096,16777216,134217728,1,cycle,post,154,134217728,1.00000000000000000,-0.000000000
4,6,4096,16777216,134217728,1,cycle,post,155,134217728,1.00000000000000000,-0.000000000
4,6,4096,16777216,134217728,1,cycle,post,156,134217728,1.00000000000000000,-0.000000000
4,6,4096,16777216,134217728,1,cycle,post,157,134217728,1.00000000000000000,-0.000000000
4,6,4096,16777216,134217728,1,cycle,post,158,134217728,1.00000000000000000,-0.000000000
4,6,4096,16777216,134217728,1,cycle,post,159,134217728,1.00000000000000000,-0.000000000
4,6,4096,16777216,134217728,1,cycle,post,160,134217728,1.00000000000000000,-0.000000000
4,6,4096,16777216,134217728,1,cycle,post,161,134217728,1.00000000000000000,-0.000000000
4,6,4096,16777216,134217728,1,cycle,post,162,134217728,1.00000000000000000,-0.000000000
4,6,4096,16777216,134217728,1,cycle,post,163,134217728,1.00000000000000000,-0.000000000
4,6,4096,16777216,134217728,1,cycle,post,164,134217728,1.00000000000000000,-0.000000000
4,6,4096,16777216,134217728,1,cycle,post,165,134217728,1.00000000000000000,-0.000000000
4,6,4096,16777216,134217728,1,cycle,post,166,134217728,1.00000000000000000,-0.000000000
4,6,4096,16777216,134217728,1,cycle,post,167,134217728,1.00000000000000000,-0.000000000
4,6,4096,16777216,134217728,1,cycle,post,168,134217728,1.00000000000000000,-0.000000000
4,6,4096,16777216,134217728,1,cycle,post,169,134217728,1.00000000000000000,-0.000000000
4,6,4096,16777216,134217728,1,cycle,post,170,134217728,1.00000000000000000,-0.000000000
4,6,4096,16777216,134217728,1,cycle,post,171,134217728,1.00000000000000000,-0.000000000
4,6,4096,16777216,134217728,1,cycle,post,172,134217728,1.00000000000000000,-0.000000000
4,6,4096,16777216,134217728,1,cycle,post,173,134217728,1.00000000000000000,-0.000000000
4,6,4096,16777216,134217728,1,cycle,post,174,134217728,1.00000000000000000,-0.000000000
4,6,4096,16777216,134217728,1,cycle,post,175,134217728,1.00000000000000000,-0.000000000
4,6,4096,16777216,134217728,1,cycle,post,176,134217728,1.00000000000000000,-0.000000000
4,6,4096,16777216,134217728,1,cycle,post,177,134217728,1.00000000000000000,-0.000000000
4,6,4096,16777216,134217728,1,cycle,post,178,134217728,1.00000000000000000,-0.000000000
4,6,4096,16777216,134217728,1,cycle,post,179,134217728,1.00000000000000000,-0.000000000
4,6,4096,16777216,134217728,1,cycle,post,180,134217728,1.00000000000000000,-0.000000000
4,6,4096,16777216,134217728,1,cycle,post,181,134217728,1.00000000000000000,-0.000000000
4,6,4096,16777216,134217728,1,cycle,post,182,134217728,1.00000000000000000,-0.000000000
4,6,4096,16777216,134217728,1,cycle,post,183,134217728,1.00000000000000000,-0.000000000
4,6,4096,16777216,134217728,1,cycle,post,184,134217728,1.00000000000000000,-0.000000000
4,6,4096,16777216,134217728,1,cycle,post,185,134217728,1.00000000000000000,-0.000000000
4,6,4096,16777216,134217728,1,cycle,post,186,134217728,1.00000000000000000,-0.000000000
4,6,4096,16777216,134217728,1,cycle,post,187,134217728,1.00000000000000000,-0.000000000
4,6,4096,16777216,134217728,1,cycle,post,188,134217728,1.00000000000000000,-0.000000000
4,6,4096,16777216,134217728,1,cycle,post,189,134217728,1.00000000000000000,-0.000000000
4,6,4096,16777216,134217728,1,cycle,post,190,134217728,1.00000000000000000,-0.000000000
4,6,4096,16777216,134217728,1,cycle,post,191,134217728,1.00000000000000000,-0.000000000
4,6,4096,16777216,134217728,1,cycle,post,192,134217728,1.00000000000000000,-0.000000000
4,6,4096,16777216,134217728,1,cycle,post,193,134217728,1.00000000000000000,-0.000000000
4,6,4096,16777216,134217728,1,cycle,post,194,134217728,1.00000000000000000,-0.000000000
4,6,4096,16777216,134217728,1,cycle,post,195,134217728,1.00000000000000000,-0.000000000
4,6,4096,16777216,134217728,1,cycle,post,196,134217728,1.00000000000000000,-0.000000000
4,6,4096,16777216,134217728,1,cycle,post,197,134217728,1.00000000000000000,-0.000000000
4,6,4096,16777216,134217728,1,cycle,post,198,134217728,1.00000000000000000,-0.000000000
4,6,4096,16777216,134217728,1,cycle,post,199,134217728,1.00000000000000000,-0.000000000
4,6,4096,16777216,134217728,1,cycle,post,200,134217728,1.00000000000000000,-0.000000000
4,6,4096,16777216,134217728,1,cycle,post,201,134217728,1.00000000000000000,-0.000000000
4,6,4096,16777216,134217728,1,cycle,post,202,134217728,1.00000000000000000,-0.000000000
4,6,4096,16777216,134217728,1,cycle,post,203,134217728,1.00000000000000000,-0.000000000
4,6,4096,16777216,134217728,1,cycle,post,204,134217728,1.00000000000000000,-0.000000000
4,6,4096,16777216,134217728,1,cycle,post,205,134217728,1.00000000000000000,-0.000000000
4,6,4096,16777216,134217728,1,cycle,post,206,134217728,1.00000000000000000,-0.000000000
4,6,4096,16777216,134217728,1,cycle,post,207,134217728,1.00000000000000000,-0.000000000
4,6,4096,16777216,134217728,1,cycle,post,208,134217728,1.00000000000000000,-0.000000000
4,6,4096,16777216,134217728,1,cycle,post,209,134217728,1.00000000000000000,-0.000000000
4,6,4096,16777216,134217728,1,cycle,post,210,134217728,1.00000000000000000,-0.000000000
4,6,4096,16777216,134217728,1,cycle,post,211,134217728,1.00000000000000000,-0.000000000
4,6,4096,16777216,134217728,1,cycle,post,212,134217728,1.00000000000000000,-0.000000000
4,6,4096,16777216,134217728,1,cycle,post,213,134217728,1.00000000000000000,-0.000000000
4,6,4096,16777216,134217728,1,cycle,post,214,134217728,1.00000000000000000,-0.000000000
4,6,4096,16777216,134217728,1,cycle,post,215,134217728,1.00000000000000000,-0.000000000
4,6,4096,16777216,134217728,1,cycle,post,216,134217728,1.00000000000000000,-0.000000000
4,6,4096,16777216,134217728,1,cycle,post,217,134217728,1.00000000000000000,-0.000000000
4,6,4096,16777216,134217728,1,cycle,post,218,134217728,1.00000000000000000,-0.000000000
4,6,4096,16777216,134217728,1,cycle,post,219,134217728,1.00000000000000000,-0.000000000
4,6,4096,16777216,134217728,1,cycle,post,220,134217728,1.00000000000000000,-0.000000000
4,6,4096,16777216,134217728,1,cycle,post,221,134217728,1.00000000000000000,-0.000000000
4,6,4096,16777216,134217728,1,cycle,post,222,134217728,1.00000000000000000,-0.000000000
4,6,4096,16777216,134217728,1,cycle,post,223,134217728,1.00000000000000000,-0.000000000
4,6,4096,16777216,134217728,1,cycle,post,224,134217728,1.00000000000000000,-0.000000000
4,6,4096,16777216,134217728,1,cycle,post,225,134217728,1.00000000000000000,-0.000000000
4,6,4096,16777216,134217728,1,cycle,post,226,134217728,1.00000000000000000,-0.000000000
4,6,4096,16777216,134217728,1,cycle,post,227,134217728,1.00000000000000000,-0.000000000
4,6,4096,16777216,134217728,1,cycle,post,228,134217728,1.00000000000000000,-0.000000000
4,6,4096,16777216,134217728,1,cycle,post,229,134217728,1.00000000000000000,-0.000000000
4,6,4096,16777216,134217728,1,cycle,post,230,134217728,1.00000000000000000,-0.000000000
4,6,4096,16777216,134217728,1,cycle,post,231,134217728,1.00000000000000000,-0.000000000
4,6,4096,16777216,134217728,1,cycle,post,232,134217728,1.00000000000000000,-0.000000000
4,6,4096,16777216,134217728,1,cycle,post,233,134217728,1.00000000000000000,-0.000000000
4,6,4096,16777216,134217728,1,cycle,post,234,134217728,1.00000000000000000,-0.000000000
4,6,4096,16777216,134217728,1,cycle,post,235,134217728,1.00000000000000000,-0.000000000
4,6,4096,16777216,134217728,1,cycle,post,236,134217728,1.00000000000000000,-0.000000000
4,6,4096,16777216,134217728,1,cycle,post,237,134217728,1.00000000000000000,-0.000000000
4,6,4096,16777216,134217728,1,cycle,post,238,134217728,1.00000000000000000,-0.000000000
4,6,4096,16777216,134217728,1,cycle,post,239,134217728,1.00000000000000000,-0.000000000
4,6,4096,16777216,134217728,1,cycle,post,240,134217728,1.00000000000000000,-0.000000000
4,6,4096,16777216,134217728,1,cycle,post,241,134217728,1.00000000000000000,-0.000000000
4,6,4096,16777216,134217728,1,cycle,post,242,134217728,1.00000000000000000,-0.000000000
4,6,4096,16777216,134217728,1,cycle,post,243,134217728,1.00000000000000000,-0.000000000
4,6,4096,16777216,134217728,1,cycle,post,244,134217728,1.00000000000000000,-0.000000000
4,6,4096,16777216,134217728,1,cycle,post,245,134217728,1.00000000000000000,-0.000000000
4,6,4096,16777216,134217728,1,cycle,post,246,134217728,1.00000000000000000,-0.000000000
4,6,4096,16777216,134217728,1,cycle,post,247,134217728,1.00000000000000000,-0.000000000
4,6,4096,16777216,134217728,1,cycle,post,248,134217728,1.00000000000000000,-0.000000000
4,6,4096,16777216,134217728,1,cycle,post,249,134217728,1.00000000000000000,-0.000000000
4,6,4096,16777216,134217728,1,cycle,post,250,134217728,1.00000000000000000,-0.000000000
4,6,4096,16777216,134217728,1,cycle,post,251,134217728,1.00000000000000000,-0.000000000
4,6,4096,16777216,134217728,1,cycle,post,252,134217728,1.00000000000000000,-0.000000000
4,6,4096,16777216,134217728,1,cycle,post,253,134217728,1.00000000000000000,-0.000000000
4,6,4096,16777216,134217728,1,cycle,post,254,134217728,1.00000000000000000,-0.000000000
4,6,4096,16777216,134217728,1,cycle,post,255,134217728,1.00000000000000000,-0.000000000
4,6,4096,16777216,134217728,1,cycle,post,256,134217728,1.00000000000000000,-0.000000000
4,6,4096,16777216,134217728,1,cycle,post,257,134217728,1.00000000000000000,-0.000000000
4,6,4096,16777216,134217728,1,cycle,post,258,134217728,1.00000000000000000,-0.000000000
4,6,4096,16777216,134217728,1,cycle,post,259,134217728,1.00000000000000000,-0.000000000
4,6,4096,16777216,134217728,1,cycle,post,260,134217728,1.00000000000000000,-0.000000000
4,6,4096,16777216,134217728,1,cycle,post,261,134217728,1.00000000000000000,-0.000000000
4,6,4096,16777216,134217728,1,cycle,post,262,134217728,1.00000000000000000,-0.000000000
4,6,4096,16777216,134217728,1,cycle,post,263,134217728,1.00000000000000000,-0.000000000
4,6,4096,16777216,134217728,1,cycle,post,264,134217728,1.00000000000000000,-0.000000000
4,6,4096,16777216,134217728,1,cycle,post,265,134217728,1.00000000000000000,-0.000000000
4,6,4096,16777216,134217728,1,cycle,post,266,134217728,1.00000000000000000,-0.000000000
4,6,4096,16777216,134217728,1,cycle,post,267,134217728,1.00000000000000000,-0.000000000
4,6,4096,16777216,134217728,1,cycle,post,268,134217728,1.00000000000000000,-0.000000000
4,6,4096,16777216,134217728,1,cycle,post,269,134217728,1.00000000000000000,-0.000000000
4,6,4096,16777216,134217728,1,cycle,post,270,134217728,1.00000000000000000,-0.000000000
4,6,4096,16777216,134217728,1,cycle,post,271,134217728,1.00000000000000000,-0.000000000
4,6,4096,16777216,134217728,1,cycle,post,272,134217728,1.00000000000000000,-0.000000000
4,6,4096,16777216,134217728,1,cycle,post,273,134217728,1.00000000000000000,-0.000000000
4,6,4096,16777216,134217728,1,cycle,post,274,134217728,1.00000000000000000,-0.000000000
4,6,4096,16777216,134217728,1,cycle,post,275,134217728,1.00000000000000000,-0.000000000
4,6,4096,16777216,134217728,1,cycle,post,276,134217728,1.00000000000000000,-0.000000000
4,6,4096,16777216,134217728,1,cycle,post,277,134217728,1.00000000000000000,-0.000000000
4,6,4096,16777216,134217728,1,cycle,post,278,134217728,1.00000000000000000,-0.000000000
4,6,4096,16777216,134217728,1,cycle,post,279,134217728,1.00000000000000000,-0.000000000
4,6,4096,16777216,134217728,1,cycle,post,280,134217728,1.00000000000000000,-0.000000000
4,6,4096,16777216,134217728,1,cycle,post,281,134217728,1.00000000000000000,-0.000000000
4,6,4096,16777216,134217728,1,cycle,post,282,134217728,1.00000000000000000,-0.000000000
4,6,4096,16777216,134217728,1,cycle,post,283,134217728,1.00000000000000000,-0.000000000
4,6,4096,16777216,134217728,1,cycle,post,284,134217728,1.00000000000000000,-0.000000000
4,6,4096,16777216,134217728,1,cycle,post,285,134217728,1.00000000000000000,-0.000000000
4,6,4096,16777216,134217728,1,cycle,post,286,134217728,1.00000000000000000,-0.000000000
4,6,4096,16777216,134217728,1,cycle,post,287,134217728,1.00000000000000000,-0.000000000
4,6,4096,16777216,134217728,1,cycle,post,288,134217728,1.00000000000000000,-0.000000000
4,6,4096,16777216,134217728,1,cycle,post,289,134217728,1.00000000000000000,-0.000000000
4,6,4096,16777216,134217728,1,cycle,post,290,134217728,1.00000000000000000,-0.000000000
4,6,4096,16777216,134217728,1,cycle,post,291,134217728,1.00000000000000000,-0.000000000
4,6,4096,16777216,134217728,1,cycle,post,292,134217728,1.00000000000000000,-0.000000000
4,6,4096,16777216,134217728,1,cycle,post,293,134217728,1.00000000000000000,-0.000000000
4,6,4096,16777216,134217728,1,cycle,post,294,134217728,1.00000000000000000,-0.000000000
4,6,4096,16777216,134217728,1,cycle,post,295,134217728,1.00000000000000000,-0.000000000
4,6,4096,16777216,134217728,1,cycle,post,296,134217728,1.00000000000000000,-0.000000000
4,6,4096,16777216,134217728,1,cycle,post,297,134217728,1.00000000000000000,-0.000000000
4,6,4096,16777216,134217728,1,cycle,post,298,134217728,1.00000000000000000,-0.000000000
4,6,4096,16777216,134217728,1,cycle,post,299,134217728,1.00000000000000000,-0.000000000
4,6,4096,16777216,134217728,1,cycle,post,300,134217728,1.00000000000000000,-0.000000000
4,6,4096,16777216,134217728,1,cycle,post,301,134217728,1.00000000000000000,-0.000000000
4,6,4096,16777216,134217728,1,cycle,post,302,134217728,1.00000000000000000,-0.000000000
4,6,4096,16777216,134217728,1,cycle,post,303,134217728,1.00000000000000000,-0.000000000
4,6,4096,16777216,134217728,1,cycle,post,304,134217728,1.00000000000000000,-0.000000000
4,6,4096,16777216,134217728,1,cycle,post,305,134217728,1.00000000000000000,-0.000000000
4,6,4096,16777216,134217728,1,cycle,post,306,134217728,1.00000000000000000,-0.000000000
4,6,4096,16777216,134217728,1,cycle,post,307,134217728,1.00000000000000000,-0.000000000
4,6,4096,16777216,134217728,1,cycle,post,308,134217728,1.00000000000000000,-0.000000000
4,6,4096,16777216,134217728,1,cycle,post,309,134217728,1.00000000000000000,-0.000000000
4,6,4096,16777216,134217728,1,cycle,post,310,134217728,1.00000000000000000,-0.000000000
4,6,4096,16777216,134217728,1,cycle,post,311,134217728,1.00000000000000000,-0.000000000
4,6,4096,16777216,134217728,1,cycle,post,312,134217728,1.00000000000000000,-0.000000000
4,6,4096,16777216,134217728,1,cycle,post,313,134217728,1.00000000000000000,-0.000000000
4,6,4096,16777216,134217728,1,cycle,post,314,134217728,1.00000000000000000,-0.000000000
4,6,4096,16777216,134217728,1,cycle,post,315,134217728,1.00000000000000000,-0.000000000
4,6,4096,16777216,134217728,1,cycle,post,316,134217728,1.00000000000000000,-0.000000000
4,6,4096,16777216,134217728,1,cycle,post,317,134217728,1.00000000000000000,-0.000000000
4,6,4096,16777216,134217728,1,cycle,post,318,134217728,1.00000000000000000,-0.000000000
4,6,4096,16777216,134217728,1,cycle,post,319,134217728,1.00000000000000000,-0.000000000
4,6,4096,16777216,134217728,1,cycle,post,320,134217728,1.00000000000000000,-0.000000000
4,6,4096,16777216,134217728,1,cycle,post,321,134217728,1.00000000000000000,-0.000000000
4,6,4096,16777216,134217728,1,cycle,post,322,134217728,1.00000000000000000,-0.000000000
4,6,4096,16777216,134217728,1,cycle,post,323,134217728,1.00000000000000000,-0.000000000
4,6,4096,16777216,134217728,1,cycle,post,324,134217728,1.00000000000000000,-0.000000000
4,6,4096,16777216,134217728,1,cycle,post,325,134217728,1.00000000000000000,-0.000000000
4,6,4096,16777216,134217728,1,cycle,post,326,134217728,1.00000000000000000,-0.000000000
4,6,4096,16777216,134217728,1,cycle,post,327,134217728,1.00000000000000000,-0.000000000
4,6,4096,16777216,134217728,1,cycle,post,328,134217728,1.00000000000000000,-0.000000000
4,6,4096,16777216,134217728,1,cycle,post,329,134217728,1.00000000000000000,-0.000000000
4,6,4096,16777216,134217728,1,cycle,post,330,134217728,1.00000000000000000,-0.000000000
4,6,4096,16777216,134217728,1,cycle,post,331,134217728,1.00000000000000000,-0.000000000
4,6,4096,16777216,134217728,1,cycle,post,332,134217728,1.00000000000000000,-0.000000000
4,6,4096,16777216,134217728,1,cycle,post,333,134217728,1.00000000000000000,-0.000000000
4,6,4096,16777216,134217728,1,cycle,post,334,134217728,1.00000000000000000,-0.000000000
4,6,4096,16777216,134217728,1,cycle,post,335,134217728,1.00000000000000000,-0.000000000
4,6,4096,16777216,134217728,1,cycle,post,336,134217728,1.00000000000000000,-0.000000000
4,6,4096,16777216,134217728,1,cycle,post,337,134217728,1.00000000000000000,-0.000000000
4,6,4096,16777216,134217728,1,cycle,post,338,134217728,1.00000000000000000,-0.000000000
4,6,4096,16777216,134217728,1,cycle,post,339,134217728,1.00000000000000000,-0.000000000
4,6,4096,16777216,134217728,1,cycle,post,340,134217728,1.00000000000000000,-0.000000000
4,6,4096,16777216,134217728,1,cycle,post,341,134217728,1.00000000000000000,-0.000000000
4,6,4096,16777216,134217728,1,cycle,post,342,134217728,1.00000000000000000,-0.000000000
4,6,4096,16777216,134217728,1,cycle,post,343,134217728,1.00000000000000000,-0.000000000
4,6,4096,16777216,134217728,1,cycle,post,344,134217728,1.00000000000000000,-0.000000000
4,6,4096,16777216,134217728,1,cycle,post,345,134217728,1.00000000000000000,-0.000000000
4,6,4096,16777216,134217728,1,cycle,post,346,134217728,1.00000000000000000,-0.000000000
4,6,4096,16777216,134217728,1,cycle,post,347,134217728,1.00000000000000000,-0.000000000
4,6,4096,16777216,134217728,1,cycle,post,348,134217728,1.00000000000000000,-0.000000000
4,6,4096,16777216,134217728,1,cycle,post,349,134217728,1.00000000000000000,-0.000000000
4,6,4096,16777216,134217728,1,cycle,post,350,134217728,1.00000000000000000,-0.000000000
4,6,4096,16777216,134217728,1,cycle,post,351,134217728,1.00000000000000000,-0.000000000
4,6,4096,16777216,134217728,1,cycle,post,352,134217728,1.00000000000000000,-0.000000000
4,6,4096,16777216,134217728,1,cycle,post,353,134217728,1.00000000000000000,-0.000000000
4,6,4096,16777216,134217728,1,cycle,post,354,134217728,1.00000000000000000,-0.000000000
4,6,4096,16777216,134217728,1,cycle,post,355,134217728,1.00000000000000000,-0.000000000
4,6,4096,16777216,134217728,1,cycle,post,356,134217728,1.00000000000000000,-0.000000000
4,6,4096,16777216,134217728,1,cycle,post,357,134217728,1.00000000000000000,-0.000000000
4,6,4096,16777216,134217728,1,cycle,post,358,134217728,1.00000000000000000,-0.000000000
4,6,4096,16777216,134217728,1,cycle,post,359,134217728,1.00000000000000000,-0.000000000
4,6,4096,16777216,134217728,1,cycle,post,360,134217728,1.00000000000000000,-0.000000000
4,6,4096,16777216,134217728,1,cycle,post,361,134217728,1.00000000000000000,-0.000000000
4,6,4096,16777216,134217728,1,cycle,post,362,134217728,1.00000000000000000,-0.000000000
4,6,4096,16777216,134217728,1,cycle,post,363,134217728,1.00000000000000000,-0.000000000
4,6,4096,16777216,134217728,1,cycle,post,364,134217728,1.00000000000000000,-0.000000000
4,6,4096,16777216,134217728,1,cycle,post,365,134217728,1.00000000000000000,-0.000000000
4,6,4096,16777216,134217728,1,cycle,post,366,134217728,1.00000000000000000,-0.000000000
4,6,4096,16777216,134217728,1,cycle,post,367,134217728,1.00000000000000000,-0.000000000
4,6,4096,16777216,134217728,1,cycle,post,368,134217728,1.00000000000000000,-0.000000000
4,6,4096,16777216,134217728,1,cycle,post,369,134217728,1.00000000000000000,-0.000000000
4,6,4096,16777216,134217728,1,cycle,post,370,134217728,1.00000000000000000,-0.000000000
4,6,4096,16777216,134217728,1,cycle,post,371,134217728,1.00000000000000000,-0.000000000
4,6,4096,16777216,134217728,1,cycle,post,372,134217728,1.00000000000000000,-0.000000000
4,6,4096,16777216,134217728,1,cycle,post,373,134217728,1.00000000000000000,-0.000000000
4,6,4096,16777216,134217728,1,cycle,post,374,134217728,1.00000000000000000,-0.000000000
4,6,4096,16777216,134217728,1,cycle,post,375,134217728,1.00000000000000000,-0.000000000
4,6,4096,16777216,134217728,1,cycle,post,376,134217728,1.00000000000000000,-0.000000000
4,6,4096,16777216,134217728,1,cycle,post,377,134217728,1.00000000000000000,-0.000000000
4,6,4096,16777216,134217728,1,cycle,post,378,134217728,1.00000000000000000,-0.000000000
4,6,4096,16777216,134217728,1,cycle,post,379,134217728,1.00000000000000000,-0.000000000
4,6,4096,16777216,134217728,1,cycle,post,380,134217728,1.00000000000000000,-0.000000000
4,6,4096,16777216,134217728,1,cycle,post,381,134217728,1.00000000000000000,-0.000000000
4,6,4096,16777216,134217728,1,cycle,post,382,134217728,1.00000000000000000,-0.000000000
4,6,4096,16777216,134217728,1,cycle,post,383,134217728,1.00000000000000000,-0.000000000
4,6,4096,16777216,134217728,1,cycle,post,384,134217728,1.00000000000000000,-0.000000000
4,6,4096,16777216,134217728,1,cycle,post,385,134217728,1.00000000000000000,-0.000000000
4,6,4096,16777216,134217728,1,cycle,post,386,134217728,1.00000000000000000,-0.000000000
4,6,4096,16777216,134217728,1,cycle,post,387,134217728,1.00000000000000000,-0.000000000
4,6,4096,16777216,134217728,1,cycle,post,388,134217728,1.00000000000000000,-0.000000000
4,6,4096,16777216,134217728,1,cycle,post,389,134217728,1.00000000000000000,-0.000000000
4,6,4096,16777216,134217728,1,cycle,post,390,134217728,1.00000000000000000,-0.000000000
4,6,4096,16777216,134217728,1,cycle,post,391,134217728,1.00000000000000000,-0.000000000
4,6,4096,16777216,134217728,1,cycle,post,392,134217728,1.00000000000000000,-0.000000000
4,6,4096,16777216,134217728,1,cycle,post,393,134217728,1.00000000000000000,-0.000000000
4,6,4096,16777216,134217728,1,cycle,post,394,134217728,1.00000000000000000,-0.000000000
4,6,4096,16777216,134217728,1,cycle,post,395,134217728,1.00000000000000000,-0.000000000
4,6,4096,16777216,134217728,1,cycle,post,396,134217728,1.00000000000000000,-0.000000000
4,6,4096,16777216,134217728,1,cycle,post,397,134217728,1.00000000000000000,-0.000000000
4,6,4096,16777216,134217728,1,cycle,post,398,134217728,1.00000000000000000,-0.000000000
4,6,4096,16777216,134217728,1,cycle,post,399,134217728,1.00000000000000000,-0.000000000
4,6,4096,16777216,134217728,1,cycle,post,400,134217728,1.00000000000000000,-0.000000000
4,6,4096,16777216,134217728,1,cycle,post,401,134217728,1.00000000000000000,-0.000000000
4,6,4096,16777216,134217728,1,cycle,post,402,134217728,1.00000000000000000,-0.000000000
4,6,4096,16777216,134217728,1,cycle,post,403,134217728,1.00000000000000000,-0.000000000
4,6,4096,16777216,134217728,1,cycle,post,404,134217728,1.00000000000000000,-0.000000000
4,6,4096,16777216,134217728,1,cycle,post,405,134217728,1.00000000000000000,-0.000000000
4,6,4096,16777216,134217728,1,cycle,post,406,134217728,1.00000000000000000,-0.000000000
4,6,4096,16777216,134217728,1,cycle,post,407,134217728,1.00000000000000000,-0.000000000
4,6,4096,16777216,134217728,1,cycle,post,408,134217728,1.00000000000000000,-0.000000000
4,6,4096,16777216,134217728,1,cycle,post,409,134217728,1.00000000000000000,-0.000000000
4,6,4096,16777216,134217728,1,cycle,post,410,134217728,1.00000000000000000,-0.000000000
4,6,4096,16777216,134217728,1,cycle,post,411,134217728,1.00000000000000000,-0.000000000
4,6,4096,16777216,134217728,1,cycle,post,412,134217728,1.00000000000000000,-0.000000000
4,6,4096,16777216,134217728,1,cycle,post,413,134217728,1.00000000000000000,-0.000000000
4,6,4096,16777216,134217728,1,cycle,post,414,134217728,1.00000000000000000,-0.000000000
4,6,4096,16777216,134217728,1,cycle,post,415,134217728,1.00000000000000000,-0.000000000
4,6,4096,16777216,134217728,1,cycle,post,416,134217728,1.00000000000000000,-0.000000000
4,6,4096,16777216,134217728,1,cycle,post,417,134217728,1.00000000000000000,-0.000000000
4,6,4096,16777216,134217728,1,cycle,post,418,134217728,1.00000000000000000,-0.000000000
4,6,4096,16777216,134217728,1,cycle,post,419,134217728,1.00000000000000000,-0.000000000
4,6,4096,16777216,134217728,1,cycle,post,420,134217728,1.00000000000000000,-0.000000000
4,6,4096,16777216,134217728,1,cycle,post,421,134217728,1.00000000000000000,-0.000000000
4,6,4096,16777216,134217728,1,cycle,post,422,134217728,1.00000000000000000,-0.000000000
4,6,4096,16777216,134217728,1,cycle,post,423,134217728,1.00000000000000000,-0.000000000
4,6,4096,16777216,134217728,1,cycle,post,424,134217728,1.00000000000000000,-0.000000000
4,6,4096,16777216,134217728,1,cycle,post,425,134217728,1.00000000000000000,-0.000000000
4,6,4096,16777216,134217728,1,cycle,post,426,134217728,1.00000000000000000,-0.000000000
4,6,4096,16777216,134217728,1,cycle,post,427,134217728,1.00000000000000000,-0.000000000
4,6,4096,16777216,134217728,1,cycle,post,428,134217728,1.00000000000000000,-0.000000000
4,6,4096,16777216,134217728,1,cycle,post,429,134217728,1.00000000000000000,-0.000000000
4,6,4096,16777216,134217728,1,cycle,post,430,134217728,1.00000000000000000,-0.000000000
4,6,4096,16777216,134217728,1,cycle,post,431,134217728,1.00000000000000000,-0.000000000
4,6,4096,16777216,134217728,1,cycle,post,432,134217728,1.00000000000000000,-0.000000000
4,6,4096,16777216,134217728,1,cycle,post,433,134217728,1.00000000000000000,-0.000000000
4,6,4096,16777216,134217728,1,cycle,post,434,134217728,1.00000000000000000,-0.000000000
4,6,4096,16777216,134217728,1,cycle,post,435,134217728,1.00000000000000000,-0.000000000
4,6,4096,16777216,134217728,1,cycle,post,436,134217728,1.00000000000000000,-0.000000000
4,6,4096,16777216,134217728,1,cycle,post,437,134217728,1.00000000000000000,-0.000000000
4,6,4096,16777216,134217728,1,cycle,post,438,134217728,1.00000000000000000,-0.000000000
4,6,4096,16777216,134217728,1,cycle,post,439,134217728,1.00000000000000000,-0.000000000
4,6,4096,16777216,134217728,1,cycle,post,440,134217728,1.00000000000000000,-0.000000000
4,6,4096,16777216,134217728,1,cycle,post,441,134217728,1.00000000000000000,-0.000000000
4,6,4096,16777216,134217728,1,cycle,post,442,134217728,1.00000000000000000,-0.000000000
4,6,4096,16777216,134217728,1,cycle,post,443,134217728,1.00000000000000000,-0.000000000
4,6,4096,16777216,134217728,1,cycle,post,444,134217728,1.00000000000000000,-0.000000000
4,6,4096,16777216,134217728,1,cycle,post,445,134217728,1.00000000000000000,-0.000000000
4,6,4096,16777216,134217728,1,cycle,post,446,134217728,1.00000000000000000,-0.000000000
4,6,4096,16777216,134217728,1,cycle,post,447,134217728,1.00000000000000000,-0.000000000
4,6,4096,16777216,134217728,1,cycle,post,448,134217728,1.00000000000000000,-0.000000000
4,6,4096,16777216,134217728,1,cycle,post,449,134217728,1.00000000000000000,-0.000000000
4,6,4096,16777216,134217728,1,cycle,post,450,134217728,1.00000000000000000,-0.000000000
4,6,4096,16777216,134217728,1,cycle,post,451,134217728,1.00000000000000000,-0.000000000
4,6,4096,16777216,134217728,1,cycle,post,452,134217728,1.00000000000000000,-0.000000000
4,6,4096,16777216,134217728,1,cycle,post,453,134217728,1.00000000000000000,-0.000000000
4,6,4096,16777216,134217728,1,cycle,post,454,134217728,1.00000000000000000,-0.000000000
4,6,4096,16777216,134217728,1,cycle,post,455,134217728,1.00000000000000000,-0.000000000
4,6,4096,16777216,134217728,1,cycle,post,456,134217728,1.00000000000000000,-0.000000000
4,6,4096,16777216,134217728,1,cycle,post,457,134217728,1.00000000000000000,-0.000000000
4,6,4096,16777216,134217728,1,cycle,post,458,134217728,1.00000000000000000,-0.000000000
4,6,4096,16777216,134217728,1,cycle,post,459,134217728,1.00000000000000000,-0.000000000
4,6,4096,16777216,134217728,1,cycle,post,460,134217728,1.00000000000000000,-0.000000000
4,6,4096,16777216,134217728,1,cycle,post,461,134217728,1.00000000000000000,-0.000000000
4,6,4096,16777216,134217728,1,cycle,post,462,134217728,1.00000000000000000,-0.000000000
4,6,4096,16777216,134217728,1,cycle,post,463,134217728,1.00000000000000000,-0.000000000
4,6,4096,16777216,134217728,1,cycle,post,464,134217728,1.00000000000000000,-0.000000000
4,6,4096,16777216,134217728,1,cycle,post,465,134217728,1.00000000000000000,-0.000000000
4,6,4096,16777216,134217728,1,cycle,post,466,134217728,1.00000000000000000,-0.000000000
4,6,4096,16777216,134217728,1,cycle,post,467,134217728,1.00000000000000000,-0.000000000
4,6,4096,16777216,134217728,1,cycle,post,468,134217728,1.00000000000000000,-0.000000000
4,6,4096,16777216,134217728,1,cycle,post,469,134217728,1.00000000000000000,-0.000000000
4,6,4096,16777216,134217728,1,cycle,post,470,134217728,1.00000000000000000,-0.000000000
4,6,4096,16777216,134217728,1,cycle,post,471,134217728,1.00000000000000000,-0.000000000
4,6,4096,16777216,134217728,1,cycle,post,472,134217728,1.00000000000000000,-0.000000000
4,6,4096,16777216,134217728,1,cycle,post,473,134217728,1.00000000000000000,-0.000000000
4,6,4096,16777216,134217728,1,cycle,post,474,134217728,1.00000000000000000,-0.000000000
4,6,4096,16777216,134217728,1,cycle,post,475,134217728,1.00000000000000000,-0.000000000
4,6,4096,16777216,134217728,1,cycle,post,476,134217728,1.00000000000000000,-0.000000000
4,6,4096,16777216,134217728,1,cycle,post,477,134217728,1.00000000000000000,-0.000000000
4,6,4096,16777216,134217728,1,cycle,post,478,134217728,1.00000000000000000,-0.000000000
4,6,4096,16777216,134217728,1,cycle,post,479,134217728,1.00000000000000000,-0.000000000
4,6,4096,16777216,134217728,1,cycle,post,480,134217728,1.00000000000000000,-0.000000000
4,6,4096,16777216,134217728,1,cycle,post,481,134217728,1.00000000000000000,-0.000000000
4,6,4096,16777216,134217728,1,cycle,post,482,134217728,1.00000000000000000,-0.000000000
4,6,4096,16777216,134217728,1,cycle,post,483,134217728,1.00000000000000000,-0.000000000
4,6,4096,16777216,134217728,1,cycle,post,484,134217728,1.00000000000000000,-0.000000000
4,6,4096,16777216,134217728,1,cycle,post,485,134217728,1.00000000000000000,-0.000000000
4,6,4096,16777216,134217728,1,cycle,post,486,134217728,1.00000000000000000,-0.000000000
4,6,4096,16777216,134217728,1,cycle,post,487,134217728,1.00000000000000000,-0.000000000
4,6,4096,16777216,134217728,1,cycle,post,488,134217728,1.00000000000000000,-0.000000000
4,6,4096,16777216,134217728,1,cycle,post,489,134217728,1.00000000000000000,-0.000000000
4,6,4096,16777216,134217728,1,cycle,post,490,134217728,1.00000000000000000,-0.000000000
4,6,4096,16777216,134217728,1,cycle,post,491,134217728,1.00000000000000000,-0.000000000
4,6,4096,16777216,134217728,1,cycle,post,492,134217728,1.00000000000000000,-0.000000000
4,6,4096,16777216,134217728,1,cycle,post,493,134217728,1.00000000000000000,-0.000000000
4,6,4096,16777216,134217728,1,cycle,post,494,134217728,1.00000000000000000,-0.000000000
4,6,4096,16777216,134217728,1,cycle,post,495,134217728,1.00000000000000000,-0.000000000
4,6,4096,16777216,134217728,1,cycle,post,496,134217728,1.00000000000000000,-0.000000000
4,6,4096,16777216,134217728,1,cycle,post,497,134217728,1.00000000000000000,-0.000000000
4,6,4096,16777216,134217728,1,cycle,post,498,134217728,1.00000000000000000,-0.000000000
4,6,4096,16777216,134217728,1,cycle,post,499,134217728,1.00000000000000000,-0.000000000
4,6,4096,16777216,134217728,1,cycle,post,500,134217728,1.00000000000000000,-0.000000000
4,6,4096,16777216,134217728,1,cycle,post,501,134217728,1.00000000000000000,-0.000000000
4,6,4096,16777216,134217728,1,cycle,post,502,134217728,1.00000000000000000,-0.000000000
4,6,4096,16777216,134217728,1,cycle,post,503,134217728,1.00000000000000000,-0.000000000
4,6,4096,16777216,134217728,1,cycle,post,504,134217728,1.00000000000000000,-0.000000000
4,6,4096,16777216,134217728,1,cycle,post,505,134217728,1.00000000000000000,-0.000000000
4,6,4096,16777216,134217728,1,cycle,post,506,134217728,1.00000000000000000,-0.000000000
4,6,4096,16777216,134217728,1,cycle,post,507,134217728,1.00000000000000000,-0.000000000
4,6,4096,16777216,134217728,1,cycle,post,508,134217728,1.00000000000000000,-0.000000000
4,6,4096,16777216,134217728,1,cycle,post,509,134217728,1.00000000000000000,-0.000000000
4,6,4096,16777216,134217728,1,cycle,post,510,134217728,1.00000000000000000,-0.000000000
4,6,4096,16777216,134217728,1,cycle,post,511,134217728,1.00000000000000000,-0.000000000
4,6,4096,16777216,134217728,1,cycle,post,512,134217728,1.00000000000000000,-0.000000000
4,6,4096,16777216,134217728,1,cycle,post,513,134217728,1.00000000000000000,-0.000000000
4,6,4096,16777216,134217728,1,cycle,post,514,134217728,1.00000000000000000,-0.000000000
4,6,4096,16777216,134217728,1,cycle,post,515,134217728,1.00000000000000000,-0.000000000
4,6,4096,16777216,134217728,1,cycle,post,516,134217728,1.00000000000000000,-0.000000000
4,6,4096,16777216,134217728,1,cycle,post,517,134217728,1.00000000000000000,-0.000000000
4,6,4096,16777216,134217728,1,cycle,post,518,134217728,1.00000000000000000,-0.000000000
4,6,4096,16777216,134217728,1,cycle,post,519,134217728,1.00000000000000000,-0.000000000
4,6,4096,16777216,134217728,1,cycle,post,520,134217728,1.00000000000000000,-0.000000000
4,6,4096,16777216,134217728,1,cycle,post,521,134217728,1.00000000000000000,-0.000000000
4,6,4096,16777216,134217728,1,cycle,post,522,134217728,1.00000000000000000,-0.000000000
4,6,4096,16777216,134217728,1,cycle,post,523,134217728,1.00000000000000000,-0.000000000
4,6,4096,16777216,134217728,1,cycle,post,524,134217728,1.00000000000000000,-0.000000000
4,6,4096,16777216,134217728,1,cycle,post,525,134217728,1.00000000000000000,-0.000000000
4,6,4096,16777216,134217728,1,cycle,post,526,134217728,1.00000000000000000,-0.000000000
4,6,4096,16777216,134217728,1,cycle,post,527,134217728,1.00000000000000000,-0.000000000
4,6,4096,16777216,134217728,1,cycle,post,528,134217728,1.00000000000000000,-0.000000000
4,6,4096,16777216,134217728,1,cycle,post,529,134217728,1.00000000000000000,-0.000000000
4,6,4096,16777216,134217728,1,cycle,post,530,134217728,1.00000000000000000,-0.000000000
4,6,4096,16777216,134217728,1,cycle,post,531,134217728,1.00000000000000000,-0.000000000
4,6,4096,16777216,134217728,1,cycle,post,532,134217728,1.00000000000000000,-0.000000000
4,6,4096,16777216,134217728,1,cycle,post,533,134217728,1.00000000000000000,-0.000000000
4,6,4096,16777216,134217728,1,cycle,post,534,134217728,1.00000000000000000,-0.000000000
4,6,4096,16777216,134217728,1,cycle,post,535,134217728,1.00000000000000000,-0.000000000
4,6,4096,16777216,134217728,1,cycle,post,536,134217728,1.00000000000000000,-0.000000000
4,6,4096,16777216,134217728,1,cycle,post,537,134217728,1.00000000000000000,-0.000000000
4,6,4096,16777216,134217728,1,cycle,post,538,134217728,1.00000000000000000,-0.000000000
4,6,4096,16777216,134217728,1,cycle,post,539,134217728,1.00000000000000000,-0.000000000
4,6,4096,16777216,134217728,1,cycle,post,540,134217728,1.00000000000000000,-0.000000000
4,6,4096,16777216,134217728,1,cycle,post,541,134217728,1.00000000000000000,-0.000000000
4,6,4096,16777216,134217728,1,cycle,post,542,134217728,1.00000000000000000,-0.000000000
4,6,4096,16777216,134217728,1,cycle,post,543,134217728,1.00000000000000000,-0.000000000
4,6,4096,16777216,134217728,1,cycle,post,544,134217728,1.00000000000000000,-0.000000000
4,6,4096,16777216,134217728,1,cycle,post,545,134217728,1.00000000000000000,-0.000000000
4,6,4096,16777216,134217728,1,cycle,post,546,134217728,1.00000000000000000,-0.000000000
4,6,4096,16777216,134217728,1,cycle,post,547,134217728,1.00000000000000000,-0.000000000
4,6,4096,16777216,134217728,1,cycle,post,548,134217728,1.00000000000000000,-0.000000000
4,6,4096,16777216,134217728,1,cycle,post,549,134217728,1.00000000000000000,-0.000000000
4,6,4096,16777216,134217728,1,cycle,post,550,134217728,1.00000000000000000,-0.000000000
4,6,4096,16777216,134217728,1,cycle,post,551,134217728,1.00000000000000000,-0.000000000
4,6,4096,16777216,134217728,1,cycle,post,552,134217728,1.00000000000000000,-0.000000000
4,6,4096,16777216,134217728,1,cycle,post,553,134217728,1.00000000000000000,-0.000000000
4,6,4096,16777216,134217728,1,cycle,post,554,134217728,1.00000000000000000,-0.000000000
4,6,4096,16777216,134217728,1,cycle,post,555,134217728,1.00000000000000000,-0.000000000
4,6,4096,16777216,134217728,1,cycle,post,556,134217728,1.00000000000000000,-0.000000000
4,6,4096,16777216,134217728,1,cycle,post,557,134217728,1.00000000000000000,-0.000000000
4,6,4096,16777216,134217728,1,cycle,post,558,134217728,1.00000000000000000,-0.000000000
4,6,4096,16777216,134217728,1,cycle,post,559,134217728,1.00000000000000000,-0.000000000
4,6,4096,16777216,134217728,1,cycle,post,560,134217728,1.00000000000000000,-0.000000000
4,6,4096,16777216,134217728,1,cycle,post,561,134217728,1.00000000000000000,-0.000000000
4,6,4096,16777216,134217728,1,cycle,post,562,134217728,1.00000000000000000,-0.000000000
4,6,4096,16777216,134217728,1,cycle,post,563,134217728,1.00000000000000000,-0.000000000
4,6,4096,16777216,134217728,1,cycle,post,564,134217728,1.00000000000000000,-0.000000000
4,6,4096,16777216,134217728,1,cycle,post,565,134217728,1.00000000000000000,-0.000000000
4,6,4096,16777216,134217728,1,cycle,post,566,134217728,1.00000000000000000,-0.000000000
4,6,4096,16777216,134217728,1,cycle,post,567,134217728,1.00000000000000000,-0.000000000
4,6,4096,16777216,134217728,1,cycle,post,568,134217728,1.00000000000000000,-0.000000000
4,6,4096,16777216,134217728,1,cycle,post,569,134217728,1.00000000000000000,-0.000000000
4,6,4096,16777216,134217728,1,cycle,post,570,134217728,1.00000000000000000,-0.000000000
4,6,4096,16777216,134217728,1,cycle,post,571,134217728,1.00000000000000000,-0.000000000
4,6,4096,16777216,134217728,1,cycle,post,572,134217728,1.00000000000000000,-0.000000000
4,6,4096,16777216,134217728,1,cycle,post,573,134217728,1.00000000000000000,-0.000000000
4,6,4096,16777216,134217728,1,cycle,post,574,134217728,1.00000000000000000,-0.000000000
4,6,4096,16777216,134217728,1,cycle,post,575,134217728,1.00000000000000000,-0.000000000
4,6,4096,16777216,134217728,1,cycle,post,576,134217728,1.00000000000000000,-0.000000000
4,6,4096,16777216,134217728,1,cycle,post,577,134217728,1.00000000000000000,-0.000000000
4,6,4096,16777216,134217728,1,cycle,post,578,134217728,1.00000000000000000,-0.000000000
4,6,4096,16777216,134217728,1,cycle,post,579,134217728,1.00000000000000000,-0.000000000
4,6,4096,16777216,134217728,1,cycle,post,580,134217728,1.00000000000000000,-0.000000000
4,6,4096,16777216,134217728,1,cycle,post,581,134217728,1.00000000000000000,-0.000000000
4,6,4096,16777216,134217728,1,cycle,post,582,134217728,1.00000000000000000,-0.000000000
4,6,4096,16777216,134217728,1,cycle,post,583,134217728,1.00000000000000000,-0.000000000
4,6,4096,16777216,134217728,1,cycle,post,584,134217728,1.00000000000000000,-0.000000000
4,6,4096,16777216,134217728,1,cycle,post,585,134217728,1.00000000000000000,-0.000000000
4,6,4096,16777216,134217728,1,cycle,post,586,134217728,1.00000000000000000,-0.000000000
4,6,4096,16777216,134217728,1,cycle,post,587,134217728,1.00000000000000000,-0.000000000
4,6,4096,16777216,134217728,1,cycle,post,588,134217728,1.00000000000000000,-0.000000000
4,6,4096,16777216,134217728,1,cycle,post,589,134217728,1.00000000000000000,-0.000000000
4,6,4096,16777216,134217728,1,cycle,post,590,134217728,1.00000000000000000,-0.000000000
4,6,4096,16777216,134217728,1,cycle,post,591,134217728,1.00000000000000000,-0.000000000
4,6,4096,16777216,134217728,1,cycle,post,592,134217728,1.00000000000000000,-0.000000000
4,6,4096,16777216,134217728,1,cycle,post,593,134217728,1.00000000000000000,-0.000000000
4,6,4096,16777216,134217728,1,cycle,post,594,134217728,1.00000000000000000,-0.000000000
4,6,4096,16777216,134217728,1,cycle,post,595,134217728,1.00000000000000000,-0.000000000
4,6,4096,16777216,134217728,1,cycle,post,596,134217728,1.00000000000000000,-0.000000000
4,6,4096,16777216,134217728,1,cycle,post,597,134217728,1.00000000000000000,-0.000000000
4,6,4096,16777216,134217728,1,cycle,post,598,134217728,1.00000000000000000,-0.000000000
4,6,4096,16777216,134217728,1,cycle,post,599,134217728,1.00000000000000000,-0.000000000
4,6,4096,16777216,134217728,1,cycle,post,600,134217728,1.00000000000000000,-0.000000000
4,6,4096,16777216,134217728,1,cycle,post,601,134217728,1.00000000000000000,-0.000000000
4,6,4096,16777216,134217728,1,cycle,post,602,134217728,1.00000000000000000,-0.000000000
4,6,4096,16777216,134217728,1,cycle,post,603,134217728,1.00000000000000000,-0.000000000
4,6,4096,16777216,134217728,1,cycle,post,604,134217728,1.00000000000000000,-0.000000000
4,6,4096,16777216,134217728,1,cycle,post,605,134217728,1.00000000000000000,-0.000000000
4,6,4096,16777216,134217728,1,cycle,post,606,134217728,1.00000000000000000,-0.000000000
4,6,4096,16777216,134217728,1,cycle,post,607,134217728,1.00000000000000000,-0.000000000
4,6,4096,16777216,134217728,1,cycle,post,608,134217728,1.00000000000000000,-0.000000000
4,6,4096,16777216,134217728,1,cycle,post,609,134217728,1.00000000000000000,-0.000000000
4,6,4096,16777216,134217728,1,cycle,post,610,134217728,1.00000000000000000,-0.000000000
4,6,4096,16777216,134217728,1,cycle,post,611,134217728,1.00000000000000000,-0.000000000
4,6,4096,16777216,134217728,1,cycle,post,612,134217728,1.00000000000000000,-0.000000000
4,6,4096,16777216,134217728,1,cycle,post,613,134217728,1.00000000000000000,-0.000000000
4,6,4096,16777216,134217728,1,cycle,post,614,134217728,1.00000000000000000,-0.000000000
4,6,4096,16777216,134217728,1,cycle,post,615,134217728,1.00000000000000000,-0.000000000
4,6,4096,16777216,134217728,1,cycle,post,616,134217728,1.00000000000000000,-0.000000000
4,6,4096,16777216,134217728,1,cycle,post,617,134217728,1.00000000000000000,-0.000000000
4,6,4096,16777216,134217728,1,cycle,post,618,134217728,1.00000000000000000,-0.000000000
4,6,4096,16777216,134217728,1,cycle,post,619,134217728,1.00000000000000000,-0.000000000
4,6,4096,16777216,134217728,1,cycle,post,620,134217728,1.00000000000000000,-0.000000000
4,6,4096,16777216,134217728,1,cycle,post,621,134217728,1.00000000000000000,-0.000000000
4,6,4096,16777216,134217728,1,cycle,post,622,134217728,1.00000000000000000,-0.000000000
4,6,4096,16777216,134217728,1,cycle,post,623,134217728,1.00000000000000000,-0.000000000
4,6,4096,16777216,134217728,1,cycle,post,624,134217728,1.00000000000000000,-0.000000000
4,6,4096,16777216,134217728,1,cycle,post,625,134217728,1.00000000000000000,-0.000000000
4,6,4096,16777216,134217728,1,cycle,post,626,134217728,1.00000000000000000,-0.000000000
4,6,4096,16777216,134217728,1,cycle,post,627,134217728,1.00000000000000000,-0.000000000
4,6,4096,16777216,134217728,1,cycle,post,628,134217728,1.00000000000000000,-0.000000000
4,6,4096,16777216,134217728,1,cycle,post,629,134217728,1.00000000000000000,-0.000000000
4,6,4096,16777216,134217728,1,cycle,post,630,134217728,1.00000000000000000,-0.000000000
4,6,4096,16777216,134217728,1,cycle,post,631,134217728,1.00000000000000000,-0.000000000
4,6,4096,16777216,134217728,1,cycle,post,632,134217728,1.00000000000000000,-0.000000000
4,6,4096,16777216,134217728,1,cycle,post,633,134217728,1.00000000000000000,-0.000000000
4,6,4096,16777216,134217728,1,cycle,post,634,134217728,1.00000000000000000,-0.000000000
4,6,4096,16777216,134217728,1,cycle,post,635,134217728,1.00000000000000000,-0.000000000
4,6,4096,16777216,134217728,1,cycle,post,636,134217728,1.00000000000000000,-0.000000000
4,6,4096,16777216,134217728,1,cycle,post,637,134217728,1.00000000000000000,-0.000000000
4,6,4096,16777216,134217728,1,cycle,post,638,134217728,1.00000000000000000,-0.000000000
4,6,4096,16777216,134217728,1,cycle,post,639,134217728,1.00000000000000000,-0.000000000
4,6,4096,16777216,134217728,1,cycle,post,640,134217728,1.00000000000000000,-0.000000000
4,6,4096,16777216,134217728,1,cycle,post,641,134217728,1.00000000000000000,-0.000000000
4,6,4096,16777216,134217728,1,cycle,post,642,134217728,1.00000000000000000,-0.000000000
4,6,4096,16777216,134217728,1,cycle,post,643,134217728,1.00000000000000000,-0.000000000
4,6,4096,16777216,134217728,1,cycle,post,644,134217728,1.00000000000000000,-0.000000000
4,6,4096,16777216,134217728,1,cycle,post,645,134217728,1.00000000000000000,-0.000000000
4,6,4096,16777216,134217728,1,cycle,post,646,134217728,1.00000000000000000,-0.000000000
4,6,4096,16777216,134217728,1,cycle,post,647,134217728,1.00000000000000000,-0.000000000
4,6,4096,16777216,134217728,1,cycle,post,648,134217728,1.00000000000000000,-0.000000000
4,6,4096,16777216,134217728,1,cycle,post,649,134217728,1.00000000000000000,-0.000000000
4,6,4096,16777216,134217728,1,cycle,post,650,134217728,1.00000000000000000,-0.000000000
4,6,4096,16777216,134217728,1,cycle,post,651,134217728,1.00000000000000000,-0.000000000
4,6,4096,16777216,134217728,1,cycle,post,652,134217728,1.00000000000000000,-0.000000000
4,6,4096,16777216,134217728,1,cycle,post,653,134217728,1.00000000000000000,-0.000000000
4,6,4096,16777216,134217728,1,cycle,post,654,134217728,1.00000000000000000,-0.000000000
4,6,4096,16777216,134217728,1,cycle,post,655,134217728,1.00000000000000000,-0.000000000
4,6,4096,16777216,134217728,1,cycle,post,656,134217728,1.00000000000000000,-0.000000000
4,6,4096,16777216,134217728,1,cycle,post,657,134217728,1.00000000000000000,-0.000000000
4,6,4096,16777216,134217728,1,cycle,post,658,134217728,1.00000000000000000,-0.000000000
4,6,4096,16777216,134217728,1,cycle,post,659,134217728,1.00000000000000000,-0.000000000
4,6,4096,16777216,134217728,1,cycle,post,660,134217728,1.00000000000000000,-0.000000000
4,6,4096,16777216,134217728,1,cycle,post,661,134217728,1.00000000000000000,-0.000000000
4,6,4096,16777216,134217728,1,cycle,post,662,134217728,1.00000000000000000,-0.000000000
4,6,4096,16777216,134217728,1,cycle,post,663,134217728,1.00000000000000000,-0.000000000
4,6,4096,16777216,134217728,1,cycle,post,664,134217728,1.00000000000000000,-0.000000000
4,6,4096,16777216,134217728,1,cycle,post,665,134217728,1.00000000000000000,-0.000000000
4,6,4096,16777216,134217728,1,cycle,post,666,134217728,1.00000000000000000,-0.000000000
4,6,4096,16777216,134217728,1,cycle,post,667,134217728,1.00000000000000000,-0.000000000
4,6,4096,16777216,134217728,1,cycle,post,668,134217728,1.00000000000000000,-0.000000000
4,6,4096,16777216,134217728,1,cycle,post,669,134217728,1.00000000000000000,-0.000000000
4,6,4096,16777216,134217728,1,cycle,post,670,134217728,1.00000000000000000,-0.000000000
4,6,4096,16777216,134217728,1,cycle,post,671,134217728,1.00000000000000000,-0.000000000
4,6,4096,16777216,134217728,1,cycle,post,672,134217728,1.00000000000000000,-0.000000000
4,6,4096,16777216,134217728,1,cycle,post,673,134217728,1.00000000000000000,-0.000000000
4,6,4096,16777216,134217728,1,cycle,post,674,134217728,1.00000000000000000,-0.000000000
4,6,4096,16777216,134217728,1,cycle,post,675,134217728,1.00000000000000000,-0.000000000
4,6,4096,16777216,134217728,1,cycle,post,676,134217728,1.00000000000000000,-0.000000000
4,6,4096,16777216,134217728,1,cycle,post,677,134217728,1.00000000000000000,-0.000000000
4,6,4096,16777216,134217728,1,cycle,post,678,134217728,1.00000000000000000,-0.000000000
4,6,4096,16777216,134217728,1,cycle,post,679,134217728,1.00000000000000000,-0.000000000
4,6,4096,16777216,134217728,1,cycle,post,680,134217728,1.00000000000000000,-0.000000000
4,6,4096,16777216,134217728,1,cycle,post,681,134217728,1.00000000000000000,-0.000000000
4,6,4096,16777216,134217728,1,cycle,post,682,134217728,1.00000000000000000,-0.000000000
4,6,4096,16777216,134217728,1,cycle,post,683,134217728,1.00000000000000000,-0.000000000
4,6,4096,16777216,134217728,1,cycle,post,684,134217728,1.00000000000000000,-0.000000000
4,6,4096,16777216,134217728,1,cycle,post,685,134217728,1.00000000000000000,-0.000000000
4,6,4096,16777216,134217728,1,cycle,post,686,134217728,1.00000000000000000,-0.000000000
4,6,4096,16777216,134217728,1,cycle,post,687,134217728,1.00000000000000000,-0.000000000
4,6,4096,16777216,134217728,1,cycle,post,688,134217728,1.00000000000000000,-0.000000000
4,6,4096,16777216,134217728,1,cycle,post,689,134217728,1.00000000000000000,-0.000000000
4,6,4096,16777216,134217728,1,cycle,post,690,134217728,1.00000000000000000,-0.000000000
4,6,4096,16777216,134217728,1,cycle,post,691,134217728,1.00000000000000000,-0.000000000
4,6,4096,16777216,134217728,1,cycle,post,692,134217728,1.00000000000000000,-0.000000000
4,6,4096,16777216,134217728,1,cycle,post,693,134217728,1.00000000000000000,-0.000000000
4,6,4096,16777216,134217728,1,cycle,post,694,134217728,1.00000000000000000,-0.000000000
4,6,4096,16777216,134217728,1,cycle,post,695,134217728,1.00000000000000000,-0.000000000
4,6,4096,16777216,134217728,1,cycle,post,696,134217728,1.00000000000000000,-0.000000000
4,6,4096,16777216,134217728,1,cycle,post,697,134217728,1.00000000000000000,-0.000000000
4,6,4096,16777216,134217728,1,cycle,post,698,134217728,1.00000000000000000,-0.000000000
4,6,4096,16777216,134217728,1,cycle,post,699,134217728,1.00000000000000000,-0.000000000
4,6,4096,16777216,134217728,1,cycle,post,700,134217728,1.00000000000000000,-0.000000000
4,6,4096,16777216,134217728,1,cycle,post,701,134217728,1.00000000000000000,-0.000000000
4,6,4096,16777216,134217728,1,cycle,post,702,134217728,1.00000000000000000,-0.000000000
4,6,4096,16777216,134217728,1,cycle,post,703,134217728,1.00000000000000000,-0.000000000
4,6,4096,16777216,134217728,1,cycle,post,704,134217728,1.00000000000000000,-0.000000000
4,6,4096,16777216,134217728,1,cycle,post,705,134217728,1.00000000000000000,-0.000000000
4,6,4096,16777216,134217728,1,cycle,post,706,134217728,1.00000000000000000,-0.000000000
4,6,4096,16777216,134217728,1,cycle,post,707,134217728,1.00000000000000000,-0.000000000
4,6,4096,16777216,134217728,1,cycle,post,708,134217728,1.00000000000000000,-0.000000000
4,6,4096,16777216,134217728,1,cycle,post,709,134217728,1.00000000000000000,-0.000000000
4,6,4096,16777216,134217728,1,cycle,post,710,134217728,1.00000000000000000,-0.000000000
4,6,4096,16777216,134217728,1,cycle,post,711,134217728,1.00000000000000000,-0.000000000
4,6,4096,16777216,134217728,1,cycle,post,712,134217728,1.00000000000000000,-0.000000000
4,6,4096,16777216,134217728,1,cycle,post,713,134217728,1.00000000000000000,-0.000000000
4,6,4096,16777216,134217728,1,cycle,post,714,134217728,1.00000000000000000,-0.000000000
4,6,4096,16777216,134217728,1,cycle,post,715,134217728,1.00000000000000000,-0.000000000
4,6,4096,16777216,134217728,1,cycle,post,716,134217728,1.00000000000000000,-0.000000000
4,6,4096,16777216,134217728,1,cycle,post,717,134217728,1.00000000000000000,-0.000000000
4,6,4096,16777216,134217728,1,cycle,post,718,134217728,1.00000000000000000,-0.000000000
4,6,4096,16777216,134217728,1,cycle,post,719,134217728,1.00000000000000000,-0.000000000
4,6,4096,16777216,134217728,1,cycle,post,720,134217728,1.00000000000000000,-0.000000000
4,6,4096,16777216,134217728,1,cycle,post,721,134217728,1.00000000000000000,-0.000000000
4,6,4096,16777216,134217728,1,cycle,post,722,134217728,1.00000000000000000,-0.000000000
4,6,4096,16777216,134217728,1,cycle,post,723,134217728,1.00000000000000000,-0.000000000
4,6,4096,16777216,134217728,1,cycle,post,724,134217728,1.00000000000000000,-0.000000000
4,6,4096,16777216,134217728,1,cycle,post,725,134217728,1.00000000000000000,-0.000000000
4,6,4096,16777216,134217728,1,cycle,post,726,134217728,1.00000000000000000,-0.000000000
4,6,4096,16777216,134217728,1,cycle,post,727,134217728,1.00000000000000000,-0.000000000
4,6,4096,16777216,134217728,1,cycle,post,728,134217728,1.00000000000000000,-0.000000000
4,6,4096,16777216,134217728,1,cycle,post,729,134217728,1.00000000000000000,-0.000000000
4,6,4096,16777216,134217728,1,cycle,post,730,134217728,1.00000000000000000,-0.000000000
4,6,4096,16777216,134217728,1,cycle,post,731,134217728,1.00000000000000000,-0.000000000
4,6,4096,16777216,134217728,1,cycle,post,732,134217728,1.00000000000000000,-0.000000000
4,6,4096,16777216,134217728,1,cycle,post,733,134217728,1.00000000000000000,-0.000000000
4,6,4096,16777216,134217728,1,cycle,post,734,134217728,1.00000000000000000,-0.000000000
4,6,4096,16777216,134217728,1,cycle,post,735,134217728,1.00000000000000000,-0.000000000
4,6,4096,16777216,134217728,1,cycle,post,736,134217728,1.00000000000000000,-0.000000000
4,6,4096,16777216,134217728,1,cycle,post,737,134217728,1.00000000000000000,-0.000000000
4,6,4096,16777216,134217728,1,cycle,post,738,134217728,1.00000000000000000,-0.000000000
4,6,4096,16777216,134217728,1,cycle,post,739,134217728,1.00000000000000000,-0.000000000
4,6,4096,16777216,134217728,1,cycle,post,740,134217728,1.00000000000000000,-0.000000000
4,6,4096,16777216,134217728,1,cycle,post,741,134217728,1.00000000000000000,-0.000000000
4,6,4096,16777216,134217728,1,cycle,post,742,134217728,1.00000000000000000,-0.000000000
4,6,4096,16777216,134217728,1,cycle,post,743,134217728,1.00000000000000000,-0.000000000
4,6,4096,16777216,134217728,1,cycle,post,744,134217728,1.00000000000000000,-0.000000000
4,6,4096,16777216,134217728,1,cycle,post,745,134217728,1.00000000000000000,-0.000000000
4,6,4096,16777216,134217728,1,cycle,post,746,134217728,1.00000000000000000,-0.000000000
4,6,4096,16777216,134217728,1,cycle,post,747,134217728,1.00000000000000000,-0.000000000
4,6,4096,16777216,134217728,1,cycle,post,748,134217728,1.00000000000000000,-0.000000000
4,6,4096,16777216,134217728,1,cycle,post,749,134217728,1.00000000000000000,-0.000000000
4,6,4096,16777216,134217728,1,cycle,post,750,134217728,1.00000000000000000,-0.000000000
4,6,4096,16777216,134217728,1,cycle,post,751,134217728,1.00000000000000000,-0.000000000
4,6,4096,16777216,134217728,1,cycle,post,752,134217728,1.00000000000000000,-0.000000000
4,6,4096,16777216,134217728,1,cycle,post,753,134217728,1.00000000000000000,-0.000000000
4,6,4096,16777216,134217728,1,cycle,post,754,134217728,1.00000000000000000,-0.000000000
4,6,4096,16777216,134217728,1,cycle,post,755,134217728,1.00000000000000000,-0.000000000
4,6,4096,16777216,134217728,1,cycle,post,756,134217728,1.00000000000000000,-0.000000000
4,6,4096,16777216,134217728,1,cycle,post,757,134217728,1.00000000000000000,-0.000000000
4,6,4096,16777216,134217728,1,cycle,post,758,134217728,1.00000000000000000,-0.000000000
4,6,4096,16777216,134217728,1,cycle,post,759,134217728,1.00000000000000000,-0.000000000
4,6,4096,16777216,134217728,1,cycle,post,760,134217728,1.00000000000000000,-0.000000000
4,6,4096,16777216,134217728,1,cycle,post,761,134217728,1.00000000000000000,-0.000000000
4,6,4096,16777216,134217728,1,cycle,post,762,134217728,1.00000000000000000,-0.000000000
4,6,4096,16777216,134217728,1,cycle,post,763,134217728,1.00000000000000000,-0.000000000
4,6,4096,16777216,134217728,1,cycle,post,764,134217728,1.00000000000000000,-0.000000000
4,6,4096,16777216,134217728,1,cycle,post,765,134217728,1.00000000000000000,-0.000000000
4,6,4096,16777216,134217728,1,cycle,post,766,134217728,1.00000000000000000,-0.000000000
4,6,4096,16777216,134217728,1,cycle,post,767,134217728,1.00000000000000000,-0.000000000
4,6,4096,16777216,134217728,1,cycle,post,768,134217728,1.00000000000000000,-0.000000000
4,6,4096,16777216,134217728,1,cycle,post,769,134217728,1.00000000000000000,-0.000000000
4,6,4096,16777216,134217728,1,cycle,post,770,134217728,1.00000000000000000,-0.000000000
4,6,4096,16777216,134217728,1,cycle,post,771,134217728,1.00000000000000000,-0.000000000
4,6,4096,16777216,134217728,1,cycle,post,772,134217728,1.00000000000000000,-0.000000000
4,6,4096,16777216,134217728,1,cycle,post,773,134217728,1.00000000000000000,-0.000000000
4,6,4096,16777216,134217728,1,cycle,post,774,134217728,1.00000000000000000,-0.000000000
4,6,4096,16777216,134217728,1,cycle,post,775,134217728,1.00000000000000000,-0.000000000
4,6,4096,16777216,134217728,1,cycle,post,776,134217728,1.00000000000000000,-0.000000000
4,6,4096,16777216,134217728,1,cycle,post,777,134217728,1.00000000000000000,-0.000000000
4,6,4096,16777216,134217728,1,cycle,post,778,134217728,1.00000000000000000,-0.000000000
4,6,4096,16777216,134217728,1,cycle,post,779,134217728,1.00000000000000000,-0.000000000
4,6,4096,16777216,134217728,1,cycle,post,780,134217728,1.00000000000000000,-0.000000000
4,6,4096,16777216,134217728,1,cycle,post,781,134217728,1.00000000000000000,-0.000000000
4,6,4096,16777216,134217728,1,cycle,post,782,134217728,1.00000000000000000,-0.000000000
4,6,4096,16777216,134217728,1,cycle,post,783,134217728,1.00000000000000000,-0.000000000
4,6,4096,16777216,134217728,1,cycle,post,784,134217728,1.00000000000000000,-0.000000000
4,6,4096,16777216,134217728,1,cycle,post,785,134217728,1.00000000000000000,-0.000000000
4,6,4096,16777216,134217728,1,cycle,post,786,134217728,1.00000000000000000,-0.000000000
4,6,4096,16777216,134217728,1,cycle,post,787,134217728,1.00000000000000000,-0.000000000
4,6,4096,16777216,134217728,1,cycle,post,788,134217728,1.00000000000000000,-0.000000000
4,6,4096,16777216,134217728,1,cycle,post,789,134217728,1.00000000000000000,-0.000000000
4,6,4096,16777216,134217728,1,cycle,post,790,134217728,1.00000000000000000,-0.000000000
4,6,4096,16777216,134217728,1,cycle,post,791,134217728,1.00000000000000000,-0.000000000
4,6,4096,16777216,134217728,1,cycle,post,792,134217728,1.00000000000000000,-0.000000000
4,6,4096,16777216,134217728,1,cycle,post,793,134217728,1.00000000000000000,-0.000000000
4,6,4096,16777216,134217728,1,cycle,post,794,134217728,1.00000000000000000,-0.000000000
4,6,4096,16777216,134217728,1,cycle,post,795,134217728,1.00000000000000000,-0.000000000
4,6,4096,16777216,134217728,1,cycle,post,796,134217728,1.00000000000000000,-0.000000000
4,6,4096,16777216,134217728,1,cycle,post,797,134217728,1.00000000000000000,-0.000000000
4,6,4096,16777216,134217728,1,cycle,post,798,134217728,1.00000000000000000,-0.000000000
4,6,4096,16777216,134217728,1,cycle,post,799,134217728,1.00000000000000000,-0.000000000
4,6,4096,16777216,134217728,1,cycle,post,800,134217728,1.00000000000000000,-0.000000000
4,6,4096,16777216,134217728,1,cycle,post,801,134217728,1.00000000000000000,-0.000000000
4,6,4096,16777216,134217728,1,cycle,post,802,134217728,1.00000000000000000,-0.000000000
4,6,4096,16777216,134217728,1,cycle,post,803,134217728,1.00000000000000000,-0.000000000
4,6,4096,16777216,134217728,1,cycle,post,804,134217728,1.00000000000000000,-0.000000000
4,6,4096,16777216,134217728,1,cycle,post,805,134217728,1.00000000000000000,-0.000000000
4,6,4096,16777216,134217728,1,cycle,post,806,134217728,1.00000000000000000,-0.000000000
4,6,4096,16777216,134217728,1,cycle,post,807,134217728,1.00000000000000000,-0.000000000
4,6,4096,16777216,134217728,1,cycle,post,808,134217728,1.00000000000000000,-0.000000000
4,6,4096,16777216,134217728,1,cycle,post,809,134217728,1.00000000000000000,-0.000000000
4,6,4096,16777216,134217728,1,cycle,post,810,134217728,1.00000000000000000,-0.000000000
4,6,4096,16777216,134217728,1,cycle,post,811,134217728,1.00000000000000000,-0.000000000
4,6,4096,16777216,134217728,1,cycle,post,812,134217728,1.00000000000000000,-0.000000000
4,6,4096,16777216,134217728,1,cycle,post,813,134217728,1.00000000000000000,-0.000000000
4,6,4096,16777216,134217728,1,cycle,post,814,134217728,1.00000000000000000,-0.000000000
4,6,4096,16777216,134217728,1,cycle,post,815,134217728,1.00000000000000000,-0.000000000
4,6,4096,16777216,134217728,1,cycle,post,816,134217728,1.00000000000000000,-0.000000000
4,6,4096,16777216,134217728,1,cycle,post,817,134217728,1.00000000000000000,-0.000000000
4,6,4096,16777216,134217728,1,cycle,post,818,134217728,1.00000000000000000,-0.000000000
4,6,4096,16777216,134217728,1,cycle,post,819,134217728,1.00000000000000000,-0.000000000
4,6,4096,16777216,134217728,1,cycle,post,820,134217728,1.00000000000000000,-0.000000000
4,6,4096,16777216,134217728,1,cycle,post,821,134217728,1.00000000000000000,-0.000000000
4,6,4096,16777216,134217728,1,cycle,post,822,134217728,1.00000000000000000,-0.000000000
4,6,4096,16777216,134217728,1,cycle,post,823,134217728,1.00000000000000000,-0.000000000
4,6,4096,16777216,134217728,1,cycle,post,824,134217728,1.00000000000000000,-0.000000000
4,6,4096,16777216,134217728,1,cycle,post,825,134217728,1.00000000000000000,-0.000000000
4,6,4096,16777216,134217728,1,cycle,post,826,134217728,1.00000000000000000,-0.000000000
4,6,4096,16777216,134217728,1,cycle,post,827,134217728,1.00000000000000000,-0.000000000
4,6,4096,16777216,134217728,1,cycle,post,828,134217728,1.00000000000000000,-0.000000000
4,6,4096,16777216,134217728,1,cycle,post,829,134217728,1.00000000000000000,-0.000000000
4,6,4096,16777216,134217728,1,cycle,post,830,134217728,1.00000000000000000,-0.000000000
4,6,4096,16777216,134217728,1,cycle,post,831,134217728,1.00000000000000000,-0.000000000
4,6,4096,16777216,134217728,1,cycle,post,832,134217728,1.00000000000000000,-0.000000000
4,6,4096,16777216,134217728,1,cycle,post,833,134217728,1.00000000000000000,-0.000000000
4,6,4096,16777216,134217728,1,cycle,post,834,134217728,1.00000000000000000,-0.000000000
4,6,4096,16777216,134217728,1,cycle,post,835,134217728,1.00000000000000000,-0.000000000
4,6,4096,16777216,134217728,1,cycle,post,836,134217728,1.00000000000000000,-0.000000000
4,6,4096,16777216,134217728,1,cycle,post,837,134217728,1.00000000000000000,-0.000000000
4,6,4096,16777216,134217728,1,cycle,post,838,134217728,1.00000000000000000,-0.000000000
4,6,4096,16777216,134217728,1,cycle,post,839,134217728,1.00000000000000000,-0.000000000
4,6,4096,16777216,134217728,1,cycle,post,840,134217728,1.00000000000000000,-0.000000000
4,6,4096,16777216,134217728,1,cycle,post,841,134217728,1.00000000000000000,-0.000000000
4,6,4096,16777216,134217728,1,cycle,post,842,134217728,1.00000000000000000,-0.000000000
4,6,4096,16777216,134217728,1,cycle,post,843,134217728,1.00000000000000000,-0.000000000
4,6,4096,16777216,134217728,1,cycle,post,844,134217728,1.00000000000000000,-0.000000000
4,6,4096,16777216,134217728,1,cycle,post,845,134217728,1.00000000000000000,-0.000000000
4,6,4096,16777216,134217728,1,cycle,post,846,134217728,1.00000000000000000,-0.000000000
4,6,4096,16777216,134217728,1,cycle,post,847,134217728,1.00000000000000000,-0.000000000
4,6,4096,16777216,134217728,1,cycle,post,848,134217728,1.00000000000000000,-0.000000000
4,6,4096,16777216,134217728,1,cycle,post,849,134217728,1.00000000000000000,-0.000000000
4,6,4096,16777216,134217728,1,cycle,post,850,134217728,1.00000000000000000,-0.000000000
4,6,4096,16777216,134217728,1,cycle,post,851,134217728,1.00000000000000000,-0.000000000
4,6,4096,16777216,134217728,1,cycle,post,852,134217728,1.00000000000000000,-0.000000000
4,6,4096,16777216,134217728,1,cycle,post,853,134217728,1.00000000000000000,-0.000000000
4,6,4096,16777216,134217728,1,cycle,post,854,134217728,1.00000000000000000,-0.000000000
4,6,4096,16777216,134217728,1,cycle,post,855,134217728,1.00000000000000000,-0.000000000
4,6,4096,16777216,134217728,1,cycle,post,856,134217728,1.00000000000000000,-0.000000000
4,6,4096,16777216,134217728,1,cycle,post,857,134217728,1.00000000000000000,-0.000000000
4,6,4096,16777216,134217728,1,cycle,post,858,134217728,1.00000000000000000,-0.000000000
4,6,4096,16777216,134217728,1,cycle,post,859,134217728,1.00000000000000000,-0.000000000
4,6,4096,16777216,134217728,1,cycle,post,860,134217728,1.00000000000000000,-0.000000000
4,6,4096,16777216,134217728,1,cycle,post,861,134217728,1.00000000000000000,-0.000000000
4,6,4096,16777216,134217728,1,cycle,post,862,134217728,1.00000000000000000,-0.000000000
4,6,4096,16777216,134217728,1,cycle,post,863,134217728,1.00000000000000000,-0.000000000
4,6,4096,16777216,134217728,1,cycle,post,864,134217728,1.00000000000000000,-0.000000000
4,6,4096,16777216,134217728,1,cycle,post,865,134217728,1.00000000000000000,-0.000000000
4,6,4096,16777216,134217728,1,cycle,post,866,134217728,1.00000000000000000,-0.000000000
4,6,4096,16777216,134217728,1,cycle,post,867,134217728,1.00000000000000000,-0.000000000
4,6,4096,16777216,134217728,1,cycle,post,868,134217728,1.00000000000000000,-0.000000000
4,6,4096,16777216,134217728,1,cycle,post,869,134217728,1.00000000000000000,-0.000000000
4,6,4096,16777216,134217728,1,cycle,post,870,134217728,1.00000000000000000,-0.000000000
4,6,4096,16777216,134217728,1,cycle,post,871,134217728,1.00000000000000000,-0.000000000
4,6,4096,16777216,134217728,1,cycle,post,872,134217728,1.00000000000000000,-0.000000000
4,6,4096,16777216,134217728,1,cycle,post,873,134217728,1.00000000000000000,-0.000000000
4,6,4096,16777216,134217728,1,cycle,post,874,134217728,1.00000000000000000,-0.000000000
4,6,4096,16777216,134217728,1,cycle,post,875,134217728,1.00000000000000000,-0.000000000
4,6,4096,16777216,134217728,1,cycle,post,876,134217728,1.00000000000000000,-0.000000000
4,6,4096,16777216,134217728,1,cycle,post,877,134217728,1.00000000000000000,-0.000000000
4,6,4096,16777216,134217728,1,cycle,post,878,134217728,1.00000000000000000,-0.000000000
4,6,4096,16777216,134217728,1,cycle,post,879,134217728,1.00000000000000000,-0.000000000
4,6,4096,16777216,134217728,1,cycle,post,880,134217728,1.00000000000000000,-0.000000000
4,6,4096,16777216,134217728,1,cycle,post,881,134217728,1.00000000000000000,-0.000000000
4,6,4096,16777216,134217728,1,cycle,post,882,134217728,1.00000000000000000,-0.000000000
4,6,4096,16777216,134217728,1,cycle,post,883,134217728,1.00000000000000000,-0.000000000
4,6,4096,16777216,134217728,1,cycle,post,884,134217728,1.00000000000000000,-0.000000000
4,6,4096,16777216,134217728,1,cycle,post,885,134217728,1.00000000000000000,-0.000000000
4,6,4096,16777216,134217728,1,cycle,post,886,134217728,1.00000000000000000,-0.000000000
4,6,4096,16777216,134217728,1,cycle,post,887,134217728,1.00000000000000000,-0.000000000
4,6,4096,16777216,134217728,1,cycle,post,888,134217728,1.00000000000000000,-0.000000000
4,6,4096,16777216,134217728,1,cycle,post,889,134217728,1.00000000000000000,-0.000000000
4,6,4096,16777216,134217728,1,cycle,post,890,134217728,1.00000000000000000,-0.000000000
4,6,4096,16777216,134217728,1,cycle,post,891,134217728,1.00000000000000000,-0.000000000
4,6,4096,16777216,134217728,1,cycle,post,892,134217728,1.00000000000000000,-0.000000000
4,6,4096,16777216,134217728,1,cycle,post,893,134217728,1.00000000000000000,-0.000000000
4,6,4096,16777216,134217728,1,cycle,post,894,134217728,1.00000000000000000,-0.000000000
4,6,4096,16777216,134217728,1,cycle,post,895,134217728,1.00000000000000000,-0.000000000
4,6,4096,16777216,134217728,1,cycle,post,896,134217728,1.00000000000000000,-0.000000000
4,6,4096,16777216,134217728,1,cycle,post,897,134217728,1.00000000000000000,-0.000000000
4,6,4096,16777216,134217728,1,cycle,post,898,134217728,1.00000000000000000,-0.000000000
4,6,4096,16777216,134217728,1,cycle,post,899,134217728,1.00000000000000000,-0.000000000
4,6,4096,16777216,134217728,1,cycle,post,900,134217728,1.00000000000000000,-0.000000000
4,6,4096,16777216,134217728,1,cycle,post,901,134217728,1.00000000000000000,-0.000000000
4,6,4096,16777216,134217728,1,cycle,post,902,134217728,1.00000000000000000,-0.000000000
4,6,4096,16777216,134217728,1,cycle,post,903,134217728,1.00000000000000000,-0.000000000
4,6,4096,16777216,134217728,1,cycle,post,904,134217728,1.00000000000000000,-0.000000000
4,6,4096,16777216,134217728,1,cycle,post,905,134217728,1.00000000000000000,-0.000000000
4,6,4096,16777216,134217728,1,cycle,post,906,134217728,1.00000000000000000,-0.000000000
4,6,4096,16777216,134217728,1,cycle,post,907,134217728,1.00000000000000000,-0.000000000
4,6,4096,16777216,134217728,1,cycle,post,908,134217728,1.00000000000000000,-0.000000000
4,6,4096,16777216,134217728,1,cycle,post,909,134217728,1.00000000000000000,-0.000000000
4,6,4096,16777216,134217728,1,cycle,post,910,134217728,1.00000000000000000,-0.000000000
4,6,4096,16777216,134217728,1,cycle,post,911,134217728,1.00000000000000000,-0.000000000
4,6,4096,16777216,134217728,1,cycle,post,912,134217728,1.00000000000000000,-0.000000000
4,6,4096,16777216,134217728,1,cycle,post,913,134217728,1.00000000000000000,-0.000000000
4,6,4096,16777216,134217728,1,cycle,post,914,134217728,1.00000000000000000,-0.000000000
4,6,4096,16777216,134217728,1,cycle,post,915,134217728,1.00000000000000000,-0.000000000
4,6,4096,16777216,134217728,1,cycle,post,916,134217728,1.00000000000000000,-0.000000000
4,6,4096,16777216,134217728,1,cycle,post,917,134217728,1.00000000000000000,-0.000000000
4,6,4096,16777216,134217728,1,cycle,post,918,134217728,1.00000000000000000,-0.000000000
4,6,4096,16777216,134217728,1,cycle,post,919,134217728,1.00000000000000000,-0.000000000
4,6,4096,16777216,134217728,1,cycle,post,920,134217728,1.00000000000000000,-0.000000000
4,6,4096,16777216,134217728,1,cycle,post,921,134217728,1.00000000000000000,-0.000000000
4,6,4096,16777216,134217728,1,cycle,post,922,134217728,1.00000000000000000,-0.000000000
4,6,4096,16777216,134217728,1,cycle,post,923,134217728,1.00000000000000000,-0.000000000
4,6,4096,16777216,134217728,1,cycle,post,924,134217728,1.00000000000000000,-0.000000000
4,6,4096,16777216,134217728,1,cycle,post,925,134217728,1.00000000000000000,-0.000000000
4,6,4096,16777216,134217728,1,cycle,post,926,134217728,1.00000000000000000,-0.000000000
4,6,4096,16777216,134217728,1,cycle,post,927,134217728,1.00000000000000000,-0.000000000
4,6,4096,16777216,134217728,1,cycle,post,928,134217728,1.00000000000000000,-0.000000000
4,6,4096,16777216,134217728,1,cycle,post,929,134217728,1.00000000000000000,-0.000000000
4,6,4096,16777216,134217728,1,cycle,post,930,134217728,1.00000000000000000,-0.000000000
4,6,4096,16777216,134217728,1,cycle,post,931,134217728,1.00000000000000000,-0.000000000
4,6,4096,16777216,134217728,1,cycle,post,932,134217728,1.00000000000000000,-0.000000000
4,6,4096,16777216,134217728,1,cycle,post,933,134217728,1.00000000000000000,-0.000000000
4,6,4096,16777216,134217728,1,cycle,post,934,134217728,1.00000000000000000,-0.000000000
4,6,4096,16777216,134217728,1,cycle,post,935,134217728,1.00000000000000000,-0.000000000
4,6,4096,16777216,134217728,1,cycle,post,936,134217728,1.00000000000000000,-0.000000000
4,6,4096,16777216,134217728,1,cycle,post,937,134217728,1.00000000000000000,-0.000000000
4,6,4096,16777216,134217728,1,cycle,post,938,134217728,1.00000000000000000,-0.000000000
4,6,4096,16777216,134217728,1,cycle,post,939,134217728,1.00000000000000000,-0.000000000
4,6,4096,16777216,134217728,1,cycle,post,940,134217728,1.00000000000000000,-0.000000000
4,6,4096,16777216,134217728,1,cycle,post,941,134217728,1.00000000000000000,-0.000000000
4,6,4096,16777216,134217728,1,cycle,post,942,134217728,1.00000000000000000,-0.000000000
4,6,4096,16777216,134217728,1,cycle,post,943,134217728,1.00000000000000000,-0.000000000
4,6,4096,16777216,134217728,1,cycle,post,944,134217728,1.00000000000000000,-0.000000000
4,6,4096,16777216,134217728,1,cycle,post,945,134217728,1.00000000000000000,-0.000000000
4,6,4096,16777216,134217728,1,cycle,post,946,134217728,1.00000000000000000,-0.000000000
4,6,4096,16777216,134217728,1,cycle,post,947,134217728,1.00000000000000000,-0.000000000
4,6,4096,16777216,134217728,1,cycle,post,948,134217728,1.00000000000000000,-0.000000000
4,6,4096,16777216,134217728,1,cycle,post,949,134217728,1.00000000000000000,-0.000000000
4,6,4096,16777216,134217728,1,cycle,post,950,134217728,1.00000000000000000,-0.000000000
4,6,4096,16777216,134217728,1,cycle,post,951,134217728,1.00000000000000000,-0.000000000
4,6,4096,16777216,134217728,1,cycle,post,952,134217728,1.00000000000000000,-0.000000000
4,6,4096,16777216,134217728,1,cycle,post,953,134217728,1.00000000000000000,-0.000000000
4,6,4096,16777216,134217728,1,cycle,post,954,134217728,1.00000000000000000,-0.000000000
4,6,4096,16777216,134217728,1,cycle,post,955,134217728,1.00000000000000000,-0.000000000
4,6,4096,16777216,134217728,1,cycle,post,956,134217728,1.00000000000000000,-0.000000000
4,6,4096,16777216,134217728,1,cycle,post,957,134217728,1.00000000000000000,-0.000000000
4,6,4096,16777216,134217728,1,cycle,post,958,134217728,1.00000000000000000,-0.000000000
4,6,4096,16777216,134217728,1,cycle,post,959,134217728,1.00000000000000000,-0.000000000
4,6,4096,16777216,134217728,1,cycle,post,960,134217728,1.00000000000000000,-0.000000000
4,6,4096,16777216,134217728,1,cycle,post,961,134217728,1.00000000000000000,-0.000000000
4,6,4096,16777216,134217728,1,cycle,post,962,134217728,1.00000000000000000,-0.000000000
4,6,4096,16777216,134217728,1,cycle,post,963,134217728,1.00000000000000000,-0.000000000
4,6,4096,16777216,134217728,1,cycle,post,964,134217728,1.00000000000000000,-0.000000000
4,6,4096,16777216,134217728,1,cycle,post,965,134217728,1.00000000000000000,-0.000000000
4,6,4096,16777216,134217728,1,cycle,post,966,134217728,1.00000000000000000,-0.000000000
4,6,4096,16777216,134217728,1,cycle,post,967,134217728,1.00000000000000000,-0.000000000
4,6,4096,16777216,134217728,1,cycle,post,968,134217728,1.00000000000000000,-0.000000000
4,6,4096,16777216,134217728,1,cycle,post,969,134217728,1.00000000000000000,-0.000000000
4,6,4096,16777216,134217728,1,cycle,post,970,134217728,1.00000000000000000,-0.000000000
4,6,4096,16777216,134217728,1,cycle,post,971,134217728,1.00000000000000000,-0.000000000
4,6,4096,16777216,134217728,1,cycle,post,972,134217728,1.00000000000000000,-0.000000000
4,6,4096,16777216,134217728,1,cycle,post,973,134217728,1.00000000000000000,-0.000000000
4,6,4096,16777216,134217728,1,cycle,post,974,134217728,1.00000000000000000,-0.000000000
4,6,4096,16777216,134217728,1,cycle,post,975,134217728,1.00000000000000000,-0.000000000
4,6,4096,16777216,134217728,1,cycle,post,976,134217728,1.00000000000000000,-0.000000000
4,6,4096,16777216,134217728,1,cycle,post,977,134217728,1.00000000000000000,-0.000000000
4,6,4096,16777216,134217728,1,cycle,post,978,134217728,1.00000000000000000,-0.000000000
4,6,4096,16777216,134217728,1,cycle,post,979,134217728,1.00000000000000000,-0.000000000
4,6,4096,16777216,134217728,1,cycle,post,980,134217728,1.00000000000000000,-0.000000000
4,6,4096,16777216,134217728,1,cycle,post,981,134217728,1.00000000000000000,-0.000000000
4,6,4096,16777216,134217728,1,cycle,post,982,134217728,1.00000000000000000,-0.000000000
4,6,4096,16777216,134217728,1,cycle,post,983,134217728,1.00000000000000000,-0.000000000
4,6,4096,16777216,134217728,1,cycle,post,984,134217728,1.00000000000000000,-0.000000000
4,6,4096,16777216,134217728,1,cycle,post,985,134217728,1.00000000000000000,-0.000000000
4,6,4096,16777216,134217728,1,cycle,post,986,134217728,1.00000000000000000,-0.000000000
4,6,4096,16777216,134217728,1,cycle,post,987,134217728,1.00000000000000000,-0.000000000
4,6,4096,16777216,134217728,1,cycle,post,988,134217728,1.00000000000000000,-0.000000000
4,6,4096,16777216,134217728,1,cycle,post,989,134217728,1.00000000000000000,-0.000000000
4,6,4096,16777216,134217728,1,cycle,post,990,134217728,1.00000000000000000,-0.000000000
4,6,4096,16777216,134217728,1,cycle,post,991,134217728,1.00000000000000000,-0.000000000
4,6,4096,16777216,134217728,1,cycle,post,992,134217728,1.00000000000000000,-0.000000000
4,6,4096,16777216,134217728,1,cycle,post,993,134217728,1.00000000000000000,-0.000000000
4,6,4096,16777216,134217728,1,cycle,post,994,134217728,1.00000000000000000,-0.000000000
4,6,4096,16777216,134217728,1,cycle,post,995,134217728,1.00000000000000000,-0.000000000
4,6,4096,16777216,134217728,1,cycle,post,996,134217728,1.00000000000000000,-0.000000000
4,6,4096,16777216,134217728,1,cycle,post,997,134217728,1.00000000000000000,-0.000000000
4,6,4096,16777216,134217728,1,cycle,post,998,134217728,1.00000000000000000,-0.000000000
4,6,4096,16777216,134217728,1,cycle,post,999,134217728,1.00000000000000000,-0.000000000
4,6,4096,16777216,134217728,1,cycle,post,1000,134217728,1.00000000000000000,-0.000000000
4,6,4096,16777216,134217728,1,cycle,post,1001,134217728,1.00000000000000000,-0.000000000
4,6,4096,16777216,134217728,1,cycle,post,1002,134217728,1.00000000000000000,-0.000000000
4,6,4096,16777216,134217728,1,cycle,post,1003,134217728,1.00000000000000000,-0.000000000
4,6,4096,16777216,134217728,1,cycle,post,1004,134217728,1.00000000000000000,-0.000000000
4,6,4096,16777216,134217728,1,cycle,post,1005,134217728,1.00000000000000000,-0.000000000
4,6,4096,16777216,134217728,1,cycle,post,1006,134217728,1.00000000000000000,-0.000000000
4,6,4096,16777216,134217728,1,cycle,post,1007,134217728,1.00000000000000000,-0.000000000
4,6,4096,16777216,134217728,1,cycle,post,1008,134217728,1.00000000000000000,-0.000000000
4,6,4096,16777216,134217728,1,cycle,post,1009,134217728,1.00000000000000000,-0.000000000
4,6,4096,16777216,134217728,1,cycle,post,1010,134217728,1.00000000000000000,-0.000000000
4,6,4096,16777216,134217728,1,cycle,post,1011,134217728,1.00000000000000000,-0.000000000
4,6,4096,16777216,134217728,1,cycle,post,1012,134217728,1.00000000000000000,-0.000000000
4,6,4096,16777216,134217728,1,cycle,post,1013,134217728,1.00000000000000000,-0.000000000
4,6,4096,16777216,134217728,1,cycle,post,1014,134217728,1.00000000000000000,-0.000000000
4,6,4096,16777216,134217728,1,cycle,post,1015,134217728,1.00000000000000000,-0.000000000
4,6,4096,16777216,134217728,1,cycle,post,1016,134217728,1.00000000000000000,-0.000000000
4,6,4096,16777216,134217728,1,cycle,post,1017,134217728,1.00000000000000000,-0.000000000
4,6,4096,16777216,134217728,1,cycle,post,1018,134217728,1.00000000000000000,-0.000000000
4,6,4096,16777216,134217728,1,cycle,post,1019,134217728,1.00000000000000000,-0.000000000
4,6,4096,16777216,134217728,1,cycle,post,1020,134217728,1.00000000000000000,-0.000000000
4,6,4096,16777216,134217728,1,cycle,post,1021,134217728,1.00000000000000000,-0.000000000
4,6,4096,16777216,134217728,1,cycle,post,1022,134217728,1.00000000000000000,-0.000000000
4,6,4096,16777216,134217728,1,cycle,post,1023,134217728,1.00000000000000000,-0.000000000
4,6,4096,16777216,134217728,1,cycle,post,1024,134217728,1.00000000000000000,-0.000000000
4,6,4096,16777216,134217728,1,cycle,post,1025,134217728,1.00000000000000000,-0.000000000
4,6,4096,16777216,134217728,1,cycle,post,1026,134217728,1.00000000000000000,-0.000000000
4,6,4096,16777216,134217728,1,cycle,post,1027,134217728,1.00000000000000000,-0.000000000
4,6,4096,16777216,134217728,1,cycle,post,1028,134217728,1.00000000000000000,-0.000000000
4,6,4096,16777216,134217728,1,cycle,post,1029,134217728,1.00000000000000000,-0.000000000
4,6,4096,16777216,134217728,1,cycle,post,1030,134217728,1.00000000000000000,-0.000000000
4,6,4096,16777216,134217728,1,cycle,post,1031,134217728,1.00000000000000000,-0.000000000
4,6,4096,16777216,134217728,1,cycle,post,1032,134217728,1.00000000000000000,-0.000000000
4,6,4096,16777216,134217728,1,cycle,post,1033,134217728,1.00000000000000000,-0.000000000
4,6,4096,16777216,134217728,1,cycle,post,1034,134217728,1.00000000000000000,-0.000000000
4,6,4096,16777216,134217728,1,cycle,post,1035,134217728,1.00000000000000000,-0.000000000
4,6,4096,16777216,134217728,1,cycle,post,1036,134217728,1.00000000000000000,-0.000000000
4,6,4096,16777216,134217728,1,cycle,post,1037,134217728,1.00000000000000000,-0.000000000
4,6,4096,16777216,134217728,1,cycle,post,1038,134217728,1.00000000000000000,-0.000000000
4,6,4096,16777216,134217728,1,cycle,post,1039,134217728,1.00000000000000000,-0.000000000
4,6,4096,16777216,134217728,1,cycle,post,1040,134217728,1.00000000000000000,-0.000000000
4,6,4096,16777216,134217728,1,cycle,post,1041,134217728,1.00000000000000000,-0.000000000
4,6,4096,16777216,134217728,1,cycle,post,1042,134217728,1.00000000000000000,-0.000000000
4,6,4096,16777216,134217728,1,cycle,post,1043,134217728,1.00000000000000000,-0.000000000
4,6,4096,16777216,134217728,1,cycle,post,1044,134217728,1.00000000000000000,-0.000000000
4,6,4096,16777216,134217728,1,cycle,post,1045,134217728,1.00000000000000000,-0.000000000
4,6,4096,16777216,134217728,1,cycle,post,1046,134217728,1.00000000000000000,-0.000000000
4,6,4096,16777216,134217728,1,cycle,post,1047,134217728,1.00000000000000000,-0.000000000
4,6,4096,16777216,134217728,1,cycle,post,1048,134217728,1.00000000000000000,-0.000000000
4,6,4096,16777216,134217728,1,cycle,post,1049,134217728,1.00000000000000000,-0.000000000
4,6,4096,16777216,134217728,1,cycle,post,1050,134217728,1.00000000000000000,-0.000000000
4,6,4096,16777216,134217728,1,cycle,post,1051,134217728,1.00000000000000000,-0.000000000
4,6,4096,16777216,134217728,1,cycle,post,1052,134217728,1.00000000000000000,-0.000000000
4,6,4096,16777216,134217728,1,cycle,post,1053,134217728,1.00000000000000000,-0.000000000
4,6,4096,16777216,134217728,1,cycle,post,1054,134217728,1.00000000000000000,-0.000000000
4,6,4096,16777216,134217728,1,cycle,post,1055,134217728,1.00000000000000000,-0.000000000
4,6,4096,16777216,134217728,1,cycle,post,1056,134217728,1.00000000000000000,-0.000000000
4,6,4096,16777216,134217728,1,cycle,post,1057,134217728,1.00000000000000000,-0.000000000
4,6,4096,16777216,134217728,1,cycle,post,1058,134217728,1.00000000000000000,-0.000000000
4,6,4096,16777216,134217728,1,cycle,post,1059,134217728,1.00000000000000000,-0.000000000
4,6,4096,16777216,134217728,1,cycle,post,1060,134217728,1.00000000000000000,-0.000000000
4,6,4096,16777216,134217728,1,cycle,post,1061,134217728,1.00000000000000000,-0.000000000
4,6,4096,16777216,134217728,1,cycle,post,1062,134217728,1.00000000000000000,-0.000000000
4,6,4096,16777216,134217728,1,cycle,post,1063,134217728,1.00000000000000000,-0.000000000
4,6,4096,16777216,134217728,1,cycle,post,1064,134217728,1.00000000000000000,-0.000000000
4,6,4096,16777216,134217728,1,cycle,post,1065,134217728,1.00000000000000000,-0.000000000
4,6,4096,16777216,134217728,1,cycle,post,1066,134217728,1.00000000000000000,-0.000000000
4,6,4096,16777216,134217728,1,cycle,post,1067,134217728,1.00000000000000000,-0.000000000
4,6,4096,16777216,134217728,1,cycle,post,1068,134217728,1.00000000000000000,-0.000000000
4,6,4096,16777216,134217728,1,cycle,post,1069,134217728,1.00000000000000000,-0.000000000
4,6,4096,16777216,134217728,1,cycle,post,1070,134217728,1.00000000000000000,-0.000000000
4,6,4096,16777216,134217728,1,cycle,post,1071,134217728,1.00000000000000000,-0.000000000
4,6,4096,16777216,134217728,1,cycle,post,1072,134217728,1.00000000000000000,-0.000000000
4,6,4096,16777216,134217728,1,cycle,post,1073,134217728,1.00000000000000000,-0.000000000
4,6,4096,16777216,134217728,1,cycle,post,1074,134217728,1.00000000000000000,-0.000000000
4,6,4096,16777216,134217728,1,cycle,post,1075,134217728,1.00000000000000000,-0.000000000
4,6,4096,16777216,134217728,1,cycle,post,1076,134217728,1.00000000000000000,-0.000000000
4,6,4096,16777216,134217728,1,cycle,post,1077,134217728,1.00000000000000000,-0.000000000
4,6,4096,16777216,134217728,1,cycle,post,1078,134217728,1.00000000000000000,-0.000000000
4,6,4096,16777216,134217728,1,cycle,post,1079,134217728,1.00000000000000000,-0.000000000
4,6,4096,16777216,134217728,1,cycle,post,1080,134217728,1.00000000000000000,-0.000000000
4,6,4096,16777216,134217728,1,cycle,post,1081,134217728,1.00000000000000000,-0.000000000
4,6,4096,16777216,134217728,1,cycle,post,1082,134217728,1.00000000000000000,-0.000000000
4,6,4096,16777216,134217728,1,cycle,post,1083,134217728,1.00000000000000000,-0.000000000
4,6,4096,16777216,134217728,1,cycle,post,1084,134217728,1.00000000000000000,-0.000000000
4,6,4096,16777216,134217728,1,cycle,post,1085,134217728,1.00000000000000000,-0.000000000
4,6,4096,16777216,134217728,1,cycle,post,1086,134217728,1.00000000000000000,-0.000000000
4,6,4096,16777216,134217728,1,cycle,post,1087,134217728,1.00000000000000000,-0.000000000
4,6,4096,16777216,134217728,1,cycle,post,1088,134217728,1.00000000000000000,-0.000000000
4,6,4096,16777216,134217728,1,cycle,post,1089,134217728,1.00000000000000000,-0.000000000
4,6,4096,16777216,134217728,1,cycle,post,1090,134217728,1.00000000000000000,-0.000000000
4,6,4096,16777216,134217728,1,cycle,post,1091,134217728,1.00000000000000000,-0.000000000
4,6,4096,16777216,134217728,1,cycle,post,1092,134217728,1.00000000000000000,-0.000000000
4,6,4096,16777216,134217728,1,cycle,post,1093,134217728,1.00000000000000000,-0.000000000
4,6,4096,16777216,134217728,1,cycle,post,1094,134217728,1.00000000000000000,-0.000000000
4,6,4096,16777216,134217728,1,cycle,post,1095,134217728,1.00000000000000000,-0.000000000
4,6,4096,16777216,134217728,1,cycle,post,1096,134217728,1.00000000000000000,-0.000000000
4,6,4096,16777216,134217728,1,cycle,post,1097,134217728,1.00000000000000000,-0.000000000
4,6,4096,16777216,134217728,1,cycle,post,1098,134217728,1.00000000000000000,-0.000000000
4,6,4096,16777216,134217728,1,cycle,post,1099,134217728,1.00000000000000000,-0.000000000
4,6,4096,16777216,134217728,1,cycle,post,1100,134217728,1.00000000000000000,-0.000000000
4,6,4096,16777216,134217728,1,cycle,post,1101,134217728,1.00000000000000000,-0.000000000
4,6,4096,16777216,134217728,1,cycle,post,1102,134217728,1.00000000000000000,-0.000000000
4,6,4096,16777216,134217728,1,cycle,post,1103,134217728,1.00000000000000000,-0.000000000
4,6,4096,16777216,134217728,1,cycle,post,1104,134217728,1.00000000000000000,-0.000000000
4,6,4096,16777216,134217728,1,cycle,post,1105,134217728,1.00000000000000000,-0.000000000
4,6,4096,16777216,134217728,1,cycle,post,1106,134217728,1.00000000000000000,-0.000000000
4,6,4096,16777216,134217728,1,cycle,post,1107,134217728,1.00000000000000000,-0.000000000
4,6,4096,16777216,134217728,1,cycle,post,1108,134217728,1.00000000000000000,-0.000000000
4,6,4096,16777216,134217728,1,cycle,post,1109,134217728,1.00000000000000000,-0.000000000
4,6,4096,16777216,134217728,1,cycle,post,1110,134217728,1.00000000000000000,-0.000000000
4,6,4096,16777216,134217728,1,cycle,post,1111,134217728,1.00000000000000000,-0.000000000
4,6,4096,16777216,134217728,1,cycle,post,1112,134217728,1.00000000000000000,-0.000000000
4,6,4096,16777216,134217728,1,cycle,post,1113,134217728,1.00000000000000000,-0.000000000
4,6,4096,16777216,134217728,1,cycle,post,1114,134217728,1.00000000000000000,-0.000000000
4,6,4096,16777216,134217728,1,cycle,post,1115,134217728,1.00000000000000000,-0.000000000
4,6,4096,16777216,134217728,1,cycle,post,1116,134217728,1.00000000000000000,-0.000000000
4,6,4096,16777216,134217728,1,cycle,post,1117,134217728,1.00000000000000000,-0.000000000
4,6,4096,16777216,134217728,1,cycle,post,1118,134217728,1.00000000000000000,-0.000000000
4,6,4096,16777216,134217728,1,cycle,post,1119,134217728,1.00000000000000000,-0.000000000
4,6,4096,16777216,134217728,1,cycle,post,1120,134217728,1.00000000000000000,-0.000000000
4,6,4096,16777216,134217728,1,cycle,post,1121,134217728,1.00000000000000000,-0.000000000
4,6,4096,16777216,134217728,1,cycle,post,1122,134217728,1.00000000000000000,-0.000000000
4,6,4096,16777216,134217728,1,cycle,post,1123,134217728,1.00000000000000000,-0.000000000
4,6,4096,16777216,134217728,1,cycle,post,1124,134217728,1.00000000000000000,-0.000000000
4,6,4096,16777216,134217728,1,cycle,post,1125,134217728,1.00000000000000000,-0.000000000
4,6,4096,16777216,134217728,1,cycle,post,1126,134217728,1.00000000000000000,-0.000000000
4,6,4096,16777216,134217728,1,cycle,post,1127,134217728,1.00000000000000000,-0.000000000
4,6,4096,16777216,134217728,1,cycle,post,1128,134217728,1.00000000000000000,-0.000000000
4,6,4096,16777216,134217728,1,cycle,post,1129,134217728,1.00000000000000000,-0.000000000
4,6,4096,16777216,134217728,1,cycle,post,1130,134217728,1.00000000000000000,-0.000000000
4,6,4096,16777216,134217728,1,cycle,post,1131,134217728,1.00000000000000000,-0.000000000
4,6,4096,16777216,134217728,1,cycle,post,1132,134217728,1.00000000000000000,-0.000000000
4,6,4096,16777216,134217728,1,cycle,post,1133,134217728,1.00000000000000000,-0.000000000
4,6,4096,16777216,134217728,1,cycle,post,1134,134217728,1.00000000000000000,-0.000000000
4,6,4096,16777216,134217728,1,cycle,post,1135,134217728,1.00000000000000000,-0.000000000
4,6,4096,16777216,134217728,1,cycle,post,1136,134217728,1.00000000000000000,-0.000000000
4,6,4096,16777216,134217728,1,cycle,post,1137,134217728,1.00000000000000000,-0.000000000
4,6,4096,16777216,134217728,1,cycle,post,1138,134217728,1.00000000000000000,-0.000000000
4,6,4096,16777216,134217728,1,cycle,post,1139,134217728,1.00000000000000000,-0.000000000
4,6,4096,16777216,134217728,1,cycle,post,1140,134217728,1.00000000000000000,-0.000000000
4,6,4096,16777216,134217728,1,cycle,post,1141,134217728,1.00000000000000000,-0.000000000
4,6,4096,16777216,134217728,1,cycle,post,1142,134217728,1.00000000000000000,-0.000000000
4,6,4096,16777216,134217728,1,cycle,post,1143,134217728,1.00000000000000000,-0.000000000
4,6,4096,16777216,134217728,1,cycle,post,1144,134217728,1.00000000000000000,-0.000000000
4,6,4096,16777216,134217728,1,cycle,post,1145,134217728,1.00000000000000000,-0.000000000
4,6,4096,16777216,134217728,1,cycle,post,1146,134217728,1.00000000000000000,-0.000000000
4,6,4096,16777216,134217728,1,cycle,post,1147,134217728,1.00000000000000000,-0.000000000
4,6,4096,16777216,134217728,1,cycle,post,1148,134217728,1.00000000000000000,-0.000000000
4,6,4096,16777216,134217728,1,cycle,post,1149,134217728,1.00000000000000000,-0.000000000
4,6,4096,16777216,134217728,1,cycle,post,1150,134217728,1.00000000000000000,-0.000000000
4,6,4096,16777216,134217728,1,cycle,post,1151,134217728,1.00000000000000000,-0.000000000
4,6,4096,16777216,134217728,1,cycle,post,1152,134217728,1.00000000000000000,-0.000000000
4,6,4096,16777216,134217728,1,cycle,post,1153,134217728,1.00000000000000000,-0.000000000
4,6,4096,16777216,134217728,1,cycle,post,1154,134217728,1.00000000000000000,-0.000000000
4,6,4096,16777216,134217728,1,cycle,post,1155,134217728,1.00000000000000000,-0.000000000
4,6,4096,16777216,134217728,1,cycle,post,1156,134217728,1.00000000000000000,-0.000000000
4,6,4096,16777216,134217728,1,cycle,post,1157,134217728,1.00000000000000000,-0.000000000
4,6,4096,16777216,134217728,1,cycle,post,1158,134217728,1.00000000000000000,-0.000000000
4,6,4096,16777216,134217728,1,cycle,post,1159,134217728,1.00000000000000000,-0.000000000
4,6,4096,16777216,134217728,1,cycle,post,1160,134217728,1.00000000000000000,-0.000000000
4,6,4096,16777216,134217728,1,cycle,post,1161,134217728,1.00000000000000000,-0.000000000
4,6,4096,16777216,134217728,1,cycle,post,1162,134217728,1.00000000000000000,-0.000000000
4,6,4096,16777216,134217728,1,cycle,post,1163,134217728,1.00000000000000000,-0.000000000
4,6,4096,16777216,134217728,1,cycle,post,1164,134217728,1.00000000000000000,-0.000000000
4,6,4096,16777216,134217728,1,cycle,post,1165,134217728,1.00000000000000000,-0.000000000
4,6,4096,16777216,134217728,1,cycle,post,1166,134217728,1.00000000000000000,-0.000000000
4,6,4096,16777216,134217728,1,cycle,post,1167,134217728,1.00000000000000000,-0.000000000
4,6,4096,16777216,134217728,1,cycle,post,1168,134217728,1.00000000000000000,-0.000000000
4,6,4096,16777216,134217728,1,cycle,post,1169,134217728,1.00000000000000000,-0.000000000
4,6,4096,16777216,134217728,1,cycle,post,1170,134217728,1.00000000000000000,-0.000000000
4,6,4096,16777216,134217728,1,cycle,post,1171,134217728,1.00000000000000000,-0.000000000
4,6,4096,16777216,134217728,1,cycle,post,1172,134217728,1.00000000000000000,-0.000000000
4,6,4096,16777216,134217728,1,cycle,post,1173,134217728,1.00000000000000000,-0.000000000
4,6,4096,16777216,134217728,1,cycle,post,1174,134217728,1.00000000000000000,-0.000000000
4,6,4096,16777216,134217728,1,cycle,post,1175,134217728,1.00000000000000000,-0.000000000
4,6,4096,16777216,134217728,1,cycle,post,1176,134217728,1.00000000000000000,-0.000000000
4,6,4096,16777216,134217728,1,cycle,post,1177,134217728,1.00000000000000000,-0.000000000
4,6,4096,16777216,134217728,1,cycle,post,1178,134217728,1.00000000000000000,-0.000000000
4,6,4096,16777216,134217728,1,cycle,post,1179,134217728,1.00000000000000000,-0.000000000
4,6,4096,16777216,134217728,1,cycle,post,1180,134217728,1.00000000000000000,-0.000000000
4,6,4096,16777216,134217728,1,cycle,post,1181,134217728,1.00000000000000000,-0.000000000
4,6,4096,16777216,134217728,1,cycle,post,1182,134217728,1.00000000000000000,-0.000000000
4,6,4096,16777216,134217728,1,cycle,post,1183,134217728,1.00000000000000000,-0.000000000
4,6,4096,16777216,134217728,1,cycle,post,1184,134217728,1.00000000000000000,-0.000000000
4,6,4096,16777216,134217728,1,cycle,post,1185,134217728,1.00000000000000000,-0.000000000
4,6,4096,16777216,134217728,1,cycle,post,1186,134217728,1.00000000000000000,-0.000000000
4,6,4096,16777216,134217728,1,cycle,post,1187,134217728,1.00000000000000000,-0.000000000
4,6,4096,16777216,134217728,1,cycle,post,1188,134217728,1.00000000000000000,-0.000000000
4,6,4096,16777216,134217728,1,cycle,post,1189,134217728,1.00000000000000000,-0.000000000
4,6,4096,16777216,134217728,1,cycle,post,1190,134217728,1.00000000000000000,-0.000000000
4,6,4096,16777216,134217728,1,cycle,post,1191,134217728,1.00000000000000000,-0.000000000
4,6,4096,16777216,134217728,1,cycle,post,1192,134217728,1.00000000000000000,-0.000000000
4,6,4096,16777216,134217728,1,cycle,post,1193,134217728,1.00000000000000000,-0.000000000
4,6,4096,16777216,134217728,1,cycle,post,1194,134217728,1.00000000000000000,-0.000000000
4,6,4096,16777216,134217728,1,cycle,post,1195,134217728,1.00000000000000000,-0.000000000
4,6,4096,16777216,134217728,1,cycle,post,1196,134217728,1.00000000000000000,-0.000000000
4,6,4096,16777216,134217728,1,cycle,post,1197,134217728,1.00000000000000000,-0.000000000
4,6,4096,16777216,134217728,1,cycle,post,1198,134217728,1.00000000000000000,-0.000000000
4,6,4096,16777216,134217728,1,cycle,post,1199,134217728,1.00000000000000000,-0.000000000
4,6,4096,16777216,134217728,1,cycle,post,1200,134217728,1.00000000000000000,-0.000000000
4,6,4096,16777216,134217728,1,cycle,post,1201,134217728,1.00000000000000000,-0.000000000
4,6,4096,16777216,134217728,1,cycle,post,1202,134217728,1.00000000000000000,-0.000000000
4,6,4096,16777216,134217728,1,cycle,post,1203,134217728,1.00000000000000000,-0.000000000
4,6,4096,16777216,134217728,1,cycle,post,1204,134217728,1.00000000000000000,-0.000000000
4,6,4096,16777216,134217728,1,cycle,post,1205,134217728,1.00000000000000000,-0.000000000
4,6,4096,16777216,134217728,1,cycle,post,1206,134217728,1.00000000000000000,-0.000000000
4,6,4096,16777216,134217728,1,cycle,post,1207,134217728,1.00000000000000000,-0.000000000
4,6,4096,16777216,134217728,1,cycle,post,1208,134217728,1.00000000000000000,-0.000000000
4,6,4096,16777216,134217728,1,cycle,post,1209,134217728,1.00000000000000000,-0.000000000
4,6,4096,16777216,134217728,1,cycle,post,1210,134217728,1.00000000000000000,-0.000000000
4,6,4096,16777216,134217728,1,cycle,post,1211,134217728,1.00000000000000000,-0.000000000
4,6,4096,16777216,134217728,1,cycle,post,1212,134217728,1.00000000000000000,-0.000000000
4,6,4096,16777216,134217728,1,cycle,post,1213,134217728,1.00000000000000000,-0.000000000
4,6,4096,16777216,134217728,1,cycle,post,1214,134217728,1.00000000000000000,-0.000000000
4,6,4096,16777216,134217728,1,cycle,post,1215,134217728,1.00000000000000000,-0.000000000
4,6,4096,16777216,134217728,1,cycle,post,1216,134217728,1.00000000000000000,-0.000000000
4,6,4096,16777216,134217728,1,cycle,post,1217,134217728,1.00000000000000000,-0.000000000
4,6,4096,16777216,134217728,1,cycle,post,1218,134217728,1.00000000000000000,-0.000000000
4,6,4096,16777216,134217728,1,cycle,post,1219,134217728,1.00000000000000000,-0.000000000
4,6,4096,16777216,134217728,1,cycle,post,1220,134217728,1.00000000000000000,-0.000000000
4,6,4096,16777216,134217728,1,cycle,post,1221,134217728,1.00000000000000000,-0.000000000
4,6,4096,16777216,134217728,1,cycle,post,1222,134217728,1.00000000000000000,-0.000000000
4,6,4096,16777216,134217728,1,cycle,post,1223,134217728,1.00000000000000000,-0.000000000
4,6,4096,16777216,134217728,1,cycle,post,1224,134217728,1.00000000000000000,-0.000000000
4,6,4096,16777216,134217728,1,cycle,post,1225,134217728,1.00000000000000000,-0.000000000
4,6,4096,16777216,134217728,1,cycle,post,1226,134217728,1.00000000000000000,-0.000000000
4,6,4096,16777216,134217728,1,cycle,post,1227,134217728,1.00000000000000000,-0.000000000
4,6,4096,16777216,134217728,1,cycle,post,1228,134217728,1.00000000000000000,-0.000000000
4,6,4096,16777216,134217728,1,cycle,post,1229,134217728,1.00000000000000000,-0.000000000
4,6,4096,16777216,134217728,1,cycle,post,1230,134217728,1.00000000000000000,-0.000000000
4,6,4096,16777216,134217728,1,cycle,post,1231,134217728,1.00000000000000000,-0.000000000
4,6,4096,16777216,134217728,1,cycle,post,1232,134217728,1.00000000000000000,-0.000000000
4,6,4096,16777216,134217728,1,cycle,post,1233,134217728,1.00000000000000000,-0.000000000
4,6,4096,16777216,134217728,1,cycle,post,1234,134217728,1.00000000000000000,-0.000000000
4,6,4096,16777216,134217728,1,cycle,post,1235,134217728,1.00000000000000000,-0.000000000
4,6,4096,16777216,134217728,1,cycle,post,1236,134217728,1.00000000000000000,-0.000000000
4,6,4096,16777216,134217728,1,cycle,post,1237,134217728,1.00000000000000000,-0.000000000
4,6,4096,16777216,134217728,1,cycle,post,1238,134217728,1.00000000000000000,-0.000000000
4,6,4096,16777216,134217728,1,cycle,post,1239,134217728,1.00000000000000000,-0.000000000
4,6,4096,16777216,134217728,1,cycle,post,1240,134217728,1.00000000000000000,-0.000000000
4,6,4096,16777216,134217728,1,cycle,post,1241,134217728,1.00000000000000000,-0.000000000
4,6,4096,16777216,134217728,1,cycle,post,1242,134217728,1.00000000000000000,-0.000000000
4,6,4096,16777216,134217728,1,cycle,post,1243,134217728,1.00000000000000000,-0.000000000
4,6,4096,16777216,134217728,1,cycle,post,1244,134217728,1.00000000000000000,-0.000000000
4,6,4096,16777216,134217728,1,cycle,post,1245,134217728,1.00000000000000000,-0.000000000
4,6,4096,16777216,134217728,1,cycle,post,1246,134217728,1.00000000000000000,-0.000000000
4,6,4096,16777216,134217728,1,cycle,post,1247,134217728,1.00000000000000000,-0.000000000
4,6,4096,16777216,134217728,1,cycle,post,1248,134217728,1.00000000000000000,-0.000000000
4,6,4096,16777216,134217728,1,cycle,post,1249,134217728,1.00000000000000000,-0.000000000
4,6,4096,16777216,134217728,1,cycle,post,1250,134217728,1.00000000000000000,-0.000000000
4,6,4096,16777216,134217728,1,cycle,post,1251,134217728,1.00000000000000000,-0.000000000
4,6,4096,16777216,134217728,1,cycle,post,1252,134217728,1.00000000000000000,-0.000000000
4,6,4096,16777216,134217728,1,cycle,post,1253,134217728,1.00000000000000000,-0.000000000
4,6,4096,16777216,134217728,1,cycle,post,1254,134217728,1.00000000000000000,-0.000000000
4,6,4096,16777216,134217728,1,cycle,post,1255,134217728,1.00000000000000000,-0.000000000
4,6,4096,16777216,134217728,1,cycle,post,1256,134217728,1.00000000000000000,-0.000000000
4,6,4096,16777216,134217728,1,cycle,post,1257,134217728,1.00000000000000000,-0.000000000
4,6,4096,16777216,134217728,1,cycle,post,1258,134217728,1.00000000000000000,-0.000000000
4,6,4096,16777216,134217728,1,cycle,post,1259,134217728,1.00000000000000000,-0.000000000
4,6,4096,16777216,134217728,1,cycle,post,1260,134217728,1.00000000000000000,-0.000000000
4,6,4096,16777216,134217728,1,cycle,post,1261,134217728,1.00000000000000000,-0.000000000
4,6,4096,16777216,134217728,1,cycle,post,1262,134217728,1.00000000000000000,-0.000000000
4,6,4096,16777216,134217728,1,cycle,post,1263,134217728,1.00000000000000000,-0.000000000
4,6,4096,16777216,134217728,1,cycle,post,1264,134217728,1.00000000000000000,-0.000000000
4,6,4096,16777216,134217728,1,cycle,post,1265,134217728,1.00000000000000000,-0.000000000
4,6,4096,16777216,134217728,1,cycle,post,1266,134217728,1.00000000000000000,-0.000000000
4,6,4096,16777216,134217728,1,cycle,post,1267,134217728,1.00000000000000000,-0.000000000
4,6,4096,16777216,134217728,1,cycle,post,1268,134217728,1.00000000000000000,-0.000000000
4,6,4096,16777216,134217728,1,cycle,post,1269,134217728,1.00000000000000000,-0.000000000
4,6,4096,16777216,134217728,1,cycle,post,1270,134217728,1.00000000000000000,-0.000000000
4,6,4096,16777216,134217728,1,cycle,post,1271,134217728,1.00000000000000000,-0.000000000
4,6,4096,16777216,134217728,1,cycle,post,1272,134217728,1.00000000000000000,-0.000000000
4,6,4096,16777216,134217728,1,cycle,post,1273,134217728,1.00000000000000000,-0.000000000
4,6,4096,16777216,134217728,1,cycle,post,1274,134217728,1.00000000000000000,-0.000000000
4,6,4096,16777216,134217728,1,cycle,post,1275,134217728,1.00000000000000000,-0.000000000
4,6,4096,16777216,134217728,1,cycle,post,1276,134217728,1.00000000000000000,-0.000000000
4,6,4096,16777216,134217728,1,cycle,post,1277,134217728,1.00000000000000000,-0.000000000
4,6,4096,16777216,134217728,1,cycle,post,1278,134217728,1.00000000000000000,-0.000000000
4,6,4096,16777216,134217728,1,cycle,post,1279,134217728,1.00000000000000000,-0.000000000
4,6,4096,16777216,134217728,1,cycle,post,1280,134217728,1.00000000000000000,-0.000000000
4,6,4096,16777216,134217728,1,cycle,post,1281,134217728,1.00000000000000000,-0.000000000
4,6,4096,16777216,134217728,1,cycle,post,1282,134217728,1.00000000000000000,-0.000000000
4,6,4096,16777216,134217728,1,cycle,post,1283,134217728,1.00000000000000000,-0.000000000
4,6,4096,16777216,134217728,1,cycle,post,1284,134217728,1.00000000000000000,-0.000000000
4,6,4096,16777216,134217728,1,cycle,post,1285,134217728,1.00000000000000000,-0.000000000
4,6,4096,16777216,134217728,1,cycle,post,1286,134217728,1.00000000000000000,-0.000000000
4,6,4096,16777216,134217728,1,cycle,post,1287,134217728,1.00000000000000000,-0.000000000
4,6,4096,16777216,134217728,1,cycle,post,1288,134217728,1.00000000000000000,-0.000000000
4,6,4096,16777216,134217728,1,cycle,post,1289,134217728,1.00000000000000000,-0.000000000
4,6,4096,16777216,134217728,1,cycle,post,1290,134217728,1.00000000000000000,-0.000000000
4,6,4096,16777216,134217728,1,cycle,post,1291,134217728,1.00000000000000000,-0.000000000
4,6,4096,16777216,134217728,1,cycle,post,1292,134217728,1.00000000000000000,-0.000000000
4,6,4096,16777216,134217728,1,cycle,post,1293,134217728,1.00000000000000000,-0.000000000
4,6,4096,16777216,134217728,1,cycle,post,1294,134217728,1.00000000000000000,-0.000000000
4,6,4096,16777216,134217728,1,cycle,post,1295,134217728,1.00000000000000000,-0.000000000
4,6,4096,16777216,134217728,1,cycle,post,1296,134217728,1.00000000000000000,-0.000000000
4,6,4096,16777216,134217728,1,cycle,post,1297,134217728,1.00000000000000000,-0.000000000
4,6,4096,16777216,134217728,1,cycle,post,1298,134217728,1.00000000000000000,-0.000000000
4,6,4096,16777216,134217728,1,cycle,post,1299,134217728,1.00000000000000000,-0.000000000
4,6,4096,16777216,134217728,1,cycle,post,1300,134217728,1.00000000000000000,-0.000000000
4,6,4096,16777216,134217728,1,cycle,post,1301,134217728,1.00000000000000000,-0.000000000
4,6,4096,16777216,134217728,1,cycle,post,1302,134217728,1.00000000000000000,-0.000000000
4,6,4096,16777216,134217728,1,cycle,post,1303,134217728,1.00000000000000000,-0.000000000
4,6,4096,16777216,134217728,1,cycle,post,1304,134217728,1.00000000000000000,-0.000000000
4,6,4096,16777216,134217728,1,cycle,post,1305,134217728,1.00000000000000000,-0.000000000
4,6,4096,16777216,134217728,1,cycle,post,1306,134217728,1.00000000000000000,-0.000000000
4,6,4096,16777216,134217728,1,cycle,post,1307,134217728,1.00000000000000000,-0.000000000
4,6,4096,16777216,134217728,1,cycle,post,1308,134217728,1.00000000000000000,-0.000000000
4,6,4096,16777216,134217728,1,cycle,post,1309,134217728,1.00000000000000000,-0.000000000
4,6,4096,16777216,134217728,1,cycle,post,1310,134217728,1.00000000000000000,-0.000000000
4,6,4096,16777216,134217728,1,cycle,post,1311,134217728,1.00000000000000000,-0.000000000
4,6,4096,16777216,134217728,1,cycle,post,1312,134217728,1.00000000000000000,-0.000000000
4,6,4096,16777216,134217728,1,cycle,post,1313,134217728,1.00000000000000000,-0.000000000
4,6,4096,16777216,134217728,1,cycle,post,1314,134217728,1.00000000000000000,-0.000000000
4,6,4096,16777216,134217728,1,cycle,post,1315,134217728,1.00000000000000000,-0.000000000
4,6,4096,16777216,134217728,1,cycle,post,1316,134217728,1.00000000000000000,-0.000000000
4,6,4096,16777216,134217728,1,cycle,post,1317,134217728,1.00000000000000000,-0.000000000
4,6,4096,16777216,134217728,1,cycle,post,1318,134217728,1.00000000000000000,-0.000000000
4,6,4096,16777216,134217728,1,cycle,post,1319,134217728,1.00000000000000000,-0.000000000
4,6,4096,16777216,134217728,1,cycle,post,1320,134217728,1.00000000000000000,-0.000000000
4,6,4096,16777216,134217728,1,cycle,post,1321,134217728,1.00000000000000000,-0.000000000
4,6,4096,16777216,134217728,1,cycle,post,1322,134217728,1.00000000000000000,-0.000000000
4,6,4096,16777216,134217728,1,cycle,post,1323,134217728,1.00000000000000000,-0.000000000
4,6,4096,16777216,134217728,1,cycle,post,1324,134217728,1.00000000000000000,-0.000000000
4,6,4096,16777216,134217728,1,cycle,post,1325,134217728,1.00000000000000000,-0.000000000
4,6,4096,16777216,134217728,1,cycle,post,1326,134217728,1.00000000000000000,-0.000000000
4,6,4096,16777216,134217728,1,cycle,post,1327,134217728,1.00000000000000000,-0.000000000
4,6,4096,16777216,134217728,1,cycle,post,1328,134217728,1.00000000000000000,-0.000000000
4,6,4096,16777216,134217728,1,cycle,post,1329,134217728,1.00000000000000000,-0.000000000
4,6,4096,16777216,134217728,1,cycle,post,1330,134217728,1.00000000000000000,-0.000000000
4,6,4096,16777216,134217728,1,cycle,post,1331,134217728,1.00000000000000000,-0.000000000
4,6,4096,16777216,134217728,1,cycle,post,1332,134217728,1.00000000000000000,-0.000000000
4,6,4096,16777216,134217728,1,cycle,post,1333,134217728,1.00000000000000000,-0.000000000
4,6,4096,16777216,134217728,1,cycle,post,1334,134217728,1.00000000000000000,-0.000000000
4,6,4096,16777216,134217728,1,cycle,post,1335,134217728,1.00000000000000000,-0.000000000
4,6,4096,16777216,134217728,1,cycle,post,1336,134217728,1.00000000000000000,-0.000000000
4,6,4096,16777216,134217728,1,cycle,post,1337,134217728,1.00000000000000000,-0.000000000
4,6,4096,16777216,134217728,1,cycle,post,1338,134217728,1.00000000000000000,-0.000000000
4,6,4096,16777216,134217728,1,cycle,post,1339,134217728,1.00000000000000000,-0.000000000
4,6,4096,16777216,134217728,1,cycle,post,1340,134217728,1.00000000000000000,-0.000000000
4,6,4096,16777216,134217728,1,cycle,post,1341,134217728,1.00000000000000000,-0.000000000
4,6,4096,16777216,134217728,1,cycle,post,1342,134217728,1.00000000000000000,-0.000000000
4,6,4096,16777216,134217728,1,cycle,post,1343,134217728,1.00000000000000000,-0.000000000
4,6,4096,16777216,134217728,1,cycle,post,1344,134217728,1.00000000000000000,-0.000000000
4,6,4096,16777216,134217728,1,cycle,post,1345,134217728,1.00000000000000000,-0.000000000
4,6,4096,16777216,134217728,1,cycle,post,1346,134217728,1.00000000000000000,-0.000000000
4,6,4096,16777216,134217728,1,cycle,post,1347,134217728,1.00000000000000000,-0.000000000
4,6,4096,16777216,134217728,1,cycle,post,1348,134217728,1.00000000000000000,-0.000000000
4,6,4096,16777216,134217728,1,cycle,post,1349,134217728,1.00000000000000000,-0.000000000
4,6,4096,16777216,134217728,1,cycle,post,1350,134217728,1.00000000000000000,-0.000000000
4,6,4096,16777216,134217728,1,cycle,post,1351,134217728,1.00000000000000000,-0.000000000
4,6,4096,16777216,134217728,1,cycle,post,1352,134217728,1.00000000000000000,-0.000000000
4,6,4096,16777216,134217728,1,cycle,post,1353,134217728,1.00000000000000000,-0.000000000
4,6,4096,16777216,134217728,1,cycle,post,1354,134217728,1.00000000000000000,-0.000000000
4,6,4096,16777216,134217728,1,cycle,post,1355,134217728,1.00000000000000000,-0.000000000
4,6,4096,16777216,134217728,1,cycle,post,1356,134217728,1.00000000000000000,-0.000000000
4,6,4096,16777216,134217728,1,cycle,post,1357,134217728,1.00000000000000000,-0.000000000
4,6,4096,16777216,134217728,1,cycle,post,1358,134217728,1.00000000000000000,-0.000000000
4,6,4096,16777216,134217728,1,cycle,post,1359,134217728,1.00000000000000000,-0.000000000
4,6,4096,16777216,134217728,1,cycle,post,1360,134217728,1.00000000000000000,-0.000000000
4,6,4096,16777216,134217728,1,cycle,post,1361,134217728,1.00000000000000000,-0.000000000
4,6,4096,16777216,134217728,1,cycle,post,1362,134217728,1.00000000000000000,-0.000000000
4,6,4096,16777216,134217728,1,cycle,post,1363,134217728,1.00000000000000000,-0.000000000
4,6,4096,16777216,134217728,1,cycle,post,1364,134217728,1.00000000000000000,-0.000000000
4,6,4096,16777216,134217728,1,cycle,post,1365,134217728,1.00000000000000000,-0.000000000
4,6,4096,16777216,134217728,1,cycle,post,1366,134217728,1.00000000000000000,-0.000000000
4,6,4096,16777216,134217728,1,cycle,post,1367,134217728,1.00000000000000000,-0.000000000
4,6,4096,16777216,134217728,1,cycle,post,1368,134217728,1.00000000000000000,-0.000000000
4,6,4096,16777216,134217728,1,cycle,post,1369,134217728,1.00000000000000000,-0.000000000
4,6,4096,16777216,134217728,1,cycle,post,1370,134217728,1.00000000000000000,-0.000000000
4,6,4096,16777216,134217728,1,cycle,post,1371,134217728,1.00000000000000000,-0.000000000
4,6,4096,16777216,134217728,1,cycle,post,1372,134217728,1.00000000000000000,-0.000000000
4,6,4096,16777216,134217728,1,cycle,post,1373,134217728,1.00000000000000000,-0.000000000
4,6,4096,16777216,134217728,1,cycle,post,1374,134217728,1.00000000000000000,-0.000000000
4,6,4096,16777216,134217728,1,cycle,post,1375,134217728,1.00000000000000000,-0.000000000
4,6,4096,16777216,134217728,1,cycle,post,1376,134217728,1.00000000000000000,-0.000000000
4,6,4096,16777216,134217728,1,cycle,post,1377,134217728,1.00000000000000000,-0.000000000
4,6,4096,16777216,134217728,1,cycle,post,1378,134217728,1.00000000000000000,-0.000000000
4,6,4096,16777216,134217728,1,cycle,post,1379,134217728,1.00000000000000000,-0.000000000
4,6,4096,16777216,134217728,1,cycle,post,1380,134217728,1.00000000000000000,-0.000000000
4,6,4096,16777216,134217728,1,cycle,post,1381,134217728,1.00000000000000000,-0.000000000
4,6,4096,16777216,134217728,1,cycle,post,1382,134217728,1.00000000000000000,-0.000000000
4,6,4096,16777216,134217728,1,cycle,post,1383,134217728,1.00000000000000000,-0.000000000
4,6,4096,16777216,134217728,1,cycle,post,1384,134217728,1.00000000000000000,-0.000000000
4,6,4096,16777216,134217728,1,cycle,post,1385,134217728,1.00000000000000000,-0.000000000
4,6,4096,16777216,134217728,1,cycle,post,1386,134217728,1.00000000000000000,-0.000000000
4,6,4096,16777216,134217728,1,cycle,post,1387,134217728,1.00000000000000000,-0.000000000
4,6,4096,16777216,134217728,1,cycle,post,1388,134217728,1.00000000000000000,-0.000000000
4,6,4096,16777216,134217728,1,cycle,post,1389,134217728,1.00000000000000000,-0.000000000
4,6,4096,16777216,134217728,1,cycle,post,1390,134217728,1.00000000000000000,-0.000000000
4,6,4096,16777216,134217728,1,cycle,post,1391,134217728,1.00000000000000000,-0.000000000
4,6,4096,16777216,134217728,1,cycle,post,1392,134217728,1.00000000000000000,-0.000000000
4,6,4096,16777216,134217728,1,cycle,post,1393,134217728,1.00000000000000000,-0.000000000
4,6,4096,16777216,134217728,1,cycle,post,1394,134217728,1.00000000000000000,-0.000000000
4,6,4096,16777216,134217728,1,cycle,post,1395,134217728,1.00000000000000000,-0.000000000
4,6,4096,16777216,134217728,1,cycle,post,1396,134217728,1.00000000000000000,-0.000000000
4,6,4096,16777216,134217728,1,cycle,post,1397,134217728,1.00000000000000000,-0.000000000
4,6,4096,16777216,134217728,1,cycle,post,1398,134217728,1.00000000000000000,-0.000000000
4,6,4096,16777216,134217728,1,cycle,post,1399,134217728,1.00000000000000000,-0.000000000
4,6,4096,16777216,134217728,1,cycle,post,1400,134217728,1.00000000000000000,-0.000000000
4,6,4096,16777216,134217728,1,cycle,post,1401,134217728,1.00000000000000000,-0.000000000
4,6,4096,16777216,134217728,1,cycle,post,1402,134217728,1.00000000000000000,-0.000000000
4,6,4096,16777216,134217728,1,cycle,post,1403,134217728,1.00000000000000000,-0.000000000
4,6,4096,16777216,134217728,1,cycle,post,1404,134217728,1.00000000000000000,-0.000000000
4,6,4096,16777216,134217728,1,cycle,post,1405,134217728,1.00000000000000000,-0.000000000
4,6,4096,16777216,134217728,1,cycle,post,1406,134217728,1.00000000000000000,-0.000000000
4,6,4096,16777216,134217728,1,cycle,post,1407,134217728,1.00000000000000000,-0.000000000
4,6,4096,16777216,134217728,1,cycle,post,1408,134217728,1.00000000000000000,-0.000000000
4,6,4096,16777216,134217728,1,cycle,post,1409,134217728,1.00000000000000000,-0.000000000
4,6,4096,16777216,134217728,1,cycle,post,1410,134217728,1.00000000000000000,-0.000000000
4,6,4096,16777216,134217728,1,cycle,post,1411,134217728,1.00000000000000000,-0.000000000
4,6,4096,16777216,134217728,1,cycle,post,1412,134217728,1.00000000000000000,-0.000000000
4,6,4096,16777216,134217728,1,cycle,post,1413,134217728,1.00000000000000000,-0.000000000
4,6,4096,16777216,134217728,1,cycle,post,1414,134217728,1.00000000000000000,-0.000000000
4,6,4096,16777216,134217728,1,cycle,post,1415,134217728,1.00000000000000000,-0.000000000
4,6,4096,16777216,134217728,1,cycle,post,1416,134217728,1.00000000000000000,-0.000000000
4,6,4096,16777216,134217728,1,cycle,post,1417,134217728,1.00000000000000000,-0.000000000
4,6,4096,16777216,134217728,1,cycle,post,1418,134217728,1.00000000000000000,-0.000000000
4,6,4096,16777216,134217728,1,cycle,post,1419,134217728,1.00000000000000000,-0.000000000
4,6,4096,16777216,134217728,1,cycle,post,1420,134217728,1.00000000000000000,-0.000000000
4,6,4096,16777216,134217728,1,cycle,post,1421,134217728,1.00000000000000000,-0.000000000
4,6,4096,16777216,134217728,1,cycle,post,1422,134217728,1.00000000000000000,-0.000000000
4,6,4096,16777216,134217728,1,cycle,post,1423,134217728,1.00000000000000000,-0.000000000
4,6,4096,16777216,134217728,1,cycle,post,1424,134217728,1.00000000000000000,-0.000000000
4,6,4096,16777216,134217728,1,cycle,post,1425,134217728,1.00000000000000000,-0.000000000
4,6,4096,16777216,134217728,1,cycle,post,1426,134217728,1.00000000000000000,-0.000000000
4,6,4096,16777216,134217728,1,cycle,post,1427,134217728,1.00000000000000000,-0.000000000
4,6,4096,16777216,134217728,1,cycle,post,1428,134217728,1.00000000000000000,-0.000000000
4,6,4096,16777216,134217728,1,cycle,post,1429,134217728,1.00000000000000000,-0.000000000
4,6,4096,16777216,134217728,1,cycle,post,1430,134217728,1.00000000000000000,-0.000000000
4,6,4096,16777216,134217728,1,cycle,post,1431,134217728,1.00000000000000000,-0.000000000
4,6,4096,16777216,134217728,1,cycle,post,1432,134217728,1.00000000000000000,-0.000000000
4,6,4096,16777216,134217728,1,cycle,post,1433,134217728,1.00000000000000000,-0.000000000
4,6,4096,16777216,134217728,1,cycle,post,1434,134217728,1.00000000000000000,-0.000000000
4,6,4096,16777216,134217728,1,cycle,post,1435,134217728,1.00000000000000000,-0.000000000
4,6,4096,16777216,134217728,1,cycle,post,1436,134217728,1.00000000000000000,-0.000000000
4,6,4096,16777216,134217728,1,cycle,post,1437,134217728,1.00000000000000000,-0.000000000
4,6,4096,16777216,134217728,1,cycle,post,1438,134217728,1.00000000000000000,-0.000000000
4,6,4096,16777216,134217728,1,cycle,post,1439,134217728,1.00000000000000000,-0.000000000
4,6,4096,16777216,134217728,1,cycle,post,1440,134217728,1.00000000000000000,-0.000000000
4,6,4096,16777216,134217728,1,cycle,post,1441,134217728,1.00000000000000000,-0.000000000
4,6,4096,16777216,134217728,1,cycle,post,1442,134217728,1.00000000000000000,-0.000000000
4,6,4096,16777216,134217728,1,cycle,post,1443,134217728,1.00000000000000000,-0.000000000
4,6,4096,16777216,134217728,1,cycle,post,1444,134217728,1.00000000000000000,-0.000000000
4,6,4096,16777216,134217728,1,cycle,post,1445,134217728,1.00000000000000000,-0.000000000
4,6,4096,16777216,134217728,1,cycle,post,1446,134217728,1.00000000000000000,-0.000000000
4,6,4096,16777216,134217728,1,cycle,post,1447,134217728,1.00000000000000000,-0.000000000
4,6,4096,16777216,134217728,1,cycle,post,1448,134217728,1.00000000000000000,-0.000000000
4,6,4096,16777216,134217728,1,cycle,post,1449,134217728,1.00000000000000000,-0.000000000
4,6,4096,16777216,134217728,1,cycle,post,1450,134217728,1.00000000000000000,-0.000000000
4,6,4096,16777216,134217728,1,cycle,post,1451,134217728,1.00000000000000000,-0.000000000
4,6,4096,16777216,134217728,1,cycle,post,1452,134217728,1.00000000000000000,-0.000000000
4,6,4096,16777216,134217728,1,cycle,post,1453,134217728,1.00000000000000000,-0.000000000
4,6,4096,16777216,134217728,1,cycle,post,1454,134217728,1.00000000000000000,-0.000000000
4,6,4096,16777216,134217728,1,cycle,post,1455,134217728,1.00000000000000000,-0.000000000
4,6,4096,16777216,134217728,1,cycle,post,1456,134217728,1.00000000000000000,-0.000000000
4,6,4096,16777216,134217728,1,cycle,post,1457,134217728,1.00000000000000000,-0.000000000
4,6,4096,16777216,134217728,1,cycle,post,1458,134217728,1.00000000000000000,-0.000000000
4,6,4096,16777216,134217728,1,cycle,post,1459,134217728,1.00000000000000000,-0.000000000
4,6,4096,16777216,134217728,1,cycle,post,1460,134217728,1.00000000000000000,-0.000000000
4,6,4096,16777216,134217728,1,cycle,post,1461,134217728,1.00000000000000000,-0.000000000
4,6,4096,16777216,134217728,1,cycle,post,1462,134217728,1.00000000000000000,-0.000000000
4,6,4096,16777216,134217728,1,cycle,post,1463,134217728,1.00000000000000000,-0.000000000
4,6,4096,16777216,134217728,1,cycle,post,1464,134217728,1.00000000000000000,-0.000000000
4,6,4096,16777216,134217728,1,cycle,post,1465,134217728,1.00000000000000000,-0.000000000
4,6,4096,16777216,134217728,1,cycle,post,1466,134217728,1.00000000000000000,-0.000000000
4,6,4096,16777216,134217728,1,cycle,post,1467,134217728,1.00000000000000000,-0.000000000
4,6,4096,16777216,134217728,1,cycle,post,1468,134217728,1.00000000000000000,-0.000000000
4,6,4096,16777216,134217728,1,cycle,post,1469,134217728,1.00000000000000000,-0.000000000
4,6,4096,16777216,134217728,1,cycle,post,1470,134217728,1.00000000000000000,-0.000000000
4,6,4096,16777216,134217728,1,cycle,post,1471,134217728,1.00000000000000000,-0.000000000
4,6,4096,16777216,134217728,1,cycle,post,1472,134217728,1.00000000000000000,-0.000000000
4,6,4096,16777216,134217728,1,cycle,post,1473,134217728,1.00000000000000000,-0.000000000
4,6,4096,16777216,134217728,1,cycle,post,1474,134217728,1.00000000000000000,-0.000000000
4,6,4096,16777216,134217728,1,cycle,post,1475,134217728,1.00000000000000000,-0.000000000
4,6,4096,16777216,134217728,1,cycle,post,1476,134217728,1.00000000000000000,-0.000000000
4,6,4096,16777216,134217728,1,cycle,post,1477,134217728,1.00000000000000000,-0.000000000
4,6,4096,16777216,134217728,1,cycle,post,1478,134217728,1.00000000000000000,-0.000000000
4,6,4096,16777216,134217728,1,cycle,post,1479,134217728,1.00000000000000000,-0.000000000
4,6,4096,16777216,134217728,1,cycle,post,1480,134217728,1.00000000000000000,-0.000000000
4,6,4096,16777216,134217728,1,cycle,post,1481,134217728,1.00000000000000000,-0.000000000
4,6,4096,16777216,134217728,1,cycle,post,1482,134217728,1.00000000000000000,-0.000000000
4,6,4096,16777216,134217728,1,cycle,post,1483,134217728,1.00000000000000000,-0.000000000
4,6,4096,16777216,134217728,1,cycle,post,1484,134217728,1.00000000000000000,-0.000000000
4,6,4096,16777216,134217728,1,cycle,post,1485,134217728,1.00000000000000000,-0.000000000
4,6,4096,16777216,134217728,1,cycle,post,1486,134217728,1.00000000000000000,-0.000000000
4,6,4096,16777216,134217728,1,cycle,post,1487,134217728,1.00000000000000000,-0.000000000
4,6,4096,16777216,134217728,1,cycle,post,1488,134217728,1.00000000000000000,-0.000000000
4,6,4096,16777216,134217728,1,cycle,post,1489,134217728,1.00000000000000000,-0.000000000
4,6,4096,16777216,134217728,1,cycle,post,1490,134217728,1.00000000000000000,-0.000000000
4,6,4096,16777216,134217728,1,cycle,post,1491,134217728,1.00000000000000000,-0.000000000
4,6,4096,16777216,134217728,1,cycle,post,1492,134217728,1.00000000000000000,-0.000000000
4,6,4096,16777216,134217728,1,cycle,post,1493,134217728,1.00000000000000000,-0.000000000
4,6,4096,16777216,134217728,1,cycle,post,1494,134217728,1.00000000000000000,-0.000000000
4,6,4096,16777216,134217728,1,cycle,post,1495,134217728,1.00000000000000000,-0.000000000
4,6,4096,16777216,134217728,1,cycle,post,1496,134217728,1.00000000000000000,-0.000000000
4,6,4096,16777216,134217728,1,cycle,post,1497,134217728,1.00000000000000000,-0.000000000
4,6,4096,16777216,134217728,1,cycle,post,1498,134217728,1.00000000000000000,-0.000000000
4,6,4096,16777216,134217728,1,cycle,post,1499,134217728,1.00000000000000000,-0.000000000
4,6,4096,16777216,134217728,1,cycle,post,1500,134217728,1.00000000000000000,-0.000000000
4,6,4096,16777216,134217728,1,cycle,post,1501,134217728,1.00000000000000000,-0.000000000
4,6,4096,16777216,134217728,1,cycle,post,1502,134217728,1.00000000000000000,-0.000000000
4,6,4096,16777216,134217728,1,cycle,post,1503,134217728,1.00000000000000000,-0.000000000
4,6,4096,16777216,134217728,1,cycle,post,1504,134217728,1.00000000000000000,-0.000000000
4,6,4096,16777216,134217728,1,cycle,post,1505,134217728,1.00000000000000000,-0.000000000
4,6,4096,16777216,134217728,1,cycle,post,1506,134217728,1.00000000000000000,-0.000000000
4,6,4096,16777216,134217728,1,cycle,post,1507,134217728,1.00000000000000000,-0.000000000
4,6,4096,16777216,134217728,1,cycle,post,1508,134217728,1.00000000000000000,-0.000000000
4,6,4096,16777216,134217728,1,cycle,post,1509,134217728,1.00000000000000000,-0.000000000
4,6,4096,16777216,134217728,1,cycle,post,1510,134217728,1.00000000000000000,-0.000000000
4,6,4096,16777216,134217728,1,cycle,post,1511,134217728,1.00000000000000000,-0.000000000
4,6,4096,16777216,134217728,1,cycle,post,1512,134217728,1.00000000000000000,-0.000000000
4,6,4096,16777216,134217728,1,cycle,post,1513,134217728,1.00000000000000000,-0.000000000
4,6,4096,16777216,134217728,1,cycle,post,1514,134217728,1.00000000000000000,-0.000000000
4,6,4096,16777216,134217728,1,cycle,post,1515,134217728,1.00000000000000000,-0.000000000
4,6,4096,16777216,134217728,1,cycle,post,1516,134217728,1.00000000000000000,-0.000000000
4,6,4096,16777216,134217728,1,cycle,post,1517,134217728,1.00000000000000000,-0.000000000
4,6,4096,16777216,134217728,1,cycle,post,1518,134217728,1.00000000000000000,-0.000000000
4,6,4096,16777216,134217728,1,cycle,post,1519,134217728,1.00000000000000000,-0.000000000
4,6,4096,16777216,134217728,1,cycle,post,1520,134217728,1.00000000000000000,-0.000000000
4,6,4096,16777216,134217728,1,cycle,post,1521,134217728,1.00000000000000000,-0.000000000
4,6,4096,16777216,134217728,1,cycle,post,1522,134217728,1.00000000000000000,-0.000000000
4,6,4096,16777216,134217728,1,cycle,post,1523,134217728,1.00000000000000000,-0.000000000
4,6,4096,16777216,134217728,1,cycle,post,1524,134217728,1.00000000000000000,-0.000000000
4,6,4096,16777216,134217728,1,cycle,post,1525,134217728,1.00000000000000000,-0.000000000
4,6,4096,16777216,134217728,1,cycle,post,1526,134217728,1.00000000000000000,-0.000000000
4,6,4096,16777216,134217728,1,cycle,post,1527,134217728,1.00000000000000000,-0.000000000
4,6,4096,16777216,134217728,1,cycle,post,1528,134217728,1.00000000000000000,-0.000000000
4,6,4096,16777216,134217728,1,cycle,post,1529,134217728,1.00000000000000000,-0.000000000
4,6,4096,16777216,134217728,1,cycle,post,1530,134217728,1.00000000000000000,-0.000000000
4,6,4096,16777216,134217728,1,cycle,post,1531,134217728,1.00000000000000000,-0.000000000
4,6,4096,16777216,134217728,1,cycle,post,1532,134217728,1.00000000000000000,-0.000000000
4,6,4096,16777216,134217728,1,cycle,post,1533,134217728,1.00000000000000000,-0.000000000
4,6,4096,16777216,134217728,1,cycle,post,1534,134217728,1.00000000000000000,-0.000000000
4,6,4096,16777216,134217728,1,cycle,post,1535,134217728,1.00000000000000000,-0.000000000
4,6,4096,16777216,134217728,1,cycle,post,1536,134217728,1.00000000000000000,-0.000000000
4,6,4096,16777216,134217728,1,cycle,post,1537,134217728,1.00000000000000000,-0.000000000
4,6,4096,16777216,134217728,1,cycle,post,1538,134217728,1.00000000000000000,-0.000000000
4,6,4096,16777216,134217728,1,cycle,post,1539,134217728,1.00000000000000000,-0.000000000
4,6,4096,16777216,134217728,1,cycle,post,1540,134217728,1.00000000000000000,-0.000000000
4,6,4096,16777216,134217728,1,cycle,post,1541,134217728,1.00000000000000000,-0.000000000
4,6,4096,16777216,134217728,1,cycle,post,1542,134217728,1.00000000000000000,-0.000000000
4,6,4096,16777216,134217728,1,cycle,post,1543,134217728,1.00000000000000000,-0.000000000
4,6,4096,16777216,134217728,1,cycle,post,1544,134217728,1.00000000000000000,-0.000000000
4,6,4096,16777216,134217728,1,cycle,post,1545,134217728,1.00000000000000000,-0.000000000
4,6,4096,16777216,134217728,1,cycle,post,1546,134217728,1.00000000000000000,-0.000000000
4,6,4096,16777216,134217728,1,cycle,post,1547,134217728,1.00000000000000000,-0.000000000
4,6,4096,16777216,134217728,1,cycle,post,1548,134217728,1.00000000000000000,-0.000000000
4,6,4096,16777216,134217728,1,cycle,post,1549,134217728,1.00000000000000000,-0.000000000
4,6,4096,16777216,134217728,1,cycle,post,1550,134217728,1.00000000000000000,-0.000000000
4,6,4096,16777216,134217728,1,cycle,post,1551,134217728,1.00000000000000000,-0.000000000
4,6,4096,16777216,134217728,1,cycle,post,1552,134217728,1.00000000000000000,-0.000000000
4,6,4096,16777216,134217728,1,cycle,post,1553,134217728,1.00000000000000000,-0.000000000
4,6,4096,16777216,134217728,1,cycle,post,1554,134217728,1.00000000000000000,-0.000000000
4,6,4096,16777216,134217728,1,cycle,post,1555,134217728,1.00000000000000000,-0.000000000
4,6,4096,16777216,134217728,1,cycle,post,1556,134217728,1.00000000000000000,-0.000000000
4,6,4096,16777216,134217728,1,cycle,post,1557,134217728,1.00000000000000000,-0.000000000
4,6,4096,16777216,134217728,1,cycle,post,1558,134217728,1.00000000000000000,-0.000000000
4,6,4096,16777216,134217728,1,cycle,post,1559,134217728,1.00000000000000000,-0.000000000
4,6,4096,16777216,134217728,1,cycle,post,1560,134217728,1.00000000000000000,-0.000000000
4,6,4096,16777216,134217728,1,cycle,post,1561,134217728,1.00000000000000000,-0.000000000
4,6,4096,16777216,134217728,1,cycle,post,1562,134217728,1.00000000000000000,-0.000000000
4,6,4096,16777216,134217728,1,cycle,post,1563,134217728,1.00000000000000000,-0.000000000
4,6,4096,16777216,134217728,1,cycle,post,1564,134217728,1.00000000000000000,-0.000000000
4,6,4096,16777216,134217728,1,cycle,post,1565,134217728,1.00000000000000000,-0.000000000
4,6,4096,16777216,134217728,1,cycle,post,1566,134217728,1.00000000000000000,-0.000000000
4,6,4096,16777216,134217728,1,cycle,post,1567,134217728,1.00000000000000000,-0.000000000
4,6,4096,16777216,134217728,1,cycle,post,1568,134217728,1.00000000000000000,-0.000000000
4,6,4096,16777216,134217728,1,cycle,post,1569,134217728,1.00000000000000000,-0.000000000
4,6,4096,16777216,134217728,1,cycle,post,1570,134217728,1.00000000000000000,-0.000000000
4,6,4096,16777216,134217728,1,cycle,post,1571,134217728,1.00000000000000000,-0.000000000
4,6,4096,16777216,134217728,1,cycle,post,1572,134217728,1.00000000000000000,-0.000000000
4,6,4096,16777216,134217728,1,cycle,post,1573,134217728,1.00000000000000000,-0.000000000
4,6,4096,16777216,134217728,1,cycle,post,1574,134217728,1.00000000000000000,-0.000000000
4,6,4096,16777216,134217728,1,cycle,post,1575,134217728,1.00000000000000000,-0.000000000
4,6,4096,16777216,134217728,1,cycle,post,1576,134217728,1.00000000000000000,-0.000000000
4,6,4096,16777216,134217728,1,cycle,post,1577,134217728,1.00000000000000000,-0.000000000
4,6,4096,16777216,134217728,1,cycle,post,1578,134217728,1.00000000000000000,-0.000000000
4,6,4096,16777216,134217728,1,cycle,post,1579,134217728,1.00000000000000000,-0.000000000
4,6,4096,16777216,134217728,1,cycle,post,1580,134217728,1.00000000000000000,-0.000000000
4,6,4096,16777216,134217728,1,cycle,post,1581,134217728,1.00000000000000000,-0.000000000
4,6,4096,16777216,134217728,1,cycle,post,1582,134217728,1.00000000000000000,-0.000000000
4,6,4096,16777216,134217728,1,cycle,post,1583,134217728,1.00000000000000000,-0.000000000
4,6,4096,16777216,134217728,1,cycle,post,1584,134217728,1.00000000000000000,-0.000000000
4,6,4096,16777216,134217728,1,cycle,post,1585,134217728,1.00000000000000000,-0.000000000
4,6,4096,16777216,134217728,1,cycle,post,1586,134217728,1.00000000000000000,-0.000000000
4,6,4096,16777216,134217728,1,cycle,post,1587,134217728,1.00000000000000000,-0.000000000
4,6,4096,16777216,134217728,1,cycle,post,1588,134217728,1.00000000000000000,-0.000000000
4,6,4096,16777216,134217728,1,cycle,post,1589,134217728,1.00000000000000000,-0.000000000
4,6,4096,16777216,134217728,1,cycle,post,1590,134217728,1.00000000000000000,-0.000000000
4,6,4096,16777216,134217728,1,cycle,post,1591,134217728,1.00000000000000000,-0.000000000
4,6,4096,16777216,134217728,1,cycle,post,1592,134217728,1.00000000000000000,-0.000000000
4,6,4096,16777216,134217728,1,cycle,post,1593,134217728,1.00000000000000000,-0.000000000
4,6,4096,16777216,134217728,1,cycle,post,1594,134217728,1.00000000000000000,-0.000000000
4,6,4096,16777216,134217728,1,cycle,post,1595,134217728,1.00000000000000000,-0.000000000
4,6,4096,16777216,134217728,1,cycle,post,1596,134217728,1.00000000000000000,-0.000000000
4,6,4096,16777216,134217728,1,cycle,post,1597,134217728,1.00000000000000000,-0.000000000
4,6,4096,16777216,134217728,1,cycle,post,1598,134217728,1.00000000000000000,-0.000000000
4,6,4096,16777216,134217728,1,cycle,post,1599,134217728,1.00000000000000000,-0.000000000
4,6,4096,16777216,134217728,1,cycle,post,1600,134217728,1.00000000000000000,-0.000000000
4,6,4096,16777216,134217728,1,cycle,post,1601,134217728,1.00000000000000000,-0.000000000
4,6,4096,16777216,134217728,1,cycle,post,1602,134217728,1.00000000000000000,-0.000000000
4,6,4096,16777216,134217728,1,cycle,post,1603,134217728,1.00000000000000000,-0.000000000
4,6,4096,16777216,134217728,1,cycle,post,1604,134217728,1.00000000000000000,-0.000000000
4,6,4096,16777216,134217728,1,cycle,post,1605,134217728,1.00000000000000000,-0.000000000
4,6,4096,16777216,134217728,1,cycle,post,1606,134217728,1.00000000000000000,-0.000000000
4,6,4096,16777216,134217728,1,cycle,post,1607,134217728,1.00000000000000000,-0.000000000
4,6,4096,16777216,134217728,1,cycle,post,1608,134217728,1.00000000000000000,-0.000000000
4,6,4096,16777216,134217728,1,cycle,post,1609,134217728,1.00000000000000000,-0.000000000
4,6,4096,16777216,134217728,1,cycle,post,1610,134217728,1.00000000000000000,-0.000000000
4,6,4096,16777216,134217728,1,cycle,post,1611,134217728,1.00000000000000000,-0.000000000
4,6,4096,16777216,134217728,1,cycle,post,1612,134217728,1.00000000000000000,-0.000000000
4,6,4096,16777216,134217728,1,cycle,post,1613,134217728,1.00000000000000000,-0.000000000
4,6,4096,16777216,134217728,1,cycle,post,1614,134217728,1.00000000000000000,-0.000000000
4,6,4096,16777216,134217728,1,cycle,post,1615,134217728,1.00000000000000000,-0.000000000
4,6,4096,16777216,134217728,1,cycle,post,1616,134217728,1.00000000000000000,-0.000000000
4,6,4096,16777216,134217728,1,cycle,post,1617,134217728,1.00000000000000000,-0.000000000
4,6,4096,16777216,134217728,1,cycle,post,1618,134217728,1.00000000000000000,-0.000000000
4,6,4096,16777216,134217728,1,cycle,post,1619,134217728,1.00000000000000000,-0.000000000
4,6,4096,16777216,134217728,1,cycle,post,1620,134217728,1.00000000000000000,-0.000000000
4,6,4096,16777216,134217728,1,cycle,post,1621,134217728,1.00000000000000000,-0.000000000
4,6,4096,16777216,134217728,1,cycle,post,1622,134217728,1.00000000000000000,-0.000000000
4,6,4096,16777216,134217728,1,cycle,post,1623,134217728,1.00000000000000000,-0.000000000
4,6,4096,16777216,134217728,1,cycle,post,1624,134217728,1.00000000000000000,-0.000000000
4,6,4096,16777216,134217728,1,cycle,post,1625,134217728,1.00000000000000000,-0.000000000
4,6,4096,16777216,134217728,1,cycle,post,1626,134217728,1.00000000000000000,-0.000000000
4,6,4096,16777216,134217728,1,cycle,post,1627,134217728,1.00000000000000000,-0.000000000
4,6,4096,16777216,134217728,1,cycle,post,1628,134217728,1.00000000000000000,-0.000000000
4,6,4096,16777216,134217728,1,cycle,post,1629,134217728,1.00000000000000000,-0.000000000
4,6,4096,16777216,134217728,1,cycle,post,1630,134217728,1.00000000000000000,-0.000000000
4,6,4096,16777216,134217728,1,cycle,post,1631,134217728,1.00000000000000000,-0.000000000
4,6,4096,16777216,134217728,1,cycle,post,1632,134217728,1.00000000000000000,-0.000000000
4,6,4096,16777216,134217728,1,cycle,post,1633,134217728,1.00000000000000000,-0.000000000
4,6,4096,16777216,134217728,1,cycle,post,1634,134217728,1.00000000000000000,-0.000000000
4,6,4096,16777216,134217728,1,cycle,post,1635,134217728,1.00000000000000000,-0.000000000
4,6,4096,16777216,134217728,1,cycle,post,1636,134217728,1.00000000000000000,-0.000000000
4,6,4096,16777216,134217728,1,cycle,post,1637,134217728,1.00000000000000000,-0.000000000
4,6,4096,16777216,134217728,1,cycle,post,1638,134217728,1.00000000000000000,-0.000000000
4,6,4096,16777216,134217728,1,cycle,post,1639,134217728,1.00000000000000000,-0.000000000
4,6,4096,16777216,134217728,1,cycle,post,1640,134217728,1.00000000000000000,-0.000000000
4,6,4096,16777216,134217728,1,cycle,post,1641,134217728,1.00000000000000000,-0.000000000
4,6,4096,16777216,134217728,1,cycle,post,1642,134217728,1.00000000000000000,-0.000000000
4,6,4096,16777216,134217728,1,cycle,post,1643,134217728,1.00000000000000000,-0.000000000
4,6,4096,16777216,134217728,1,cycle,post,1644,134217728,1.00000000000000000,-0.000000000
4,6,4096,16777216,134217728,1,cycle,post,1645,134217728,1.00000000000000000,-0.000000000
4,6,4096,16777216,134217728,1,cycle,post,1646,134217728,1.00000000000000000,-0.000000000
4,6,4096,16777216,134217728,1,cycle,post,1647,134217728,1.00000000000000000,-0.000000000
4,6,4096,16777216,134217728,1,cycle,post,1648,134217728,1.00000000000000000,-0.000000000
4,6,4096,16777216,134217728,1,cycle,post,1649,134217728,1.00000000000000000,-0.000000000
4,6,4096,16777216,134217728,1,cycle,post,1650,134217728,1.00000000000000000,-0.000000000
4,6,4096,16777216,134217728,1,cycle,post,1651,134217728,1.00000000000000000,-0.000000000
4,6,4096,16777216,134217728,1,cycle,post,1652,134217728,1.00000000000000000,-0.000000000
4,6,4096,16777216,134217728,1,cycle,post,1653,134217728,1.00000000000000000,-0.000000000
4,6,4096,16777216,134217728,1,cycle,post,1654,134217728,1.00000000000000000,-0.000000000
4,6,4096,16777216,134217728,1,cycle,post,1655,134217728,1.00000000000000000,-0.000000000
4,6,4096,16777216,134217728,1,cycle,post,1656,134217728,1.00000000000000000,-0.000000000
4,6,4096,16777216,134217728,1,cycle,post,1657,134217728,1.00000000000000000,-0.000000000
4,6,4096,16777216,134217728,1,cycle,post,1658,134217728,1.00000000000000000,-0.000000000
4,6,4096,16777216,134217728,1,cycle,post,1659,134217728,1.00000000000000000,-0.000000000
4,6,4096,16777216,134217728,1,cycle,post,1660,134217728,1.00000000000000000,-0.000000000
4,6,4096,16777216,134217728,1,cycle,post,1661,134217728,1.00000000000000000,-0.000000000
4,6,4096,16777216,134217728,1,cycle,post,1662,134217728,1.00000000000000000,-0.000000000
4,6,4096,16777216,134217728,1,cycle,post,1663,134217728,1.00000000000000000,-0.000000000
4,6,4096,16777216,134217728,1,cycle,post,1664,134217728,1.00000000000000000,-0.000000000
4,6,4096,16777216,134217728,1,cycle,post,1665,134217728,1.00000000000000000,-0.000000000
4,6,4096,16777216,134217728,1,cycle,post,1666,134217728,1.00000000000000000,-0.000000000
4,6,4096,16777216,134217728,1,cycle,post,1667,134217728,1.00000000000000000,-0.000000000
4,6,4096,16777216,134217728,1,cycle,post,1668,134217728,1.00000000000000000,-0.000000000
4,6,4096,16777216,134217728,1,cycle,post,1669,134217728,1.00000000000000000,-0.000000000
4,6,4096,16777216,134217728,1,cycle,post,1670,134217728,1.00000000000000000,-0.000000000
4,6,4096,16777216,134217728,1,cycle,post,1671,134217728,1.00000000000000000,-0.000000000
4,6,4096,16777216,134217728,1,cycle,post,1672,134217728,1.00000000000000000,-0.000000000
4,6,4096,16777216,134217728,1,cycle,post,1673,134217728,1.00000000000000000,-0.000000000
4,6,4096,16777216,134217728,1,cycle,post,1674,134217728,1.00000000000000000,-0.000000000
4,6,4096,16777216,134217728,1,cycle,post,1675,134217728,1.00000000000000000,-0.000000000
4,6,4096,16777216,134217728,1,cycle,post,1676,134217728,1.00000000000000000,-0.000000000
4,6,4096,16777216,134217728,1,cycle,post,1677,134217728,1.00000000000000000,-0.000000000
4,6,4096,16777216,134217728,1,cycle,post,1678,134217728,1.00000000000000000,-0.000000000
4,6,4096,16777216,134217728,1,cycle,post,1679,134217728,1.00000000000000000,-0.000000000
4,6,4096,16777216,134217728,1,cycle,post,1680,134217728,1.00000000000000000,-0.000000000
4,6,4096,16777216,134217728,1,cycle,post,1681,134217728,1.00000000000000000,-0.000000000
4,6,4096,16777216,134217728,1,cycle,post,1682,134217728,1.00000000000000000,-0.000000000
4,6,4096,16777216,134217728,1,cycle,post,1683,134217728,1.00000000000000000,-0.000000000
4,6,4096,16777216,134217728,1,cycle,post,1684,134217728,1.00000000000000000,-0.000000000
4,6,4096,16777216,134217728,1,cycle,post,1685,134217728,1.00000000000000000,-0.000000000
4,6,4096,16777216,134217728,1,cycle,post,1686,134217728,1.00000000000000000,-0.000000000
4,6,4096,16777216,134217728,1,cycle,post,1687,134217728,1.00000000000000000,-0.000000000
4,6,4096,16777216,134217728,1,cycle,post,1688,134217728,1.00000000000000000,-0.000000000
4,6,4096,16777216,134217728,1,cycle,post,1689,134217728,1.00000000000000000,-0.000000000
4,6,4096,16777216,134217728,1,cycle,post,1690,134217728,1.00000000000000000,-0.000000000
4,6,4096,16777216,134217728,1,cycle,post,1691,134217728,1.00000000000000000,-0.000000000
4,6,4096,16777216,134217728,1,cycle,post,1692,134217728,1.00000000000000000,-0.000000000
4,6,4096,16777216,134217728,1,cycle,post,1693,134217728,1.00000000000000000,-0.000000000
4,6,4096,16777216,134217728,1,cycle,post,1694,134217728,1.00000000000000000,-0.000000000
4,6,4096,16777216,134217728,1,cycle,post,1695,134217728,1.00000000000000000,-0.000000000
4,6,4096,16777216,134217728,1,cycle,post,1696,134217728,1.00000000000000000,-0.000000000
4,6,4096,16777216,134217728,1,cycle,post,1697,134217728,1.00000000000000000,-0.000000000
4,6,4096,16777216,134217728,1,cycle,post,1698,134217728,1.00000000000000000,-0.000000000
4,6,4096,16777216,134217728,1,cycle,post,1699,134217728,1.00000000000000000,-0.000000000
4,6,4096,16777216,134217728,1,cycle,post,1700,134217728,1.00000000000000000,-0.000000000
4,6,4096,16777216,134217728,1,cycle,post,1701,134217728,1.00000000000000000,-0.000000000
4,6,4096,16777216,134217728,1,cycle,post,1702,134217728,1.00000000000000000,-0.000000000
4,6,4096,16777216,134217728,1,cycle,post,1703,134217728,1.00000000000000000,-0.000000000
4,6,4096,16777216,134217728,1,cycle,post,1704,134217728,1.00000000000000000,-0.000000000
4,6,4096,16777216,134217728,1,cycle,post,1705,134217728,1.00000000000000000,-0.000000000
4,6,4096,16777216,134217728,1,cycle,post,1706,134217728,1.00000000000000000,-0.000000000
4,6,4096,16777216,134217728,1,cycle,post,1707,134217728,1.00000000000000000,-0.000000000
4,6,4096,16777216,134217728,1,cycle,post,1708,134217728,1.00000000000000000,-0.000000000
4,6,4096,16777216,134217728,1,cycle,post,1709,134217728,1.00000000000000000,-0.000000000
4,6,4096,16777216,134217728,1,cycle,post,1710,134217728,1.00000000000000000,-0.000000000
4,6,4096,16777216,134217728,1,cycle,post,1711,134217728,1.00000000000000000,-0.000000000
4,6,4096,16777216,134217728,1,cycle,post,1712,134217728,1.00000000000000000,-0.000000000
4,6,4096,16777216,134217728,1,cycle,post,1713,134217728,1.00000000000000000,-0.000000000
4,6,4096,16777216,134217728,1,cycle,post,1714,134217728,1.00000000000000000,-0.000000000
4,6,4096,16777216,134217728,1,cycle,post,1715,134217728,1.00000000000000000,-0.000000000
4,6,4096,16777216,134217728,1,cycle,post,1716,134217728,1.00000000000000000,-0.000000000
4,6,4096,16777216,134217728,1,cycle,post,1717,134217728,1.00000000000000000,-0.000000000
4,6,4096,16777216,134217728,1,cycle,post,1718,134217728,1.00000000000000000,-0.000000000
4,6,4096,16777216,134217728,1,cycle,post,1719,134217728,1.00000000000000000,-0.000000000
4,6,4096,16777216,134217728,1,cycle,post,1720,134217728,1.00000000000000000,-0.000000000
4,6,4096,16777216,134217728,1,cycle,post,1721,134217728,1.00000000000000000,-0.000000000
4,6,4096,16777216,134217728,1,cycle,post,1722,134217728,1.00000000000000000,-0.000000000
4,6,4096,16777216,134217728,1,cycle,post,1723,134217728,1.00000000000000000,-0.000000000
4,6,4096,16777216,134217728,1,cycle,post,1724,134217728,1.00000000000000000,-0.000000000
4,6,4096,16777216,134217728,1,cycle,post,1725,134217728,1.00000000000000000,-0.000000000
4,6,4096,16777216,134217728,1,cycle,post,1726,134217728,1.00000000000000000,-0.000000000
4,6,4096,16777216,134217728,1,cycle,post,1727,134217728,1.00000000000000000,-0.000000000
4,6,4096,16777216,134217728,1,cycle,post,1728,134217728,1.00000000000000000,-0.000000000
4,6,4096,16777216,134217728,1,cycle,post,1729,134217728,1.00000000000000000,-0.000000000
4,6,4096,16777216,134217728,1,cycle,post,1730,134217728,1.00000000000000000,-0.000000000
4,6,4096,16777216,134217728,1,cycle,post,1731,134217728,1.00000000000000000,-0.000000000
4,6,4096,16777216,134217728,1,cycle,post,1732,134217728,1.00000000000000000,-0.000000000
4,6,4096,16777216,134217728,1,cycle,post,1733,134217728,1.00000000000000000,-0.000000000
4,6,4096,16777216,134217728,1,cycle,post,1734,134217728,1.00000000000000000,-0.000000000
4,6,4096,16777216,134217728,1,cycle,post,1735,134217728,1.00000000000000000,-0.000000000
4,6,4096,16777216,134217728,1,cycle,post,1736,134217728,1.00000000000000000,-0.000000000
4,6,4096,16777216,134217728,1,cycle,post,1737,134217728,1.00000000000000000,-0.000000000
4,6,4096,16777216,134217728,1,cycle,post,1738,134217728,1.00000000000000000,-0.000000000
4,6,4096,16777216,134217728,1,cycle,post,1739,134217728,1.00000000000000000,-0.000000000
4,6,4096,16777216,134217728,1,cycle,post,1740,134217728,1.00000000000000000,-0.000000000
4,6,4096,16777216,134217728,1,cycle,post,1741,134217728,1.00000000000000000,-0.000000000
4,6,4096,16777216,134217728,1,cycle,post,1742,134217728,1.00000000000000000,-0.000000000
4,6,4096,16777216,134217728,1,cycle,post,1743,134217728,1.00000000000000000,-0.000000000
4,6,4096,16777216,134217728,1,cycle,post,1744,134217728,1.00000000000000000,-0.000000000
4,6,4096,16777216,134217728,1,cycle,post,1745,134217728,1.00000000000000000,-0.000000000
4,6,4096,16777216,134217728,1,cycle,post,1746,134217728,1.00000000000000000,-0.000000000
4,6,4096,16777216,134217728,1,cycle,post,1747,134217728,1.00000000000000000,-0.000000000
4,6,4096,16777216,134217728,1,cycle,post,1748,134217728,1.00000000000000000,-0.000000000
4,6,4096,16777216,134217728,1,cycle,post,1749,134217728,1.00000000000000000,-0.000000000
4,6,4096,16777216,134217728,1,cycle,post,1750,134217728,1.00000000000000000,-0.000000000
4,6,4096,16777216,134217728,1,cycle,post,1751,134217728,1.00000000000000000,-0.000000000
4,6,4096,16777216,134217728,1,cycle,post,1752,134217728,1.00000000000000000,-0.000000000
4,6,4096,16777216,134217728,1,cycle,post,1753,134217728,1.00000000000000000,-0.000000000
4,6,4096,16777216,134217728,1,cycle,post,1754,134217728,1.00000000000000000,-0.000000000
4,6,4096,16777216,134217728,1,cycle,post,1755,134217728,1.00000000000000000,-0.000000000
4,6,4096,16777216,134217728,1,cycle,post,1756,134217728,1.00000000000000000,-0.000000000
4,6,4096,16777216,134217728,1,cycle,post,1757,134217728,1.00000000000000000,-0.000000000
4,6,4096,16777216,134217728,1,cycle,post,1758,134217728,1.00000000000000000,-0.000000000
4,6,4096,16777216,134217728,1,cycle,post,1759,134217728,1.00000000000000000,-0.000000000
4,6,4096,16777216,134217728,1,cycle,post,1760,134217728,1.00000000000000000,-0.000000000
4,6,4096,16777216,134217728,1,cycle,post,1761,134217728,1.00000000000000000,-0.000000000
4,6,4096,16777216,134217728,1,cycle,post,1762,134217728,1.00000000000000000,-0.000000000
4,6,4096,16777216,134217728,1,cycle,post,1763,134217728,1.00000000000000000,-0.000000000
4,6,4096,16777216,134217728,1,cycle,post,1764,134217728,1.00000000000000000,-0.000000000
4,6,4096,16777216,134217728,1,cycle,post,1765,134217728,1.00000000000000000,-0.000000000
4,6,4096,16777216,134217728,1,cycle,post,1766,134217728,1.00000000000000000,-0.000000000
4,6,4096,16777216,134217728,1,cycle,post,1767,134217728,1.00000000000000000,-0.000000000
4,6,4096,16777216,134217728,1,cycle,post,1768,134217728,1.00000000000000000,-0.000000000
4,6,4096,16777216,134217728,1,cycle,post,1769,134217728,1.00000000000000000,-0.000000000
4,6,4096,16777216,134217728,1,cycle,post,1770,134217728,1.00000000000000000,-0.000000000
4,6,4096,16777216,134217728,1,cycle,post,1771,134217728,1.00000000000000000,-0.000000000
4,6,4096,16777216,134217728,1,cycle,post,1772,134217728,1.00000000000000000,-0.000000000
4,6,4096,16777216,134217728,1,cycle,post,1773,134217728,1.00000000000000000,-0.000000000
4,6,4096,16777216,134217728,1,cycle,post,1774,134217728,1.00000000000000000,-0.000000000
4,6,4096,16777216,134217728,1,cycle,post,1775,134217728,1.00000000000000000,-0.000000000
4,6,4096,16777216,134217728,1,cycle,post,1776,134217728,1.00000000000000000,-0.000000000
4,6,4096,16777216,134217728,1,cycle,post,1777,134217728,1.00000000000000000,-0.000000000
4,6,4096,16777216,134217728,1,cycle,post,1778,134217728,1.00000000000000000,-0.000000000
4,6,4096,16777216,134217728,1,cycle,post,1779,134217728,1.00000000000000000,-0.000000000
4,6,4096,16777216,134217728,1,cycle,post,1780,134217728,1.00000000000000000,-0.000000000
4,6,4096,16777216,134217728,1,cycle,post,1781,134217728,1.00000000000000000,-0.000000000
4,6,4096,16777216,134217728,1,cycle,post,1782,134217728,1.00000000000000000,-0.000000000
4,6,4096,16777216,134217728,1,cycle,post,1783,134217728,1.00000000000000000,-0.000000000
4,6,4096,16777216,134217728,1,cycle,post,1784,134217728,1.00000000000000000,-0.000000000
4,6,4096,16777216,134217728,1,cycle,post,1785,134217728,1.00000000000000000,-0.000000000
4,6,4096,16777216,134217728,1,cycle,post,1786,134217728,1.00000000000000000,-0.000000000
4,6,4096,16777216,134217728,1,cycle,post,1787,134217728,1.00000000000000000,-0.000000000
4,6,4096,16777216,134217728,1,cycle,post,1788,134217728,1.00000000000000000,-0.000000000
4,6,4096,16777216,134217728,1,cycle,post,1789,134217728,1.00000000000000000,-0.000000000
4,6,4096,16777216,134217728,1,cycle,post,1790,134217728,1.00000000000000000,-0.000000000
4,6,4096,16777216,134217728,1,cycle,post,1791,134217728,1.00000000000000000,-0.000000000
4,6,4096,16777216,134217728,1,cycle,post,1792,134217728,1.00000000000000000,-0.000000000
4,6,4096,16777216,134217728,1,cycle,post,1793,134217728,1.00000000000000000,-0.000000000
4,6,4096,16777216,134217728,1,cycle,post,1794,134217728,1.00000000000000000,-0.000000000
4,6,4096,16777216,134217728,1,cycle,post,1795,134217728,1.00000000000000000,-0.000000000
4,6,4096,16777216,134217728,1,cycle,post,1796,134217728,1.00000000000000000,-0.000000000
4,6,4096,16777216,134217728,1,cycle,post,1797,134217728,1.00000000000000000,-0.000000000
4,6,4096,16777216,134217728,1,cycle,post,1798,134217728,1.00000000000000000,-0.000000000
4,6,4096,16777216,134217728,1,cycle,post,1799,134217728,1.00000000000000000,-0.000000000
4,6,4096,16777216,134217728,1,cycle,post,1800,134217728,1.00000000000000000,-0.000000000
4,6,4096,16777216,134217728,1,cycle,post,1801,134217728,1.00000000000000000,-0.000000000
4,6,4096,16777216,134217728,1,cycle,post,1802,134217728,1.00000000000000000,-0.000000000
4,6,4096,16777216,134217728,1,cycle,post,1803,134217728,1.00000000000000000,-0.000000000
4,6,4096,16777216,134217728,1,cycle,post,1804,134217728,1.00000000000000000,-0.000000000
4,6,4096,16777216,134217728,1,cycle,post,1805,134217728,1.00000000000000000,-0.000000000
4,6,4096,16777216,134217728,1,cycle,post,1806,134217728,1.00000000000000000,-0.000000000
4,6,4096,16777216,134217728,1,cycle,post,1807,134217728,1.00000000000000000,-0.000000000
4,6,4096,16777216,134217728,1,cycle,post,1808,134217728,1.00000000000000000,-0.000000000
4,6,4096,16777216,134217728,1,cycle,post,1809,134217728,1.00000000000000000,-0.000000000
4,6,4096,16777216,134217728,1,cycle,post,1810,134217728,1.00000000000000000,-0.000000000
4,6,4096,16777216,134217728,1,cycle,post,1811,134217728,1.00000000000000000,-0.000000000
4,6,4096,16777216,134217728,1,cycle,post,1812,134217728,1.00000000000000000,-0.000000000
4,6,4096,16777216,134217728,1,cycle,post,1813,134217728,1.00000000000000000,-0.000000000
4,6,4096,16777216,134217728,1,cycle,post,1814,134217728,1.00000000000000000,-0.000000000
4,6,4096,16777216,134217728,1,cycle,post,1815,134217728,1.00000000000000000,-0.000000000
4,6,4096,16777216,134217728,1,cycle,post,1816,134217728,1.00000000000000000,-0.000000000
4,6,4096,16777216,134217728,1,cycle,post,1817,134217728,1.00000000000000000,-0.000000000
4,6,4096,16777216,134217728,1,cycle,post,1818,134217728,1.00000000000000000,-0.000000000
4,6,4096,16777216,134217728,1,cycle,post,1819,134217728,1.00000000000000000,-0.000000000
4,6,4096,16777216,134217728,1,cycle,post,1820,134217728,1.00000000000000000,-0.000000000
4,6,4096,16777216,134217728,1,cycle,post,1821,134217728,1.00000000000000000,-0.000000000
4,6,4096,16777216,134217728,1,cycle,post,1822,134217728,1.00000000000000000,-0.000000000
4,6,4096,16777216,134217728,1,cycle,post,1823,134217728,1.00000000000000000,-0.000000000
4,6,4096,16777216,134217728,1,cycle,post,1824,134217728,1.00000000000000000,-0.000000000
4,6,4096,16777216,134217728,1,cycle,post,1825,134217728,1.00000000000000000,-0.000000000
4,6,4096,16777216,134217728,1,cycle,post,1826,134217728,1.00000000000000000,-0.000000000
4,6,4096,16777216,134217728,1,cycle,post,1827,134217728,1.00000000000000000,-0.000000000
4,6,4096,16777216,134217728,1,cycle,post,1828,134217728,1.00000000000000000,-0.000000000
4,6,4096,16777216,134217728,1,cycle,post,1829,134217728,1.00000000000000000,-0.000000000
4,6,4096,16777216,134217728,1,cycle,post,1830,134217728,1.00000000000000000,-0.000000000
4,6,4096,16777216,134217728,1,cycle,post,1831,134217728,1.00000000000000000,-0.000000000
4,6,4096,16777216,134217728,1,cycle,post,1832,134217728,1.00000000000000000,-0.000000000
4,6,4096,16777216,134217728,1,cycle,post,1833,134217728,1.00000000000000000,-0.000000000
4,6,4096,16777216,134217728,1,cycle,post,1834,134217728,1.00000000000000000,-0.000000000
4,6,4096,16777216,134217728,1,cycle,post,1835,134217728,1.00000000000000000,-0.000000000
4,6,4096,16777216,134217728,1,cycle,post,1836,134217728,1.00000000000000000,-0.000000000
4,6,4096,16777216,134217728,1,cycle,post,1837,134217728,1.00000000000000000,-0.000000000
4,6,4096,16777216,134217728,1,cycle,post,1838,134217728,1.00000000000000000,-0.000000000
4,6,4096,16777216,134217728,1,cycle,post,1839,134217728,1.00000000000000000,-0.000000000
4,6,4096,16777216,134217728,1,cycle,post,1840,134217728,1.00000000000000000,-0.000000000
4,6,4096,16777216,134217728,1,cycle,post,1841,134217728,1.00000000000000000,-0.000000000
4,6,4096,16777216,134217728,1,cycle,post,1842,134217728,1.00000000000000000,-0.000000000
4,6,4096,16777216,134217728,1,cycle,post,1843,134217728,1.00000000000000000,-0.000000000
4,6,4096,16777216,134217728,1,cycle,post,1844,134217728,1.00000000000000000,-0.000000000
4,6,4096,16777216,134217728,1,cycle,post,1845,134217728,1.00000000000000000,-0.000000000
4,6,4096,16777216,134217728,1,cycle,post,1846,134217728,1.00000000000000000,-0.000000000
4,6,4096,16777216,134217728,1,cycle,post,1847,134217728,1.00000000000000000,-0.000000000
4,6,4096,16777216,134217728,1,cycle,post,1848,134217728,1.00000000000000000,-0.000000000
4,6,4096,16777216,134217728,1,cycle,post,1849,134217728,1.00000000000000000,-0.000000000
4,6,4096,16777216,134217728,1,cycle,post,1850,134217728,1.00000000000000000,-0.000000000
4,6,4096,16777216,134217728,1,cycle,post,1851,134217728,1.00000000000000000,-0.000000000
4,6,4096,16777216,134217728,1,cycle,post,1852,134217728,1.00000000000000000,-0.000000000
4,6,4096,16777216,134217728,1,cycle,post,1853,134217728,1.00000000000000000,-0.000000000
4,6,4096,16777216,134217728,1,cycle,post,1854,134217728,1.00000000000000000,-0.000000000
4,6,4096,16777216,134217728,1,cycle,post,1855,134217728,1.00000000000000000,-0.000000000
4,6,4096,16777216,134217728,1,cycle,post,1856,134217728,1.00000000000000000,-0.000000000
4,6,4096,16777216,134217728,1,cycle,post,1857,134217728,1.00000000000000000,-0.000000000
4,6,4096,16777216,134217728,1,cycle,post,1858,134217728,1.00000000000000000,-0.000000000
4,6,4096,16777216,134217728,1,cycle,post,1859,134217728,1.00000000000000000,-0.000000000
4,6,4096,16777216,134217728,1,cycle,post,1860,134217728,1.00000000000000000,-0.000000000
4,6,4096,16777216,134217728,1,cycle,post,1861,134217728,1.00000000000000000,-0.000000000
4,6,4096,16777216,134217728,1,cycle,post,1862,134217728,1.00000000000000000,-0.000000000
4,6,4096,16777216,134217728,1,cycle,post,1863,134217728,1.00000000000000000,-0.000000000
4,6,4096,16777216,134217728,1,cycle,post,1864,134217728,1.00000000000000000,-0.000000000
4,6,4096,16777216,134217728,1,cycle,post,1865,134217728,1.00000000000000000,-0.000000000
4,6,4096,16777216,134217728,1,cycle,post,1866,134217728,1.00000000000000000,-0.000000000
4,6,4096,16777216,134217728,1,cycle,post,1867,134217728,1.00000000000000000,-0.000000000
4,6,4096,16777216,134217728,1,cycle,post,1868,134217728,1.00000000000000000,-0.000000000
4,6,4096,16777216,134217728,1,cycle,post,1869,134217728,1.00000000000000000,-0.000000000
4,6,4096,16777216,134217728,1,cycle,post,1870,134217728,1.00000000000000000,-0.000000000
4,6,4096,16777216,134217728,1,cycle,post,1871,134217728,1.00000000000000000,-0.000000000
4,6,4096,16777216,134217728,1,cycle,post,1872,134217728,1.00000000000000000,-0.000000000
4,6,4096,16777216,134217728,1,cycle,post,1873,134217728,1.00000000000000000,-0.000000000
4,6,4096,16777216,134217728,1,cycle,post,1874,134217728,1.00000000000000000,-0.000000000
4,6,4096,16777216,134217728,1,cycle,post,1875,134217728,1.00000000000000000,-0.000000000
4,6,4096,16777216,134217728,1,cycle,post,1876,134217728,1.00000000000000000,-0.000000000
4,6,4096,16777216,134217728,1,cycle,post,1877,134217728,1.00000000000000000,-0.000000000
4,6,4096,16777216,134217728,1,cycle,post,1878,134217728,1.00000000000000000,-0.000000000
4,6,4096,16777216,134217728,1,cycle,post,1879,134217728,1.00000000000000000,-0.000000000
4,6,4096,16777216,134217728,1,cycle,post,1880,134217728,1.00000000000000000,-0.000000000
4,6,4096,16777216,134217728,1,cycle,post,1881,134217728,1.00000000000000000,-0.000000000
4,6,4096,16777216,134217728,1,cycle,post,1882,134217728,1.00000000000000000,-0.000000000
4,6,4096,16777216,134217728,1,cycle,post,1883,134217728,1.00000000000000000,-0.000000000
4,6,4096,16777216,134217728,1,cycle,post,1884,134217728,1.00000000000000000,-0.000000000
4,6,4096,16777216,134217728,1,cycle,post,1885,134217728,1.00000000000000000,-0.000000000
4,6,4096,16777216,134217728,1,cycle,post,1886,134217728,1.00000000000000000,-0.000000000
4,6,4096,16777216,134217728,1,cycle,post,1887,134217728,1.00000000000000000,-0.000000000
4,6,4096,16777216,134217728,1,cycle,post,1888,134217728,1.00000000000000000,-0.000000000
4,6,4096,16777216,134217728,1,cycle,post,1889,134217728,1.00000000000000000,-0.000000000
4,6,4096,16777216,134217728,1,cycle,post,1890,134217728,1.00000000000000000,-0.000000000
4,6,4096,16777216,134217728,1,cycle,post,1891,134217728,1.00000000000000000,-0.000000000
4,6,4096,16777216,134217728,1,cycle,post,1892,134217728,1.00000000000000000,-0.000000000
4,6,4096,16777216,134217728,1,cycle,post,1893,134217728,1.00000000000000000,-0.000000000
4,6,4096,16777216,134217728,1,cycle,post,1894,134217728,1.00000000000000000,-0.000000000
4,6,4096,16777216,134217728,1,cycle,post,1895,134217728,1.00000000000000000,-0.000000000
4,6,4096,16777216,134217728,1,cycle,post,1896,134217728,1.00000000000000000,-0.000000000
4,6,4096,16777216,134217728,1,cycle,post,1897,134217728,1.00000000000000000,-0.000000000
4,6,4096,16777216,134217728,1,cycle,post,1898,134217728,1.00000000000000000,-0.000000000
4,6,4096,16777216,134217728,1,cycle,post,1899,134217728,1.00000000000000000,-0.000000000
4,6,4096,16777216,134217728,1,cycle,post,1900,134217728,1.00000000000000000,-0.000000000
4,6,4096,16777216,134217728,1,cycle,post,1901,134217728,1.00000000000000000,-0.000000000
4,6,4096,16777216,134217728,1,cycle,post,1902,134217728,1.00000000000000000,-0.000000000
4,6,4096,16777216,134217728,1,cycle,post,1903,134217728,1.00000000000000000,-0.000000000
4,6,4096,16777216,134217728,1,cycle,post,1904,134217728,1.00000000000000000,-0.000000000
4,6,4096,16777216,134217728,1,cycle,post,1905,134217728,1.00000000000000000,-0.000000000
4,6,4096,16777216,134217728,1,cycle,post,1906,134217728,1.00000000000000000,-0.000000000
4,6,4096,16777216,134217728,1,cycle,post,1907,134217728,1.00000000000000000,-0.000000000
4,6,4096,16777216,134217728,1,cycle,post,1908,134217728,1.00000000000000000,-0.000000000
4,6,4096,16777216,134217728,1,cycle,post,1909,134217728,1.00000000000000000,-0.000000000
4,6,4096,16777216,134217728,1,cycle,post,1910,134217728,1.00000000000000000,-0.000000000
4,6,4096,16777216,134217728,1,cycle,post,1911,134217728,1.00000000000000000,-0.000000000
4,6,4096,16777216,134217728,1,cycle,post,1912,134217728,1.00000000000000000,-0.000000000
4,6,4096,16777216,134217728,1,cycle,post,1913,134217728,1.00000000000000000,-0.000000000
4,6,4096,16777216,134217728,1,cycle,post,1914,134217728,1.00000000000000000,-0.000000000
4,6,4096,16777216,134217728,1,cycle,post,1915,134217728,1.00000000000000000,-0.000000000
4,6,4096,16777216,134217728,1,cycle,post,1916,134217728,1.00000000000000000,-0.000000000
4,6,4096,16777216,134217728,1,cycle,post,1917,134217728,1.00000000000000000,-0.000000000
4,6,4096,16777216,134217728,1,cycle,post,1918,134217728,1.00000000000000000,-0.000000000
4,6,4096,16777216,134217728,1,cycle,post,1919,134217728,1.00000000000000000,-0.000000000
4,6,4096,16777216,134217728,1,cycle,post,1920,134217728,1.00000000000000000,-0.000000000
4,6,4096,16777216,134217728,1,cycle,post,1921,134217728,1.00000000000000000,-0.000000000
4,6,4096,16777216,134217728,1,cycle,post,1922,134217728,1.00000000000000000,-0.000000000
4,6,4096,16777216,134217728,1,cycle,post,1923,134217728,1.00000000000000000,-0.000000000
4,6,4096,16777216,134217728,1,cycle,post,1924,134217728,1.00000000000000000,-0.000000000
4,6,4096,16777216,134217728,1,cycle,post,1925,134217728,1.00000000000000000,-0.000000000
4,6,4096,16777216,134217728,1,cycle,post,1926,134217728,1.00000000000000000,-0.000000000
4,6,4096,16777216,134217728,1,cycle,post,1927,134217728,1.00000000000000000,-0.000000000
4,6,4096,16777216,134217728,1,cycle,post,1928,134217728,1.00000000000000000,-0.000000000
4,6,4096,16777216,134217728,1,cycle,post,1929,134217728,1.00000000000000000,-0.000000000
4,6,4096,16777216,134217728,1,cycle,post,1930,134217728,1.00000000000000000,-0.000000000
4,6,4096,16777216,134217728,1,cycle,post,1931,134217728,1.00000000000000000,-0.000000000
4,6,4096,16777216,134217728,1,cycle,post,1932,134217728,1.00000000000000000,-0.000000000
4,6,4096,16777216,134217728,1,cycle,post,1933,134217728,1.00000000000000000,-0.000000000
4,6,4096,16777216,134217728,1,cycle,post,1934,134217728,1.00000000000000000,-0.000000000
4,6,4096,16777216,134217728,1,cycle,post,1935,134217728,1.00000000000000000,-0.000000000
4,6,4096,16777216,134217728,1,cycle,post,1936,134217728,1.00000000000000000,-0.000000000
4,6,4096,16777216,134217728,1,cycle,post,1937,134217728,1.00000000000000000,-0.000000000
4,6,4096,16777216,134217728,1,cycle,post,1938,134217728,1.00000000000000000,-0.000000000
4,6,4096,16777216,134217728,1,cycle,post,1939,134217728,1.00000000000000000,-0.000000000
4,6,4096,16777216,134217728,1,cycle,post,1940,134217728,1.00000000000000000,-0.000000000
4,6,4096,16777216,134217728,1,cycle,post,1941,134217728,1.00000000000000000,-0.000000000
4,6,4096,16777216,134217728,1,cycle,post,1942,134217728,1.00000000000000000,-0.000000000
4,6,4096,16777216,134217728,1,cycle,post,1943,134217728,1.00000000000000000,-0.000000000
4,6,4096,16777216,134217728,1,cycle,post,1944,134217728,1.00000000000000000,-0.000000000
4,6,4096,16777216,134217728,1,cycle,post,1945,134217728,1.00000000000000000,-0.000000000
4,6,4096,16777216,134217728,1,cycle,post,1946,134217728,1.00000000000000000,-0.000000000
4,6,4096,16777216,134217728,1,cycle,post,1947,134217728,1.00000000000000000,-0.000000000
4,6,4096,16777216,134217728,1,cycle,post,1948,134217728,1.00000000000000000,-0.000000000
4,6,4096,16777216,134217728,1,cycle,post,1949,134217728,1.00000000000000000,-0.000000000
4,6,4096,16777216,134217728,1,cycle,post,1950,134217728,1.00000000000000000,-0.000000000
4,6,4096,16777216,134217728,1,cycle,post,1951,134217728,1.00000000000000000,-0.000000000
4,6,4096,16777216,134217728,1,cycle,post,1952,134217728,1.00000000000000000,-0.000000000
4,6,4096,16777216,134217728,1,cycle,post,1953,134217728,1.00000000000000000,-0.000000000
4,6,4096,16777216,134217728,1,cycle,post,1954,134217728,1.00000000000000000,-0.000000000
4,6,4096,16777216,134217728,1,cycle,post,1955,134217728,1.00000000000000000,-0.000000000
4,6,4096,16777216,134217728,1,cycle,post,1956,134217728,1.00000000000000000,-0.000000000
4,6,4096,16777216,134217728,1,cycle,post,1957,134217728,1.00000000000000000,-0.000000000
4,6,4096,16777216,134217728,1,cycle,post,1958,134217728,1.00000000000000000,-0.000000000
4,6,4096,16777216,134217728,1,cycle,post,1959,134217728,1.00000000000000000,-0.000000000
4,6,4096,16777216,134217728,1,cycle,post,1960,134217728,1.00000000000000000,-0.000000000
4,6,4096,16777216,134217728,1,cycle,post,1961,134217728,1.00000000000000000,-0.000000000
4,6,4096,16777216,134217728,1,cycle,post,1962,134217728,1.00000000000000000,-0.000000000
4,6,4096,16777216,134217728,1,cycle,post,1963,134217728,1.00000000000000000,-0.000000000
4,6,4096,16777216,134217728,1,cycle,post,1964,134217728,1.00000000000000000,-0.000000000
4,6,4096,16777216,134217728,1,cycle,post,1965,134217728,1.00000000000000000,-0.000000000
4,6,4096,16777216,134217728,1,cycle,post,1966,134217728,1.00000000000000000,-0.000000000
4,6,4096,16777216,134217728,1,cycle,post,1967,134217728,1.00000000000000000,-0.000000000
4,6,4096,16777216,134217728,1,cycle,post,1968,134217728,1.00000000000000000,-0.000000000
4,6,4096,16777216,134217728,1,cycle,post,1969,134217728,1.00000000000000000,-0.000000000
4,6,4096,16777216,134217728,1,cycle,post,1970,134217728,1.00000000000000000,-0.000000000
4,6,4096,16777216,134217728,1,cycle,post,1971,134217728,1.00000000000000000,-0.000000000
4,6,4096,16777216,134217728,1,cycle,post,1972,134217728,1.00000000000000000,-0.000000000
4,6,4096,16777216,134217728,1,cycle,post,1973,134217728,1.00000000000000000,-0.000000000
4,6,4096,16777216,134217728,1,cycle,post,1974,134217728,1.00000000000000000,-0.000000000
4,6,4096,16777216,134217728,1,cycle,post,1975,134217728,1.00000000000000000,-0.000000000
4,6,4096,16777216,134217728,1,cycle,post,1976,134217728,1.00000000000000000,-0.000000000
4,6,4096,16777216,134217728,1,cycle,post,1977,134217728,1.00000000000000000,-0.000000000
4,6,4096,16777216,134217728,1,cycle,post,1978,134217728,1.00000000000000000,-0.000000000
4,6,4096,16777216,134217728,1,cycle,post,1979,134217728,1.00000000000000000,-0.000000000
4,6,4096,16777216,134217728,1,cycle,post,1980,134217728,1.00000000000000000,-0.000000000
4,6,4096,16777216,134217728,1,cycle,post,1981,134217728,1.00000000000000000,-0.000000000
4,6,4096,16777216,134217728,1,cycle,post,1982,134217728,1.00000000000000000,-0.000000000
4,6,4096,16777216,134217728,1,cycle,post,1983,134217728,1.00000000000000000,-0.000000000
4,6,4096,16777216,134217728,1,cycle,post,1984,134217728,1.00000000000000000,-0.000000000
4,6,4096,16777216,134217728,1,cycle,post,1985,134217728,1.00000000000000000,-0.000000000
4,6,4096,16777216,134217728,1,cycle,post,1986,134217728,1.00000000000000000,-0.000000000
4,6,4096,16777216,134217728,1,cycle,post,1987,134217728,1.00000000000000000,-0.000000000
4,6,4096,16777216,134217728,1,cycle,post,1988,134217728,1.00000000000000000,-0.000000000
4,6,4096,16777216,134217728,1,cycle,post,1989,134217728,1.00000000000000000,-0.000000000
4,6,4096,16777216,134217728,1,cycle,post,1990,134217728,1.00000000000000000,-0.000000000
4,6,4096,16777216,134217728,1,cycle,post,1991,134217728,1.00000000000000000,-0.000000000
4,6,4096,16777216,134217728,1,cycle,post,1992,134217728,1.00000000000000000,-0.000000000
4,6,4096,16777216,134217728,1,cycle,post,1993,134217728,1.00000000000000000,-0.000000000
4,6,4096,16777216,134217728,1,cycle,post,1994,134217728,1.00000000000000000,-0.000000000
4,6,4096,16777216,134217728,1,cycle,post,1995,134217728,1.00000000000000000,-0.000000000
4,6,4096,16777216,134217728,1,cycle,post,1996,134217728,1.00000000000000000,-0.000000000
4,6,4096,16777216,134217728,1,cycle,post,1997,134217728,1.00000000000000000,-0.000000000
4,6,4096,16777216,134217728,1,cycle,post,1998,134217728,1.00000000000000000,-0.000000000
4,6,4096,16777216,134217728,1,cycle,post,1999,134217728,1.00000000000000000,-0.000000000
4,6,4096,16777216,134217728,1,cycle,post,2000,134217728,1.00000000000000000,-0.000000000
4,6,4096,16777216,134217728,1,cycle,post,2001,134217728,1.00000000000000000,-0.000000000
4,6,4096,16777216,134217728,1,cycle,post,2002,134217728,1.00000000000000000,-0.000000000
4,6,4096,16777216,134217728,1,cycle,post,2003,134217728,1.00000000000000000,-0.000000000
4,6,4096,16777216,134217728,1,cycle,post,2004,134217728,1.00000000000000000,-0.000000000
4,6,4096,16777216,134217728,1,cycle,post,2005,134217728,1.00000000000000000,-0.000000000
4,6,4096,16777216,134217728,1,cycle,post,2006,134217728,1.00000000000000000,-0.000000000
4,6,4096,16777216,134217728,1,cycle,post,2007,134217728,1.00000000000000000,-0.000000000
4,6,4096,16777216,134217728,1,cycle,post,2008,134217728,1.00000000000000000,-0.000000000
4,6,4096,16777216,134217728,1,cycle,post,2009,134217728,1.00000000000000000,-0.000000000
4,6,4096,16777216,134217728,1,cycle,post,2010,134217728,1.00000000000000000,-0.000000000
4,6,4096,16777216,134217728,1,cycle,post,2011,134217728,1.00000000000000000,-0.000000000
4,6,4096,16777216,134217728,1,cycle,post,2012,134217728,1.00000000000000000,-0.000000000
4,6,4096,16777216,134217728,1,cycle,post,2013,134217728,1.00000000000000000,-0.000000000
4,6,4096,16777216,134217728,1,cycle,post,2014,134217728,1.00000000000000000,-0.000000000
4,6,4096,16777216,134217728,1,cycle,post,2015,134217728,1.00000000000000000,-0.000000000
4,6,4096,16777216,134217728,1,cycle,post,2016,134217728,1.00000000000000000,-0.000000000
4,6,4096,16777216,134217728,1,cycle,post,2017,134217728,1.00000000000000000,-0.000000000
4,6,4096,16777216,134217728,1,cycle,post,2018,134217728,1.00000000000000000,-0.000000000
4,6,4096,16777216,134217728,1,cycle,post,2019,134217728,1.00000000000000000,-0.000000000
4,6,4096,16777216,134217728,1,cycle,post,2020,134217728,1.00000000000000000,-0.000000000
4,6,4096,16777216,134217728,1,cycle,post,2021,134217728,1.00000000000000000,-0.000000000
4,6,4096,16777216,134217728,1,cycle,post,2022,134217728,1.00000000000000000,-0.000000000
4,6,4096,16777216,134217728,1,cycle,post,2023,134217728,1.00000000000000000,-0.000000000
4,6,4096,16777216,134217728,1,cycle,post,2024,134217728,1.00000000000000000,-0.000000000
4,6,4096,16777216,134217728,1,cycle,post,2025,134217728,1.00000000000000000,-0.000000000
4,6,4096,16777216,134217728,1,cycle,post,2026,134217728,1.00000000000000000,-0.000000000
4,6,4096,16777216,134217728,1,cycle,post,2027,134217728,1.00000000000000000,-0.000000000
4,6,4096,16777216,134217728,1,cycle,post,2028,134217728,1.00000000000000000,-0.000000000
4,6,4096,16777216,134217728,1,cycle,post,2029,134217728,1.00000000000000000,-0.000000000
4,6,4096,16777216,134217728,1,cycle,post,2030,134217728,1.00000000000000000,-0.000000000
4,6,4096,16777216,134217728,1,cycle,post,2031,134217728,1.00000000000000000,-0.000000000
4,6,4096,16777216,134217728,1,cycle,post,2032,134217728,1.00000000000000000,-0.000000000
4,6,4096,16777216,134217728,1,cycle,post,2033,134217728,1.00000000000000000,-0.000000000
4,6,4096,16777216,134217728,1,cycle,post,2034,134217728,1.00000000000000000,-0.000000000
4,6,4096,16777216,134217728,1,cycle,post,2035,134217728,1.00000000000000000,-0.000000000
4,6,4096,16777216,134217728,1,cycle,post,2036,134217728,1.00000000000000000,-0.000000000
4,6,4096,16777216,134217728,1,cycle,post,2037,134217728,1.00000000000000000,-0.000000000
4,6,4096,16777216,134217728,1,cycle,post,2038,134217728,1.00000000000000000,-0.000000000
4,6,4096,16777216,134217728,1,cycle,post,2039,134217728,1.00000000000000000,-0.000000000
4,6,4096,16777216,134217728,1,cycle,post,2040,134217728,1.00000000000000000,-0.000000000
4,6,4096,16777216,134217728,1,cycle,post,2041,134217728,1.00000000000000000,-0.000000000
4,6,4096,16777216,134217728,1,cycle,post,2042,134217728,1.00000000000000000,-0.000000000
4,6,4096,16777216,134217728,1,cycle,post,2043,134217728,1.00000000000000000,-0.000000000
4,6,4096,16777216,134217728,1,cycle,post,2044,134217728,1.00000000000000000,-0.000000000
4,6,4096,16777216,134217728,1,cycle,post,2045,134217728,1.00000000000000000,-0.000000000
4,6,4096,16777216,134217728,1,cycle,post,2046,134217728,1.00000000000000000,-0.000000000
4,6,4096,16777216,134217728,1,cycle,post,2047,134217728,1.00000000000000000,-0.000000000
4,6,4096,16777216,134217728,1,cycle,post,2048,134217728,1.00000000000000000,-0.000000000
4,6,4096,16777216,134217728,1,cycle,post,2049,134217728,1.00000000000000000,-0.000000000
4,6,4096,16777216,134217728,1,cycle,post,2050,134217728,1.00000000000000000,-0.000000000
4,6,4096,16777216,134217728,1,cycle,post,2051,134217728,1.00000000000000000,-0.000000000
4,6,4096,16777216,134217728,1,cycle,post,2052,134217728,1.00000000000000000,-0.000000000
4,6,4096,16777216,134217728,1,cycle,post,2053,134217728,1.00000000000000000,-0.000000000
4,6,4096,16777216,134217728,1,cycle,post,2054,134217728,1.00000000000000000,-0.000000000
4,6,4096,16777216,134217728,1,cycle,post,2055,134217728,1.00000000000000000,-0.000000000
4,6,4096,16777216,134217728,1,cycle,post,2056,134217728,1.00000000000000000,-0.000000000
4,6,4096,16777216,134217728,1,cycle,post,2057,134217728,1.00000000000000000,-0.000000000
4,6,4096,16777216,134217728,1,cycle,post,2058,134217728,1.00000000000000000,-0.000000000
4,6,4096,16777216,134217728,1,cycle,post,2059,134217728,1.00000000000000000,-0.000000000
4,6,4096,16777216,134217728,1,cycle,post,2060,134217728,1.00000000000000000,-0.000000000
4,6,4096,16777216,134217728,1,cycle,post,2061,134217728,1.00000000000000000,-0.000000000
4,6,4096,16777216,134217728,1,cycle,post,2062,134217728,1.00000000000000000,-0.000000000
4,6,4096,16777216,134217728,1,cycle,post,2063,134217728,1.00000000000000000,-0.000000000
4,6,4096,16777216,134217728,1,cycle,post,2064,134217728,1.00000000000000000,-0.000000000
4,6,4096,16777216,134217728,1,cycle,post,2065,134217728,1.00000000000000000,-0.000000000
4,6,4096,16777216,134217728,1,cycle,post,2066,134217728,1.00000000000000000,-0.000000000
4,6,4096,16777216,134217728,1,cycle,post,2067,134217728,1.00000000000000000,-0.000000000
4,6,4096,16777216,134217728,1,cycle,post,2068,134217728,1.00000000000000000,-0.000000000
4,6,4096,16777216,134217728,1,cycle,post,2069,134217728,1.00000000000000000,-0.000000000
4,6,4096,16777216,134217728,1,cycle,post,2070,134217728,1.00000000000000000,-0.000000000
4,6,4096,16777216,134217728,1,cycle,post,2071,134217728,1.00000000000000000,-0.000000000
4,6,4096,16777216,134217728,1,cycle,post,2072,134217728,1.00000000000000000,-0.000000000
4,6,4096,16777216,134217728,1,cycle,post,2073,134217728,1.00000000000000000,-0.000000000
4,6,4096,16777216,134217728,1,cycle,post,2074,134217728,1.00000000000000000,-0.000000000
4,6,4096,16777216,134217728,1,cycle,post,2075,134217728,1.00000000000000000,-0.000000000
4,6,4096,16777216,134217728,1,cycle,post,2076,134217728,1.00000000000000000,-0.000000000
4,6,4096,16777216,134217728,1,cycle,post,2077,134217728,1.00000000000000000,-0.000000000
4,6,4096,16777216,134217728,1,cycle,post,2078,134217728,1.00000000000000000,-0.000000000
4,6,4096,16777216,134217728,1,cycle,post,2079,134217728,1.00000000000000000,-0.000000000
4,6,4096,16777216,134217728,1,cycle,post,2080,134217728,1.00000000000000000,-0.000000000
4,6,4096,16777216,134217728,1,cycle,post,2081,134217728,1.00000000000000000,-0.000000000
4,6,4096,16777216,134217728,1,cycle,post,2082,134217728,1.00000000000000000,-0.000000000
4,6,4096,16777216,134217728,1,cycle,post,2083,134217728,1.00000000000000000,-0.000000000
4,6,4096,16777216,134217728,1,cycle,post,2084,134217728,1.00000000000000000,-0.000000000
4,6,4096,16777216,134217728,1,cycle,post,2085,134217728,1.00000000000000000,-0.000000000
4,6,4096,16777216,134217728,1,cycle,post,2086,134217728,1.00000000000000000,-0.000000000
4,6,4096,16777216,134217728,1,cycle,post,2087,134217728,1.00000000000000000,-0.000000000
4,6,4096,16777216,134217728,1,cycle,post,2088,134217728,1.00000000000000000,-0.000000000
4,6,4096,16777216,134217728,1,cycle,post,2089,134217728,1.00000000000000000,-0.000000000
4,6,4096,16777216,134217728,1,cycle,post,2090,134217728,1.00000000000000000,-0.000000000
4,6,4096,16777216,134217728,1,cycle,post,2091,134217728,1.00000000000000000,-0.000000000
4,6,4096,16777216,134217728,1,cycle,post,2092,134217728,1.00000000000000000,-0.000000000
4,6,4096,16777216,134217728,1,cycle,post,2093,134217728,1.00000000000000000,-0.000000000
4,6,4096,16777216,134217728,1,cycle,post,2094,134217728,1.00000000000000000,-0.000000000
4,6,4096,16777216,134217728,1,cycle,post,2095,134217728,1.00000000000000000,-0.000000000
4,6,4096,16777216,134217728,1,cycle,post,2096,134217728,1.00000000000000000,-0.000000000
4,6,4096,16777216,134217728,1,cycle,post,2097,134217728,1.00000000000000000,-0.000000000
4,6,4096,16777216,134217728,1,cycle,post,2098,134217728,1.00000000000000000,-0.000000000
4,6,4096,16777216,134217728,1,cycle,post,2099,134217728,1.00000000000000000,-0.000000000
4,6,4096,16777216,134217728,1,cycle,post,2100,134217728,1.00000000000000000,-0.000000000
4,6,4096,16777216,134217728,1,cycle,post,2101,134217728,1.00000000000000000,-0.000000000
4,6,4096,16777216,134217728,1,cycle,post,2102,134217728,1.00000000000000000,-0.000000000
4,6,4096,16777216,134217728,1,cycle,post,2103,134217728,1.00000000000000000,-0.000000000
4,6,4096,16777216,134217728,1,cycle,post,2104,134217728,1.00000000000000000,-0.000000000
4,6,4096,16777216,134217728,1,cycle,post,2105,134217728,1.00000000000000000,-0.000000000
4,6,4096,16777216,134217728,1,cycle,post,2106,134217728,1.00000000000000000,-0.000000000
4,6,4096,16777216,134217728,1,cycle,post,2107,134217728,1.00000000000000000,-0.000000000
4,6,4096,16777216,134217728,1,cycle,post,2108,134217728,1.00000000000000000,-0.000000000
4,6,4096,16777216,134217728,1,cycle,post,2109,134217728,1.00000000000000000,-0.000000000
4,6,4096,16777216,134217728,1,cycle,post,2110,134217728,1.00000000000000000,-0.000000000
4,6,4096,16777216,134217728,1,cycle,post,2111,134217728,1.00000000000000000,-0.000000000
4,6,4096,16777216,134217728,1,cycle,post,2112,134217728,1.00000000000000000,-0.000000000
4,6,4096,16777216,134217728,1,cycle,post,2113,134217728,1.00000000000000000,-0.000000000
4,6,4096,16777216,134217728,1,cycle,post,2114,134217728,1.00000000000000000,-0.000000000
4,6,4096,16777216,134217728,1,cycle,post,2115,134217728,1.00000000000000000,-0.000000000
4,6,4096,16777216,134217728,1,cycle,post,2116,134217728,1.00000000000000000,-0.000000000
4,6,4096,16777216,134217728,1,cycle,post,2117,134217728,1.00000000000000000,-0.000000000
4,6,4096,16777216,134217728,1,cycle,post,2118,134217728,1.00000000000000000,-0.000000000
4,6,4096,16777216,134217728,1,cycle,post,2119,134217728,1.00000000000000000,-0.000000000
4,6,4096,16777216,134217728,1,cycle,post,2120,134217728,1.00000000000000000,-0.000000000
4,6,4096,16777216,134217728,1,cycle,post,2121,134217728,1.00000000000000000,-0.000000000
4,6,4096,16777216,134217728,1,cycle,post,2122,134217728,1.00000000000000000,-0.000000000
4,6,4096,16777216,134217728,1,cycle,post,2123,134217728,1.00000000000000000,-0.000000000
4,6,4096,16777216,134217728,1,cycle,post,2124,134217728,1.00000000000000000,-0.000000000
4,6,4096,16777216,134217728,1,cycle,post,2125,134217728,1.00000000000000000,-0.000000000
4,6,4096,16777216,134217728,1,cycle,post,2126,134217728,1.00000000000000000,-0.000000000
4,6,4096,16777216,134217728,1,cycle,post,2127,134217728,1.00000000000000000,-0.000000000
4,6,4096,16777216,134217728,1,cycle,post,2128,134217728,1.00000000000000000,-0.000000000
4,6,4096,16777216,134217728,1,cycle,post,2129,134217728,1.00000000000000000,-0.000000000
4,6,4096,16777216,134217728,1,cycle,post,2130,134217728,1.00000000000000000,-0.000000000
4,6,4096,16777216,134217728,1,cycle,post,2131,134217728,1.00000000000000000,-0.000000000
4,6,4096,16777216,134217728,1,cycle,post,2132,134217728,1.00000000000000000,-0.000000000
4,6,4096,16777216,134217728,1,cycle,post,2133,134217728,1.00000000000000000,-0.000000000
4,6,4096,16777216,134217728,1,cycle,post,2134,134217728,1.00000000000000000,-0.000000000
4,6,4096,16777216,134217728,1,cycle,post,2135,134217728,1.00000000000000000,-0.000000000
4,6,4096,16777216,134217728,1,cycle,post,2136,134217728,1.00000000000000000,-0.000000000
4,6,4096,16777216,134217728,1,cycle,post,2137,134217728,1.00000000000000000,-0.000000000
4,6,4096,16777216,134217728,1,cycle,post,2138,134217728,1.00000000000000000,-0.000000000
4,6,4096,16777216,134217728,1,cycle,post,2139,134217728,1.00000000000000000,-0.000000000
4,6,4096,16777216,134217728,1,cycle,post,2140,134217728,1.00000000000000000,-0.000000000
4,6,4096,16777216,134217728,1,cycle,post,2141,134217728,1.00000000000000000,-0.000000000
4,6,4096,16777216,134217728,1,cycle,post,2142,134217728,1.00000000000000000,-0.000000000
4,6,4096,16777216,134217728,1,cycle,post,2143,134217728,1.00000000000000000,-0.000000000
4,6,4096,16777216,134217728,1,cycle,post,2144,134217728,1.00000000000000000,-0.000000000
4,6,4096,16777216,134217728,1,cycle,post,2145,134217728,1.00000000000000000,-0.000000000
4,6,4096,16777216,134217728,1,cycle,post,2146,134217728,1.00000000000000000,-0.000000000
4,6,4096,16777216,134217728,1,cycle,post,2147,134217728,1.00000000000000000,-0.000000000
4,6,4096,16777216,134217728,1,cycle,post,2148,134217728,1.00000000000000000,-0.000000000
4,6,4096,16777216,134217728,1,cycle,post,2149,134217728,1.00000000000000000,-0.000000000
4,6,4096,16777216,134217728,1,cycle,post,2150,134217728,1.00000000000000000,-0.000000000
4,6,4096,16777216,134217728,1,cycle,post,2151,134217728,1.00000000000000000,-0.000000000
4,6,4096,16777216,134217728,1,cycle,post,2152,134217728,1.00000000000000000,-0.000000000
4,6,4096,16777216,134217728,1,cycle,post,2153,134217728,1.00000000000000000,-0.000000000
4,6,4096,16777216,134217728,1,cycle,post,2154,134217728,1.00000000000000000,-0.000000000
4,6,4096,16777216,134217728,1,cycle,post,2155,134217728,1.00000000000000000,-0.000000000
4,6,4096,16777216,134217728,1,cycle,post,2156,134217728,1.00000000000000000,-0.000000000
4,6,4096,16777216,134217728,1,cycle,post,2157,134217728,1.00000000000000000,-0.000000000
4,6,4096,16777216,134217728,1,cycle,post,2158,134217728,1.00000000000000000,-0.000000000
4,6,4096,16777216,134217728,1,cycle,post,2159,134217728,1.00000000000000000,-0.000000000
4,6,4096,16777216,134217728,1,cycle,post,2160,134217728,1.00000000000000000,-0.000000000
4,6,4096,16777216,134217728,1,cycle,post,2161,134217728,1.00000000000000000,-0.000000000
4,6,4096,16777216,134217728,1,cycle,post,2162,134217728,1.00000000000000000,-0.000000000
4,6,4096,16777216,134217728,1,cycle,post,2163,134217728,1.00000000000000000,-0.000000000
4,6,4096,16777216,134217728,1,cycle,post,2164,134217728,1.00000000000000000,-0.000000000
4,6,4096,16777216,134217728,1,cycle,post,2165,134217728,1.00000000000000000,-0.000000000
4,6,4096,16777216,134217728,1,cycle,post,2166,134217728,1.00000000000000000,-0.000000000
4,6,4096,16777216,134217728,1,cycle,post,2167,134217728,1.00000000000000000,-0.000000000
4,6,4096,16777216,134217728,1,cycle,post,2168,134217728,1.00000000000000000,-0.000000000
4,6,4096,16777216,134217728,1,cycle,post,2169,134217728,1.00000000000000000,-0.000000000
4,6,4096,16777216,134217728,1,cycle,post,2170,134217728,1.00000000000000000,-0.000000000
4,6,4096,16777216,134217728,1,cycle,post,2171,134217728,1.00000000000000000,-0.000000000
4,6,4096,16777216,134217728,1,cycle,post,2172,134217728,1.00000000000000000,-0.000000000
4,6,4096,16777216,134217728,1,cycle,post,2173,134217728,1.00000000000000000,-0.000000000
4,6,4096,16777216,134217728,1,cycle,post,2174,134217728,1.00000000000000000,-0.000000000
4,6,4096,16777216,134217728,1,cycle,post,2175,134217728,1.00000000000000000,-0.000000000
4,6,4096,16777216,134217728,1,cycle,post,2176,134217728,1.00000000000000000,-0.000000000
4,6,4096,16777216,134217728,1,cycle,post,2177,134217728,1.00000000000000000,-0.000000000
4,6,4096,16777216,134217728,1,cycle,post,2178,134217728,1.00000000000000000,-0.000000000
4,6,4096,16777216,134217728,1,cycle,post,2179,134217728,1.00000000000000000,-0.000000000
4,6,4096,16777216,134217728,1,cycle,post,2180,134217728,1.00000000000000000,-0.000000000
4,6,4096,16777216,134217728,1,cycle,post,2181,134217728,1.00000000000000000,-0.000000000
4,6,4096,16777216,134217728,1,cycle,post,2182,134217728,1.00000000000000000,-0.000000000
4,6,4096,16777216,134217728,1,cycle,post,2183,134217728,1.00000000000000000,-0.000000000
4,6,4096,16777216,134217728,1,cycle,post,2184,134217728,1.00000000000000000,-0.000000000
4,6,4096,16777216,134217728,1,cycle,post,2185,134217728,1.00000000000000000,-0.000000000
4,6,4096,16777216,134217728,1,cycle,post,2186,134217728,1.00000000000000000,-0.000000000
4,6,4096,16777216,134217728,1,cycle,post,2187,134217728,1.00000000000000000,-0.000000000
4,6,4096,16777216,134217728,1,cycle,post,2188,134217728,1.00000000000000000,-0.000000000
4,6,4096,16777216,134217728,1,cycle,post,2189,134217728,1.00000000000000000,-0.000000000
4,6,4096,16777216,134217728,1,cycle,post,2190,134217728,1.00000000000000000,-0.000000000
4,6,4096,16777216,134217728,1,cycle,post,2191,134217728,1.00000000000000000,-0.000000000
4,6,4096,16777216,134217728,1,cycle,post,2192,134217728,1.00000000000000000,-0.000000000
4,6,4096,16777216,134217728,1,cycle,post,2193,134217728,1.00000000000000000,-0.000000000
4,6,4096,16777216,134217728,1,cycle,post,2194,134217728,1.00000000000000000,-0.000000000
4,6,4096,16777216,134217728,1,cycle,post,2195,134217728,1.00000000000000000,-0.000000000
4,6,4096,16777216,134217728,1,cycle,post,2196,134217728,1.00000000000000000,-0.000000000
4,6,4096,16777216,134217728,1,cycle,post,2197,134217728,1.00000000000000000,-0.000000000
4,6,4096,16777216,134217728,1,cycle,post,2198,134217728,1.00000000000000000,-0.000000000
4,6,4096,16777216,134217728,1,cycle,post,2199,134217728,1.00000000000000000,-0.000000000
4,6,4096,16777216,134217728,1,cycle,post,2200,134217728,1.00000000000000000,-0.000000000
4,6,4096,16777216,134217728,1,cycle,post,2201,134217728,1.00000000000000000,-0.000000000
4,6,4096,16777216,134217728,1,cycle,post,2202,134217728,1.00000000000000000,-0.000000000
4,6,4096,16777216,134217728,1,cycle,post,2203,134217728,1.00000000000000000,-0.000000000
4,6,4096,16777216,134217728,1,cycle,post,2204,134217728,1.00000000000000000,-0.000000000
4,6,4096,16777216,134217728,1,cycle,post,2205,134217728,1.00000000000000000,-0.000000000
4,6,4096,16777216,134217728,1,cycle,post,2206,134217728,1.00000000000000000,-0.000000000
4,6,4096,16777216,134217728,1,cycle,post,2207,134217728,1.00000000000000000,-0.000000000
4,6,4096,16777216,134217728,1,cycle,post,2208,134217728,1.00000000000000000,-0.000000000
4,6,4096,16777216,134217728,1,cycle,post,2209,134217728,1.00000000000000000,-0.000000000
4,6,4096,16777216,134217728,1,cycle,post,2210,134217728,1.00000000000000000,-0.000000000
4,6,4096,16777216,134217728,1,cycle,post,2211,134217728,1.00000000000000000,-0.000000000
4,6,4096,16777216,134217728,1,cycle,post,2212,134217728,1.00000000000000000,-0.000000000
4,6,4096,16777216,134217728,1,cycle,post,2213,134217728,1.00000000000000000,-0.000000000
4,6,4096,16777216,134217728,1,cycle,post,2214,134217728,1.00000000000000000,-0.000000000
4,6,4096,16777216,134217728,1,cycle,post,2215,134217728,1.00000000000000000,-0.000000000
4,6,4096,16777216,134217728,1,cycle,post,2216,134217728,1.00000000000000000,-0.000000000
4,6,4096,16777216,134217728,1,cycle,post,2217,134217728,1.00000000000000000,-0.000000000
4,6,4096,16777216,134217728,1,cycle,post,2218,134217728,1.00000000000000000,-0.000000000
4,6,4096,16777216,134217728,1,cycle,post,2219,134217728,1.00000000000000000,-0.000000000
4,6,4096,16777216,134217728,1,cycle,post,2220,134217728,1.00000000000000000,-0.000000000
4,6,4096,16777216,134217728,1,cycle,post,2221,134217728,1.00000000000000000,-0.000000000
4,6,4096,16777216,134217728,1,cycle,post,2222,134217728,1.00000000000000000,-0.000000000
4,6,4096,16777216,134217728,1,cycle,post,2223,134217728,1.00000000000000000,-0.000000000
4,6,4096,16777216,134217728,1,cycle,post,2224,134217728,1.00000000000000000,-0.000000000
4,6,4096,16777216,134217728,1,cycle,post,2225,134217728,1.00000000000000000,-0.000000000
4,6,4096,16777216,134217728,1,cycle,post,2226,134217728,1.00000000000000000,-0.000000000
4,6,4096,16777216,134217728,1,cycle,post,2227,134217728,1.00000000000000000,-0.000000000
4,6,4096,16777216,134217728,1,cycle,post,2228,134217728,1.00000000000000000,-0.000000000
4,6,4096,16777216,134217728,1,cycle,post,2229,134217728,1.00000000000000000,-0.000000000
4,6,4096,16777216,134217728,1,cycle,post,2230,134217728,1.00000000000000000,-0.000000000
4,6,4096,16777216,134217728,1,cycle,post,2231,134217728,1.00000000000000000,-0.000000000
4,6,4096,16777216,134217728,1,cycle,post,2232,134217728,1.00000000000000000,-0.000000000
4,6,4096,16777216,134217728,1,cycle,post,2233,134217728,1.00000000000000000,-0.000000000
4,6,4096,16777216,134217728,1,cycle,post,2234,134217728,1.00000000000000000,-0.000000000
4,6,4096,16777216,134217728,1,cycle,post,2235,134217728,1.00000000000000000,-0.000000000
4,6,4096,16777216,134217728,1,cycle,post,2236,134217728,1.00000000000000000,-0.000000000
4,6,4096,16777216,134217728,1,cycle,post,2237,134217728,1.00000000000000000,-0.000000000
4,6,4096,16777216,134217728,1,cycle,post,2238,134217728,1.00000000000000000,-0.000000000
4,6,4096,16777216,134217728,1,cycle,post,2239,134217728,1.00000000000000000,-0.000000000
4,6,4096,16777216,134217728,1,cycle,post,2240,134217728,1.00000000000000000,-0.000000000
4,6,4096,16777216,134217728,1,cycle,post,2241,134217728,1.00000000000000000,-0.000000000
4,6,4096,16777216,134217728,1,cycle,post,2242,134217728,1.00000000000000000,-0.000000000
4,6,4096,16777216,134217728,1,cycle,post,2243,134217728,1.00000000000000000,-0.000000000
4,6,4096,16777216,134217728,1,cycle,post,2244,134217728,1.00000000000000000,-0.000000000
4,6,4096,16777216,134217728,1,cycle,post,2245,134217728,1.00000000000000000,-0.000000000
4,6,4096,16777216,134217728,1,cycle,post,2246,134217728,1.00000000000000000,-0.000000000
4,6,4096,16777216,134217728,1,cycle,post,2247,134217728,1.00000000000000000,-0.000000000
4,6,4096,16777216,134217728,1,cycle,post,2248,134217728,1.00000000000000000,-0.000000000
4,6,4096,16777216,134217728,1,cycle,post,2249,134217728,1.00000000000000000,-0.000000000
4,6,4096,16777216,134217728,1,cycle,post,2250,134217728,1.00000000000000000,-0.000000000
4,6,4096,16777216,134217728,1,cycle,post,2251,134217728,1.00000000000000000,-0.000000000
4,6,4096,16777216,134217728,1,cycle,post,2252,134217728,1.00000000000000000,-0.000000000
4,6,4096,16777216,134217728,1,cycle,post,2253,134217728,1.00000000000000000,-0.000000000
4,6,4096,16777216,134217728,1,cycle,post,2254,134217728,1.00000000000000000,-0.000000000
4,6,4096,16777216,134217728,1,cycle,post,2255,134217728,1.00000000000000000,-0.000000000
4,6,4096,16777216,134217728,1,cycle,post,2256,134217728,1.00000000000000000,-0.000000000
4,6,4096,16777216,134217728,1,cycle,post,2257,134217728,1.00000000000000000,-0.000000000
4,6,4096,16777216,134217728,1,cycle,post,2258,134217728,1.00000000000000000,-0.000000000
4,6,4096,16777216,134217728,1,cycle,post,2259,134217728,1.00000000000000000,-0.000000000
4,6,4096,16777216,134217728,1,cycle,post,2260,134217728,1.00000000000000000,-0.000000000
4,6,4096,16777216,134217728,1,cycle,post,2261,134217728,1.00000000000000000,-0.000000000
4,6,4096,16777216,134217728,1,cycle,post,2262,134217728,1.00000000000000000,-0.000000000
4,6,4096,16777216,134217728,1,cycle,post,2263,134217728,1.00000000000000000,-0.000000000
4,6,4096,16777216,134217728,1,cycle,post,2264,134217728,1.00000000000000000,-0.000000000
4,6,4096,16777216,134217728,1,cycle,post,2265,134217728,1.00000000000000000,-0.000000000
4,6,4096,16777216,134217728,1,cycle,post,2266,134217728,1.00000000000000000,-0.000000000
4,6,4096,16777216,134217728,1,cycle,post,2267,134217728,1.00000000000000000,-0.000000000
4,6,4096,16777216,134217728,1,cycle,post,2268,134217728,1.00000000000000000,-0.000000000
4,6,4096,16777216,134217728,1,cycle,post,2269,134217728,1.00000000000000000,-0.000000000
4,6,4096,16777216,134217728,1,cycle,post,2270,134217728,1.00000000000000000,-0.000000000
4,6,4096,16777216,134217728,1,cycle,post,2271,134217728,1.00000000000000000,-0.000000000
4,6,4096,16777216,134217728,1,cycle,post,2272,134217728,1.00000000000000000,-0.000000000
4,6,4096,16777216,134217728,1,cycle,post,2273,134217728,1.00000000000000000,-0.000000000
4,6,4096,16777216,134217728,1,cycle,post,2274,134217728,1.00000000000000000,-0.000000000
4,6,4096,16777216,134217728,1,cycle,post,2275,134217728,1.00000000000000000,-0.000000000
4,6,4096,16777216,134217728,1,cycle,post,2276,134217728,1.00000000000000000,-0.000000000
4,6,4096,16777216,134217728,1,cycle,post,2277,134217728,1.00000000000000000,-0.000000000
4,6,4096,16777216,134217728,1,cycle,post,2278,134217728,1.00000000000000000,-0.000000000
4,6,4096,16777216,134217728,1,cycle,post,2279,134217728,1.00000000000000000,-0.000000000
4,6,4096,16777216,134217728,1,cycle,post,2280,134217728,1.00000000000000000,-0.000000000
4,6,4096,16777216,134217728,1,cycle,post,2281,134217728,1.00000000000000000,-0.000000000
4,6,4096,16777216,134217728,1,cycle,post,2282,134217728,1.00000000000000000,-0.000000000
4,6,4096,16777216,134217728,1,cycle,post,2283,134217728,1.00000000000000000,-0.000000000
4,6,4096,16777216,134217728,1,cycle,post,2284,134217728,1.00000000000000000,-0.000000000
4,6,4096,16777216,134217728,1,cycle,post,2285,134217728,1.00000000000000000,-0.000000000
4,6,4096,16777216,134217728,1,cycle,post,2286,134217728,1.00000000000000000,-0.000000000
4,6,4096,16777216,134217728,1,cycle,post,2287,134217728,1.00000000000000000,-0.000000000
4,6,4096,16777216,134217728,1,cycle,post,2288,134217728,1.00000000000000000,-0.000000000
4,6,4096,16777216,134217728,1,cycle,post,2289,134217728,1.00000000000000000,-0.000000000
4,6,4096,16777216,134217728,1,cycle,post,2290,134217728,1.00000000000000000,-0.000000000
4,6,4096,16777216,134217728,1,cycle,post,2291,134217719,0.99999993294477463,0.000000097
4,6,4096,16777216,134217728,1,cycle,post,2292,134217706,0.99999983608722687,0.000000236
4,6,4096,16777216,134217728,1,cycle,post,2293,134217690,0.99999971687793732,0.000000408
4,6,4096,16777216,134217728,1,cycle,post,2294,134217674,0.99999959766864777,0.000000580
4,6,4096,16777216,134217728,1,cycle,post,2295,134217647,0.99999939650297165,0.000000871
4,6,4096,16777216,134217728,1,cycle,post,2296,134217638,0.99999932944774628,0.000000967
4,6,4096,16777216,134217728,1,cycle,post,2297,134217622,0.99999921023845673,0.000001139
4,6,4096,16777216,134217728,1,cycle,post,2298,134217581,0.99999890476465225,0.000001580
4,6,4096,16777216,134217728,1,cycle,post,2299,134217543,0.99999862164258957,0.000001989
4,6,4096,16777216,134217728,1,cycle,post,2300,134217493,0.99999824911355972,0.000002526
4,6,4096,16777216,134217728,1,cycle,post,2301,134217451,0.99999793618917465,0.000002977
4,6,4096,16777216,134217728,1,cycle,post,2302,134217419,0.99999769777059555,0.000003321
4,6,4096,16777216,134217728,1,cycle,post,2303,134217399,0.99999754875898361,0.000003536
4,6,4096,16777216,134217728,1,cycle,post,2304,134217362,0.99999727308750153,0.000003934
4,6,4096,16777216,134217728,1,cycle,post,2305,134217329,0.99999702721834183,0.000004289
4,6,4096,16777216,134217728,1,cycle,post,2306,134217312,0.99999690055847168,0.000004472
4,6,4096,16777216,134217728,1,cycle,post,2307,134217280,0.99999666213989258,0.000004816
4,6,4096,16777216,134217728,1,cycle,post,2308,134217251,0.99999644607305527,0.000005127
4,6,4096,16777216,134217728,1,cycle,post,2309,134217200,0.99999606609344482,0.000005675
4,6,4096,16777216,134217728,1,cycle,post,2310,134217156,0.99999573826789856,0.000006148
4,6,4096,16777216,134217728,1,cycle,post,2311,134217138,0.99999560415744781,0.000006342
4,6,4096,16777216,134217728,1,cycle,post,2312,134217118,0.99999545514583588,0.000006557
4,6,4096,16777216,134217728,1,cycle,post,2313,134217110,0.99999539554119110,0.000006643
4,6,4096,16777216,134217728,1,cycle,post,2314,134217097,0.99999529868364334,0.000006783
4,6,4096,16777216,134217728,1,cycle,post,2315,134217090,0.99999524652957916,0.000006858
4,6,4096,16777216,134217728,1,cycle,post,2316,134217072,0.99999511241912842,0.000007051
4,6,4096,16777216,134217728,1,cycle,post,2317,134217064,0.99999505281448364,0.000007137
4,6,4096,16777216,134217728,1,cycle,post,2318,134217055,0.99999498575925827,0.000007234
4,6,4096,16777216,134217728,1,cycle,post,2319,134217039,0.99999486654996872,0.000007406
4,6,4096,16777216,134217728,1,cycle,post,2320,134217016,0.99999469518661499,0.000007653
4,6,4096,16777216,134217728,1,cycle,post,2321,134216999,0.99999456852674484,0.000007836
4,6,4096,16777216,134217728,1,cycle,post,2322,134216980,0.99999442696571350,0.000008040
4,6,4096,16777216,134217728,1,cycle,post,2323,134216966,0.99999432265758514,0.000008191
4,6,4096,16777216,134217728,1,cycle,post,2324,134216957,0.99999425560235977,0.000008287
4,6,4096,16777216,134217728,1,cycle,post,2325,134216942,0.99999414384365082,0.000008449
4,6,4096,16777216,134217728,1,cycle,post,2326,134216931,0.99999406188726425,0.000008567
4,6,4096,16777216,134217728,1,cycle,post,2327,134216911,0.99999391287565231,0.000008782
4,6,4096,16777216,134217728,1,cycle,post,2328,134216894,0.99999378621578217,0.000008965
4,6,4096,16777216,134217728,1,cycle,post,2329,134216875,0.99999364465475082,0.000009169
4,6,4096,16777216,134217728,1,cycle,post,2330,134216831,0.99999331682920456,0.000009642
4,6,4096,16777216,134217728,1,cycle,post,2331,134216806,0.99999313056468964,0.000009911
4,6,4096,16777216,134217728,1,cycle,post,2332,134216779,0.99999292939901352,0.000010201
4,6,4096,16777216,134217728,1,cycle,post,2333,134216753,0.99999273568391800,0.000010480
4,6,4096,16777216,134217728,1,cycle,post,2334,134216708,0.99999240040779114,0.000010964
4,6,4096,16777216,134217728,1,cycle,post,2335,134216608,0.99999165534973145,0.000012039
4,6,4096,16777216,134217728,1,cycle,post,2336,134216519,0.99999099224805832,0.000012995
4,6,4096,16777216,134217728,1,cycle,post,2337,134216375,0.99998991936445236,0.000014543
4,6,4096,16777216,134217728,1,cycle,post,2338,134216209,0.99998868256807327,0.000016328
4,6,4096,16777216,134217728,1,cycle,post,2339,134216060,0.99998757243156433,0.000017929
4,6,4096,16777216,134217728,1,cycle,post,2340,134215925,0.99998656660318375,0.000019380
4,6,4096,16777216,134217728,1,cycle,post,2341,134215738,0.99998517334461212,0.000021391
4,6,4096,16777216,134217728,1,cycle,post,2342,134215591,0.99998407810926437,0.000022971
4,6,4096,16777216,134217728,1,cycle,post,2343,134215426,0.99998284876346588,0.000024744
4,6,4096,16777216,134217728,1,cycle,post,2344,134215247,0.99998151510953903,0.000026668
4,6,4096,16777216,134217728,1,cycle,post,2345,134215060,0.99998012185096741,0.000028678
4,6,4096,16777216,134217728,1,cycle,post,2346,134214886,0.99997882544994354,0.000030549
4,6,4096,16777216,134217728,1,cycle,post,2347,134214722,0.99997760355472565,0.000032312
4,6,4096,16777216,134217728,1,cycle,post,2348,134214575,0.99997650831937790,0.000033892
4,6,4096,16777216,134217728,1,cycle,post,2349,134214382,0.99997507035732269,0.000035966
4,6,4096,16777216,134217728,1,cycle,post,2350,134214197,0.99997369199991226,0.000037955
4,6,4096,16777216,134217728,1,cycle,post,2351,134214037,0.99997249990701675,0.000039675
4,6,4096,16777216,134217728,1,cycle,post,2352,134213868,0.99997124075889587,0.000041491
4,6,4096,16777216,134217728,1,cycle,post,2353,134213655,0.99996965378522873,0.000043781
4,6,4096,16777216,134217728,1,cycle,post,2354,134213444,0.99996808171272278,0.000046049
4,6,4096,16777216,134217728,1,cycle,post,2355,134213200,0.99996626377105713,0.000048672
4,6,4096,16777216,134217728,1,cycle,post,2356,134212969,0.99996454268693924,0.000051155
4,6,4096,16777216,134217728,1,cycle,post,2357,134212712,0.99996262788772583,0.000053918
4,6,4096,16777216,134217728,1,cycle,post,2358,134212459,0.99996074289083481,0.000056637
4,6,4096,16777216,134217728,1,cycle,post,2359,134212230,0.99995903670787811,0.000059099
4,6,4096,16777216,134217728,1,cycle,post,2360,134212023,0.99995749443769455,0.000061324
4,6,4096,16777216,134217728,1,cycle,post,2361,134211803,0.99995585530996323,0.000063689
4,6,4096,16777216,134217728,1,cycle,post,2362,134211641,0.99995464831590652,0.000065430
4,6,4096,16777216,134217728,1,cycle,post,2363,134211455,0.99995326250791550,0.000067430
4,6,4096,16777216,134217728,1,cycle,post,2364,134211252,0.99995175004005432,0.000069612
4,6,4096,16777216,134217728,1,cycle,post,2365,134210978,0.99994970858097076,0.000072557
4,6,4096,16777216,134217728,1,cycle,post,2366,134210687,0.99994754046201706,0.000075685
4,6,4096,16777216,134217728,1,cycle,post,2367,134210349,0.99994502216577530,0.000079318
4,6,4096,16777216,134217728,1,cycle,post,2368,134210028,0.99994263052940369,0.000082769
4,6,4096,16777216,134217728,1,cycle,post,2369,134209686,0.99994008243083954,0.000086445
4,6,4096,16777216,134217728,1,cycle,post,2370,134209299,0.99993719905614853,0.000090605
4,6,4096,16777216,134217728,1,cycle,post,2371,134208858,0.99993391335010529,0.000095346
4,6,4096,16777216,134217728,1,cycle,post,2372,134208395,0.99993046373128891,0.000100323
4,6,4096,16777216,134217728,1,cycle,post,2373,134207899,0.99992676824331284,0.000105655
4,6,4096,16777216,134217728,1,cycle,post,2374,134207243,0.99992188066244125,0.000112707
4,6,4096,16777216,134217728,1,cycle,post,2375,134206525,0.99991653114557266,0.000120425
4,6,4096,16777216,134217728,1,cycle,post,2376,134205803,0.99991115182638168,0.000128187
4,6,4096,16777216,134217728,1,cycle,post,2377,134205064,0.99990564584732056,0.000136131
4,6,4096,16777216,134217728,1,cycle,post,2378,134204257,0.99989963322877884,0.000144806
4,6,4096,16777216,134217728,1,cycle,post,2379,134203424,0.99989342689514160,0.000153761
4,6,4096,16777216,134217728,1,cycle,post,2380,134202576,0.99988710880279541,0.000162877
4,6,4096,16777216,134217728,1,cycle,post,2381,134201665,0.99988032132387161,0.000172670
4,6,4096,16777216,134217728,1,cycle,post,2382,134200651,0.99987276643514633,0.000183571
4,6,4096,16777216,134217728,1,cycle,post,2383,134199591,0.99986486881971359,0.000194966
4,6,4096,16777216,134217728,1,cycle,post,2384,134198567,0.99985723942518234,0.000205975
4,6,4096,16777216,134217728,1,cycle,post,2385,134197430,0.99984876811504364,0.000218198
4,6,4096,16777216,134217728,1,cycle,post,2386,134196223,0.99983977526426315,0.000231174
4,6,4096,16777216,134217728,1,cycle,post,2387,134194849,0.99982953816652298,0.000245945
4,6,4096,16777216,134217728,1,cycle,post,2388,134193401,0.99981874972581863,0.000261513
4,6,4096,16777216,134217728,1,cycle,post,2389,134191897,0.99980754405260086,0.000277682
4,6,4096,16777216,134217728,1,cycle,post,2390,134190222,0.99979506433010101,0.000295690
4,6,4096,16777216,134217728,1,cycle,post,2391,134188402,0.99978150427341461,0.000315257
4,6,4096,16777216,134217728,1,cycle,post,2392,134186582,0.99976794421672821,0.000334825
4,6,4096,16777216,134217728,1,cycle,post,2393,134184681,0.99975378066301346,0.000355263
4,6,4096,16777216,134217728,1,cycle,post,2394,134182471,0.99973731487989426,0.000379024
4,6,4096,16777216,134217728,1,cycle,post,2395,134180271,0.99972092360258102,0.000402678
4,6,4096,16777216,134217728,1,cycle,post,2396,134177966,0.99970375001430511,0.000427462
4,6,4096,16777216,134217728,1,cycle,post,2397,134175379,0.99968447536230087,0.000455278
4,6,4096,16777216,134217728,1,cycle,post,2398,134172690,0.99966444075107574,0.000484191
4,6,4096,16777216,134217728,1,cycle,post,2399,134169838,0.99964319169521332,0.000514857
4,6,4096,16777216,134217728,1,cycle,post,2400,134166573,0.99961886554956436,0.000549966
4,6,4096,16777216,134217728,1,cycle,post,2401,134163228,0.99959394335746765,0.000585935
4,6,4096,16777216,134217728,1,cycle,post,2402,134159688,0.99956756830215454,0.000624002
4,6,4096,16777216,134217728,1,cycle,post,2403,134156000,0.99954009056091309,0.000663662
4,6,4096,16777216,134217728,1,cycle,post,2404,134152260,0.99951222538948059,0.000703882
4,6,4096,16777216,134217728,1,cycle,post,2405,134148280,0.99948257207870483,0.000746684
4,6,4096,16777216,134217728,1,cycle,post,2406,134144170,0.99945195019245148,0.000790885
4,6,4096,16777216,134217728,1,cycle,post,2407,134139764,0.99941912293434143,0.000838272
4,6,4096,16777216,134217728,1,cycle,post,2408,134135305,0.99938590079545975,0.000886230
4,6,4096,16777216,134217728,1,cycle,post,2409,134130520,0.99935024976730347,0.000937696
4,6,4096,16777216,134217728,1,cycle,post,2410,134125431,0.99931233376264572,0.000992434
4,6,4096,16777216,134217728,1,cycle,post,2411,134119763,0.99927010387182236,0.001053402
4,6,4096,16777216,134217728,1,cycle,post,2412,134113693,0.99922487884759903,0.001118697
4,6,4096,16777216,134217728,1,cycle,post,2413,134107456,0.99917840957641602,0.001185792
4,6,4096,16777216,134217728,1,cycle,post,2414,134100789,0.99912873655557632,0.001257515
4,6,4096,16777216,134217728,1,cycle,post,2415,134093860,0.99907711148262024,0.001332061
4,6,4096,16777216,134217728,1,cycle,post,2416,134086449,0.99902189522981644,0.001411797
4,6,4096,16777216,134217728,1,cycle,post,2417,134078486,0.99896256625652313,0.001497477
4,6,4096,16777216,134217728,1,cycle,post,2418,134070100,0.99890008568763733,0.001587714
4,6,4096,16777216,134217728,1,cycle,post,2419,134061420,0.99883541464805603,0.001681121
4,6,4096,16777216,134217728,1,cycle,post,2420,134052548,0.99876931309700012,0.001776599
4,6,4096,16777216,134217728,1,cycle,post,2421,134042980,0.99869802594184875,0.001879575
4,6,4096,16777216,134217728,1,cycle,post,2422,134032739,0.99862172454595566,0.001989803
4,6,4096,16777216,134217728,1,cycle,post,2423,134021881,0.99854082614183426,0.002106680
4,6,4096,16777216,134217728,1,cycle,post,2424,134010569,0.99845654517412186,0.002228455
4,6,4096,16777216,134217728,1,cycle,post,2425,133998415,0.99836599081754684,0.002359305
4,6,4096,16777216,134217728,1,cycle,post,2426,133985844,0.99827232956886292,0.002494657
4,6,4096,16777216,134217728,1,cycle,post,2427,133972533,0.99817315489053726,0.002637991
4,6,4096,16777216,134217728,1,cycle,post,2428,133959048,0.99807268381118774,0.002783212
4,6,4096,16777216,134217728,1,cycle,post,2429,133945062,0.99796847999095917,0.002933845
4,6,4096,16777216,134217728,1,cycle,post,2430,133930249,0.99785811454057693,0.003093402
4,6,4096,16777216,134217728,1,cycle,post,2431,133914379,0.99773987382650375,0.003264363
4,6,4096,16777216,134217728,1,cycle,post,2432,133897839,0.99761664122343063,0.003442564
4,6,4096,16777216,134217728,1,cycle,post,2433,133880545,0.99748779088258743,0.003628912
4,6,4096,16777216,134217728,1,cycle,post,2434,133862467,0.99735309928655624,0.003823733
4,6,4096,16777216,134217728,1,cycle,post,2435,133843599,0.99721252173185349,0.004027096
4,6,4096,16777216,134217728,1,cycle,post,2436,133824145,0.99706757813692093,0.004236806
4,6,4096,16777216,134217728,1,cycle,post,2437,133804279,0.99691956490278244,0.004450987
4,6,4096,16777216,134217728,1,cycle,post,2438,133783034,0.99676127731800079,0.004680072
4,6,4096,16777216,134217728,1,cycle,post,2439,133760365,0.99659238010644913,0.004924552
4,6,4096,16777216,134217728,1,cycle,post,2440,133736830,0.99641703069210052,0.005178415
4,6,4096,16777216,134217728,1,cycle,post,2441,133712292,0.99623420834541321,0.005443144
4,6,4096,16777216,134217728,1,cycle,post,2442,133686760,0.99604398012161255,0.005718649
4,6,4096,16777216,134217728,1,cycle,post,2443,133660852,0.99585095047950745,0.005998265
4,6,4096,16777216,134217728,1,cycle,post,2444,133634078,0.99565146863460541,0.006287285
4,6,4096,16777216,134217728,1,cycle,post,2445,133605781,0.99544063955545425,0.006592808
4,6,4096,16777216,134217728,1,cycle,post,2446,133575938,0.99521829187870026,0.006915093
4,6,4096,16777216,134217728,1,cycle,post,2447,133544967,0.99498753994703293,0.007249636
4,6,4096,16777216,134217728,1,cycle,post,2448,133512679,0.99474697560071945,0.007598487
4,6,4096,16777216,134217728,1,cycle,post,2449,133479278,0.99449811875820160,0.007959453
4,6,4096,16777216,134217728,1,cycle,post,2450,133444906,0.99424202740192413,0.008331006
4,6,4096,16777216,134217728,1,cycle,post,2451,133408614,0.99397163093090057,0.008723419
4,6,4096,16777216,134217728,1,cycle,post,2452,133370321,0.99368632584810257,0.009137583
4,6,4096,16777216,134217728,1,cycle,post,2453,133330721,0.99339128285646439,0.009566008
4,6,4096,16777216,134217728,1,cycle,post,2454,133289457,0.99308384209871292,0.010012571
4,6,4096,16777216,134217728,1,cycle,post,2455,133248024,0.99277514219284058,0.010461102
4,6,4096,16777216,134217728,1,cycle,post,2456,133204730,0.99245257675647736,0.010929929
4,6,4096,16777216,134217728,1,cycle,post,2457,133159707,0.99211712926626205,0.011417640
4,6,4096,16777216,134217728,1,cycle,post,2458,133112746,0.99176724255084991,0.011926520
4,6,4096,16777216,134217728,1,cycle,post,2459,133064310,0.99140636622905731,0.012451572
4,6,4096,16777216,134217728,1,cycle,post,2460,133013838,0.99103032052516937,0.012998898
4,6,4096,16777216,134217728,1,cycle,post,2461,132961097,0.99063736945390701,0.013571051
4,6,4096,16777216,134217728,1,cycle,post,2462,132905856,0.99022579193115234,0.014170568
4,6,4096,16777216,134217728,1,cycle,post,2463,132848773,0.98980049043893814,0.014790338
4,6,4096,16777216,134217728,1,cycle,post,2464,132789469,0.98935864120721817,0.015434504
4,6,4096,16777216,134217728,1,cycle,post,2465,132727600,0.98889768123626709,0.016106838
4,6,4096,16777216,134217728,1,cycle,post,2466,132663050,0.98841674625873566,0.016808641
4,6,4096,16777216,134217728,1,cycle,post,2467,132596711,0.98792248219251633,0.017530250
4,6,4096,16777216,134217728,1,cycle,post,2468,132528749,0.98741612583398819,0.018269888
4,6,4096,16777216,134217728,1,cycle,post,2469,132458089,0.98688966780900955,0.019039291
4,6,4096,16777216,134217728,1,cycle,post,2470,132385207,0.98634665459394455,0.019833320
4,6,4096,16777216,134217728,1,cycle,post,2471,132309447,0.98578219860792160,0.020659166
4,6,4096,16777216,134217728,1,cycle,post,2472,132230827,0.98519643396139145,0.021516689
4,6,4096,16777216,134217728,1,cycle,post,2473,132149248,0.98458862304687500,0.022407026
4,6,4096,16777216,134217728,1,cycle,post,2474,132064208,0.98395502567291260,0.023335720
4,6,4096,16777216,134217728,1,cycle,post,2475,131976410,0.98330087959766388,0.024295161
4,6,4096,16777216,134217728,1,cycle,post,2476,131885548,0.98262390494346619,0.025288758
4,6,4096,16777216,134217728,1,cycle,post,2477,131791366,0.98192219436168671,0.026319382
4,6,4096,16777216,134217728,1,cycle,post,2478,131693288,0.98119145631790161,0.027393423
4,6,4096,16777216,134217728,1,cycle,post,2479,131592367,0.98043953627347946,0.028499433
4,6,4096,16777216,134217728,1,cycle,post,2480,131489166,0.97967062890529633,0.029631307
4,6,4096,16777216,134217728,1,cycle,post,2481,131383528,0.97888356447219849,0.030790829
4,6,4096,16777216,134217728,1,cycle,post,2482,131273856,0.97806644439697266,0.031995618
4,6,4096,16777216,134217728,1,cycle,post,2483,131159515,0.97721453756093979,0.033252769
4,6,4096,16777216,134217728,1,cycle,post,2484,131042233,0.97634071856737137,0.034543395
4,6,4096,16777216,134217728,1,cycle,post,2485,130921832,0.97544366121292114,0.035869546
4,6,4096,16777216,134217728,1,cycle,post,2486,130799016,0.97452861070632935,0.037223553
4,6,4096,16777216,134217728,1,cycle,post,2487,130672006,0.97358231246471405,0.038625137
4,6,4096,16777216,134217728,1,cycle,post,2488,130541721,0.97261161357164383,0.040064277
4,6,4096,16777216,134217728,1,cycle,post,2489,130406856,0.97160679101943970,0.041555521
4,6,4096,16777216,134217728,1,cycle,post,2490,130268421,0.97057536989450455,0.043087845
4,6,4096,16777216,134217728,1,cycle,post,2491,130125211,0.96950837224721909,0.044674738
4,6,4096,16777216,134217728,1,cycle,post,2492,129977435,0.96840735524892807,0.046314058
4,6,4096,16777216,134217728,1,cycle,post,2493,129826034,0.96727932989597321,0.047995525
4,6,4096,16777216,134217728,1,cycle,post,2494,129668794,0.96610780060291290,0.049743918
4,6,4096,16777216,134217728,1,cycle,post,2495,129508558,0.96491394937038422,0.051527806
4,6,4096,16777216,134217728,1,cycle,post,2496,129343245,0.96368227154016495,0.053370530
4,6,4096,16777216,134217728,1,cycle,post,2497,129173028,0.96241405606269836,0.055270382
4,6,4096,16777216,134217728,1,cycle,post,2498,128998370,0.96111275255680084,0.057222405
4,6,4096,16777216,134217728,1,cycle,post,2499,128819368,0.95977908372879028,0.059225722
4,6,4096,16777216,134217728,1,cycle,post,2500,128635826,0.95841158926486969,0.061282741
4,6,4096,16777216,134217728,1,cycle,post,2501,128446994,0.95700468122959137,0.063402113
4,6,4096,16777216,134217728,1,cycle,post,2502,128252898,0.95555855333805084,0.065583816
4,6,4096,16777216,134217728,1,cycle,post,2503,128052579,0.95406606048345566,0.067838932
4,6,4096,16777216,134217728,1,cycle,post,2504,127847553,0.95253849774599075,0.070150693
4,6,4096,16777216,134217728,1,cycle,post,2505,127636605,0.95096681267023087,0.072533101
4,6,4096,16777216,134217728,1,cycle,post,2506,127419174,0.94934682548046112,0.074992851
4,6,4096,16777216,134217728,1,cycle,post,2507,127195252,0.94767847657203674,0.077530423
4,6,4096,16777216,134217728,1,cycle,post,2508,126965368,0.94596570730209351,0.080140210
4,6,4096,16777216,134217728,1,cycle,post,2509,126728122,0.94419808685779572,0.082838535
4,6,4096,16777216,134217728,1,cycle,post,2510,126485874,0.94239319860935211,0.085598968
4,6,4096,16777216,134217728,1,cycle,post,2511,126238676,0.94055142998695374,0.088421261
4,6,4096,16777216,134217728,1,cycle,post,2512,125986025,0.93866903334856033,0.091311529
4,6,4096,16777216,134217728,1,cycle,post,2513,125728550,0.93675069510936737,0.094262952
4,6,4096,16777216,134217728,1,cycle,post,2514,125464928,0.93478655815124512,0.097291106
4,6,4096,16777216,134217728,1,cycle,post,2515,125196415,0.93278598040342331,0.100381990
4,6,4096,16777216,134217728,1,cycle,post,2516,124920718,0.93073187768459320,0.103562474
4,6,4096,16777216,134217728,1,cycle,post,2517,124639214,0.92863450944423676,0.106817200
4,6,4096,16777216,134217728,1,cycle,post,2518,124351815,0.92649322003126144,0.110147676
4,6,4096,16777216,134217728,1,cycle,post,2519,124059255,0.92431347817182541,0.113545875
4,6,4096,16777216,134217728,1,cycle,post,2520,123759079,0.92207699269056320,0.117040875
4,6,4096,16777216,134217728,1,cycle,post,2521,123450564,0.91977837681770325,0.120641813
4,6,4096,16777216,134217728,1,cycle,post,2522,123135660,0.91743215918540955,0.124326615
4,6,4096,16777216,134217728,1,cycle,post,2523,122815233,0.91504479199647903,0.128085729
4,6,4096,16777216,134217728,1,cycle,post,2524,122488359,0.91260939091444016,0.131930595
4,6,4096,16777216,134217728,1,cycle,post,2525,122153242,0.91011257469654083,0.135883087
4,6,4096,16777216,134217728,1,cycle,post,2526,121812149,0.90757123380899429,0.139917213
4,6,4096,16777216,134217728,1,cycle,post,2527,121465037,0.90498504787683487,0.144034139
4,6,4096,16777216,134217728,1,cycle,post,2528,121111206,0.90234880149364471,0.148242882
4,6,4096,16777216,134217728,1,cycle,post,2529,120751573,0.89966932684183121,0.152533258
4,6,4096,16777216,134217728,1,cycle,post,2530,120383849,0.89692956954240799,0.156933391
4,6,4096,16777216,134217728,1,cycle,post,2531,120009639,0.89414148777723312,0.161424955
4,6,4096,16777216,134217728,1,cycle,post,2532,119628852,0.89130440354347229,0.166009861
4,6,4096,16777216,134217728,1,cycle,post,2533,119241474,0.88841821253299713,0.170689127
4,6,4096,16777216,134217728,1,cycle,post,2534,118846249,0.88547355681657791,0.175478871
4,6,4096,16777216,134217728,1,cycle,post,2535,118442781,0.88246748596429825,0.180384971
4,6,4096,16777216,134217728,1,cycle,post,2536,118030102,0.87939278781414032,0.185420394
4,6,4096,16777216,134217728,1,cycle,post,2537,117611114,0.87627108395099640,0.190550843
4,6,4096,16777216,134217728,1,cycle,post,2538,117184416,0.87309193611145020,0.195794518
4,6,4096,16777216,134217728,1,cycle,post,2539,116750116,0.86985614895820618,0.201151258
4,6,4096,16777216,134217728,1,cycle,post,2540,116309443,0.86657287925481796,0.206607009
4,6,4096,16777216,134217728,1,cycle,post,2541,115860143,0.86322533339262009,0.212190890
4,6,4096,16777216,134217728,1,cycle,post,2542,115402756,0.85981753468513489,0.217897563
4,6,4096,16777216,134217728,1,cycle,post,2543,114937892,0.85635402798652649,0.223720746
4,6,4096,16777216,134217728,1,cycle,post,2544,114467668,0.85285058617591858,0.229635082
4,6,4096,16777216,134217728,1,cycle,post,2545,113990871,0.84929817169904709,0.235656951
4,6,4096,16777216,134217728,1,cycle,post,2546,113510052,0.84571579098701477,0.241755178
4,6,4096,16777216,134217728,1,cycle,post,2547,113022045,0.84207985550165176,0.247971043
4,6,4096,16777216,134217728,1,cycle,post,2548,112525192,0.83837801218032837,0.254327215
4,6,4096,16777216,134217728,1,cycle,post,2549,112020500,0.83461776375770569,0.260812468
4,6,4096,16777216,134217728,1,cycle,post,2550,111509163,0.83080800622701645,0.267412976
4,6,4096,16777216,134217728,1,cycle,post,2551,110991737,0.82695288211107254,0.274122965
4,6,4096,16777216,134217728,1,cycle,post,2552,110466497,0.82303953915834427,0.280966355
4,6,4096,16777216,134217728,1,cycle,post,2553,109931134,0.81905077397823334,0.287975206
4,6,4096,16777216,134217728,1,cycle,post,2554,109387705,0.81500191241502762,0.295124650
4,6,4096,16777216,134217728,1,cycle,post,2555,108839868,0.81092020869255066,0.302368129
4,6,4096,16777216,134217728,1,cycle,post,2556,108286621,0.80679819732904434,0.309720234
4,6,4096,16777216,134217728,1,cycle,post,2557,107725376,0.80261659622192383,0.317217107
4,6,4096,16777216,134217728,1,cycle,post,2558,107156713,0.79837972670793533,0.324853008
4,6,4096,16777216,134217728,1,cycle,post,2559,106580399,0.79408585280179977,0.332633102
4,6,4096,16777216,134217728,1,cycle,post,2560,105996710,0.78973703086376190,0.340555755
4,6,4096,16777216,134217728,1,cycle,post,2561,105407702,0.78534857928752899,0.348594954
4,6,4096,16777216,134217728,1,cycle,post,2562,104813404,0.78092071413993835,0.356752014
4,6,4096,16777216,134217728,1,cycle,post,2563,104212948,0.77644696831703186,0.365040704
4,6,4096,16777216,134217728,1,cycle,post,2564,103606306,0.77192713320255280,0.373463426
4,6,4096,16777216,134217728,1,cycle,post,2565,102993381,0.76736048609018326,0.382023617
4,6,4096,16777216,134217728,1,cycle,post,2566,102375820,0.76275929808616638,0.390700233
4,6,4096,16777216,134217728,1,cycle,post,2567,101750490,0.75810022652149200,0.399539499
4,6,4096,16777216,134217728,1,cycle,post,2568,101115619,0.75337006896734238,0.408569378
4,6,4096,16777216,134217728,1,cycle,post,2569,100478313,0.74862176924943924,0.417691094
4,6,4096,16777216,134217728,1,cycle,post,2570,99835932,0.74383565783500671,0.426944186
4,6,4096,16777216,134217728,1,cycle,post,2571,99190826,0.73902924358844757,0.436296642
4,6,4096,16777216,134217728,1,cycle,post,2572,98537347,0.73416044563055038,0.445832706
4,6,4096,16777216,134217728,1,cycle,post,2573,97876017,0.72923315316438675,0.455547943
4,6,4096,16777216,134217728,1,cycle,post,2574,97211164,0.72427961230278015,0.465381329
4,6,4096,16777216,134217728,1,cycle,post,2575,96542316,0.71929630637168884,0.475341899
4,6,4096,16777216,134217728,1,cycle,post,2576,95869451,0.71428307145833969,0.485432165
4,6,4096,16777216,134217728,1,cycle,post,2577,95190798,0.70922671258449554,0.495681219
4,6,4096,16777216,134217728,1,cycle,post,2578,94508706,0.70414473116397858,0.506056101
4,6,4096,16777216,134217728,1,cycle,post,2579,93822969,0.69903559237718582,0.516562181
4,6,4096,16777216,134217728,1,cycle,post,2580,93131142,0.69388107955455780,0.527239666
4,6,4096,16777216,134217728,1,cycle,post,2581,92432143,0.68867313116788864,0.538108704
4,6,4096,16777216,134217728,1,cycle,post,2582,91725646,0.68340931832790375,0.549178176
4,6,4096,16777216,134217728,1,cycle,post,2583,91014946,0.67811419069766998,0.560399859
4,6,4096,16777216,134217728,1,cycle,post,2584,90303097,0.67281050235033035,0.571727869
4,6,4096,16777216,134217728,1,cycle,post,2585,89588072,0.66748315095901489,0.583196675
4,6,4096,16777216,134217728,1,cycle,post,2586,88866824,0.66210943460464478,0.594858407
4,6,4096,16777216,134217728,1,cycle,post,2587,88138489,0.65668291598558426,0.606731172
4,6,4096,16777216,134217728,1,cycle,post,2588,87409386,0.65125067532062531,0.618715131
4,6,4096,16777216,134217728,1,cycle,post,2589,86678996,0.64580884575843811,0.630820893
4,6,4096,16777216,134217728,1,cycle,post,2590,85941634,0.64031507074832916,0.643146129
4,6,4096,16777216,134217728,1,cycle,post,2591,85200497,0.63479316979646683,0.655641490
4,6,4096,16777216,134217728,1,cycle,post,2592,84458891,0.62926777452230453,0.668254032
4,6,4096,16777216,134217728,1,cycle,post,2593,83713826,0.62371660768985748,0.681037421
4,6,4096,16777216,134217728,1,cycle,post,2594,82970122,0.61817558109760284,0.693911428
4,6,4096,16777216,134217728,1,cycle,post,2595,82223584,0.61261343955993652,0.706951078
4,6,4096,16777216,134217728,1,cycle,post,2596,81473988,0.60702851414680481,0.720163809
4,6,4096,16777216,134217728,1,cycle,post,2597,80721136,0.60141932964324951,0.733556858
4,6,4096,16777216,134217728,1,cycle,post,2598,79970989,0.59583029896020889,0.747026606
4,6,4096,16777216,134217728,1,cycle,post,2599,79220809,0.59024102240800858,0.760623902
4,6,4096,16777216,134217728,1,cycle,post,2600,78468814,0.58463822305202484,0.774383941
4,6,4096,16777216,134217728,1,cycle,post,2601,77714111,0.57901524752378464,0.788326755
4,6,4096,16777216,134217728,1,cycle,post,2602,76956263,0.57336883991956711,0.802464592
4,6,4096,16777216,134217728,1,cycle,post,2603,76194558,0.56769369542598724,0.816815375
4,6,4096,16777216,134217728,1,cycle,post,2604,75431171,0.56200601905584335,0.831342513
4,6,4096,16777216,134217728,1,cycle,post,2605,74667547,0.55631657689809799,0.846022000
4,6,4096,16777216,134217728,1,cycle,post,2606,73899462,0.55059389770030975,0.860939474
4,6,4096,16777216,134217728,1,cycle,post,2607,73131060,0.54486885666847229,0.876019062
4,6,4096,16777216,134217728,1,cycle,post,2608,72359947,0.53912361711263657,0.891311985
4,6,4096,16777216,134217728,1,cycle,post,2609,71587868,0.53337118029594421,0.906788221
4,6,4096,16777216,134217728,1,cycle,post,2610,70812498,0.52759422361850739,0.922499326
4,6,4096,16777216,134217728,1,cycle,post,2611,70038670,0.52182875573635101,0.938351648
4,6,4096,16777216,134217728,1,cycle,post,2612,69263360,0.51605224609375000,0.954410961
4,6,4096,16777216,134217728,1,cycle,post,2613,68489209,0.51028437167406082,0.970626637
4,6,4096,16777216,134217728,1,cycle,post,2614,67713826,0.50450731813907623,0.987052898
4,6,4096,16777216,134217728,1,cycle,post,2615,66940616,0.49874645471572876,1.003621509
4,6,4096,16777216,134217728,1,cycle,post,2616,66168106,0.49299080669879913,1.020367351
4,6,4096,16777216,134217728,1,cycle,post,2617,65396903,0.48724489659070969,1.037281020
4,6,4096,16777216,134217728,1,cycle,post,2618,64625187,0.48149516433477402,1.054406786
4,6,4096,16777216,134217728,1,cycle,post,2619,63854471,0.47575288265943527,1.071715697
4,6,4096,16777216,134217728,1,cycle,post,2620,63083940,0.47001197934150696,1.089230567
4,6,4096,16777216,134217728,1,cycle,post,2621,62313073,0.46426857262849808,1.106968470
4,6,4096,16777216,134217728,1,cycle,post,2622,61546016,0.45855355262756348,1.124837865
4,6,4096,16777216,134217728,1,cycle,post,2623,60778941,0.45283839851617813,1.142931798
4,6,4096,16777216,134217728,1,cycle,post,2624,60015620,0.44715121388435364,1.161165302
4,6,4096,16777216,134217728,1,cycle,post,2625,59255770,0.44148989021778107,1.179547693
4,6,4096,16777216,134217728,1,cycle,post,2626,58495601,0.43582618981599808,1.198175201
4,6,4096,16777216,134217728,1,cycle,post,2627,57737053,0.43017456680536270,1.217005864
4,6,4096,16777216,134217728,1,cycle,post,2628,56980831,0.42454027384519577,1.236026674
4,6,4096,16777216,134217728,1,cycle,post,2629,56227506,0.41892756521701813,1.255227279
4,6,4096,16777216,134217728,1,cycle,post,2630,55476095,0.41332911700010300,1.274637097
4,6,4096,16777216,134217728,1,cycle,post,2631,54727949,0.40775499492883682,1.294225545
4,6,4096,16777216,134217728,1,cycle,post,2632,53982241,0.40219903737306595,1.314018466
4,6,4096,16777216,134217728,1,cycle,post,2633,53238648,0.39665883779525757,1.334029401
4,6,4096,16777216,134217728,1,cycle,post,2634,52498956,0.39114770293235779,1.354214602
4,6,4096,16777216,134217728,1,cycle,post,2635,51766288,0.38568890094757080,1.374490465
4,6,4096,16777216,134217728,1,cycle,post,2636,51037549,0.38025937229394913,1.394944288
4,6,4096,16777216,134217728,1,cycle,post,2637,50312213,0.37485519796609879,1.415594687
4,6,4096,16777216,134217728,1,cycle,post,2638,49588994,0.36946679651737213,1.436483378
4,6,4096,16777216,134217728,1,cycle,post,2639,48870276,0.36411193013191223,1.457546083
4,6,4096,16777216,134217728,1,cycle,post,2640,48156609,0.35879469662904739,1.478769529
4,6,4096,16777216,134217728,1,cycle,post,2641,47445957,0.35349992662668228,1.500218179
4,6,4096,16777216,134217728,1,cycle,post,2642,46736933,0.34821728616952896,1.521940272
4,6,4096,16777216,134217728,1,cycle,post,2643,46030170,0.34295149147510529,1.543923565
4,6,4096,16777216,134217728,1,cycle,post,2644,45327569,0.33771670609712601,1.566114547
4,6,4096,16777216,134217728,1,cycle,post,2645,44630512,0.33252322673797607,1.588472979
4,6,4096,16777216,134217728,1,cycle,post,2646,43938326,0.32736603915691376,1.611023430
4,6,4096,16777216,134217728,1,cycle,post,2647,43251385,0.32224792987108231,1.633757004
4,6,4096,16777216,134217728,1,cycle,post,2648,42566859,0.31714781373739243,1.656772698
4,6,4096,16777216,134217728,1,cycle,post,2649,41888199,0.31209140270948410,1.679959480
4,6,4096,16777216,134217728,1,cycle,post,2650,41216008,0.30708318948745728,1.703298557
4,6,4096,16777216,134217728,1,cycle,post,2651,40548900,0.30211284756660461,1.726840558
4,6,4096,16777216,134217728,1,cycle,post,2652,39886198,0.29717533290386200,1.750613725
4,6,4096,16777216,134217728,1,cycle,post,2653,39232966,0.29230837523937225,1.774436929
4,6,4096,16777216,134217728,1,cycle,post,2654,38584860,0.28747960925102234,1.798468465
4,6,4096,16777216,134217728,1,cycle,post,2655,37945055,0.28271269053220749,1.822591450
4,6,4096,16777216,134217728,1,cycle,post,2656,37313284,0.27800562977790833,1.846813996
4,6,4096,16777216,134217728,1,cycle,post,2657,36686881,0.27333856374025345,1.871239079
4,6,4096,16777216,134217728,1,cycle,post,2658,36063774,0.26869605481624603,1.895952956
4,6,4096,16777216,134217728,1,cycle,post,2659,35447290,0.26410289108753204,1.920828000
4,6,4096,16777216,134217728,1,cycle,post,2660,34836216,0.25955003499984741,1.945915413
4,6,4096,16777216,134217728,1,cycle,post,2661,34231863,0.25504725426435471,1.971163526
4,6,4096,16777216,134217728,1,cycle,post,2662,33635608,0.25060480833053589,1.996513999
4,6,4096,16777216,134217728,1,cycle,post,2663,33043299,0.24619176238775253,2.022145605
4,6,4096,16777216,134217728,1,cycle,post,2664,32455361,0.24181128293275833,2.048046532
4,6,4096,16777216,134217728,1,cycle,post,2665,31874004,0.23747983574867249,2.074123074
4,6,4096,16777216,134217728,1,cycle,post,2666,31297039,0.23318111151456833,2.100477165
4,6,4096,16777216,134217728,1,cycle,post,2667,30725261,0.22892103344202042,2.127078070
4,6,4096,16777216,134217728,1,cycle,post,2668,30160275,0.22471155971288681,2.153853753
4,6,4096,16777216,134217728,1,cycle,post,2669,29602580,0.22055640816688538,2.180780417
4,6,4096,16777216,134217728,1,cycle,post,2670,29051118,0.21644769608974457,2.207909651
4,6,4096,16777216,134217728,1,cycle,post,2671,28504961,0.21237850934267044,2.235290308
4,6,4096,16777216,134217728,1,cycle,post,2672,27966966,0.20837013423442841,2.262779584
4,6,4096,16777216,134217728,1,cycle,post,2673,27435206,0.20440821349620819,2.290474927
4,6,4096,16777216,134217728,1,cycle,post,2674,26911480,0.20050615072250366,2.318281601
4,6,4096,16777216,134217728,1,cycle,post,2675,26394586,0.19665499031543732,2.346261298
4,6,4096,16777216,134217728,1,cycle,post,2676,25884153,0.19285196810960770,2.374434226
4,6,4096,16777216,134217728,1,cycle,post,2677,25380946,0.18910278379917145,2.402757493
4,6,4096,16777216,134217728,1,cycle,post,2678,24885723,0.18541308492422104,2.431185034
4,6,4096,16777216,134217728,1,cycle,post,2679,24399163,0.18178793042898178,2.459671678
4,6,4096,16777216,134217728,1,cycle,post,2680,23916457,0.17819149047136307,2.488499652
4,6,4096,16777216,134217728,1,cycle,post,2681,23440162,0.17464281618595123,2.517520795
4,6,4096,16777216,134217728,1,cycle,post,2682,22970966,0.17114703357219696,2.546691808
4,6,4096,16777216,134217728,1,cycle,post,2683,22511010,0.16772009432315826,2.575872548
4,6,4096,16777216,134217728,1,cycle,post,2684,22058484,0.16434851288795471,2.605169693
4,6,4096,16777216,134217728,1,cycle,post,2685,21612903,0.16102867573499680,2.634610471
4,6,4096,16777216,134217728,1,cycle,post,2686,21172521,0.15774757415056229,2.664310275
4,6,4096,16777216,134217728,1,cycle,post,2687,20739716,0.15452292561531067,2.694107197
4,6,4096,16777216,134217728,1,cycle,post,2688,20310859,0.15132769197225571,2.724252079
4,6,4096,16777216,134217728,1,cycle,post,2689,19887700,0.14817491173744202,2.754626897
4,6,4096,16777216,134217728,1,cycle,post,2690,19468865,0.14505434781312943,2.785334556
4,6,4096,16777216,134217728,1,cycle,post,2691,19055561,0.14197499305009842,2.816291254
4,6,4096,16777216,134217728,1,cycle,post,2692,18648740,0.13894394040107727,2.847425178
4,6,4096,16777216,134217728,1,cycle,post,2693,18250076,0.13597366213798523,2.878600864
4,6,4096,16777216,134217728,1,cycle,post,2694,17856705,0.13304281979799271,2.910037443
4,6,4096,16777216,134217728,1,cycle,post,2695,17466996,0.13013926148414612,2.941871823
4,6,4096,16777216,134217728,1,cycle,post,2696,17084165,0.12728694826364517,2.973843599
4,6,4096,16777216,134217728,1,cycle,post,2697,16706474,0.12447293102741241,3.006096060
4,6,4096,16777216,134217728,1,cycle,post,2698,16335312,0.12170755863189697,3.038509326
4,6,4096,16777216,134217728,1,cycle,post,2699,15969967,0.11898552626371384,3.071142004
4,6,4096,16777216,134217728,1,cycle,post,2700,15610376,0.11630636453628540,3.103998049
4,6,4096,16777216,134217728,1,cycle,post,2701,15258327,0.11368339508771896,3.136906549
4,6,4096,16777216,134217728,1,cycle,post,2702,14911877,0.11110214143991470,3.170041471
4,6,4096,16777216,134217728,1,cycle,post,2703,14571430,0.10856561362743378,3.203360869
4,6,4096,16777216,134217728,1,cycle,post,2704,14235592,0.10606342554092407,3.237000846
4,6,4096,16777216,134217728,1,cycle,post,2705,13906469,0.10361126810312271,3.270747185
4,6,4096,16777216,134217728,1,cycle,post,2706,13582484,0.10119739174842834,3.304755988
4,6,4096,16777216,134217728,1,cycle,post,2707,13265551,0.09883605688810349,3.338818735
4,6,4096,16777216,134217728,1,cycle,post,2708,12954985,0.09652215987443924,3.372995991
4,6,4096,16777216,134217728,1,cycle,post,2709,12647620,0.09423211216926575,3.407637408
4,6,4096,16777216,134217728,1,cycle,post,2710,12347363,0.09199502319097519,3.442300374
4,6,4096,16777216,134217728,1,cycle,post,2711,12050232,0.08978122472763062,3.477442413
4,6,4096,16777216,134217728,1,cycle,post,2712,11759673,0.08761639147996902,3.512655392
4,6,4096,16777216,134217728,1,cycle,post,2713,11473513,0.08548433333635330,3.548196147
4,6,4096,16777216,134217728,1,cycle,post,2714,11193481,0.08339793235063553,3.583844574
4,6,4096,16777216,134217728,1,cycle,post,2715,10920778,0.08136613667011261,3.619427698
4,6,4096,16777216,134217728,1,cycle,post,2716,10652421,0.07936672121286392,3.655321983
4,6,4096,16777216,134217728,1,cycle,post,2717,10389359,0.07740675657987595,3.691396690
4,6,4096,16777216,134217728,1,cycle,post,2718,10133981,0.07550404220819473,3.727302307
4,6,4096,16777216,134217728,1,cycle,post,2719,9883458,0.07363750040531158,3.763415534
4,6,4096,16777216,134217728,1,cycle,post,2720,9635601,0.07179082185029984,3.800056776
4,6,4096,16777216,134217728,1,cycle,post,2721,9394129,0.06999171525239944,3.836672026
4,6,4096,16777216,134217728,1,cycle,post,2722,9157758,0.06823061406612396,3.873436989
4,6,4096,16777216,134217728,1,cycle,post,2723,8926722,0.06650926172733307,3.910300933
4,6,4096,16777216,134217728,1,cycle,post,2724,8701244,0.06482931971549988,3.947209756
4,6,4096,16777216,134217728,1,cycle,post,2725,8480666,0.06318588554859161,3.984253864
4,6,4096,16777216,134217728,1,cycle,post,2726,8264816,0.06157767772674561,4.021448730
4,6,4096,16777216,134217728,1,cycle,post,2727,8053894,0.06000618636608124,4.058744946
4,6,4096,16777216,134217728,1,cycle,post,2728,7845762,0.05845548212528229,4.096517859
4,6,4096,16777216,134217728,1,cycle,post,2729,7640721,0.05692780762910843,4.134722649
4,6,4096,16777216,134217728,1,cycle,post,2730,7440024,0.05543249845504761,4.173124155
4,6,4096,16777216,134217728,1,cycle,post,2731,7243988,0.05397191643714905,4.211647274
4,6,4096,16777216,134217728,1,cycle,post,2732,7052253,0.05254337936639786,4.250347198
4,6,4096,16777216,134217728,1,cycle,post,2733,6865759,0.05115389078855515,4.289012214
4,6,4096,16777216,134217728,1,cycle,post,2734,6682863,0.04979120939970016,4.327965132
4,6,4096,16777216,134217728,1,cycle,post,2735,6504153,0.04845971614122391,4.367070236
4,6,4096,16777216,134217728,1,cycle,post,2736,6328807,0.04715328663587570,4.406497858
4,6,4096,16777216,134217728,1,cycle,post,2737,6157135,0.04587423056364059,4.446172230
4,6,4096,16777216,134217728,1,cycle,post,2738,5988066,0.04461456835269928,4.486341308
4,6,4096,16777216,134217728,1,cycle,post,2739,5822542,0.04338131844997406,4.526782290
4,6,4096,16777216,134217728,1,cycle,post,2740,5661032,0.04217797517776489,4.567366352
4,6,4096,16777216,134217728,1,cycle,post,2741,5504124,0.04100891947746277,4.607918458
4,6,4096,16777216,134217728,1,cycle,post,2742,5350649,0.03986544162034988,4.648717539
4,6,4096,16777216,134217728,1,cycle,post,2743,5200951,0.03875010460615158,4.689655985
4,6,4096,16777216,134217728,1,cycle,post,2744,5055022,0.03766284883022308,4.730714060
4,6,4096,16777216,134217728,1,cycle,post,2745,4912893,0.03660390526056290,4.771858612
4,6,4096,16777216,134217728,1,cycle,post,2746,4774471,0.03557258099317551,4.813090536
4,6,4096,16777216,134217728,1,cycle,post,2747,4639035,0.03456350415945053,4.854606700
4,6,4096,16777216,134217728,1,cycle,post,2748,4506440,0.03357559442520142,4.896443248
4,6,4096,16777216,134217728,1,cycle,post,2749,4375926,0.03260318934917450,4.938843089
4,6,4096,16777216,134217728,1,cycle,post,2750,4247817,0.03164870291948318,4.981709816
4,6,4096,16777216,134217728,1,cycle,post,2751,4123300,0.03072097897529602,5.024631999
4,6,4096,16777216,134217728,1,cycle,post,2752,4001114,0.02981062233448029,5.068029696
4,6,4096,16777216,134217728,1,cycle,post,2753,3882505,0.02892691642045975,5.111443648
4,6,4096,16777216,134217728,1,cycle,post,2754,3765480,0.02805501222610474,5.155597648
4,6,4096,16777216,134217728,1,cycle,post,2755,3651728,0.02720749378204346,5.199852121
4,6,4096,16777216,134217728,1,cycle,post,2756,3542233,0.02639169245958328,5.243772318
4,6,4096,16777216,134217728,1,cycle,post,2757,3435399,0.02559571713209152,5.287953762
4,6,4096,16777216,134217728,1,cycle,post,2758,3331100,0.02481862902641296,5.332432766
4,6,4096,16777216,134217728,1,cycle,post,2759,3229281,0.02406001836061478,5.377218446
4,6,4096,16777216,134217728,1,cycle,post,2760,3130761,0.02332598716020584,5.421918052
4,6,4096,16777216,134217728,1,cycle,post,2761,3035461,0.02261594682931900,5.466515793
4,6,4096,16777216,134217728,1,cycle,post,2762,2942507,0.02192338556051254,5.511385583
4,6,4096,16777216,134217728,1,cycle,post,2763,2852318,0.02125142514705658,5.556296596
4,6,4096,16777216,134217728,1,cycle,post,2764,2764241,0.02059520035982132,5.601548028
4,6,4096,16777216,134217728,1,cycle,post,2765,2679572,0.01996436715126038,5.646428849
4,6,4096,16777216,134217728,1,cycle,post,2766,2597186,0.01935054361820221,5.691482093
4,6,4096,16777216,134217728,1,cycle,post,2767,2515948,0.01874527335166931,5.737329326
4,6,4096,16777216,134217728,1,cycle,post,2768,2436969,0.01815683394670486,5.783343532
4,6,4096,16777216,134217728,1,cycle,post,2769,2359980,0.01758322119712830,5.829656797
4,6,4096,16777216,134217728,1,cycle,post,2770,2285089,0.01702523976564407,5.876181074
4,6,4096,16777216,134217728,1,cycle,post,2771,2213036,0.01648840308189392,5.922404511
4,6,4096,16777216,134217728,1,cycle,post,2772,2142029,0.01595935970544815,5.969453418
4,6,4096,16777216,134217728,1,cycle,post,2773,2073032,0.01544529199600220,6.016689044
4,6,4096,16777216,134217728,1,cycle,post,2774,2005242,0.01494021713733673,6.064655074
4,6,4096,16777216,134217728,1,cycle,post,2775,1939879,0.01445322483778000,6.112464764
4,6,4096,16777216,134217728,1,cycle,post,2776,1877011,0.01398482173681259,6.159994326
4,6,4096,16777216,134217728,1,cycle,post,2777,1816472,0.01353377103805542,6.207292303
4,6,4096,16777216,134217728,1,cycle,post,2778,1756730,0.01308865845203400,6.255538957
4,6,4096,16777216,134217728,1,cycle,post,2779,1697590,0.01264803111553192,6.304943368
4,6,4096,16777216,134217728,1,cycle,post,2780,1641409,0.01222945004701614,6.353496662
4,6,4096,16777216,134217728,1,cycle,post,2781,1587031,0.01182430237531662,6.402101122
4,6,4096,16777216,134217728,1,cycle,post,2782,1533934,0.01142869889736176,6.451195021
4,6,4096,16777216,134217728,1,cycle,post,2783,1482325,0.01104418188333511,6.500569637
4,6,4096,16777216,134217728,1,cycle,post,2784,1432680,0.01067429780960083,6.549715022
4,6,4096,16777216,134217728,1,cycle,post,2785,1384442,0.01031489670276642,6.599126816
4,6,4096,16777216,134217728,1,cycle,post,2786,1337404,0.00996443629264832,6.648996093
4,6,4096,16777216,134217728,1,cycle,post,2787,1290753,0.00961685925722122,6.700218479
4,6,4096,16777216,134217728,1,cycle,post,2788,1246265,0.00928539782762527,6.750820562
4,6,4096,16777216,134217728,1,cycle,post,2789,1203154,0.00896419584751129,6.801610116
4,6,4096,16777216,134217728,1,cycle,post,2790,1161506,0.00865389406681061,6.852434824
4,6,4096,16777216,134217728,1,cycle,post,2791,1120489,0.00834829360246658,6.904302945
4,6,4096,16777216,134217728,1,cycle,post,2792,1080493,0.00805030018091202,6.956741705
4,6,4096,16777216,134217728,1,cycle,post,2793,1041860,0.00776246190071106,7.009270002
4,6,4096,16777216,134217728,1,cycle,post,2794,1004911,0.00748717039823532,7.061363696
4,6,4096,16777216,134217728,1,cycle,post,2795,969107,0.00722040981054306,7.113703562
4,6,4096,16777216,134217728,1,cycle,post,2796,934102,0.00695960223674774,7.166779431
4,6,4096,16777216,134217728,1,cycle,post,2797,900505,0.00670928508043289,7.219625239
4,6,4096,16777216,134217728,1,cycle,post,2798,867712,0.00646495819091797,7.273143245
4,6,4096,16777216,134217728,1,cycle,post,2799,836611,0.00623323768377304,7.325802558
4,6,4096,16777216,134217728,1,cycle,post,2800,806630,0.00600986182689667,7.378452462
4,6,4096,16777216,134217728,1,cycle,post,2801,777422,0.00579224526882172,7.431661591
4,6,4096,16777216,134217728,1,cycle,post,2802,749638,0.00558523833751678,7.484165439
4,6,4096,16777216,134217728,1,cycle,post,2803,722266,0.00538130104541779,7.537829267
4,6,4096,16777216,134217728,1,cycle,post,2804,696096,0.00518631935119629,7.591073241
4,6,4096,16777216,134217728,1,cycle,post,2805,670853,0.00499824434518814,7.644362854
4,6,4096,16777216,134217728,1,cycle,post,2806,646787,0.00481893867254257,7.697068844
4,6,4096,16777216,134217728,1,cycle,post,2807,623701,0.00464693456888199,7.749504954
4,6,4096,16777216,134217728,1,cycle,post,2808,601356,0.00448045134544373,7.802140213
4,6,4096,16777216,134217728,1,cycle,post,2809,579491,0.00431754440069199,7.855573270
4,6,4096,16777216,134217728,1,cycle,post,2810,558727,0.00416284054517746,7.908215987
4,6,4096,16777216,134217728,1,cycle,post,2811,538519,0.00401227921247482,7.961362279
4,6,4096,16777216,134217728,1,cycle,post,2812,518926,0.00386629998683929,8.014830704
4,6,4096,16777216,134217728,1,cycle,post,2813,499854,0.00372420251369476,8.068852759
4,6,4096,16777216,134217728,1,cycle,post,2814,481264,0.00358569622039795,8.123531016
4,6,4096,16777216,134217728,1,cycle,post,2815,463876,0.00345614552497864,8.176620320
4,6,4096,16777216,134217728,1,cycle,post,2816,447004,0.00333043932914734,8.230071784
4,6,4096,16777216,134217728,1,cycle,post,2817,430582,0.00320808589458466,8.284071515
4,6,4096,16777216,134217728,1,cycle,post,2818,414145,0.00308562070131302,8.340223555
4,6,4096,16777216,134217728,1,cycle,post,2819,398488,0.00296896696090698,8.395823246
4,6,4096,16777216,134217728,1,cycle,post,2820,383291,0.00285574048757553,8.451919403
4,6,4096,16777216,134217728,1,cycle,post,2821,368821,0.00274793058633804,8.507438723
4,6,4096,16777216,134217728,1,cycle,post,2822,354580,0.00264182686805725,8.564248362
4,6,4096,16777216,134217728,1,cycle,post,2823,340831,0.00253938883543015,8.621302965
4,6,4096,16777216,134217728,1,cycle,post,2824,327540,0.00244036316871643,8.678688423
4,6,4096,16777216,134217728,1,cycle,post,2825,314804,0.00234547257423401,8.735905653
4,6,4096,16777216,134217728,1,cycle,post,2826,302668,0.00225505232810974,8.792623373
4,6,4096,16777216,134217728,1,cycle,post,2827,291028,0.00216832756996155,8.849201563
4,6,4096,16777216,134217728,1,cycle,post,2828,279863,0.00208514183759689,8.905638761
4,6,4096,16777216,134217728,1,cycle,post,2829,268788,0.00200262665748596,8.963890795
4,6,4096,16777216,134217728,1,cycle,post,2830,258504,0.00192600488662720,9.020172921
4,6,4096,16777216,134217728,1,cycle,post,2831,248330,0.00185020267963409,9.078100966
4,6,4096,16777216,134217728,1,cycle,post,2832,238681,0.00177831202745438,9.135275799
4,6,4096,16777216,134217728,1,cycle,post,2833,229423,0.00170933455228806,9.192349495
4,6,4096,16777216,134217728,1,cycle,post,2834,220386,0.00164200365543365,9.250326946
4,6,4096,16777216,134217728,1,cycle,post,2835,212027,0.00157972425222397,9.306111533
4,6,4096,16777216,134217728,1,cycle,post,2836,203857,0.00151885300874710,9.362802029
4,6,4096,16777216,134217728,1,cycle,post,2837,196009,0.00146038085222244,9.419439627
4,6,4096,16777216,134217728,1,cycle,post,2838,188582,0.00140504539012909,9.475167547
4,6,4096,16777216,134217728,1,cycle,post,2839,181371,0.00135131925344467,9.531415728
4,6,4096,16777216,134217728,1,cycle,post,2840,174296,0.00129860639572144,9.588820065
4,6,4096,16777216,134217728,1,cycle,post,2841,167226,0.00124593079090118,9.648560353
4,6,4096,16777216,134217728,1,cycle,post,2842,160702,0.00119732320308685,9.705971642
4,6,4096,16777216,134217728,1,cycle,post,2843,154297,0.00114960223436356,9.764649514
4,6,4096,16777216,134217728,1,cycle,post,2844,147881,0.00110179930925369,9.825922821
4,6,4096,16777216,134217728,1,cycle,post,2845,141889,0.00105715543031693,9.885596777
4,6,4096,16777216,134217728,1,cycle,post,2846,135945,0.00101286917924881,9.947336435
4,6,4096,16777216,134217728,1,cycle,post,2847,130505,0.00097233802080154,10.006254444
4,6,4096,16777216,134217728,1,cycle,post,2848,125304,0.00093358755111694,10.064927056
4,6,4096,16777216,134217728,1,cycle,post,2849,120296,0.00089627504348755,10.123770854
4,6,4096,16777216,134217728,1,cycle,post,2850,115684,0.00086191296577454,10.180170183
4,6,4096,16777216,134217728,1,cycle,post,2851,111338,0.00082953274250031,10.235413453
4,6,4096,16777216,134217728,1,cycle,post,2852,107103,0.00079797953367233,10.291360634
4,6,4096,16777216,134217728,1,cycle,post,2853,103022,0.00076757371425629,10.347407073
4,6,4096,16777216,134217728,1,cycle,post,2854,99165,0.00073883682489395,10.402456605
4,6,4096,16777216,134217728,1,cycle,post,2855,95235,0.00070955604314804,10.460795742
4,6,4096,16777216,134217728,1,cycle,post,2856,91610,0.00068254768848419,10.516782531
4,6,4096,16777216,134217728,1,cycle,post,2857,87938,0.00065518915653229,10.575800899
4,6,4096,16777216,134217728,1,cycle,post,2858,84537,0.00062984973192215,10.632704705
4,6,4096,16777216,134217728,1,cycle,post,2859,81456,0.00060689449310303,10.686266650
4,6,4096,16777216,134217728,1,cycle,post,2860,78506,0.00058491528034210,10.739484701
4,6,4096,16777216,134217728,1,cycle,post,2861,75509,0.00056258589029312,10.795639009
4,6,4096,16777216,134217728,1,cycle,post,2862,72692,0.00054159760475159,10.850491021
4,6,4096,16777216,134217728,1,cycle,post,2863,69962,0.00052125751972198,10.905716088
4,6,4096,16777216,134217728,1,cycle,post,2864,67141,0.00050023943185806,10.965093596
4,6,4096,16777216,134217728,1,cycle,post,2865,64632,0.00048154592514038,11.020038985
4,6,4096,16777216,134217728,1,cycle,post,2866,62156,0.00046309828758240,11.076393957
4,6,4096,16777216,134217728,1,cycle,post,2867,59714,0.00044490396976471,11.134218408
4,6,4096,16777216,134217728,1,cycle,post,2868,57482,0.00042827427387238,11.189177361
4,6,4096,16777216,134217728,1,cycle,post,2869,55457,0.00041318684816360,11.240918046
4,6,4096,16777216,134217728,1,cycle,post,2870,53414,0.00039796531200409,11.295069693
4,6,4096,16777216,134217728,1,cycle,post,2871,51545,0.00038404017686844,11.346455131
4,6,4096,16777216,134217728,1,cycle,post,2872,49760,0.00037074089050293,11.397301135
4,6,4096,16777216,134217728,1,cycle,post,2873,48141,0.00035867840051651,11.445021510
4,6,4096,16777216,134217728,1,cycle,post,2874,46475,0.00034626573324203,11.495832755
4,6,4096,16777216,134217728,1,cycle,post,2875,44699,0.00033303350210190,11.552045064
4,6,4096,16777216,134217728,1,cycle,post,2876,43085,0.00032100826501846,11.605101937
4,6,4096,16777216,134217728,1,cycle,post,2877,41325,0.00030789524316788,11.665272801
4,6,4096,16777216,134217728,1,cycle,post,2878,39715,0.00029589980840683,11.722603617
4,6,4096,16777216,134217728,1,cycle,post,2879,38222,0.00028477609157562,11.777884350
4,6,4096,16777216,134217728,1,cycle,post,2880,36750,0.00027380883693695,11.834543371
4,6,4096,16777216,134217728,1,cycle,post,2881,35422,0.00026391446590424,11.887641948
4,6,4096,16777216,134217728,1,cycle,post,2882,34134,0.00025431811809540,11.941078134
4,6,4096,16777216,134217728,1,cycle,post,2883,32814,0.00024448335170746,11.997976153
4,6,4096,16777216,134217728,1,cycle,post,2884,31655,0.00023584812879562,12.049854225
4,6,4096,16777216,134217728,1,cycle,post,2885,30646,0.00022833049297333,12.096588839
4,6,4096,16777216,134217728,1,cycle,post,2886,29584,0.00022041797637939,12.147470491
4,6,4096,16777216,134217728,1,cycle,post,2887,28488,0.00021225214004517,12.201933280
4,6,4096,16777216,134217728,1,cycle,post,2888,27349,0.00020376592874527,12.260799538
4,6,4096,16777216,134217728,1,cycle,post,2889,26212,0.00019529461860657,12.322060184
4,6,4096,16777216,134217728,1,cycle,post,2890,25204,0.00018778443336487,12.378634906
4,6,4096,16777216,134217728,1,cycle,post,2891,24282,0.00018091499805450,12.432400366
4,6,4096,16777216,134217728,1,cycle,post,2892,23422,0.00017450749874115,12.484423348
4,6,4096,16777216,134217728,1,cycle,post,2893,22504,0.00016766786575317,12.542106163
4,6,4096,16777216,134217728,1,cycle,post,2894,21580,0.00016078352928162,12.602592756
4,6,4096,16777216,134217728,1,cycle,post,2895,20662,0.00015394389629364,12.665307712
4,6,4096,16777216,134217728,1,cycle,post,2896,19802,0.00014753639698029,12.726641471
4,6,4096,16777216,134217728,1,cycle,post,2897,18888,0.00014072656631470,12.794817674
4,6,4096,16777216,134217728,1,cycle,post,2898,18015,0.00013422220945358,12.863088969
4,6,4096,16777216,134217728,1,cycle,post,2899,17253,0.00012854486703873,12.925440377
4,6,4096,16777216,134217728,1,cycle,post,2900,16498,0.00012291967868805,12.989996479
4,6,4096,16777216,134217728,1,cycle,post,2901,15777,0.00011754781007767,13.054464718
4,6,4096,16777216,134217728,1,cycle,post,2902,15167,0.00011300295591354,13.111351869
4,6,4096,16777216,134217728,1,cycle,post,2903,14526,0.00010822713375092,13.173650135
4,6,4096,16777216,134217728,1,cycle,post,2904,13936,0.00010383129119873,13.233471091
4,6,4096,16777216,134217728,1,cycle,post,2905,13410,0.00009991228580475,13.288978383
4,6,4096,16777216,134217728,1,cycle,post,2906,12949,0.00009647756814957,13.339446932
4,6,4096,16777216,134217728,1,cycle,post,2907,12524,0.00009331107139587,13.387592207
4,6,4096,16777216,134217728,1,cycle,post,2908,12071,0.00008993595838547,13.440742422
4,6,4096,16777216,134217728,1,cycle,post,2909,11657,0.00008685141801834,13.491091071
4,6,4096,16777216,134217728,1,cycle,post,2910,11204,0.00008347630500793,13.548273732
4,6,4096,16777216,134217728,1,cycle,post,2911,10804,0.00008049607276917,13.600722075
4,6,4096,16777216,134217728,1,cycle,post,2912,10435,0.00007774680852890,13.650857020
4,6,4096,16777216,134217728,1,cycle,post,2913,10049,0.00007487088441849,13.705235678
4,6,4096,16777216,134217728,1,cycle,post,2914,9728,0.00007247924804688,13.752072487
4,6,4096,16777216,134217728,1,cycle,post,2915,9399,0.00007002800703049,13.801708445
4,6,4096,16777216,134217728,1,cycle,post,2916,9098,0.00006778538227081,13.848666281
4,6,4096,16777216,134217728,1,cycle,post,2917,8791,0.00006549805402756,13.898188430
4,6,4096,16777216,134217728,1,cycle,post,2918,8459,0.00006302446126938,13.953728593
4,6,4096,16777216,134217728,1,cycle,post,2919,8071,0.00006013363599777,14.021468280
4,6,4096,16777216,134217728,1,cycle,post,2920,7673,0.00005716830492020,14.094424960
4,6,4096,16777216,134217728,1,cycle,post,2921,7313,0.00005448609590530,14.163752353
4,6,4096,16777216,134217728,1,cycle,post,2922,7017,0.00005228072404861,14.223361353
4,6,4096,16777216,134217728,1,cycle,post,2923,6738,0.00005020201206207,14.281895287
4,6,4096,16777216,134217728,1,cycle,post,2924,6463,0.00004815310239792,14.342011724
4,6,4096,16777216,134217728,1,cycle,post,2925,6220,0.00004634261131287,14.397301135
4,6,4096,16777216,134217728,1,cycle,post,2926,5992,0.00004464387893677,14.451178092
4,6,4096,16777216,134217728,1,cycle,post,2927,5728,0.00004267692565918,14.516184223
4,6,4096,16777216,134217728,1,cycle,post,2928,5504,0.00004100799560547,14.573735245
4,6,4096,16777216,134217728,1,cycle,post,2929,5235,0.00003900378942490,14.646026178
4,6,4096,16777216,134217728,1,cycle,post,2930,4949,0.00003687292337418,14.727078673
4,6,4096,16777216,134217728,1,cycle,post,2931,4682,0.00003488361835480,14.807090781
4,6,4096,16777216,134217728,1,cycle,post,2932,4429,0.00003299862146378,14.887234718
4,6,4096,16777216,134217728,1,cycle,post,2933,4186,0.00003118813037872,14.968643404
4,6,4096,16777216,134217728,1,cycle,post,2934,3978,0.00002963840961456,15.042172439
4,6,4096,16777216,134217728,1,cycle,post,2935,3844,0.00002864003181458,15.091607379
4,6,4096,16777216,134217728,1,cycle,post,2936,3726,0.00002776086330414,15.136588041
4,6,4096,16777216,134217728,1,cycle,post,2937,3590,0.00002674758434296,15.190231871
4,6,4096,16777216,134217728,1,cycle,post,2938,3481,0.00002593547105789,15.234713901
4,6,4096,16777216,134217728,1,cycle,post,2939,3400,0.00002533197402954,15.268680969
4,6,4096,16777216,134217728,1,cycle,post,2940,3322,0.00002475082874298,15.302163642
4,6,4096,16777216,134217728,1,cycle,post,2941,3230,0.00002406537532806,15.342681550
4,6,4096,16777216,134217728,1,cycle,post,2942,3116,0.00002321600914001,15.394520482
4,6,4096,16777216,134217728,1,cycle,post,2943,3012,0.00002244114875793,15.443493945
4,6,4096,16777216,134217728,1,cycle,post,2944,2884,0.00002148747444153,15.506144551
4,6,4096,16777216,134217728,1,cycle,post,2945,2774,0.00002066791057587,15.562247928
4,6,4096,16777216,134217728,1,cycle,post,2946,2687,0.00002001971006393,15.608219394
4,6,4096,16777216,134217728,1,cycle,post,2947,2618,0.00001950562000275,15.645750618
4,6,4096,16777216,134217728,1,cycle,post,2948,2541,0.00001893192529678,15.688819340
4,6,4096,16777216,134217728,1,cycle,post,2949,2476,0.00001844763755798,15.726204401
4,6,4096,16777216,134217728,1,cycle,post,2950,2403,0.00001790374517441,15.769379067
4,6,4096,16777216,134217728,1,cycle,post,2951,2349,0.00001750141382217,15.802169002
4,6,4096,16777216,134217728,1,cycle,post,2952,2314,0.00001724064350128,15.823826851
4,6,4096,16777216,134217728,1,cycle,post,2953,2275,0.00001695007085800,15.848349170
4,6,4096,16777216,134217728,1,cycle,post,2954,2232,0.00001662969589233,15.875878688
4,6,4096,16777216,134217728,1,cycle,post,2955,2159,0.00001608580350876,15.923852472
4,6,4096,16777216,134217728,1,cycle,post,2956,2067,0.00001540035009384,15.986677327
4,6,4096,16777216,134217728,1,cycle,post,2957,1982,0.00001476705074310,16.047258753
4,6,4096,16777216,134217728,1,cycle,post,2958,1853,0.00001380592584610,16.144352834
4,6,4096,16777216,134217728,1,cycle,post,2959,1766,0.00001315772533417,16.213730372
4,6,4096,16777216,134217728,1,cycle,post,2960,1678,0.00001250207424164,16.287473000
4,6,4096,16777216,134217728,1,cycle,post,2961,1606,0.00001196563243866,16.350743822
4,6,4096,16777216,134217728,1,cycle,post,2962,1550,0.00001154839992523,16.401947500
4,6,4096,16777216,134217728,1,cycle,post,2963,1486,0.00001107156276703,16.462781599
4,6,4096,16777216,134217728,1,cycle,post,2964,1408,0.00001049041748047,16.540568381
4,6,4096,16777216,134217728,1,cycle,post,2965,1316,0.00000980496406555,16.638056226
4,6,4096,16777216,134217728,1,cycle,post,2966,1234,0.00000919401645660,16.730873321
4,6,4096,16777216,134217728,1,cycle,post,2967,1183,0.00000881403684616,16.791765642
4,6,4096,16777216,134217728,1,cycle,post,2968,1111,0.00000827759504318,16.882356899
4,6,4096,16777216,134217728,1,cycle,post,2969,1073,0.00000799447298050,16.932565639
4,6,4096,16777216,134217728,1,cycle,post,2970,1024,0.00000762939453125,17.000000000
4,6,4096,16777216,134217728,1,cycle,post,2971,961,0.00000716000795364,17.091607379
4,6,4096,16777216,134217728,1,cycle,post,2972,909,0.00000677257776260,17.171863516
4,6,4096,16777216,134217728,1,cycle,post,2973,860,0.00000640749931335,17.251807150
4,6,4096,16777216,134217728,1,cycle,post,2974,809,0.00000602751970291,17.340004108
4,6,4096,16777216,134217728,1,cycle,post,2975,731,0.00000544637441635,17.486272404
4,6,4096,16777216,134217728,1,cycle,post,2976,679,0.00000505894422531,17.592732236
4,6,4096,16777216,134217728,1,cycle,post,2977,611,0.00000455230474472,17.744971430
4,6,4096,16777216,134217728,1,cycle,post,2978,559,0.00000416487455368,17.873295527
4,6,4096,16777216,134217728,1,cycle,post,2979,509,0.00000379234552383,18.008478154
4,6,4096,16777216,134217728,1,cycle,post,2980,467,0.00000347942113876,18.132721260
4,6,4096,16777216,134217728,1,cycle,post,2981,432,0.00000321865081787,18.245112498
4,6,4096,16777216,134217728,1,cycle,post,2982,366,0.00000272691249847,18.484300162
4,6,4096,16777216,134217728,1,cycle,post,2983,311,0.00000231713056564,18.719229230
4,6,4096,16777216,134217728,1,cycle,post,2984,226,0.00000168383121490,19.179821038
4,6,4096,16777216,134217728,1,cycle,post,2985,155,0.00000115483999252,19.723875595
4,6,4096,16777216,134217728,1,cycle,post,2986,112,0.00000083446502686,20.192645078
4,6,4096,16777216,134217728,1,cycle,post,2987,100,0.00000074505805969,20.356143810
4,6,4096,16777216,134217728,1,cycle,post,2988,85,0.00000063329935074,20.590609064
4,6,4096,16777216,134217728,1,cycle,post,2989,52,0.00000038743019104,21.299560282
4,6,4096,16777216,134217728,1,cycle,post,2990,27,0.00000020116567612,22.245112498
4,6,4096,16777216,134217728,1,cycle,post,2991,4,0.00000002980232239,25.000000000
4,6,4096,16777216,134217728,1,cycle,post,2992,1,0.00000000745058060,27.000000000
4,6,4096,16777216,134217728,1,cycle,post,2993,0,0.00000000000000000,inf
4,6,4096,16777216,134217728,1,cycle,insertion,0,134217728,1.00000000000000000,-0.000000000
4,6,4096,16777216,134217728,1,cycle,insertion,1,134217728,1.00000000000000000,-0.000000000
4,6,4096,16777216,134217728,1,cycle,insertion,2,134217728,1.00000000000000000,-0.000000000
4,6,4096,16777216,134217728,1,cycle,insertion,3,134217728,1.00000000000000000,-0.000000000
4,6,4096,16777216,134217728,1,cycle,insertion,4,134217728,1.00000000000000000,-0.000000000
4,6,4096,16777216,134217728,1,cycle,insertion,5,134217728,1.00000000000000000,-0.000000000
4,6,4096,16777216,134217728,1,cycle,insertion,6,134217728,1.00000000000000000,-0.000000000
4,6,4096,16777216,134217728,1,cycle,insertion,7,134217728,1.00000000000000000,-0.000000000
4,6,4096,16777216,134217728,1,cycle,insertion,8,134217728,1.00000000000000000,-0.000000000
4,6,4096,16777216,134217728,1,cycle,insertion,9,134217728,1.00000000000000000,-0.000000000
4,6,4096,16777216,134217728,1,cycle,insertion,10,134217728,1.00000000000000000,-0.000000000
4,6,4096,16777216,134217728,1,cycle,insertion,11,134217728,1.00000000000000000,-0.000000000
4,6,4096,16777216,134217728,1,cycle,insertion,12,134217728,1.00000000000000000,-0.000000000
4,6,4096,16777216,134217728,1,cycle,insertion,13,134217728,1.00000000000000000,-0.000000000
4,6,4096,16777216,134217728,1,cycle,insertion,14,134217728,1.00000000000000000,-0.000000000
4,6,4096,16777216,134217728,1,cycle,insertion,15,134217728,1.00000000000000000,-0.000000000
4,6,4096,16777216,134217728,1,cycle,insertion,16,134217728,1.00000000000000000,-0.000000000
4,6,4096,16777216,134217728,1,cycle,insertion,17,134217728,1.00000000000000000,-0.000000000
4,6,4096,16777216,134217728,1,cycle,insertion,18,134217728,1.00000000000000000,-0.000000000
4,6,4096,16777216,134217728,1,cycle,insertion,19,134217728,1.00000000000000000,-0.000000000
4,6,4096,16777216,134217728,1,cycle,insertion,20,134217728,1.00000000000000000,-0.000000000
4,6,4096,16777216,134217728,1,cycle,insertion,21,134217728,1.00000000000000000,-0.000000000
4,6,4096,16777216,134217728,1,cycle,insertion,22,134217728,1.00000000000000000,-0.000000000
4,6,4096,16777216,134217728,1,cycle,insertion,23,134217728,1.00000000000000000,-0.000000000
4,6,4096,16777216,134217728,1,cycle,insertion,24,134217728,1.00000000000000000,-0.000000000
4,6,4096,16777216,134217728,1,cycle,insertion,25,134217728,1.00000000000000000,-0.000000000
4,6,4096,16777216,134217728,1,cycle,insertion,26,134217728,1.00000000000000000,-0.000000000
4,6,4096,16777216,134217728,1,cycle,insertion,27,134217728,1.00000000000000000,-0.000000000
4,6,4096,16777216,134217728,1,cycle,insertion,28,134217728,1.00000000000000000,-0.000000000
4,6,4096,16777216,134217728,1,cycle,insertion,29,134217728,1.00000000000000000,-0.000000000
4,6,4096,16777216,134217728,1,cycle,insertion,30,134217728,1.00000000000000000,-0.000000000
4,6,4096,16777216,134217728,1,cycle,insertion,31,134217728,1.00000000000000000,-0.000000000
4,6,4096,16777216,134217728,1,cycle,insertion,32,134217728,1.00000000000000000,-0.000000000
4,6,4096,16777216,134217728,1,cycle,insertion,33,134217728,1.00000000000000000,-0.000000000
4,6,4096,16777216,134217728,1,cycle,insertion,34,134217728,1.00000000000000000,-0.000000000
4,6,4096,16777216,134217728,1,cycle,insertion,35,134217728,1.00000000000000000,-0.000000000
4,6,4096,16777216,134217728,1,cycle,insertion,36,134217728,1.00000000000000000,-0.000000000
4,6,4096,16777216,134217728,1,cycle,insertion,37,134217728,1.00000000000000000,-0.000000000
4,6,4096,16777216,134217728,1,cycle,insertion,38,134217728,1.00000000000000000,-0.000000000
4,6,4096,16777216,134217728,1,cycle,insertion,39,134217728,1.00000000000000000,-0.000000000
4,6,4096,16777216,134217728,1,cycle,insertion,40,134217728,1.00000000000000000,-0.000000000
4,6,4096,16777216,134217728,1,cycle,insertion,41,134217728,1.00000000000000000,-0.000000000
4,6,4096,16777216,134217728,1,cycle,insertion,42,134217728,1.00000000000000000,-0.000000000
4,6,4096,16777216,134217728,1,cycle,insertion,43,134217728,1.00000000000000000,-0.000000000
4,6,4096,16777216,134217728,1,cycle,insertion,44,134217728,1.00000000000000000,-0.000000000
4,6,4096,16777216,134217728,1,cycle,insertion,45,134217728,1.00000000000000000,-0.000000000
4,6,4096,16777216,134217728,1,cycle,insertion,46,134217728,1.00000000000000000,-0.000000000
4,6,4096,16777216,134217728,1,cycle,insertion,47,134217728,1.00000000000000000,-0.000000000
4,6,4096,16777216,134217728,1,cycle,insertion,48,134217728,1.00000000000000000,-0.000000000
4,6,4096,16777216,134217728,1,cycle,insertion,49,134217728,1.00000000000000000,-0.000000000
4,6,4096,16777216,134217728,1,cycle,insertion,50,134217728,1.00000000000000000,-0.000000000
4,6,4096,16777216,134217728,1,cycle,insertion,51,134217728,1.00000000000000000,-0.000000000
4,6,4096,16777216,134217728,1,cycle,insertion,52,134217728,1.00000000000000000,-0.000000000
4,6,4096,16777216,134217728,1,cycle,insertion,53,134217728,1.00000000000000000,-0.000000000
4,6,4096,16777216,134217728,1,cycle,insertion,54,134217728,1.00000000000000000,-0.000000000
4,6,4096,16777216,134217728,1,cycle,insertion,55,134217728,1.00000000000000000,-0.000000000
4,6,4096,16777216,134217728,1,cycle,insertion,56,134217728,1.00000000000000000,-0.000000000
4,6,4096,16777216,134217728,1,cycle,insertion,57,134217728,1.00000000000000000,-0.000000000
4,6,4096,16777216,134217728,1,cycle,insertion,58,134217728,1.00000000000000000,-0.000000000
4,6,4096,16777216,134217728,1,cycle,insertion,59,134217728,1.00000000000000000,-0.000000000
4,6,4096,16777216,134217728,1,cycle,insertion,60,134217728,1.00000000000000000,-0.000000000
4,6,4096,16777216,134217728,1,cycle,insertion,61,134217728,1.00000000000000000,-0.000000000
4,6,4096,16777216,134217728,1,cycle,insertion,62,134217728,1.00000000000000000,-0.000000000
4,6,4096,16777216,134217728,1,cycle,insertion,63,134217728,1.00000000000000000,-0.000000000
4,6,4096,16777216,134217728,1,cycle,insertion,64,134217728,1.00000000000000000,-0.000000000
4,6,4096,16777216,134217728,1,cycle,insertion,65,134217728,1.00000000000000000,-0.000000000
4,6,4096,16777216,134217728,1,cycle,insertion,66,134217728,1.00000000000000000,-0.000000000
4,6,4096,16777216,134217728,1,cycle,insertion,67,134217728,1.00000000000000000,-0.000000000
4,6,4096,16777216,134217728,1,cycle,insertion,68,134217728,1.00000000000000000,-0.000000000
4,6,4096,16777216,134217728,1,cycle,insertion,69,134217728,1.00000000000000000,-0.000000000
4,6,4096,16777216,134217728,1,cycle,insertion,70,134217728,1.00000000000000000,-0.000000000
4,6,4096,16777216,134217728,1,cycle,insertion,71,134217728,1.00000000000000000,-0.000000000
4,6,4096,16777216,134217728,1,cycle,insertion,72,134217728,1.00000000000000000,-0.000000000
4,6,4096,16777216,134217728,1,cycle,insertion,73,134217728,1.00000000000000000,-0.000000000
4,6,4096,16777216,134217728,1,cycle,insertion,74,134217728,1.00000000000000000,-0.000000000
4,6,4096,16777216,134217728,1,cycle,insertion,75,134217728,1.00000000000000000,-0.000000000
4,6,4096,16777216,134217728,1,cycle,insertion,76,134217728,1.00000000000000000,-0.000000000
4,6,4096,16777216,134217728,1,cycle,insertion,77,134217728,1.00000000000000000,-0.000000000
4,6,4096,16777216,134217728,1,cycle,insertion,78,134217728,1.00000000000000000,-0.000000000
4,6,4096,16777216,134217728,1,cycle,insertion,79,134217728,1.00000000000000000,-0.000000000
4,6,4096,16777216,134217728,1,cycle,insertion,80,134217728,1.00000000000000000,-0.000000000
4,6,4096,16777216,134217728,1,cycle,insertion,81,134217728,1.00000000000000000,-0.000000000
4,6,4096,16777216,134217728,1,cycle,insertion,82,134217728,1.00000000000000000,-0.000000000
4,6,4096,16777216,134217728,1,cycle,insertion,83,134217728,1.00000000000000000,-0.000000000
4,6,4096,16777216,134217728,1,cycle,insertion,84,134217728,1.00000000000000000,-0.000000000
4,6,4096,16777216,134217728,1,cycle,insertion,85,134217728,1.00000000000000000,-0.000000000
4,6,4096,16777216,134217728,1,cycle,insertion,86,134217728,1.00000000000000000,-0.000000000
4,6,4096,16777216,134217728,1,cycle,insertion,87,134217728,1.00000000000000000,-0.000000000
4,6,4096,16777216,134217728,1,cycle,insertion,88,134217728,1.00000000000000000,-0.000000000
4,6,4096,16777216,134217728,1,cycle,insertion,89,134217728,1.00000000000000000,-0.000000000
4,6,4096,16777216,134217728,1,cycle,insertion,90,134217728,1.00000000000000000,-0.000000000
4,6,4096,16777216,134217728,1,cycle,insertion,91,134217728,1.00000000000000000,-0.000000000
4,6,4096,16777216,134217728,1,cycle,insertion,92,134217728,1.00000000000000000,-0.000000000
4,6,4096,16777216,134217728,1,cycle,insertion,93,134217728,1.00000000000000000,-0.000000000
4,6,4096,16777216,134217728,1,cycle,insertion,94,134217728,1.00000000000000000,-0.000000000
4,6,4096,16777216,134217728,1,cycle,insertion,95,134217728,1.00000000000000000,-0.000000000
4,6,4096,16777216,134217728,1,cycle,insertion,96,134217728,1.00000000000000000,-0.000000000
4,6,4096,16777216,134217728,1,cycle,insertion,97,134217728,1.00000000000000000,-0.000000000
4,6,4096,16777216,134217728,1,cycle,insertion,98,134217728,1.00000000000000000,-0.000000000
4,6,4096,16777216,134217728,1,cycle,insertion,99,134217728,1.00000000000000000,-0.000000000
4,6,4096,16777216,134217728,1,cycle,insertion,100,134217728,1.00000000000000000,-0.000000000
4,6,4096,16777216,134217728,1,cycle,insertion,101,134217728,1.00000000000000000,-0.000000000
4,6,4096,16777216,134217728,1,cycle,insertion,102,134217728,1.00000000000000000,-0.000000000
4,6,4096,16777216,134217728,1,cycle,insertion,103,134217728,1.00000000000000000,-0.000000000
4,6,4096,16777216,134217728,1,cycle,insertion,104,134217728,1.00000000000000000,-0.000000000
4,6,4096,16777216,134217728,1,cycle,insertion,105,134217728,1.00000000000000000,-0.000000000
4,6,4096,16777216,134217728,1,cycle,insertion,106,134217728,1.00000000000000000,-0.000000000
4,6,4096,16777216,134217728,1,cycle,insertion,107,134217728,1.00000000000000000,-0.000000000
4,6,4096,16777216,134217728,1,cycle,insertion,108,134217728,1.00000000000000000,-0.000000000
4,6,4096,16777216,134217728,1,cycle,insertion,109,134217728,1.00000000000000000,-0.000000000
4,6,4096,16777216,134217728,1,cycle,insertion,110,134217728,1.00000000000000000,-0.000000000
4,6,4096,16777216,134217728,1,cycle,insertion,111,134217728,1.00000000000000000,-0.000000000
4,6,4096,16777216,134217728,1,cycle,insertion,112,134217728,1.00000000000000000,-0.000000000
4,6,4096,16777216,134217728,1,cycle,insertion,113,134217728,1.00000000000000000,-0.000000000
4,6,4096,16777216,134217728,1,cycle,insertion,114,134217728,1.00000000000000000,-0.000000000
4,6,4096,16777216,134217728,1,cycle,insertion,115,134217728,1.00000000000000000,-0.000000000
4,6,4096,16777216,134217728,1,cycle,insertion,116,134217728,1.00000000000000000,-0.000000000
4,6,4096,16777216,134217728,1,cycle,insertion,117,134217728,1.00000000000000000,-0.000000000
4,6,4096,16777216,134217728,1,cycle,insertion,118,134217728,1.00000000000000000,-0.000000000
4,6,4096,16777216,134217728,1,cycle,insertion,119,134217728,1.00000000000000000,-0.000000000
4,6,4096,16777216,134217728,1,cycle,insertion,120,134217728,1.00000000000000000,-0.000000000
4,6,4096,16777216,134217728,1,cycle,insertion,121,134217728,1.00000000000000000,-0.000000000
4,6,4096,16777216,134217728,1,cycle,insertion,122,134217728,1.00000000000000000,-0.000000000
4,6,4096,16777216,134217728,1,cycle,insertion,123,134217728,1.00000000000000000,-0.000000000
4,6,4096,16777216,134217728,1,cycle,insertion,124,134217728,1.00000000000000000,-0.000000000
4,6,4096,16777216,134217728,1,cycle,insertion,125,134217728,1.00000000000000000,-0.000000000
4,6,4096,16777216,134217728,1,cycle,insertion,126,134217728,1.00000000000000000,-0.000000000
4,6,4096,16777216,134217728,1,cycle,insertion,127,134217728,1.00000000000000000,-0.000000000
4,6,4096,16777216,134217728,1,cycle,insertion,128,134217728,1.00000000000000000,-0.000000000
4,6,4096,16777216,134217728,1,cycle,insertion,129,134217728,1.00000000000000000,-0.000000000
4,6,4096,16777216,134217728,1,cycle,insertion,130,134217728,1.00000000000000000,-0.000000000
4,6,4096,16777216,134217728,1,cycle,insertion,131,134217728,1.00000000000000000,-0.000000000
4,6,4096,16777216,134217728,1,cycle,insertion,132,134217728,1.00000000000000000,-0.000000000
4,6,4096,16777216,134217728,1,cycle,insertion,133,134217728,1.00000000000000000,-0.000000000
4,6,4096,16777216,134217728,1,cycle,insertion,134,134217728,1.00000000000000000,-0.000000000
4,6,4096,16777216,134217728,1,cycle,insertion,135,134217728,1.00000000000000000,-0.000000000
4,6,4096,16777216,134217728,1,cycle,insertion,136,134217728,1.00000000000000000,-0.000000000
4,6,4096,16777216,134217728,1,cycle,insertion,137,134217728,1.00000000000000000,-0.000000000
4,6,4096,16777216,134217728,1,cycle,insertion,138,134217728,1.00000000000000000,-0.000000000
4,6,4096,16777216,134217728,1,cycle,insertion,139,134217728,1.00000000000000000,-0.000000000
4,6,4096,16777216,134217728,1,cycle,insertion,140,134217728,1.00000000000000000,-0.000000000
4,6,4096,16777216,134217728,1,cycle,insertion,141,134217728,1.00000000000000000,-0.000000000
4,6,4096,16777216,134217728,1,cycle,insertion,142,134217728,1.00000000000000000,-0.000000000
4,6,4096,16777216,134217728,1,cycle,insertion,143,134217728,1.00000000000000000,-0.000000000
4,6,4096,16777216,134217728,1,cycle,insertion,144,134217728,1.00000000000000000,-0.000000000
4,6,4096,16777216,134217728,1,cycle,insertion,145,134217728,1.00000000000000000,-0.000000000
4,6,4096,16777216,134217728,1,cycle,insertion,146,134217728,1.00000000000000000,-0.000000000
4,6,4096,16777216,134217728,1,cycle,insertion,147,134217728,1.00000000000000000,-0.000000000
4,6,4096,16777216,134217728,1,cycle,insertion,148,134217728,1.00000000000000000,-0.000000000
4,6,4096,16777216,134217728,1,cycle,insertion,149,134217728,1.00000000000000000,-0.000000000
4,6,4096,16777216,134217728,1,cycle,insertion,150,134217728,1.00000000000000000,-0.000000000
4,6,4096,16777216,134217728,1,cycle,insertion,151,134217728,1.00000000000000000,-0.000000000
4,6,4096,16777216,134217728,1,cycle,insertion,152,134217728,1.00000000000000000,-0.000000000
4,6,4096,16777216,134217728,1,cycle,insertion,153,134217728,1.00000000000000000,-0.000000000
4,6,4096,16777216,134217728,1,cycle,insertion,154,134217728,1.00000000000000000,-0.000000000
4,6,4096,16777216,134217728,1,cycle,insertion,155,134217728,1.00000000000000000,-0.000000000
4,6,4096,16777216,134217728,1,cycle,insertion,156,134217728,1.00000000000000000,-0.000000000
4,6,4096,16777216,134217728,1,cycle,insertion,157,134217728,1.00000000000000000,-0.000000000
4,6,4096,16777216,134217728,1,cycle,insertion,158,134217728,1.00000000000000000,-0.000000000
4,6,4096,16777216,134217728,1,cycle,insertion,159,134217728,1.00000000000000000,-0.000000000
4,6,4096,16777216,134217728,1,cycle,insertion,160,134217728,1.00000000000000000,-0.000000000
4,6,4096,16777216,134217728,1,cycle,insertion,161,134217728,1.00000000000000000,-0.000000000
4,6,4096,16777216,134217728,1,cycle,insertion,162,134217728,1.00000000000000000,-0.000000000
4,6,4096,16777216,134217728,1,cycle,insertion,163,134217728,1.00000000000000000,-0.000000000
4,6,4096,16777216,134217728,1,cycle,insertion,164,134217728,1.00000000000000000,-0.000000000
4,6,4096,16777216,134217728,1,cycle,insertion,165,134217728,1.00000000000000000,-0.000000000
4,6,4096,16777216,134217728,1,cycle,insertion,166,134217728,1.00000000000000000,-0.000000000
4,6,4096,16777216,134217728,1,cycle,insertion,167,134217728,1.00000000000000000,-0.000000000
4,6,4096,16777216,134217728,1,cycle,insertion,168,134217728,1.00000000000000000,-0.000000000
4,6,4096,16777216,134217728,1,cycle,insertion,169,134217728,1.00000000000000000,-0.000000000
4,6,4096,16777216,134217728,1,cycle,insertion,170,134217728,1.00000000000000000,-0.000000000
4,6,4096,16777216,134217728,1,cycle,insertion,171,134217728,1.00000000000000000,-0.000000000
4,6,4096,16777216,134217728,1,cycle,insertion,172,134217728,1.00000000000000000,-0.000000000
4,6,4096,16777216,134217728,1,cycle,insertion,173,134217728,1.00000000000000000,-0.000000000
4,6,4096,16777216,134217728,1,cycle,insertion,174,134217728,1.00000000000000000,-0.000000000
4,6,4096,16777216,134217728,1,cycle,insertion,175,134217728,1.00000000000000000,-0.000000000
4,6,4096,16777216,134217728,1,cycle,insertion,176,134217728,1.00000000000000000,-0.000000000
4,6,4096,16777216,134217728,1,cycle,insertion,177,134217728,1.00000000000000000,-0.000000000
4,6,4096,16777216,134217728,1,cycle,insertion,178,134217728,1.00000000000000000,-0.000000000
4,6,4096,16777216,134217728,1,cycle,insertion,179,134217728,1.00000000000000000,-0.000000000
4,6,4096,16777216,134217728,1,cycle,insertion,180,134217728,1.00000000000000000,-0.000000000
4,6,4096,16777216,134217728,1,cycle,insertion,181,134217728,1.00000000000000000,-0.000000000
4,6,4096,16777216,134217728,1,cycle,insertion,182,134217728,1.00000000000000000,-0.000000000
4,6,4096,16777216,134217728,1,cycle,insertion,183,134217728,1.00000000000000000,-0.000000000
4,6,4096,16777216,134217728,1,cycle,insertion,184,134217728,1.00000000000000000,-0.000000000
4,6,4096,16777216,134217728,1,cycle,insertion,185,134217728,1.00000000000000000,-0.000000000
4,6,4096,16777216,134217728,1,cycle,insertion,186,134217728,1.00000000000000000,-0.000000000
4,6,4096,16777216,134217728,1,cycle,insertion,187,134217728,1.00000000000000000,-0.000000000
4,6,4096,16777216,134217728,1,cycle,insertion,188,134217728,1.00000000000000000,-0.000000000
4,6,4096,16777216,134217728,1,cycle,insertion,189,134217728,1.00000000000000000,-0.000000000
4,6,4096,16777216,134217728,1,cycle,insertion,190,134217728,1.00000000000000000,-0.000000000
4,6,4096,16777216,134217728,1,cycle,insertion,191,134217728,1.00000000000000000,-0.000000000
4,6,4096,16777216,134217728,1,cycle,insertion,192,134217728,1.00000000000000000,-0.000000000
4,6,4096,16777216,134217728,1,cycle,insertion,193,134217728,1.00000000000000000,-0.000000000
4,6,4096,16777216,134217728,1,cycle,insertion,194,134217728,1.00000000000000000,-0.000000000
4,6,4096,16777216,134217728,1,cycle,insertion,195,134217728,1.00000000000000000,-0.000000000
4,6,4096,16777216,134217728,1,cycle,insertion,196,134217728,1.00000000000000000,-0.000000000
4,6,4096,16777216,134217728,1,cycle,insertion,197,134217728,1.00000000000000000,-0.000000000
4,6,4096,16777216,134217728,1,cycle,insertion,198,134217728,1.00000000000000000,-0.000000000
4,6,4096,16777216,134217728,1,cycle,insertion,199,134217728,1.00000000000000000,-0.000000000
4,6,4096,16777216,134217728,1,cycle,insertion,200,134217728,1.00000000000000000,-0.000000000
4,6,4096,16777216,134217728,1,cycle,insertion,201,134217728,1.00000000000000000,-0.000000000
4,6,4096,16777216,134217728,1,cycle,insertion,202,134217728,1.00000000000000000,-0.000000000
4,6,4096,16777216,134217728,1,cycle,insertion,203,134217728,1.00000000000000000,-0.000000000
4,6,4096,16777216,134217728,1,cycle,insertion,204,134217728,1.00000000000000000,-0.000000000
4,6,4096,16777216,134217728,1,cycle,insertion,205,134217728,1.00000000000000000,-0.000000000
4,6,4096,16777216,134217728,1,cycle,insertion,206,134217728,1.00000000000000000,-0.000000000
4,6,4096,16777216,134217728,1,cycle,insertion,207,134217728,1.00000000000000000,-0.000000000
4,6,4096,16777216,134217728,1,cycle,insertion,208,134217728,1.00000000000000000,-0.000000000
4,6,4096,16777216,134217728,1,cycle,insertion,209,134217728,1.00000000000000000,-0.000000000
4,6,4096,16777216,134217728,1,cycle,insertion,210,134217728,1.00000000000000000,-0.000000000
4,6,4096,16777216,134217728,1,cycle,insertion,211,134217728,1.00000000000000000,-0.000000000
4,6,4096,16777216,134217728,1,cycle,insertion,212,134217728,1.00000000000000000,-0.000000000
4,6,4096,16777216,134217728,1,cycle,insertion,213,134217728,1.00000000000000000,-0.000000000
4,6,4096,16777216,134217728,1,cycle,insertion,214,134217728,1.00000000000000000,-0.000000000
4,6,4096,16777216,134217728,1,cycle,insertion,215,134217728,1.00000000000000000,-0.000000000
4,6,4096,16777216,134217728,1,cycle,insertion,216,134217728,1.00000000000000000,-0.000000000
4,6,4096,16777216,134217728,1,cycle,insertion,217,134217728,1.00000000000000000,-0.000000000
4,6,4096,16777216,134217728,1,cycle,insertion,218,134217728,1.00000000000000000,-0.000000000
4,6,4096,16777216,134217728,1,cycle,insertion,219,134217728,1.00000000000000000,-0.000000000
4,6,4096,16777216,134217728,1,cycle,insertion,220,134217728,1.00000000000000000,-0.000000000
4,6,4096,16777216,134217728,1,cycle,insertion,221,134217728,1.00000000000000000,-0.000000000
4,6,4096,16777216,134217728,1,cycle,insertion,222,134217728,1.00000000000000000,-0.000000000
4,6,4096,16777216,134217728,1,cycle,insertion,223,134217728,1.00000000000000000,-0.000000000
4,6,4096,16777216,134217728,1,cycle,insertion,224,134217728,1.00000000000000000,-0.000000000
4,6,4096,16777216,134217728,1,cycle,insertion,225,134217728,1.00000000000000000,-0.000000000
4,6,4096,16777216,134217728,1,cycle,insertion,226,134217728,1.00000000000000000,-0.000000000
4,6,4096,16777216,134217728,1,cycle,insertion,227,134217728,1.00000000000000000,-0.000000000
4,6,4096,16777216,134217728,1,cycle,insertion,228,134217728,1.00000000000000000,-0.000000000
4,6,4096,16777216,134217728,1,cycle,insertion,229,134217728,1.00000000000000000,-0.000000000
4,6,4096,16777216,134217728,1,cycle,insertion,230,134217728,1.00000000000000000,-0.000000000
4,6,4096,16777216,134217728,1,cycle,insertion,231,134217728,1.00000000000000000,-0.000000000
4,6,4096,16777216,134217728,1,cycle,insertion,232,134217728,1.00000000000000000,-0.000000000
4,6,4096,16777216,134217728,1,cycle,insertion,233,134217728,1.00000000000000000,-0.000000000
4,6,4096,16777216,134217728,1,cycle,insertion,234,134217728,1.00000000000000000,-0.000000000
4,6,4096,16777216,134217728,1,cycle,insertion,235,134217728,1.00000000000000000,-0.000000000
4,6,4096,16777216,134217728,1,cycle,insertion,236,134217728,1.00000000000000000,-0.000000000
4,6,4096,16777216,134217728,1,cycle,insertion,237,134217728,1.00000000000000000,-0.000000000
4,6,4096,16777216,134217728,1,cycle,insertion,238,134217728,1.00000000000000000,-0.000000000
4,6,4096,16777216,134217728,1,cycle,insertion,239,134217728,1.00000000000000000,-0.000000000
4,6,4096,16777216,134217728,1,cycle,insertion,240,134217728,1.00000000000000000,-0.000000000
4,6,4096,16777216,134217728,1,cycle,insertion,241,134217728,1.00000000000000000,-0.000000000
4,6,4096,16777216,134217728,1,cycle,insertion,242,134217728,1.00000000000000000,-0.000000000
4,6,4096,16777216,134217728,1,cycle,insertion,243,134217728,1.00000000000000000,-0.000000000
4,6,4096,16777216,134217728,1,cycle,insertion,244,134217728,1.00000000000000000,-0.000000000
4,6,4096,16777216,134217728,1,cycle,insertion,245,134217728,1.00000000000000000,-0.000000000
4,6,4096,16777216,134217728,1,cycle,insertion,246,134217728,1.00000000000000000,-0.000000000
4,6,4096,16777216,134217728,1,cycle,insertion,247,134217728,1.00000000000000000,-0.000000000
4,6,4096,16777216,134217728,1,cycle,insertion,248,134217728,1.00000000000000000,-0.000000000
4,6,4096,16777216,134217728,1,cycle,insertion,249,134217728,1.00000000000000000,-0.000000000
4,6,4096,16777216,134217728,1,cycle,insertion,250,134217728,1.00000000000000000,-0.000000000
4,6,4096,16777216,134217728,1,cycle,insertion,251,134217728,1.00000000000000000,-0.000000000
4,6,4096,16777216,134217728,1,cycle,insertion,252,134217728,1.00000000000000000,-0.000000000
4,6,4096,16777216,134217728,1,cycle,insertion,253,134217728,1.00000000000000000,-0.000000000
4,6,4096,16777216,134217728,1,cycle,insertion,254,134217728,1.00000000000000000,-0.000000000
4,6,4096,16777216,134217728,1,cycle,insertion,255,134217728,1.00000000000000000,-0.000000000
4,6,4096,16777216,134217728,1,cycle,insertion,256,134217728,1.00000000000000000,-0.000000000
4,6,4096,16777216,134217728,1,cycle,insertion,257,134217728,1.00000000000000000,-0.000000000
4,6,4096,16777216,134217728,1,cycle,insertion,258,134217728,1.00000000000000000,-0.000000000
4,6,4096,16777216,134217728,1,cycle,insertion,259,134217728,1.00000000000000000,-0.000000000
4,6,4096,16777216,134217728,1,cycle,insertion,260,134217728,1.00000000000000000,-0.000000000
4,6,4096,16777216,134217728,1,cycle,insertion,261,134217728,1.00000000000000000,-0.000000000
4,6,4096,16777216,134217728,1,cycle,insertion,262,134217728,1.00000000000000000,-0.000000000
4,6,4096,16777216,134217728,1,cycle,insertion,263,134217728,1.00000000000000000,-0.000000000
4,6,4096,16777216,134217728,1,cycle,insertion,264,134217728,1.00000000000000000,-0.000000000
4,6,4096,16777216,134217728,1,cycle,insertion,265,134217728,1.00000000000000000,-0.000000000
4,6,4096,16777216,134217728,1,cycle,insertion,266,134217728,1.00000000000000000,-0.000000000
4,6,4096,16777216,134217728,1,cycle,insertion,267,134217728,1.00000000000000000,-0.000000000
4,6,4096,16777216,134217728,1,cycle,insertion,268,134217728,1.00000000000000000,-0.000000000
4,6,4096,16777216,134217728,1,cycle,insertion,269,134217728,1.00000000000000000,-0.000000000
4,6,4096,16777216,134217728,1,cycle,insertion,270,134217728,1.00000000000000000,-0.000000000
4,6,4096,16777216,134217728,1,cycle,insertion,271,134217728,1.00000000000000000,-0.000000000
4,6,4096,16777216,134217728,1,cycle,insertion,272,134217728,1.00000000000000000,-0.000000000
4,6,4096,16777216,134217728,1,cycle,insertion,273,134217728,1.00000000000000000,-0.000000000
4,6,4096,16777216,134217728,1,cycle,insertion,274,134217728,1.00000000000000000,-0.000000000
4,6,4096,16777216,134217728,1,cycle,insertion,275,134217728,1.00000000000000000,-0.000000000
4,6,4096,16777216,134217728,1,cycle,insertion,276,134217728,1.00000000000000000,-0.000000000
4,6,4096,16777216,134217728,1,cycle,insertion,277,134217728,1.00000000000000000,-0.000000000
4,6,4096,16777216,134217728,1,cycle,insertion,278,134217728,1.00000000000000000,-0.000000000
4,6,4096,16777216,134217728,1,cycle,insertion,279,134217728,1.00000000000000000,-0.000000000
4,6,4096,16777216,134217728,1,cycle,insertion,280,134217728,1.00000000000000000,-0.000000000
4,6,4096,16777216,134217728,1,cycle,insertion,281,134217728,1.00000000000000000,-0.000000000
4,6,4096,16777216,134217728,1,cycle,insertion,282,134217728,1.00000000000000000,-0.000000000
4,6,4096,16777216,134217728,1,cycle,insertion,283,134217728,1.00000000000000000,-0.000000000
4,6,4096,16777216,134217728,1,cycle,insertion,284,134217728,1.00000000000000000,-0.000000000
4,6,4096,16777216,134217728,1,cycle,insertion,285,134217728,1.00000000000000000,-0.000000000
4,6,4096,16777216,134217728,1,cycle,insertion,286,134217728,1.00000000000000000,-0.000000000
4,6,4096,16777216,134217728,1,cycle,insertion,287,134217728,1.00000000000000000,-0.000000000
4,6,4096,16777216,134217728,1,cycle,insertion,288,134217728,1.00000000000000000,-0.000000000
4,6,4096,16777216,134217728,1,cycle,insertion,289,134217728,1.00000000000000000,-0.000000000
4,6,4096,16777216,134217728,1,cycle,insertion,290,134217728,1.00000000000000000,-0.000000000
4,6,4096,16777216,134217728,1,cycle,insertion,291,134217728,1.00000000000000000,-0.000000000
4,6,4096,16777216,134217728,1,cycle,insertion,292,134217728,1.00000000000000000,-0.000000000
4,6,4096,16777216,134217728,1,cycle,insertion,293,134217728,1.00000000000000000,-0.000000000
4,6,4096,16777216,134217728,1,cycle,insertion,294,134217728,1.00000000000000000,-0.000000000
4,6,4096,16777216,134217728,1,cycle,insertion,295,134217728,1.00000000000000000,-0.000000000
4,6,4096,16777216,134217728,1,cycle,insertion,296,134217728,1.00000000000000000,-0.000000000
4,6,4096,16777216,134217728,1,cycle,insertion,297,134217728,1.00000000000000000,-0.000000000
4,6,4096,16777216,134217728,1,cycle,insertion,298,134217728,1.00000000000000000,-0.000000000
4,6,4096,16777216,134217728,1,cycle,insertion,299,134217728,1.00000000000000000,-0.000000000
4,6,4096,16777216,134217728,1,cycle,insertion,300,134217728,1.00000000000000000,-0.000000000
4,6,4096,16777216,134217728,1,cycle,insertion,301,134217728,1.00000000000000000,-0.000000000
4,6,4096,16777216,134217728,1,cycle,insertion,302,134217728,1.00000000000000000,-0.000000000
4,6,4096,16777216,134217728,1,cycle,insertion,303,134217728,1.00000000000000000,-0.000000000
4,6,4096,16777216,134217728,1,cycle,insertion,304,134217728,1.00000000000000000,-0.000000000
4,6,4096,16777216,134217728,1,cycle,insertion,305,134217728,1.00000000000000000,-0.000000000
4,6,4096,16777216,134217728,1,cycle,insertion,306,134217728,1.00000000000000000,-0.000000000
4,6,4096,16777216,134217728,1,cycle,insertion,307,134217728,1.00000000000000000,-0.000000000
4,6,4096,16777216,134217728,1,cycle,insertion,308,134217728,1.00000000000000000,-0.000000000
4,6,4096,16777216,134217728,1,cycle,insertion,309,134217728,1.00000000000000000,-0.000000000
4,6,4096,16777216,134217728,1,cycle,insertion,310,134217728,1.00000000000000000,-0.000000000
4,6,4096,16777216,134217728,1,cycle,insertion,311,134217728,1.00000000000000000,-0.000000000
4,6,4096,16777216,134217728,1,cycle,insertion,312,134217728,1.00000000000000000,-0.000000000
4,6,4096,16777216,134217728,1,cycle,insertion,313,134217728,1.00000000000000000,-0.000000000
4,6,4096,16777216,134217728,1,cycle,insertion,314,134217728,1.00000000000000000,-0.000000000
4,6,4096,16777216,134217728,1,cycle,insertion,315,134217728,1.00000000000000000,-0.000000000
4,6,4096,16777216,134217728,1,cycle,insertion,316,134217728,1.00000000000000000,-0.000000000
4,6,4096,16777216,134217728,1,cycle,insertion,317,134217728,1.00000000000000000,-0.000000000
4,6,4096,16777216,134217728,1,cycle,insertion,318,134217728,1.00000000000000000,-0.000000000
4,6,4096,16777216,134217728,1,cycle,insertion,319,134217728,1.00000000000000000,-0.000000000
4,6,4096,16777216,134217728,1,cycle,insertion,320,134217728,1.00000000000000000,-0.000000000
4,6,4096,16777216,134217728,1,cycle,insertion,321,134217728,1.00000000000000000,-0.000000000
4,6,4096,16777216,134217728,1,cycle,insertion,322,134217728,1.00000000000000000,-0.000000000
4,6,4096,16777216,134217728,1,cycle,insertion,323,134217728,1.00000000000000000,-0.000000000
4,6,4096,16777216,134217728,1,cycle,insertion,324,134217728,1.00000000000000000,-0.000000000
4,6,4096,16777216,134217728,1,cycle,insertion,325,134217728,1.00000000000000000,-0.000000000
4,6,4096,16777216,134217728,1,cycle,insertion,326,134217728,1.00000000000000000,-0.000000000
4,6,4096,16777216,134217728,1,cycle,insertion,327,134217728,1.00000000000000000,-0.000000000
4,6,4096,16777216,134217728,1,cycle,insertion,328,134217728,1.00000000000000000,-0.000000000
4,6,4096,16777216,134217728,1,cycle,insertion,329,134217728,1.00000000000000000,-0.000000000
4,6,4096,16777216,134217728,1,cycle,insertion,330,134217728,1.00000000000000000,-0.000000000
4,6,4096,16777216,134217728,1,cycle,insertion,331,134217728,1.00000000000000000,-0.000000000
4,6,4096,16777216,134217728,1,cycle,insertion,332,134217728,1.00000000000000000,-0.000000000
4,6,4096,16777216,134217728,1,cycle,insertion,333,134217728,1.00000000000000000,-0.000000000
4,6,4096,16777216,134217728,1,cycle,insertion,334,134217728,1.00000000000000000,-0.000000000
4,6,4096,16777216,134217728,1,cycle,insertion,335,134217728,1.00000000000000000,-0.000000000
4,6,4096,16777216,134217728,1,cycle,insertion,336,134217728,1.00000000000000000,-0.000000000
4,6,4096,16777216,134217728,1,cycle,insertion,337,134217728,1.00000000000000000,-0.000000000
4,6,4096,16777216,134217728,1,cycle,insertion,338,134217728,1.00000000000000000,-0.000000000
4,6,4096,16777216,134217728,1,cycle,insertion,339,134217728,1.00000000000000000,-0.000000000
4,6,4096,16777216,134217728,1,cycle,insertion,340,134217728,1.00000000000000000,-0.000000000
4,6,4096,16777216,134217728,1,cycle,insertion,341,134217728,1.00000000000000000,-0.000000000
4,6,4096,16777216,134217728,1,cycle,insertion,342,134217728,1.00000000000000000,-0.000000000
4,6,4096,16777216,134217728,1,cycle,insertion,343,134217728,1.00000000000000000,-0.000000000
4,6,4096,16777216,134217728,1,cycle,insertion,344,134217728,1.00000000000000000,-0.000000000
4,6,4096,16777216,134217728,1,cycle,insertion,345,134217728,1.00000000000000000,-0.000000000
4,6,4096,16777216,134217728,1,cycle,insertion,346,134217728,1.00000000000000000,-0.000000000
4,6,4096,16777216,134217728,1,cycle,insertion,347,134217728,1.00000000000000000,-0.000000000
4,6,4096,16777216,134217728,1,cycle,insertion,348,134217728,1.00000000000000000,-0.000000000
4,6,4096,16777216,134217728,1,cycle,insertion,349,134217728,1.00000000000000000,-0.000000000
4,6,4096,16777216,134217728,1,cycle,insertion,350,134217728,1.00000000000000000,-0.000000000
4,6,4096,16777216,134217728,1,cycle,insertion,351,134217728,1.00000000000000000,-0.000000000
4,6,4096,16777216,134217728,1,cycle,insertion,352,134217728,1.00000000000000000,-0.000000000
4,6,4096,16777216,134217728,1,cycle,insertion,353,134217728,1.00000000000000000,-0.000000000
4,6,4096,16777216,134217728,1,cycle,insertion,354,134217728,1.00000000000000000,-0.000000000
4,6,4096,16777216,134217728,1,cycle,insertion,355,134217728,1.00000000000000000,-0.000000000
4,6,4096,16777216,134217728,1,cycle,insertion,356,134217728,1.00000000000000000,-0.000000000
4,6,4096,16777216,134217728,1,cycle,insertion,357,134217728,1.00000000000000000,-0.000000000
4,6,4096,16777216,134217728,1,cycle,insertion,358,134217728,1.00000000000000000,-0.000000000
4,6,4096,16777216,134217728,1,cycle,insertion,359,134217728,1.00000000000000000,-0.000000000
4,6,4096,16777216,134217728,1,cycle,insertion,360,134217728,1.00000000000000000,-0.000000000
4,6,4096,16777216,134217728,1,cycle,insertion,361,134217728,1.00000000000000000,-0.000000000
4,6,4096,16777216,134217728,1,cycle,insertion,362,134217728,1.00000000000000000,-0.000000000
4,6,4096,16777216,134217728,1,cycle,insertion,363,134217728,1.00000000000000000,-0.000000000
4,6,4096,16777216,134217728,1,cycle,insertion,364,134217728,1.00000000000000000,-0.000000000
4,6,4096,16777216,134217728,1,cycle,insertion,365,134217728,1.00000000000000000,-0.000000000
4,6,4096,16777216,134217728,1,cycle,insertion,366,134217728,1.00000000000000000,-0.000000000
4,6,4096,16777216,134217728,1,cycle,insertion,367,134217728,1.00000000000000000,-0.000000000
4,6,4096,16777216,134217728,1,cycle,insertion,368,134217728,1.00000000000000000,-0.000000000
4,6,4096,16777216,134217728,1,cycle,insertion,369,134217728,1.00000000000000000,-0.000000000
4,6,4096,16777216,134217728,1,cycle,insertion,370,134217728,1.00000000000000000,-0.000000000
4,6,4096,16777216,134217728,1,cycle,insertion,371,134217728,1.00000000000000000,-0.000000000
4,6,4096,16777216,134217728,1,cycle,insertion,372,134217728,1.00000000000000000,-0.000000000
4,6,4096,16777216,134217728,1,cycle,insertion,373,134217728,1.00000000000000000,-0.000000000
4,6,4096,16777216,134217728,1,cycle,insertion,374,134217728,1.00000000000000000,-0.000000000
4,6,4096,16777216,134217728,1,cycle,insertion,375,134217728,1.00000000000000000,-0.000000000
4,6,4096,16777216,134217728,1,cycle,insertion,376,134217728,1.00000000000000000,-0.000000000
4,6,4096,16777216,134217728,1,cycle,insertion,377,134217728,1.00000000000000000,-0.000000000
4,6,4096,16777216,134217728,1,cycle,insertion,378,134217728,1.00000000000000000,-0.000000000
4,6,4096,16777216,134217728,1,cycle,insertion,379,134217728,1.00000000000000000,-0.000000000
4,6,4096,16777216,134217728,1,cycle,insertion,380,134217728,1.00000000000000000,-0.000000000
4,6,4096,16777216,134217728,1,cycle,insertion,381,134217728,1.00000000000000000,-0.000000000
4,6,4096,16777216,134217728,1,cycle,insertion,382,134217728,1.00000000000000000,-0.000000000
4,6,4096,16777216,134217728,1,cycle,insertion,383,134217728,1.00000000000000000,-0.000000000
4,6,4096,16777216,134217728,1,cycle,insertion,384,134217728,1.00000000000000000,-0.000000000
4,6,4096,16777216,134217728,1,cycle,insertion,385,134217728,1.00000000000000000,-0.000000000
4,6,4096,16777216,134217728,1,cycle,insertion,386,134217728,1.00000000000000000,-0.000000000
4,6,4096,16777216,134217728,1,cycle,insertion,387,134217728,1.00000000000000000,-0.000000000
4,6,4096,16777216,134217728,1,cycle,insertion,388,134217728,1.00000000000000000,-0.000000000
4,6,4096,16777216,134217728,1,cycle,insertion,389,134217728,1.00000000000000000,-0.000000000
4,6,4096,16777216,134217728,1,cycle,insertion,390,134217728,1.00000000000000000,-0.000000000
4,6,4096,16777216,134217728,1,cycle,insertion,391,134217728,1.00000000000000000,-0.000000000
4,6,4096,16777216,134217728,1,cycle,insertion,392,134217728,1.00000000000000000,-0.000000000
4,6,4096,16777216,134217728,1,cycle,insertion,393,134217728,1.00000000000000000,-0.000000000
4,6,4096,16777216,134217728,1,cycle,insertion,394,134217728,1.00000000000000000,-0.000000000
4,6,4096,16777216,134217728,1,cycle,insertion,395,134217728,1.00000000000000000,-0.000000000
4,6,4096,16777216,134217728,1,cycle,insertion,396,134217728,1.00000000000000000,-0.000000000
4,6,4096,16777216,134217728,1,cycle,insertion,397,134217728,1.00000000000000000,-0.000000000
4,6,4096,16777216,134217728,1,cycle,insertion,398,134217728,1.00000000000000000,-0.000000000
4,6,4096,16777216,134217728,1,cycle,insertion,399,134217728,1.00000000000000000,-0.000000000
4,6,4096,16777216,134217728,1,cycle,insertion,400,134217728,1.00000000000000000,-0.000000000
4,6,4096,16777216,134217728,1,cycle,insertion,401,134217728,1.00000000000000000,-0.000000000
4,6,4096,16777216,134217728,1,cycle,insertion,402,134217728,1.00000000000000000,-0.000000000
4,6,4096,16777216,134217728,1,cycle,insertion,403,134217728,1.00000000000000000,-0.000000000
4,6,4096,16777216,134217728,1,cycle,insertion,404,134217728,1.00000000000000000,-0.000000000
4,6,4096,16777216,134217728,1,cycle,insertion,405,134217728,1.00000000000000000,-0.000000000
4,6,4096,16777216,134217728,1,cycle,insertion,406,134217728,1.00000000000000000,-0.000000000
4,6,4096,16777216,134217728,1,cycle,insertion,407,134217728,1.00000000000000000,-0.000000000
4,6,4096,16777216,134217728,1,cycle,insertion,408,134217728,1.00000000000000000,-0.000000000
4,6,4096,16777216,134217728,1,cycle,insertion,409,134217728,1.00000000000000000,-0.000000000
4,6,4096,16777216,134217728,1,cycle,insertion,410,134217728,1.00000000000000000,-0.000000000
4,6,4096,16777216,134217728,1,cycle,insertion,411,134217728,1.00000000000000000,-0.000000000
4,6,4096,16777216,134217728,1,cycle,insertion,412,134217728,1.00000000000000000,-0.000000000
4,6,4096,16777216,134217728,1,cycle,insertion,413,134217728,1.00000000000000000,-0.000000000
4,6,4096,16777216,134217728,1,cycle,insertion,414,134217728,1.00000000000000000,-0.000000000
4,6,4096,16777216,134217728,1,cycle,insertion,415,134217728,1.00000000000000000,-0.000000000
4,6,4096,16777216,134217728,1,cycle,insertion,416,134217728,1.00000000000000000,-0.000000000
4,6,4096,16777216,134217728,1,cycle,insertion,417,134217728,1.00000000000000000,-0.000000000
4,6,4096,16777216,134217728,1,cycle,insertion,418,134217728,1.00000000000000000,-0.000000000
4,6,4096,16777216,134217728,1,cycle,insertion,419,134217728,1.00000000000000000,-0.000000000
4,6,4096,16777216,134217728,1,cycle,insertion,420,134217728,1.00000000000000000,-0.000000000
4,6,4096,16777216,134217728,1,cycle,insertion,421,134217728,1.00000000000000000,-0.000000000
4,6,4096,16777216,134217728,1,cycle,insertion,422,134217728,1.00000000000000000,-0.000000000
4,6,4096,16777216,134217728,1,cycle,insertion,423,134217728,1.00000000000000000,-0.000000000
4,6,4096,16777216,134217728,1,cycle,insertion,424,134217728,1.00000000000000000,-0.000000000
4,6,4096,16777216,134217728,1,cycle,insertion,425,134217728,1.00000000000000000,-0.000000000
4,6,4096,16777216,134217728,1,cycle,insertion,426,134217728,1.00000000000000000,-0.000000000
4,6,4096,16777216,134217728,1,cycle,insertion,427,134217728,1.00000000000000000,-0.000000000
4,6,4096,16777216,134217728,1,cycle,insertion,428,134217728,1.00000000000000000,-0.000000000
4,6,4096,16777216,134217728,1,cycle,insertion,429,134217728,1.00000000000000000,-0.000000000
4,6,4096,16777216,134217728,1,cycle,insertion,430,134217728,1.00000000000000000,-0.000000000
4,6,4096,16777216,134217728,1,cycle,insertion,431,134217728,1.00000000000000000,-0.000000000
4,6,4096,16777216,134217728,1,cycle,insertion,432,134217728,1.00000000000000000,-0.000000000
4,6,4096,16777216,134217728,1,cycle,insertion,433,134217728,1.00000000000000000,-0.000000000
4,6,4096,16777216,134217728,1,cycle,insertion,434,134217728,1.00000000000000000,-0.000000000
4,6,4096,16777216,134217728,1,cycle,insertion,435,134217728,1.00000000000000000,-0.000000000
4,6,4096,16777216,134217728,1,cycle,insertion,436,134217728,1.00000000000000000,-0.000000000
4,6,4096,16777216,134217728,1,cycle,insertion,437,134217728,1.00000000000000000,-0.000000000
4,6,4096,16777216,134217728,1,cycle,insertion,438,134217728,1.00000000000000000,-0.000000000
4,6,4096,16777216,134217728,1,cycle,insertion,439,134217728,1.00000000000000000,-0.000000000
4,6,4096,16777216,134217728,1,cycle,insertion,440,134217728,1.00000000000000000,-0.000000000
4,6,4096,16777216,134217728,1,cycle,insertion,441,134217728,1.00000000000000000,-0.000000000
4,6,4096,16777216,134217728,1,cycle,insertion,442,134217728,1.00000000000000000,-0.000000000
4,6,4096,16777216,134217728,1,cycle,insertion,443,134217728,1.00000000000000000,-0.000000000
4,6,4096,16777216,134217728,1,cycle,insertion,444,134217728,1.00000000000000000,-0.000000000
4,6,4096,16777216,134217728,1,cycle,insertion,445,134217728,1.00000000000000000,-0.000000000
4,6,4096,16777216,134217728,1,cycle,insertion,446,134217728,1.00000000000000000,-0.000000000
4,6,4096,16777216,134217728,1,cycle,insertion,447,134217728,1.00000000000000000,-0.000000000
4,6,4096,16777216,134217728,1,cycle,insertion,448,134217728,1.00000000000000000,-0.000000000
4,6,4096,16777216,134217728,1,cycle,insertion,449,134217728,1.00000000000000000,-0.000000000
4,6,4096,16777216,134217728,1,cycle,insertion,450,134217728,1.00000000000000000,-0.000000000
4,6,4096,16777216,134217728,1,cycle,insertion,451,134217728,1.00000000000000000,-0.000000000
4,6,4096,16777216,134217728,1,cycle,insertion,452,134217728,1.00000000000000000,-0.000000000
4,6,4096,16777216,134217728,1,cycle,insertion,453,134217728,1.00000000000000000,-0.000000000
4,6,4096,16777216,134217728,1,cycle,insertion,454,134217728,1.00000000000000000,-0.000000000
4,6,4096,16777216,134217728,1,cycle,insertion,455,134217728,1.00000000000000000,-0.000000000
4,6,4096,16777216,134217728,1,cycle,insertion,456,134217728,1.00000000000000000,-0.000000000
4,6,4096,16777216,134217728,1,cycle,insertion,457,134217728,1.00000000000000000,-0.000000000
4,6,4096,16777216,134217728,1,cycle,insertion,458,134217728,1.00000000000000000,-0.000000000
4,6,4096,16777216,134217728,1,cycle,insertion,459,134217728,1.00000000000000000,-0.000000000
4,6,4096,16777216,134217728,1,cycle,insertion,460,134217728,1.00000000000000000,-0.000000000
4,6,4096,16777216,134217728,1,cycle,insertion,461,134217728,1.00000000000000000,-0.000000000
4,6,4096,16777216,134217728,1,cycle,insertion,462,134217728,1.00000000000000000,-0.000000000
4,6,4096,16777216,134217728,1,cycle,insertion,463,134217728,1.00000000000000000,-0.000000000
4,6,4096,16777216,134217728,1,cycle,insertion,464,134217728,1.00000000000000000,-0.000000000
4,6,4096,16777216,134217728,1,cycle,insertion,465,134217728,1.00000000000000000,-0.000000000
4,6,4096,16777216,134217728,1,cycle,insertion,466,134217728,1.00000000000000000,-0.000000000
4,6,4096,16777216,134217728,1,cycle,insertion,467,134217728,1.00000000000000000,-0.000000000
4,6,4096,16777216,134217728,1,cycle,insertion,468,134217728,1.00000000000000000,-0.000000000
4,6,4096,16777216,134217728,1,cycle,insertion,469,134217728,1.00000000000000000,-0.000000000
4,6,4096,16777216,134217728,1,cycle,insertion,470,134217728,1.00000000000000000,-0.000000000
4,6,4096,16777216,134217728,1,cycle,insertion,471,134217728,1.00000000000000000,-0.000000000
4,6,4096,16777216,134217728,1,cycle,insertion,472,134217728,1.00000000000000000,-0.000000000
4,6,4096,16777216,134217728,1,cycle,insertion,473,134217728,1.00000000000000000,-0.000000000
4,6,4096,16777216,134217728,1,cycle,insertion,474,134217728,1.00000000000000000,-0.000000000
4,6,4096,16777216,134217728,1,cycle,insertion,475,134217728,1.00000000000000000,-0.000000000
4,6,4096,16777216,134217728,1,cycle,insertion,476,134217728,1.00000000000000000,-0.000000000
4,6,4096,16777216,134217728,1,cycle,insertion,477,134217728,1.00000000000000000,-0.000000000
4,6,4096,16777216,134217728,1,cycle,insertion,478,134217728,1.00000000000000000,-0.000000000
4,6,4096,16777216,134217728,1,cycle,insertion,479,134217728,1.00000000000000000,-0.000000000
4,6,4096,16777216,134217728,1,cycle,insertion,480,134217728,1.00000000000000000,-0.000000000
4,6,4096,16777216,134217728,1,cycle,insertion,481,134217728,1.00000000000000000,-0.000000000
4,6,4096,16777216,134217728,1,cycle,insertion,482,134217728,1.00000000000000000,-0.000000000
4,6,4096,16777216,134217728,1,cycle,insertion,483,134217728,1.00000000000000000,-0.000000000
4,6,4096,16777216,134217728,1,cycle,insertion,484,134217728,1.00000000000000000,-0.000000000
4,6,4096,16777216,134217728,1,cycle,insertion,485,134217728,1.00000000000000000,-0.000000000
4,6,4096,16777216,134217728,1,cycle,insertion,486,134217728,1.00000000000000000,-0.000000000
4,6,4096,16777216,134217728,1,cycle,insertion,487,134217728,1.00000000000000000,-0.000000000
4,6,4096,16777216,134217728,1,cycle,insertion,488,134217728,1.00000000000000000,-0.000000000
4,6,4096,16777216,134217728,1,cycle,insertion,489,134217728,1.00000000000000000,-0.000000000
4,6,4096,16777216,134217728,1,cycle,insertion,490,134217728,1.00000000000000000,-0.000000000
4,6,4096,16777216,134217728,1,cycle,insertion,491,134217728,1.00000000000000000,-0.000000000
4,6,4096,16777216,134217728,1,cycle,insertion,492,134217728,1.00000000000000000,-0.000000000
4,6,4096,16777216,134217728,1,cycle,insertion,493,134217728,1.00000000000000000,-0.000000000
4,6,4096,16777216,134217728,1,cycle,insertion,494,134217728,1.00000000000000000,-0.000000000
4,6,4096,16777216,134217728,1,cycle,insertion,495,134217728,1.00000000000000000,-0.000000000
4,6,4096,16777216,134217728,1,cycle,insertion,496,134217728,1.00000000000000000,-0.000000000
4,6,4096,16777216,134217728,1,cycle,insertion,497,134217728,1.00000000000000000,-0.000000000
4,6,4096,16777216,134217728,1,cycle,insertion,498,134217728,1.00000000000000000,-0.000000000
4,6,4096,16777216,134217728,1,cycle,insertion,499,134217728,1.00000000000000000,-0.000000000
4,6,4096,16777216,134217728,1,cycle,insertion,500,134217728,1.00000000000000000,-0.000000000
4,6,4096,16777216,134217728,1,cycle,insertion,501,134217728,1.00000000000000000,-0.000000000
4,6,4096,16777216,134217728,1,cycle,insertion,502,134217728,1.00000000000000000,-0.000000000
4,6,4096,16777216,134217728,1,cycle,insertion,503,134217728,1.00000000000000000,-0.000000000
4,6,4096,16777216,134217728,1,cycle,insertion,504,134217728,1.00000000000000000,-0.000000000
4,6,4096,16777216,134217728,1,cycle,insertion,505,134217728,1.00000000000000000,-0.000000000
4,6,4096,16777216,134217728,1,cycle,insertion,506,134217728,1.00000000000000000,-0.000000000
4,6,4096,16777216,134217728,1,cycle,insertion,507,134217728,1.00000000000000000,-0.000000000
4,6,4096,16777216,134217728,1,cycle,insertion,508,134217728,1.00000000000000000,-0.000000000
4,6,4096,16777216,134217728,1,cycle,insertion,509,134217728,1.00000000000000000,-0.000000000
4,6,4096,16777216,134217728,1,cycle,insertion,510,134217728,1.00000000000000000,-0.000000000
4,6,4096,16777216,134217728,1,cycle,insertion,511,134217728,1.00000000000000000,-0.000000000
4,6,4096,16777216,134217728,1,cycle,insertion,512,134217728,1.00000000000000000,-0.000000000
4,6,4096,16777216,134217728,1,cycle,insertion,513,134217728,1.00000000000000000,-0.000000000
4,6,4096,16777216,134217728,1,cycle,insertion,514,134217728,1.00000000000000000,-0.000000000
4,6,4096,16777216,134217728,1,cycle,insertion,515,134217728,1.00000000000000000,-0.000000000
4,6,4096,16777216,134217728,1,cycle,insertion,516,134217728,1.00000000000000000,-0.000000000
4,6,4096,16777216,134217728,1,cycle,insertion,517,134217728,1.00000000000000000,-0.000000000
4,6,4096,16777216,134217728,1,cycle,insertion,518,134217728,1.00000000000000000,-0.000000000
4,6,4096,16777216,134217728,1,cycle,insertion,519,134217728,1.00000000000000000,-0.000000000
4,6,4096,16777216,134217728,1,cycle,insertion,520,134217728,1.00000000000000000,-0.000000000
4,6,4096,16777216,134217728,1,cycle,insertion,521,134217728,1.00000000000000000,-0.000000000
4,6,4096,16777216,134217728,1,cycle,insertion,522,134217728,1.00000000000000000,-0.000000000
4,6,4096,16777216,134217728,1,cycle,insertion,523,134217728,1.00000000000000000,-0.000000000
4,6,4096,16777216,134217728,1,cycle,insertion,524,134217728,1.00000000000000000,-0.000000000
4,6,4096,16777216,134217728,1,cycle,insertion,525,134217728,1.00000000000000000,-0.000000000
4,6,4096,16777216,134217728,1,cycle,insertion,526,134217728,1.00000000000000000,-0.000000000
4,6,4096,16777216,134217728,1,cycle,insertion,527,134217728,1.00000000000000000,-0.000000000
4,6,4096,16777216,134217728,1,cycle,insertion,528,134217728,1.00000000000000000,-0.000000000
4,6,4096,16777216,134217728,1,cycle,insertion,529,134217728,1.00000000000000000,-0.000000000
4,6,4096,16777216,134217728,1,cycle,insertion,530,134217728,1.00000000000000000,-0.000000000
4,6,4096,16777216,134217728,1,cycle,insertion,531,134217728,1.00000000000000000,-0.000000000
4,6,4096,16777216,134217728,1,cycle,insertion,532,134217728,1.00000000000000000,-0.000000000
4,6,4096,16777216,134217728,1,cycle,insertion,533,134217728,1.00000000000000000,-0.000000000
4,6,4096,16777216,134217728,1,cycle,insertion,534,134217728,1.00000000000000000,-0.000000000
4,6,4096,16777216,134217728,1,cycle,insertion,535,134217728,1.00000000000000000,-0.000000000
4,6,4096,16777216,134217728,1,cycle,insertion,536,134217728,1.00000000000000000,-0.000000000
4,6,4096,16777216,134217728,1,cycle,insertion,537,134217728,1.00000000000000000,-0.000000000
4,6,4096,16777216,134217728,1,cycle,insertion,538,134217728,1.00000000000000000,-0.000000000
4,6,4096,16777216,134217728,1,cycle,insertion,539,134217728,1.00000000000000000,-0.000000000
4,6,4096,16777216,134217728,1,cycle,insertion,540,134217728,1.00000000000000000,-0.000000000
4,6,4096,16777216,134217728,1,cycle,insertion,541,134217728,1.00000000000000000,-0.000000000
4,6,4096,16777216,134217728,1,cycle,insertion,542,134217728,1.00000000000000000,-0.000000000
4,6,4096,16777216,134217728,1,cycle,insertion,543,134217728,1.00000000000000000,-0.000000000
4,6,4096,16777216,134217728,1,cycle,insertion,544,134217728,1.00000000000000000,-0.000000000
4,6,4096,16777216,134217728,1,cycle,insertion,545,134217728,1.00000000000000000,-0.000000000
4,6,4096,16777216,134217728,1,cycle,insertion,546,134217728,1.00000000000000000,-0.000000000
4,6,4096,16777216,134217728,1,cycle,insertion,547,134217728,1.00000000000000000,-0.000000000
4,6,4096,16777216,134217728,1,cycle,insertion,548,134217728,1.00000000000000000,-0.000000000
4,6,4096,16777216,134217728,1,cycle,insertion,549,134217728,1.00000000000000000,-0.000000000
4,6,4096,16777216,134217728,1,cycle,insertion,550,134217728,1.00000000000000000,-0.000000000
4,6,4096,16777216,134217728,1,cycle,insertion,551,134217728,1.00000000000000000,-0.000000000
4,6,4096,16777216,134217728,1,cycle,insertion,552,134217728,1.00000000000000000,-0.000000000
4,6,4096,16777216,134217728,1,cycle,insertion,553,134217728,1.00000000000000000,-0.000000000
4,6,4096,16777216,134217728,1,cycle,insertion,554,134217728,1.00000000000000000,-0.000000000
4,6,4096,16777216,134217728,1,cycle,insertion,555,134217728,1.00000000000000000,-0.000000000
4,6,4096,16777216,134217728,1,cycle,insertion,556,134217728,1.00000000000000000,-0.000000000
4,6,4096,16777216,134217728,1,cycle,insertion,557,134217728,1.00000000000000000,-0.000000000
4,6,4096,16777216,134217728,1,cycle,insertion,558,134217728,1.00000000000000000,-0.000000000
4,6,4096,16777216,134217728,1,cycle,insertion,559,134217728,1.00000000000000000,-0.000000000
4,6,4096,16777216,134217728,1,cycle,insertion,560,134217728,1.00000000000000000,-0.000000000
4,6,4096,16777216,134217728,1,cycle,insertion,561,134217728,1.00000000000000000,-0.000000000
4,6,4096,16777216,134217728,1,cycle,insertion,562,134217728,1.00000000000000000,-0.000000000
4,6,4096,16777216,134217728,1,cycle,insertion,563,134217728,1.00000000000000000,-0.000000000
4,6,4096,16777216,134217728,1,cycle,insertion,564,134217728,1.00000000000000000,-0.000000000
4,6,4096,16777216,134217728,1,cycle,insertion,565,134217728,1.00000000000000000,-0.000000000
4,6,4096,16777216,134217728,1,cycle,insertion,566,134217728,1.00000000000000000,-0.000000000
4,6,4096,16777216,134217728,1,cycle,insertion,567,134217728,1.00000000000000000,-0.000000000
4,6,4096,16777216,134217728,1,cycle,insertion,568,134217728,1.00000000000000000,-0.000000000
4,6,4096,16777216,134217728,1,cycle,insertion,569,134217728,1.00000000000000000,-0.000000000
4,6,4096,16777216,134217728,1,cycle,insertion,570,134217728,1.00000000000000000,-0.000000000
4,6,4096,16777216,134217728,1,cycle,insertion,571,134217728,1.00000000000000000,-0.000000000
4,6,4096,16777216,134217728,1,cycle,insertion,572,134217728,1.00000000000000000,-0.000000000
4,6,4096,16777216,134217728,1,cycle,insertion,573,134217728,1.00000000000000000,-0.000000000
4,6,4096,16777216,134217728,1,cycle,insertion,574,134217728,1.00000000000000000,-0.000000000
4,6,4096,16777216,134217728,1,cycle,insertion,575,134217728,1.00000000000000000,-0.000000000
4,6,4096,16777216,134217728,1,cycle,insertion,576,134217728,1.00000000000000000,-0.000000000
4,6,4096,16777216,134217728,1,cycle,insertion,577,134217728,1.00000000000000000,-0.000000000
4,6,4096,16777216,134217728,1,cycle,insertion,578,134217728,1.00000000000000000,-0.000000000
4,6,4096,16777216,134217728,1,cycle,insertion,579,134217728,1.00000000000000000,-0.000000000
4,6,4096,16777216,134217728,1,cycle,insertion,580,134217728,1.00000000000000000,-0.000000000
4,6,4096,16777216,134217728,1,cycle,insertion,581,134217728,1.00000000000000000,-0.000000000
4,6,4096,16777216,134217728,1,cycle,insertion,582,134217728,1.00000000000000000,-0.000000000
4,6,4096,16777216,134217728,1,cycle,insertion,583,134217728,1.00000000000000000,-0.000000000
4,6,4096,16777216,134217728,1,cycle,insertion,584,134217728,1.00000000000000000,-0.000000000
4,6,4096,16777216,134217728,1,cycle,insertion,585,134217728,1.00000000000000000,-0.000000000
4,6,4096,16777216,134217728,1,cycle,insertion,586,134217728,1.00000000000000000,-0.000000000
4,6,4096,16777216,134217728,1,cycle,insertion,587,134217728,1.00000000000000000,-0.000000000
4,6,4096,16777216,134217728,1,cycle,insertion,588,134217728,1.00000000000000000,-0.000000000
4,6,4096,16777216,134217728,1,cycle,insertion,589,134217728,1.00000000000000000,-0.000000000
4,6,4096,16777216,134217728,1,cycle,insertion,590,134217728,1.00000000000000000,-0.000000000
4,6,4096,16777216,134217728,1,cycle,insertion,591,134217728,1.00000000000000000,-0.000000000
4,6,4096,16777216,134217728,1,cycle,insertion,592,134217728,1.00000000000000000,-0.000000000
4,6,4096,16777216,134217728,1,cycle,insertion,593,134217728,1.00000000000000000,-0.000000000
4,6,4096,16777216,134217728,1,cycle,insertion,594,134217728,1.00000000000000000,-0.000000000
4,6,4096,16777216,134217728,1,cycle,insertion,595,134217728,1.00000000000000000,-0.000000000
4,6,4096,16777216,134217728,1,cycle,insertion,596,134217728,1.00000000000000000,-0.000000000
4,6,4096,16777216,134217728,1,cycle,insertion,597,134217728,1.00000000000000000,-0.000000000
4,6,4096,16777216,134217728,1,cycle,insertion,598,134217728,1.00000000000000000,-0.000000000
4,6,4096,16777216,134217728,1,cycle,insertion,599,134217728,1.00000000000000000,-0.000000000
4,6,4096,16777216,134217728,1,cycle,insertion,600,134217728,1.00000000000000000,-0.000000000
4,6,4096,16777216,134217728,1,cycle,insertion,601,134217728,1.00000000000000000,-0.000000000
4,6,4096,16777216,134217728,1,cycle,insertion,602,134217728,1.00000000000000000,-0.000000000
4,6,4096,16777216,134217728,1,cycle,insertion,603,134217728,1.00000000000000000,-0.000000000
4,6,4096,16777216,134217728,1,cycle,insertion,604,134217728,1.00000000000000000,-0.000000000
4,6,4096,16777216,134217728,1,cycle,insertion,605,134217728,1.00000000000000000,-0.000000000
4,6,4096,16777216,134217728,1,cycle,insertion,606,134217728,1.00000000000000000,-0.000000000
4,6,4096,16777216,134217728,1,cycle,insertion,607,134217728,1.00000000000000000,-0.000000000
4,6,4096,16777216,134217728,1,cycle,insertion,608,134217728,1.00000000000000000,-0.000000000
4,6,4096,16777216,134217728,1,cycle,insertion,609,134217728,1.00000000000000000,-0.000000000
4,6,4096,16777216,134217728,1,cycle,insertion,610,134217728,1.00000000000000000,-0.000000000
4,6,4096,16777216,134217728,1,cycle,insertion,611,134217728,1.00000000000000000,-0.000000000
4,6,4096,16777216,134217728,1,cycle,insertion,612,134217728,1.00000000000000000,-0.000000000
4,6,4096,16777216,134217728,1,cycle,insertion,613,134217728,1.00000000000000000,-0.000000000
4,6,4096,16777216,134217728,1,cycle,insertion,614,134217728,1.00000000000000000,-0.000000000
4,6,4096,16777216,134217728,1,cycle,insertion,615,134217728,1.00000000000000000,-0.000000000
4,6,4096,16777216,134217728,1,cycle,insertion,616,134217728,1.00000000000000000,-0.000000000
4,6,4096,16777216,134217728,1,cycle,insertion,617,134217728,1.00000000000000000,-0.000000000
4,6,4096,16777216,134217728,1,cycle,insertion,618,134217728,1.00000000000000000,-0.000000000
4,6,4096,16777216,134217728,1,cycle,insertion,619,134217728,1.00000000000000000,-0.000000000
4,6,4096,16777216,134217728,1,cycle,insertion,620,134217728,1.00000000000000000,-0.000000000
4,6,4096,16777216,134217728,1,cycle,insertion,621,134217728,1.00000000000000000,-0.000000000
4,6,4096,16777216,134217728,1,cycle,insertion,622,134217728,1.00000000000000000,-0.000000000
4,6,4096,16777216,134217728,1,cycle,insertion,623,134217728,1.00000000000000000,-0.000000000
4,6,4096,16777216,134217728,1,cycle,insertion,624,134217728,1.00000000000000000,-0.000000000
4,6,4096,16777216,134217728,1,cycle,insertion,625,134217728,1.00000000000000000,-0.000000000
4,6,4096,16777216,134217728,1,cycle,insertion,626,134217728,1.00000000000000000,-0.000000000
4,6,4096,16777216,134217728,1,cycle,insertion,627,134217728,1.00000000000000000,-0.000000000
4,6,4096,16777216,134217728,1,cycle,insertion,628,134217728,1.00000000000000000,-0.000000000
4,6,4096,16777216,134217728,1,cycle,insertion,629,134217728,1.00000000000000000,-0.000000000
4,6,4096,16777216,134217728,1,cycle,insertion,630,134217728,1.00000000000000000,-0.000000000
4,6,4096,16777216,134217728,1,cycle,insertion,631,134217728,1.00000000000000000,-0.000000000
4,6,4096,16777216,134217728,1,cycle,insertion,632,134217728,1.00000000000000000,-0.000000000
4,6,4096,16777216,134217728,1,cycle,insertion,633,134217728,1.00000000000000000,-0.000000000
4,6,4096,16777216,134217728,1,cycle,insertion,634,134217728,1.00000000000000000,-0.000000000
4,6,4096,16777216,134217728,1,cycle,insertion,635,134217728,1.00000000000000000,-0.000000000
4,6,4096,16777216,134217728,1,cycle,insertion,636,134217728,1.00000000000000000,-0.000000000
4,6,4096,16777216,134217728,1,cycle,insertion,637,134217728,1.00000000000000000,-0.000000000
4,6,4096,16777216,134217728,1,cycle,insertion,638,134217728,1.00000000000000000,-0.000000000
4,6,4096,16777216,134217728,1,cycle,insertion,639,134217728,1.00000000000000000,-0.000000000
4,6,4096,16777216,134217728,1,cycle,insertion,640,134217728,1.00000000000000000,-0.000000000
4,6,4096,16777216,134217728,1,cycle,insertion,641,134217728,1.00000000000000000,-0.000000000
4,6,4096,16777216,134217728,1,cycle,insertion,642,134217728,1.00000000000000000,-0.000000000
4,6,4096,16777216,134217728,1,cycle,insertion,643,134217728,1.00000000000000000,-0.000000000
4,6,4096,16777216,134217728,1,cycle,insertion,644,134217728,1.00000000000000000,-0.000000000
4,6,4096,16777216,134217728,1,cycle,insertion,645,134217728,1.00000000000000000,-0.000000000
4,6,4096,16777216,134217728,1,cycle,insertion,646,134217728,1.00000000000000000,-0.000000000
4,6,4096,16777216,134217728,1,cycle,insertion,647,134217728,1.00000000000000000,-0.000000000
4,6,4096,16777216,134217728,1,cycle,insertion,648,134217728,1.00000000000000000,-0.000000000
4,6,4096,16777216,134217728,1,cycle,insertion,649,134217728,1.00000000000000000,-0.000000000
4,6,4096,16777216,134217728,1,cycle,insertion,650,134217728,1.00000000000000000,-0.000000000
4,6,4096,16777216,134217728,1,cycle,insertion,651,134217728,1.00000000000000000,-0.000000000
4,6,4096,16777216,134217728,1,cycle,insertion,652,134217728,1.00000000000000000,-0.000000000
4,6,4096,16777216,134217728,1,cycle,insertion,653,134217728,1.00000000000000000,-0.000000000
4,6,4096,16777216,134217728,1,cycle,insertion,654,134217728,1.00000000000000000,-0.000000000
4,6,4096,16777216,134217728,1,cycle,insertion,655,134217728,1.00000000000000000,-0.000000000
4,6,4096,16777216,134217728,1,cycle,insertion,656,134217728,1.00000000000000000,-0.000000000
4,6,4096,16777216,134217728,1,cycle,insertion,657,134217728,1.00000000000000000,-0.000000000
4,6,4096,16777216,134217728,1,cycle,insertion,658,134217728,1.00000000000000000,-0.000000000
4,6,4096,16777216,134217728,1,cycle,insertion,659,134217728,1.00000000000000000,-0.000000000
4,6,4096,16777216,134217728,1,cycle,insertion,660,134217728,1.00000000000000000,-0.000000000
4,6,4096,16777216,134217728,1,cycle,insertion,661,134217728,1.00000000000000000,-0.000000000
4,6,4096,16777216,134217728,1,cycle,insertion,662,134217728,1.00000000000000000,-0.000000000
4,6,4096,16777216,134217728,1,cycle,insertion,663,134217728,1.00000000000000000,-0.000000000
4,6,4096,16777216,134217728,1,cycle,insertion,664,134217728,1.00000000000000000,-0.000000000
4,6,4096,16777216,134217728,1,cycle,insertion,665,134217728,1.00000000000000000,-0.000000000
4,6,4096,16777216,134217728,1,cycle,insertion,666,134217728,1.00000000000000000,-0.000000000
4,6,4096,16777216,134217728,1,cycle,insertion,667,134217728,1.00000000000000000,-0.000000000
4,6,4096,16777216,134217728,1,cycle,insertion,668,134217728,1.00000000000000000,-0.000000000
4,6,4096,16777216,134217728,1,cycle,insertion,669,134217728,1.00000000000000000,-0.000000000
4,6,4096,16777216,134217728,1,cycle,insertion,670,134217728,1.00000000000000000,-0.000000000
4,6,4096,16777216,134217728,1,cycle,insertion,671,134217728,1.00000000000000000,-0.000000000
4,6,4096,16777216,134217728,1,cycle,insertion,672,134217728,1.00000000000000000,-0.000000000
4,6,4096,16777216,134217728,1,cycle,insertion,673,134217728,1.00000000000000000,-0.000000000
4,6,4096,16777216,134217728,1,cycle,insertion,674,134217728,1.00000000000000000,-0.000000000
4,6,4096,16777216,134217728,1,cycle,insertion,675,134217728,1.00000000000000000,-0.000000000
4,6,4096,16777216,134217728,1,cycle,insertion,676,134217728,1.00000000000000000,-0.000000000
4,6,4096,16777216,134217728,1,cycle,insertion,677,134217728,1.00000000000000000,-0.000000000
4,6,4096,16777216,134217728,1,cycle,insertion,678,134217728,1.00000000000000000,-0.000000000
4,6,4096,16777216,134217728,1,cycle,insertion,679,134217728,1.00000000000000000,-0.000000000
4,6,4096,16777216,134217728,1,cycle,insertion,680,134217728,1.00000000000000000,-0.000000000
4,6,4096,16777216,134217728,1,cycle,insertion,681,134217728,1.00000000000000000,-0.000000000
4,6,4096,16777216,134217728,1,cycle,insertion,682,134217728,1.00000000000000000,-0.000000000
4,6,4096,16777216,134217728,1,cycle,insertion,683,134217728,1.00000000000000000,-0.000000000
4,6,4096,16777216,134217728,1,cycle,insertion,684,134217728,1.00000000000000000,-0.000000000
4,6,4096,16777216,134217728,1,cycle,insertion,685,134217728,1.00000000000000000,-0.000000000
4,6,4096,16777216,134217728,1,cycle,insertion,686,134217728,1.00000000000000000,-0.000000000
4,6,4096,16777216,134217728,1,cycle,insertion,687,134217728,1.00000000000000000,-0.000000000
4,6,4096,16777216,134217728,1,cycle,insertion,688,134217728,1.00000000000000000,-0.000000000
4,6,4096,16777216,134217728,1,cycle,insertion,689,134217728,1.00000000000000000,-0.000000000
4,6,4096,16777216,134217728,1,cycle,insertion,690,134217728,1.00000000000000000,-0.000000000
4,6,4096,16777216,134217728,1,cycle,insertion,691,134217728,1.00000000000000000,-0.000000000
4,6,4096,16777216,134217728,1,cycle,insertion,692,134217728,1.00000000000000000,-0.000000000
4,6,4096,16777216,134217728,1,cycle,insertion,693,134217728,1.00000000000000000,-0.000000000
4,6,4096,16777216,134217728,1,cycle,insertion,694,134217728,1.00000000000000000,-0.000000000
4,6,4096,16777216,134217728,1,cycle,insertion,695,134217728,1.00000000000000000,-0.000000000
4,6,4096,16777216,134217728,1,cycle,insertion,696,134217728,1.00000000000000000,-0.000000000
4,6,4096,16777216,134217728,1,cycle,insertion,697,134217728,1.00000000000000000,-0.000000000
4,6,4096,16777216,134217728,1,cycle,insertion,698,134217728,1.00000000000000000,-0.000000000
4,6,4096,16777216,134217728,1,cycle,insertion,699,134217728,1.00000000000000000,-0.000000000
4,6,4096,16777216,134217728,1,cycle,insertion,700,134217728,1.00000000000000000,-0.000000000
4,6,4096,16777216,134217728,1,cycle,insertion,701,134217728,1.00000000000000000,-0.000000000
4,6,4096,16777216,134217728,1,cycle,insertion,702,134217728,1.00000000000000000,-0.000000000
4,6,4096,16777216,134217728,1,cycle,insertion,703,134217728,1.00000000000000000,-0.000000000
4,6,4096,16777216,134217728,1,cycle,insertion,704,134217728,1.00000000000000000,-0.000000000
4,6,4096,16777216,134217728,1,cycle,insertion,705,134217728,1.00000000000000000,-0.000000000
4,6,4096,16777216,134217728,1,cycle,insertion,706,134217728,1.00000000000000000,-0.000000000
4,6,4096,16777216,134217728,1,cycle,insertion,707,134217728,1.00000000000000000,-0.000000000
4,6,4096,16777216,134217728,1,cycle,insertion,708,134217728,1.00000000000000000,-0.000000000
4,6,4096,16777216,134217728,1,cycle,insertion,709,134217728,1.00000000000000000,-0.000000000
4,6,4096,16777216,134217728,1,cycle,insertion,710,134217728,1.00000000000000000,-0.000000000
4,6,4096,16777216,134217728,1,cycle,insertion,711,134217728,1.00000000000000000,-0.000000000
4,6,4096,16777216,134217728,1,cycle,insertion,712,134217728,1.00000000000000000,-0.000000000
4,6,4096,16777216,134217728,1,cycle,insertion,713,134217728,1.00000000000000000,-0.000000000
4,6,4096,16777216,134217728,1,cycle,insertion,714,134217728,1.00000000000000000,-0.000000000
4,6,4096,16777216,134217728,1,cycle,insertion,715,134217728,1.00000000000000000,-0.000000000
4,6,4096,16777216,134217728,1,cycle,insertion,716,134217728,1.00000000000000000,-0.000000000
4,6,4096,16777216,134217728,1,cycle,insertion,717,134217728,1.00000000000000000,-0.000000000
4,6,4096,16777216,134217728,1,cycle,insertion,718,134217728,1.00000000000000000,-0.000000000
4,6,4096,16777216,134217728,1,cycle,insertion,719,134217728,1.00000000000000000,-0.000000000
4,6,4096,16777216,134217728,1,cycle,insertion,720,134217728,1.00000000000000000,-0.000000000
4,6,4096,16777216,134217728,1,cycle,insertion,721,134217728,1.00000000000000000,-0.000000000
4,6,4096,16777216,134217728,1,cycle,insertion,722,134217728,1.00000000000000000,-0.000000000
4,6,4096,16777216,134217728,1,cycle,insertion,723,134217728,1.00000000000000000,-0.000000000
4,6,4096,16777216,134217728,1,cycle,insertion,724,134217728,1.00000000000000000,-0.000000000
4,6,4096,16777216,134217728,1,cycle,insertion,725,134217728,1.00000000000000000,-0.000000000
4,6,4096,16777216,134217728,1,cycle,insertion,726,134217728,1.00000000000000000,-0.000000000
4,6,4096,16777216,134217728,1,cycle,insertion,727,134217728,1.00000000000000000,-0.000000000
4,6,4096,16777216,134217728,1,cycle,insertion,728,134217728,1.00000000000000000,-0.000000000
4,6,4096,16777216,134217728,1,cycle,insertion,729,134217728,1.00000000000000000,-0.000000000
4,6,4096,16777216,134217728,1,cycle,insertion,730,134217728,1.00000000000000000,-0.000000000
4,6,4096,16777216,134217728,1,cycle,insertion,731,134217728,1.00000000000000000,-0.000000000
4,6,4096,16777216,134217728,1,cycle,insertion,732,134217728,1.00000000000000000,-0.000000000
4,6,4096,16777216,134217728,1,cycle,insertion,733,134217728,1.00000000000000000,-0.000000000
4,6,4096,16777216,134217728,1,cycle,insertion,734,134217728,1.00000000000000000,-0.000000000
4,6,4096,16777216,134217728,1,cycle,insertion,735,134217728,1.00000000000000000,-0.000000000
4,6,4096,16777216,134217728,1,cycle,insertion,736,134217728,1.00000000000000000,-0.000000000
4,6,4096,16777216,134217728,1,cycle,insertion,737,134217728,1.00000000000000000,-0.000000000
4,6,4096,16777216,134217728,1,cycle,insertion,738,134217728,1.00000000000000000,-0.000000000
4,6,4096,16777216,134217728,1,cycle,insertion,739,134217728,1.00000000000000000,-0.000000000
4,6,4096,16777216,134217728,1,cycle,insertion,740,134217728,1.00000000000000000,-0.000000000
4,6,4096,16777216,134217728,1,cycle,insertion,741,134217728,1.00000000000000000,-0.000000000
4,6,4096,16777216,134217728,1,cycle,insertion,742,134217728,1.00000000000000000,-0.000000000
4,6,4096,16777216,134217728,1,cycle,insertion,743,134217728,1.00000000000000000,-0.000000000
4,6,4096,16777216,134217728,1,cycle,insertion,744,134217728,1.00000000000000000,-0.000000000
4,6,4096,16777216,134217728,1,cycle,insertion,745,134217728,1.00000000000000000,-0.000000000
4,6,4096,16777216,134217728,1,cycle,insertion,746,134217728,1.00000000000000000,-0.000000000
4,6,4096,16777216,134217728,1,cycle,insertion,747,134217728,1.00000000000000000,-0.000000000
4,6,4096,16777216,134217728,1,cycle,insertion,748,134217728,1.00000000000000000,-0.000000000
4,6,4096,16777216,134217728,1,cycle,insertion,749,134217728,1.00000000000000000,-0.000000000
4,6,4096,16777216,134217728,1,cycle,insertion,750,134217728,1.00000000000000000,-0.000000000
4,6,4096,16777216,134217728,1,cycle,insertion,751,134217728,1.00000000000000000,-0.000000000
4,6,4096,16777216,134217728,1,cycle,insertion,752,134217728,1.00000000000000000,-0.000000000
4,6,4096,16777216,134217728,1,cycle,insertion,753,134217728,1.00000000000000000,-0.000000000
4,6,4096,16777216,134217728,1,cycle,insertion,754,134217728,1.00000000000000000,-0.000000000
4,6,4096,16777216,134217728,1,cycle,insertion,755,134217728,1.00000000000000000,-0.000000000
4,6,4096,16777216,134217728,1,cycle,insertion,756,134217728,1.00000000000000000,-0.000000000
4,6,4096,16777216,134217728,1,cycle,insertion,757,134217728,1.00000000000000000,-0.000000000
4,6,4096,16777216,134217728,1,cycle,insertion,758,134217728,1.00000000000000000,-0.000000000
4,6,4096,16777216,134217728,1,cycle,insertion,759,134217728,1.00000000000000000,-0.000000000
4,6,4096,16777216,134217728,1,cycle,insertion,760,134217728,1.00000000000000000,-0.000000000
4,6,4096,16777216,134217728,1,cycle,insertion,761,134217728,1.00000000000000000,-0.000000000
4,6,4096,16777216,134217728,1,cycle,insertion,762,134217728,1.00000000000000000,-0.000000000
4,6,4096,16777216,134217728,1,cycle,insertion,763,134217728,1.00000000000000000,-0.000000000
4,6,4096,16777216,134217728,1,cycle,insertion,764,134217728,1.00000000000000000,-0.000000000
4,6,4096,16777216,134217728,1,cycle,insertion,765,134217728,1.00000000000000000,-0.000000000
4,6,4096,16777216,134217728,1,cycle,insertion,766,134217728,1.00000000000000000,-0.000000000
4,6,4096,16777216,134217728,1,cycle,insertion,767,134217728,1.00000000000000000,-0.000000000
4,6,4096,16777216,134217728,1,cycle,insertion,768,134217728,1.00000000000000000,-0.000000000
4,6,4096,16777216,134217728,1,cycle,insertion,769,134217728,1.00000000000000000,-0.000000000
4,6,4096,16777216,134217728,1,cycle,insertion,770,134217728,1.00000000000000000,-0.000000000
4,6,4096,16777216,134217728,1,cycle,insertion,771,134217728,1.00000000000000000,-0.000000000
4,6,4096,16777216,134217728,1,cycle,insertion,772,134217728,1.00000000000000000,-0.000000000
4,6,4096,16777216,134217728,1,cycle,insertion,773,134217728,1.00000000000000000,-0.000000000
4,6,4096,16777216,134217728,1,cycle,insertion,774,134217728,1.00000000000000000,-0.000000000
4,6,4096,16777216,134217728,1,cycle,insertion,775,134217728,1.00000000000000000,-0.000000000
4,6,4096,16777216,134217728,1,cycle,insertion,776,134217728,1.00000000000000000,-0.000000000
4,6,4096,16777216,134217728,1,cycle,insertion,777,134217728,1.00000000000000000,-0.000000000
4,6,4096,16777216,134217728,1,cycle,insertion,778,134217728,1.00000000000000000,-0.000000000
4,6,4096,16777216,134217728,1,cycle,insertion,779,134217728,1.00000000000000000,-0.000000000
4,6,4096,16777216,134217728,1,cycle,insertion,780,134217728,1.00000000000000000,-0.000000000
4,6,4096,16777216,134217728,1,cycle,insertion,781,134217728,1.00000000000000000,-0.000000000
4,6,4096,16777216,134217728,1,cycle,insertion,782,134217728,1.00000000000000000,-0.000000000
4,6,4096,16777216,134217728,1,cycle,insertion,783,134217728,1.00000000000000000,-0.000000000
4,6,4096,16777216,134217728,1,cycle,insertion,784,134217728,1.00000000000000000,-0.000000000
4,6,4096,16777216,134217728,1,cycle,insertion,785,134217728,1.00000000000000000,-0.000000000
4,6,4096,16777216,134217728,1,cycle,insertion,786,134217728,1.00000000000000000,-0.000000000
4,6,4096,16777216,134217728,1,cycle,insertion,787,134217728,1.00000000000000000,-0.000000000
4,6,4096,16777216,134217728,1,cycle,insertion,788,134217728,1.00000000000000000,-0.000000000
4,6,4096,16777216,134217728,1,cycle,insertion,789,134217728,1.00000000000000000,-0.000000000
4,6,4096,16777216,134217728,1,cycle,insertion,790,134217728,1.00000000000000000,-0.000000000
4,6,4096,16777216,134217728,1,cycle,insertion,791,134217728,1.00000000000000000,-0.000000000
4,6,4096,16777216,134217728,1,cycle,insertion,792,134217728,1.00000000000000000,-0.000000000
4,6,4096,16777216,134217728,1,cycle,insertion,793,134217728,1.00000000000000000,-0.000000000
4,6,4096,16777216,134217728,1,cycle,insertion,794,134217728,1.00000000000000000,-0.000000000
4,6,4096,16777216,134217728,1,cycle,insertion,795,134217728,1.00000000000000000,-0.000000000
4,6,4096,16777216,134217728,1,cycle,insertion,796,134217728,1.00000000000000000,-0.000000000
4,6,4096,16777216,134217728,1,cycle,insertion,797,134217728,1.00000000000000000,-0.000000000
4,6,4096,16777216,134217728,1,cycle,insertion,798,134217728,1.00000000000000000,-0.000000000
4,6,4096,16777216,134217728,1,cycle,insertion,799,134217728,1.00000000000000000,-0.000000000
4,6,4096,16777216,134217728,1,cycle,insertion,800,134217728,1.00000000000000000,-0.000000000
4,6,4096,16777216,134217728,1,cycle,insertion,801,134217728,1.00000000000000000,-0.000000000
4,6,4096,16777216,134217728,1,cycle,insertion,802,134217728,1.00000000000000000,-0.000000000
4,6,4096,16777216,134217728,1,cycle,insertion,803,134217728,1.00000000000000000,-0.000000000
4,6,4096,16777216,134217728,1,cycle,insertion,804,134217728,1.00000000000000000,-0.000000000
4,6,4096,16777216,134217728,1,cycle,insertion,805,134217728,1.00000000000000000,-0.000000000
4,6,4096,16777216,134217728,1,cycle,insertion,806,134217728,1.00000000000000000,-0.000000000
4,6,4096,16777216,134217728,1,cycle,insertion,807,134217728,1.00000000000000000,-0.000000000
4,6,4096,16777216,134217728,1,cycle,insertion,808,134217728,1.00000000000000000,-0.000000000
4,6,4096,16777216,134217728,1,cycle,insertion,809,134217728,1.00000000000000000,-0.000000000
4,6,4096,16777216,134217728,1,cycle,insertion,810,134217728,1.00000000000000000,-0.000000000
4,6,4096,16777216,134217728,1,cycle,insertion,811,134217728,1.00000000000000000,-0.000000000
4,6,4096,16777216,134217728,1,cycle,insertion,812,134217728,1.00000000000000000,-0.000000000
4,6,4096,16777216,134217728,1,cycle,insertion,813,134217728,1.00000000000000000,-0.000000000
4,6,4096,16777216,134217728,1,cycle,insertion,814,134217728,1.00000000000000000,-0.000000000
4,6,4096,16777216,134217728,1,cycle,insertion,815,134217728,1.00000000000000000,-0.000000000
4,6,4096,16777216,134217728,1,cycle,insertion,816,134217728,1.00000000000000000,-0.000000000
4,6,4096,16777216,134217728,1,cycle,insertion,817,134217728,1.00000000000000000,-0.000000000
4,6,4096,16777216,134217728,1,cycle,insertion,818,134217728,1.00000000000000000,-0.000000000
4,6,4096,16777216,134217728,1,cycle,insertion,819,134217728,1.00000000000000000,-0.000000000
4,6,4096,16777216,134217728,1,cycle,insertion,820,134217728,1.00000000000000000,-0.000000000
4,6,4096,16777216,134217728,1,cycle,insertion,821,134217728,1.00000000000000000,-0.000000000
4,6,4096,16777216,134217728,1,cycle,insertion,822,134217728,1.00000000000000000,-0.000000000
4,6,4096,16777216,134217728,1,cycle,insertion,823,134217728,1.00000000000000000,-0.000000000
4,6,4096,16777216,134217728,1,cycle,insertion,824,134217728,1.00000000000000000,-0.000000000
4,6,4096,16777216,134217728,1,cycle,insertion,825,134217728,1.00000000000000000,-0.000000000
4,6,4096,16777216,134217728,1,cycle,insertion,826,134217728,1.00000000000000000,-0.000000000
4,6,4096,16777216,134217728,1,cycle,insertion,827,134217728,1.00000000000000000,-0.000000000
4,6,4096,16777216,134217728,1,cycle,insertion,828,134217728,1.00000000000000000,-0.000000000
4,6,4096,16777216,134217728,1,cycle,insertion,829,134217728,1.00000000000000000,-0.000000000
4,6,4096,16777216,134217728,1,cycle,insertion,830,134217728,1.00000000000000000,-0.000000000
4,6,4096,16777216,134217728,1,cycle,insertion,831,134217728,1.00000000000000000,-0.000000000
4,6,4096,16777216,134217728,1,cycle,insertion,832,134217728,1.00000000000000000,-0.000000000
4,6,4096,16777216,134217728,1,cycle,insertion,833,134217728,1.00000000000000000,-0.000000000
4,6,4096,16777216,134217728,1,cycle,insertion,834,134217728,1.00000000000000000,-0.000000000
4,6,4096,16777216,134217728,1,cycle,insertion,835,134217728,1.00000000000000000,-0.000000000
4,6,4096,16777216,134217728,1,cycle,insertion,836,134217728,1.00000000000000000,-0.000000000
4,6,4096,16777216,134217728,1,cycle,insertion,837,134217728,1.00000000000000000,-0.000000000
4,6,4096,16777216,134217728,1,cycle,insertion,838,134217728,1.00000000000000000,-0.000000000
4,6,4096,16777216,134217728,1,cycle,insertion,839,134217728,1.00000000000000000,-0.000000000
4,6,4096,16777216,134217728,1,cycle,insertion,840,134217728,1.00000000000000000,-0.000000000
4,6,4096,16777216,134217728,1,cycle,insertion,841,134217728,1.00000000000000000,-0.000000000
4,6,4096,16777216,134217728,1,cycle,insertion,842,134217728,1.00000000000000000,-0.000000000
4,6,4096,16777216,134217728,1,cycle,insertion,843,134217728,1.00000000000000000,-0.000000000
4,6,4096,16777216,134217728,1,cycle,insertion,844,134217728,1.00000000000000000,-0.000000000
4,6,4096,16777216,134217728,1,cycle,insertion,845,134217728,1.00000000000000000,-0.000000000
4,6,4096,16777216,134217728,1,cycle,insertion,846,134217728,1.00000000000000000,-0.000000000
4,6,4096,16777216,134217728,1,cycle,insertion,847,134217728,1.00000000000000000,-0.000000000
4,6,4096,16777216,134217728,1,cycle,insertion,848,134217728,1.00000000000000000,-0.000000000
4,6,4096,16777216,134217728,1,cycle,insertion,849,134217728,1.00000000000000000,-0.000000000
4,6,4096,16777216,134217728,1,cycle,insertion,850,134217728,1.00000000000000000,-0.000000000
4,6,4096,16777216,134217728,1,cycle,insertion,851,134217728,1.00000000000000000,-0.000000000
4,6,4096,16777216,134217728,1,cycle,insertion,852,134217728,1.00000000000000000,-0.000000000
4,6,4096,16777216,134217728,1,cycle,insertion,853,134217728,1.00000000000000000,-0.000000000
4,6,4096,16777216,134217728,1,cycle,insertion,854,134217728,1.00000000000000000,-0.000000000
4,6,4096,16777216,134217728,1,cycle,insertion,855,134217728,1.00000000000000000,-0.000000000
4,6,4096,16777216,134217728,1,cycle,insertion,856,134217728,1.00000000000000000,-0.000000000
4,6,4096,16777216,134217728,1,cycle,insertion,857,134217728,1.00000000000000000,-0.000000000
4,6,4096,16777216,134217728,1,cycle,insertion,858,134217728,1.00000000000000000,-0.000000000
4,6,4096,16777216,134217728,1,cycle,insertion,859,134217728,1.00000000000000000,-0.000000000
4,6,4096,16777216,134217728,1,cycle,insertion,860,134217728,1.00000000000000000,-0.000000000
4,6,4096,16777216,134217728,1,cycle,insertion,861,134217728,1.00000000000000000,-0.000000000
4,6,4096,16777216,134217728,1,cycle,insertion,862,134217728,1.00000000000000000,-0.000000000
4,6,4096,16777216,134217728,1,cycle,insertion,863,134217728,1.00000000000000000,-0.000000000
4,6,4096,16777216,134217728,1,cycle,insertion,864,134217728,1.00000000000000000,-0.000000000
4,6,4096,16777216,134217728,1,cycle,insertion,865,134217728,1.00000000000000000,-0.000000000
4,6,4096,16777216,134217728,1,cycle,insertion,866,134217728,1.00000000000000000,-0.000000000
4,6,4096,16777216,134217728,1,cycle,insertion,867,134217728,1.00000000000000000,-0.000000000
4,6,4096,16777216,134217728,1,cycle,insertion,868,134217728,1.00000000000000000,-0.000000000
4,6,4096,16777216,134217728,1,cycle,insertion,869,134217728,1.00000000000000000,-0.000000000
4,6,4096,16777216,134217728,1,cycle,insertion,870,134217728,1.00000000000000000,-0.000000000
4,6,4096,16777216,134217728,1,cycle,insertion,871,134217728,1.00000000000000000,-0.000000000
4,6,4096,16777216,134217728,1,cycle,insertion,872,134217728,1.00000000000000000,-0.000000000
4,6,4096,16777216,134217728,1,cycle,insertion,873,134217728,1.00000000000000000,-0.000000000
4,6,4096,16777216,134217728,1,cycle,insertion,874,134217728,1.00000000000000000,-0.000000000
4,6,4096,16777216,134217728,1,cycle,insertion,875,134217728,1.00000000000000000,-0.000000000
4,6,4096,16777216,134217728,1,cycle,insertion,876,134217728,1.00000000000000000,-0.000000000
4,6,4096,16777216,134217728,1,cycle,insertion,877,134217728,1.00000000000000000,-0.000000000
4,6,4096,16777216,134217728,1,cycle,insertion,878,134217728,1.00000000000000000,-0.000000000
4,6,4096,16777216,134217728,1,cycle,insertion,879,134217728,1.00000000000000000,-0.000000000
4,6,4096,16777216,134217728,1,cycle,insertion,880,134217728,1.00000000000000000,-0.000000000
4,6,4096,16777216,134217728,1,cycle,insertion,881,134217728,1.00000000000000000,-0.000000000
4,6,4096,16777216,134217728,1,cycle,insertion,882,134217728,1.00000000000000000,-0.000000000
4,6,4096,16777216,134217728,1,cycle,insertion,883,134217728,1.00000000000000000,-0.000000000
4,6,4096,16777216,134217728,1,cycle,insertion,884,134217728,1.00000000000000000,-0.000000000
4,6,4096,16777216,134217728,1,cycle,insertion,885,134217728,1.00000000000000000,-0.000000000
4,6,4096,16777216,134217728,1,cycle,insertion,886,134217728,1.00000000000000000,-0.000000000
4,6,4096,16777216,134217728,1,cycle,insertion,887,134217728,1.00000000000000000,-0.000000000
4,6,4096,16777216,134217728,1,cycle,insertion,888,134217728,1.00000000000000000,-0.000000000
4,6,4096,16777216,134217728,1,cycle,insertion,889,134217728,1.00000000000000000,-0.000000000
4,6,4096,16777216,134217728,1,cycle,insertion,890,134217728,1.00000000000000000,-0.000000000
4,6,4096,16777216,134217728,1,cycle,insertion,891,134217728,1.00000000000000000,-0.000000000
4,6,4096,16777216,134217728,1,cycle,insertion,892,134217728,1.00000000000000000,-0.000000000
4,6,4096,16777216,134217728,1,cycle,insertion,893,134217728,1.00000000000000000,-0.000000000
4,6,4096,16777216,134217728,1,cycle,insertion,894,134217728,1.00000000000000000,-0.000000000
4,6,4096,16777216,134217728,1,cycle,insertion,895,134217728,1.00000000000000000,-0.000000000
4,6,4096,16777216,134217728,1,cycle,insertion,896,134217728,1.00000000000000000,-0.000000000
4,6,4096,16777216,134217728,1,cycle,insertion,897,134217728,1.00000000000000000,-0.000000000
4,6,4096,16777216,134217728,1,cycle,insertion,898,134217728,1.00000000000000000,-0.000000000
4,6,4096,16777216,134217728,1,cycle,insertion,899,134217728,1.00000000000000000,-0.000000000
4,6,4096,16777216,134217728,1,cycle,insertion,900,134217728,1.00000000000000000,-0.000000000
4,6,4096,16777216,134217728,1,cycle,insertion,901,134217728,1.00000000000000000,-0.000000000
4,6,4096,16777216,134217728,1,cycle,insertion,902,134217728,1.00000000000000000,-0.000000000
4,6,4096,16777216,134217728,1,cycle,insertion,903,134217728,1.00000000000000000,-0.000000000
4,6,4096,16777216,134217728,1,cycle,insertion,904,134217728,1.00000000000000000,-0.000000000
4,6,4096,16777216,134217728,1,cycle,insertion,905,134217728,1.00000000000000000,-0.000000000
4,6,4096,16777216,134217728,1,cycle,insertion,906,134217728,1.00000000000000000,-0.000000000
4,6,4096,16777216,134217728,1,cycle,insertion,907,134217728,1.00000000000000000,-0.000000000
4,6,4096,16777216,134217728,1,cycle,insertion,908,134217728,1.00000000000000000,-0.000000000
4,6,4096,16777216,134217728,1,cycle,insertion,909,134217728,1.00000000000000000,-0.000000000
4,6,4096,16777216,134217728,1,cycle,insertion,910,134217728,1.00000000000000000,-0.000000000
4,6,4096,16777216,134217728,1,cycle,insertion,911,134217728,1.00000000000000000,-0.000000000
4,6,4096,16777216,134217728,1,cycle,insertion,912,134217728,1.00000000000000000,-0.000000000
4,6,4096,16777216,134217728,1,cycle,insertion,913,134217728,1.00000000000000000,-0.000000000
4,6,4096,16777216,134217728,1,cycle,insertion,914,134217728,1.00000000000000000,-0.000000000
4,6,4096,16777216,134217728,1,cycle,insertion,915,134217728,1.00000000000000000,-0.000000000
4,6,4096,16777216,134217728,1,cycle,insertion,916,134217728,1.00000000000000000,-0.000000000
4,6,4096,16777216,134217728,1,cycle,insertion,917,134217728,1.00000000000000000,-0.000000000
4,6,4096,16777216,134217728,1,cycle,insertion,918,134217728,1.00000000000000000,-0.000000000
4,6,4096,16777216,134217728,1,cycle,insertion,919,134217728,1.00000000000000000,-0.000000000
4,6,4096,16777216,134217728,1,cycle,insertion,920,134217728,1.00000000000000000,-0.000000000
4,6,4096,16777216,134217728,1,cycle,insertion,921,134217728,1.00000000000000000,-0.000000000
4,6,4096,16777216,134217728,1,cycle,insertion,922,134217728,1.00000000000000000,-0.000000000
4,6,4096,16777216,134217728,1,cycle,insertion,923,134217728,1.00000000000000000,-0.000000000
4,6,4096,16777216,134217728,1,cycle,insertion,924,134217728,1.00000000000000000,-0.000000000
4,6,4096,16777216,134217728,1,cycle,insertion,925,134217728,1.00000000000000000,-0.000000000
4,6,4096,16777216,134217728,1,cycle,insertion,926,134217728,1.00000000000000000,-0.000000000
4,6,4096,16777216,134217728,1,cycle,insertion,927,134217728,1.00000000000000000,-0.000000000
4,6,4096,16777216,134217728,1,cycle,insertion,928,134217728,1.00000000000000000,-0.000000000
4,6,4096,16777216,134217728,1,cycle,insertion,929,134217728,1.00000000000000000,-0.000000000
4,6,4096,16777216,134217728,1,cycle,insertion,930,134217728,1.00000000000000000,-0.000000000
4,6,4096,16777216,134217728,1,cycle,insertion,931,134217728,1.00000000000000000,-0.000000000
4,6,4096,16777216,134217728,1,cycle,insertion,932,134217728,1.00000000000000000,-0.000000000
4,6,4096,16777216,134217728,1,cycle,insertion,933,134217728,1.00000000000000000,-0.000000000
4,6,4096,16777216,134217728,1,cycle,insertion,934,134217728,1.00000000000000000,-0.000000000
4,6,4096,16777216,134217728,1,cycle,insertion,935,134217728,1.00000000000000000,-0.000000000
4,6,4096,16777216,134217728,1,cycle,insertion,936,134217728,1.00000000000000000,-0.000000000
4,6,4096,16777216,134217728,1,cycle,insertion,937,134217728,1.00000000000000000,-0.000000000
4,6,4096,16777216,134217728,1,cycle,insertion,938,134217728,1.00000000000000000,-0.000000000
4,6,4096,16777216,134217728,1,cycle,insertion,939,134217728,1.00000000000000000,-0.000000000
4,6,4096,16777216,134217728,1,cycle,insertion,940,134217728,1.00000000000000000,-0.000000000
4,6,4096,16777216,134217728,1,cycle,insertion,941,134217728,1.00000000000000000,-0.000000000
4,6,4096,16777216,134217728,1,cycle,insertion,942,134217728,1.00000000000000000,-0.000000000
4,6,4096,16777216,134217728,1,cycle,insertion,943,134217728,1.00000000000000000,-0.000000000
4,6,4096,16777216,134217728,1,cycle,insertion,944,134217728,1.00000000000000000,-0.000000000
4,6,4096,16777216,134217728,1,cycle,insertion,945,134217728,1.00000000000000000,-0.000000000
4,6,4096,16777216,134217728,1,cycle,insertion,946,134217728,1.00000000000000000,-0.000000000
4,6,4096,16777216,134217728,1,cycle,insertion,947,134217728,1.00000000000000000,-0.000000000
4,6,4096,16777216,134217728,1,cycle,insertion,948,134217728,1.00000000000000000,-0.000000000
4,6,4096,16777216,134217728,1,cycle,insertion,949,134217728,1.00000000000000000,-0.000000000
4,6,4096,16777216,134217728,1,cycle,insertion,950,134217728,1.00000000000000000,-0.000000000
4,6,4096,16777216,134217728,1,cycle,insertion,951,134217728,1.00000000000000000,-0.000000000
4,6,4096,16777216,134217728,1,cycle,insertion,952,134217728,1.00000000000000000,-0.000000000
4,6,4096,16777216,134217728,1,cycle,insertion,953,134217728,1.00000000000000000,-0.000000000
4,6,4096,16777216,134217728,1,cycle,insertion,954,134217728,1.00000000000000000,-0.000000000
4,6,4096,16777216,134217728,1,cycle,insertion,955,134217728,1.00000000000000000,-0.000000000
4,6,4096,16777216,134217728,1,cycle,insertion,956,134217728,1.00000000000000000,-0.000000000
4,6,4096,16777216,134217728,1,cycle,insertion,957,134217728,1.00000000000000000,-0.000000000
4,6,4096,16777216,134217728,1,cycle,insertion,958,134217728,1.00000000000000000,-0.000000000
4,6,4096,16777216,134217728,1,cycle,insertion,959,134217728,1.00000000000000000,-0.000000000
4,6,4096,16777216,134217728,1,cycle,insertion,960,134217728,1.00000000000000000,-0.000000000
4,6,4096,16777216,134217728,1,cycle,insertion,961,134217728,1.00000000000000000,-0.000000000
4,6,4096,16777216,134217728,1,cycle,insertion,962,134217728,1.00000000000000000,-0.000000000
4,6,4096,16777216,134217728,1,cycle,insertion,963,134217728,1.00000000000000000,-0.000000000
4,6,4096,16777216,134217728,1,cycle,insertion,964,134217728,1.00000000000000000,-0.000000000
4,6,4096,16777216,134217728,1,cycle,insertion,965,134217728,1.00000000000000000,-0.000000000
4,6,4096,16777216,134217728,1,cycle,insertion,966,134217728,1.00000000000000000,-0.000000000
4,6,4096,16777216,134217728,1,cycle,insertion,967,134217728,1.00000000000000000,-0.000000000
4,6,4096,16777216,134217728,1,cycle,insertion,968,134217728,1.00000000000000000,-0.000000000
4,6,4096,16777216,134217728,1,cycle,insertion,969,134217728,1.00000000000000000,-0.000000000
4,6,4096,16777216,134217728,1,cycle,insertion,970,134217728,1.00000000000000000,-0.000000000
4,6,4096,16777216,134217728,1,cycle,insertion,971,134217728,1.00000000000000000,-0.000000000
4,6,4096,16777216,134217728,1,cycle,insertion,972,134217728,1.00000000000000000,-0.000000000
4,6,4096,16777216,134217728,1,cycle,insertion,973,134217728,1.00000000000000000,-0.000000000
4,6,4096,16777216,134217728,1,cycle,insertion,974,134217728,1.00000000000000000,-0.000000000
4,6,4096,16777216,134217728,1,cycle,insertion,975,134217728,1.00000000000000000,-0.000000000
4,6,4096,16777216,134217728,1,cycle,insertion,976,134217728,1.00000000000000000,-0.000000000
4,6,4096,16777216,134217728,1,cycle,insertion,977,134217728,1.00000000000000000,-0.000000000
4,6,4096,16777216,134217728,1,cycle,insertion,978,134217728,1.00000000000000000,-0.000000000
4,6,4096,16777216,134217728,1,cycle,insertion,979,134217728,1.00000000000000000,-0.000000000
4,6,4096,16777216,134217728,1,cycle,insertion,980,134217728,1.00000000000000000,-0.000000000
4,6,4096,16777216,134217728,1,cycle,insertion,981,134217728,1.00000000000000000,-0.000000000
4,6,4096,16777216,134217728,1,cycle,insertion,982,134217728,1.00000000000000000,-0.000000000
4,6,4096,16777216,134217728,1,cycle,insertion,983,134217728,1.00000000000000000,-0.000000000
4,6,4096,16777216,134217728,1,cycle,insertion,984,134217728,1.00000000000000000,-0.000000000
4,6,4096,16777216,134217728,1,cycle,insertion,985,134217728,1.00000000000000000,-0.000000000
4,6,4096,16777216,134217728,1,cycle,insertion,986,134217728,1.00000000000000000,-0.000000000
4,6,4096,16777216,134217728,1,cycle,insertion,987,134217728,1.00000000000000000,-0.000000000
4,6,4096,16777216,134217728,1,cycle,insertion,988,134217728,1.00000000000000000,-0.000000000
4,6,4096,16777216,134217728,1,cycle,insertion,989,134217728,1.00000000000000000,-0.000000000
4,6,4096,16777216,134217728,1,cycle,insertion,990,134217728,1.00000000000000000,-0.000000000
4,6,4096,16777216,134217728,1,cycle,insertion,991,134217728,1.00000000000000000,-0.000000000
4,6,4096,16777216,134217728,1,cycle,insertion,992,134217728,1.00000000000000000,-0.000000000
4,6,4096,16777216,134217728,1,cycle,insertion,993,134217728,1.00000000000000000,-0.000000000
4,6,4096,16777216,134217728,1,cycle,insertion,994,134217728,1.00000000000000000,-0.000000000
4,6,4096,16777216,134217728,1,cycle,insertion,995,134217728,1.00000000000000000,-0.000000000
4,6,4096,16777216,134217728,1,cycle,insertion,996,134217728,1.00000000000000000,-0.000000000
4,6,4096,16777216,134217728,1,cycle,insertion,997,134217728,1.00000000000000000,-0.000000000
4,6,4096,16777216,134217728,1,cycle,insertion,998,134217728,1.00000000000000000,-0.000000000
4,6,4096,16777216,134217728,1,cycle,insertion,999,134217728,1.00000000000000000,-0.000000000
4,6,4096,16777216,134217728,1,cycle,insertion,1000,134217728,1.00000000000000000,-0.000000000
4,6,4096,16777216,134217728,1,cycle,insertion,1001,134217728,1.00000000000000000,-0.000000000
4,6,4096,16777216,134217728,1,cycle,insertion,1002,134217728,1.00000000000000000,-0.000000000
4,6,4096,16777216,134217728,1,cycle,insertion,1003,134217728,1.00000000000000000,-0.000000000
4,6,4096,16777216,134217728,1,cycle,insertion,1004,134217728,1.00000000000000000,-0.000000000
4,6,4096,16777216,134217728,1,cycle,insertion,1005,134217728,1.00000000000000000,-0.000000000
4,6,4096,16777216,134217728,1,cycle,insertion,1006,134217728,1.00000000000000000,-0.000000000
4,6,4096,16777216,134217728,1,cycle,insertion,1007,134217728,1.00000000000000000,-0.000000000
4,6,4096,16777216,134217728,1,cycle,insertion,1008,134217728,1.00000000000000000,-0.000000000
4,6,4096,16777216,134217728,1,cycle,insertion,1009,134217728,1.00000000000000000,-0.000000000
4,6,4096,16777216,134217728,1,cycle,insertion,1010,134217728,1.00000000000000000,-0.000000000
4,6,4096,16777216,134217728,1,cycle,insertion,1011,134217728,1.00000000000000000,-0.000000000
4,6,4096,16777216,134217728,1,cycle,insertion,1012,134217728,1.00000000000000000,-0.000000000
4,6,4096,16777216,134217728,1,cycle,insertion,1013,134217728,1.00000000000000000,-0.000000000
4,6,4096,16777216,134217728,1,cycle,insertion,1014,134217728,1.00000000000000000,-0.000000000
4,6,4096,16777216,134217728,1,cycle,insertion,1015,134217728,1.00000000000000000,-0.000000000
4,6,4096,16777216,134217728,1,cycle,insertion,1016,134217728,1.00000000000000000,-0.000000000
4,6,4096,16777216,134217728,1,cycle,insertion,1017,134217728,1.00000000000000000,-0.000000000
4,6,4096,16777216,134217728,1,cycle,insertion,1018,134217728,1.00000000000000000,-0.000000000
4,6,4096,16777216,134217728,1,cycle,insertion,1019,134217728,1.00000000000000000,-0.000000000
4,6,4096,16777216,134217728,1,cycle,insertion,1020,134217728,1.00000000000000000,-0.000000000
4,6,4096,16777216,134217728,1,cycle,insertion,1021,134217728,1.00000000000000000,-0.000000000
4,6,4096,16777216,134217728,1,cycle,insertion,1022,134217728,1.00000000000000000,-0.000000000
4,6,4096,16777216,134217728,1,cycle,insertion,1023,134217728,1.00000000000000000,-0.000000000
4,6,4096,16777216,134217728,1,cycle,insertion,1024,134217728,1.00000000000000000,-0.000000000
4,6,4096,16777216,134217728,1,cycle,insertion,1025,134217728,1.00000000000000000,-0.000000000
4,6,4096,16777216,134217728,1,cycle,insertion,1026,134217728,1.00000000000000000,-0.000000000
4,6,4096,16777216,134217728,1,cycle,insertion,1027,134217728,1.00000000000000000,-0.000000000
4,6,4096,16777216,134217728,1,cycle,insertion,1028,134217728,1.00000000000000000,-0.000000000
4,6,4096,16777216,134217728,1,cycle,insertion,1029,134217728,1.00000000000000000,-0.000000000
4,6,4096,16777216,134217728,1,cycle,insertion,1030,134217728,1.00000000000000000,-0.000000000
4,6,4096,16777216,134217728,1,cycle,insertion,1031,134217728,1.00000000000000000,-0.000000000
4,6,4096,16777216,134217728,1,cycle,insertion,1032,134217728,1.00000000000000000,-0.000000000
4,6,4096,16777216,134217728,1,cycle,insertion,1033,134217728,1.00000000000000000,-0.000000000
4,6,4096,16777216,134217728,1,cycle,insertion,1034,134217728,1.00000000000000000,-0.000000000
4,6,4096,16777216,134217728,1,cycle,insertion,1035,134217728,1.00000000000000000,-0.000000000
4,6,4096,16777216,134217728,1,cycle,insertion,1036,134217728,1.00000000000000000,-0.000000000
4,6,4096,16777216,134217728,1,cycle,insertion,1037,134217728,1.00000000000000000,-0.000000000
4,6,4096,16777216,134217728,1,cycle,insertion,1038,134217728,1.00000000000000000,-0.000000000
4,6,4096,16777216,134217728,1,cycle,insertion,1039,134217728,1.00000000000000000,-0.000000000
4,6,4096,16777216,134217728,1,cycle,insertion,1040,134217728,1.00000000000000000,-0.000000000
4,6,4096,16777216,134217728,1,cycle,insertion,1041,134217728,1.00000000000000000,-0.000000000
4,6,4096,16777216,134217728,1,cycle,insertion,1042,134217728,1.00000000000000000,-0.000000000
4,6,4096,16777216,134217728,1,cycle,insertion,1043,134217728,1.00000000000000000,-0.000000000
4,6,4096,16777216,134217728,1,cycle,insertion,1044,134217728,1.00000000000000000,-0.000000000
4,6,4096,16777216,134217728,1,cycle,insertion,1045,134217728,1.00000000000000000,-0.000000000
4,6,4096,16777216,134217728,1,cycle,insertion,1046,134217728,1.00000000000000000,-0.000000000
4,6,4096,16777216,134217728,1,cycle,insertion,1047,134217728,1.00000000000000000,-0.000000000
4,6,4096,16777216,134217728,1,cycle,insertion,1048,134217728,1.00000000000000000,-0.000000000
4,6,4096,16777216,134217728,1,cycle,insertion,1049,134217728,1.00000000000000000,-0.000000000
4,6,4096,16777216,134217728,1,cycle,insertion,1050,134217728,1.00000000000000000,-0.000000000
4,6,4096,16777216,134217728,1,cycle,insertion,1051,134217728,1.00000000000000000,-0.000000000
4,6,4096,16777216,134217728,1,cycle,insertion,1052,134217728,1.00000000000000000,-0.000000000
4,6,4096,16777216,134217728,1,cycle,insertion,1053,134217728,1.00000000000000000,-0.000000000
4,6,4096,16777216,134217728,1,cycle,insertion,1054,134217728,1.00000000000000000,-0.000000000
4,6,4096,16777216,134217728,1,cycle,insertion,1055,134217728,1.00000000000000000,-0.000000000
4,6,4096,16777216,134217728,1,cycle,insertion,1056,134217728,1.00000000000000000,-0.000000000
4,6,4096,16777216,134217728,1,cycle,insertion,1057,134217728,1.00000000000000000,-0.000000000
4,6,4096,16777216,134217728,1,cycle,insertion,1058,134217728,1.00000000000000000,-0.000000000
4,6,4096,16777216,134217728,1,cycle,insertion,1059,134217728,1.00000000000000000,-0.000000000
4,6,4096,16777216,134217728,1,cycle,insertion,1060,134217728,1.00000000000000000,-0.000000000
4,6,4096,16777216,134217728,1,cycle,insertion,1061,134217728,1.00000000000000000,-0.000000000
4,6,4096,16777216,134217728,1,cycle,insertion,1062,134217728,1.00000000000000000,-0.000000000
4,6,4096,16777216,134217728,1,cycle,insertion,1063,134217728,1.00000000000000000,-0.000000000
4,6,4096,16777216,134217728,1,cycle,insertion,1064,134217728,1.00000000000000000,-0.000000000
4,6,4096,16777216,134217728,1,cycle,insertion,1065,134217728,1.00000000000000000,-0.000000000
4,6,4096,16777216,134217728,1,cycle,insertion,1066,134217728,1.00000000000000000,-0.000000000
4,6,4096,16777216,134217728,1,cycle,insertion,1067,134217728,1.00000000000000000,-0.000000000
4,6,4096,16777216,134217728,1,cycle,insertion,1068,134217728,1.00000000000000000,-0.000000000
4,6,4096,16777216,134217728,1,cycle,insertion,1069,134217728,1.00000000000000000,-0.000000000
4,6,4096,16777216,134217728,1,cycle,insertion,1070,134217728,1.00000000000000000,-0.000000000
4,6,4096,16777216,134217728,1,cycle,insertion,1071,134217728,1.00000000000000000,-0.000000000
4,6,4096,16777216,134217728,1,cycle,insertion,1072,134217728,1.00000000000000000,-0.000000000
4,6,4096,16777216,134217728,1,cycle,insertion,1073,134217728,1.00000000000000000,-0.000000000
4,6,4096,16777216,134217728,1,cycle,insertion,1074,134217728,1.00000000000000000,-0.000000000
4,6,4096,16777216,134217728,1,cycle,insertion,1075,134217728,1.00000000000000000,-0.000000000
4,6,4096,16777216,134217728,1,cycle,insertion,1076,134217728,1.00000000000000000,-0.000000000
4,6,4096,16777216,134217728,1,cycle,insertion,1077,134217728,1.00000000000000000,-0.000000000
4,6,4096,16777216,134217728,1,cycle,insertion,1078,134217728,1.00000000000000000,-0.000000000
4,6,4096,16777216,134217728,1,cycle,insertion,1079,134217728,1.00000000000000000,-0.000000000
4,6,4096,16777216,134217728,1,cycle,insertion,1080,134217728,1.00000000000000000,-0.000000000
4,6,4096,16777216,134217728,1,cycle,insertion,1081,134217728,1.00000000000000000,-0.000000000
4,6,4096,16777216,134217728,1,cycle,insertion,1082,134217728,1.00000000000000000,-0.000000000
4,6,4096,16777216,134217728,1,cycle,insertion,1083,134217728,1.00000000000000000,-0.000000000
4,6,4096,16777216,134217728,1,cycle,insertion,1084,134217728,1.00000000000000000,-0.000000000
4,6,4096,16777216,134217728,1,cycle,insertion,1085,134217728,1.00000000000000000,-0.000000000
4,6,4096,16777216,134217728,1,cycle,insertion,1086,134217728,1.00000000000000000,-0.000000000
4,6,4096,16777216,134217728,1,cycle,insertion,1087,134217728,1.00000000000000000,-0.000000000
4,6,4096,16777216,134217728,1,cycle,insertion,1088,134217728,1.00000000000000000,-0.000000000
4,6,4096,16777216,134217728,1,cycle,insertion,1089,134217728,1.00000000000000000,-0.000000000
4,6,4096,16777216,134217728,1,cycle,insertion,1090,134217728,1.00000000000000000,-0.000000000
4,6,4096,16777216,134217728,1,cycle,insertion,1091,134217728,1.00000000000000000,-0.000000000
4,6,4096,16777216,134217728,1,cycle,insertion,1092,134217728,1.00000000000000000,-0.000000000
4,6,4096,16777216,134217728,1,cycle,insertion,1093,134217728,1.00000000000000000,-0.000000000
4,6,4096,16777216,134217728,1,cycle,insertion,1094,134217728,1.00000000000000000,-0.000000000
4,6,4096,16777216,134217728,1,cycle,insertion,1095,134217728,1.00000000000000000,-0.000000000
4,6,4096,16777216,134217728,1,cycle,insertion,1096,134217728,1.00000000000000000,-0.000000000
4,6,4096,16777216,134217728,1,cycle,insertion,1097,134217728,1.00000000000000000,-0.000000000
4,6,4096,16777216,134217728,1,cycle,insertion,1098,134217728,1.00000000000000000,-0.000000000
4,6,4096,16777216,134217728,1,cycle,insertion,1099,134217728,1.00000000000000000,-0.000000000
4,6,4096,16777216,134217728,1,cycle,insertion,1100,134217728,1.00000000000000000,-0.000000000
4,6,4096,16777216,134217728,1,cycle,insertion,1101,134217728,1.00000000000000000,-0.000000000
4,6,4096,16777216,134217728,1,cycle,insertion,1102,134217728,1.00000000000000000,-0.000000000
4,6,4096,16777216,134217728,1,cycle,insertion,1103,134217728,1.00000000000000000,-0.000000000
4,6,4096,16777216,134217728,1,cycle,insertion,1104,134217728,1.00000000000000000,-0.000000000
4,6,4096,16777216,134217728,1,cycle,insertion,1105,134217728,1.00000000000000000,-0.000000000
4,6,4096,16777216,134217728,1,cycle,insertion,1106,134217728,1.00000000000000000,-0.000000000
4,6,4096,16777216,134217728,1,cycle,insertion,1107,134217728,1.00000000000000000,-0.000000000
4,6,4096,16777216,134217728,1,cycle,insertion,1108,134217728,1.00000000000000000,-0.000000000
4,6,4096,16777216,134217728,1,cycle,insertion,1109,134217728,1.00000000000000000,-0.000000000
4,6,4096,16777216,134217728,1,cycle,insertion,1110,134217728,1.00000000000000000,-0.000000000
4,6,4096,16777216,134217728,1,cycle,insertion,1111,134217728,1.00000000000000000,-0.000000000
4,6,4096,16777216,134217728,1,cycle,insertion,1112,134217728,1.00000000000000000,-0.000000000
4,6,4096,16777216,134217728,1,cycle,insertion,1113,134217728,1.00000000000000000,-0.000000000
4,6,4096,16777216,134217728,1,cycle,insertion,1114,134217728,1.00000000000000000,-0.000000000
4,6,4096,16777216,134217728,1,cycle,insertion,1115,134217728,1.00000000000000000,-0.000000000
4,6,4096,16777216,134217728,1,cycle,insertion,1116,134217728,1.00000000000000000,-0.000000000
4,6,4096,16777216,134217728,1,cycle,insertion,1117,134217728,1.00000000000000000,-0.000000000
4,6,4096,16777216,134217728,1,cycle,insertion,1118,134217728,1.00000000000000000,-0.000000000
4,6,4096,16777216,134217728,1,cycle,insertion,1119,134217728,1.00000000000000000,-0.000000000
4,6,4096,16777216,134217728,1,cycle,insertion,1120,134217728,1.00000000000000000,-0.000000000
4,6,4096,16777216,134217728,1,cycle,insertion,1121,134217728,1.00000000000000000,-0.000000000
4,6,4096,16777216,134217728,1,cycle,insertion,1122,134217728,1.00000000000000000,-0.000000000
4,6,4096,16777216,134217728,1,cycle,insertion,1123,134217728,1.00000000000000000,-0.000000000
4,6,4096,16777216,134217728,1,cycle,insertion,1124,134217728,1.00000000000000000,-0.000000000
4,6,4096,16777216,134217728,1,cycle,insertion,1125,134217728,1.00000000000000000,-0.000000000
4,6,4096,16777216,134217728,1,cycle,insertion,1126,134217728,1.00000000000000000,-0.000000000
4,6,4096,16777216,134217728,1,cycle,insertion,1127,134217728,1.00000000000000000,-0.000000000
4,6,4096,16777216,134217728,1,cycle,insertion,1128,134217728,1.00000000000000000,-0.000000000
4,6,4096,16777216,134217728,1,cycle,insertion,1129,134217728,1.00000000000000000,-0.000000000
4,6,4096,16777216,134217728,1,cycle,insertion,1130,134217728,1.00000000000000000,-0.000000000
4,6,4096,16777216,134217728,1,cycle,insertion,1131,134217728,1.00000000000000000,-0.000000000
4,6,4096,16777216,134217728,1,cycle,insertion,1132,134217728,1.00000000000000000,-0.000000000
4,6,4096,16777216,134217728,1,cycle,insertion,1133,134217728,1.00000000000000000,-0.000000000
4,6,4096,16777216,134217728,1,cycle,insertion,1134,134217728,1.00000000000000000,-0.000000000
4,6,4096,16777216,134217728,1,cycle,insertion,1135,134217728,1.00000000000000000,-0.000000000
4,6,4096,16777216,134217728,1,cycle,insertion,1136,134217728,1.00000000000000000,-0.000000000
4,6,4096,16777216,134217728,1,cycle,insertion,1137,134217728,1.00000000000000000,-0.000000000
4,6,4096,16777216,134217728,1,cycle,insertion,1138,134217728,1.00000000000000000,-0.000000000
4,6,4096,16777216,134217728,1,cycle,insertion,1139,134217728,1.00000000000000000,-0.000000000
4,6,4096,16777216,134217728,1,cycle,insertion,1140,134217728,1.00000000000000000,-0.000000000
4,6,4096,16777216,134217728,1,cycle,insertion,1141,134217728,1.00000000000000000,-0.000000000
4,6,4096,16777216,134217728,1,cycle,insertion,1142,134217728,1.00000000000000000,-0.000000000
4,6,4096,16777216,134217728,1,cycle,insertion,1143,134217728,1.00000000000000000,-0.000000000
4,6,4096,16777216,134217728,1,cycle,insertion,1144,134217728,1.00000000000000000,-0.000000000
4,6,4096,16777216,134217728,1,cycle,insertion,1145,134217728,1.00000000000000000,-0.000000000
4,6,4096,16777216,134217728,1,cycle,insertion,1146,134217728,1.00000000000000000,-0.000000000
4,6,4096,16777216,134217728,1,cycle,insertion,1147,134217728,1.00000000000000000,-0.000000000
4,6,4096,16777216,134217728,1,cycle,insertion,1148,134217728,1.00000000000000000,-0.000000000
4,6,4096,16777216,134217728,1,cycle,insertion,1149,134217728,1.00000000000000000,-0.000000000
4,6,4096,16777216,134217728,1,cycle,insertion,1150,134217728,1.00000000000000000,-0.000000000
4,6,4096,16777216,134217728,1,cycle,insertion,1151,134217728,1.00000000000000000,-0.000000000
4,6,4096,16777216,134217728,1,cycle,insertion,1152,134217728,1.00000000000000000,-0.000000000
4,6,4096,16777216,134217728,1,cycle,insertion,1153,134217728,1.00000000000000000,-0.000000000
4,6,4096,16777216,134217728,1,cycle,insertion,1154,134217728,1.00000000000000000,-0.000000000
4,6,4096,16777216,134217728,1,cycle,insertion,1155,134217728,1.00000000000000000,-0.000000000
4,6,4096,16777216,134217728,1,cycle,insertion,1156,134217728,1.00000000000000000,-0.000000000
4,6,4096,16777216,134217728,1,cycle,insertion,1157,134217728,1.00000000000000000,-0.000000000
4,6,4096,16777216,134217728,1,cycle,insertion,1158,134217728,1.00000000000000000,-0.000000000
4,6,4096,16777216,134217728,1,cycle,insertion,1159,134217728,1.00000000000000000,-0.000000000
4,6,4096,16777216,134217728,1,cycle,insertion,1160,134217728,1.00000000000000000,-0.000000000
4,6,4096,16777216,134217728,1,cycle,insertion,1161,134217728,1.00000000000000000,-0.000000000
4,6,4096,16777216,134217728,1,cycle,insertion,1162,134217728,1.00000000000000000,-0.000000000
4,6,4096,16777216,134217728,1,cycle,insertion,1163,134217728,1.00000000000000000,-0.000000000
4,6,4096,16777216,134217728,1,cycle,insertion,1164,134217728,1.00000000000000000,-0.000000000
4,6,4096,16777216,134217728,1,cycle,insertion,1165,134217728,1.00000000000000000,-0.000000000
4,6,4096,16777216,134217728,1,cycle,insertion,1166,134217728,1.00000000000000000,-0.000000000
4,6,4096,16777216,134217728,1,cycle,insertion,1167,134217728,1.00000000000000000,-0.000000000
4,6,4096,16777216,134217728,1,cycle,insertion,1168,134217728,1.00000000000000000,-0.000000000
4,6,4096,16777216,134217728,1,cycle,insertion,1169,134217728,1.00000000000000000,-0.000000000
4,6,4096,16777216,134217728,1,cycle,insertion,1170,134217728,1.00000000000000000,-0.000000000
4,6,4096,16777216,134217728,1,cycle,insertion,1171,134217728,1.00000000000000000,-0.000000000
4,6,4096,16777216,134217728,1,cycle,insertion,1172,134217728,1.00000000000000000,-0.000000000
4,6,4096,16777216,134217728,1,cycle,insertion,1173,134217728,1.00000000000000000,-0.000000000
4,6,4096,16777216,134217728,1,cycle,insertion,1174,134217728,1.00000000000000000,-0.000000000
4,6,4096,16777216,134217728,1,cycle,insertion,1175,134217728,1.00000000000000000,-0.000000000
4,6,4096,16777216,134217728,1,cycle,insertion,1176,134217728,1.00000000000000000,-0.000000000
4,6,4096,16777216,134217728,1,cycle,insertion,1177,134217728,1.00000000000000000,-0.000000000
4,6,4096,16777216,134217728,1,cycle,insertion,1178,134217728,1.00000000000000000,-0.000000000
4,6,4096,16777216,134217728,1,cycle,insertion,1179,134217728,1.00000000000000000,-0.000000000
4,6,4096,16777216,134217728,1,cycle,insertion,1180,134217728,1.00000000000000000,-0.000000000
4,6,4096,16777216,134217728,1,cycle,insertion,1181,134217728,1.00000000000000000,-0.000000000
4,6,4096,16777216,134217728,1,cycle,insertion,1182,134217728,1.00000000000000000,-0.000000000
4,6,4096,16777216,134217728,1,cycle,insertion,1183,134217728,1.00000000000000000,-0.000000000
4,6,4096,16777216,134217728,1,cycle,insertion,1184,134217728,1.00000000000000000,-0.000000000
4,6,4096,16777216,134217728,1,cycle,insertion,1185,134217728,1.00000000000000000,-0.000000000
4,6,4096,16777216,134217728,1,cycle,insertion,1186,134217728,1.00000000000000000,-0.000000000
4,6,4096,16777216,134217728,1,cycle,insertion,1187,134217728,1.00000000000000000,-0.000000000
4,6,4096,16777216,134217728,1,cycle,insertion,1188,134217728,1.00000000000000000,-0.000000000
4,6,4096,16777216,134217728,1,cycle,insertion,1189,134217728,1.00000000000000000,-0.000000000
4,6,4096,16777216,134217728,1,cycle,insertion,1190,134217728,1.00000000000000000,-0.000000000
4,6,4096,16777216,134217728,1,cycle,insertion,1191,134217728,1.00000000000000000,-0.000000000
4,6,4096,16777216,134217728,1,cycle,insertion,1192,134217728,1.00000000000000000,-0.000000000
4,6,4096,16777216,134217728,1,cycle,insertion,1193,134217728,1.00000000000000000,-0.000000000
4,6,4096,16777216,134217728,1,cycle,insertion,1194,134217728,1.00000000000000000,-0.000000000
4,6,4096,16777216,134217728,1,cycle,insertion,1195,134217728,1.00000000000000000,-0.000000000
4,6,4096,16777216,134217728,1,cycle,insertion,1196,134217728,1.00000000000000000,-0.000000000
4,6,4096,16777216,134217728,1,cycle,insertion,1197,134217728,1.00000000000000000,-0.000000000
4,6,4096,16777216,134217728,1,cycle,insertion,1198,134217728,1.00000000000000000,-0.000000000
4,6,4096,16777216,134217728,1,cycle,insertion,1199,134217728,1.00000000000000000,-0.000000000
4,6,4096,16777216,134217728,1,cycle,insertion,1200,134217728,1.00000000000000000,-0.000000000
4,6,4096,16777216,134217728,1,cycle,insertion,1201,134217728,1.00000000000000000,-0.000000000
4,6,4096,16777216,134217728,1,cycle,insertion,1202,134217728,1.00000000000000000,-0.000000000
4,6,4096,16777216,134217728,1,cycle,insertion,1203,134217728,1.00000000000000000,-0.000000000
4,6,4096,16777216,134217728,1,cycle,insertion,1204,134217728,1.00000000000000000,-0.000000000
4,6,4096,16777216,134217728,1,cycle,insertion,1205,134217728,1.00000000000000000,-0.000000000
4,6,4096,16777216,134217728,1,cycle,insertion,1206,134217728,1.00000000000000000,-0.000000000
4,6,4096,16777216,134217728,1,cycle,insertion,1207,134217728,1.00000000000000000,-0.000000000
4,6,4096,16777216,134217728,1,cycle,insertion,1208,134217728,1.00000000000000000,-0.000000000
4,6,4096,16777216,134217728,1,cycle,insertion,1209,134217728,1.00000000000000000,-0.000000000
4,6,4096,16777216,134217728,1,cycle,insertion,1210,134217728,1.00000000000000000,-0.000000000
4,6,4096,16777216,134217728,1,cycle,insertion,1211,134217728,1.00000000000000000,-0.000000000
4,6,4096,16777216,134217728,1,cycle,insertion,1212,134217728,1.00000000000000000,-0.000000000
4,6,4096,16777216,134217728,1,cycle,insertion,1213,134217728,1.00000000000000000,-0.000000000
4,6,4096,16777216,134217728,1,cycle,insertion,1214,134217728,1.00000000000000000,-0.000000000
4,6,4096,16777216,134217728,1,cycle,insertion,1215,134217728,1.00000000000000000,-0.000000000
4,6,4096,16777216,134217728,1,cycle,insertion,1216,134217728,1.00000000000000000,-0.000000000
4,6,4096,16777216,134217728,1,cycle,insertion,1217,134217728,1.00000000000000000,-0.000000000
4,6,4096,16777216,134217728,1,cycle,insertion,1218,134217728,1.00000000000000000,-0.000000000
4,6,4096,16777216,134217728,1,cycle,insertion,1219,134217728,1.00000000000000000,-0.000000000
4,6,4096,16777216,134217728,1,cycle,insertion,1220,134217728,1.00000000000000000,-0.000000000
4,6,4096,16777216,134217728,1,cycle,insertion,1221,134217728,1.00000000000000000,-0.000000000
4,6,4096,16777216,134217728,1,cycle,insertion,1222,134217728,1.00000000000000000,-0.000000000
4,6,4096,16777216,134217728,1,cycle,insertion,1223,134217728,1.00000000000000000,-0.000000000
4,6,4096,16777216,134217728,1,cycle,insertion,1224,134217728,1.00000000000000000,-0.000000000
4,6,4096,16777216,134217728,1,cycle,insertion,1225,134217728,1.00000000000000000,-0.000000000
4,6,4096,16777216,134217728,1,cycle,insertion,1226,134217728,1.00000000000000000,-0.000000000
4,6,4096,16777216,134217728,1,cycle,insertion,1227,134217728,1.00000000000000000,-0.000000000
4,6,4096,16777216,134217728,1,cycle,insertion,1228,134217728,1.00000000000000000,-0.000000000
4,6,4096,16777216,134217728,1,cycle,insertion,1229,134217728,1.00000000000000000,-0.000000000
4,6,4096,16777216,134217728,1,cycle,insertion,1230,134217728,1.00000000000000000,-0.000000000
4,6,4096,16777216,134217728,1,cycle,insertion,1231,134217728,1.00000000000000000,-0.000000000
4,6,4096,16777216,134217728,1,cycle,insertion,1232,134217728,1.00000000000000000,-0.000000000
4,6,4096,16777216,134217728,1,cycle,insertion,1233,134217728,1.00000000000000000,-0.000000000
4,6,4096,16777216,134217728,1,cycle,insertion,1234,134217728,1.00000000000000000,-0.000000000
4,6,4096,16777216,134217728,1,cycle,insertion,1235,134217728,1.00000000000000000,-0.000000000
4,6,4096,16777216,134217728,1,cycle,insertion,1236,134217728,1.00000000000000000,-0.000000000
4,6,4096,16777216,134217728,1,cycle,insertion,1237,134217728,1.00000000000000000,-0.000000000
4,6,4096,16777216,134217728,1,cycle,insertion,1238,134217728,1.00000000000000000,-0.000000000
4,6,4096,16777216,134217728,1,cycle,insertion,1239,134217728,1.00000000000000000,-0.000000000
4,6,4096,16777216,134217728,1,cycle,insertion,1240,134217728,1.00000000000000000,-0.000000000
4,6,4096,16777216,134217728,1,cycle,insertion,1241,134217728,1.00000000000000000,-0.000000000
4,6,4096,16777216,134217728,1,cycle,insertion,1242,134217728,1.00000000000000000,-0.000000000
4,6,4096,16777216,134217728,1,cycle,insertion,1243,134217728,1.00000000000000000,-0.000000000
4,6,4096,16777216,134217728,1,cycle,insertion,1244,134217728,1.00000000000000000,-0.000000000
4,6,4096,16777216,134217728,1,cycle,insertion,1245,134217728,1.00000000000000000,-0.000000000
4,6,4096,16777216,134217728,1,cycle,insertion,1246,134217728,1.00000000000000000,-0.000000000
4,6,4096,16777216,134217728,1,cycle,insertion,1247,134217728,1.00000000000000000,-0.000000000
4,6,4096,16777216,134217728,1,cycle,insertion,1248,134217728,1.00000000000000000,-0.000000000
4,6,4096,16777216,134217728,1,cycle,insertion,1249,134217728,1.00000000000000000,-0.000000000
4,6,4096,16777216,134217728,1,cycle,insertion,1250,134217728,1.00000000000000000,-0.000000000
4,6,4096,16777216,134217728,1,cycle,insertion,1251,134217728,1.00000000000000000,-0.000000000
4,6,4096,16777216,134217728,1,cycle,insertion,1252,134217728,1.00000000000000000,-0.000000000
4,6,4096,16777216,134217728,1,cycle,insertion,1253,134217728,1.00000000000000000,-0.000000000
4,6,4096,16777216,134217728,1,cycle,insertion,1254,134217728,1.00000000000000000,-0.000000000
4,6,4096,16777216,134217728,1,cycle,insertion,1255,134217728,1.00000000000000000,-0.000000000
4,6,4096,16777216,134217728,1,cycle,insertion,1256,134217728,1.00000000000000000,-0.000000000
4,6,4096,16777216,134217728,1,cycle,insertion,1257,134217728,1.00000000000000000,-0.000000000
4,6,4096,16777216,134217728,1,cycle,insertion,1258,134217728,1.00000000000000000,-0.000000000
4,6,4096,16777216,134217728,1,cycle,insertion,1259,134217728,1.00000000000000000,-0.000000000
4,6,4096,16777216,134217728,1,cycle,insertion,1260,134217728,1.00000000000000000,-0.000000000
4,6,4096,16777216,134217728,1,cycle,insertion,1261,134217728,1.00000000000000000,-0.000000000
4,6,4096,16777216,134217728,1,cycle,insertion,1262,134217728,1.00000000000000000,-0.000000000
4,6,4096,16777216,134217728,1,cycle,insertion,1263,134217728,1.00000000000000000,-0.000000000
4,6,4096,16777216,134217728,1,cycle,insertion,1264,134217728,1.00000000000000000,-0.000000000
4,6,4096,16777216,134217728,1,cycle,insertion,1265,134217728,1.00000000000000000,-0.000000000
4,6,4096,16777216,134217728,1,cycle,insertion,1266,134217728,1.00000000000000000,-0.000000000
4,6,4096,16777216,134217728,1,cycle,insertion,1267,134217728,1.00000000000000000,-0.000000000
4,6,4096,16777216,134217728,1,cycle,insertion,1268,134217728,1.00000000000000000,-0.000000000
4,6,4096,16777216,134217728,1,cycle,insertion,1269,134217728,1.00000000000000000,-0.000000000
4,6,4096,16777216,134217728,1,cycle,insertion,1270,134217728,1.00000000000000000,-0.000000000
4,6,4096,16777216,134217728,1,cycle,insertion,1271,134217728,1.00000000000000000,-0.000000000
4,6,4096,16777216,134217728,1,cycle,insertion,1272,134217728,1.00000000000000000,-0.000000000
4,6,4096,16777216,134217728,1,cycle,insertion,1273,134217728,1.00000000000000000,-0.000000000
4,6,4096,16777216,134217728,1,cycle,insertion,1274,134217728,1.00000000000000000,-0.000000000
4,6,4096,16777216,134217728,1,cycle,insertion,1275,134217728,1.00000000000000000,-0.000000000
4,6,4096,16777216,134217728,1,cycle,insertion,1276,134217728,1.00000000000000000,-0.000000000
4,6,4096,16777216,134217728,1,cycle,insertion,1277,134217728,1.00000000000000000,-0.000000000
4,6,4096,16777216,134217728,1,cycle,insertion,1278,134217728,1.00000000000000000,-0.000000000
4,6,4096,16777216,134217728,1,cycle,insertion,1279,134217728,1.00000000000000000,-0.000000000
4,6,4096,16777216,134217728,1,cycle,insertion,1280,134217728,1.00000000000000000,-0.000000000
4,6,4096,16777216,134217728,1,cycle,insertion,1281,134217728,1.00000000000000000,-0.000000000
4,6,4096,16777216,134217728,1,cycle,insertion,1282,134217728,1.00000000000000000,-0.000000000
4,6,4096,16777216,134217728,1,cycle,insertion,1283,134217728,1.00000000000000000,-0.000000000
4,6,4096,16777216,134217728,1,cycle,insertion,1284,134217728,1.00000000000000000,-0.000000000
4,6,4096,16777216,134217728,1,cycle,insertion,1285,134217728,1.00000000000000000,-0.000000000
4,6,4096,16777216,134217728,1,cycle,insertion,1286,134217728,1.00000000000000000,-0.000000000
4,6,4096,16777216,134217728,1,cycle,insertion,1287,134217728,1.00000000000000000,-0.000000000
4,6,4096,16777216,134217728,1,cycle,insertion,1288,134217728,1.00000000000000000,-0.000000000
4,6,4096,16777216,134217728,1,cycle,insertion,1289,134217728,1.00000000000000000,-0.000000000
4,6,4096,16777216,134217728,1,cycle,insertion,1290,134217728,1.00000000000000000,-0.000000000
4,6,4096,16777216,134217728,1,cycle,insertion,1291,134217728,1.00000000000000000,-0.000000000
4,6,4096,16777216,134217728,1,cycle,insertion,1292,134217728,1.00000000000000000,-0.000000000
4,6,4096,16777216,134217728,1,cycle,insertion,1293,134217728,1.00000000000000000,-0.000000000
4,6,4096,16777216,134217728,1,cycle,insertion,1294,134217728,1.00000000000000000,-0.000000000
4,6,4096,16777216,134217728,1,cycle,insertion,1295,134217728,1.00000000000000000,-0.000000000
4,6,4096,16777216,134217728,1,cycle,insertion,1296,134217728,1.00000000000000000,-0.000000000
4,6,4096,16777216,134217728,1,cycle,insertion,1297,134217728,1.00000000000000000,-0.000000000
4,6,4096,16777216,134217728,1,cycle,insertion,1298,134217728,1.00000000000000000,-0.000000000
4,6,4096,16777216,134217728,1,cycle,insertion,1299,134217728,1.00000000000000000,-0.000000000
4,6,4096,16777216,134217728,1,cycle,insertion,1300,134217728,1.00000000000000000,-0.000000000
4,6,4096,16777216,134217728,1,cycle,insertion,1301,134217728,1.00000000000000000,-0.000000000
4,6,4096,16777216,134217728,1,cycle,insertion,1302,134217728,1.00000000000000000,-0.000000000
4,6,4096,16777216,134217728,1,cycle,insertion,1303,134217728,1.00000000000000000,-0.000000000
4,6,4096,16777216,134217728,1,cycle,insertion,1304,134217728,1.00000000000000000,-0.000000000
4,6,4096,16777216,134217728,1,cycle,insertion,1305,134217728,1.00000000000000000,-0.000000000
4,6,4096,16777216,134217728,1,cycle,insertion,1306,134217728,1.00000000000000000,-0.000000000
4,6,4096,16777216,134217728,1,cycle,insertion,1307,134217728,1.00000000000000000,-0.000000000
4,6,4096,16777216,134217728,1,cycle,insertion,1308,134217728,1.00000000000000000,-0.000000000
4,6,4096,16777216,134217728,1,cycle,insertion,1309,134217728,1.00000000000000000,-0.000000000
4,6,4096,16777216,134217728,1,cycle,insertion,1310,134217728,1.00000000000000000,-0.000000000
4,6,4096,16777216,134217728,1,cycle,insertion,1311,134217728,1.00000000000000000,-0.000000000
4,6,4096,16777216,134217728,1,cycle,insertion,1312,134217728,1.00000000000000000,-0.000000000
4,6,4096,16777216,134217728,1,cycle,insertion,1313,134217728,1.00000000000000000,-0.000000000
4,6,4096,16777216,134217728,1,cycle,insertion,1314,134217728,1.00000000000000000,-0.000000000
4,6,4096,16777216,134217728,1,cycle,insertion,1315,134217728,1.00000000000000000,-0.000000000
4,6,4096,16777216,134217728,1,cycle,insertion,1316,134217728,1.00000000000000000,-0.000000000
4,6,4096,16777216,134217728,1,cycle,insertion,1317,134217728,1.00000000000000000,-0.000000000
4,6,4096,16777216,134217728,1,cycle,insertion,1318,134217728,1.00000000000000000,-0.000000000
4,6,4096,16777216,134217728,1,cycle,insertion,1319,134217728,1.00000000000000000,-0.000000000
4,6,4096,16777216,134217728,1,cycle,insertion,1320,134217728,1.00000000000000000,-0.000000000
4,6,4096,16777216,134217728,1,cycle,insertion,1321,134217728,1.00000000000000000,-0.000000000
4,6,4096,16777216,134217728,1,cycle,insertion,1322,134217728,1.00000000000000000,-0.000000000
4,6,4096,16777216,134217728,1,cycle,insertion,1323,134217728,1.00000000000000000,-0.000000000
4,6,4096,16777216,134217728,1,cycle,insertion,1324,134217728,1.00000000000000000,-0.000000000
4,6,4096,16777216,134217728,1,cycle,insertion,1325,134217728,1.00000000000000000,-0.000000000
4,6,4096,16777216,134217728,1,cycle,insertion,1326,134217728,1.00000000000000000,-0.000000000
4,6,4096,16777216,134217728,1,cycle,insertion,1327,134217728,1.00000000000000000,-0.000000000
4,6,4096,16777216,134217728,1,cycle,insertion,1328,134217728,1.00000000000000000,-0.000000000
4,6,4096,16777216,134217728,1,cycle,insertion,1329,134217728,1.00000000000000000,-0.000000000
4,6,4096,16777216,134217728,1,cycle,insertion,1330,134217728,1.00000000000000000,-0.000000000
4,6,4096,16777216,134217728,1,cycle,insertion,1331,134217728,1.00000000000000000,-0.000000000
4,6,4096,16777216,134217728,1,cycle,insertion,1332,134217728,1.00000000000000000,-0.000000000
4,6,4096,16777216,134217728,1,cycle,insertion,1333,134217728,1.00000000000000000,-0.000000000
4,6,4096,16777216,134217728,1,cycle,insertion,1334,134217728,1.00000000000000000,-0.000000000
4,6,4096,16777216,134217728,1,cycle,insertion,1335,134217728,1.00000000000000000,-0.000000000
4,6,4096,16777216,134217728,1,cycle,insertion,1336,134217728,1.00000000000000000,-0.000000000
4,6,4096,16777216,134217728,1,cycle,insertion,1337,134217728,1.00000000000000000,-0.000000000
4,6,4096,16777216,134217728,1,cycle,insertion,1338,134217728,1.00000000000000000,-0.000000000
4,6,4096,16777216,134217728,1,cycle,insertion,1339,134217728,1.00000000000000000,-0.000000000
4,6,4096,16777216,134217728,1,cycle,insertion,1340,134217728,1.00000000000000000,-0.000000000
4,6,4096,16777216,134217728,1,cycle,insertion,1341,134217728,1.00000000000000000,-0.000000000
4,6,4096,16777216,134217728,1,cycle,insertion,1342,134217728,1.00000000000000000,-0.000000000
4,6,4096,16777216,134217728,1,cycle,insertion,1343,134217728,1.00000000000000000,-0.000000000
4,6,4096,16777216,134217728,1,cycle,insertion,1344,134217728,1.00000000000000000,-0.000000000
4,6,4096,16777216,134217728,1,cycle,insertion,1345,134217728,1.00000000000000000,-0.000000000
4,6,4096,16777216,134217728,1,cycle,insertion,1346,134217728,1.00000000000000000,-0.000000000
4,6,4096,16777216,134217728,1,cycle,insertion,1347,134217728,1.00000000000000000,-0.000000000
4,6,4096,16777216,134217728,1,cycle,insertion,1348,134217728,1.00000000000000000,-0.000000000
4,6,4096,16777216,134217728,1,cycle,insertion,1349,134217728,1.00000000000000000,-0.000000000
4,6,4096,16777216,134217728,1,cycle,insertion,1350,134217728,1.00000000000000000,-0.000000000
4,6,4096,16777216,134217728,1,cycle,insertion,1351,134217728,1.00000000000000000,-0.000000000
4,6,4096,16777216,134217728,1,cycle,insertion,1352,134217728,1.00000000000000000,-0.000000000
4,6,4096,16777216,134217728,1,cycle,insertion,1353,134217728,1.00000000000000000,-0.000000000
4,6,4096,16777216,134217728,1,cycle,insertion,1354,134217728,1.00000000000000000,-0.000000000
4,6,4096,16777216,134217728,1,cycle,insertion,1355,134217728,1.00000000000000000,-0.000000000
4,6,4096,16777216,134217728,1,cycle,insertion,1356,134217728,1.00000000000000000,-0.000000000
4,6,4096,16777216,134217728,1,cycle,insertion,1357,134217728,1.00000000000000000,-0.000000000
4,6,4096,16777216,134217728,1,cycle,insertion,1358,134217728,1.00000000000000000,-0.000000000
4,6,4096,16777216,134217728,1,cycle,insertion,1359,134217728,1.00000000000000000,-0.000000000
4,6,4096,16777216,134217728,1,cycle,insertion,1360,134217728,1.00000000000000000,-0.000000000
4,6,4096,16777216,134217728,1,cycle,insertion,1361,134217728,1.00000000000000000,-0.000000000
4,6,4096,16777216,134217728,1,cycle,insertion,1362,134217728,1.00000000000000000,-0.000000000
4,6,4096,16777216,134217728,1,cycle,insertion,1363,134217728,1.00000000000000000,-0.000000000
4,6,4096,16777216,134217728,1,cycle,insertion,1364,134217728,1.00000000000000000,-0.000000000
4,6,4096,16777216,134217728,1,cycle,insertion,1365,134217728,1.00000000000000000,-0.000000000
4,6,4096,16777216,134217728,1,cycle,insertion,1366,134217728,1.00000000000000000,-0.000000000
4,6,4096,16777216,134217728,1,cycle,insertion,1367,134217728,1.00000000000000000,-0.000000000
4,6,4096,16777216,134217728,1,cycle,insertion,1368,134217728,1.00000000000000000,-0.000000000
4,6,4096,16777216,134217728,1,cycle,insertion,1369,134217728,1.00000000000000000,-0.000000000
4,6,4096,16777216,134217728,1,cycle,insertion,1370,134217728,1.00000000000000000,-0.000000000
4,6,4096,16777216,134217728,1,cycle,insertion,1371,134217728,1.00000000000000000,-0.000000000
4,6,4096,16777216,134217728,1,cycle,insertion,1372,134217728,1.00000000000000000,-0.000000000
4,6,4096,16777216,134217728,1,cycle,insertion,1373,134217728,1.00000000000000000,-0.000000000
4,6,4096,16777216,134217728,1,cycle,insertion,1374,134217728,1.00000000000000000,-0.000000000
4,6,4096,16777216,134217728,1,cycle,insertion,1375,134217728,1.00000000000000000,-0.000000000
4,6,4096,16777216,134217728,1,cycle,insertion,1376,134217728,1.00000000000000000,-0.000000000
4,6,4096,16777216,134217728,1,cycle,insertion,1377,134217728,1.00000000000000000,-0.000000000
4,6,4096,16777216,134217728,1,cycle,insertion,1378,134217728,1.00000000000000000,-0.000000000
4,6,4096,16777216,134217728,1,cycle,insertion,1379,134217728,1.00000000000000000,-0.000000000
4,6,4096,16777216,134217728,1,cycle,insertion,1380,134217728,1.00000000000000000,-0.000000000
4,6,4096,16777216,134217728,1,cycle,insertion,1381,134217728,1.00000000000000000,-0.000000000
4,6,4096,16777216,134217728,1,cycle,insertion,1382,134217728,1.00000000000000000,-0.000000000
4,6,4096,16777216,134217728,1,cycle,insertion,1383,134217728,1.00000000000000000,-0.000000000
4,6,4096,16777216,134217728,1,cycle,insertion,1384,134217728,1.00000000000000000,-0.000000000
4,6,4096,16777216,134217728,1,cycle,insertion,1385,134217728,1.00000000000000000,-0.000000000
4,6,4096,16777216,134217728,1,cycle,insertion,1386,134217728,1.00000000000000000,-0.000000000
4,6,4096,16777216,134217728,1,cycle,insertion,1387,134217728,1.00000000000000000,-0.000000000
4,6,4096,16777216,134217728,1,cycle,insertion,1388,134217728,1.00000000000000000,-0.000000000
4,6,4096,16777216,134217728,1,cycle,insertion,1389,134217728,1.00000000000000000,-0.000000000
4,6,4096,16777216,134217728,1,cycle,insertion,1390,134217728,1.00000000000000000,-0.000000000
4,6,4096,16777216,134217728,1,cycle,insertion,1391,134217728,1.00000000000000000,-0.000000000
4,6,4096,16777216,134217728,1,cycle,insertion,1392,134217728,1.00000000000000000,-0.000000000
4,6,4096,16777216,134217728,1,cycle,insertion,1393,134217728,1.00000000000000000,-0.000000000
4,6,4096,16777216,134217728,1,cycle,insertion,1394,134217728,1.00000000000000000,-0.000000000
4,6,4096,16777216,134217728,1,cycle,insertion,1395,134217728,1.00000000000000000,-0.000000000
4,6,4096,16777216,134217728,1,cycle,insertion,1396,134217728,1.00000000000000000,-0.000000000
4,6,4096,16777216,134217728,1,cycle,insertion,1397,134217728,1.00000000000000000,-0.000000000
4,6,4096,16777216,134217728,1,cycle,insertion,1398,134217728,1.00000000000000000,-0.000000000
4,6,4096,16777216,134217728,1,cycle,insertion,1399,134217728,1.00000000000000000,-0.000000000
4,6,4096,16777216,134217728,1,cycle,insertion,1400,134217728,1.00000000000000000,-0.000000000
4,6,4096,16777216,134217728,1,cycle,insertion,1401,134217728,1.00000000000000000,-0.000000000
4,6,4096,16777216,134217728,1,cycle,insertion,1402,134217728,1.00000000000000000,-0.000000000
4,6,4096,16777216,134217728,1,cycle,insertion,1403,134217728,1.00000000000000000,-0.000000000
4,6,4096,16777216,134217728,1,cycle,insertion,1404,134217728,1.00000000000000000,-0.000000000
4,6,4096,16777216,134217728,1,cycle,insertion,1405,134217728,1.00000000000000000,-0.000000000
4,6,4096,16777216,134217728,1,cycle,insertion,1406,134217728,1.00000000000000000,-0.000000000
4,6,4096,16777216,134217728,1,cycle,insertion,1407,134217728,1.00000000000000000,-0.000000000
4,6,4096,16777216,134217728,1,cycle,insertion,1408,134217728,1.00000000000000000,-0.000000000
4,6,4096,16777216,134217728,1,cycle,insertion,1409,134217728,1.00000000000000000,-0.000000000
4,6,4096,16777216,134217728,1,cycle,insertion,1410,134217728,1.00000000000000000,-0.000000000
4,6,4096,16777216,134217728,1,cycle,insertion,1411,134217728,1.00000000000000000,-0.000000000
4,6,4096,16777216,134217728,1,cycle,insertion,1412,134217728,1.00000000000000000,-0.000000000
4,6,4096,16777216,134217728,1,cycle,insertion,1413,134217728,1.00000000000000000,-0.000000000
4,6,4096,16777216,134217728,1,cycle,insertion,1414,134217728,1.00000000000000000,-0.000000000
4,6,4096,16777216,134217728,1,cycle,insertion,1415,134217728,1.00000000000000000,-0.000000000
4,6,4096,16777216,134217728,1,cycle,insertion,1416,134217728,1.00000000000000000,-0.000000000
4,6,4096,16777216,134217728,1,cycle,insertion,1417,134217728,1.00000000000000000,-0.000000000
4,6,4096,16777216,134217728,1,cycle,insertion,1418,134217728,1.00000000000000000,-0.000000000
4,6,4096,16777216,134217728,1,cycle,insertion,1419,134217728,1.00000000000000000,-0.000000000
4,6,4096,16777216,134217728,1,cycle,insertion,1420,134217728,1.00000000000000000,-0.000000000
4,6,4096,16777216,134217728,1,cycle,insertion,1421,134217728,1.00000000000000000,-0.000000000
4,6,4096,16777216,134217728,1,cycle,insertion,1422,134217728,1.00000000000000000,-0.000000000
4,6,4096,16777216,134217728,1,cycle,insertion,1423,134217728,1.00000000000000000,-0.000000000
4,6,4096,16777216,134217728,1,cycle,insertion,1424,134217728,1.00000000000000000,-0.000000000
4,6,4096,16777216,134217728,1,cycle,insertion,1425,134217728,1.00000000000000000,-0.000000000
4,6,4096,16777216,134217728,1,cycle,insertion,1426,134217728,1.00000000000000000,-0.000000000
4,6,4096,16777216,134217728,1,cycle,insertion,1427,134217728,1.00000000000000000,-0.000000000
4,6,4096,16777216,134217728,1,cycle,insertion,1428,134217728,1.00000000000000000,-0.000000000
4,6,4096,16777216,134217728,1,cycle,insertion,1429,134217728,1.00000000000000000,-0.000000000
4,6,4096,16777216,134217728,1,cycle,insertion,1430,134217728,1.00000000000000000,-0.000000000
4,6,4096,16777216,134217728,1,cycle,insertion,1431,134217728,1.00000000000000000,-0.000000000
4,6,4096,16777216,134217728,1,cycle,insertion,1432,134217728,1.00000000000000000,-0.000000000
4,6,4096,16777216,134217728,1,cycle,insertion,1433,134217728,1.00000000000000000,-0.000000000
4,6,4096,16777216,134217728,1,cycle,insertion,1434,134217728,1.00000000000000000,-0.000000000
4,6,4096,16777216,134217728,1,cycle,insertion,1435,134217728,1.00000000000000000,-0.000000000
4,6,4096,16777216,134217728,1,cycle,insertion,1436,134217728,1.00000000000000000,-0.000000000
4,6,4096,16777216,134217728,1,cycle,insertion,1437,134217728,1.00000000000000000,-0.000000000
4,6,4096,16777216,134217728,1,cycle,insertion,1438,134217728,1.00000000000000000,-0.000000000
4,6,4096,16777216,134217728,1,cycle,insertion,1439,134217728,1.00000000000000000,-0.000000000
4,6,4096,16777216,134217728,1,cycle,insertion,1440,134217728,1.00000000000000000,-0.000000000
4,6,4096,16777216,134217728,1,cycle,insertion,1441,134217728,1.00000000000000000,-0.000000000
4,6,4096,16777216,134217728,1,cycle,insertion,1442,134217728,1.00000000000000000,-0.000000000
4,6,4096,16777216,134217728,1,cycle,insertion,1443,134217728,1.00000000000000000,-0.000000000
4,6,4096,16777216,134217728,1,cycle,insertion,1444,134217728,1.00000000000000000,-0.000000000
4,6,4096,16777216,134217728,1,cycle,insertion,1445,134217728,1.00000000000000000,-0.000000000
4,6,4096,16777216,134217728,1,cycle,insertion,1446,134217728,1.00000000000000000,-0.000000000
4,6,4096,16777216,134217728,1,cycle,insertion,1447,134217728,1.00000000000000000,-0.000000000
4,6,4096,16777216,134217728,1,cycle,insertion,1448,134217728,1.00000000000000000,-0.000000000
4,6,4096,16777216,134217728,1,cycle,insertion,1449,134217728,1.00000000000000000,-0.000000000
4,6,4096,16777216,134217728,1,cycle,insertion,1450,134217728,1.00000000000000000,-0.000000000
4,6,4096,16777216,134217728,1,cycle,insertion,1451,134217728,1.00000000000000000,-0.000000000
4,6,4096,16777216,134217728,1,cycle,insertion,1452,134217728,1.00000000000000000,-0.000000000
4,6,4096,16777216,134217728,1,cycle,insertion,1453,134217728,1.00000000000000000,-0.000000000
4,6,4096,16777216,134217728,1,cycle,insertion,1454,134217728,1.00000000000000000,-0.000000000
4,6,4096,16777216,134217728,1,cycle,insertion,1455,134217728,1.00000000000000000,-0.000000000
4,6,4096,16777216,134217728,1,cycle,insertion,1456,134217728,1.00000000000000000,-0.000000000
4,6,4096,16777216,134217728,1,cycle,insertion,1457,134217728,1.00000000000000000,-0.000000000
4,6,4096,16777216,134217728,1,cycle,insertion,1458,134217728,1.00000000000000000,-0.000000000
4,6,4096,16777216,134217728,1,cycle,insertion,1459,134217728,1.00000000000000000,-0.000000000
4,6,4096,16777216,134217728,1,cycle,insertion,1460,134217728,1.00000000000000000,-0.000000000
4,6,4096,16777216,134217728,1,cycle,insertion,1461,134217728,1.00000000000000000,-0.000000000
4,6,4096,16777216,134217728,1,cycle,insertion,1462,134217728,1.00000000000000000,-0.000000000
4,6,4096,16777216,134217728,1,cycle,insertion,1463,134217728,1.00000000000000000,-0.000000000
4,6,4096,16777216,134217728,1,cycle,insertion,1464,134217728,1.00000000000000000,-0.000000000
4,6,4096,16777216,134217728,1,cycle,insertion,1465,134217728,1.00000000000000000,-0.000000000
4,6,4096,16777216,134217728,1,cycle,insertion,1466,134217728,1.00000000000000000,-0.000000000
4,6,4096,16777216,134217728,1,cycle,insertion,1467,134217728,1.00000000000000000,-0.000000000
4,6,4096,16777216,134217728,1,cycle,insertion,1468,134217728,1.00000000000000000,-0.000000000
4,6,4096,16777216,134217728,1,cycle,insertion,1469,134217728,1.00000000000000000,-0.000000000
4,6,4096,16777216,134217728,1,cycle,insertion,1470,134217728,1.00000000000000000,-0.000000000
4,6,4096,16777216,134217728,1,cycle,insertion,1471,134217728,1.00000000000000000,-0.000000000
4,6,4096,16777216,134217728,1,cycle,insertion,1472,134217728,1.00000000000000000,-0.000000000
4,6,4096,16777216,134217728,1,cycle,insertion,1473,134217728,1.00000000000000000,-0.000000000
4,6,4096,16777216,134217728,1,cycle,insertion,1474,134217728,1.00000000000000000,-0.000000000
4,6,4096,16777216,134217728,1,cycle,insertion,1475,134217728,1.00000000000000000,-0.000000000
4,6,4096,16777216,134217728,1,cycle,insertion,1476,134217728,1.00000000000000000,-0.000000000
4,6,4096,16777216,134217728,1,cycle,insertion,1477,134217728,1.00000000000000000,-0.000000000
4,6,4096,16777216,134217728,1,cycle,insertion,1478,134217728,1.00000000000000000,-0.000000000
4,6,4096,16777216,134217728,1,cycle,insertion,1479,134217728,1.00000000000000000,-0.000000000
4,6,4096,16777216,134217728,1,cycle,insertion,1480,134217728,1.00000000000000000,-0.000000000
4,6,4096,16777216,134217728,1,cycle,insertion,1481,134217728,1.00000000000000000,-0.000000000
4,6,4096,16777216,134217728,1,cycle,insertion,1482,134217728,1.00000000000000000,-0.000000000
4,6,4096,16777216,134217728,1,cycle,insertion,1483,134217728,1.00000000000000000,-0.000000000
4,6,4096,16777216,134217728,1,cycle,insertion,1484,134217728,1.00000000000000000,-0.000000000
4,6,4096,16777216,134217728,1,cycle,insertion,1485,134217728,1.00000000000000000,-0.000000000
4,6,4096,16777216,134217728,1,cycle,insertion,1486,134217728,1.00000000000000000,-0.000000000
4,6,4096,16777216,134217728,1,cycle,insertion,1487,134217728,1.00000000000000000,-0.000000000
4,6,4096,16777216,134217728,1,cycle,insertion,1488,134217728,1.00000000000000000,-0.000000000
4,6,4096,16777216,134217728,1,cycle,insertion,1489,134217728,1.00000000000000000,-0.000000000
4,6,4096,16777216,134217728,1,cycle,insertion,1490,134217728,1.00000000000000000,-0.000000000
4,6,4096,16777216,134217728,1,cycle,insertion,1491,134217728,1.00000000000000000,-0.000000000
4,6,4096,16777216,134217728,1,cycle,insertion,1492,134217728,1.00000000000000000,-0.000000000
4,6,4096,16777216,134217728,1,cycle,insertion,1493,134217728,1.00000000000000000,-0.000000000
4,6,4096,16777216,134217728,1,cycle,insertion,1494,134217728,1.00000000000000000,-0.000000000
4,6,4096,16777216,134217728,1,cycle,insertion,1495,134217728,1.00000000000000000,-0.000000000
4,6,4096,16777216,134217728,1,cycle,insertion,1496,134217728,1.00000000000000000,-0.000000000
4,6,4096,16777216,134217728,1,cycle,insertion,1497,134217728,1.00000000000000000,-0.000000000
4,6,4096,16777216,134217728,1,cycle,insertion,1498,134217728,1.00000000000000000,-0.000000000
4,6,4096,16777216,134217728,1,cycle,insertion,1499,134217728,1.00000000000000000,-0.000000000
4,6,4096,16777216,134217728,1,cycle,insertion,1500,134217728,1.00000000000000000,-0.000000000
4,6,4096,16777216,134217728,1,cycle,insertion,1501,134217728,1.00000000000000000,-0.000000000
4,6,4096,16777216,134217728,1,cycle,insertion,1502,134217728,1.00000000000000000,-0.000000000
4,6,4096,16777216,134217728,1,cycle,insertion,1503,134217728,1.00000000000000000,-0.000000000
4,6,4096,16777216,134217728,1,cycle,insertion,1504,134217728,1.00000000000000000,-0.000000000
4,6,4096,16777216,134217728,1,cycle,insertion,1505,134217728,1.00000000000000000,-0.000000000
4,6,4096,16777216,134217728,1,cycle,insertion,1506,134217728,1.00000000000000000,-0.000000000
4,6,4096,16777216,134217728,1,cycle,insertion,1507,134217728,1.00000000000000000,-0.000000000
4,6,4096,16777216,134217728,1,cycle,insertion,1508,134217728,1.00000000000000000,-0.000000000
4,6,4096,16777216,134217728,1,cycle,insertion,1509,134217728,1.00000000000000000,-0.000000000
4,6,4096,16777216,134217728,1,cycle,insertion,1510,134217728,1.00000000000000000,-0.000000000
4,6,4096,16777216,134217728,1,cycle,insertion,1511,134217728,1.00000000000000000,-0.000000000
4,6,4096,16777216,134217728,1,cycle,insertion,1512,134217728,1.00000000000000000,-0.000000000
4,6,4096,16777216,134217728,1,cycle,insertion,1513,134217728,1.00000000000000000,-0.000000000
4,6,4096,16777216,134217728,1,cycle,insertion,1514,134217728,1.00000000000000000,-0.000000000
4,6,4096,16777216,134217728,1,cycle,insertion,1515,134217728,1.00000000000000000,-0.000000000
4,6,4096,16777216,134217728,1,cycle,insertion,1516,134217728,1.00000000000000000,-0.000000000
4,6,4096,16777216,134217728,1,cycle,insertion,1517,134217728,1.00000000000000000,-0.000000000
4,6,4096,16777216,134217728,1,cycle,insertion,1518,134217728,1.00000000000000000,-0.000000000
4,6,4096,16777216,134217728,1,cycle,insertion,1519,134217728,1.00000000000000000,-0.000000000
4,6,4096,16777216,134217728,1,cycle,insertion,1520,134217728,1.00000000000000000,-0.000000000
4,6,4096,16777216,134217728,1,cycle,insertion,1521,134217728,1.00000000000000000,-0.000000000
4,6,4096,16777216,134217728,1,cycle,insertion,1522,134217728,1.00000000000000000,-0.000000000
4,6,4096,16777216,134217728,1,cycle,insertion,1523,134217728,1.00000000000000000,-0.000000000
4,6,4096,16777216,134217728,1,cycle,insertion,1524,134217728,1.00000000000000000,-0.000000000
4,6,4096,16777216,134217728,1,cycle,insertion,1525,134217728,1.00000000000000000,-0.000000000
4,6,4096,16777216,134217728,1,cycle,insertion,1526,134217728,1.00000000000000000,-0.000000000
4,6,4096,16777216,134217728,1,cycle,insertion,1527,134217728,1.00000000000000000,-0.000000000
4,6,4096,16777216,134217728,1,cycle,insertion,1528,134217728,1.00000000000000000,-0.000000000
4,6,4096,16777216,134217728,1,cycle,insertion,1529,134217728,1.00000000000000000,-0.000000000
4,6,4096,16777216,134217728,1,cycle,insertion,1530,134217728,1.00000000000000000,-0.000000000
4,6,4096,16777216,134217728,1,cycle,insertion,1531,134217728,1.00000000000000000,-0.000000000
4,6,4096,16777216,134217728,1,cycle,insertion,1532,134217728,1.00000000000000000,-0.000000000
4,6,4096,16777216,134217728,1,cycle,insertion,1533,134217728,1.00000000000000000,-0.000000000
4,6,4096,16777216,134217728,1,cycle,insertion,1534,134217728,1.00000000000000000,-0.000000000
4,6,4096,16777216,134217728,1,cycle,insertion,1535,134217728,1.00000000000000000,-0.000000000
4,6,4096,16777216,134217728,1,cycle,insertion,1536,134217728,1.00000000000000000,-0.000000000
4,6,4096,16777216,134217728,1,cycle,insertion,1537,134217728,1.00000000000000000,-0.000000000
4,6,4096,16777216,134217728,1,cycle,insertion,1538,134217728,1.00000000000000000,-0.000000000
4,6,4096,16777216,134217728,1,cycle,insertion,1539,134217728,1.00000000000000000,-0.000000000
4,6,4096,16777216,134217728,1,cycle,insertion,1540,134217728,1.00000000000000000,-0.000000000
4,6,4096,16777216,134217728,1,cycle,insertion,1541,134217728,1.00000000000000000,-0.000000000
4,6,4096,16777216,134217728,1,cycle,insertion,1542,134217728,1.00000000000000000,-0.000000000
4,6,4096,16777216,134217728,1,cycle,insertion,1543,134217728,1.00000000000000000,-0.000000000
4,6,4096,16777216,134217728,1,cycle,insertion,1544,134217728,1.00000000000000000,-0.000000000
4,6,4096,16777216,134217728,1,cycle,insertion,1545,134217728,1.00000000000000000,-0.000000000
4,6,4096,16777216,134217728,1,cycle,insertion,1546,134217728,1.00000000000000000,-0.000000000
4,6,4096,16777216,134217728,1,cycle,insertion,1547,134217728,1.00000000000000000,-0.000000000
4,6,4096,16777216,134217728,1,cycle,insertion,1548,134217728,1.00000000000000000,-0.000000000
4,6,4096,16777216,134217728,1,cycle,insertion,1549,134217728,1.00000000000000000,-0.000000000
4,6,4096,16777216,134217728,1,cycle,insertion,1550,134217728,1.00000000000000000,-0.000000000
4,6,4096,16777216,134217728,1,cycle,insertion,1551,134217728,1.00000000000000000,-0.000000000
4,6,4096,16777216,134217728,1,cycle,insertion,1552,134217728,1.00000000000000000,-0.000000000
4,6,4096,16777216,134217728,1,cycle,insertion,1553,134217728,1.00000000000000000,-0.000000000
4,6,4096,16777216,134217728,1,cycle,insertion,1554,134217728,1.00000000000000000,-0.000000000
4,6,4096,16777216,134217728,1,cycle,insertion,1555,134217728,1.00000000000000000,-0.000000000
4,6,4096,16777216,134217728,1,cycle,insertion,1556,134217728,1.00000000000000000,-0.000000000
4,6,4096,16777216,134217728,1,cycle,insertion,1557,134217728,1.00000000000000000,-0.000000000
4,6,4096,16777216,134217728,1,cycle,insertion,1558,134217728,1.00000000000000000,-0.000000000
4,6,4096,16777216,134217728,1,cycle,insertion,1559,134217728,1.00000000000000000,-0.000000000
4,6,4096,16777216,134217728,1,cycle,insertion,1560,134217728,1.00000000000000000,-0.000000000
4,6,4096,16777216,134217728,1,cycle,insertion,1561,134217728,1.00000000000000000,-0.000000000
4,6,4096,16777216,134217728,1,cycle,insertion,1562,134217728,1.00000000000000000,-0.000000000
4,6,4096,16777216,134217728,1,cycle,insertion,1563,134217728,1.00000000000000000,-0.000000000
4,6,4096,16777216,134217728,1,cycle,insertion,1564,134217728,1.00000000000000000,-0.000000000
4,6,4096,16777216,134217728,1,cycle,insertion,1565,134217728,1.00000000000000000,-0.000000000
4,6,4096,16777216,134217728,1,cycle,insertion,1566,134217728,1.00000000000000000,-0.000000000
4,6,4096,16777216,134217728,1,cycle,insertion,1567,134217728,1.00000000000000000,-0.000000000
4,6,4096,16777216,134217728,1,cycle,insertion,1568,134217728,1.00000000000000000,-0.000000000
4,6,4096,16777216,134217728,1,cycle,insertion,1569,134217728,1.00000000000000000,-0.000000000
4,6,4096,16777216,134217728,1,cycle,insertion,1570,134217728,1.00000000000000000,-0.000000000
4,6,4096,16777216,134217728,1,cycle,insertion,1571,134217728,1.00000000000000000,-0.000000000
4,6,4096,16777216,134217728,1,cycle,insertion,1572,134217728,1.00000000000000000,-0.000000000
4,6,4096,16777216,134217728,1,cycle,insertion,1573,134217728,1.00000000000000000,-0.000000000
4,6,4096,16777216,134217728,1,cycle,insertion,1574,134217728,1.00000000000000000,-0.000000000
4,6,4096,16777216,134217728,1,cycle,insertion,1575,134217728,1.00000000000000000,-0.000000000
4,6,4096,16777216,134217728,1,cycle,insertion,1576,134217728,1.00000000000000000,-0.000000000
4,6,4096,16777216,134217728,1,cycle,insertion,1577,134217728,1.00000000000000000,-0.000000000
4,6,4096,16777216,134217728,1,cycle,insertion,1578,134217728,1.00000000000000000,-0.000000000
4,6,4096,16777216,134217728,1,cycle,insertion,1579,134217728,1.00000000000000000,-0.000000000
4,6,4096,16777216,134217728,1,cycle,insertion,1580,134217728,1.00000000000000000,-0.000000000
4,6,4096,16777216,134217728,1,cycle,insertion,1581,134217728,1.00000000000000000,-0.000000000
4,6,4096,16777216,134217728,1,cycle,insertion,1582,134217728,1.00000000000000000,-0.000000000
4,6,4096,16777216,134217728,1,cycle,insertion,1583,134217728,1.00000000000000000,-0.000000000
4,6,4096,16777216,134217728,1,cycle,insertion,1584,134217728,1.00000000000000000,-0.000000000
4,6,4096,16777216,134217728,1,cycle,insertion,1585,134217728,1.00000000000000000,-0.000000000
4,6,4096,16777216,134217728,1,cycle,insertion,1586,134217728,1.00000000000000000,-0.000000000
4,6,4096,16777216,134217728,1,cycle,insertion,1587,134217728,1.00000000000000000,-0.000000000
4,6,4096,16777216,134217728,1,cycle,insertion,1588,134217728,1.00000000000000000,-0.000000000
4,6,4096,16777216,134217728,1,cycle,insertion,1589,134217728,1.00000000000000000,-0.000000000
4,6,4096,16777216,134217728,1,cycle,insertion,1590,134217728,1.00000000000000000,-0.000000000
4,6,4096,16777216,134217728,1,cycle,insertion,1591,134217728,1.00000000000000000,-0.000000000
4,6,4096,16777216,134217728,1,cycle,insertion,1592,134217728,1.00000000000000000,-0.000000000
4,6,4096,16777216,134217728,1,cycle,insertion,1593,134217728,1.00000000000000000,-0.000000000
4,6,4096,16777216,134217728,1,cycle,insertion,1594,134217728,1.00000000000000000,-0.000000000
4,6,4096,16777216,134217728,1,cycle,insertion,1595,134217728,1.00000000000000000,-0.000000000
4,6,4096,16777216,134217728,1,cycle,insertion,1596,134217728,1.00000000000000000,-0.000000000
4,6,4096,16777216,134217728,1,cycle,insertion,1597,134217728,1.00000000000000000,-0.000000000
4,6,4096,16777216,134217728,1,cycle,insertion,1598,134217728,1.00000000000000000,-0.000000000
4,6,4096,16777216,134217728,1,cycle,insertion,1599,134217728,1.00000000000000000,-0.000000000
4,6,4096,16777216,134217728,1,cycle,insertion,1600,134217728,1.00000000000000000,-0.000000000
4,6,4096,16777216,134217728,1,cycle,insertion,1601,134217728,1.00000000000000000,-0.000000000
4,6,4096,16777216,134217728,1,cycle,insertion,1602,134217728,1.00000000000000000,-0.000000000
4,6,4096,16777216,134217728,1,cycle,insertion,1603,134217728,1.00000000000000000,-0.000000000
4,6,4096,16777216,134217728,1,cycle,insertion,1604,134217728,1.00000000000000000,-0.000000000
4,6,4096,16777216,134217728,1,cycle,insertion,1605,134217728,1.00000000000000000,-0.000000000
4,6,4096,16777216,134217728,1,cycle,insertion,1606,134217728,1.00000000000000000,-0.000000000
4,6,4096,16777216,134217728,1,cycle,insertion,1607,134217728,1.00000000000000000,-0.000000000
4,6,4096,16777216,134217728,1,cycle,insertion,1608,134217728,1.00000000000000000,-0.000000000
4,6,4096,16777216,134217728,1,cycle,insertion,1609,134217728,1.00000000000000000,-0.000000000
4,6,4096,16777216,134217728,1,cycle,insertion,1610,134217728,1.00000000000000000,-0.000000000
4,6,4096,16777216,134217728,1,cycle,insertion,1611,134217728,1.00000000000000000,-0.000000000
4,6,4096,16777216,134217728,1,cycle,insertion,1612,134217728,1.00000000000000000,-0.000000000
4,6,4096,16777216,134217728,1,cycle,insertion,1613,134217728,1.00000000000000000,-0.000000000
4,6,4096,16777216,134217728,1,cycle,insertion,1614,134217728,1.00000000000000000,-0.000000000
4,6,4096,16777216,134217728,1,cycle,insertion,1615,134217728,1.00000000000000000,-0.000000000
4,6,4096,16777216,134217728,1,cycle,insertion,1616,134217728,1.00000000000000000,-0.000000000
4,6,4096,16777216,134217728,1,cycle,insertion,1617,134217728,1.00000000000000000,-0.000000000
4,6,4096,16777216,134217728,1,cycle,insertion,1618,134217728,1.00000000000000000,-0.000000000
4,6,4096,16777216,134217728,1,cycle,insertion,1619,134217728,1.00000000000000000,-0.000000000
4,6,4096,16777216,134217728,1,cycle,insertion,1620,134217728,1.00000000000000000,-0.000000000
4,6,4096,16777216,134217728,1,cycle,insertion,1621,134217728,1.00000000000000000,-0.000000000
4,6,4096,16777216,134217728,1,cycle,insertion,1622,134217728,1.00000000000000000,-0.000000000
4,6,4096,16777216,134217728,1,cycle,insertion,1623,134217728,1.00000000000000000,-0.000000000
4,6,4096,16777216,134217728,1,cycle,insertion,1624,134217728,1.00000000000000000,-0.000000000
4,6,4096,16777216,134217728,1,cycle,insertion,1625,134217728,1.00000000000000000,-0.000000000
4,6,4096,16777216,134217728,1,cycle,insertion,1626,134217728,1.00000000000000000,-0.000000000
4,6,4096,16777216,134217728,1,cycle,insertion,1627,134217728,1.00000000000000000,-0.000000000
4,6,4096,16777216,134217728,1,cycle,insertion,1628,134217728,1.00000000000000000,-0.000000000
4,6,4096,16777216,134217728,1,cycle,insertion,1629,134217728,1.00000000000000000,-0.000000000
4,6,4096,16777216,134217728,1,cycle,insertion,1630,134217728,1.00000000000000000,-0.000000000
4,6,4096,16777216,134217728,1,cycle,insertion,1631,134217728,1.00000000000000000,-0.000000000
4,6,4096,16777216,134217728,1,cycle,insertion,1632,134217728,1.00000000000000000,-0.000000000
4,6,4096,16777216,134217728,1,cycle,insertion,1633,134217728,1.00000000000000000,-0.000000000
4,6,4096,16777216,134217728,1,cycle,insertion,1634,134217728,1.00000000000000000,-0.000000000
4,6,4096,16777216,134217728,1,cycle,insertion,1635,134217728,1.00000000000000000,-0.000000000
4,6,4096,16777216,134217728,1,cycle,insertion,1636,134217728,1.00000000000000000,-0.000000000
4,6,4096,16777216,134217728,1,cycle,insertion,1637,134217728,1.00000000000000000,-0.000000000
4,6,4096,16777216,134217728,1,cycle,insertion,1638,134217728,1.00000000000000000,-0.000000000
4,6,4096,16777216,134217728,1,cycle,insertion,1639,134217728,1.00000000000000000,-0.000000000
4,6,4096,16777216,134217728,1,cycle,insertion,1640,134217728,1.00000000000000000,-0.000000000
4,6,4096,16777216,134217728,1,cycle,insertion,1641,134217728,1.00000000000000000,-0.000000000
4,6,4096,16777216,134217728,1,cycle,insertion,1642,134217728,1.00000000000000000,-0.000000000
4,6,4096,16777216,134217728,1,cycle,insertion,1643,134217728,1.00000000000000000,-0.000000000
4,6,4096,16777216,134217728,1,cycle,insertion,1644,134217728,1.00000000000000000,-0.000000000
4,6,4096,16777216,134217728,1,cycle,insertion,1645,134217728,1.00000000000000000,-0.000000000
4,6,4096,16777216,134217728,1,cycle,insertion,1646,134217728,1.00000000000000000,-0.000000000
4,6,4096,16777216,134217728,1,cycle,insertion,1647,134217728,1.00000000000000000,-0.000000000
4,6,4096,16777216,134217728,1,cycle,insertion,1648,134217728,1.00000000000000000,-0.000000000
4,6,4096,16777216,134217728,1,cycle,insertion,1649,134217728,1.00000000000000000,-0.000000000
4,6,4096,16777216,134217728,1,cycle,insertion,1650,134217728,1.00000000000000000,-0.000000000
4,6,4096,16777216,134217728,1,cycle,insertion,1651,134217728,1.00000000000000000,-0.000000000
4,6,4096,16777216,134217728,1,cycle,insertion,1652,134217728,1.00000000000000000,-0.000000000
4,6,4096,16777216,134217728,1,cycle,insertion,1653,134217728,1.00000000000000000,-0.000000000
4,6,4096,16777216,134217728,1,cycle,insertion,1654,134217728,1.00000000000000000,-0.000000000
4,6,4096,16777216,134217728,1,cycle,insertion,1655,134217728,1.00000000000000000,-0.000000000
4,6,4096,16777216,134217728,1,cycle,insertion,1656,134217728,1.00000000000000000,-0.000000000
4,6,4096,16777216,134217728,1,cycle,insertion,1657,134217728,1.00000000000000000,-0.000000000
4,6,4096,16777216,134217728,1,cycle,insertion,1658,134217728,1.00000000000000000,-0.000000000
4,6,4096,16777216,134217728,1,cycle,insertion,1659,134217728,1.00000000000000000,-0.000000000
4,6,4096,16777216,134217728,1,cycle,insertion,1660,134217728,1.00000000000000000,-0.000000000
4,6,4096,16777216,134217728,1,cycle,insertion,1661,134217728,1.00000000000000000,-0.000000000
4,6,4096,16777216,134217728,1,cycle,insertion,1662,134217728,1.00000000000000000,-0.000000000
4,6,4096,16777216,134217728,1,cycle,insertion,1663,134217728,1.00000000000000000,-0.000000000
4,6,4096,16777216,134217728,1,cycle,insertion,1664,134217728,1.00000000000000000,-0.000000000
4,6,4096,16777216,134217728,1,cycle,insertion,1665,134217728,1.00000000000000000,-0.000000000
4,6,4096,16777216,134217728,1,cycle,insertion,1666,134217728,1.00000000000000000,-0.000000000
4,6,4096,16777216,134217728,1,cycle,insertion,1667,134217728,1.00000000000000000,-0.000000000
4,6,4096,16777216,134217728,1,cycle,insertion,1668,134217728,1.00000000000000000,-0.000000000
4,6,4096,16777216,134217728,1,cycle,insertion,1669,134217728,1.00000000000000000,-0.000000000
4,6,4096,16777216,134217728,1,cycle,insertion,1670,134217728,1.00000000000000000,-0.000000000
4,6,4096,16777216,134217728,1,cycle,insertion,1671,134217728,1.00000000000000000,-0.000000000
4,6,4096,16777216,134217728,1,cycle,insertion,1672,134217728,1.00000000000000000,-0.000000000
4,6,4096,16777216,134217728,1,cycle,insertion,1673,134217728,1.00000000000000000,-0.000000000
4,6,4096,16777216,134217728,1,cycle,insertion,1674,134217728,1.00000000000000000,-0.000000000
4,6,4096,16777216,134217728,1,cycle,insertion,1675,134217728,1.00000000000000000,-0.000000000
4,6,4096,16777216,134217728,1,cycle,insertion,1676,134217728,1.00000000000000000,-0.000000000
4,6,4096,16777216,134217728,1,cycle,insertion,1677,134217728,1.00000000000000000,-0.000000000
4,6,4096,16777216,134217728,1,cycle,insertion,1678,134217728,1.00000000000000000,-0.000000000
4,6,4096,16777216,134217728,1,cycle,insertion,1679,134217728,1.00000000000000000,-0.000000000
4,6,4096,16777216,134217728,1,cycle,insertion,1680,134217728,1.00000000000000000,-0.000000000
4,6,4096,16777216,134217728,1,cycle,insertion,1681,134217728,1.00000000000000000,-0.000000000
4,6,4096,16777216,134217728,1,cycle,insertion,1682,134217728,1.00000000000000000,-0.000000000
4,6,4096,16777216,134217728,1,cycle,insertion,1683,134217728,1.00000000000000000,-0.000000000
4,6,4096,16777216,134217728,1,cycle,insertion,1684,134217728,1.00000000000000000,-0.000000000
4,6,4096,16777216,134217728,1,cycle,insertion,1685,134217728,1.00000000000000000,-0.000000000
4,6,4096,16777216,134217728,1,cycle,insertion,1686,134217728,1.00000000000000000,-0.000000000
4,6,4096,16777216,134217728,1,cycle,insertion,1687,134217728,1.00000000000000000,-0.000000000
4,6,4096,16777216,134217728,1,cycle,insertion,1688,134217728,1.00000000000000000,-0.000000000
4,6,4096,16777216,134217728,1,cycle,insertion,1689,134217728,1.00000000000000000,-0.000000000
4,6,4096,16777216,134217728,1,cycle,insertion,1690,134217728,1.00000000000000000,-0.000000000
4,6,4096,16777216,134217728,1,cycle,insertion,1691,134217728,1.00000000000000000,-0.000000000
4,6,4096,16777216,134217728,1,cycle,insertion,1692,134217728,1.00000000000000000,-0.000000000
4,6,4096,16777216,134217728,1,cycle,insertion,1693,134217728,1.00000000000000000,-0.000000000
4,6,4096,16777216,134217728,1,cycle,insertion,1694,134217728,1.00000000000000000,-0.000000000
4,6,4096,16777216,134217728,1,cycle,insertion,1695,134217728,1.00000000000000000,-0.000000000
4,6,4096,16777216,134217728,1,cycle,insertion,1696,134217728,1.00000000000000000,-0.000000000
4,6,4096,16777216,134217728,1,cycle,insertion,1697,134217728,1.00000000000000000,-0.000000000
4,6,4096,16777216,134217728,1,cycle,insertion,1698,134217728,1.00000000000000000,-0.000000000
4,6,4096,16777216,134217728,1,cycle,insertion,1699,134217728,1.00000000000000000,-0.000000000
4,6,4096,16777216,134217728,1,cycle,insertion,1700,134217728,1.00000000000000000,-0.000000000
4,6,4096,16777216,134217728,1,cycle,insertion,1701,134217728,1.00000000000000000,-0.000000000
4,6,4096,16777216,134217728,1,cycle,insertion,1702,134217728,1.00000000000000000,-0.000000000
4,6,4096,16777216,134217728,1,cycle,insertion,1703,134217728,1.00000000000000000,-0.000000000
4,6,4096,16777216,134217728,1,cycle,insertion,1704,134217728,1.00000000000000000,-0.000000000
4,6,4096,16777216,134217728,1,cycle,insertion,1705,134217728,1.00000000000000000,-0.000000000
4,6,4096,16777216,134217728,1,cycle,insertion,1706,134217728,1.00000000000000000,-0.000000000
4,6,4096,16777216,134217728,1,cycle,insertion,1707,134217728,1.00000000000000000,-0.000000000
4,6,4096,16777216,134217728,1,cycle,insertion,1708,134217728,1.00000000000000000,-0.000000000
4,6,4096,16777216,134217728,1,cycle,insertion,1709,134217728,1.00000000000000000,-0.000000000
4,6,4096,16777216,134217728,1,cycle,insertion,1710,134217728,1.00000000000000000,-0.000000000
4,6,4096,16777216,134217728,1,cycle,insertion,1711,134217728,1.00000000000000000,-0.000000000
4,6,4096,16777216,134217728,1,cycle,insertion,1712,134217728,1.00000000000000000,-0.000000000
4,6,4096,16777216,134217728,1,cycle,insertion,1713,134217728,1.00000000000000000,-0.000000000
4,6,4096,16777216,134217728,1,cycle,insertion,1714,134217728,1.00000000000000000,-0.000000000
4,6,4096,16777216,134217728,1,cycle,insertion,1715,134217728,1.00000000000000000,-0.000000000
4,6,4096,16777216,134217728,1,cycle,insertion,1716,134217728,1.00000000000000000,-0.000000000
4,6,4096,16777216,134217728,1,cycle,insertion,1717,134217728,1.00000000000000000,-0.000000000
4,6,4096,16777216,134217728,1,cycle,insertion,1718,134217728,1.00000000000000000,-0.000000000
4,6,4096,16777216,134217728,1,cycle,insertion,1719,134217728,1.00000000000000000,-0.000000000
4,6,4096,16777216,134217728,1,cycle,insertion,1720,134217728,1.00000000000000000,-0.000000000
4,6,4096,16777216,134217728,1,cycle,insertion,1721,134217728,1.00000000000000000,-0.000000000
4,6,4096,16777216,134217728,1,cycle,insertion,1722,134217728,1.00000000000000000,-0.000000000
4,6,4096,16777216,134217728,1,cycle,insertion,1723,134217728,1.00000000000000000,-0.000000000
4,6,4096,16777216,134217728,1,cycle,insertion,1724,134217728,1.00000000000000000,-0.000000000
4,6,4096,16777216,134217728,1,cycle,insertion,1725,134217728,1.00000000000000000,-0.000000000
4,6,4096,16777216,134217728,1,cycle,insertion,1726,134217728,1.00000000000000000,-0.000000000
4,6,4096,16777216,134217728,1,cycle,insertion,1727,134217728,1.00000000000000000,-0.000000000
4,6,4096,16777216,134217728,1,cycle,insertion,1728,134217728,1.00000000000000000,-0.000000000
4,6,4096,16777216,134217728,1,cycle,insertion,1729,134217728,1.00000000000000000,-0.000000000
4,6,4096,16777216,134217728,1,cycle,insertion,1730,134217728,1.00000000000000000,-0.000000000
4,6,4096,16777216,134217728,1,cycle,insertion,1731,134217728,1.00000000000000000,-0.000000000
4,6,4096,16777216,134217728,1,cycle,insertion,1732,134217728,1.00000000000000000,-0.000000000
4,6,4096,16777216,134217728,1,cycle,insertion,1733,134217728,1.00000000000000000,-0.000000000
4,6,4096,16777216,134217728,1,cycle,insertion,1734,134217728,1.00000000000000000,-0.000000000
4,6,4096,16777216,134217728,1,cycle,insertion,1735,134217728,1.00000000000000000,-0.000000000
4,6,4096,16777216,134217728,1,cycle,insertion,1736,134217728,1.00000000000000000,-0.000000000
4,6,4096,16777216,134217728,1,cycle,insertion,1737,134217728,1.00000000000000000,-0.000000000
4,6,4096,16777216,134217728,1,cycle,insertion,1738,134217728,1.00000000000000000,-0.000000000
4,6,4096,16777216,134217728,1,cycle,insertion,1739,134217728,1.00000000000000000,-0.000000000
4,6,4096,16777216,134217728,1,cycle,insertion,1740,134217728,1.00000000000000000,-0.000000000
4,6,4096,16777216,134217728,1,cycle,insertion,1741,134217728,1.00000000000000000,-0.000000000
4,6,4096,16777216,134217728,1,cycle,insertion,1742,134217728,1.00000000000000000,-0.000000000
4,6,4096,16777216,134217728,1,cycle,insertion,1743,134217728,1.00000000000000000,-0.000000000
4,6,4096,16777216,134217728,1,cycle,insertion,1744,134217728,1.00000000000000000,-0.000000000
4,6,4096,16777216,134217728,1,cycle,insertion,1745,134217728,1.00000000000000000,-0.000000000
4,6,4096,16777216,134217728,1,cycle,insertion,1746,134217728,1.00000000000000000,-0.000000000
4,6,4096,16777216,134217728,1,cycle,insertion,1747,134217728,1.00000000000000000,-0.000000000
4,6,4096,16777216,134217728,1,cycle,insertion,1748,134217728,1.00000000000000000,-0.000000000
4,6,4096,16777216,134217728,1,cycle,insertion,1749,134217728,1.00000000000000000,-0.000000000
4,6,4096,16777216,134217728,1,cycle,insertion,1750,134217728,1.00000000000000000,-0.000000000
4,6,4096,16777216,134217728,1,cycle,insertion,1751,134217728,1.00000000000000000,-0.000000000
4,6,4096,16777216,134217728,1,cycle,insertion,1752,134217728,1.00000000000000000,-0.000000000
4,6,4096,16777216,134217728,1,cycle,insertion,1753,134217728,1.00000000000000000,-0.000000000
4,6,4096,16777216,134217728,1,cycle,insertion,1754,134217728,1.00000000000000000,-0.000000000
4,6,4096,16777216,134217728,1,cycle,insertion,1755,134217728,1.00000000000000000,-0.000000000
4,6,4096,16777216,134217728,1,cycle,insertion,1756,134217728,1.00000000000000000,-0.000000000
4,6,4096,16777216,134217728,1,cycle,insertion,1757,134217728,1.00000000000000000,-0.000000000
4,6,4096,16777216,134217728,1,cycle,insertion,1758,134217728,1.00000000000000000,-0.000000000
4,6,4096,16777216,134217728,1,cycle,insertion,1759,134217728,1.00000000000000000,-0.000000000
4,6,4096,16777216,134217728,1,cycle,insertion,1760,134217728,1.00000000000000000,-0.000000000
4,6,4096,16777216,134217728,1,cycle,insertion,1761,134217728,1.00000000000000000,-0.000000000
4,6,4096,16777216,134217728,1,cycle,insertion,1762,134217728,1.00000000000000000,-0.000000000
4,6,4096,16777216,134217728,1,cycle,insertion,1763,134217728,1.00000000000000000,-0.000000000
4,6,4096,16777216,134217728,1,cycle,insertion,1764,134217728,1.00000000000000000,-0.000000000
4,6,4096,16777216,134217728,1,cycle,insertion,1765,134217728,1.00000000000000000,-0.000000000
4,6,4096,16777216,134217728,1,cycle,insertion,1766,134217728,1.00000000000000000,-0.000000000
4,6,4096,16777216,134217728,1,cycle,insertion,1767,134217728,1.00000000000000000,-0.000000000
4,6,4096,16777216,134217728,1,cycle,insertion,1768,134217728,1.00000000000000000,-0.000000000
4,6,4096,16777216,134217728,1,cycle,insertion,1769,134217728,1.00000000000000000,-0.000000000
4,6,4096,16777216,134217728,1,cycle,insertion,1770,134217728,1.00000000000000000,-0.000000000
4,6,4096,16777216,134217728,1,cycle,insertion,1771,134217728,1.00000000000000000,-0.000000000
4,6,4096,16777216,134217728,1,cycle,insertion,1772,134217728,1.00000000000000000,-0.000000000
4,6,4096,16777216,134217728,1,cycle,insertion,1773,134217728,1.00000000000000000,-0.000000000
4,6,4096,16777216,134217728,1,cycle,insertion,1774,134217728,1.00000000000000000,-0.000000000
4,6,4096,16777216,134217728,1,cycle,insertion,1775,134217728,1.00000000000000000,-0.000000000
4,6,4096,16777216,134217728,1,cycle,insertion,1776,134217728,1.00000000000000000,-0.000000000
4,6,4096,16777216,134217728,1,cycle,insertion,1777,134217728,1.00000000000000000,-0.000000000
4,6,4096,16777216,134217728,1,cycle,insertion,1778,134217728,1.00000000000000000,-0.000000000
4,6,4096,16777216,134217728,1,cycle,insertion,1779,134217728,1.00000000000000000,-0.000000000
4,6,4096,16777216,134217728,1,cycle,insertion,1780,134217728,1.00000000000000000,-0.000000000
4,6,4096,16777216,134217728,1,cycle,insertion,1781,134217728,1.00000000000000000,-0.000000000
4,6,4096,16777216,134217728,1,cycle,insertion,1782,134217728,1.00000000000000000,-0.000000000
4,6,4096,16777216,134217728,1,cycle,insertion,1783,134217728,1.00000000000000000,-0.000000000
4,6,4096,16777216,134217728,1,cycle,insertion,1784,134217728,1.00000000000000000,-0.000000000
4,6,4096,16777216,134217728,1,cycle,insertion,1785,134217728,1.00000000000000000,-0.000000000
4,6,4096,16777216,134217728,1,cycle,insertion,1786,134217728,1.00000000000000000,-0.000000000
4,6,4096,16777216,134217728,1,cycle,insertion,1787,134217728,1.00000000000000000,-0.000000000
4,6,4096,16777216,134217728,1,cycle,insertion,1788,134217728,1.00000000000000000,-0.000000000
4,6,4096,16777216,134217728,1,cycle,insertion,1789,134217728,1.00000000000000000,-0.000000000
4,6,4096,16777216,134217728,1,cycle,insertion,1790,134217728,1.00000000000000000,-0.000000000
4,6,4096,16777216,134217728,1,cycle,insertion,1791,134217728,1.00000000000000000,-0.000000000
4,6,4096,16777216,134217728,1,cycle,insertion,1792,134217728,1.00000000000000000,-0.000000000
4,6,4096,16777216,134217728,1,cycle,insertion,1793,134217728,1.00000000000000000,-0.000000000
4,6,4096,16777216,134217728,1,cycle,insertion,1794,134217728,1.00000000000000000,-0.000000000
4,6,4096,16777216,134217728,1,cycle,insertion,1795,134217728,1.00000000000000000,-0.000000000
4,6,4096,16777216,134217728,1,cycle,insertion,1796,134217728,1.00000000000000000,-0.000000000
4,6,4096,16777216,134217728,1,cycle,insertion,1797,134217728,1.00000000000000000,-0.000000000
4,6,4096,16777216,134217728,1,cycle,insertion,1798,134217728,1.00000000000000000,-0.000000000
4,6,4096,16777216,134217728,1,cycle,insertion,1799,134217728,1.00000000000000000,-0.000000000
4,6,4096,16777216,134217728,1,cycle,insertion,1800,134217728,1.00000000000000000,-0.000000000
4,6,4096,16777216,134217728,1,cycle,insertion,1801,134217728,1.00000000000000000,-0.000000000
4,6,4096,16777216,134217728,1,cycle,insertion,1802,134217728,1.00000000000000000,-0.000000000
4,6,4096,16777216,134217728,1,cycle,insertion,1803,134217728,1.00000000000000000,-0.000000000
4,6,4096,16777216,134217728,1,cycle,insertion,1804,134217728,1.00000000000000000,-0.000000000
4,6,4096,16777216,134217728,1,cycle,insertion,1805,134217728,1.00000000000000000,-0.000000000
4,6,4096,16777216,134217728,1,cycle,insertion,1806,134217728,1.00000000000000000,-0.000000000
4,6,4096,16777216,134217728,1,cycle,insertion,1807,134217728,1.00000000000000000,-0.000000000
4,6,4096,16777216,134217728,1,cycle,insertion,1808,134217728,1.00000000000000000,-0.000000000
4,6,4096,16777216,134217728,1,cycle,insertion,1809,134217728,1.00000000000000000,-0.000000000
4,6,4096,16777216,134217728,1,cycle,insertion,1810,134217728,1.00000000000000000,-0.000000000
4,6,4096,16777216,134217728,1,cycle,insertion,1811,134217728,1.00000000000000000,-0.000000000
4,6,4096,16777216,134217728,1,cycle,insertion,1812,134217728,1.00000000000000000,-0.000000000
4,6,4096,16777216,134217728,1,cycle,insertion,1813,134217728,1.00000000000000000,-0.000000000
4,6,4096,16777216,134217728,1,cycle,insertion,1814,134217728,1.00000000000000000,-0.000000000
4,6,4096,16777216,134217728,1,cycle,insertion,1815,134217728,1.00000000000000000,-0.000000000
4,6,4096,16777216,134217728,1,cycle,insertion,1816,134217728,1.00000000000000000,-0.000000000
4,6,4096,16777216,134217728,1,cycle,insertion,1817,134217728,1.00000000000000000,-0.000000000
4,6,4096,16777216,134217728,1,cycle,insertion,1818,134217728,1.00000000000000000,-0.000000000
4,6,4096,16777216,134217728,1,cycle,insertion,1819,134217728,1.00000000000000000,-0.000000000
4,6,4096,16777216,134217728,1,cycle,insertion,1820,134217728,1.00000000000000000,-0.000000000
4,6,4096,16777216,134217728,1,cycle,insertion,1821,134217728,1.00000000000000000,-0.000000000
4,6,4096,16777216,134217728,1,cycle,insertion,1822,134217728,1.00000000000000000,-0.000000000
4,6,4096,16777216,134217728,1,cycle,insertion,1823,134217728,1.00000000000000000,-0.000000000
4,6,4096,16777216,134217728,1,cycle,insertion,1824,134217728,1.00000000000000000,-0.000000000
4,6,4096,16777216,134217728,1,cycle,insertion,1825,134217728,1.00000000000000000,-0.000000000
4,6,4096,16777216,134217728,1,cycle,insertion,1826,134217728,1.00000000000000000,-0.000000000
4,6,4096,16777216,134217728,1,cycle,insertion,1827,134217728,1.00000000000000000,-0.000000000
4,6,4096,16777216,134217728,1,cycle,insertion,1828,134217728,1.00000000000000000,-0.000000000
4,6,4096,16777216,134217728,1,cycle,insertion,1829,134217728,1.00000000000000000,-0.000000000
4,6,4096,16777216,134217728,1,cycle,insertion,1830,134217728,1.00000000000000000,-0.000000000
4,6,4096,16777216,134217728,1,cycle,insertion,1831,134217728,1.00000000000000000,-0.000000000
4,6,4096,16777216,134217728,1,cycle,insertion,1832,134217728,1.00000000000000000,-0.000000000
4,6,4096,16777216,134217728,1,cycle,insertion,1833,134217728,1.00000000000000000,-0.000000000
4,6,4096,16777216,134217728,1,cycle,insertion,1834,134217728,1.00000000000000000,-0.000000000
4,6,4096,16777216,134217728,1,cycle,insertion,1835,134217728,1.00000000000000000,-0.000000000
4,6,4096,16777216,134217728,1,cycle,insertion,1836,134217728,1.00000000000000000,-0.000000000
4,6,4096,16777216,134217728,1,cycle,insertion,1837,134217728,1.00000000000000000,-0.000000000
4,6,4096,16777216,134217728,1,cycle,insertion,1838,134217728,1.00000000000000000,-0.000000000
4,6,4096,16777216,134217728,1,cycle,insertion,1839,134217728,1.00000000000000000,-0.000000000
4,6,4096,16777216,134217728,1,cycle,insertion,1840,134217728,1.00000000000000000,-0.000000000
4,6,4096,16777216,134217728,1,cycle,insertion,1841,134217728,1.00000000000000000,-0.000000000
4,6,4096,16777216,134217728,1,cycle,insertion,1842,134217728,1.00000000000000000,-0.000000000
4,6,4096,16777216,134217728,1,cycle,insertion,1843,134217728,1.00000000000000000,-0.000000000
4,6,4096,16777216,134217728,1,cycle,insertion,1844,134217728,1.00000000000000000,-0.000000000
4,6,4096,16777216,134217728,1,cycle,insertion,1845,134217728,1.00000000000000000,-0.000000000
4,6,4096,16777216,134217728,1,cycle,insertion,1846,134217728,1.00000000000000000,-0.000000000
4,6,4096,16777216,134217728,1,cycle,insertion,1847,134217728,1.00000000000000000,-0.000000000
4,6,4096,16777216,134217728,1,cycle,insertion,1848,134217728,1.00000000000000000,-0.000000000
4,6,4096,16777216,134217728,1,cycle,insertion,1849,134217728,1.00000000000000000,-0.000000000
4,6,4096,16777216,134217728,1,cycle,insertion,1850,134217728,1.00000000000000000,-0.000000000
4,6,4096,16777216,134217728,1,cycle,insertion,1851,134217728,1.00000000000000000,-0.000000000
4,6,4096,16777216,134217728,1,cycle,insertion,1852,134217728,1.00000000000000000,-0.000000000
4,6,4096,16777216,134217728,1,cycle,insertion,1853,134217728,1.00000000000000000,-0.000000000
4,6,4096,16777216,134217728,1,cycle,insertion,1854,134217728,1.00000000000000000,-0.000000000
4,6,4096,16777216,134217728,1,cycle,insertion,1855,134217728,1.00000000000000000,-0.000000000
4,6,4096,16777216,134217728,1,cycle,insertion,1856,134217728,1.00000000000000000,-0.000000000
4,6,4096,16777216,134217728,1,cycle,insertion,1857,134217728,1.00000000000000000,-0.000000000
4,6,4096,16777216,134217728,1,cycle,insertion,1858,134217728,1.00000000000000000,-0.000000000
4,6,4096,16777216,134217728,1,cycle,insertion,1859,134217728,1.00000000000000000,-0.000000000
4,6,4096,16777216,134217728,1,cycle,insertion,1860,134217728,1.00000000000000000,-0.000000000
4,6,4096,16777216,134217728,1,cycle,insertion,1861,134217728,1.00000000000000000,-0.000000000
4,6,4096,16777216,134217728,1,cycle,insertion,1862,134217728,1.00000000000000000,-0.000000000
4,6,4096,16777216,134217728,1,cycle,insertion,1863,134217728,1.00000000000000000,-0.000000000
4,6,4096,16777216,134217728,1,cycle,insertion,1864,134217728,1.00000000000000000,-0.000000000
4,6,4096,16777216,134217728,1,cycle,insertion,1865,134217728,1.00000000000000000,-0.000000000
4,6,4096,16777216,134217728,1,cycle,insertion,1866,134217728,1.00000000000000000,-0.000000000
4,6,4096,16777216,134217728,1,cycle,insertion,1867,134217728,1.00000000000000000,-0.000000000
4,6,4096,16777216,134217728,1,cycle,insertion,1868,134217728,1.00000000000000000,-0.000000000
4,6,4096,16777216,134217728,1,cycle,insertion,1869,134217728,1.00000000000000000,-0.000000000
4,6,4096,16777216,134217728,1,cycle,insertion,1870,134217728,1.00000000000000000,-0.000000000
4,6,4096,16777216,134217728,1,cycle,insertion,1871,134217728,1.00000000000000000,-0.000000000
4,6,4096,16777216,134217728,1,cycle,insertion,1872,134217728,1.00000000000000000,-0.000000000
4,6,4096,16777216,134217728,1,cycle,insertion,1873,134217728,1.00000000000000000,-0.000000000
4,6,4096,16777216,134217728,1,cycle,insertion,1874,134217728,1.00000000000000000,-0.000000000
4,6,4096,16777216,134217728,1,cycle,insertion,1875,134217728,1.00000000000000000,-0.000000000
4,6,4096,16777216,134217728,1,cycle,insertion,1876,134217728,1.00000000000000000,-0.000000000
4,6,4096,16777216,134217728,1,cycle,insertion,1877,134217728,1.00000000000000000,-0.000000000
4,6,4096,16777216,134217728,1,cycle,insertion,1878,134217728,1.00000000000000000,-0.000000000
4,6,4096,16777216,134217728,1,cycle,insertion,1879,134217728,1.00000000000000000,-0.000000000
4,6,4096,16777216,134217728,1,cycle,insertion,1880,134217728,1.00000000000000000,-0.000000000
4,6,4096,16777216,134217728,1,cycle,insertion,1881,134217728,1.00000000000000000,-0.000000000
4,6,4096,16777216,134217728,1,cycle,insertion,1882,134217728,1.00000000000000000,-0.000000000
4,6,4096,16777216,134217728,1,cycle,insertion,1883,134217728,1.00000000000000000,-0.000000000
4,6,4096,16777216,134217728,1,cycle,insertion,1884,134217728,1.00000000000000000,-0.000000000
4,6,4096,16777216,134217728,1,cycle,insertion,1885,134217728,1.00000000000000000,-0.000000000
4,6,4096,16777216,134217728,1,cycle,insertion,1886,134217728,1.00000000000000000,-0.000000000
4,6,4096,16777216,134217728,1,cycle,insertion,1887,134217728,1.00000000000000000,-0.000000000
4,6,4096,16777216,134217728,1,cycle,insertion,1888,134217728,1.00000000000000000,-0.000000000
4,6,4096,16777216,134217728,1,cycle,insertion,1889,134217728,1.00000000000000000,-0.000000000
4,6,4096,16777216,134217728,1,cycle,insertion,1890,134217728,1.00000000000000000,-0.000000000
4,6,4096,16777216,134217728,1,cycle,insertion,1891,134217728,1.00000000000000000,-0.000000000
4,6,4096,16777216,134217728,1,cycle,insertion,1892,134217728,1.00000000000000000,-0.000000000
4,6,4096,16777216,134217728,1,cycle,insertion,1893,134217728,1.00000000000000000,-0.000000000
4,6,4096,16777216,134217728,1,cycle,insertion,1894,134217728,1.00000000000000000,-0.000000000
4,6,4096,16777216,134217728,1,cycle,insertion,1895,134217728,1.00000000000000000,-0.000000000
4,6,4096,16777216,134217728,1,cycle,insertion,1896,134217728,1.00000000000000000,-0.000000000
4,6,4096,16777216,134217728,1,cycle,insertion,1897,134217728,1.00000000000000000,-0.000000000
4,6,4096,16777216,134217728,1,cycle,insertion,1898,134217728,1.00000000000000000,-0.000000000
4,6,4096,16777216,134217728,1,cycle,insertion,1899,134217728,1.00000000000000000,-0.000000000
4,6,4096,16777216,134217728,1,cycle,insertion,1900,134217728,1.00000000000000000,-0.000000000
4,6,4096,16777216,134217728,1,cycle,insertion,1901,134217728,1.00000000000000000,-0.000000000
4,6,4096,16777216,134217728,1,cycle,insertion,1902,134217728,1.00000000000000000,-0.000000000
4,6,4096,16777216,134217728,1,cycle,insertion,1903,134217728,1.00000000000000000,-0.000000000
4,6,4096,16777216,134217728,1,cycle,insertion,1904,134217728,1.00000000000000000,-0.000000000
4,6,4096,16777216,134217728,1,cycle,insertion,1905,134217728,1.00000000000000000,-0.000000000
4,6,4096,16777216,134217728,1,cycle,insertion,1906,134217728,1.00000000000000000,-0.000000000
4,6,4096,16777216,134217728,1,cycle,insertion,1907,134217728,1.00000000000000000,-0.000000000
4,6,4096,16777216,134217728,1,cycle,insertion,1908,134217728,1.00000000000000000,-0.000000000
4,6,4096,16777216,134217728,1,cycle,insertion,1909,134217728,1.00000000000000000,-0.000000000
4,6,4096,16777216,134217728,1,cycle,insertion,1910,134217728,1.00000000000000000,-0.000000000
4,6,4096,16777216,134217728,1,cycle,insertion,1911,134217728,1.00000000000000000,-0.000000000
4,6,4096,16777216,134217728,1,cycle,insertion,1912,134217728,1.00000000000000000,-0.000000000
4,6,4096,16777216,134217728,1,cycle,insertion,1913,134217728,1.00000000000000000,-0.000000000
4,6,4096,16777216,134217728,1,cycle,insertion,1914,134217728,1.00000000000000000,-0.000000000
4,6,4096,16777216,134217728,1,cycle,insertion,1915,134217728,1.00000000000000000,-0.000000000
4,6,4096,16777216,134217728,1,cycle,insertion,1916,134217728,1.00000000000000000,-0.000000000
4,6,4096,16777216,134217728,1,cycle,insertion,1917,134217728,1.00000000000000000,-0.000000000
4,6,4096,16777216,134217728,1,cycle,insertion,1918,134217728,1.00000000000000000,-0.000000000
4,6,4096,16777216,134217728,1,cycle,insertion,1919,134217728,1.00000000000000000,-0.000000000
4,6,4096,16777216,134217728,1,cycle,insertion,1920,134217728,1.00000000000000000,-0.000000000
4,6,4096,16777216,134217728,1,cycle,insertion,1921,134217728,1.00000000000000000,-0.000000000
4,6,4096,16777216,134217728,1,cycle,insertion,1922,134217728,1.00000000000000000,-0.000000000
4,6,4096,16777216,134217728,1,cycle,insertion,1923,134217728,1.00000000000000000,-0.000000000
4,6,4096,16777216,134217728,1,cycle,insertion,1924,134217728,1.00000000000000000,-0.000000000
4,6,4096,16777216,134217728,1,cycle,insertion,1925,134217728,1.00000000000000000,-0.000000000
4,6,4096,16777216,134217728,1,cycle,insertion,1926,134217728,1.00000000000000000,-0.000000000
4,6,4096,16777216,134217728,1,cycle,insertion,1927,134217728,1.00000000000000000,-0.000000000
4,6,4096,16777216,134217728,1,cycle,insertion,1928,134217728,1.00000000000000000,-0.000000000
4,6,4096,16777216,134217728,1,cycle,insertion,1929,134217728,1.00000000000000000,-0.000000000
4,6,4096,16777216,134217728,1,cycle,insertion,1930,134217728,1.00000000000000000,-0.000000000
4,6,4096,16777216,134217728,1,cycle,insertion,1931,134217728,1.00000000000000000,-0.000000000
4,6,4096,16777216,134217728,1,cycle,insertion,1932,134217728,1.00000000000000000,-0.000000000
4,6,4096,16777216,134217728,1,cycle,insertion,1933,134217728,1.00000000000000000,-0.000000000
4,6,4096,16777216,134217728,1,cycle,insertion,1934,134217728,1.00000000000000000,-0.000000000
4,6,4096,16777216,134217728,1,cycle,insertion,1935,134217728,1.00000000000000000,-0.000000000
4,6,4096,16777216,134217728,1,cycle,insertion,1936,134217728,1.00000000000000000,-0.000000000
4,6,4096,16777216,134217728,1,cycle,insertion,1937,134217728,1.00000000000000000,-0.000000000
4,6,4096,16777216,134217728,1,cycle,insertion,1938,134217728,1.00000000000000000,-0.000000000
4,6,4096,16777216,134217728,1,cycle,insertion,1939,134217728,1.00000000000000000,-0.000000000
4,6,4096,16777216,134217728,1,cycle,insertion,1940,134217728,1.00000000000000000,-0.000000000
4,6,4096,16777216,134217728,1,cycle,insertion,1941,134217728,1.00000000000000000,-0.000000000
4,6,4096,16777216,134217728,1,cycle,insertion,1942,134217728,1.00000000000000000,-0.000000000
4,6,4096,16777216,134217728,1,cycle,insertion,1943,134217728,1.00000000000000000,-0.000000000
4,6,4096,16777216,134217728,1,cycle,insertion,1944,134217728,1.00000000000000000,-0.000000000
4,6,4096,16777216,134217728,1,cycle,insertion,1945,134217728,1.00000000000000000,-0.000000000
4,6,4096,16777216,134217728,1,cycle,insertion,1946,134217728,1.00000000000000000,-0.000000000
4,6,4096,16777216,134217728,1,cycle,insertion,1947,134217728,1.00000000000000000,-0.000000000
4,6,4096,16777216,134217728,1,cycle,insertion,1948,134217728,1.00000000000000000,-0.000000000
4,6,4096,16777216,134217728,1,cycle,insertion,1949,134217728,1.00000000000000000,-0.000000000
4,6,4096,16777216,134217728,1,cycle,insertion,1950,134217728,1.00000000000000000,-0.000000000
4,6,4096,16777216,134217728,1,cycle,insertion,1951,134217728,1.00000000000000000,-0.000000000
4,6,4096,16777216,134217728,1,cycle,insertion,1952,134217728,1.00000000000000000,-0.000000000
4,6,4096,16777216,134217728,1,cycle,insertion,1953,134217728,1.00000000000000000,-0.000000000
4,6,4096,16777216,134217728,1,cycle,insertion,1954,134217728,1.00000000000000000,-0.000000000
4,6,4096,16777216,134217728,1,cycle,insertion,1955,134217728,1.00000000000000000,-0.000000000
4,6,4096,16777216,134217728,1,cycle,insertion,1956,134217728,1.00000000000000000,-0.000000000
4,6,4096,16777216,134217728,1,cycle,insertion,1957,134217728,1.00000000000000000,-0.000000000
4,6,4096,16777216,134217728,1,cycle,insertion,1958,134217728,1.00000000000000000,-0.000000000
4,6,4096,16777216,134217728,1,cycle,insertion,1959,134217728,1.00000000000000000,-0.000000000
4,6,4096,16777216,134217728,1,cycle,insertion,1960,134217728,1.00000000000000000,-0.000000000
4,6,4096,16777216,134217728,1,cycle,insertion,1961,134217728,1.00000000000000000,-0.000000000
4,6,4096,16777216,134217728,1,cycle,insertion,1962,134217728,1.00000000000000000,-0.000000000
4,6,4096,16777216,134217728,1,cycle,insertion,1963,134217728,1.00000000000000000,-0.000000000
4,6,4096,16777216,134217728,1,cycle,insertion,1964,134217728,1.00000000000000000,-0.000000000
4,6,4096,16777216,134217728,1,cycle,insertion,1965,134217728,1.00000000000000000,-0.000000000
4,6,4096,16777216,134217728,1,cycle,insertion,1966,134217728,1.00000000000000000,-0.000000000
4,6,4096,16777216,134217728,1,cycle,insertion,1967,134217728,1.00000000000000000,-0.000000000
4,6,4096,16777216,134217728,1,cycle,insertion,1968,134217728,1.00000000000000000,-0.000000000
4,6,4096,16777216,134217728,1,cycle,insertion,1969,134217728,1.00000000000000000,-0.000000000
4,6,4096,16777216,134217728,1,cycle,insertion,1970,134217728,1.00000000000000000,-0.000000000
4,6,4096,16777216,134217728,1,cycle,insertion,1971,134217728,1.00000000000000000,-0.000000000
4,6,4096,16777216,134217728,1,cycle,insertion,1972,134217728,1.00000000000000000,-0.000000000
4,6,4096,16777216,134217728,1,cycle,insertion,1973,134217728,1.00000000000000000,-0.000000000
4,6,4096,16777216,134217728,1,cycle,insertion,1974,134217728,1.00000000000000000,-0.000000000
4,6,4096,16777216,134217728,1,cycle,insertion,1975,134217728,1.00000000000000000,-0.000000000
4,6,4096,16777216,134217728,1,cycle,insertion,1976,134217728,1.00000000000000000,-0.000000000
4,6,4096,16777216,134217728,1,cycle,insertion,1977,134217728,1.00000000000000000,-0.000000000
4,6,4096,16777216,134217728,1,cycle,insertion,1978,134217728,1.00000000000000000,-0.000000000
4,6,4096,16777216,134217728,1,cycle,insertion,1979,134217728,1.00000000000000000,-0.000000000
4,6,4096,16777216,134217728,1,cycle,insertion,1980,134217728,1.00000000000000000,-0.000000000
4,6,4096,16777216,134217728,1,cycle,insertion,1981,134217728,1.00000000000000000,-0.000000000
4,6,4096,16777216,134217728,1,cycle,insertion,1982,134217728,1.00000000000000000,-0.000000000
4,6,4096,16777216,134217728,1,cycle,insertion,1983,134217728,1.00000000000000000,-0.000000000
4,6,4096,16777216,134217728,1,cycle,insertion,1984,134217728,1.00000000000000000,-0.000000000
4,6,4096,16777216,134217728,1,cycle,insertion,1985,134217728,1.00000000000000000,-0.000000000
4,6,4096,16777216,134217728,1,cycle,insertion,1986,134217728,1.00000000000000000,-0.000000000
4,6,4096,16777216,134217728,1,cycle,insertion,1987,134217728,1.00000000000000000,-0.000000000
4,6,4096,16777216,134217728,1,cycle,insertion,1988,134217728,1.00000000000000000,-0.000000000
4,6,4096,16777216,134217728,1,cycle,insertion,1989,134217728,1.00000000000000000,-0.000000000
4,6,4096,16777216,134217728,1,cycle,insertion,1990,134217728,1.00000000000000000,-0.000000000
4,6,4096,16777216,134217728,1,cycle,insertion,1991,134217728,1.00000000000000000,-0.000000000
4,6,4096,16777216,134217728,1,cycle,insertion,1992,134217728,1.00000000000000000,-0.000000000
4,6,4096,16777216,134217728,1,cycle,insertion,1993,134217728,1.00000000000000000,-0.000000000
4,6,4096,16777216,134217728,1,cycle,insertion,1994,134217728,1.00000000000000000,-0.000000000
4,6,4096,16777216,134217728,1,cycle,insertion,1995,134217728,1.00000000000000000,-0.000000000
4,6,4096,16777216,134217728,1,cycle,insertion,1996,134217728,1.00000000000000000,-0.000000000
4,6,4096,16777216,134217728,1,cycle,insertion,1997,134217728,1.00000000000000000,-0.000000000
4,6,4096,16777216,134217728,1,cycle,insertion,1998,134217728,1.00000000000000000,-0.000000000
4,6,4096,16777216,134217728,1,cycle,insertion,1999,134217728,1.00000000000000000,-0.000000000
4,6,4096,16777216,134217728,1,cycle,insertion,2000,134217728,1.00000000000000000,-0.000000000
4,6,4096,16777216,134217728,1,cycle,insertion,2001,134217728,1.00000000000000000,-0.000000000
4,6,4096,16777216,134217728,1,cycle,insertion,2002,134217728,1.00000000000000000,-0.000000000
4,6,4096,16777216,134217728,1,cycle,insertion,2003,134217728,1.00000000000000000,-0.000000000
4,6,4096,16777216,134217728,1,cycle,insertion,2004,134217728,1.00000000000000000,-0.000000000
4,6,4096,16777216,134217728,1,cycle,insertion,2005,134217728,1.00000000000000000,-0.000000000
4,6,4096,16777216,134217728,1,cycle,insertion,2006,134217728,1.00000000000000000,-0.000000000
4,6,4096,16777216,134217728,1,cycle,insertion,2007,134217728,1.00000000000000000,-0.000000000
4,6,4096,16777216,134217728,1,cycle,insertion,2008,134217728,1.00000000000000000,-0.000000000
4,6,4096,16777216,134217728,1,cycle,insertion,2009,134217728,1.00000000000000000,-0.000000000
4,6,4096,16777216,134217728,1,cycle,insertion,2010,134217728,1.00000000000000000,-0.000000000
4,6,4096,16777216,134217728,1,cycle,insertion,2011,134217728,1.00000000000000000,-0.000000000
4,6,4096,16777216,134217728,1,cycle,insertion,2012,134217728,1.00000000000000000,-0.000000000
4,6,4096,16777216,134217728,1,cycle,insertion,2013,134217728,1.00000000000000000,-0.000000000
4,6,4096,16777216,134217728,1,cycle,insertion,2014,134217728,1.00000000000000000,-0.000000000
4,6,4096,16777216,134217728,1,cycle,insertion,2015,134217728,1.00000000000000000,-0.000000000
4,6,4096,16777216,134217728,1,cycle,insertion,2016,134217728,1.00000000000000000,-0.000000000
4,6,4096,16777216,134217728,1,cycle,insertion,2017,134217728,1.00000000000000000,-0.000000000
4,6,4096,16777216,134217728,1,cycle,insertion,2018,134217728,1.00000000000000000,-0.000000000
4,6,4096,16777216,134217728,1,cycle,insertion,2019,134217728,1.00000000000000000,-0.000000000
4,6,4096,16777216,134217728,1,cycle,insertion,2020,134217728,1.00000000000000000,-0.000000000
4,6,4096,16777216,134217728,1,cycle,insertion,2021,134217728,1.00000000000000000,-0.000000000
4,6,4096,16777216,134217728,1,cycle,insertion,2022,134217728,1.00000000000000000,-0.000000000
4,6,4096,16777216,134217728,1,cycle,insertion,2023,134217728,1.00000000000000000,-0.000000000
4,6,4096,16777216,134217728,1,cycle,insertion,2024,134217728,1.00000000000000000,-0.000000000
4,6,4096,16777216,134217728,1,cycle,insertion,2025,134217728,1.00000000000000000,-0.000000000
4,6,4096,16777216,134217728,1,cycle,insertion,2026,134217728,1.00000000000000000,-0.000000000
4,6,4096,16777216,134217728,1,cycle,insertion,2027,134217728,1.00000000000000000,-0.000000000
4,6,4096,16777216,134217728,1,cycle,insertion,2028,134217728,1.00000000000000000,-0.000000000
4,6,4096,16777216,134217728,1,cycle,insertion,2029,134217728,1.00000000000000000,-0.000000000
4,6,4096,16777216,134217728,1,cycle,insertion,2030,134217728,1.00000000000000000,-0.000000000
4,6,4096,16777216,134217728,1,cycle,insertion,2031,134217728,1.00000000000000000,-0.000000000
4,6,4096,16777216,134217728,1,cycle,insertion,2032,134217728,1.00000000000000000,-0.000000000
4,6,4096,16777216,134217728,1,cycle,insertion,2033,134217728,1.00000000000000000,-0.000000000
4,6,4096,16777216,134217728,1,cycle,insertion,2034,134217728,1.00000000000000000,-0.000000000
4,6,4096,16777216,134217728,1,cycle,insertion,2035,134217728,1.00000000000000000,-0.000000000
4,6,4096,16777216,134217728,1,cycle,insertion,2036,134217728,1.00000000000000000,-0.000000000
4,6,4096,16777216,134217728,1,cycle,insertion,2037,134217728,1.00000000000000000,-0.000000000
4,6,4096,16777216,134217728,1,cycle,insertion,2038,134217728,1.00000000000000000,-0.000000000
4,6,4096,16777216,134217728,1,cycle,insertion,2039,134217728,1.00000000000000000,-0.000000000
4,6,4096,16777216,134217728,1,cycle,insertion,2040,134217728,1.00000000000000000,-0.000000000
4,6,4096,16777216,134217728,1,cycle,insertion,2041,134217728,1.00000000000000000,-0.000000000
4,6,4096,16777216,134217728,1,cycle,insertion,2042,134217728,1.00000000000000000,-0.000000000
4,6,4096,16777216,134217728,1,cycle,insertion,2043,134217728,1.00000000000000000,-0.000000000
4,6,4096,16777216,134217728,1,cycle,insertion,2044,134217728,1.00000000000000000,-0.000000000
4,6,4096,16777216,134217728,1,cycle,insertion,2045,134217728,1.00000000000000000,-0.000000000
4,6,4096,16777216,134217728,1,cycle,insertion,2046,134217728,1.00000000000000000,-0.000000000
4,6,4096,16777216,134217728,1,cycle,insertion,2047,134217728,1.00000000000000000,-0.000000000
4,6,4096,16777216,134217728,1,cycle,insertion,2048,134217728,1.00000000000000000,-0.000000000
4,6,4096,16777216,134217728,1,cycle,insertion,2049,134217728,1.00000000000000000,-0.000000000
4,6,4096,16777216,134217728,1,cycle,insertion,2050,134217728,1.00000000000000000,-0.000000000
4,6,4096,16777216,134217728,1,cycle,insertion,2051,134217728,1.00000000000000000,-0.000000000
4,6,4096,16777216,134217728,1,cycle,insertion,2052,134217728,1.00000000000000000,-0.000000000
4,6,4096,16777216,134217728,1,cycle,insertion,2053,134217728,1.00000000000000000,-0.000000000
4,6,4096,16777216,134217728,1,cycle,insertion,2054,134217728,1.00000000000000000,-0.000000000
4,6,4096,16777216,134217728,1,cycle,insertion,2055,134217728,1.00000000000000000,-0.000000000
4,6,4096,16777216,134217728,1,cycle,insertion,2056,134217728,1.00000000000000000,-0.000000000
4,6,4096,16777216,134217728,1,cycle,insertion,2057,134217728,1.00000000000000000,-0.000000000
4,6,4096,16777216,134217728,1,cycle,insertion,2058,134217728,1.00000000000000000,-0.000000000
4,6,4096,16777216,134217728,1,cycle,insertion,2059,134217728,1.00000000000000000,-0.000000000
4,6,4096,16777216,134217728,1,cycle,insertion,2060,134217728,1.00000000000000000,-0.000000000
4,6,4096,16777216,134217728,1,cycle,insertion,2061,134217728,1.00000000000000000,-0.000000000
4,6,4096,16777216,134217728,1,cycle,insertion,2062,134217728,1.00000000000000000,-0.000000000
4,6,4096,16777216,134217728,1,cycle,insertion,2063,134217728,1.00000000000000000,-0.000000000
4,6,4096,16777216,134217728,1,cycle,insertion,2064,134217728,1.00000000000000000,-0.000000000
4,6,4096,16777216,134217728,1,cycle,insertion,2065,134217728,1.00000000000000000,-0.000000000
4,6,4096,16777216,134217728,1,cycle,insertion,2066,134217728,1.00000000000000000,-0.000000000
4,6,4096,16777216,134217728,1,cycle,insertion,2067,134217728,1.00000000000000000,-0.000000000
4,6,4096,16777216,134217728,1,cycle,insertion,2068,134217728,1.00000000000000000,-0.000000000
4,6,4096,16777216,134217728,1,cycle,insertion,2069,134217728,1.00000000000000000,-0.000000000
4,6,4096,16777216,134217728,1,cycle,insertion,2070,134217728,1.00000000000000000,-0.000000000
4,6,4096,16777216,134217728,1,cycle,insertion,2071,134217728,1.00000000000000000,-0.000000000
4,6,4096,16777216,134217728,1,cycle,insertion,2072,134217728,1.00000000000000000,-0.000000000
4,6,4096,16777216,134217728,1,cycle,insertion,2073,134217728,1.00000000000000000,-0.000000000
4,6,4096,16777216,134217728,1,cycle,insertion,2074,134217728,1.00000000000000000,-0.000000000
4,6,4096,16777216,134217728,1,cycle,insertion,2075,134217728,1.00000000000000000,-0.000000000
4,6,4096,16777216,134217728,1,cycle,insertion,2076,134217728,1.00000000000000000,-0.000000000
4,6,4096,16777216,134217728,1,cycle,insertion,2077,134217728,1.00000000000000000,-0.000000000
4,6,4096,16777216,134217728,1,cycle,insertion,2078,134217728,1.00000000000000000,-0.000000000
4,6,4096,16777216,134217728,1,cycle,insertion,2079,134217728,1.00000000000000000,-0.000000000
4,6,4096,16777216,134217728,1,cycle,insertion,2080,134217728,1.00000000000000000,-0.000000000
4,6,4096,16777216,134217728,1,cycle,insertion,2081,134217728,1.00000000000000000,-0.000000000
4,6,4096,16777216,134217728,1,cycle,insertion,2082,134217728,1.00000000000000000,-0.000000000
4,6,4096,16777216,134217728,1,cycle,insertion,2083,134217728,1.00000000000000000,-0.000000000
4,6,4096,16777216,134217728,1,cycle,insertion,2084,134217728,1.00000000000000000,-0.000000000
4,6,4096,16777216,134217728,1,cycle,insertion,2085,134217728,1.00000000000000000,-0.000000000
4,6,4096,16777216,134217728,1,cycle,insertion,2086,134217728,1.00000000000000000,-0.000000000
4,6,4096,16777216,134217728,1,cycle,insertion,2087,134217728,1.00000000000000000,-0.000000000
4,6,4096,16777216,134217728,1,cycle,insertion,2088,134217728,1.00000000000000000,-0.000000000
4,6,4096,16777216,134217728,1,cycle,insertion,2089,134217728,1.00000000000000000,-0.000000000
4,6,4096,16777216,134217728,1,cycle,insertion,2090,134217728,1.00000000000000000,-0.000000000
4,6,4096,16777216,134217728,1,cycle,insertion,2091,134217728,1.00000000000000000,-0.000000000
4,6,4096,16777216,134217728,1,cycle,insertion,2092,134217728,1.00000000000000000,-0.000000000
4,6,4096,16777216,134217728,1,cycle,insertion,2093,134217728,1.00000000000000000,-0.000000000
4,6,4096,16777216,134217728,1,cycle,insertion,2094,134217728,1.00000000000000000,-0.000000000
4,6,4096,16777216,134217728,1,cycle,insertion,2095,134217728,1.00000000000000000,-0.000000000
4,6,4096,16777216,134217728,1,cycle,insertion,2096,134217728,1.00000000000000000,-0.000000000
4,6,4096,16777216,134217728,1,cycle,insertion,2097,134217728,1.00000000000000000,-0.000000000
4,6,4096,16777216,134217728,1,cycle,insertion,2098,134217728,1.00000000000000000,-0.000000000
4,6,4096,16777216,134217728,1,cycle,insertion,2099,134217728,1.00000000000000000,-0.000000000
4,6,4096,16777216,134217728,1,cycle,insertion,2100,134217728,1.00000000000000000,-0.000000000
4,6,4096,16777216,134217728,1,cycle,insertion,2101,134217728,1.00000000000000000,-0.000000000
4,6,4096,16777216,134217728,1,cycle,insertion,2102,134217728,1.00000000000000000,-0.000000000
4,6,4096,16777216,134217728,1,cycle,insertion,2103,134217728,1.00000000000000000,-0.000000000
4,6,4096,16777216,134217728,1,cycle,insertion,2104,134217728,1.00000000000000000,-0.000000000
4,6,4096,16777216,134217728,1,cycle,insertion,2105,134217728,1.00000000000000000,-0.000000000
4,6,4096,16777216,134217728,1,cycle,insertion,2106,134217728,1.00000000000000000,-0.000000000
4,6,4096,16777216,134217728,1,cycle,insertion,2107,134217728,1.00000000000000000,-0.000000000
4,6,4096,16777216,134217728,1,cycle,insertion,2108,134217728,1.00000000000000000,-0.000000000
4,6,4096,16777216,134217728,1,cycle,insertion,2109,134217728,1.00000000000000000,-0.000000000
4,6,4096,16777216,134217728,1,cycle,insertion,2110,134217728,1.00000000000000000,-0.000000000
4,6,4096,16777216,134217728,1,cycle,insertion,2111,134217728,1.00000000000000000,-0.000000000
4,6,4096,16777216,134217728,1,cycle,insertion,2112,134217728,1.00000000000000000,-0.000000000
4,6,4096,16777216,134217728,1,cycle,insertion,2113,134217728,1.00000000000000000,-0.000000000
4,6,4096,16777216,134217728,1,cycle,insertion,2114,134217728,1.00000000000000000,-0.000000000
4,6,4096,16777216,134217728,1,cycle,insertion,2115,134217728,1.00000000000000000,-0.000000000
4,6,4096,16777216,134217728,1,cycle,insertion,2116,134217728,1.00000000000000000,-0.000000000
4,6,4096,16777216,134217728,1,cycle,insertion,2117,134217728,1.00000000000000000,-0.000000000
4,6,4096,16777216,134217728,1,cycle,insertion,2118,134217728,1.00000000000000000,-0.000000000
4,6,4096,16777216,134217728,1,cycle,insertion,2119,134217728,1.00000000000000000,-0.000000000
4,6,4096,16777216,134217728,1,cycle,insertion,2120,134217728,1.00000000000000000,-0.000000000
4,6,4096,16777216,134217728,1,cycle,insertion,2121,134217728,1.00000000000000000,-0.000000000
4,6,4096,16777216,134217728,1,cycle,insertion,2122,134217728,1.00000000000000000,-0.000000000
4,6,4096,16777216,134217728,1,cycle,insertion,2123,134217728,1.00000000000000000,-0.000000000
4,6,4096,16777216,134217728,1,cycle,insertion,2124,134217728,1.00000000000000000,-0.000000000
4,6,4096,16777216,134217728,1,cycle,insertion,2125,134217728,1.00000000000000000,-0.000000000
4,6,4096,16777216,134217728,1,cycle,insertion,2126,134217728,1.00000000000000000,-0.000000000
4,6,4096,16777216,134217728,1,cycle,insertion,2127,134217728,1.00000000000000000,-0.000000000
4,6,4096,16777216,134217728,1,cycle,insertion,2128,134217728,1.00000000000000000,-0.000000000
4,6,4096,16777216,134217728,1,cycle,insertion,2129,134217728,1.00000000000000000,-0.000000000
4,6,4096,16777216,134217728,1,cycle,insertion,2130,134217728,1.00000000000000000,-0.000000000
4,6,4096,16777216,134217728,1,cycle,insertion,2131,134217728,1.00000000000000000,-0.000000000
4,6,4096,16777216,134217728,1,cycle,insertion,2132,134217728,1.00000000000000000,-0.000000000
4,6,4096,16777216,134217728,1,cycle,insertion,2133,134217728,1.00000000000000000,-0.000000000
4,6,4096,16777216,134217728,1,cycle,insertion,2134,134217728,1.00000000000000000,-0.000000000
4,6,4096,16777216,134217728,1,cycle,insertion,2135,134217728,1.00000000000000000,-0.000000000
4,6,4096,16777216,134217728,1,cycle,insertion,2136,134217728,1.00000000000000000,-0.000000000
4,6,4096,16777216,134217728,1,cycle,insertion,2137,134217728,1.00000000000000000,-0.000000000
4,6,4096,16777216,134217728,1,cycle,insertion,2138,134217728,1.00000000000000000,-0.000000000
4,6,4096,16777216,134217728,1,cycle,insertion,2139,134217728,1.00000000000000000,-0.000000000
4,6,4096,16777216,134217728,1,cycle,insertion,2140,134217728,1.00000000000000000,-0.000000000
4,6,4096,16777216,134217728,1,cycle,insertion,2141,134217728,1.00000000000000000,-0.000000000
4,6,4096,16777216,134217728,1,cycle,insertion,2142,134217728,1.00000000000000000,-0.000000000
4,6,4096,16777216,134217728,1,cycle,insertion,2143,134217728,1.00000000000000000,-0.000000000
4,6,4096,16777216,134217728,1,cycle,insertion,2144,134217728,1.00000000000000000,-0.000000000
4,6,4096,16777216,134217728,1,cycle,insertion,2145,134217728,1.00000000000000000,-0.000000000
4,6,4096,16777216,134217728,1,cycle,insertion,2146,134217728,1.00000000000000000,-0.000000000
4,6,4096,16777216,134217728,1,cycle,insertion,2147,134217728,1.00000000000000000,-0.000000000
4,6,4096,16777216,134217728,1,cycle,insertion,2148,134217728,1.00000000000000000,-0.000000000
4,6,4096,16777216,134217728,1,cycle,insertion,2149,134217728,1.00000000000000000,-0.000000000
4,6,4096,16777216,134217728,1,cycle,insertion,2150,134217728,1.00000000000000000,-0.000000000
4,6,4096,16777216,134217728,1,cycle,insertion,2151,134217728,1.00000000000000000,-0.000000000
4,6,4096,16777216,134217728,1,cycle,insertion,2152,134217728,1.00000000000000000,-0.000000000
4,6,4096,16777216,134217728,1,cycle,insertion,2153,134217728,1.00000000000000000,-0.000000000
4,6,4096,16777216,134217728,1,cycle,insertion,2154,134217728,1.00000000000000000,-0.000000000
4,6,4096,16777216,134217728,1,cycle,insertion,2155,134217728,1.00000000000000000,-0.000000000
4,6,4096,16777216,134217728,1,cycle,insertion,2156,134217728,1.00000000000000000,-0.000000000
4,6,4096,16777216,134217728,1,cycle,insertion,2157,134217728,1.00000000000000000,-0.000000000
4,6,4096,16777216,134217728,1,cycle,insertion,2158,134217728,1.00000000000000000,-0.000000000
4,6,4096,16777216,134217728,1,cycle,insertion,2159,134217728,1.00000000000000000,-0.000000000
4,6,4096,16777216,134217728,1,cycle,insertion,2160,134217728,1.00000000000000000,-0.000000000
4,6,4096,16777216,134217728,1,cycle,insertion,2161,134217728,1.00000000000000000,-0.000000000
4,6,4096,16777216,134217728,1,cycle,insertion,2162,134217728,1.00000000000000000,-0.000000000
4,6,4096,16777216,134217728,1,cycle,insertion,2163,134217728,1.00000000000000000,-0.000000000
4,6,4096,16777216,134217728,1,cycle,insertion,2164,134217728,1.00000000000000000,-0.000000000
4,6,4096,16777216,134217728,1,cycle,insertion,2165,134217728,1.00000000000000000,-0.000000000
4,6,4096,16777216,134217728,1,cycle,insertion,2166,134217728,1.00000000000000000,-0.000000000
4,6,4096,16777216,134217728,1,cycle,insertion,2167,134217728,1.00000000000000000,-0.000000000
4,6,4096,16777216,134217728,1,cycle,insertion,2168,134217728,1.00000000000000000,-0.000000000
4,6,4096,16777216,134217728,1,cycle,insertion,2169,134217728,1.00000000000000000,-0.000000000
4,6,4096,16777216,134217728,1,cycle,insertion,2170,134217728,1.00000000000000000,-0.000000000
4,6,4096,16777216,134217728,1,cycle,insertion,2171,134217728,1.00000000000000000,-0.000000000
4,6,4096,16777216,134217728,1,cycle,insertion,2172,134217728,1.00000000000000000,-0.000000000
4,6,4096,16777216,134217728,1,cycle,insertion,2173,134217728,1.00000000000000000,-0.000000000
4,6,4096,16777216,134217728,1,cycle,insertion,2174,134217728,1.00000000000000000,-0.000000000
4,6,4096,16777216,134217728,1,cycle,insertion,2175,134217728,1.00000000000000000,-0.000000000
4,6,4096,16777216,134217728,1,cycle,insertion,2176,134217728,1.00000000000000000,-0.000000000
4,6,4096,16777216,134217728,1,cycle,insertion,2177,134217728,1.00000000000000000,-0.000000000
4,6,4096,16777216,134217728,1,cycle,insertion,2178,134217728,1.00000000000000000,-0.000000000
4,6,4096,16777216,134217728,1,cycle,insertion,2179,134217728,1.00000000000000000,-0.000000000
4,6,4096,16777216,134217728,1,cycle,insertion,2180,134217728,1.00000000000000000,-0.000000000
4,6,4096,16777216,134217728,1,cycle,insertion,2181,134217728,1.00000000000000000,-0.000000000
4,6,4096,16777216,134217728,1,cycle,insertion,2182,134217728,1.00000000000000000,-0.000000000
4,6,4096,16777216,134217728,1,cycle,insertion,2183,134217728,1.00000000000000000,-0.000000000
4,6,4096,16777216,134217728,1,cycle,insertion,2184,134217728,1.00000000000000000,-0.000000000
4,6,4096,16777216,134217728,1,cycle,insertion,2185,134217728,1.00000000000000000,-0.000000000
4,6,4096,16777216,134217728,1,cycle,insertion,2186,134217728,1.00000000000000000,-0.000000000
4,6,4096,16777216,134217728,1,cycle,insertion,2187,134217728,1.00000000000000000,-0.000000000
4,6,4096,16777216,134217728,1,cycle,insertion,2188,134217728,1.00000000000000000,-0.000000000
4,6,4096,16777216,134217728,1,cycle,insertion,2189,134217728,1.00000000000000000,-0.000000000
4,6,4096,16777216,134217728,1,cycle,insertion,2190,134217728,1.00000000000000000,-0.000000000
4,6,4096,16777216,134217728,1,cycle,insertion,2191,134217728,1.00000000000000000,-0.000000000
4,6,4096,16777216,134217728,1,cycle,insertion,2192,134217728,1.00000000000000000,-0.000000000
4,6,4096,16777216,134217728,1,cycle,insertion,2193,134217728,1.00000000000000000,-0.000000000
4,6,4096,16777216,134217728,1,cycle,insertion,2194,134217728,1.00000000000000000,-0.000000000
4,6,4096,16777216,134217728,1,cycle,insertion,2195,134217728,1.00000000000000000,-0.000000000
4,6,4096,16777216,134217728,1,cycle,insertion,2196,134217728,1.00000000000000000,-0.000000000
4,6,4096,16777216,134217728,1,cycle,insertion,2197,134217728,1.00000000000000000,-0.000000000
4,6,4096,16777216,134217728,1,cycle,insertion,2198,134217728,1.00000000000000000,-0.000000000
4,6,4096,16777216,134217728,1,cycle,insertion,2199,134217728,1.00000000000000000,-0.000000000
4,6,4096,16777216,134217728,1,cycle,insertion,2200,134217728,1.00000000000000000,-0.000000000
4,6,4096,16777216,134217728,1,cycle,insertion,2201,134217728,1.00000000000000000,-0.000000000
4,6,4096,16777216,134217728,1,cycle,insertion,2202,134217728,1.00000000000000000,-0.000000000
4,6,4096,16777216,134217728,1,cycle,insertion,2203,134217728,1.00000000000000000,-0.000000000
4,6,4096,16777216,134217728,1,cycle,insertion,2204,134217728,1.00000000000000000,-0.000000000
4,6,4096,16777216,134217728,1,cycle,insertion,2205,134217728,1.00000000000000000,-0.000000000
4,6,4096,16777216,134217728,1,cycle,insertion,2206,134217728,1.00000000000000000,-0.000000000
4,6,4096,16777216,134217728,1,cycle,insertion,2207,134217728,1.00000000000000000,-0.000000000
4,6,4096,16777216,134217728,1,cycle,insertion,2208,134217728,1.00000000000000000,-0.000000000
4,6,4096,16777216,134217728,1,cycle,insertion,2209,134217728,1.00000000000000000,-0.000000000
4,6,4096,16777216,134217728,1,cycle,insertion,2210,134217728,1.00000000000000000,-0.000000000
4,6,4096,16777216,134217728,1,cycle,insertion,2211,134217728,1.00000000000000000,-0.000000000
4,6,4096,16777216,134217728,1,cycle,insertion,2212,134217728,1.00000000000000000,-0.000000000
4,6,4096,16777216,134217728,1,cycle,insertion,2213,134217728,1.00000000000000000,-0.000000000
4,6,4096,16777216,134217728,1,cycle,insertion,2214,134217728,1.00000000000000000,-0.000000000
4,6,4096,16777216,134217728,1,cycle,insertion,2215,134217728,1.00000000000000000,-0.000000000
4,6,4096,16777216,134217728,1,cycle,insertion,2216,134217728,1.00000000000000000,-0.000000000
4,6,4096,16777216,134217728,1,cycle,insertion,2217,134217728,1.00000000000000000,-0.000000000
4,6,4096,16777216,134217728,1,cycle,insertion,2218,134217728,1.00000000000000000,-0.000000000
4,6,4096,16777216,134217728,1,cycle,insertion,2219,134217728,1.00000000000000000,-0.000000000
4,6,4096,16777216,134217728,1,cycle,insertion,2220,134217728,1.00000000000000000,-0.000000000
4,6,4096,16777216,134217728,1,cycle,insertion,2221,134217728,1.00000000000000000,-0.000000000
4,6,4096,16777216,134217728,1,cycle,insertion,2222,134217728,1.00000000000000000,-0.000000000
4,6,4096,16777216,134217728,1,cycle,insertion,2223,134217728,1.00000000000000000,-0.000000000
4,6,4096,16777216,134217728,1,cycle,insertion,2224,134217728,1.00000000000000000,-0.000000000
4,6,4096,16777216,134217728,1,cycle,insertion,2225,134217728,1.00000000000000000,-0.000000000
4,6,4096,16777216,134217728,1,cycle,insertion,2226,134217728,1.00000000000000000,-0.000000000
4,6,4096,16777216,134217728,1,cycle,insertion,2227,134217728,1.00000000000000000,-0.000000000
4,6,4096,16777216,134217728,1,cycle,insertion,2228,134217728,1.00000000000000000,-0.000000000
4,6,4096,16777216,134217728,1,cycle,insertion,2229,134217728,1.00000000000000000,-0.000000000
4,6,4096,16777216,134217728,1,cycle,insertion,2230,134217728,1.00000000000000000,-0.000000000
4,6,4096,16777216,134217728,1,cycle,insertion,2231,134217728,1.00000000000000000,-0.000000000
4,6,4096,16777216,134217728,1,cycle,insertion,2232,134217728,1.00000000000000000,-0.000000000
4,6,4096,16777216,134217728,1,cycle,insertion,2233,134217728,1.00000000000000000,-0.000000000
4,6,4096,16777216,134217728,1,cycle,insertion,2234,134217728,1.00000000000000000,-0.000000000
4,6,4096,16777216,134217728,1,cycle,insertion,2235,134217728,1.00000000000000000,-0.000000000
4,6,4096,16777216,134217728,1,cycle,insertion,2236,134217728,1.00000000000000000,-0.000000000
4,6,4096,16777216,134217728,1,cycle,insertion,2237,134217728,1.00000000000000000,-0.000000000
4,6,4096,16777216,134217728,1,cycle,insertion,2238,134217728,1.00000000000000000,-0.000000000
4,6,4096,16777216,134217728,1,cycle,insertion,2239,134217728,1.00000000000000000,-0.000000000
4,6,4096,16777216,134217728,1,cycle,insertion,2240,134217728,1.00000000000000000,-0.000000000
4,6,4096,16777216,134217728,1,cycle,insertion,2241,134217728,1.00000000000000000,-0.000000000
4,6,4096,16777216,134217728,1,cycle,insertion,2242,134217728,1.00000000000000000,-0.000000000
4,6,4096,16777216,134217728,1,cycle,insertion,2243,134217728,1.00000000000000000,-0.000000000
4,6,4096,16777216,134217728,1,cycle,insertion,2244,134217728,1.00000000000000000,-0.000000000
4,6,4096,16777216,134217728,1,cycle,insertion,2245,134217728,1.00000000000000000,-0.000000000
4,6,4096,16777216,134217728,1,cycle,insertion,2246,134217728,1.00000000000000000,-0.000000000
4,6,4096,16777216,134217728,1,cycle,insertion,2247,134217728,1.00000000000000000,-0.000000000
4,6,4096,16777216,134217728,1,cycle,insertion,2248,134217728,1.00000000000000000,-0.000000000
4,6,4096,16777216,134217728,1,cycle,insertion,2249,134217728,1.00000000000000000,-0.000000000
4,6,4096,16777216,134217728,1,cycle,insertion,2250,134217728,1.00000000000000000,-0.000000000
4,6,4096,16777216,134217728,1,cycle,insertion,2251,134217728,1.00000000000000000,-0.000000000
4,6,4096,16777216,134217728,1,cycle,insertion,2252,134217728,1.00000000000000000,-0.000000000
4,6,4096,16777216,134217728,1,cycle,insertion,2253,134217728,1.00000000000000000,-0.000000000
4,6,4096,16777216,134217728,1,cycle,insertion,2254,134217728,1.00000000000000000,-0.000000000
4,6,4096,16777216,134217728,1,cycle,insertion,2255,134217728,1.00000000000000000,-0.000000000
4,6,4096,16777216,134217728,1,cycle,insertion,2256,134217728,1.00000000000000000,-0.000000000
4,6,4096,16777216,134217728,1,cycle,insertion,2257,134217728,1.00000000000000000,-0.000000000
4,6,4096,16777216,134217728,1,cycle,insertion,2258,134217728,1.00000000000000000,-0.000000000
4,6,4096,16777216,134217728,1,cycle,insertion,2259,134217728,1.00000000000000000,-0.000000000
4,6,4096,16777216,134217728,1,cycle,insertion,2260,134217728,1.00000000000000000,-0.000000000
4,6,4096,16777216,134217728,1,cycle,insertion,2261,134217728,1.00000000000000000,-0.000000000
4,6,4096,16777216,134217728,1,cycle,insertion,2262,134217728,1.00000000000000000,-0.000000000
4,6,4096,16777216,134217728,1,cycle,insertion,2263,134217728,1.00000000000000000,-0.000000000
4,6,4096,16777216,134217728,1,cycle,insertion,2264,134217728,1.00000000000000000,-0.000000000
4,6,4096,16777216,134217728,1,cycle,insertion,2265,134217728,1.00000000000000000,-0.000000000
4,6,4096,16777216,134217728,1,cycle,insertion,2266,134217728,1.00000000000000000,-0.000000000
4,6,4096,16777216,134217728,1,cycle,insertion,2267,134217728,1.00000000000000000,-0.000000000
4,6,4096,16777216,134217728,1,cycle,insertion,2268,134217728,1.00000000000000000,-0.000000000
4,6,4096,16777216,134217728,1,cycle,insertion,2269,134217728,1.00000000000000000,-0.000000000
4,6,4096,16777216,134217728,1,cycle,insertion,2270,134217728,1.00000000000000000,-0.000000000
4,6,4096,16777216,134217728,1,cycle,insertion,2271,134217728,1.00000000000000000,-0.000000000
4,6,4096,16777216,134217728,1,cycle,insertion,2272,134217728,1.00000000000000000,-0.000000000
4,6,4096,16777216,134217728,1,cycle,insertion,2273,134217728,1.00000000000000000,-0.000000000
4,6,4096,16777216,134217728,1,cycle,insertion,2274,134217728,1.00000000000000000,-0.000000000
4,6,4096,16777216,134217728,1,cycle,insertion,2275,134217728,1.00000000000000000,-0.000000000
4,6,4096,16777216,134217728,1,cycle,insertion,2276,134217728,1.00000000000000000,-0.000000000
4,6,4096,16777216,134217728,1,cycle,insertion,2277,134217728,1.00000000000000000,-0.000000000
4,6,4096,16777216,134217728,1,cycle,insertion,2278,134217728,1.00000000000000000,-0.000000000
4,6,4096,16777216,134217728,1,cycle,insertion,2279,134217728,1.00000000000000000,-0.000000000
4,6,4096,16777216,134217728,1,cycle,insertion,2280,134217728,1.00000000000000000,-0.000000000
4,6,4096,16777216,134217728,1,cycle,insertion,2281,134217728,1.00000000000000000,-0.000000000
4,6,4096,16777216,134217728,1,cycle,insertion,2282,134217728,1.00000000000000000,-0.000000000
4,6,4096,16777216,134217728,1,cycle,insertion,2283,134217728,1.00000000000000000,-0.000000000
4,6,4096,16777216,134217728,1,cycle,insertion,2284,134217728,1.00000000000000000,-0.000000000
4,6,4096,16777216,134217728,1,cycle,insertion,2285,134217728,1.00000000000000000,-0.000000000
4,6,4096,16777216,134217728,1,cycle,insertion,2286,134217728,1.00000000000000000,-0.000000000
4,6,4096,16777216,134217728,1,cycle,insertion,2287,134217728,1.00000000000000000,-0.000000000
4,6,4096,16777216,134217728,1,cycle,insertion,2288,134217728,1.00000000000000000,-0.000000000
4,6,4096,16777216,134217728,1,cycle,insertion,2289,134217728,1.00000000000000000,-0.000000000
4,6,4096,16777216,134217728,1,cycle,insertion,2290,134217728,1.00000000000000000,-0.000000000
4,6,4096,16777216,134217728,1,cycle,insertion,2291,134217720,0.99999994039535522,0.000000086
4,6,4096,16777216,134217728,1,cycle,insertion,2292,134217709,0.99999985843896866,0.000000204
4,6,4096,16777216,134217728,1,cycle,insertion,2293,134217697,0.99999976903200150,0.000000333
4,6,4096,16777216,134217728,1,cycle,insertion,2294,134217682,0.99999965727329254,0.000000494
4,6,4096,16777216,134217728,1,cycle,insertion,2295,134217653,0.99999944120645523,0.000000806
4,6,4096,16777216,134217728,1,cycle,insertion,2296,134217643,0.99999936670064926,0.000000914
4,6,4096,16777216,134217728,1,cycle,insertion,2297,134217630,0.99999926984310150,0.000001053
4,6,4096,16777216,134217728,1,cycle,insertion,2298,134217598,0.99999903142452240,0.000001397
4,6,4096,16777216,134217728,1,cycle,insertion,2299,134217560,0.99999874830245972,0.000001806
4,6,4096,16777216,134217728,1,cycle,insertion,2300,134217511,0.99999838322401047,0.000002333
4,6,4096,16777216,134217728,1,cycle,insertion,2301,134217467,0.99999805539846420,0.000002805
4,6,4096,16777216,134217728,1,cycle,insertion,2302,134217432,0.99999779462814331,0.000003182
4,6,4096,16777216,134217728,1,cycle,insertion,2303,134217408,0.99999761581420898,0.000003440
4,6,4096,16777216,134217728,1,cycle,insertion,2304,134217379,0.99999739974737167,0.000003751
4,6,4096,16777216,134217728,1,cycle,insertion,2305,134217339,0.99999710172414780,0.000004181
4,6,4096,16777216,134217728,1,cycle,insertion,2306,134217322,0.99999697506427765,0.000004364
4,6,4096,16777216,134217728,1,cycle,insertion,2307,134217293,0.99999675899744034,0.000004676
4,6,4096,16777216,134217728,1,cycle,insertion,2308,134217265,0.99999655038118362,0.000004977
4,6,4096,16777216,134217728,1,cycle,insertion,2309,134217213,0.99999616295099258,0.000005536
4,6,4096,16777216,134217728,1,cycle,insertion,2310,134217165,0.99999580532312393,0.000006052
4,6,4096,16777216,134217728,1,cycle,insertion,2311,134217147,0.99999567121267319,0.000006245
4,6,4096,16777216,134217728,1,cycle,insertion,2312,134217123,0.99999549239873886,0.000006503
4,6,4096,16777216,134217728,1,cycle,insertion,2313,134217115,0.99999543279409409,0.000006589
4,6,4096,16777216,134217728,1,cycle,insertion,2314,134217105,0.99999535828828812,0.000006697
4,6,4096,16777216,134217728,1,cycle,insertion,2315,134217093,0.99999526888132095,0.000006826
4,6,4096,16777216,134217728,1,cycle,insertion,2316,134217079,0.99999516457319260,0.000006976
4,6,4096,16777216,134217728,1,cycle,insertion,2317,134217070,0.99999509751796722,0.000007073
4,6,4096,16777216,134217728,1,cycle,insertion,2318,134217061,0.99999503046274185,0.000007170
4,6,4096,16777216,134217728,1,cycle,insertion,2319,134217047,0.99999492615461349,0.000007320
4,6,4096,16777216,134217728,1,cycle,insertion,2320,134217031,0.99999480694532394,0.000007492
4,6,4096,16777216,134217728,1,cycle,insertion,2321,134217006,0.99999462068080902,0.000007761
4,6,4096,16777216,134217728,1,cycle,insertion,2322,134216987,0.99999447911977768,0.000007965
4,6,4096,16777216,134217728,1,cycle,insertion,2323,134216970,0.99999435245990753,0.000008148
4,6,4096,16777216,134217728,1,cycle,insertion,2324,134216961,0.99999428540468216,0.000008244
4,6,4096,16777216,134217728,1,cycle,insertion,2325,134216954,0.99999423325061798,0.000008320
4,6,4096,16777216,134217728,1,cycle,insertion,2326,134216937,0.99999410659074783,0.000008502
4,6,4096,16777216,134217728,1,cycle,insertion,2327,134216917,0.99999395757913589,0.000008717
4,6,4096,16777216,134217728,1,cycle,insertion,2328,134216902,0.99999384582042694,0.000008879
4,6,4096,16777216,134217728,1,cycle,insertion,2329,134216887,0.99999373406171799,0.000009040
4,6,4096,16777216,134217728,1,cycle,insertion,2330,134216844,0.99999341368675232,0.000009502
4,6,4096,16777216,134217728,1,cycle,insertion,2331,134216818,0.99999321997165680,0.000009782
4,6,4096,16777216,134217728,1,cycle,insertion,2332,134216789,0.99999300390481949,0.000010093
4,6,4096,16777216,134217728,1,cycle,insertion,2333,134216767,0.99999283999204636,0.000010330
4,6,4096,16777216,134217728,1,cycle,insertion,2334,134216729,0.99999255686998367,0.000010738
4,6,4096,16777216,134217728,1,cycle,insertion,2335,134216646,0.99999193847179413,0.000011630
4,6,4096,16777216,134217728,1,cycle,insertion,2336,134216554,0.99999125301837921,0.000012619
4,6,4096,16777216,134217728,1,cycle,insertion,2337,134216424,0.99999028444290161,0.000014017
4,6,4096,16777216,134217728,1,cycle,insertion,2338,134216264,0.99998909235000610,0.000015736
4,6,4096,16777216,134217728,1,cycle,insertion,2339,134216122,0.99998803436756134,0.000017263
4,6,4096,16777216,134217728,1,cycle,insertion,2340,134215994,0.99998708069324493,0.000018639
4,6,4096,16777216,134217728,1,cycle,insertion,2341,134215802,0.99998565018177032,0.000020703
4,6,4096,16777216,134217728,1,cycle,insertion,2342,134215649,0.99998451024293900,0.000022347
4,6,4096,16777216,134217728,1,cycle,insertion,2343,134215500,0.99998340010643005,0.000023949
4,6,4096,16777216,134217728,1,cycle,insertion,2344,134215328,0.99998211860656738,0.000025798
4,6,4096,16777216,134217728,1,cycle,insertion,2345,134215143,0.99998074024915695,0.000027786
4,6,4096,16777216,134217728,1,cycle,insertion,2346,134214964,0.99997940659523010,0.000029710
4,6,4096,16777216,134217728,1,cycle,insertion,2347,134214787,0.99997808784246445,0.000031613
4,6,4096,16777216,134217728,1,cycle,insertion,2348,134214637,0.99997697025537491,0.000033225
4,6,4096,16777216,134217728,1,cycle,insertion,2349,134214464,0.99997568130493164,0.000035085
4,6,4096,16777216,134217728,1,cycle,insertion,2350,134214273,0.99997425824403763,0.000037138
4,6,4096,16777216,134217728,1,cycle,insertion,2351,134214099,0.99997296184301376,0.000039008
4,6,4096,16777216,134217728,1,cycle,insertion,2352,134213934,0.99997173249721527,0.000040782
4,6,4096,16777216,134217728,1,cycle,insertion,2353,134213740,0.99997028708457947,0.000042867
4,6,4096,16777216,134217728,1,cycle,insertion,2354,134213533,0.99996874481439590,0.000045092
4,6,4096,16777216,134217728,1,cycle,insertion,2355,134213303,0.99996703118085861,0.000047565
4,6,4096,16777216,134217728,1,cycle,insertion,2356,134213057,0.99996519833803177,0.000050209
4,6,4096,16777216,134217728,1,cycle,insertion,2357,134212813,0.99996338039636612,0.000052832
4,6,4096,16777216,134217728,1,cycle,insertion,2358,134212539,0.99996133893728256,0.000055777
4,6,4096,16777216,134217728,1,cycle,insertion,2359,134212311,0.99995964020490646,0.000058228
4,6,4096,16777216,134217728,1,cycle,insertion,2360,134212112,0.99995815753936768,0.000060367
4,6,4096,16777216,134217728,1,cycle,insertion,2361,134211900,0.99995657801628113,0.000062646
4,6,4096,16777216,134217728,1,cycle,insertion,2362,134211707,0.99995514005422592,0.000064721
4,6,4096,16777216,134217728,1,cycle,insertion,2363,134211534,0.99995385110378265,0.000066580
4,6,4096,16777216,134217728,1,cycle,insertion,2364,134211345,0.99995244294404984,0.000068612
4,6,4096,16777216,134217728,1,cycle,insertion,2365,134211079,0.99995046108961105,0.000071471
4,6,4096,16777216,134217728,1,cycle,insertion,2366,134210806,0.99994842708110809,0.000074406
4,6,4096,16777216,134217728,1,cycle,insertion,2367,134210478,0.99994598329067230,0.000077932
4,6,4096,16777216,134217728,1,cycle,insertion,2368,134210179,0.99994375556707382,0.000081146
4,6,4096,16777216,134217728,1,cycle,insertion,2369,134209830,0.99994115531444550,0.000084897
4,6,4096,16777216,134217728,1,cycle,insertion,2370,134209462,0.99993841350078583,0.000088853
4,6,4096,16777216,134217728,1,cycle,insertion,2371,134209053,0.99993536621332169,0.000093250
4,6,4096,16777216,134217728,1,cycle,insertion,2372,134208589,0.99993190914392471,0.000098238
4,6,4096,16777216,134217728,1,cycle,insertion,2373,134208108,0.99992832541465759,0.000103408
4,6,4096,16777216,134217728,1,cycle,insertion,2374,134207518,0.99992392957210541,0.000109751
4,6,4096,16777216,134217728,1,cycle,insertion,2375,134206816,0.99991869926452637,0.000117297
4,6,4096,16777216,134217728,1,cycle,insertion,2376,134206099,0.99991335719823837,0.000125005
4,6,4096,16777216,134217728,1,cycle,insertion,2377,134205359,0.99990784376859665,0.000132959
4,6,4096,16777216,134217728,1,cycle,insertion,2378,134204550,0.99990181624889374,0.000141656
4,6,4096,16777216,134217728,1,cycle,insertion,2379,134203753,0.99989587813615799,0.000150224
4,6,4096,16777216,134217728,1,cycle,insertion,2380,134202930,0.99988974630832672,0.000159071
4,6,4096,16777216,134217728,1,cycle,insertion,2381,134202054,0.99988321959972382,0.000168488
4,6,4096,16777216,134217728,1,cycle,insertion,2382,134201044,0.99987569451332092,0.000179346
4,6,4096,16777216,134217728,1,cycle,insertion,2383,134199991,0.99986784905195236,0.000190666
4,6,4096,16777216,134217728,1,cycle,insertion,2384,134198983,0.99986033886671066,0.000201502
4,6,4096,16777216,134217728,1,cycle,insertion,2385,134197895,0.99985223263502121,0.000213199
4,6,4096,16777216,134217728,1,cycle,insertion,2386,134196703,0.99984335154294968,0.000226014
4,6,4096,16777216,134217728,1,cycle,insertion,2387,134195376,0.99983346462249756,0.000240280
4,6,4096,16777216,134217728,1,cycle,insertion,2388,134193990,0.99982313811779022,0.000255180
4,6,4096,16777216,134217728,1,cycle,insertion,2389,134192508,0.99981209635734558,0.000271113
4,6,4096,16777216,134217728,1,cycle,insertion,2390,134190884,0.99979999661445618,0.000288573
4,6,4096,16777216,134217728,1,cycle,insertion,2391,134189077,0.99978653341531754,0.000308000
4,6,4096,16777216,134217728,1,cycle,insertion,2392,134187278,0.99977312982082367,0.000327342
4,6,4096,16777216,134217728,1,cycle,insertion,2393,134185417,0.99975926429033279,0.000347350
4,6,4096,16777216,134217728,1,cycle,insertion,2394,134183334,0.99974374473094940,0.000369746
4,6,4096,16777216,134217728,1,cycle,insertion,2395,134181130,0.99972732365131378,0.000393442
4,6,4096,16777216,134217728,1,cycle,insertion,2396,134178871,0.99971049278974533,0.000417731
4,6,4096,16777216,134217728,1,cycle,insertion,2397,134176353,0.99969173222780228,0.000444805
4,6,4096,16777216,134217728,1,cycle,insertion,2398,134173755,0.99967237561941147,0.000472740
4,6,4096,16777216,134217728,1,cycle,insertion,2399,134170973,0.99965164810419083,0.000502653
4,6,4096,16777216,134217728,1,cycle,insertion,2400,134167808,0.99962806701660156,0.000536686
4,6,4096,16777216,134217728,1,cycle,insertion,2401,134164578,0.99960400164127350,0.000571418
4,6,4096,16777216,134217728,1,cycle,insertion,2402,134161054,0.99957774579524994,0.000609313
4,6,4096,16777216,134217728,1,cycle,insertion,2403,134157465,0.99955100566148758,0.000647907
4,6,4096,16777216,134217728,1,cycle,insertion,2404,134153773,0.99952349811792374,0.000687611
4,6,4096,16777216,134217728,1,cycle,insertion,2405,134149872,0.99949443340301514,0.000729563
4,6,4096,16777216,134217728,1,cycle,insertion,2406,134145826,0.99946428835391998,0.000773076
4,6,4096,16777216,134217728,1,cycle,insertion,2407,134141477,0.99943188577890396,0.000819848
4,6,4096,16777216,134217728,1,cycle,insertion,2408,134137085,0.99939916282892227,0.000867085
4,6,4096,16777216,134217728,1,cycle,insertion,2409,134132372,0.99936404824256897,0.000917776
4,6,4096,16777216,134217728,1,cycle,insertion,2410,134127491,0.99932768195867538,0.000970276
4,6,4096,16777216,134217728,1,cycle,insertion,2411,134121982,0.99928663671016693,0.001029533
4,6,4096,16777216,134217728,1,cycle,insertion,2412,134115978,0.99924190342426300,0.001094117
4,6,4096,16777216,134217728,1,cycle,insertion,2413,134109855,0.99919628351926804,0.001159984
4,6,4096,16777216,134217728,1,cycle,insertion,2414,134103364,0.99914792180061340,0.001229813
4,6,4096,16777216,134217728,1,cycle,insertion,2415,134096570,0.99909730255603790,0.001302905
4,6,4096,16777216,134217728,1,cycle,insertion,2416,134089332,0.99904337525367737,0.001380778
4,6,4096,16777216,134217728,1,cycle,insertion,2417,134081607,0.99898581951856613,0.001463896
4,6,4096,16777216,134217728,1,cycle,insertion,2418,134073361,0.99892438203096390,0.001552624
4,6,4096,16777216,134217728,1,cycle,insertion,2419,134064795,0.99886056035757065,0.001644801
4,6,4096,16777216,134217728,1,cycle,insertion,2420,134056016,0.99879515171051025,0.001739277
4,6,4096,16777216,134217728,1,cycle,insertion,2421,134046775,0.99872630089521408,0.001838731
4,6,4096,16777216,134217728,1,cycle,insertion,2422,134036752,0.99865162372589111,0.001946608
4,6,4096,16777216,134217728,1,cycle,insertion,2423,134026108,0.99857231974601746,0.002061179
4,6,4096,16777216,134217728,1,cycle,insertion,2424,134015090,0.99849022924900055,0.002179785
4,6,4096,16777216,134217728,1,cycle,insertion,2425,134003167,0.99840139597654343,0.002308143
4,6,4096,16777216,134217728,1,cycle,insertion,2426,133990783,0.99830912798643112,0.002441477
4,6,4096,16777216,134217728,1,cycle,insertion,2427,133977656,0.99821132421493530,0.002582824
4,6,4096,16777216,134217728,1,cycle,insertion,2428,133964401,0.99811256676912308,0.002725564
4,6,4096,16777216,134217728,1,cycle,insertion,2429,133950538,0.99800927937030792,0.002874865
4,6,4096,16777216,134217728,1,cycle,insertion,2430,133935993,0.99790091067552567,0.003031529
4,6,4096,16777216,134217728,1,cycle,insertion,2431,133920442,0.99778504669666290,0.003199046
4,6,4096,16777216,134217728,1,cycle,insertion,2432,133904280,0.99766463041305542,0.003373166
4,6,4096,16777216,134217728,1,cycle,insertion,2433,133887249,0.99753773957490921,0.003556671
4,6,4096,16777216,134217728,1,cycle,insertion,2434,133869524,0.99740567803382874,0.003747679
4,6,4096,16777216,134217728,1,cycle,insertion,2435,133850955,0.99726732820272446,0.003947809
4,6,4096,16777216,134217728,1,cycle,insertion,2436,133831636,0.99712339043617249,0.004156051
4,6,4096,16777216,134217728,1,cycle,insertion,2437,133811958,0.99697677791118622,0.004368194
4,6,4096,16777216,134217728,1,cycle,insertion,2438,133791425,0.99682379513978958,0.004589588
4,6,4096,16777216,134217728,1,cycle,insertion,2439,133769127,0.99665766209363937,0.004830051
4,6,4096,16777216,134217728,1,cycle,insertion,2440,133745952,0.99648499488830566,0.005080014
4,6,4096,16777216,134217728,1,cycle,insertion,2441,133721826,0.99630524218082428,0.005340280
4,6,4096,16777216,134217728,1,cycle,insertion,2442,133696632,0.99611753225326538,0.005612118
4,6,4096,16777216,134217728,1,cycle,insertion,2443,133670942,0.99592612683773041,0.005889361
4,6,4096,16777216,134217728,1,cycle,insertion,2444,133644492,0.99572905898094177,0.006174861
4,6,4096,16777216,134217728,1,cycle,insertion,2445,133616755,0.99552240222692490,0.006474314
4,6,4096,16777216,134217728,1,cycle,insertion,2446,133587423,0.99530386179685593,0.006791054
4,6,4096,16777216,134217728,1,cycle,insertion,2447,133556889,0.99507636576890945,0.007120847
4,6,4096,16777216,134217728,1,cycle,insertion,2448,133525036,0.99483904242515564,0.007464968
4,6,4096,16777216,134217728,1,cycle,insertion,2449,133492036,0.99459317326545715,0.007821566
4,6,4096,16777216,134217728,1,cycle,insertion,2450,133458238,0.99434135854244232,0.008186879
4,6,4096,16777216,134217728,1,cycle,insertion,2451,133422501,0.99407509714365005,0.008573251
4,6,4096,16777216,134217728,1,cycle,insertion,2452,133384967,0.99379544705152512,0.008979163
4,6,4096,16777216,134217728,1,cycle,insertion,2453,133345841,0.99350393563508987,0.009402412
4,6,4096,16777216,134217728,1,cycle,insertion,2454,133305016,0.99319976568222046,0.009844174
4,6,4096,16777216,134217728,1,cycle,insertion,2455,133264022,0.99289433658123016,0.010287900
4,6,4096,16777216,134217728,1,cycle,insertion,2456,133221300,0.99257603287696838,0.010750476
4,6,4096,16777216,134217728,1,cycle,insertion,2457,133177207,0.99224751442670822,0.011228052
4,6,4096,16777216,134217728,1,cycle,insertion,2458,133130793,0.99190170317888260,0.011730937
4,6,4096,16777216,134217728,1,cycle,insertion,2459,133083105,0.99154639989137650,0.012247809
4,6,4096,16777216,134217728,1,cycle,insertion,2460,133033384,0.99117594957351685,0.012786913
4,6,4096,16777216,134217728,1,cycle,insertion,2461,132981491,0.99078931659460068,0.013349782
4,6,4096,16777216,134217728,1,cycle,insertion,2462,132927029,0.99038354307413101,0.013940753
4,6,4096,16777216,134217728,1,cycle,insertion,2463,132870721,0.98996401578187943,0.014552009
4,6,4096,16777216,134217728,1,cycle,insertion,2464,132812085,0.98952714353799820,0.015188813
4,6,4096,16777216,134217728,1,cycle,insertion,2465,132751182,0.98907338082790375,0.015850534
4,6,4096,16777216,134217728,1,cycle,insertion,2466,132687627,0.98859985917806625,0.016541394
4,6,4096,16777216,134217728,1,cycle,insertion,2467,132622147,0.98811199516057968,0.017253525
4,6,4096,16777216,134217728,1,cycle,insertion,2468,132554828,0.98761042952537537,0.017986023
4,6,4096,16777216,134217728,1,cycle,insertion,2469,132485610,0.98709471523761749,0.018739572
4,6,4096,16777216,134217728,1,cycle,insertion,2470,132413102,0.98655448853969574,0.019529360
4,6,4096,16777216,134217728,1,cycle,insertion,2471,132338560,0.98599910736083984,0.020341754
4,6,4096,16777216,134217728,1,cycle,insertion,2472,132260842,0.98542006313800812,0.021189250
4,6,4096,16777216,134217728,1,cycle,insertion,2473,132180388,0.98482063412666321,0.022067105
4,6,4096,16777216,134217728,1,cycle,insertion,2474,132096566,0.98419611155986786,0.022982278
4,6,4096,16777216,134217728,1,cycle,insertion,2475,132009917,0.98355052620172501,0.023928927
4,6,4096,16777216,134217728,1,cycle,insertion,2476,131920078,0.98288117349147797,0.024911084
4,6,4096,16777216,134217728,1,cycle,insertion,2477,131827537,0.98219168931245804,0.025923479
4,6,4096,16777216,134217728,1,cycle,insertion,2478,131730738,0.98147048056125641,0.026983218
4,6,4096,16777216,134217728,1,cycle,insertion,2479,131630735,0.98072540014982224,0.028078852
4,6,4096,16777216,134217728,1,cycle,insertion,2480,131528390,0.97996287047863007,0.029201006
4,6,4096,16777216,134217728,1,cycle,insertion,2481,131423839,0.97918390482664108,0.030348251
4,6,4096,16777216,134217728,1,cycle,insertion,2482,131315828,0.97837916016578674,0.031534421
4,6,4096,16777216,134217728,1,cycle,insertion,2483,131203136,0.97753953933715820,0.032773037
4,6,4096,16777216,134217728,1,cycle,insertion,2484,131086715,0.97667213529348373,0.034053758
4,6,4096,16777216,134217728,1,cycle,insertion,2485,130967619,0.97578480094671249,0.035365083
4,6,4096,16777216,134217728,1,cycle,insertion,2486,130845744,0.97487676143646240,0.036708242
4,6,4096,16777216,134217728,1,cycle,insertion,2487,130720338,0.97394241392612457,0.038091622
4,6,4096,16777216,134217728,1,cycle,insertion,2488,130591374,0.97298155725002289,0.039515636
4,6,4096,16777216,134217728,1,cycle,insertion,2489,130457941,0.97198740392923355,0.040990477
4,6,4096,16777216,134217728,1,cycle,insertion,2490,130320919,0.97096651047468185,0.042506558
4,6,4096,16777216,134217728,1,cycle,insertion,2491,130179452,0.96991249918937683,0.044073495
4,6,4096,16777216,134217728,1,cycle,insertion,2492,130033103,0.96882211416959763,0.045696299
4,6,4096,16777216,134217728,1,cycle,insertion,2493,129883469,0.96770725399255753,0.047357418
4,6,4096,16777216,134217728,1,cycle,insertion,2494,129728212,0.96655049920082092,0.049082984
4,6,4096,16777216,134217728,1,cycle,insertion,2495,129569387,0.96536716073751450,0.050850344
4,6,4096,16777216,134217728,1,cycle,insertion,2496,129406008,0.96414989233016968,0.052670641
4,6,4096,16777216,134217728,1,cycle,insertion,2497,129237167,0.96289192885160446,0.054554210
4,6,4096,16777216,134217728,1,cycle,insertion,2498,129064308,0.96160402894020081,0.056485154
4,6,4096,16777216,134217728,1,cycle,insertion,2499,128887110,0.96028380095958710,0.058467254
4,6,4096,16777216,134217728,1,cycle,insertion,2500,128705652,0.95893183350563049,0.060499831
4,6,4096,16777216,134217728,1,cycle,insertion,2501,128518390,0.95753662288188934,0.062600428
4,6,4096,16777216,134217728,1,cycle,insertion,2502,128326513,0.95610702782869339,0.064755971
4,6,4096,16777216,134217728,1,cycle,insertion,2503,128128475,0.95463152974843979,0.066984108
4,6,4096,16777216,134217728,1,cycle,insertion,2504,127924947,0.95311512798070908,0.069277605
4,6,4096,16777216,134217728,1,cycle,insertion,2505,127716508,0.95156213641166687,0.071630228
4,6,4096,16777216,134217728,1,cycle,insertion,2506,127501454,0.94995985925197601,0.074061542
4,6,4096,16777216,134217728,1,cycle,insertion,2507,127280101,0.94831065088510513,0.076568355
4,6,4096,16777216,134217728,1,cycle,insertion,2508,127052250,0.94661302864551544,0.079153316
4,6,4096,16777216,134217728,1,cycle,insertion,2509,126817825,0.94486642628908157,0.081817702
4,6,4096,16777216,134217728,1,cycle,insertion,2510,126576953,0.94307179003953934,0.084560497
4,6,4096,16777216,134217728,1,cycle,insertion,2511,126331647,0.94124411791563034,0.087359151
4,6,4096,16777216,134217728,1,cycle,insertion,2512,126080849,0.93937552720308304,0.090226086
4,6,4096,16777216,134217728,1,cycle,insertion,2513,125825380,0.93747213482856750,0.093152286
4,6,4096,16777216,134217728,1,cycle,insertion,2514,125563939,0.93552424758672714,0.096153048
4,6,4096,16777216,134217728,1,cycle,insertion,2515,125297492,0.93353906273841858,0.099217703
4,6,4096,16777216,134217728,1,cycle,insertion,2516,125024076,0.93150195479393005,0.102369298
4,6,4096,16777216,134217728,1,cycle,insertion,2517,124744933,0.92942217737436295,0.105594025
4,6,4096,16777216,134217728,1,cycle,insertion,2518,124459561,0.92729599028825760,0.108898178
4,6,4096,16777216,134217728,1,cycle,insertion,2519,124169380,0.92513397336006165,0.112265790
4,6,4096,16777216,134217728,1,cycle,insertion,2520,123871570,0.92291511595249176,0.115730131
4,6,4096,16777216,134217728,1,cycle,insertion,2521,123565670,0.92063598334789276,0.119297263
4,6,4096,16777216,134217728,1,cycle,insertion,2522,123253740,0.91831192374229431,0.122943817
4,6,4096,16777216,134217728,1,cycle,insertion,2523,122934845,0.91593597084283829,0.126681346
4,6,4096,16777216,134217728,1,cycle,insertion,2524,122610855,0.91352205723524094,0.130488531
4,6,4096,16777216,134217728,1,cycle,insertion,2525,122278514,0.91104592382907867,0.134404316
4,6,4096,16777216,134217728,1,cycle,insertion,2526,121939547,0.90852042287588120,0.138409149
4,6,4096,16777216,134217728,1,cycle,insertion,2527,121594688,0.90595102310180664,0.142495036
4,6,4096,16777216,134217728,1,cycle,insertion,2528,121243120,0.90333163738250732,0.146672358
4,6,4096,16777216,134217728,1,cycle,insertion,2529,120886400,0.90067386627197266,0.150923294
4,6,4096,16777216,134217728,1,cycle,insertion,2530,120521590,0.89795581996440887,0.155283630
4,6,4096,16777216,134217728,1,cycle,insertion,2531,120149537,0.89518380910158157,0.159744152
4,6,4096,16777216,134217728,1,cycle,insertion,2532,119770613,0.89236060529947281,0.164301270
4,6,4096,16777216,134217728,1,cycle,insertion,2533,119385521,0.88949144631624222,0.168947363
4,6,4096,16777216,134217728,1,cycle,insertion,2534,118993829,0.88657311350107193,0.173688483
4,6,4096,16777216,134217728,1,cycle,insertion,2535,118592734,0.88358472287654877,0.178559620
4,6,4096,16777216,134217728,1,cycle,insertion,2536,118183805,0.88053796440362930,0.183542888
4,6,4096,16777216,134217728,1,cycle,insertion,2537,117766829,0.87743125110864639,0.188642004
4,6,4096,16777216,134217728,1,cycle,insertion,2538,117343497,0.87427718192338943,0.193837349
4,6,4096,16777216,134217728,1,cycle,insertion,2539,116911549,0.87105891853570938,0.199157789
4,6,4096,16777216,134217728,1,cycle,insertion,2540,116473746,0.86779703199863434,0.204570443
4,6,4096,16777216,134217728,1,cycle,insertion,2541,116027262,0.86447046697139740,0.210111417
4,6,4096,16777216,134217728,1,cycle,insertion,2542,115572436,0.86108174920082092,0.215777884
4,6,4096,16777216,134217728,1,cycle,insertion,2543,115110094,0.85763703286647797,0.221560892
4,6,4096,16777216,134217728,1,cycle,insertion,2544,114642228,0.85415115952491760,0.227436688
4,6,4096,16777216,134217728,1,cycle,insertion,2545,114167697,0.85061562806367874,0.233420734
4,6,4096,16777216,134217728,1,cycle,insertion,2546,113689017,0.84704918414354324,0.239482352
4,6,4096,16777216,134217728,1,cycle,insertion,2547,113203040,0.84342837333679199,0.245662539
4,6,4096,16777216,134217728,1,cycle,insertion,2548,112709429,0.83975068479776382,0.251967028
4,6,4096,16777216,134217728,1,cycle,insertion,2549,112207455,0.83601068705320358,0.258406710
4,6,4096,16777216,134217728,1,cycle,insertion,2550,111698241,0.83221674710512161,0.264968774
4,6,4096,16777216,134217728,1,cycle,insertion,2551,111183412,0.82838097214698792,0.271633680
4,6,4096,16777216,134217728,1,cycle,insertion,2552,110661204,0.82449021935462952,0.278425715
4,6,4096,16777216,134217728,1,cycle,insertion,2553,110129481,0.82052857428789139,0.285374520
4,6,4096,16777216,134217728,1,cycle,insertion,2554,109588233,0.81649596244096756,0.292482343
4,6,4096,16777216,134217728,1,cycle,insertion,2555,109043131,0.81243463605642319,0.299676348
4,6,4096,16777216,134217728,1,cycle,insertion,2556,108491981,0.80832824856042862,0.306986829
4,6,4096,16777216,134217728,1,cycle,insertion,2557,107933032,0.80416375398635864,0.314438784
4,6,4096,16777216,134217728,1,cycle,insertion,2558,107366994,0.79994644224643707,0.322024683
4,6,4096,16777216,134217728,1,cycle,insertion,2559,106793857,0.79567623883485794,0.329746578
4,6,4096,16777216,134217728,1,cycle,insertion,2560,106211815,0.79133968800306320,0.337630980
4,6,4096,16777216,134217728,1,cycle,insertion,2561,105625249,0.78696943074464798,0.345620499
4,6,4096,16777216,134217728,1,cycle,insertion,2562,105032341,0.78255192190408707,0.353741618
4,6,4096,16777216,134217728,1,cycle,insertion,2563,104434372,0.77809670567512512,0.361978623
4,6,4096,16777216,134217728,1,cycle,insertion,2564,103829894,0.77359299361705780,0.370353366
4,6,4096,16777216,134217728,1,cycle,insertion,2565,103219137,0.76904249936342239,0.378864767
4,6,4096,16777216,134217728,1,cycle,insertion,2566,102604069,0.76445988565683365,0.387487295
4,6,4096,16777216,134217728,1,cycle,insertion,2567,101981425,0.75982082635164261,0.396268839
4,6,4096,16777216,134217728,1,cycle,insertion,2568,101349568,0.75511312484741211,0.405235302
4,6,4096,16777216,134217728,1,cycle,insertion,2569,100712845,0.75036916881799698,0.414327543
4,6,4096,16777216,134217728,1,cycle,insertion,2570,100072452,0.74559786915779114,0.423530358
4,6,4096,16777216,134217728,1,cycle,insertion,2571,99429023,0.74080394953489304,0.432836305
4,6,4096,16777216,134217728,1,cycle,insertion,2572,98777915,0.73595281690359116,0.442314819
4,6,4096,16777216,134217728,1,cycle,insertion,2573,98119193,0.73104495555162430,0.451967968
4,6,4096,16777216,134217728,1,cycle,insertion,2574,97455468,0.72609981894493103,0.461760202
4,6,4096,16777216,134217728,1,cycle,insertion,2575,96787971,0.72112657874822617,0.471675578
4,6,4096,16777216,134217728,1,cycle,insertion,2576,96116742,0.71612553298473358,0.481715588
4,6,4096,16777216,134217728,1,cycle,insertion,2577,95439626,0.71108062565326691,0.491914946
4,6,4096,16777216,134217728,1,cycle,insertion,2578,94758134,0.70600311458110809,0.502253547
4,6,4096,16777216,134217728,1,cycle,insertion,2579,94074921,0.70091278105974197,0.512693163
4,6,4096,16777216,134217728,1,cycle,insertion,2580,93385631,0.69577717036008835,0.523302752
4,6,4096,16777216,134217728,1,cycle,insertion,2581,92688915,0.69058623164892197,0.534106524
4,6,4096,16777216,134217728,1,cycle,insertion,2582,91984578,0.68533851206302643,0.545111334
4,6,4096,16777216,134217728,1,cycle,insertion,2583,91274411,0.68004735559225082,0.556292882
4,6,4096,16777216,134217728,1,cycle,insertion,2584,90563382,0.67474977672100067,0.567575501
4,6,4096,16777216,134217728,1,cycle,insertion,2585,89850195,0.66943611949682236,0.578981701
4,6,4096,16777216,134217728,1,cycle,insertion,2586,89131569,0.66408193856477737,0.590566834
4,6,4096,16777216,134217728,1,cycle,insertion,2587,88404812,0.65866717696189880,0.602378436
4,6,4096,16777216,134217728,1,cycle,insertion,2588,87676096,0.65323781967163086,0.614319776
4,6,4096,16777216,134217728,1,cycle,insertion,2589,86946819,0.64780428260564804,0.626370089
4,6,4096,16777216,134217728,1,cycle,insertion,2590,86211315,0.64232435077428818,0.638626104
4,6,4096,16777216,134217728,1,cycle,insertion,2591,85470831,0.63680731505155563,0.651071187
4,6,4096,16777216,134217728,1,cycle,insertion,2592,84729840,0.63128650188446045,0.663633191
4,6,4096,16777216,134217728,1,cycle,insertion,2593,83985076,0.62573757767677307,0.676370349
4,6,4096,16777216,134217728,1,cycle,insertion,2594,83241487,0.62019740790128708,0.689200599
4,6,4096,16777216,134217728,1,cycle,insertion,2595,82496166,0.61464433372020721,0.702176264
4,6,4096,16777216,134217728,1,cycle,insertion,2596,81747687,0.60906773060560226,0.715325425
4,6,4096,16777216,134217728,1,cycle,insertion,2597,80995349,0.60346237570047379,0.728664269
4,6,4096,16777216,134217728,1,cycle,insertion,2598,80244451,0.59786774963140488,0.742101704
4,6,4096,16777216,134217728,1,cycle,insertion,2599,79495176,0.59228521585464478,0.755636020
4,6,4096,16777216,134217728,1,cycle,insertion,2600,78743116,0.58668193221092224,0.769349532
4,6,4096,16777216,134217728,1,cycle,insertion,2601,77989621,0.58106795698404312,0.783221196
4,6,4096,16777216,134217728,1,cycle,insertion,2602,77232253,0.57542512565851212,0.797299878
4,6,4096,16777216,134217728,1,cycle,insertion,2603,76471537,0.56975734978914261,0.811580465
4,6,4096,16777216,134217728,1,cycle,insertion,2604,75708534,0.56407253444194794,0.826047403
4,6,4096,16777216,134217728,1,cycle,insertion,2605,74945205,0.55838529020547867,0.840667158
4,6,4096,16777216,134217728,1,cycle,insertion,2606,74178210,0.55267073214054108,0.855507881
4,6,4096,16777216,134217728,1,cycle,insertion,2607,73409664,0.54694461822509766,0.870533337
4,6,4096,16777216,134217728,1,cycle,insertion,2608,72639827,0.54120888561010361,0.885742569
4,6,4096,16777216,134217728,1,cycle,insertion,2609,71869064,0.53546625375747681,0.901132439
4,6,4096,16777216,134217728,1,cycle,insertion,2610,71094441,0.52969486266374588,0.916766578
4,6,4096,16777216,134217728,1,cycle,insertion,2611,70319902,0.52392409741878510,0.932570276
4,6,4096,16777216,134217728,1,cycle,insertion,2612,69544804,0.51814916729927063,0.948560607
4,6,4096,16777216,134217728,1,cycle,insertion,2613,68770075,0.51237698644399643,0.964722417
4,6,4096,16777216,134217728,1,cycle,insertion,2614,67994749,0.50660035759210587,0.981079999
4,6,4096,16777216,134217728,1,cycle,insertion,2615,67221042,0.50083579123020172,0.997590430
4,6,4096,16777216,134217728,1,cycle,insertion,2616,66447699,0.49507393687963486,1.014284094
4,6,4096,16777216,134217728,1,cycle,insertion,2617,65677269,0.48933378607034683,1.031109198
4,6,4096,16777216,134217728,1,cycle,insertion,2618,64905272,0.48358196020126343,1.048167668
4,6,4096,16777216,134217728,1,cycle,insertion,2619,64133066,0.47782857716083527,1.065434956
4,6,4096,16777216,134217728,1,cycle,insertion,2620,63363334,0.47209362685680389,1.082855088
4,6,4096,16777216,134217728,1,cycle,insertion,2621,62591501,0.46634302288293839,1.100536562
4,6,4096,16777216,134217728,1,cycle,insertion,2622,61823127,0.46061819046735764,1.118356709
4,6,4096,16777216,134217728,1,cycle,insertion,2623,61055297,0.45489741116762161,1.136386871
4,6,4096,16777216,134217728,1,cycle,insertion,2624,60291089,0.44920361787080765,1.154558548
4,6,4096,16777216,134217728,1,cycle,insertion,2625,59530006,0.44353310763835907,1.172886296
4,6,4096,16777216,134217728,1,cycle,insertion,2626,58769426,0.43786634504795074,1.191437528
4,6,4096,16777216,134217728,1,cycle,insertion,2627,58011042,0.43221594393253326,1.210175802
4,6,4096,16777216,134217728,1,cycle,insertion,2628,57254059,0.42657598108053207,1.229125360
4,6,4096,16777216,134217728,1,cycle,insertion,2629,56498967,0.42095010727643967,1.248278846
4,6,4096,16777216,134217728,1,cycle,insertion,2630,55747108,0.41534832119941711,1.267606372
4,6,4096,16777216,134217728,1,cycle,insertion,2631,54997074,0.40976013243198395,1.287148471
4,6,4096,16777216,134217728,1,cycle,insertion,2632,54251263,0.40420340746641159,1.306846611
4,6,4096,16777216,134217728,1,cycle,insertion,2633,53506325,0.39865318685770035,1.326793893
4,6,4096,16777216,134217728,1,cycle,insertion,2634,52764946,0.39312948286533356,1.346923532
4,6,4096,16777216,134217728,1,cycle,insertion,2635,52029679,0.38765131682157516,1.367168529
4,6,4096,16777216,134217728,1,cycle,insertion,2636,51299315,0.38220968097448349,1.387563774
4,6,4096,16777216,134217728,1,cycle,insertion,2637,50573411,0.37680127471685410,1.408124249
4,6,4096,16777216,134217728,1,cycle,insertion,2638,49849003,0.37140401452779770,1.428938685
4,6,4096,16777216,134217728,1,cycle,insertion,2639,49128047,0.36603247374296188,1.449956447
4,6,4096,16777216,134217728,1,cycle,insertion,2640,48413471,0.36070846766233444,1.471094804
4,6,4096,16777216,134217728,1,cycle,insertion,2641,47702196,0.35540905594825745,1.492447653
4,6,4096,16777216,134217728,1,cycle,insertion,2642,46992101,0.35011843591928482,1.514085064
4,6,4096,16777216,134217728,1,cycle,insertion,2643,46284008,0.34484273195266724,1.535989535
4,6,4096,16777216,134217728,1,cycle,insertion,2644,45579736,0.33959549665451050,1.558110767
4,6,4096,16777216,134217728,1,cycle,insertion,2645,44880379,0.33438488095998764,1.580418477
4,6,4096,16777216,134217728,1,cycle,insertion,2646,44185592,0.32920831441879272,1.602927322
4,6,4096,16777216,134217728,1,cycle,insertion,2647,43497375,0.32408069819211960,1.625574997
4,6,4096,16777216,134217728,1,cycle,insertion,2648,42811555,0.31897094100713730,1.648503098
4,6,4096,16777216,134217728,1,cycle,insertion,2649,42131177,0.31390172988176346,1.671615115
4,6,4096,16777216,134217728,1,cycle,insertion,2650,41456924,0.30887815356254578,1.694890260
4,6,4096,16777216,134217728,1,cycle,insertion,2651,40787953,0.30389393121004105,1.718360230
4,6,4096,16777216,134217728,1,cycle,insertion,2652,40122754,0.29893781244754791,1.742082701
4,6,4096,16777216,134217728,1,cycle,insertion,2653,39466161,0.29404581338167191,1.765887145
4,6,4096,16777216,134217728,1,cycle,insertion,2654,38816064,0.28920221328735352,1.789849501
4,6,4096,16777216,134217728,1,cycle,insertion,2655,38174355,0.28442110866308212,1.813899555
4,6,4096,16777216,134217728,1,cycle,insertion,2656,37539405,0.27969036251306534,1.838097552
4,6,4096,16777216,134217728,1,cycle,insertion,2657,36911537,0.27501238137483597,1.862431523
4,6,4096,16777216,134217728,1,cycle,insertion,2658,36286946,0.27035881578922272,1.887052695
4,6,4096,16777216,134217728,1,cycle,insertion,2659,35667118,0.26574073731899261,1.911908689
4,6,4096,16777216,134217728,1,cycle,insertion,2660,35053929,0.26117212325334549,1.936927179
4,6,4096,16777216,134217728,1,cycle,insertion,2661,34447104,0.25665092468261719,1.962120636
4,6,4096,16777216,134217728,1,cycle,insertion,2662,33848902,0.25219397246837616,1.987394300
4,6,4096,16777216,134217728,1,cycle,insertion,2663,33255041,0.24776936322450638,2.012930286
4,6,4096,16777216,134217728,1,cycle,insertion,2664,32664569,0.24337000399827957,2.038776732
4,6,4096,16777216,134217728,1,cycle,insertion,2665,32080605,0.23901913315057755,2.064801986
4,6,4096,16777216,134217728,1,cycle,insertion,2666,31502227,0.23470988124608994,2.091049515
4,6,4096,16777216,134217728,1,cycle,insertion,2667,30928540,0.23043558001518250,2.117564604
4,6,4096,16777216,134217728,1,cycle,insertion,2668,30361096,0.22620779275894165,2.144279464
4,6,4096,16777216,134217728,1,cycle,insertion,2669,29801133,0.22203574329614639,2.171136155
4,6,4096,16777216,134217728,1,cycle,insertion,2670,29248013,0.21791467815637589,2.198164719
4,6,4096,16777216,134217728,1,cycle,insertion,2671,28698984,0.21382409334182739,2.225503672
4,6,4096,16777216,134217728,1,cycle,insertion,2672,28158431,0.20979665964841843,2.252936387
4,6,4096,16777216,134217728,1,cycle,insertion,2673,27623916,0.20581421256065369,2.280585483
4,6,4096,16777216,134217728,1,cycle,insertion,2674,27097411,0.20189144462347031,2.308348319
4,6,4096,16777216,134217728,1,cycle,insertion,2675,26578744,0.19802707433700562,2.336230405
4,6,4096,16777216,134217728,1,cycle,insertion,2676,26065934,0.19420634210109711,2.364337780
4,6,4096,16777216,134217728,1,cycle,insertion,2677,25559507,0.19043316692113876,2.392643326
4,6,4096,16777216,134217728,1,cycle,insertion,2678,25061914,0.18672581017017365,2.421006737
4,6,4096,16777216,134217728,1,cycle,insertion,2679,24572337,0.18307817727327347,2.449468261
4,6,4096,16777216,134217728,1,cycle,insertion,2680,24088011,0.17946966737508774,2.478188064
4,6,4096,16777216,134217728,1,cycle,insertion,2681,23609239,0.17590253800153732,2.507151796
4,6,4096,16777216,134217728,1,cycle,insertion,2682,23136511,0.17238043993711472,2.536332014
4,6,4096,16777216,134217728,1,cycle,insertion,2683,22673877,0.16893354803323746,2.565472238
4,6,4096,16777216,134217728,1,cycle,insertion,2684,22219364,0.16554716229438782,2.594685814
4,6,4096,16777216,134217728,1,cycle,insertion,2685,21770415,0.16220223158597946,2.624134427
4,6,4096,16777216,134217728,1,cycle,insertion,2686,21327745,0.15890408307313919,2.653771899
4,6,4096,16777216,134217728,1,cycle,insertion,2687,20892880,0.15566408634185791,2.683491960
4,6,4096,16777216,134217728,1,cycle,insertion,2688,20462733,0.15245924144983292,2.713504492
4,6,4096,16777216,134217728,1,cycle,insertion,2689,20037557,0.14929143339395523,2.743796711
4,6,4096,16777216,134217728,1,cycle,insertion,2690,19616560,0.14615476131439209,2.774431266
4,6,4096,16777216,134217728,1,cycle,insertion,2691,19200843,0.14305742830038071,2.805333683
4,6,4096,16777216,134217728,1,cycle,insertion,2692,18792242,0.14001311361789703,2.836366139
4,6,4096,16777216,134217728,1,cycle,insertion,2693,18390632,0.13702088594436646,2.867532277
4,6,4096,16777216,134217728,1,cycle,insertion,2694,17995416,0.13407629728317261,2.898873882
4,6,4096,16777216,134217728,1,cycle,insertion,2695,17604488,0.13116365671157837,2.930560067
4,6,4096,16777216,134217728,1,cycle,insertion,2696,17218830,0.12829028069972992,2.962516219
4,6,4096,16777216,134217728,1,cycle,insertion,2697,16839183,0.12546169012784958,2.994681192
4,6,4096,16777216,134217728,1,cycle,insertion,2698,16465558,0.12267796695232391,3.027051932
4,6,4096,16777216,134217728,1,cycle,insertion,2699,16098454,0.11994282901287079,3.059581189
4,6,4096,16777216,134217728,1,cycle,insertion,2700,15736286,0.11724446713924408,3.092408252
4,6,4096,16777216,134217728,1,cycle,insertion,2701,15381990,0.11460475623607635,3.125261176
4,6,4096,16777216,134217728,1,cycle,insertion,2702,15033298,0.11200679838657379,3.158341794
4,6,4096,16777216,134217728,1,cycle,insertion,2703,14690914,0.10945583879947662,3.191579179
4,6,4096,16777216,134217728,1,cycle,insertion,2704,14353607,0.10694270581007004,3.225090010
4,6,4096,16777216,134217728,1,cycle,insertion,2705,14022332,0.10447451472282410,3.258777037
4,6,4096,16777216,134217728,1,cycle,insertion,2706,13695895,0.10204236954450607,3.292759789
4,6,4096,16777216,134217728,1,cycle,insertion,2707,13376464,0.09966242313385010,3.326806538
4,6,4096,16777216,134217728,1,cycle,insertion,2708,13064227,0.09733607620000839,3.360881572
4,6,4096,16777216,134217728,1,cycle,insertion,2709,12754811,0.09503074735403061,3.395461814
4,6,4096,16777216,134217728,1,cycle,insertion,2710,12453439,0.09278535097837448,3.429959140
4,6,4096,16777216,134217728,1,cycle,insertion,2711,12154231,0.09055607765913010,3.465044719
4,6,4096,16777216,134217728,1,cycle,insertion,2712,11861521,0.08837521821260452,3.500214318
4,6,4096,16777216,134217728,1,cycle,insertion,2713,11573110,0.08622638881206512,3.535726729
4,6,4096,16777216,134217728,1,cycle,insertion,2714,11291181,0.08412585407495499,3.571306943
4,6,4096,16777216,134217728,1,cycle,insertion,2715,11016169,0.08207685500383377,3.606880739
4,6,4096,16777216,134217728,1,cycle,insertion,2716,10746601,0.08006841689348221,3.642622908
4,6,4096,16777216,134217728,1,cycle,insertion,2717,10481002,0.07808955013751984,3.678726688
4,6,4096,16777216,134217728,1,cycle,insertion,2718,10223542,0.07617132365703583,3.714608224
4,6,4096,16777216,134217728,1,cycle,insertion,2719,9970987,0.07428964227437973,3.750695111
4,6,4096,16777216,134217728,1,cycle,insertion,2720,9722215,0.07243614643812180,3.787146392
4,6,4096,16777216,134217728,1,cycle,insertion,2721,9478369,0.07061935216188431,3.823792603
4,6,4096,16777216,134217728,1,cycle,insertion,2722,9240418,0.06884647905826569,3.860473316
4,6,4096,16777216,134217728,1,cycle,insertion,2723,9006890,0.06710655987262726,3.897402389
4,6,4096,16777216,134217728,1,cycle,insertion,2724,8780196,0.06541755795478821,3.934178285
4,6,4096,16777216,134217728,1,cycle,insertion,2725,8557712,0.06375992298126221,3.971206303
4,6,4096,16777216,134217728,1,cycle,insertion,2726,8339810,0.06213642656803131,4.008416915
4,6,4096,16777216,134217728,1,cycle,insertion,2727,8127492,0.06055453419685364,4.045621200
4,6,4096,16777216,134217728,1,cycle,insertion,2728,7918250,0.05899555981159210,4.083249813
4,6,4096,16777216,134217728,1,cycle,insertion,2729,7712008,0.05745893716812134,4.121324883
4,6,4096,16777216,134217728,1,cycle,insertion,2730,7509611,0.05595096200704575,4.159693253
4,6,4096,16777216,134217728,1,cycle,insertion,2731,7311971,0.05447842925786972,4.198171082
4,6,4096,16777216,134217728,1,cycle,insertion,2732,7118776,0.05303901433944702,4.236802225
4,6,4096,16777216,134217728,1,cycle,insertion,2733,6930613,0.05163709074258804,4.275448469
4,6,4096,16777216,134217728,1,cycle,insertion,2734,6746214,0.05026321113109589,4.314353347
4,6,4096,16777216,134217728,1,cycle,insertion,2735,6566256,0.04892241954803467,4.353360433
4,6,4096,16777216,134217728,1,cycle,insertion,2736,6389424,0.04760491847991943,4.392745551
4,6,4096,16777216,134217728,1,cycle,insertion,2737,6216701,0.04631803184747696,4.432282238
4,6,4096,16777216,134217728,1,cycle,insertion,2738,6046695,0.04505138844251633,4.472284621
4,6,4096,16777216,134217728,1,cycle,insertion,2739,5879949,0.04380903393030167,4.512627789
4,6,4096,16777216,134217728,1,cycle,insertion,2740,5716836,0.04259374737739563,4.553214527
4,6,4096,16777216,134217728,1,cycle,insertion,2741,5558711,0.04141562432050705,4.593681053
4,6,4096,16777216,134217728,1,cycle,insertion,2742,5404107,0.04026373475790024,4.634375191
4,6,4096,16777216,134217728,1,cycle,insertion,2743,5252474,0.03913398087024689,4.675434315
4,6,4096,16777216,134217728,1,cycle,insertion,2744,5105623,0.03803985565900803,4.716344418
4,6,4096,16777216,134217728,1,cycle,insertion,2745,4962442,0.03697307407855988,4.757381190
4,6,4096,16777216,134217728,1,cycle,insertion,2746,4822268,0.03592869639396667,4.798719599
4,6,4096,16777216,134217728,1,cycle,insertion,2747,4685789,0.03491184860467911,4.840139439
4,6,4096,16777216,134217728,1,cycle,insertion,2748,4552487,0.03391867130994797,4.881776533
4,6,4096,16777216,134217728,1,cycle,insertion,2749,4421217,0.03294063359498978,4.923987885
4,6,4096,16777216,134217728,1,cycle,insertion,2750,4292401,0.03198087960481644,4.966646570
4,6,4096,16777216,134217728,1,cycle,insertion,2751,4166516,0.03104296326637268,5.009589910
4,6,4096,16777216,134217728,1,cycle,insertion,2752,4043306,0.03012497723102570,5.052896039
4,6,4096,16777216,134217728,1,cycle,insertion,2753,3923761,0.02923429757356644,5.096194262
4,6,4096,16777216,134217728,1,cycle,insertion,2754,3805671,0.02835445851087570,5.140280585
4,6,4096,16777216,134217728,1,cycle,insertion,2755,3690951,0.02749972790479660,5.184438846
4,6,4096,16777216,134217728,1,cycle,insertion,2756,3580057,0.02667350322008133,5.228448873
4,6,4096,16777216,134217728,1,cycle,insertion,2757,3472369,0.02587116509675980,5.272511163
4,6,4096,16777216,134217728,1,cycle,insertion,2758,3366868,0.02508512139320374,5.317024270
4,6,4096,16777216,134217728,1,cycle,insertion,2759,3264347,0.02432128041982651,5.361637007
4,6,4096,16777216,134217728,1,cycle,insertion,2760,3164534,0.02357761561870575,5.406438362
4,6,4096,16777216,134217728,1,cycle,insertion,2761,3068405,0.02286139875650406,5.450942513
4,6,4096,16777216,134217728,1,cycle,insertion,2762,2974616,0.02216261625289917,5.495727991
4,6,4096,16777216,134217728,1,cycle,insertion,2763,2883526,0.02148394286632538,5.540597400
4,6,4096,16777216,134217728,1,cycle,insertion,2764,2794451,0.02082028239965439,5.585866553
4,6,4096,16777216,134217728,1,cycle,insertion,2765,2708806,0.02018217742443085,5.630774357
4,6,4096,16777216,134217728,1,cycle,insertion,2766,2625930,0.01956470310688019,5.675602972
4,6,4096,16777216,134217728,1,cycle,insertion,2767,2543938,0.01895381510257721,5.721367921
4,6,4096,16777216,134217728,1,cycle,insertion,2768,2464138,0.01835925877094269,5.767348377
4,6,4096,16777216,134217728,1,cycle,insertion,2769,2386435,0.01778032630681992,5.813574389
4,6,4096,16777216,134217728,1,cycle,insertion,2770,2310894,0.01721750199794769,5.859980345
4,6,4096,16777216,134217728,1,cycle,insertion,2771,2237728,0.01667237281799316,5.906396746
4,6,4096,16777216,134217728,1,cycle,insertion,2772,2166302,0.01614020764827728,5.953197050
4,6,4096,16777216,134217728,1,cycle,insertion,2773,2096669,0.01562140136957169,6.000332309
4,6,4096,16777216,134217728,1,cycle,insertion,2774,2028513,0.01511359959840775,6.048008882
4,6,4096,16777216,134217728,1,cycle,insertion,2775,1962267,0.01462002843618393,6.095910072
4,6,4096,16777216,134217728,1,cycle,insertion,2776,1898575,0.01414548605680466,6.143514439
4,6,4096,16777216,134217728,1,cycle,insertion,2777,1837352,0.01368933916091919,6.190803386
4,6,4096,16777216,134217728,1,cycle,insertion,2778,1777404,0.01324269175529480,6.238659791
4,6,4096,16777216,134217728,1,cycle,insertion,2779,1717747,0.01279821246862411,6.287913867
4,6,4096,16777216,134217728,1,cycle,insertion,2780,1660763,0.01237364858388901,6.336585223
4,6,4096,16777216,134217728,1,cycle,insertion,2781,1605611,0.01196273416280746,6.385309025
4,6,4096,16777216,134217728,1,cycle,insertion,2782,1552201,0.01156479865312576,6.434116041
4,6,4096,16777216,134217728,1,cycle,insertion,2783,1499934,0.01117537915706635,6.483532410
4,6,4096,16777216,134217728,1,cycle,insertion,2784,1449724,0.01080128550529480,6.532653166
4,6,4096,16777216,134217728,1,cycle,insertion,2785,1400996,0.01043823361396790,6.581978594
4,6,4096,16777216,134217728,1,cycle,insertion,2786,1353481,0.01008421927690506,6.631756795
4,6,4096,16777216,134217728,1,cycle,insertion,2787,1306719,0.00973581522703171,6.682482497
4,6,4096,16777216,134217728,1,cycle,insertion,2788,1261541,0.00939921289682388,6.733244336
4,6,4096,16777216,134217728,1,cycle,insertion,2789,1218031,0.00907503813505173,6.783880579
4,6,4096,16777216,134217728,1,cycle,insertion,2790,1175887,0.00876104086637497,6.834682003
4,6,4096,16777216,134217728,1,cycle,insertion,2791,1134491,0.00845261663198471,6.886386267
4,6,4096,16777216,134217728,1,cycle,insertion,2792,1094218,0.00815255939960480,6.938531237
4,6,4096,16777216,134217728,1,cycle,insertion,2793,1055073,0.00786090642213821,6.991088609
4,6,4096,16777216,134217728,1,cycle,insertion,2794,1017556,0.00758138298988342,7.043323237
4,6,4096,16777216,134217728,1,cycle,insertion,2795,981379,0.00731184333562851,7.095549125
4,6,4096,16777216,134217728,1,cycle,insertion,2796,946045,0.00704858452081680,7.148450716
4,6,4096,16777216,134217728,1,cycle,insertion,2797,911952,0.00679457187652588,7.201401634
4,6,4096,16777216,134217728,1,cycle,insertion,2798,878840,0.00654786825180054,7.254758991
4,6,4096,16777216,134217728,1,cycle,insertion,2799,847247,0.00631248205900192,7.307576902
4,6,4096,16777216,134217728,1,cycle,insertion,2800,816986,0.00608702003955841,7.360048169
4,6,4096,16777216,134217728,1,cycle,insertion,2801,787388,0.00586649775505066,7.413284800
4,6,4096,16777216,134217728,1,cycle,insertion,2802,759160,0.00565618276596069,7.465955547
4,6,4096,16777216,134217728,1,cycle,insertion,2803,731541,0.00545040518045425,7.519420802
4,6,4096,16777216,134217728,1,cycle,insertion,2804,705099,0.00525339692831039,7.572533691
4,6,4096,16777216,134217728,1,cycle,insertion,2805,679342,0.00506149232387543,7.626221475
4,6,4096,16777216,134217728,1,cycle,insertion,2806,655018,0.00488026440143585,7.678824973
4,6,4096,16777216,134217728,1,cycle,insertion,2807,631598,0.00470577180385590,7.731352923
4,6,4096,16777216,134217728,1,cycle,insertion,2808,609002,0.00453741848468781,7.783912560
4,6,4096,16777216,134217728,1,cycle,insertion,2809,586839,0.00437229126691818,7.837394773
4,6,4096,16777216,134217728,1,cycle,insertion,2810,565745,0.00421512871980667,7.890207596
4,6,4096,16777216,134217728,1,cycle,insertion,2811,545357,0.00406322628259659,7.943158574
4,6,4096,16777216,134217728,1,cycle,insertion,2812,525583,0.00391589850187302,7.996440913
4,6,4096,16777216,134217728,1,cycle,insertion,2813,506292,0.00377216935157776,8.050389837
4,6,4096,16777216,134217728,1,cycle,insertion,2814,487416,0.00363153219223022,8.105205916
4,6,4096,16777216,134217728,1,cycle,insertion,2815,469724,0.00349971652030945,8.158546217
4,6,4096,16777216,134217728,1,cycle,insertion,2816,452753,0.00337327271699905,8.211635325
4,6,4096,16777216,134217728,1,cycle,insertion,2817,436264,0.00325042009353638,8.265158096
4,6,4096,16777216,134217728,1,cycle,insertion,2818,419675,0.00312682241201401,8.321087001
4,6,4096,16777216,134217728,1,cycle,insertion,2819,403921,0.00300944596529007,8.376286371
4,6,4096,16777216,134217728,1,cycle,insertion,2820,388442,0.00289411842823029,8.432660326
4,6,4096,16777216,134217728,1,cycle,insertion,2821,373714,0.00278438627719879,8.488424915
4,6,4096,16777216,134217728,1,cycle,insertion,2822,359444,0.00267806649208069,8.544592504
4,6,4096,16777216,134217728,1,cycle,insertion,2823,345519,0.00257431715726852,8.601594479
4,6,4096,16777216,134217728,1,cycle,insertion,2824,332103,0.00247436016798019,8.658728770
4,6,4096,16777216,134217728,1,cycle,insertion,2825,319239,0.00237851589918137,8.715722616
4,6,4096,16777216,134217728,1,cycle,insertion,2826,306850,0.00228621065616608,8.772825942
4,6,4096,16777216,134217728,1,cycle,insertion,2827,294946,0.00219751894474030,8.829908682
4,6,4096,16777216,134217728,1,cycle,insertion,2828,283726,0.00211392343044281,8.885861164
4,6,4096,16777216,134217728,1,cycle,insertion,2829,272554,0.00203068554401398,8.943817432
4,6,4096,16777216,134217728,1,cycle,insertion,2830,262080,0.00195264816284180,9.000352263
4,6,4096,16777216,134217728,1,cycle,insertion,2831,251675,0.00187512487173080,9.058797611
4,6,4096,16777216,134217728,1,cycle,insertion,2832,242013,0.00180313736200333,9.115274980
4,6,4096,16777216,134217728,1,cycle,insertion,2833,232609,0.00173307210206985,9.172452608
4,6,4096,16777216,134217728,1,cycle,insertion,2834,223433,0.00166470557451248,9.230517245
4,6,4096,16777216,134217728,1,cycle,insertion,2835,214876,0.00160095095634460,9.286855172
4,6,4096,16777216,134217728,1,cycle,insertion,2836,206668,0.00153979659080505,9.343044503
4,6,4096,16777216,134217728,1,cycle,insertion,2837,198694,0.00148038566112518,9.399811218
4,6,4096,16777216,134217728,1,cycle,insertion,2838,191125,0.00142399221658707,9.455843024
4,6,4096,16777216,134217728,1,cycle,insertion,2839,183778,0.00136925280094147,9.512395453
4,6,4096,16777216,134217728,1,cycle,insertion,2840,176671,0.00131630152463913,9.569294280
4,6,4096,16777216,134217728,1,cycle,insertion,2841,169604,0.00126364827156067,9.628189330
4,6,4096,16777216,134217728,1,cycle,insertion,2842,162965,0.00121418386697769,9.685797376
4,6,4096,16777216,134217728,1,cycle,insertion,2843,156467,0.00116576999425888,9.744501111
4,6,4096,16777216,134217728,1,cycle,insertion,2844,149950,0.00111721456050873,9.805878003
4,6,4096,16777216,134217728,1,cycle,insertion,2845,143893,0.00107208639383316,9.865363115
4,6,4096,16777216,134217728,1,cycle,insertion,2846,137926,0.00102762877941132,9.926465085
4,6,4096,16777216,134217728,1,cycle,insertion,2847,132352,0.00098609924316406,9.985979530
4,6,4096,16777216,134217728,1,cycle,insertion,2848,127080,0.00094681978225708,10.044622530
4,6,4096,16777216,134217728,1,cycle,insertion,2849,121926,0.00090841948986053,10.104353721
4,6,4096,16777216,134217728,1,cycle,insertion,2850,117194,0.00087316334247589,10.161460816
4,6,4096,16777216,134217728,1,cycle,insertion,2851,112788,0.00084033608436584,10.216745944
4,6,4096,16777216,134217728,1,cycle,insertion,2852,108505,0.00080842524766922,10.272598001
4,6,4096,16777216,134217728,1,cycle,insertion,2853,104393,0.00077778846025467,10.328334549
4,6,4096,16777216,134217728,1,cycle,insertion,2854,100502,0.00074879825115204,10.383135314
4,6,4096,16777216,134217728,1,cycle,insertion,2855,96522,0.00071914494037628,10.441429811
4,6,4096,16777216,134217728,1,cycle,insertion,2856,92831,0.00069164484739304,10.497680961
4,6,4096,16777216,134217728,1,cycle,insertion,2857,89100,0.00066384673118591,10.556862189
4,6,4096,16777216,134217728,1,cycle,insertion,2858,85638,0.00063805282115936,10.614036517
4,6,4096,16777216,134217728,1,cycle,insertion,2859,82449,0.00061429291963577,10.668785625
4,6,4096,16777216,134217728,1,cycle,insertion,2860,79539,0.00059261173009872,10.720625196
4,6,4096,16777216,134217728,1,cycle,insertion,2861,76517,0.00057009607553482,10.776507309
4,6,4096,16777216,134217728,1,cycle,insertion,2862,73642,0.00054867565631866,10.831758812
4,6,4096,16777216,134217728,1,cycle,insertion,2863,70891,0.00052817910909653,10.886685139
4,6,4096,16777216,134217728,1,cycle,insertion,2864,68046,0.00050698220729828,10.945777263
4,6,4096,16777216,134217728,1,cycle,insertion,2865,65485,0.00048790127038956,11.001123140
4,6,4096,16777216,134217728,1,cycle,insertion,2866,62997,0.00046936422586441,11.057004493
4,6,4096,16777216,134217728,1,cycle,insertion,2867,60501,0.00045076757669449,11.115328632
4,6,4096,16777216,134217728,1,cycle,insertion,2868,58199,0.00043361634016037,11.171293256
4,6,4096,16777216,134217728,1,cycle,insertion,2869,56139,0.00041826814413071,11.223284255
4,6,4096,16777216,134217728,1,cycle,insertion,2870,54077,0.00040290504693985,11.277272502
4,6,4096,16777216,134217728,1,cycle,insertion,2871,52171,0.00038870424032211,11.329039534
4,6,4096,16777216,134217728,1,cycle,insertion,2872,50359,0.00037520378828049,11.380037985
4,6,4096,16777216,134217728,1,cycle,insertion,2873,48720,0.00036299228668213,11.427773487
4,6,4096,16777216,134217728,1,cycle,insertion,2874,47055,0.00035058706998825,11.477939591
4,6,4096,16777216,134217728,1,cycle,insertion,2875,45282,0.00033737719058990,11.533349940
4,6,4096,16777216,134217728,1,cycle,insertion,2876,43656,0.00032526254653931,11.586107672
4,6,4096,16777216,134217728,1,cycle,insertion,2877,41901,0.00031218677759171,11.645302945
4,6,4096,16777216,134217728,1,cycle,insertion,2878,40250,0.00029988586902618,11.703298837
4,6,4096,16777216,134217728,1,cycle,insertion,2879,38755,0.00028874725103378,11.757905168
4,6,4096,16777216,134217728,1,cycle,insertion,2880,37238,0.00027744472026825,11.815512031
4,6,4096,16777216,134217728,1,cycle,insertion,2881,35879,0.00026731938123703,11.869147940
4,6,4096,16777216,134217728,1,cycle,insertion,2882,34570,0.00025756657123566,11.922767017
4,6,4096,16777216,134217728,1,cycle,insertion,2883,33232,0.00024759769439697,11.979714499
4,6,4096,16777216,134217728,1,cycle,insertion,2884,32019,0.00023856014013290,12.033359369
4,6,4096,16777216,134217728,1,cycle,insertion,2885,30974,0.00023077428340912,12.081229915
4,6,4096,16777216,134217728,1,cycle,insertion,2886,29952,0.00022315979003906,12.129635280
4,6,4096,16777216,134217728,1,cycle,insertion,2887,28866,0.00021506845951080,12.182916415
4,6,4096,16777216,134217728,1,cycle,insertion,2888,27752,0.00020676851272583,12.239695875
4,6,4096,16777216,134217728,1,cycle,insertion,2889,26585,0.00019807368516922,12.301675154
4,6,4096,16777216,134217728,1,cycle,insertion,2890,25525,0.00019017606973648,12.360376659
4,6,4096,16777216,134217728,1,cycle,insertion,2891,24598,0.00018326938152313,12.413746602
4,6,4096,16777216,134217728,1,cycle,insertion,2892,23718,0.00017671287059784,12.466305259
4,6,4096,16777216,134217728,1,cycle,insertion,2893,22809,0.00016994029283524,12.522684424
4,6,4096,16777216,134217728,1,cycle,insertion,2894,21898,0.00016315281391144,12.581488510
4,6,4096,16777216,134217728,1,cycle,insertion,2895,20977,0.00015629082918167,12.643479253
4,6,4096,16777216,134217728,1,cycle,insertion,2896,20119,0.00014989823102951,12.703729022
4,6,4096,16777216,134217728,1,cycle,insertion,2897,19189,0.00014296919107437,12.772008090
4,6,4096,16777216,134217728,1,cycle,insertion,2898,18298,0.00013633072376251,12.840601652
4,6,4096,16777216,134217728,1,cycle,insertion,2899,17525,0.00013057142496109,12.902873176
4,6,4096,16777216,134217728,1,cycle,insertion,2900,16746,0.00012476742267609,12.968471090
4,6,4096,16777216,134217728,1,cycle,insertion,2901,15986,0.00011910498142242,13.035478626
4,6,4096,16777216,134217728,1,cycle,insertion,2902,15368,0.00011450052261353,13.092358196
4,6,4096,16777216,134217728,1,cycle,insertion,2903,14732,0.00010976195335388,13.153334318
4,6,4096,16777216,134217728,1,cycle,insertion,2904,14120,0.00010520219802856,13.214547532
4,6,4096,16777216,134217728,1,cycle,insertion,2905,13587,0.00010123103857040,13.270060675
4,6,4096,16777216,134217728,1,cycle,insertion,2906,13116,0.00009772181510925,13.320959814
4,6,4096,16777216,134217728,1,cycle,insertion,2907,12669,0.00009439140558243,13.370984967
4,6,4096,16777216,134217728,1,cycle,insertion,2908,12205,0.00009093433618546,13.424815325
4,6,4096,16777216,134217728,1,cycle,insertion,2909,11798,0.00008790194988251,13.473745306
4,6,4096,16777216,134217728,1,cycle,insertion,2910,11339,0.00008448213338852,13.530994208
4,6,4096,16777216,134217728,1,cycle,insertion,2911,10952,0.00008159875869751,13.581093269
4,6,4096,16777216,134217728,1,cycle,insertion,2912,10572,0.00007876753807068,13.632039290
4,6,4096,16777216,134217728,1,cycle,insertion,2913,10181,0.00007585436105728,13.686408347
4,6,4096,16777216,134217728,1,cycle,insertion,2914,9829,0.00007323175668716,13.737171071
4,6,4096,16777216,134217728,1,cycle,insertion,2915,9503,0.00007080286741257,13.785832686
4,6,4096,16777216,134217728,1,cycle,insertion,2916,9198,0.00006853044033051,13.832895518
4,6,4096,16777216,134217728,1,cycle,insertion,2917,8889,0.00006622821092606,13.882194588
4,6,4096,16777216,134217728,1,cycle,insertion,2918,8565,0.00006381422281265,13.935762469
4,6,4096,16777216,134217728,1,cycle,insertion,2919,8183,0.00006096810102463,14.001585863
4,6,4096,16777216,134217728,1,cycle,insertion,2920,7779,0.00005795806646347,14.074631008
4,6,4096,16777216,134217728,1,cycle,insertion,2921,7421,0.00005529075860977,14.142602108
4,6,4096,16777216,134217728,1,cycle,insertion,2922,7108,0.00005295872688293,14.204772034
4,6,4096,16777216,134217728,1,cycle,insertion,2923,6820,0.00005081295967102,14.264443976
4,6,4096,16777216,134217728,1,cycle,insertion,2924,6545,0.00004876405000687,14.323822523
4,6,4096,16777216,134217728,1,cycle,insertion,2925,6288,0.00004684925079346,14.381614498
4,6,4096,16777216,134217728,1,cycle,insertion,2926,6069,0.00004521757364273,14.432756895
4,6,4096,16777216,134217728,1,cycle,insertion,2927,5803,0.00004323571920395,14.497416786
4,6,4096,16777216,134217728,1,cycle,insertion,2928,5584,0.00004160404205322,14.552916774
4,6,4096,16777216,134217728,1,cycle,insertion,2929,5343,0.00003980845212936,14.616565698
4,6,4096,16777216,134217728,1,cycle,insertion,2930,5034,0.00003750622272491,14.702510499
4,6,4096,16777216,134217728,1,cycle,insertion,2931,4785,0.00003565102815628,14.775696791
4,6,4096,16777216,134217728,1,cycle,insertion,2932,4517,0.00003365427255630,14.858850802
4,6,4096,16777216,134217728,1,cycle,insertion,2933,4269,0.00003180652856827,14.940317553
4,6,4096,16777216,134217728,1,cycle,insertion,2934,4039,0.00003009289503098,15.020217569
4,6,4096,16777216,134217728,1,cycle,insertion,2935,3896,0.00002902746200562,15.072222038
4,6,4096,16777216,134217728,1,cycle,insertion,2936,3762,0.00002802908420563,15.122715866
4,6,4096,16777216,134217728,1,cycle,insertion,2937,3628,0.00002703070640564,15.175041259
4,6,4096,16777216,134217728,1,cycle,insertion,2938,3509,0.00002614408731461,15.223155768
4,6,4096,16777216,134217728,1,cycle,insertion,2939,3430,0.00002555549144745,15.256007139
4,6,4096,16777216,134217728,1,cycle,insertion,2940,3348,0.00002494454383850,15.290916187
4,6,4096,16777216,134217728,1,cycle,insertion,2941,3262,0.00002430379390717,15.328458933
4,6,4096,16777216,134217728,1,cycle,insertion,2942,3150,0.00002346932888031,15.378863887
4,6,4096,16777216,134217728,1,cycle,insertion,2943,3040,0.00002264976501465,15.430144392
4,6,4096,16777216,134217728,1,cycle,insertion,2944,2926,0.00002180039882660,15.485285946
4,6,4096,16777216,134217728,1,cycle,insertion,2945,2801,0.00002086907625198,15.548273732
4,6,4096,16777216,134217728,1,cycle,insertion,2946,2706,0.00002016127109528,15.598053876
4,6,4096,16777216,134217728,1,cycle,insertion,2947,2640,0.00001966953277588,15.633677786
4,6,4096,16777216,134217728,1,cycle,insertion,2948,2563,0.00001909583806992,15.676382237
4,6,4096,16777216,134217728,1,cycle,insertion,2949,2494,0.00001858174800873,15.715754250
4,6,4096,16777216,134217728,1,cycle,insertion,2950,2420,0.00001803040504456,15.759208668
4,6,4096,16777216,134217728,1,cycle,insertion,2951,2364,0.00001761317253113,15.792985680
4,6,4096,16777216,134217728,1,cycle,insertion,2952,2328,0.00001734495162964,15.815124657
4,6,4096,16777216,134217728,1,cycle,insertion,2953,2291,0.00001706928014755,15.838238257
4,6,4096,16777216,134217728,1,cycle,insertion,2954,2244,0.00001671910285950,15.868143039
4,6,4096,16777216,134217728,1,cycle,insertion,2955,2178,0.00001622736454010,15.911211761
4,6,4096,16777216,134217728,1,cycle,insertion,2956,2092,0.00001558661460876,15.969332864
4,6,4096,16777216,134217728,1,cycle,insertion,2957,2013,0.00001499801874161,16.024868543
4,6,4096,16777216,134217728,1,cycle,insertion,2958,1889,0.00001407414674759,16.116593014
4,6,4096,16777216,134217728,1,cycle,insertion,2959,1795,0.00001337379217148,16.190231871
4,6,4096,16777216,134217728,1,cycle,insertion,2960,1705,0.00001270323991776,16.264443976
4,6,4096,16777216,134217728,1,cycle,insertion,2961,1627,0.00001212209463120,16.332001464
4,6,4096,16777216,134217728,1,cycle,insertion,2962,1571,0.00001170486211777,16.382532535
4,6,4096,16777216,134217728,1,cycle,insertion,2963,1508,0.00001123547554016,16.441579287
4,6,4096,16777216,134217728,1,cycle,insertion,2964,1437,0.00001070648431778,16.511155654
4,6,4096,16777216,134217728,1,cycle,insertion,2965,1340,0.00000998377799988,16.611982715
4,6,4096,16777216,134217728,1,cycle,insertion,2966,1256,0.00000935792922974,16.705379251
4,6,4096,16777216,134217728,1,cycle,insertion,2967,1199,0.00000893324613571,16.772384057
4,6,4096,16777216,134217728,1,cycle,insertion,2968,1128,0.00000840425491333,16.860448648
4,6,4096,16777216,134217728,1,cycle,insertion,2969,1088,0.00000810623168945,16.912537159
4,6,4096,16777216,134217728,1,cycle,insertion,2970,1044,0.00000777840614319,16.972094003
4,6,4096,16777216,134217728,1,cycle,insertion,2971,983,0.00000732392072678,17.058952394
4,6,4096,16777216,134217728,1,cycle,insertion,2972,930,0.00000692903995514,17.138913094
4,6,4096,16777216,134217728,1,cycle,insertion,2973,881,0.00000656396150589,17.217001791
4,6,4096,16777216,134217728,1,cycle,insertion,2974,830,0.00000618398189545,17.303032474
4,6,4096,16777216,134217728,1,cycle,insertion,2975,748,0.00000557303428650,17.453105540
4,6,4096,16777216,134217728,1,cycle,insertion,2976,695,0.00000517815351486,17.559130832
4,6,4096,16777216,134217728,1,cycle,insertion,2977,629,0.00000468641519547,17.703083793
4,6,4096,16777216,134217728,1,cycle,insertion,2978,576,0.00000429153442383,17.830074999
4,6,4096,16777216,134217728,1,cycle,insertion,2979,524,0.00000390410423279,17.966576998
4,6,4096,16777216,134217728,1,cycle,insertion,2980,479,0.00000356882810593,18.096118154
4,6,4096,16777216,134217728,1,cycle,insertion,2981,443,0.00000330060720444,18.208837111
4,6,4096,16777216,134217728,1,cycle,insertion,2982,382,0.00000284612178802,18.422571172
4,6,4096,16777216,134217728,1,cycle,insertion,2983,333,0.00000248104333878,18.620621633
4,6,4096,16777216,134217728,1,cycle,insertion,2984,246,0.00000183284282684,19.057485495
4,6,4096,16777216,134217728,1,cycle,insertion,2985,179,0.00000133365392685,19.516184223
4,6,4096,16777216,134217728,1,cycle,insertion,2986,121,0.00000090152025223,20.081136763
4,6,4096,16777216,134217728,1,cycle,insertion,2987,105,0.00000078231096268,20.285754482
4,6,4096,16777216,134217728,1,cycle,insertion,2988,89,0.00000066310167313,20.524266569
4,6,4096,16777216,134217728,1,cycle,insertion,2989,63,0.00000046938657761,21.022720077
4,6,4096,16777216,134217728,1,cycle,insertion,2990,37,0.00000027567148209,21.790546634
4,6,4096,16777216,134217728,1,cycle,insertion,2991,8,0.00000005960464478,24.000000000
4,6,4096,16777216,134217728,1,cycle,insertion,2992,2,0.00000001490116119,26.000000000
4,6,4096,16777216,134217728,1,cycle,insertion,2993,0,0.00000000000000000,inf
