b,z,n,warmup,operations,seed,workload,metric,threshold,exceed_count,probability,log2_inverse
4,5,4096,16777216,33554432,4,cycle,post,0,33554432,1.00000000000000000,-0.000000000
4,5,4096,16777216,33554432,4,cycle,post,1,33554432,1.00000000000000000,-0.000000000
4,5,4096,16777216,33554432,4,cycle,post,2,33554432,1.00000000000000000,-0.000000000
4,5,4096,16777216,33554432,4,cycle,post,3,33554432,1.00000000000000000,-0.000000000
4,5,4096,16777216,33554432,4,cycle,post,4,33554432,1.00000000000000000,-0.000000000
4,5,4096,16777216,33554432,4,cycle,post,5,33554432,1.00000000000000000,-0.000000000
4,5,4096,16777216,33554432,4,cycle,post,6,33554432,1.00000000000000000,-0.000000000
4,5,4096,16777216,33554432,4,cycle,post,7,33554432,1.00000000000000000,-0.000000000
4,5,4096,16777216,33554432,4,cycle,post,8,33554432,1.00000000000000000,-0.000000000
4,5,4096,16777216,33554432,4,cycle,post,9,33554432,1.00000000000000000,-0.000000000
4,5,4096,16777216,33554432,4,cycle,post,10,33554432,1.00000000000000000,-0.000000000
4,5,4096,16777216,33554432,4,cycle,post,11,33554432,1.00000000000000000,-0.000000000
4,5,4096,16777216,33554432,4,cycle,post,12,33554432,1.00000000000000000,-0.000000000
4,5,4096,16777216,33554432,4,cycle,post,13,33554432,1.00000000000000000,-0.000000000
4,5,4096,16777216,33554432,4,cycle,post,14,33554432,1.00000000000000000,-0.000000000
4,5,4096,16777216,33554432,4,cycle,post,15,33554432,1.00000000000000000,-0.000000000
4,5,4096,16777216,33554432,4,cycle,post,16,33554432,1.00000000000000000,-0.000000000
4,5,4096,16777216,33554432,4,cycle,post,17,33554432,1.00000000000000000,-0.000000000
4,5,4096,16777216,33554432,4,cycle,post,18,33554432,1.00000000000000000,-0.000000000
4,5,4096,16777216,33554432,4,cycle,post,19,33554432,1.00000000000000000,-0.000000000
4,5,4096,16777216,33554432,4,cycle,post,20,33554432,1.00000000000000000,-0.000000000
4,5,4096,16777216,33554432,4,cycle,post,21,33554432,1.00000000000000000,-0.000000000
4,5,4096,16777216,33554432,4,cycle,post,22,33554432,1.00000000000000000,-0.000000000
4,5,4096,16777216,33554432,4,cycle,post,23,33554432,1.00000000000000000,-0.000000000
4,5,4096,16777216,33554432,4,cycle,post,24,33554432,1.00000000000000000,-0.000000000
4,5,4096,16777216,33554432,4,cycle,post,25,33554432,1.00000000000000000,-0.000000000
4,5,4096,16777216,33554432,4,cycle,post,26,33554432,1.00000000000000000,-0.000000000
4,5,4096,16777216,33554432,4,cycle,post,27,33554432,1.00000000000000000,-0.000000000
4,5,4096,16777216,33554432,4,cycle,post,28,33554432,1.00000000000000000,-0.000000000
4,5,4096,16777216,33554432,4,cycle,post,29,33554432,1.00000000000000000,-0.000000000
4,5,4096,16777216,33554432,4,cycle,post,30,33554432,1.00000000000000000,-0.000000000
4,5,4096,16777216,33554432,4,cycle,post,31,33554432,1.00000000000000000,-0.000000000
4,5,4096,16777216,33554432,4,cycle,post,32,33554432,1.00000000000000000,-0.000000000
4,5,4096,16777216,33554432,4,cycle,post,33,33554432,1.00000000000000000,-0.000000000
4,5,4096,16777216,33554432,4,cycle,post,34,33554432,1.00000000000000000,-0.000000000
4,5,4096,16777216,33554432,4,cycle,post,35,33554432,1.00000000000000000,-0.000000000
4,5,4096,16777216,33554432,4,cycle,post,36,33554432,1.00000000000000000,-0.000000000
4,5,4096,16777216,33554432,4,cycle,post,37,33554432,1.00000000000000000,-0.000000000
4,5,4096,16777216,33554432,4,cycle,post,38,33554432,1.00000000000000000,-0.000000000
4,5,4096,16777216,33554432,4,cycle,post,39,33554432,1.00000000000000000,-0.000000000
4,5,4096,16777216,33554432,4,cycle,post,40,33554432,1.00000000000000000,-0.000000000
4,5,4096,16777216,33554432,4,cycle,post,41,33554432,1.00000000000000000,-0.000000000
4,5,4096,16777216,33554432,4,cycle,post,42,33554432,1.00000000000000000,-0.000000000
4,5,4096,16777216,33554432,4,cycle,post,43,33554432,1.00000000000000000,-0.000000000
4,5,4096,16777216,33554432,4,cycle,post,44,33554432,1.00000000000000000,-0.000000000
4,5,4096,16777216,33554432,4,cycle,post,45,33554432,1.00000000000000000,-0.000000000
4,5,4096,16777216,33554432,4,cycle,post,46,33554432,1.00000000000000000,-0.000000000
4,5,4096,16777216,33554432,4,cycle,post,47,33554432,1.00000000000000000,-0.000000000
4,5,4096,16777216,33554432,4,cycle,post,48,33554432,1.00000000000000000,-0.000000000
4,5,4096,16777216,33554432,4,cycle,post,49,33554432,1.00000000000000000,-0.000000000
4,5,4096,16777216,33554432,4,cycle,post,50,33554432,1.00000000000000000,-0.000000000
4,5,4096,16777216,33554432,4,cycle,post,51,33554432,1.00000000000000000,-0.000000000
4,5,4096,16777216,33554432,4,cycle,post,52,33554432,1.00000000000000000,-0.000000000
4,5,4096,16777216,33554432,4,cycle,post,53,33554432,1.00000000000000000,-0.000000000
4,5,4096,16777216,33554432,4,cycle,post,54,33554432,1.00000000000000000,-0.000000000
4,5,4096,16777216,33554432,4,cycle,post,55,33554432,1.00000000000000000,-0.000000000
4,5,4096,16777216,33554432,4,cycle,post,56,33554432,1.00000000000000000,-0.000000000
4,5,4096,16777216,33554432,4,cycle,post,57,33554432,1.00000000000000000,-0.000000000
4,5,4096,16777216,33554432,4,cycle,post,58,33554432,1.00000000000000000,-0.000000000
4,5,4096,16777216,33554432,4,cycle,post,59,33554432,1.00000000000000000,-0.000000000
4,5,4096,16777216,33554432,4,cycle,post,60,33554432,1.00000000000000000,-0.000000000
4,5,4096,16777216,33554432,4,cycle,post,61,33554432,1.00000000000000000,-0.000000000
4,5,4096,16777216,33554432,4,cycle,post,62,33554432,1.00000000000000000,-0.000000000
4,5,4096,16777216,33554432,4,cycle,post,63,33554432,1.00000000000000000,-0.000000000
4,5,4096,16777216,33554432,4,cycle,post,64,33554432,1.00000000000000000,-0.000000000
4,5,4096,16777216,33554432,4,cycle,post,65,33554432,1.00000000000000000,-0.000000000
4,5,4096,16777216,33554432,4,cycle,post,66,33554432,1.00000000000000000,-0.000000000
4,5,4096,16777216,33554432,4,cycle,post,67,33554432,1.00000000000000000,-0.000000000
4,5,4096,16777216,33554432,4,cycle,post,68,33554432,1.00000000000000000,-0.000000000
4,5,4096,16777216,33554432,4,cycle,post,69,33554432,1.00000000000000000,-0.000000000
4,5,4096,16777216,33554432,4,cycle,post,70,33554432,1.00000000000000000,-0.000000000
4,5,4096,16777216,33554432,4,cycle,post,71,33554432,1.00000000000000000,-0.000000000
4,5,4096,16777216,33554432,4,cycle,post,72,33554432,1.00000000000000000,-0.000000000
4,5,4096,16777216,33554432,4,cycle,post,73,33554432,1.00000000000000000,-0.000000000
4,5,4096,16777216,33554432,4,cycle,post,74,33554432,1.00000000000000000,-0.000000000
4,5,4096,16777216,33554432,4,cycle,post,75,33554432,1.00000000000000000,-0.000000000
4,5,4096,16777216,33554432,4,cycle,post,76,33554432,1.00000000000000000,-0.000000000
4,5,4096,16777216,33554432,4,cycle,post,77,33554432,1.00000000000000000,-0.000000000
4,5,4096,16777216,33554432,4,cycle,post,78,33554432,1.00000000000000000,-0.000000000
4,5,4096,16777216,33554432,4,cycle,post,79,33554432,1.00000000000000000,-0.000000000
4,5,4096,16777216,33554432,4,cycle,post,80,33554432,1.00000000000000000,-0.000000000
4,5,4096,16777216,33554432,4,cycle,post,81,33554432,1.00000000000000000,-0.000000000
4,5,4096,16777216,33554432,4,cycle,post,82,33554432,1.00000000000000000,-0.000000000
4,5,4096,16777216,33554432,4,cycle,post,83,33554432,1.00000000000000000,-0.000000000
4,5,4096,16777216,33554432,4,cycle,post,84,33554432,1.00000000000000000,-0.000000000
4,5,4096,16777216,33554432,4,cycle,post,85,33554432,1.00000000000000000,-0.000000000
4,5,4096,16777216,33554432,4,cycle,post,86,33554432,1.00000000000000000,-0.000000000
4,5,4096,16777216,33554432,4,cycle,post,87,33554432,1.00000000000000000,-0.000000000
4,5,4096,16777216,33554432,4,cycle,post,88,33554432,1.00000000000000000,-0.000000000
4,5,4096,16777216,33554432,4,cycle,post,89,33554432,1.00000000000000000,-0.000000000
4,5,4096,16777216,33554432,4,cycle,post,90,33554432,1.00000000000000000,-0.000000000
4,5,4096,16777216,33554432,4,cycle,post,91,33554432,1.00000000000000000,-0.000000000
4,5,4096,16777216,33554432,4,cycle,post,92,33554432,1.00000000000000000,-0.000000000
4,5,4096,16777216,33554432,4,cycle,post,93,33554432,1.00000000000000000,-0.000000000
4,5,4096,16777216,33554432,4,cycle,post,94,33554432,1.00000000000000000,-0.000000000
4,5,4096,16777216,33554432,4,cycle,post,95,33554432,1.00000000000000000,-0.000000000
4,5,4096,16777216,33554432,4,cycle,post,96,33554432,1.00000000000000000,-0.000000000
4,5,4096,16777216,33554432,4,cycle,post,97,33554432,1.00000000000000000,-0.000000000
4,5,4096,16777216,33554432,4,cycle,post,98,33554432,1.00000000000000000,-0.000000000
4,5,4096,16777216,33554432,4,cycle,post,99,33554432,1.00000000000000000,-0.000000000
4,5,4096,16777216,33554432,4,cycle,post,100,33554432,1.00000000000000000,-0.000000000
4,5,4096,16777216,33554432,4,cycle,post,101,33554432,1.00000000000000000,-0.000000000
4,5,4096,16777216,33554432,4,cycle,post,102,33554432,1.00000000000000000,-0.000000000
4,5,4096,16777216,33554432,4,cycle,post,103,33554432,1.00000000000000000,-0.000000000
4,5,4096,16777216,33554432,4,cycle,post,104,33554432,1.00000000000000000,-0.000000000
4,5,4096,16777216,33554432,4,cycle,post,105,33554432,1.00000000000000000,-0.000000000
4,5,4096,16777216,33554432,4,cycle,post,106,33554432,1.00000000000000000,-0.000000000
4,5,4096,16777216,33554432,4,cycle,post,107,33554432,1.00000000000000000,-0.000000000
4,5,4096,16777216,33554432,4,cycle,post,108,33554432,1.00000000000000000,-0.000000000
4,5,4096,16777216,33554432,4,cycle,post,109,33554432,1.00000000000000000,-0.000000000
4,5,4096,16777216,33554432,4,cycle,post,110,33554432,1.00000000000000000,-0.000000000
4,5,4096,16777216,33554432,4,cycle,post,111,33554432,1.00000000000000000,-0.000000000
4,5,4096,16777216,33554432,4,cycle,post,112,33554432,1.00000000000000000,-0.000000000
4,5,4096,16777216,33554432,4,cycle,post,113,33554432,1.00000000000000000,-0.000000000
4,5,4096,16777216,33554432,4,cycle,post,114,33554432,1.00000000000000000,-0.000000000
4,5,4096,16777216,33554432,4,cycle,post,115,33554432,1.00000000000000000,-0.000000000
4,5,4096,16777216,33554432,4,cycle,post,116,33554432,1.00000000000000000,-0.000000000
4,5,4096,16777216,33554432,4,cycle,post,117,33554432,1.00000000000000000,-0.000000000
4,5,4096,16777216,33554432,4,cycle,post,118,33554432,1.00000000000000000,-0.000000000
4,5,4096,16777216,33554432,4,cycle,post,119,33554432,1.00000000000000000,-0.000000000
4,5,4096,16777216,33554432,4,cycle,post,120,33554432,1.00000000000000000,-0.000000000
4,5,4096,16777216,33554432,4,cycle,post,121,33554432,1.00000000000000000,-0.000000000
4,5,4096,16777216,33554432,4,cycle,post,122,33554432,1.00000000000000000,-0.000000000
4,5,4096,16777216,33554432,4,cycle,post,123,33554432,1.00000000000000000,-0.000000000
4,5,4096,16777216,33554432,4,cycle,post,124,33554432,1.00000000000000000,-0.000000000
4,5,4096,16777216,33554432,4,cycle,post,125,33554432,1.00000000000000000,-0.000000000
4,5,4096,16777216,33554432,4,cycle,post,126,33554432,1.00000000000000000,-0.000000000
4,5,4096,16777216,33554432,4,cycle,post,127,33554432,1.00000000000000000,-0.000000000
4,5,4096,16777216,33554432,4,cycle,post,128,33554432,1.00000000000000000,-0.000000000
4,5,4096,16777216,33554432,4,cycle,post,129,33554432,1.00000000000000000,-0.000000000
4,5,4096,16777216,33554432,4,cycle,post,130,33554432,1.00000000000000000,-0.000000000
4,5,4096,16777216,33554432,4,cycle,post,131,33554432,1.00000000000000000,-0.000000000
4,5,4096,16777216,33554432,4,cycle,post,132,33554432,1.00000000000000000,-0.000000000
4,5,4096,16777216,33554432,4,cycle,post,133,33554432,1.00000000000000000,-0.000000000
4,5,4096,16777216,33554432,4,cycle,post,134,33554432,1.00000000000000000,-0.000000000
4,5,4096,16777216,33554432,4,cycle,post,135,33554432,1.00000000000000000,-0.000000000
4,5,4096,16777216,33554432,4,cycle,post,136,33554432,1.00000000000000000,-0.000000000
4,5,4096,16777216,33554432,4,cycle,post,137,33554432,1.00000000000000000,-0.000000000
4,5,4096,16777216,33554432,4,cycle,post,138,33554432,1.00000000000000000,-0.000000000
4,5,4096,16777216,33554432,4,cycle,post,139,33554432,1.00000000000000000,-0.000000000
4,5,4096,16777216,33554432,4,cycle,post,140,33554432,1.00000000000000000,-0.000000000
4,5,4096,16777216,33554432,4,cycle,post,141,33554432,1.00000000000000000,-0.000000000
4,5,4096,16777216,33554432,4,cycle,post,142,33554432,1.00000000000000000,-0.000000000
4,5,4096,16777216,33554432,4,cycle,post,143,33554432,1.00000000000000000,-0.000000000
4,5,4096,16777216,33554432,4,cycle,post,144,33554432,1.00000000000000000,-0.000000000
4,5,4096,16777216,33554432,4,cycle,post,145,33554432,1.00000000000000000,-0.000000000
4,5,4096,16777216,33554432,4,cycle,post,146,33554432,1.00000000000000000,-0.000000000
4,5,4096,16777216,33554432,4,cycle,post,147,33554432,1.00000000000000000,-0.000000000
4,5,4096,16777216,33554432,4,cycle,post,148,33554432,1.00000000000000000,-0.000000000
4,5,4096,16777216,33554432,4,cycle,post,149,33554432,1.00000000000000000,-0.000000000
4,5,4096,16777216,33554432,4,cycle,post,150,33554432,1.00000000000000000,-0.000000000
4,5,4096,16777216,33554432,4,cycle,post,151,33554432,1.00000000000000000,-0.000000000
4,5,4096,16777216,33554432,4,cycle,post,152,33554432,1.00000000000000000,-0.000000000
4,5,4096,16777216,33554432,4,cycle,post,153,33554432,1.00000000000000000,-0.000000000
4,5,4096,16777216,33554432,4,cycle,post,154,33554432,1.00000000000000000,-0.000000000
4,5,4096,16777216,33554432,4,cycle,post,155,33554432,1.00000000000000000,-0.000000000
4,5,4096,16777216,33554432,4,cycle,post,156,33554432,1.00000000000000000,-0.000000000
4,5,4096,16777216,33554432,4,cycle,post,157,33554432,1.00000000000000000,-0.000000000
4,5,4096,16777216,33554432,4,cycle,post,158,33554432,1.00000000000000000,-0.000000000
4,5,4096,16777216,33554432,4,cycle,post,159,33554432,1.00000000000000000,-0.000000000
4,5,4096,16777216,33554432,4,cycle,post,160,33554432,1.00000000000000000,-0.000000000
4,5,4096,16777216,33554432,4,cycle,post,161,33554432,1.00000000000000000,-0.000000000
4,5,4096,16777216,33554432,4,cycle,post,162,33554432,1.00000000000000000,-0.000000000
4,5,4096,16777216,33554432,4,cycle,post,163,33554432,1.00000000000000000,-0.000000000
4,5,4096,16777216,33554432,4,cycle,post,164,33554432,1.00000000000000000,-0.000000000
4,5,4096,16777216,33554432,4,cycle,post,165,33554432,1.00000000000000000,-0.000000000
4,5,4096,16777216,33554432,4,cycle,post,166,33554432,1.00000000000000000,-0.000000000
4,5,4096,16777216,33554432,4,cycle,post,167,33554432,1.00000000000000000,-0.000000000
4,5,4096,16777216,33554432,4,cycle,post,168,33554432,1.00000000000000000,-0.000000000
4,5,4096,16777216,33554432,4,cycle,post,169,33554432,1.00000000000000000,-0.000000000
4,5,4096,16777216,33554432,4,cycle,post,170,33554432,1.00000000000000000,-0.000000000
4,5,4096,16777216,33554432,4,cycle,post,171,33554432,1.00000000000000000,-0.000000000
4,5,4096,16777216,33554432,4,cycle,post,172,33554432,1.00000000000000000,-0.000000000
4,5,4096,16777216,33554432,4,cycle,post,173,33554432,1.00000000000000000,-0.000000000
4,5,4096,16777216,33554432,4,cycle,post,174,33554432,1.00000000000000000,-0.000000000
4,5,4096,16777216,33554432,4,cycle,post,175,33554432,1.00000000000000000,-0.000000000
4,5,4096,16777216,33554432,4,cycle,post,176,33554432,1.00000000000000000,-0.000000000
4,5,4096,16777216,33554432,4,cycle,post,177,33554432,1.00000000000000000,-0.000000000
4,5,4096,16777216,33554432,4,cycle,post,178,33554432,1.00000000000000000,-0.000000000
4,5,4096,16777216,33554432,4,cycle,post,179,33554432,1.00000000000000000,-0.000000000
4,5,4096,16777216,33554432,4,cycle,post,180,33554432,1.00000000000000000,-0.000000000
4,5,4096,16777216,33554432,4,cycle,post,181,33554432,1.00000000000000000,-0.000000000
4,5,4096,16777216,33554432,4,cycle,post,182,33554432,1.00000000000000000,-0.000000000
4,5,4096,16777216,33554432,4,cycle,post,183,33554432,1.00000000000000000,-0.000000000
4,5,4096,16777216,33554432,4,cycle,post,184,33554432,1.00000000000000000,-0.000000000
4,5,4096,16777216,33554432,4,cycle,post,185,33554432,1.00000000000000000,-0.000000000
4,5,4096,16777216,33554432,4,cycle,post,186,33554432,1.00000000000000000,-0.000000000
4,5,4096,16777216,33554432,4,cycle,post,187,33554432,1.00000000000000000,-0.000000000
4,5,4096,16777216,33554432,4,cycle,post,188,33554432,1.00000000000000000,-0.000000000
4,5,4096,16777216,33554432,4,cycle,post,189,33554432,1.00000000000000000,-0.000000000
4,5,4096,16777216,33554432,4,cycle,post,190,33554432,1.00000000000000000,-0.000000000
4,5,4096,16777216,33554432,4,cycle,post,191,33554432,1.00000000000000000,-0.000000000
4,5,4096,16777216,33554432,4,cycle,post,192,33554432,1.00000000000000000,-0.000000000
4,5,4096,16777216,33554432,4,cycle,post,193,33554432,1.00000000000000000,-0.000000000
4,5,4096,16777216,33554432,4,cycle,post,194,33554432,1.00000000000000000,-0.000000000
4,5,4096,16777216,33554432,4,cycle,post,195,33554432,1.00000000000000000,-0.000000000
4,5,4096,16777216,33554432,4,cycle,post,196,33554432,1.00000000000000000,-0.000000000
4,5,4096,16777216,33554432,4,cycle,post,197,33554432,1.00000000000000000,-0.000000000
4,5,4096,16777216,33554432,4,cycle,post,198,33554432,1.00000000000000000,-0.000000000
4,5,4096,16777216,33554432,4,cycle,post,199,33554432,1.00000000000000000,-0.000000000
4,5,4096,16777216,33554432,4,cycle,post,200,33554432,1.00000000000000000,-0.000000000
4,5,4096,16777216,33554432,4,cycle,post,201,33554432,1.00000000000000000,-0.000000000
4,5,4096,16777216,33554432,4,cycle,post,202,33554432,1.00000000000000000,-0.000000000
4,5,4096,16777216,33554432,4,cycle,post,203,33554432,1.00000000000000000,-0.000000000
4,5,4096,16777216,33554432,4,cycle,post,204,33554432,1.00000000000000000,-0.000000000
4,5,4096,16777216,33554432,4,cycle,post,205,33554432,1.00000000000000000,-0.000000000
4,5,4096,16777216,33554432,4,cycle,post,206,33554432,1.00000000000000000,-0.000000000
4,5,4096,16777216,33554432,4,cycle,post,207,33554432,1.00000000000000000,-0.000000000
4,5,4096,16777216,33554432,4,cycle,post,208,33554432,1.00000000000000000,-0.000000000
4,5,4096,16777216,33554432,4,cycle,post,209,33554432,1.00000000000000000,-0.000000000
4,5,4096,16777216,33554432,4,cycle,post,210,33554432,1.00000000000000000,-0.000000000
4,5,4096,16777216,33554432,4,cycle,post,211,33554432,1.00000000000000000,-0.000000000
4,5,4096,16777216,33554432,4,cycle,post,212,33554432,1.00000000000000000,-0.000000000
4,5,4096,16777216,33554432,4,cycle,post,213,33554432,1.00000000000000000,-0.000000000
4,5,4096,16777216,33554432,4,cycle,post,214,33554432,1.00000000000000000,-0.000000000
4,5,4096,16777216,33554432,4,cycle,post,215,33554432,1.00000000000000000,-0.000000000
4,5,4096,16777216,33554432,4,cycle,post,216,33554432,1.00000000000000000,-0.000000000
4,5,4096,16777216,33554432,4,cycle,post,217,33554432,1.00000000000000000,-0.000000000
4,5,4096,16777216,33554432,4,cycle,post,218,33554432,1.00000000000000000,-0.000000000
4,5,4096,16777216,33554432,4,cycle,post,219,33554432,1.00000000000000000,-0.000000000
4,5,4096,16777216,33554432,4,cycle,post,220,33554432,1.00000000000000000,-0.000000000
4,5,4096,16777216,33554432,4,cycle,post,221,33554432,1.00000000000000000,-0.000000000
4,5,4096,16777216,33554432,4,cycle,post,222,33554432,1.00000000000000000,-0.000000000
4,5,4096,16777216,33554432,4,cycle,post,223,33554432,1.00000000000000000,-0.000000000
4,5,4096,16777216,33554432,4,cycle,post,224,33554432,1.00000000000000000,-0.000000000
4,5,4096,16777216,33554432,4,cycle,post,225,33554432,1.00000000000000000,-0.000000000
4,5,4096,16777216,33554432,4,cycle,post,226,33554432,1.00000000000000000,-0.000000000
4,5,4096,16777216,33554432,4,cycle,post,227,33554432,1.00000000000000000,-0.000000000
4,5,4096,16777216,33554432,4,cycle,post,228,33554432,1.00000000000000000,-0.000000000
4,5,4096,16777216,33554432,4,cycle,post,229,33554432,1.00000000000000000,-0.000000000
4,5,4096,16777216,33554432,4,cycle,post,230,33554432,1.00000000000000000,-0.000000000
4,5,4096,16777216,33554432,4,cycle,post,231,33554432,1.00000000000000000,-0.000000000
4,5,4096,16777216,33554432,4,cycle,post,232,33554432,1.00000000000000000,-0.000000000
4,5,4096,16777216,33554432,4,cycle,post,233,33554432,1.00000000000000000,-0.000000000
4,5,4096,16777216,33554432,4,cycle,post,234,33554432,1.00000000000000000,-0.000000000
4,5,4096,16777216,33554432,4,cycle,post,235,33554432,1.00000000000000000,-0.000000000
4,5,4096,16777216,33554432,4,cycle,post,236,33554432,1.00000000000000000,-0.000000000
4,5,4096,16777216,33554432,4,cycle,post,237,33554432,1.00000000000000000,-0.000000000
4,5,4096,16777216,33554432,4,cycle,post,238,33554432,1.00000000000000000,-0.000000000
4,5,4096,16777216,33554432,4,cycle,post,239,33554432,1.00000000000000000,-0.000000000
4,5,4096,16777216,33554432,4,cycle,post,240,33554432,1.00000000000000000,-0.000000000
4,5,4096,16777216,33554432,4,cycle,post,241,33554432,1.00000000000000000,-0.000000000
4,5,4096,16777216,33554432,4,cycle,post,242,33554432,1.00000000000000000,-0.000000000
4,5,4096,16777216,33554432,4,cycle,post,243,33554432,1.00000000000000000,-0.000000000
4,5,4096,16777216,33554432,4,cycle,post,244,33554432,1.00000000000000000,-0.000000000
4,5,4096,16777216,33554432,4,cycle,post,245,33554432,1.00000000000000000,-0.000000000
4,5,4096,16777216,33554432,4,cycle,post,246,33554432,1.00000000000000000,-0.000000000
4,5,4096,16777216,33554432,4,cycle,post,247,33554432,1.00000000000000000,-0.000000000
4,5,4096,16777216,33554432,4,cycle,post,248,33554432,1.00000000000000000,-0.000000000
4,5,4096,16777216,33554432,4,cycle,post,249,33554432,1.00000000000000000,-0.000000000
4,5,4096,16777216,33554432,4,cycle,post,250,33554432,1.00000000000000000,-0.000000000
4,5,4096,16777216,33554432,4,cycle,post,251,33554432,1.00000000000000000,-0.000000000
4,5,4096,16777216,33554432,4,cycle,post,252,33554432,1.00000000000000000,-0.000000000
4,5,4096,16777216,33554432,4,cycle,post,253,33554432,1.00000000000000000,-0.000000000
4,5,4096,16777216,33554432,4,cycle,post,254,33554432,1.00000000000000000,-0.000000000
4,5,4096,16777216,33554432,4,cycle,post,255,33554432,1.00000000000000000,-0.000000000
4,5,4096,16777216,33554432,4,cycle,post,256,33554432,1.00000000000000000,-0.000000000
4,5,4096,16777216,33554432,4,cycle,post,257,33554432,1.00000000000000000,-0.000000000
4,5,4096,16777216,33554432,4,cycle,post,258,33554432,1.00000000000000000,-0.000000000
4,5,4096,16777216,33554432,4,cycle,post,259,33554432,1.00000000000000000,-0.000000000
4,5,4096,16777216,33554432,4,cycle,post,260,33554432,1.00000000000000000,-0.000000000
4,5,4096,16777216,33554432,4,cycle,post,261,33554432,1.00000000000000000,-0.000000000
4,5,4096,16777216,33554432,4,cycle,post,262,33554432,1.00000000000000000,-0.000000000
4,5,4096,16777216,33554432,4,cycle,post,263,33554432,1.00000000000000000,-0.000000000
4,5,4096,16777216,33554432,4,cycle,post,264,33554432,1.00000000000000000,-0.000000000
4,5,4096,16777216,33554432,4,cycle,post,265,33554432,1.00000000000000000,-0.000000000
4,5,4096,16777216,33554432,4,cycle,post,266,33554432,1.00000000000000000,-0.000000000
4,5,4096,16777216,33554432,4,cycle,post,267,33554432,1.00000000000000000,-0.000000000
4,5,4096,16777216,33554432,4,cycle,post,268,33554432,1.00000000000000000,-0.000000000
4,5,4096,16777216,33554432,4,cycle,post,269,33554432,1.00000000000000000,-0.000000000
4,5,4096,16777216,33554432,4,cycle,post,270,33554432,1.00000000000000000,-0.000000000
4,5,4096,16777216,33554432,4,cycle,post,271,33554432,1.00000000000000000,-0.000000000
4,5,4096,16777216,33554432,4,cycle,post,272,33554432,1.00000000000000000,-0.000000000
4,5,4096,16777216,33554432,4,cycle,post,273,33554432,1.00000000000000000,-0.000000000
4,5,4096,16777216,33554432,4,cycle,post,274,33554432,1.00000000000000000,-0.000000000
4,5,4096,16777216,33554432,4,cycle,post,275,33554432,1.00000000000000000,-0.000000000
4,5,4096,16777216,33554432,4,cycle,post,276,33554432,1.00000000000000000,-0.000000000
4,5,4096,16777216,33554432,4,cycle,post,277,33554432,1.00000000000000000,-0.000000000
4,5,4096,16777216,33554432,4,cycle,post,278,33554432,1.00000000000000000,-0.000000000
4,5,4096,16777216,33554432,4,cycle,post,279,33554432,1.00000000000000000,-0.000000000
4,5,4096,16777216,33554432,4,cycle,post,280,33554432,1.00000000000000000,-0.000000000
4,5,4096,16777216,33554432,4,cycle,post,281,33554432,1.00000000000000000,-0.000000000
4,5,4096,16777216,33554432,4,cycle,post,282,33554432,1.00000000000000000,-0.000000000
4,5,4096,16777216,33554432,4,cycle,post,283,33554432,1.00000000000000000,-0.000000000
4,5,4096,16777216,33554432,4,cycle,post,284,33554432,1.00000000000000000,-0.000000000
4,5,4096,16777216,33554432,4,cycle,post,285,33554432,1.00000000000000000,-0.000000000
4,5,4096,16777216,33554432,4,cycle,post,286,33554432,1.00000000000000000,-0.000000000
4,5,4096,16777216,33554432,4,cycle,post,287,33554432,1.00000000000000000,-0.000000000
4,5,4096,16777216,33554432,4,cycle,post,288,33554432,1.00000000000000000,-0.000000000
4,5,4096,16777216,33554432,4,cycle,post,289,33554432,1.00000000000000000,-0.000000000
4,5,4096,16777216,33554432,4,cycle,post,290,33554432,1.00000000000000000,-0.000000000
4,5,4096,16777216,33554432,4,cycle,post,291,33554432,1.00000000000000000,-0.000000000
4,5,4096,16777216,33554432,4,cycle,post,292,33554432,1.00000000000000000,-0.000000000
4,5,4096,16777216,33554432,4,cycle,post,293,33554432,1.00000000000000000,-0.000000000
4,5,4096,16777216,33554432,4,cycle,post,294,33554432,1.00000000000000000,-0.000000000
4,5,4096,16777216,33554432,4,cycle,post,295,33554432,1.00000000000000000,-0.000000000
4,5,4096,16777216,33554432,4,cycle,post,296,33554432,1.00000000000000000,-0.000000000
4,5,4096,16777216,33554432,4,cycle,post,297,33554432,1.00000000000000000,-0.000000000
4,5,4096,16777216,33554432,4,cycle,post,298,33554432,1.00000000000000000,-0.000000000
4,5,4096,16777216,33554432,4,cycle,post,299,33554432,1.00000000000000000,-0.000000000
4,5,4096,16777216,33554432,4,cycle,post,300,33554432,1.00000000000000000,-0.000000000
4,5,4096,16777216,33554432,4,cycle,post,301,33554432,1.00000000000000000,-0.000000000
4,5,4096,16777216,33554432,4,cycle,post,302,33554432,1.00000000000000000,-0.000000000
4,5,4096,16777216,33554432,4,cycle,post,303,33554432,1.00000000000000000,-0.000000000
4,5,4096,16777216,33554432,4,cycle,post,304,33554432,1.00000000000000000,-0.000000000
4,5,4096,16777216,33554432,4,cycle,post,305,33554432,1.00000000000000000,-0.000000000
4,5,4096,16777216,33554432,4,cycle,post,306,33554432,1.00000000000000000,-0.000000000
4,5,4096,16777216,33554432,4,cycle,post,307,33554432,1.00000000000000000,-0.000000000
4,5,4096,16777216,33554432,4,cycle,post,308,33554432,1.00000000000000000,-0.000000000
4,5,4096,16777216,33554432,4,cycle,post,309,33554432,1.00000000000000000,-0.000000000
4,5,4096,16777216,33554432,4,cycle,post,310,33554432,1.00000000000000000,-0.000000000
4,5,4096,16777216,33554432,4,cycle,post,311,33554432,1.00000000000000000,-0.000000000
4,5,4096,16777216,33554432,4,cycle,post,312,33554432,1.00000000000000000,-0.000000000
4,5,4096,16777216,33554432,4,cycle,post,313,33554432,1.00000000000000000,-0.000000000
4,5,4096,16777216,33554432,4,cycle,post,314,33554432,1.00000000000000000,-0.000000000
4,5,4096,16777216,33554432,4,cycle,post,315,33554432,1.00000000000000000,-0.000000000
4,5,4096,16777216,33554432,4,cycle,post,316,33554432,1.00000000000000000,-0.000000000
4,5,4096,16777216,33554432,4,cycle,post,317,33554432,1.00000000000000000,-0.000000000
4,5,4096,16777216,33554432,4,cycle,post,318,33554432,1.00000000000000000,-0.000000000
4,5,4096,16777216,33554432,4,cycle,post,319,33554432,1.00000000000000000,-0.000000000
4,5,4096,16777216,33554432,4,cycle,post,320,33554432,1.00000000000000000,-0.000000000
4,5,4096,16777216,33554432,4,cycle,post,321,33554432,1.00000000000000000,-0.000000000
4,5,4096,16777216,33554432,4,cycle,post,322,33554432,1.00000000000000000,-0.000000000
4,5,4096,16777216,33554432,4,cycle,post,323,33554432,1.00000000000000000,-0.000000000
4,5,4096,16777216,33554432,4,cycle,post,324,33554432,1.00000000000000000,-0.000000000
4,5,4096,16777216,33554432,4,cycle,post,325,33554432,1.00000000000000000,-0.000000000
4,5,4096,16777216,33554432,4,cycle,post,326,33554432,1.00000000000000000,-0.000000000
4,5,4096,16777216,33554432,4,cycle,post,327,33554432,1.00000000000000000,-0.000000000
4,5,4096,16777216,33554432,4,cycle,post,328,33554432,1.00000000000000000,-0.000000000
4,5,4096,16777216,33554432,4,cycle,post,329,33554432,1.00000000000000000,-0.000000000
4,5,4096,16777216,33554432,4,cycle,post,330,33554432,1.00000000000000000,-0.000000000
4,5,4096,16777216,33554432,4,cycle,post,331,33554432,1.00000000000000000,-0.000000000
4,5,4096,16777216,33554432,4,cycle,post,332,33554432,1.00000000000000000,-0.000000000
4,5,4096,16777216,33554432,4,cycle,post,333,33554432,1.00000000000000000,-0.000000000
4,5,4096,16777216,33554432,4,cycle,post,334,33554432,1.00000000000000000,-0.000000000
4,5,4096,16777216,33554432,4,cycle,post,335,33554432,1.00000000000000000,-0.000000000
4,5,4096,16777216,33554432,4,cycle,post,336,33554432,1.00000000000000000,-0.000000000
4,5,4096,16777216,33554432,4,cycle,post,337,33554432,1.00000000000000000,-0.000000000
4,5,4096,16777216,33554432,4,cycle,post,338,33554432,1.00000000000000000,-0.000000000
4,5,4096,16777216,33554432,4,cycle,post,339,33554432,1.00000000000000000,-0.000000000
4,5,4096,16777216,33554432,4,cycle,post,340,33554432,1.00000000000000000,-0.000000000
4,5,4096,16777216,33554432,4,cycle,post,341,33554432,1.00000000000000000,-0.000000000
4,5,4096,16777216,33554432,4,cycle,post,342,33554432,1.00000000000000000,-0.000000000
4,5,4096,16777216,33554432,4,cycle,post,343,33554432,1.00000000000000000,-0.000000000
4,5,4096,16777216,33554432,4,cycle,post,344,33554432,1.00000000000000000,-0.000000000
4,5,4096,16777216,33554432,4,cycle,post,345,33554432,1.00000000000000000,-0.000000000
4,5,4096,16777216,33554432,4,cycle,post,346,33554432,1.00000000000000000,-0.000000000
4,5,4096,16777216,33554432,4,cycle,post,347,33554432,1.00000000000000000,-0.000000000
4,5,4096,16777216,33554432,4,cycle,post,348,33554432,1.00000000000000000,-0.000000000
4,5,4096,16777216,33554432,4,cycle,post,349,33554432,1.00000000000000000,-0.000000000
4,5,4096,16777216,33554432,4,cycle,post,350,33554432,1.00000000000000000,-0.000000000
4,5,4096,16777216,33554432,4,cycle,post,351,33554432,1.00000000000000000,-0.000000000
4,5,4096,16777216,33554432,4,cycle,post,352,33554432,1.00000000000000000,-0.000000000
4,5,4096,16777216,33554432,4,cycle,post,353,33554432,1.00000000000000000,-0.000000000
4,5,4096,16777216,33554432,4,cycle,post,354,33554432,1.00000000000000000,-0.000000000
4,5,4096,16777216,33554432,4,cycle,post,355,33554432,1.00000000000000000,-0.000000000
4,5,4096,16777216,33554432,4,cycle,post,356,33554432,1.00000000000000000,-0.000000000
4,5,4096,16777216,33554432,4,cycle,post,357,33554432,1.00000000000000000,-0.000000000
4,5,4096,16777216,33554432,4,cycle,post,358,33554432,1.00000000000000000,-0.000000000
4,5,4096,16777216,33554432,4,cycle,post,359,33554432,1.00000000000000000,-0.000000000
4,5,4096,16777216,33554432,4,cycle,post,360,33554432,1.00000000000000000,-0.000000000
4,5,4096,16777216,33554432,4,cycle,post,361,33554432,1.00000000000000000,-0.000000000
4,5,4096,16777216,33554432,4,cycle,post,362,33554432,1.00000000000000000,-0.000000000
4,5,4096,16777216,33554432,4,cycle,post,363,33554432,1.00000000000000000,-0.000000000
4,5,4096,16777216,33554432,4,cycle,post,364,33554432,1.00000000000000000,-0.000000000
4,5,4096,16777216,33554432,4,cycle,post,365,33554432,1.00000000000000000,-0.000000000
4,5,4096,16777216,33554432,4,cycle,post,366,33554432,1.00000000000000000,-0.000000000
4,5,4096,16777216,33554432,4,cycle,post,367,33554432,1.00000000000000000,-0.000000000
4,5,4096,16777216,33554432,4,cycle,post,368,33554432,1.00000000000000000,-0.000000000
4,5,4096,16777216,33554432,4,cycle,post,369,33554432,1.00000000000000000,-0.000000000
4,5,4096,16777216,33554432,4,cycle,post,370,33554432,1.00000000000000000,-0.000000000
4,5,4096,16777216,33554432,4,cycle,post,371,33554432,1.00000000000000000,-0.000000000
4,5,4096,16777216,33554432,4,cycle,post,372,33554432,1.00000000000000000,-0.000000000
4,5,4096,16777216,33554432,4,cycle,post,373,33554432,1.00000000000000000,-0.000000000
4,5,4096,16777216,33554432,4,cycle,post,374,33554432,1.00000000000000000,-0.000000000
4,5,4096,16777216,33554432,4,cycle,post,375,33554432,1.00000000000000000,-0.000000000
4,5,4096,16777216,33554432,4,cycle,post,376,33554432,1.00000000000000000,-0.000000000
4,5,4096,16777216,33554432,4,cycle,post,377,33554432,1.00000000000000000,-0.000000000
4,5,4096,16777216,33554432,4,cycle,post,378,33554432,1.00000000000000000,-0.000000000
4,5,4096,16777216,33554432,4,cycle,post,379,33554432,1.00000000000000000,-0.000000000
4,5,4096,16777216,33554432,4,cycle,post,380,33554432,1.00000000000000000,-0.000000000
4,5,4096,16777216,33554432,4,cycle,post,381,33554432,1.00000000000000000,-0.000000000
4,5,4096,16777216,33554432,4,cycle,post,382,33554432,1.00000000000000000,-0.000000000
4,5,4096,16777216,33554432,4,cycle,post,383,33554432,1.00000000000000000,-0.000000000
4,5,4096,16777216,33554432,4,cycle,post,384,33554432,1.00000000000000000,-0.000000000
4,5,4096,16777216,33554432,4,cycle,post,385,33554432,1.00000000000000000,-0.000000000
4,5,4096,16777216,33554432,4,cycle,post,386,33554432,1.00000000000000000,-0.000000000
4,5,4096,16777216,33554432,4,cycle,post,387,33554432,1.00000000000000000,-0.000000000
4,5,4096,16777216,33554432,4,cycle,post,388,33554432,1.00000000000000000,-0.000000000
4,5,4096,16777216,33554432,4,cycle,post,389,33554432,1.00000000000000000,-0.000000000
4,5,4096,16777216,33554432,4,cycle,post,390,33554432,1.00000000000000000,-0.000000000
4,5,4096,16777216,33554432,4,cycle,post,391,33554432,1.00000000000000000,-0.000000000
4,5,4096,16777216,33554432,4,cycle,post,392,33554432,1.00000000000000000,-0.000000000
4,5,4096,16777216,33554432,4,cycle,post,393,33554432,1.00000000000000000,-0.000000000
4,5,4096,16777216,33554432,4,cycle,post,394,33554432,1.00000000000000000,-0.000000000
4,5,4096,16777216,33554432,4,cycle,post,395,33554432,1.00000000000000000,-0.000000000
4,5,4096,16777216,33554432,4,cycle,post,396,33554432,1.00000000000000000,-0.000000000
4,5,4096,16777216,33554432,4,cycle,post,397,33554432,1.00000000000000000,-0.000000000
4,5,4096,16777216,33554432,4,cycle,post,398,33554432,1.00000000000000000,-0.000000000
4,5,4096,16777216,33554432,4,cycle,post,399,33554432,1.00000000000000000,-0.000000000
4,5,4096,16777216,33554432,4,cycle,post,400,33554432,1.00000000000000000,-0.000000000
4,5,4096,16777216,33554432,4,cycle,post,401,33554432,1.00000000000000000,-0.000000000
4,5,4096,16777216,33554432,4,cycle,post,402,33554432,1.00000000000000000,-0.000000000
4,5,4096,16777216,33554432,4,cycle,post,403,33554432,1.00000000000000000,-0.000000000
4,5,4096,16777216,33554432,4,cycle,post,404,33554432,1.00000000000000000,-0.000000000
4,5,4096,16777216,33554432,4,cycle,post,405,33554432,1.00000000000000000,-0.000000000
4,5,4096,16777216,33554432,4,cycle,post,406,33554432,1.00000000000000000,-0.000000000
4,5,4096,16777216,33554432,4,cycle,post,407,33554432,1.00000000000000000,-0.000000000
4,5,4096,16777216,33554432,4,cycle,post,408,33554432,1.00000000000000000,-0.000000000
4,5,4096,16777216,33554432,4,cycle,post,409,33554432,1.00000000000000000,-0.000000000
4,5,4096,16777216,33554432,4,cycle,post,410,33554432,1.00000000000000000,-0.000000000
4,5,4096,16777216,33554432,4,cycle,post,411,33554432,1.00000000000000000,-0.000000000
4,5,4096,16777216,33554432,4,cycle,post,412,33554432,1.00000000000000000,-0.000000000
4,5,4096,16777216,33554432,4,cycle,post,413,33554432,1.00000000000000000,-0.000000000
4,5,4096,16777216,33554432,4,cycle,post,414,33554432,1.00000000000000000,-0.000000000
4,5,4096,16777216,33554432,4,cycle,post,415,33554432,1.00000000000000000,-0.000000000
4,5,4096,16777216,33554432,4,cycle,post,416,33554432,1.00000000000000000,-0.000000000
4,5,4096,16777216,33554432,4,cycle,post,417,33554432,1.00000000000000000,-0.000000000
4,5,4096,16777216,33554432,4,cycle,post,418,33554432,1.00000000000000000,-0.000000000
4,5,4096,16777216,33554432,4,cycle,post,419,33554432,1.00000000000000000,-0.000000000
4,5,4096,16777216,33554432,4,cycle,post,420,33554432,1.00000000000000000,-0.000000000
4,5,4096,16777216,33554432,4,cycle,post,421,33554432,1.00000000000000000,-0.000000000
4,5,4096,16777216,33554432,4,cycle,post,422,33554432,1.00000000000000000,-0.000000000
4,5,4096,16777216,33554432,4,cycle,post,423,33554432,1.00000000000000000,-0.000000000
4,5,4096,16777216,33554432,4,cycle,post,424,33554432,1.00000000000000000,-0.000000000
4,5,4096,16777216,33554432,4,cycle,post,425,33554432,1.00000000000000000,-0.000000000
4,5,4096,16777216,33554432,4,cycle,post,426,33554432,1.00000000000000000,-0.000000000
4,5,4096,16777216,33554432,4,cycle,post,427,33554432,1.00000000000000000,-0.000000000
4,5,4096,16777216,33554432,4,cycle,post,428,33554432,1.00000000000000000,-0.000000000
4,5,4096,16777216,33554432,4,cycle,post,429,33554432,1.00000000000000000,-0.000000000
4,5,4096,16777216,33554432,4,cycle,post,430,33554432,1.00000000000000000,-0.000000000
4,5,4096,16777216,33554432,4,cycle,post,431,33554432,1.00000000000000000,-0.000000000
4,5,4096,16777216,33554432,4,cycle,post,432,33554432,1.00000000000000000,-0.000000000
4,5,4096,16777216,33554432,4,cycle,post,433,33554432,1.00000000000000000,-0.000000000
4,5,4096,16777216,33554432,4,cycle,post,434,33554432,1.00000000000000000,-0.000000000
4,5,4096,16777216,33554432,4,cycle,post,435,33554432,1.00000000000000000,-0.000000000
4,5,4096,16777216,33554432,4,cycle,post,436,33554432,1.00000000000000000,-0.000000000
4,5,4096,16777216,33554432,4,cycle,post,437,33554432,1.00000000000000000,-0.000000000
4,5,4096,16777216,33554432,4,cycle,post,438,33554432,1.00000000000000000,-0.000000000
4,5,4096,16777216,33554432,4,cycle,post,439,33554432,1.00000000000000000,-0.000000000
4,5,4096,16777216,33554432,4,cycle,post,440,33554432,1.00000000000000000,-0.000000000
4,5,4096,16777216,33554432,4,cycle,post,441,33554432,1.00000000000000000,-0.000000000
4,5,4096,16777216,33554432,4,cycle,post,442,33554432,1.00000000000000000,-0.000000000
4,5,4096,16777216,33554432,4,cycle,post,443,33554432,1.00000000000000000,-0.000000000
4,5,4096,16777216,33554432,4,cycle,post,444,33554432,1.00000000000000000,-0.000000000
4,5,4096,16777216,33554432,4,cycle,post,445,33554432,1.00000000000000000,-0.000000000
4,5,4096,16777216,33554432,4,cycle,post,446,33554432,1.00000000000000000,-0.000000000
4,5,4096,16777216,33554432,4,cycle,post,447,33554432,1.00000000000000000,-0.000000000
4,5,4096,16777216,33554432,4,cycle,post,448,33554432,1.00000000000000000,-0.000000000
4,5,4096,16777216,33554432,4,cycle,post,449,33554432,1.00000000000000000,-0.000000000
4,5,4096,16777216,33554432,4,cycle,post,450,33554432,1.00000000000000000,-0.000000000
4,5,4096,16777216,33554432,4,cycle,post,451,33554432,1.00000000000000000,-0.000000000
4,5,4096,16777216,33554432,4,cycle,post,452,33554432,1.00000000000000000,-0.000000000
4,5,4096,16777216,33554432,4,cycle,post,453,33554432,1.00000000000000000,-0.000000000
4,5,4096,16777216,33554432,4,cycle,post,454,33554432,1.00000000000000000,-0.000000000
4,5,4096,16777216,33554432,4,cycle,post,455,33554432,1.00000000000000000,-0.000000000
4,5,4096,16777216,33554432,4,cycle,post,456,33554432,1.00000000000000000,-0.000000000
4,5,4096,16777216,33554432,4,cycle,post,457,33554432,1.00000000000000000,-0.000000000
4,5,4096,16777216,33554432,4,cycle,post,458,33554432,1.00000000000000000,-0.000000000
4,5,4096,16777216,33554432,4,cycle,post,459,33554432,1.00000000000000000,-0.000000000
4,5,4096,16777216,33554432,4,cycle,post,460,33554432,1.00000000000000000,-0.000000000
4,5,4096,16777216,33554432,4,cycle,post,461,33554432,1.00000000000000000,-0.000000000
4,5,4096,16777216,33554432,4,cycle,post,462,33554432,1.00000000000000000,-0.000000000
4,5,4096,16777216,33554432,4,cycle,post,463,33554432,1.00000000000000000,-0.000000000
4,5,4096,16777216,33554432,4,cycle,post,464,33554432,1.00000000000000000,-0.000000000
4,5,4096,16777216,33554432,4,cycle,post,465,33554432,1.00000000000000000,-0.000000000
4,5,4096,16777216,33554432,4,cycle,post,466,33554432,1.00000000000000000,-0.000000000
4,5,4096,16777216,33554432,4,cycle,post,467,33554432,1.00000000000000000,-0.000000000
4,5,4096,16777216,33554432,4,cycle,post,468,33554432,1.00000000000000000,-0.000000000
4,5,4096,16777216,33554432,4,cycle,post,469,33554432,1.00000000000000000,-0.000000000
4,5,4096,16777216,33554432,4,cycle,post,470,33554432,1.00000000000000000,-0.000000000
4,5,4096,16777216,33554432,4,cycle,post,471,33554432,1.00000000000000000,-0.000000000
4,5,4096,16777216,33554432,4,cycle,post,472,33554432,1.00000000000000000,-0.000000000
4,5,4096,16777216,33554432,4,cycle,post,473,33554432,1.00000000000000000,-0.000000000
4,5,4096,16777216,33554432,4,cycle,post,474,33554432,1.00000000000000000,-0.000000000
4,5,4096,16777216,33554432,4,cycle,post,475,33554432,1.00000000000000000,-0.000000000
4,5,4096,16777216,33554432,4,cycle,post,476,33554432,1.00000000000000000,-0.000000000
4,5,4096,16777216,33554432,4,cycle,post,477,33554432,1.00000000000000000,-0.000000000
4,5,4096,16777216,33554432,4,cycle,post,478,33554432,1.00000000000000000,-0.000000000
4,5,4096,16777216,33554432,4,cycle,post,479,33554432,1.00000000000000000,-0.000000000
4,5,4096,16777216,33554432,4,cycle,post,480,33554432,1.00000000000000000,-0.000000000
4,5,4096,16777216,33554432,4,cycle,post,481,33554432,1.00000000000000000,-0.000000000
4,5,4096,16777216,33554432,4,cycle,post,482,33554432,1.00000000000000000,-0.000000000
4,5,4096,16777216,33554432,4,cycle,post,483,33554432,1.00000000000000000,-0.000000000
4,5,4096,16777216,33554432,4,cycle,post,484,33554432,1.00000000000000000,-0.000000000
4,5,4096,16777216,33554432,4,cycle,post,485,33554432,1.00000000000000000,-0.000000000
4,5,4096,16777216,33554432,4,cycle,post,486,33554432,1.00000000000000000,-0.000000000
4,5,4096,16777216,33554432,4,cycle,post,487,33554432,1.00000000000000000,-0.000000000
4,5,4096,16777216,33554432,4,cycle,post,488,33554432,1.00000000000000000,-0.000000000
4,5,4096,16777216,33554432,4,cycle,post,489,33554432,1.00000000000000000,-0.000000000
4,5,4096,16777216,33554432,4,cycle,post,490,33554432,1.00000000000000000,-0.000000000
4,5,4096,16777216,33554432,4,cycle,post,491,33554432,1.00000000000000000,-0.000000000
4,5,4096,16777216,33554432,4,cycle,post,492,33554432,1.00000000000000000,-0.000000000
4,5,4096,16777216,33554432,4,cycle,post,493,33554432,1.00000000000000000,-0.000000000
4,5,4096,16777216,33554432,4,cycle,post,494,33554432,1.00000000000000000,-0.000000000
4,5,4096,16777216,33554432,4,cycle,post,495,33554432,1.00000000000000000,-0.000000000
4,5,4096,16777216,33554432,4,cycle,post,496,33554432,1.00000000000000000,-0.000000000
4,5,4096,16777216,33554432,4,cycle,post,497,33554432,1.00000000000000000,-0.000000000
4,5,4096,16777216,33554432,4,cycle,post,498,33554432,1.00000000000000000,-0.000000000
4,5,4096,16777216,33554432,4,cycle,post,499,33554432,1.00000000000000000,-0.000000000
4,5,4096,16777216,33554432,4,cycle,post,500,33554432,1.00000000000000000,-0.000000000
4,5,4096,16777216,33554432,4,cycle,post,501,33554432,1.00000000000000000,-0.000000000
4,5,4096,16777216,33554432,4,cycle,post,502,33554432,1.00000000000000000,-0.000000000
4,5,4096,16777216,33554432,4,cycle,post,503,33554432,1.00000000000000000,-0.000000000
4,5,4096,16777216,33554432,4,cycle,post,504,33554432,1.00000000000000000,-0.000000000
4,5,4096,16777216,33554432,4,cycle,post,505,33554432,1.00000000000000000,-0.000000000
4,5,4096,16777216,33554432,4,cycle,post,506,33554432,1.00000000000000000,-0.000000000
4,5,4096,16777216,33554432,4,cycle,post,507,33554432,1.00000000000000000,-0.000000000
4,5,4096,16777216,33554432,4,cycle,post,508,33554432,1.00000000000000000,-0.000000000
4,5,4096,16777216,33554432,4,cycle,post,509,33554432,1.00000000000000000,-0.000000000
4,5,4096,16777216,33554432,4,cycle,post,510,33554432,1.00000000000000000,-0.000000000
4,5,4096,16777216,33554432,4,cycle,post,511,33554432,1.00000000000000000,-0.000000000
4,5,4096,16777216,33554432,4,cycle,post,512,33554432,1.00000000000000000,-0.000000000
4,5,4096,16777216,33554432,4,cycle,post,513,33554432,1.00000000000000000,-0.000000000
4,5,4096,16777216,33554432,4,cycle,post,514,33554432,1.00000000000000000,-0.000000000
4,5,4096,16777216,33554432,4,cycle,post,515,33554432,1.00000000000000000,-0.000000000
4,5,4096,16777216,33554432,4,cycle,post,516,33554432,1.00000000000000000,-0.000000000
4,5,4096,16777216,33554432,4,cycle,post,517,33554432,1.00000000000000000,-0.000000000
4,5,4096,16777216,33554432,4,cycle,post,518,33554432,1.00000000000000000,-0.000000000
4,5,4096,16777216,33554432,4,cycle,post,519,33554432,1.00000000000000000,-0.000000000
4,5,4096,16777216,33554432,4,cycle,post,520,33554432,1.00000000000000000,-0.000000000
4,5,4096,16777216,33554432,4,cycle,post,521,33554432,1.00000000000000000,-0.000000000
4,5,4096,16777216,33554432,4,cycle,post,522,33554432,1.00000000000000000,-0.000000000
4,5,4096,16777216,33554432,4,cycle,post,523,33554432,1.00000000000000000,-0.000000000
4,5,4096,16777216,33554432,4,cycle,post,524,33554432,1.00000000000000000,-0.000000000
4,5,4096,16777216,33554432,4,cycle,post,525,33554432,1.00000000000000000,-0.000000000
4,5,4096,16777216,33554432,4,cycle,post,526,33554432,1.00000000000000000,-0.000000000
4,5,4096,16777216,33554432,4,cycle,post,527,33554432,1.00000000000000000,-0.000000000
4,5,4096,16777216,33554432,4,cycle,post,528,33554432,1.00000000000000000,-0.000000000
4,5,4096,16777216,33554432,4,cycle,post,529,33554432,1.00000000000000000,-0.000000000
4,5,4096,16777216,33554432,4,cycle,post,530,33554432,1.00000000000000000,-0.000000000
4,5,4096,16777216,33554432,4,cycle,post,531,33554432,1.00000000000000000,-0.000000000
4,5,4096,16777216,33554432,4,cycle,post,532,33554432,1.00000000000000000,-0.000000000
4,5,4096,16777216,33554432,4,cycle,post,533,33554432,1.00000000000000000,-0.000000000
4,5,4096,16777216,33554432,4,cycle,post,534,33554432,1.00000000000000000,-0.000000000
4,5,4096,16777216,33554432,4,cycle,post,535,33554432,1.00000000000000000,-0.000000000
4,5,4096,16777216,33554432,4,cycle,post,536,33554432,1.00000000000000000,-0.000000000
4,5,4096,16777216,33554432,4,cycle,post,537,33554432,1.00000000000000000,-0.000000000
4,5,4096,16777216,33554432,4,cycle,post,538,33554432,1.00000000000000000,-0.000000000
4,5,4096,16777216,33554432,4,cycle,post,539,33554432,1.00000000000000000,-0.000000000
4,5,4096,16777216,33554432,4,cycle,post,540,33554432,1.00000000000000000,-0.000000000
4,5,4096,16777216,33554432,4,cycle,post,541,33554432,1.00000000000000000,-0.000000000
4,5,4096,16777216,33554432,4,cycle,post,542,33554432,1.00000000000000000,-0.000000000
4,5,4096,16777216,33554432,4,cycle,post,543,33554432,1.00000000000000000,-0.000000000
4,5,4096,16777216,33554432,4,cycle,post,544,33554432,1.00000000000000000,-0.000000000
4,5,4096,16777216,33554432,4,cycle,post,545,33554432,1.00000000000000000,-0.000000000
4,5,4096,16777216,33554432,4,cycle,post,546,33554432,1.00000000000000000,-0.000000000
4,5,4096,16777216,33554432,4,cycle,post,547,33554432,1.00000000000000000,-0.000000000
4,5,4096,16777216,33554432,4,cycle,post,548,33554432,1.00000000000000000,-0.000000000
4,5,4096,16777216,33554432,4,cycle,post,549,33554432,1.00000000000000000,-0.000000000
4,5,4096,16777216,33554432,4,cycle,post,550,33554432,1.00000000000000000,-0.000000000
4,5,4096,16777216,33554432,4,cycle,post,551,33554432,1.00000000000000000,-0.000000000
4,5,4096,16777216,33554432,4,cycle,post,552,33554432,1.00000000000000000,-0.000000000
4,5,4096,16777216,33554432,4,cycle,post,553,33554432,1.00000000000000000,-0.000000000
4,5,4096,16777216,33554432,4,cycle,post,554,33554432,1.00000000000000000,-0.000000000
4,5,4096,16777216,33554432,4,cycle,post,555,33554432,1.00000000000000000,-0.000000000
4,5,4096,16777216,33554432,4,cycle,post,556,33554432,1.00000000000000000,-0.000000000
4,5,4096,16777216,33554432,4,cycle,post,557,33554432,1.00000000000000000,-0.000000000
4,5,4096,16777216,33554432,4,cycle,post,558,33554432,1.00000000000000000,-0.000000000
4,5,4096,16777216,33554432,4,cycle,post,559,33554432,1.00000000000000000,-0.000000000
4,5,4096,16777216,33554432,4,cycle,post,560,33554432,1.00000000000000000,-0.000000000
4,5,4096,16777216,33554432,4,cycle,post,561,33554432,1.00000000000000000,-0.000000000
4,5,4096,16777216,33554432,4,cycle,post,562,33554432,1.00000000000000000,-0.000000000
4,5,4096,16777216,33554432,4,cycle,post,563,33554432,1.00000000000000000,-0.000000000
4,5,4096,16777216,33554432,4,cycle,post,564,33554432,1.00000000000000000,-0.000000000
4,5,4096,16777216,33554432,4,cycle,post,565,33554432,1.00000000000000000,-0.000000000
4,5,4096,16777216,33554432,4,cycle,post,566,33554432,1.00000000000000000,-0.000000000
4,5,4096,16777216,33554432,4,cycle,post,567,33554432,1.00000000000000000,-0.000000000
4,5,4096,16777216,33554432,4,cycle,post,568,33554432,1.00000000000000000,-0.000000000
4,5,4096,16777216,33554432,4,cycle,post,569,33554432,1.00000000000000000,-0.000000000
4,5,4096,16777216,33554432,4,cycle,post,570,33554432,1.00000000000000000,-0.000000000
4,5,4096,16777216,33554432,4,cycle,post,571,33554432,1.00000000000000000,-0.000000000
4,5,4096,16777216,33554432,4,cycle,post,572,33554432,1.00000000000000000,-0.000000000
4,5,4096,16777216,33554432,4,cycle,post,573,33554432,1.00000000000000000,-0.000000000
4,5,4096,16777216,33554432,4,cycle,post,574,33554432,1.00000000000000000,-0.000000000
4,5,4096,16777216,33554432,4,cycle,post,575,33554432,1.00000000000000000,-0.000000000
4,5,4096,16777216,33554432,4,cycle,post,576,33554432,1.00000000000000000,-0.000000000
4,5,4096,16777216,33554432,4,cycle,post,577,33554432,1.00000000000000000,-0.000000000
4,5,4096,16777216,33554432,4,cycle,post,578,33554432,1.00000000000000000,-0.000000000
4,5,4096,16777216,33554432,4,cycle,post,579,33554432,1.00000000000000000,-0.000000000
4,5,4096,16777216,33554432,4,cycle,post,580,33554432,1.00000000000000000,-0.000000000
4,5,4096,16777216,33554432,4,cycle,post,581,33554432,1.00000000000000000,-0.000000000
4,5,4096,16777216,33554432,4,cycle,post,582,33554432,1.00000000000000000,-0.000000000
4,5,4096,16777216,33554432,4,cycle,post,583,33554432,1.00000000000000000,-0.000000000
4,5,4096,16777216,33554432,4,cycle,post,584,33554432,1.00000000000000000,-0.000000000
4,5,4096,16777216,33554432,4,cycle,post,585,33554432,1.00000000000000000,-0.000000000
4,5,4096,16777216,33554432,4,cycle,post,586,33554432,1.00000000000000000,-0.000000000
4,5,4096,16777216,33554432,4,cycle,post,587,33554432,1.00000000000000000,-0.000000000
4,5,4096,16777216,33554432,4,cycle,post,588,33554432,1.00000000000000000,-0.000000000
4,5,4096,16777216,33554432,4,cycle,post,589,33554432,1.00000000000000000,-0.000000000
4,5,4096,16777216,33554432,4,cycle,post,590,33554432,1.00000000000000000,-0.000000000
4,5,4096,16777216,33554432,4,cycle,post,591,33554432,1.00000000000000000,-0.000000000
4,5,4096,16777216,33554432,4,cycle,post,592,33554432,1.00000000000000000,-0.000000000
4,5,4096,16777216,33554432,4,cycle,post,593,33554432,1.00000000000000000,-0.000000000
4,5,4096,16777216,33554432,4,cycle,post,594,33554432,1.00000000000000000,-0.000000000
4,5,4096,16777216,33554432,4,cycle,post,595,33554432,1.00000000000000000,-0.000000000
4,5,4096,16777216,33554432,4,cycle,post,596,33554432,1.00000000000000000,-0.000000000
4,5,4096,16777216,33554432,4,cycle,post,597,33554432,1.00000000000000000,-0.000000000
4,5,4096,16777216,33554432,4,cycle,post,598,33554432,1.00000000000000000,-0.000000000
4,5,4096,16777216,33554432,4,cycle,post,599,33554432,1.00000000000000000,-0.000000000
4,5,4096,16777216,33554432,4,cycle,post,600,33554432,1.00000000000000000,-0.000000000
4,5,4096,16777216,33554432,4,cycle,post,601,33554432,1.00000000000000000,-0.000000000
4,5,4096,16777216,33554432,4,cycle,post,602,33554432,1.00000000000000000,-0.000000000
4,5,4096,16777216,33554432,4,cycle,post,603,33554432,1.00000000000000000,-0.000000000
4,5,4096,16777216,33554432,4,cycle,post,604,33554432,1.00000000000000000,-0.000000000
4,5,4096,16777216,33554432,4,cycle,post,605,33554432,1.00000000000000000,-0.000000000
4,5,4096,16777216,33554432,4,cycle,post,606,33554432,1.00000000000000000,-0.000000000
4,5,4096,16777216,33554432,4,cycle,post,607,33554432,1.00000000000000000,-0.000000000
4,5,4096,16777216,33554432,4,cycle,post,608,33554432,1.00000000000000000,-0.000000000
4,5,4096,16777216,33554432,4,cycle,post,609,33554432,1.00000000000000000,-0.000000000
4,5,4096,16777216,33554432,4,cycle,post,610,33554432,1.00000000000000000,-0.000000000
4,5,4096,16777216,33554432,4,cycle,post,611,33554432,1.00000000000000000,-0.000000000
4,5,4096,16777216,33554432,4,cycle,post,612,33554432,1.00000000000000000,-0.000000000
4,5,4096,16777216,33554432,4,cycle,post,613,33554432,1.00000000000000000,-0.000000000
4,5,4096,16777216,33554432,4,cycle,post,614,33554432,1.00000000000000000,-0.000000000
4,5,4096,16777216,33554432,4,cycle,post,615,33554432,1.00000000000000000,-0.000000000
4,5,4096,16777216,33554432,4,cycle,post,616,33554432,1.00000000000000000,-0.000000000
4,5,4096,16777216,33554432,4,cycle,post,617,33554432,1.00000000000000000,-0.000000000
4,5,4096,16777216,33554432,4,cycle,post,618,33554432,1.00000000000000000,-0.000000000
4,5,4096,16777216,33554432,4,cycle,post,619,33554432,1.00000000000000000,-0.000000000
4,5,4096,16777216,33554432,4,cycle,post,620,33554432,1.00000000000000000,-0.000000000
4,5,4096,16777216,33554432,4,cycle,post,621,33554432,1.00000000000000000,-0.000000000
4,5,4096,16777216,33554432,4,cycle,post,622,33554432,1.00000000000000000,-0.000000000
4,5,4096,16777216,33554432,4,cycle,post,623,33554432,1.00000000000000000,-0.000000000
4,5,4096,16777216,33554432,4,cycle,post,624,33554432,1.00000000000000000,-0.000000000
4,5,4096,16777216,33554432,4,cycle,post,625,33554432,1.00000000000000000,-0.000000000
4,5,4096,16777216,33554432,4,cycle,post,626,33554432,1.00000000000000000,-0.000000000
4,5,4096,16777216,33554432,4,cycle,post,627,33554432,1.00000000000000000,-0.000000000
4,5,4096,16777216,33554432,4,cycle,post,628,33554432,1.00000000000000000,-0.000000000
4,5,4096,16777216,33554432,4,cycle,post,629,33554432,1.00000000000000000,-0.000000000
4,5,4096,16777216,33554432,4,cycle,post,630,33554432,1.00000000000000000,-0.000000000
4,5,4096,16777216,33554432,4,cycle,post,631,33554432,1.00000000000000000,-0.000000000
4,5,4096,16777216,33554432,4,cycle,post,632,33554432,1.00000000000000000,-0.000000000
4,5,4096,16777216,33554432,4,cycle,post,633,33554432,1.00000000000000000,-0.000000000
4,5,4096,16777216,33554432,4,cycle,post,634,33554432,1.00000000000000000,-0.000000000
4,5,4096,16777216,33554432,4,cycle,post,635,33554432,1.00000000000000000,-0.000000000
4,5,4096,16777216,33554432,4,cycle,post,636,33554432,1.00000000000000000,-0.000000000
4,5,4096,16777216,33554432,4,cycle,post,637,33554432,1.00000000000000000,-0.000000000
4,5,4096,16777216,33554432,4,cycle,post,638,33554432,1.00000000000000000,-0.000000000
4,5,4096,16777216,33554432,4,cycle,post,639,33554432,1.00000000000000000,-0.000000000
4,5,4096,16777216,33554432,4,cycle,post,640,33554432,1.00000000000000000,-0.000000000
4,5,4096,16777216,33554432,4,cycle,post,641,33554432,1.00000000000000000,-0.000000000
4,5,4096,16777216,33554432,4,cycle,post,642,33554432,1.00000000000000000,-0.000000000
4,5,4096,16777216,33554432,4,cycle,post,643,33554432,1.00000000000000000,-0.000000000
4,5,4096,16777216,33554432,4,cycle,post,644,33554432,1.00000000000000000,-0.000000000
4,5,4096,16777216,33554432,4,cycle,post,645,33554432,1.00000000000000000,-0.000000000
4,5,4096,16777216,33554432,4,cycle,post,646,33554432,1.00000000000000000,-0.000000000
4,5,4096,16777216,33554432,4,cycle,post,647,33554432,1.00000000000000000,-0.000000000
4,5,4096,16777216,33554432,4,cycle,post,648,33554432,1.00000000000000000,-0.000000000
4,5,4096,16777216,33554432,4,cycle,post,649,33554432,1.00000000000000000,-0.000000000
4,5,4096,16777216,33554432,4,cycle,post,650,33554432,1.00000000000000000,-0.000000000
4,5,4096,16777216,33554432,4,cycle,post,651,33554432,1.00000000000000000,-0.000000000
4,5,4096,16777216,33554432,4,cycle,post,652,33554432,1.00000000000000000,-0.000000000
4,5,4096,16777216,33554432,4,cycle,post,653,33554432,1.00000000000000000,-0.000000000
4,5,4096,16777216,33554432,4,cycle,post,654,33554432,1.00000000000000000,-0.000000000
4,5,4096,16777216,33554432,4,cycle,post,655,33554432,1.00000000000000000,-0.000000000
4,5,4096,16777216,33554432,4,cycle,post,656,33554432,1.00000000000000000,-0.000000000
4,5,4096,16777216,33554432,4,cycle,post,657,33554432,1.00000000000000000,-0.000000000
4,5,4096,16777216,33554432,4,cycle,post,658,33554432,1.00000000000000000,-0.000000000
4,5,4096,16777216,33554432,4,cycle,post,659,33554432,1.00000000000000000,-0.000000000
4,5,4096,16777216,33554432,4,cycle,post,660,33554432,1.00000000000000000,-0.000000000
4,5,4096,16777216,33554432,4,cycle,post,661,33554432,1.00000000000000000,-0.000000000
4,5,4096,16777216,33554432,4,cycle,post,662,33554432,1.00000000000000000,-0.000000000
4,5,4096,16777216,33554432,4,cycle,post,663,33554432,1.00000000000000000,-0.000000000
4,5,4096,16777216,33554432,4,cycle,post,664,33554432,1.00000000000000000,-0.000000000
4,5,4096,16777216,33554432,4,cycle,post,665,33554432,1.00000000000000000,-0.000000000
4,5,4096,16777216,33554432,4,cycle,post,666,33554432,1.00000000000000000,-0.000000000
4,5,4096,16777216,33554432,4,cycle,post,667,33554432,1.00000000000000000,-0.000000000
4,5,4096,16777216,33554432,4,cycle,post,668,33554432,1.00000000000000000,-0.000000000
4,5,4096,16777216,33554432,4,cycle,post,669,33554432,1.00000000000000000,-0.000000000
4,5,4096,16777216,33554432,4,cycle,post,670,33554432,1.00000000000000000,-0.000000000
4,5,4096,16777216,33554432,4,cycle,post,671,33554432,1.00000000000000000,-0.000000000
4,5,4096,16777216,33554432,4,cycle,post,672,33554432,1.00000000000000000,-0.000000000
4,5,4096,16777216,33554432,4,cycle,post,673,33554432,1.00000000000000000,-0.000000000
4,5,4096,16777216,33554432,4,cycle,post,674,33554432,1.00000000000000000,-0.000000000
4,5,4096,16777216,33554432,4,cycle,post,675,33554432,1.00000000000000000,-0.000000000
4,5,4096,16777216,33554432,4,cycle,post,676,33554432,1.00000000000000000,-0.000000000
4,5,4096,16777216,33554432,4,cycle,post,677,33554432,1.00000000000000000,-0.000000000
4,5,4096,16777216,33554432,4,cycle,post,678,33554432,1.00000000000000000,-0.000000000
4,5,4096,16777216,33554432,4,cycle,post,679,33554432,1.00000000000000000,-0.000000000
4,5,4096,16777216,33554432,4,cycle,post,680,33554432,1.00000000000000000,-0.000000000
4,5,4096,16777216,33554432,4,cycle,post,681,33554432,1.00000000000000000,-0.000000000
4,5,4096,16777216,33554432,4,cycle,post,682,33554432,1.00000000000000000,-0.000000000
4,5,4096,16777216,33554432,4,cycle,post,683,33554432,1.00000000000000000,-0.000000000
4,5,4096,16777216,33554432,4,cycle,post,684,33554432,1.00000000000000000,-0.000000000
4,5,4096,16777216,33554432,4,cycle,post,685,33554432,1.00000000000000000,-0.000000000
4,5,4096,16777216,33554432,4,cycle,post,686,33554432,1.00000000000000000,-0.000000000
4,5,4096,16777216,33554432,4,cycle,post,687,33554432,1.00000000000000000,-0.000000000
4,5,4096,16777216,33554432,4,cycle,post,688,33554432,1.00000000000000000,-0.000000000
4,5,4096,16777216,33554432,4,cycle,post,689,33554432,1.00000000000000000,-0.000000000
4,5,4096,16777216,33554432,4,cycle,post,690,33554432,1.00000000000000000,-0.000000000
4,5,4096,16777216,33554432,4,cycle,post,691,33554432,1.00000000000000000,-0.000000000
4,5,4096,16777216,33554432,4,cycle,post,692,33554432,1.00000000000000000,-0.000000000
4,5,4096,16777216,33554432,4,cycle,post,693,33554432,1.00000000000000000,-0.000000000
4,5,4096,16777216,33554432,4,cycle,post,694,33554432,1.00000000000000000,-0.000000000
4,5,4096,16777216,33554432,4,cycle,post,695,33554432,1.00000000000000000,-0.000000000
4,5,4096,16777216,33554432,4,cycle,post,696,33554432,1.00000000000000000,-0.000000000
4,5,4096,16777216,33554432,4,cycle,post,697,33554432,1.00000000000000000,-0.000000000
4,5,4096,16777216,33554432,4,cycle,post,698,33554432,1.00000000000000000,-0.000000000
4,5,4096,16777216,33554432,4,cycle,post,699,33554432,1.00000000000000000,-0.000000000
4,5,4096,16777216,33554432,4,cycle,post,700,33554432,1.00000000000000000,-0.000000000
4,5,4096,16777216,33554432,4,cycle,post,701,33554432,1.00000000000000000,-0.000000000
4,5,4096,16777216,33554432,4,cycle,post,702,33554432,1.00000000000000000,-0.000000000
4,5,4096,16777216,33554432,4,cycle,post,703,33554432,1.00000000000000000,-0.000000000
4,5,4096,16777216,33554432,4,cycle,post,704,33554432,1.00000000000000000,-0.000000000
4,5,4096,16777216,33554432,4,cycle,post,705,33554432,1.00000000000000000,-0.000000000
4,5,4096,16777216,33554432,4,cycle,post,706,33554432,1.00000000000000000,-0.000000000
4,5,4096,16777216,33554432,4,cycle,post,707,33554432,1.00000000000000000,-0.000000000
4,5,4096,16777216,33554432,4,cycle,post,708,33554432,1.00000000000000000,-0.000000000
4,5,4096,16777216,33554432,4,cycle,post,709,33554432,1.00000000000000000,-0.000000000
4,5,4096,16777216,33554432,4,cycle,post,710,33554432,1.00000000000000000,-0.000000000
4,5,4096,16777216,33554432,4,cycle,post,711,33554432,1.00000000000000000,-0.000000000
4,5,4096,16777216,33554432,4,cycle,post,712,33554432,1.00000000000000000,-0.000000000
4,5,4096,16777216,33554432,4,cycle,post,713,33554432,1.00000000000000000,-0.000000000
4,5,4096,16777216,33554432,4,cycle,post,714,33554432,1.00000000000000000,-0.000000000
4,5,4096,16777216,33554432,4,cycle,post,715,33554432,1.00000000000000000,-0.000000000
4,5,4096,16777216,33554432,4,cycle,post,716,33554432,1.00000000000000000,-0.000000000
4,5,4096,16777216,33554432,4,cycle,post,717,33554432,1.00000000000000000,-0.000000000
4,5,4096,16777216,33554432,4,cycle,post,718,33554432,1.00000000000000000,-0.000000000
4,5,4096,16777216,33554432,4,cycle,post,719,33554432,1.00000000000000000,-0.000000000
4,5,4096,16777216,33554432,4,cycle,post,720,33554432,1.00000000000000000,-0.000000000
4,5,4096,16777216,33554432,4,cycle,post,721,33554432,1.00000000000000000,-0.000000000
4,5,4096,16777216,33554432,4,cycle,post,722,33554432,1.00000000000000000,-0.000000000
4,5,4096,16777216,33554432,4,cycle,post,723,33554432,1.00000000000000000,-0.000000000
4,5,4096,16777216,33554432,4,cycle,post,724,33554432,1.00000000000000000,-0.000000000
4,5,4096,16777216,33554432,4,cycle,post,725,33554432,1.00000000000000000,-0.000000000
4,5,4096,16777216,33554432,4,cycle,post,726,33554432,1.00000000000000000,-0.000000000
4,5,4096,16777216,33554432,4,cycle,post,727,33554432,1.00000000000000000,-0.000000000
4,5,4096,16777216,33554432,4,cycle,post,728,33554432,1.00000000000000000,-0.000000000
4,5,4096,16777216,33554432,4,cycle,post,729,33554432,1.00000000000000000,-0.000000000
4,5,4096,16777216,33554432,4,cycle,post,730,33554432,1.00000000000000000,-0.000000000
4,5,4096,16777216,33554432,4,cycle,post,731,33554432,1.00000000000000000,-0.000000000
4,5,4096,16777216,33554432,4,cycle,post,732,33554432,1.00000000000000000,-0.000000000
4,5,4096,16777216,33554432,4,cycle,post,733,33554432,1.00000000000000000,-0.000000000
4,5,4096,16777216,33554432,4,cycle,post,734,33554432,1.00000000000000000,-0.000000000
4,5,4096,16777216,33554432,4,cycle,post,735,33554432,1.00000000000000000,-0.000000000
4,5,4096,16777216,33554432,4,cycle,post,736,33554432,1.00000000000000000,-0.000000000
4,5,4096,16777216,33554432,4,cycle,post,737,33554432,1.00000000000000000,-0.000000000
4,5,4096,16777216,33554432,4,cycle,post,738,33554432,1.00000000000000000,-0.000000000
4,5,4096,16777216,33554432,4,cycle,post,739,33554432,1.00000000000000000,-0.000000000
4,5,4096,16777216,33554432,4,cycle,post,740,33554432,1.00000000000000000,-0.000000000
4,5,4096,16777216,33554432,4,cycle,post,741,33554432,1.00000000000000000,-0.000000000
4,5,4096,16777216,33554432,4,cycle,post,742,33554432,1.00000000000000000,-0.000000000
4,5,4096,16777216,33554432,4,cycle,post,743,33554432,1.00000000000000000,-0.000000000
4,5,4096,16777216,33554432,4,cycle,post,744,33554432,1.00000000000000000,-0.000000000
4,5,4096,16777216,33554432,4,cycle,post,745,33554432,1.00000000000000000,-0.000000000
4,5,4096,16777216,33554432,4,cycle,post,746,33554432,1.00000000000000000,-0.000000000
4,5,4096,16777216,33554432,4,cycle,post,747,33554432,1.00000000000000000,-0.000000000
4,5,4096,16777216,33554432,4,cycle,post,748,33554432,1.00000000000000000,-0.000000000
4,5,4096,16777216,33554432,4,cycle,post,749,33554432,1.00000000000000000,-0.000000000
4,5,4096,16777216,33554432,4,cycle,post,750,33554432,1.00000000000000000,-0.000000000
4,5,4096,16777216,33554432,4,cycle,post,751,33554432,1.00000000000000000,-0.000000000
4,5,4096,16777216,33554432,4,cycle,post,752,33554432,1.00000000000000000,-0.000000000
4,5,4096,16777216,33554432,4,cycle,post,753,33554432,1.00000000000000000,-0.000000000
4,5,4096,16777216,33554432,4,cycle,post,754,33554432,1.00000000000000000,-0.000000000
4,5,4096,16777216,33554432,4,cycle,post,755,33554432,1.00000000000000000,-0.000000000
4,5,4096,16777216,33554432,4,cycle,post,756,33554432,1.00000000000000000,-0.000000000
4,5,4096,16777216,33554432,4,cycle,post,757,33554432,1.00000000000000000,-0.000000000
4,5,4096,16777216,33554432,4,cycle,post,758,33554432,1.00000000000000000,-0.000000000
4,5,4096,16777216,33554432,4,cycle,post,759,33554432,1.00000000000000000,-0.000000000
4,5,4096,16777216,33554432,4,cycle,post,760,33554432,1.00000000000000000,-0.000000000
4,5,4096,16777216,33554432,4,cycle,post,761,33554432,1.00000000000000000,-0.000000000
4,5,4096,16777216,33554432,4,cycle,post,762,33554432,1.00000000000000000,-0.000000000
4,5,4096,16777216,33554432,4,cycle,post,763,33554432,1.00000000000000000,-0.000000000
4,5,4096,16777216,33554432,4,cycle,post,764,33554432,1.00000000000000000,-0.000000000
4,5,4096,16777216,33554432,4,cycle,post,765,33554432,1.00000000000000000,-0.000000000
4,5,4096,16777216,33554432,4,cycle,post,766,33554432,1.00000000000000000,-0.000000000
4,5,4096,16777216,33554432,4,cycle,post,767,33554432,1.00000000000000000,-0.000000000
4,5,4096,16777216,33554432,4,cycle,post,768,33554432,1.00000000000000000,-0.000000000
4,5,4096,16777216,33554432,4,cycle,post,769,33554432,1.00000000000000000,-0.000000000
4,5,4096,16777216,33554432,4,cycle,post,770,33554432,1.00000000000000000,-0.000000000
4,5,4096,16777216,33554432,4,cycle,post,771,33554432,1.00000000000000000,-0.000000000
4,5,4096,16777216,33554432,4,cycle,post,772,33554432,1.00000000000000000,-0.000000000
4,5,4096,16777216,33554432,4,cycle,post,773,33554432,1.00000000000000000,-0.000000000
4,5,4096,16777216,33554432,4,cycle,post,774,33554432,1.00000000000000000,-0.000000000
4,5,4096,16777216,33554432,4,cycle,post,775,33554432,1.00000000000000000,-0.000000000
4,5,4096,16777216,33554432,4,cycle,post,776,33554432,1.00000000000000000,-0.000000000
4,5,4096,16777216,33554432,4,cycle,post,777,33554432,1.00000000000000000,-0.000000000
4,5,4096,16777216,33554432,4,cycle,post,778,33554432,1.00000000000000000,-0.000000000
4,5,4096,16777216,33554432,4,cycle,post,779,33554432,1.00000000000000000,-0.000000000
4,5,4096,16777216,33554432,4,cycle,post,780,33554432,1.00000000000000000,-0.000000000
4,5,4096,16777216,33554432,4,cycle,post,781,33554432,1.00000000000000000,-0.000000000
4,5,4096,16777216,33554432,4,cycle,post,782,33554432,1.00000000000000000,-0.000000000
4,5,4096,16777216,33554432,4,cycle,post,783,33554432,1.00000000000000000,-0.000000000
4,5,4096,16777216,33554432,4,cycle,post,784,33554432,1.00000000000000000,-0.000000000
4,5,4096,16777216,33554432,4,cycle,post,785,33554432,1.00000000000000000,-0.000000000
4,5,4096,16777216,33554432,4,cycle,post,786,33554432,1.00000000000000000,-0.000000000
4,5,4096,16777216,33554432,4,cycle,post,787,33554432,1.00000000000000000,-0.000000000
4,5,4096,16777216,33554432,4,cycle,post,788,33554432,1.00000000000000000,-0.000000000
4,5,4096,16777216,33554432,4,cycle,post,789,33554432,1.00000000000000000,-0.000000000
4,5,4096,16777216,33554432,4,cycle,post,790,33554432,1.00000000000000000,-0.000000000
4,5,4096,16777216,33554432,4,cycle,post,791,33554432,1.00000000000000000,-0.000000000
4,5,4096,16777216,33554432,4,cycle,post,792,33554432,1.00000000000000000,-0.000000000
4,5,4096,16777216,33554432,4,cycle,post,793,33554432,1.00000000000000000,-0.000000000
4,5,4096,16777216,33554432,4,cycle,post,794,33554432,1.00000000000000000,-0.000000000
4,5,4096,16777216,33554432,4,cycle,post,795,33554432,1.00000000000000000,-0.000000000
4,5,4096,16777216,33554432,4,cycle,post,796,33554432,1.00000000000000000,-0.000000000
4,5,4096,16777216,33554432,4,cycle,post,797,33554432,1.00000000000000000,-0.000000000
4,5,4096,16777216,33554432,4,cycle,post,798,33554432,1.00000000000000000,-0.000000000
4,5,4096,16777216,33554432,4,cycle,post,799,33554432,1.00000000000000000,-0.000000000
4,5,4096,16777216,33554432,4,cycle,post,800,33554432,1.00000000000000000,-0.000000000
4,5,4096,16777216,33554432,4,cycle,post,801,33554432,1.00000000000000000,-0.000000000
4,5,4096,16777216,33554432,4,cycle,post,802,33554432,1.00000000000000000,-0.000000000
4,5,4096,16777216,33554432,4,cycle,post,803,33554432,1.00000000000000000,-0.000000000
4,5,4096,16777216,33554432,4,cycle,post,804,33554432,1.00000000000000000,-0.000000000
4,5,4096,16777216,33554432,4,cycle,post,805,33554432,1.00000000000000000,-0.000000000
4,5,4096,16777216,33554432,4,cycle,post,806,33554432,1.00000000000000000,-0.000000000
4,5,4096,16777216,33554432,4,cycle,post,807,33554432,1.00000000000000000,-0.000000000
4,5,4096,16777216,33554432,4,cycle,post,808,33554432,1.00000000000000000,-0.000000000
4,5,4096,16777216,33554432,4,cycle,post,809,33554432,1.00000000000000000,-0.000000000
4,5,4096,16777216,33554432,4,cycle,post,810,33554432,1.00000000000000000,-0.000000000
4,5,4096,16777216,33554432,4,cycle,post,811,33554432,1.00000000000000000,-0.000000000
4,5,4096,16777216,33554432,4,cycle,post,812,33554432,1.00000000000000000,-0.000000000
4,5,4096,16777216,33554432,4,cycle,post,813,33554432,1.00000000000000000,-0.000000000
4,5,4096,16777216,33554432,4,cycle,post,814,33554432,1.00000000000000000,-0.000000000
4,5,4096,16777216,33554432,4,cycle,post,815,33554432,1.00000000000000000,-0.000000000
4,5,4096,16777216,33554432,4,cycle,post,816,33554432,1.00000000000000000,-0.000000000
4,5,4096,16777216,33554432,4,cycle,post,817,33554432,1.00000000000000000,-0.000000000
4,5,4096,16777216,33554432,4,cycle,post,818,33554432,1.00000000000000000,-0.000000000
4,5,4096,16777216,33554432,4,cycle,post,819,33554432,1.00000000000000000,-0.000000000
4,5,4096,16777216,33554432,4,cycle,post,820,33554432,1.00000000000000000,-0.000000000
4,5,4096,16777216,33554432,4,cycle,post,821,33554432,1.00000000000000000,-0.000000000
4,5,4096,16777216,33554432,4,cycle,post,822,33554432,1.00000000000000000,-0.000000000
4,5,4096,16777216,33554432,4,cycle,post,823,33554432,1.00000000000000000,-0.000000000
4,5,4096,16777216,33554432,4,cycle,post,824,33554432,1.00000000000000000,-0.000000000
4,5,4096,16777216,33554432,4,cycle,post,825,33554432,1.00000000000000000,-0.000000000
4,5,4096,16777216,33554432,4,cycle,post,826,33554432,1.00000000000000000,-0.000000000
4,5,4096,16777216,33554432,4,cycle,post,827,33554432,1.00000000000000000,-0.000000000
4,5,4096,16777216,33554432,4,cycle,post,828,33554432,1.00000000000000000,-0.000000000
4,5,4096,16777216,33554432,4,cycle,post,829,33554432,1.00000000000000000,-0.000000000
4,5,4096,16777216,33554432,4,cycle,post,830,33554432,1.00000000000000000,-0.000000000
4,5,4096,16777216,33554432,4,cycle,post,831,33554432,1.00000000000000000,-0.000000000
4,5,4096,16777216,33554432,4,cycle,post,832,33554432,1.00000000000000000,-0.000000000
4,5,4096,16777216,33554432,4,cycle,post,833,33554432,1.00000000000000000,-0.000000000
4,5,4096,16777216,33554432,4,cycle,post,834,33554432,1.00000000000000000,-0.000000000
4,5,4096,16777216,33554432,4,cycle,post,835,33554432,1.00000000000000000,-0.000000000
4,5,4096,16777216,33554432,4,cycle,post,836,33554432,1.00000000000000000,-0.000000000
4,5,4096,16777216,33554432,4,cycle,post,837,33554432,1.00000000000000000,-0.000000000
4,5,4096,16777216,33554432,4,cycle,post,838,33554432,1.00000000000000000,-0.000000000
4,5,4096,16777216,33554432,4,cycle,post,839,33554432,1.00000000000000000,-0.000000000
4,5,4096,16777216,33554432,4,cycle,post,840,33554432,1.00000000000000000,-0.000000000
4,5,4096,16777216,33554432,4,cycle,post,841,33554432,1.00000000000000000,-0.000000000
4,5,4096,16777216,33554432,4,cycle,post,842,33554432,1.00000000000000000,-0.000000000
4,5,4096,16777216,33554432,4,cycle,post,843,33554432,1.00000000000000000,-0.000000000
4,5,4096,16777216,33554432,4,cycle,post,844,33554432,1.00000000000000000,-0.000000000
4,5,4096,16777216,33554432,4,cycle,post,845,33554432,1.00000000000000000,-0.000000000
4,5,4096,16777216,33554432,4,cycle,post,846,33554432,1.00000000000000000,-0.000000000
4,5,4096,16777216,33554432,4,cycle,post,847,33554432,1.00000000000000000,-0.000000000
4,5,4096,16777216,33554432,4,cycle,post,848,33554432,1.00000000000000000,-0.000000000
4,5,4096,16777216,33554432,4,cycle,post,849,33554432,1.00000000000000000,-0.000000000
4,5,4096,16777216,33554432,4,cycle,post,850,33554432,1.00000000000000000,-0.000000000
4,5,4096,16777216,33554432,4,cycle,post,851,33554432,1.00000000000000000,-0.000000000
4,5,4096,16777216,33554432,4,cycle,post,852,33554432,1.00000000000000000,-0.000000000
4,5,4096,16777216,33554432,4,cycle,post,853,33554432,1.00000000000000000,-0.000000000
4,5,4096,16777216,33554432,4,cycle,post,854,33554432,1.00000000000000000,-0.000000000
4,5,4096,16777216,33554432,4,cycle,post,855,33554432,1.00000000000000000,-0.000000000
4,5,4096,16777216,33554432,4,cycle,post,856,33554432,1.00000000000000000,-0.000000000
4,5,4096,16777216,33554432,4,cycle,post,857,33554432,1.00000000000000000,-0.000000000
4,5,4096,16777216,33554432,4,cycle,post,858,33554432,1.00000000000000000,-0.000000000
4,5,4096,16777216,33554432,4,cycle,post,859,33554432,1.00000000000000000,-0.000000000
4,5,4096,16777216,33554432,4,cycle,post,860,33554432,1.00000000000000000,-0.000000000
4,5,4096,16777216,33554432,4,cycle,post,861,33554432,1.00000000000000000,-0.000000000
4,5,4096,16777216,33554432,4,cycle,post,862,33554432,1.00000000000000000,-0.000000000
4,5,4096,16777216,33554432,4,cycle,post,863,33554432,1.00000000000000000,-0.000000000
4,5,4096,16777216,33554432,4,cycle,post,864,33554432,1.00000000000000000,-0.000000000
4,5,4096,16777216,33554432,4,cycle,post,865,33554432,1.00000000000000000,-0.000000000
4,5,4096,16777216,33554432,4,cycle,post,866,33554432,1.00000000000000000,-0.000000000
4,5,4096,16777216,33554432,4,cycle,post,867,33554432,1.00000000000000000,-0.000000000
4,5,4096,16777216,33554432,4,cycle,post,868,33554432,1.00000000000000000,-0.000000000
4,5,4096,16777216,33554432,4,cycle,post,869,33554432,1.00000000000000000,-0.000000000
4,5,4096,16777216,33554432,4,cycle,post,870,33554432,1.00000000000000000,-0.000000000
4,5,4096,16777216,33554432,4,cycle,post,871,33554432,1.00000000000000000,-0.000000000
4,5,4096,16777216,33554432,4,cycle,post,872,33554432,1.00000000000000000,-0.000000000
4,5,4096,16777216,33554432,4,cycle,post,873,33554432,1.00000000000000000,-0.000000000
4,5,4096,16777216,33554432,4,cycle,post,874,33554432,1.00000000000000000,-0.000000000
4,5,4096,16777216,33554432,4,cycle,post,875,33554432,1.00000000000000000,-0.000000000
4,5,4096,16777216,33554432,4,cycle,post,876,33554432,1.00000000000000000,-0.000000000
4,5,4096,16777216,33554432,4,cycle,post,877,33554432,1.00000000000000000,-0.000000000
4,5,4096,16777216,33554432,4,cycle,post,878,33554432,1.00000000000000000,-0.000000000
4,5,4096,16777216,33554432,4,cycle,post,879,33554432,1.00000000000000000,-0.000000000
4,5,4096,16777216,33554432,4,cycle,post,880,33554432,1.00000000000000000,-0.000000000
4,5,4096,16777216,33554432,4,cycle,post,881,33554432,1.00000000000000000,-0.000000000
4,5,4096,16777216,33554432,4,cycle,post,882,33554432,1.00000000000000000,-0.000000000
4,5,4096,16777216,33554432,4,cycle,post,883,33554432,1.00000000000000000,-0.000000000
4,5,4096,16777216,33554432,4,cycle,post,884,33554432,1.00000000000000000,-0.000000000
4,5,4096,16777216,33554432,4,cycle,post,885,33554432,1.00000000000000000,-0.000000000
4,5,4096,16777216,33554432,4,cycle,post,886,33554432,1.00000000000000000,-0.000000000
4,5,4096,16777216,33554432,4,cycle,post,887,33554432,1.00000000000000000,-0.000000000
4,5,4096,16777216,33554432,4,cycle,post,888,33554432,1.00000000000000000,-0.000000000
4,5,4096,16777216,33554432,4,cycle,post,889,33554432,1.00000000000000000,-0.000000000
4,5,4096,16777216,33554432,4,cycle,post,890,33554432,1.00000000000000000,-0.000000000
4,5,4096,16777216,33554432,4,cycle,post,891,33554432,1.00000000000000000,-0.000000000
4,5,4096,16777216,33554432,4,cycle,post,892,33554432,1.00000000000000000,-0.000000000
4,5,4096,16777216,33554432,4,cycle,post,893,33554432,1.00000000000000000,-0.000000000
4,5,4096,16777216,33554432,4,cycle,post,894,33554432,1.00000000000000000,-0.000000000
4,5,4096,16777216,33554432,4,cycle,post,895,33554432,1.00000000000000000,-0.000000000
4,5,4096,16777216,33554432,4,cycle,post,896,33554432,1.00000000000000000,-0.000000000
4,5,4096,16777216,33554432,4,cycle,post,897,33554432,1.00000000000000000,-0.000000000
4,5,4096,16777216,33554432,4,cycle,post,898,33554432,1.00000000000000000,-0.000000000
4,5,4096,16777216,33554432,4,cycle,post,899,33554432,1.00000000000000000,-0.000000000
4,5,4096,16777216,33554432,4,cycle,post,900,33554432,1.00000000000000000,-0.000000000
4,5,4096,16777216,33554432,4,cycle,post,901,33554432,1.00000000000000000,-0.000000000
4,5,4096,16777216,33554432,4,cycle,post,902,33554432,1.00000000000000000,-0.000000000
4,5,4096,16777216,33554432,4,cycle,post,903,33554432,1.00000000000000000,-0.000000000
4,5,4096,16777216,33554432,4,cycle,post,904,33554432,1.00000000000000000,-0.000000000
4,5,4096,16777216,33554432,4,cycle,post,905,33554432,1.00000000000000000,-0.000000000
4,5,4096,16777216,33554432,4,cycle,post,906,33554432,1.00000000000000000,-0.000000000
4,5,4096,16777216,33554432,4,cycle,post,907,33554432,1.00000000000000000,-0.000000000
4,5,4096,16777216,33554432,4,cycle,post,908,33554432,1.00000000000000000,-0.000000000
4,5,4096,16777216,33554432,4,cycle,post,909,33554432,1.00000000000000000,-0.000000000
4,5,4096,16777216,33554432,4,cycle,post,910,33554432,1.00000000000000000,-0.000000000
4,5,4096,16777216,33554432,4,cycle,post,911,33554432,1.00000000000000000,-0.000000000
4,5,4096,16777216,33554432,4,cycle,post,912,33554432,1.00000000000000000,-0.000000000
4,5,4096,16777216,33554432,4,cycle,post,913,33554432,1.00000000000000000,-0.000000000
4,5,4096,16777216,33554432,4,cycle,post,914,33554432,1.00000000000000000,-0.000000000
4,5,4096,16777216,33554432,4,cycle,post,915,33554432,1.00000000000000000,-0.000000000
4,5,4096,16777216,33554432,4,cycle,post,916,33554432,1.00000000000000000,-0.000000000
4,5,4096,16777216,33554432,4,cycle,post,917,33554432,1.00000000000000000,-0.000000000
4,5,4096,16777216,33554432,4,cycle,post,918,33554432,1.00000000000000000,-0.000000000
4,5,4096,16777216,33554432,4,cycle,post,919,33554432,1.00000000000000000,-0.000000000
4,5,4096,16777216,33554432,4,cycle,post,920,33554432,1.00000000000000000,-0.000000000
4,5,4096,16777216,33554432,4,cycle,post,921,33554432,1.00000000000000000,-0.000000000
4,5,4096,16777216,33554432,4,cycle,post,922,33554432,1.00000000000000000,-0.000000000
4,5,4096,16777216,33554432,4,cycle,post,923,33554432,1.00000000000000000,-0.000000000
4,5,4096,16777216,33554432,4,cycle,post,924,33554432,1.00000000000000000,-0.000000000
4,5,4096,16777216,33554432,4,cycle,post,925,33554432,1.00000000000000000,-0.000000000
4,5,4096,16777216,33554432,4,cycle,post,926,33554432,1.00000000000000000,-0.000000000
4,5,4096,16777216,33554432,4,cycle,post,927,33554432,1.00000000000000000,-0.000000000
4,5,4096,16777216,33554432,4,cycle,post,928,33554432,1.00000000000000000,-0.000000000
4,5,4096,16777216,33554432,4,cycle,post,929,33554432,1.00000000000000000,-0.000000000
4,5,4096,16777216,33554432,4,cycle,post,930,33554432,1.00000000000000000,-0.000000000
4,5,4096,16777216,33554432,4,cycle,post,931,33554432,1.00000000000000000,-0.000000000
4,5,4096,16777216,33554432,4,cycle,post,932,33554432,1.00000000000000000,-0.000000000
4,5,4096,16777216,33554432,4,cycle,post,933,33554432,1.00000000000000000,-0.000000000
4,5,4096,16777216,33554432,4,cycle,post,934,33554432,1.00000000000000000,-0.000000000
4,5,4096,16777216,33554432,4,cycle,post,935,33554432,1.00000000000000000,-0.000000000
4,5,4096,16777216,33554432,4,cycle,post,936,33554432,1.00000000000000000,-0.000000000
4,5,4096,16777216,33554432,4,cycle,post,937,33554432,1.00000000000000000,-0.000000000
4,5,4096,16777216,33554432,4,cycle,post,938,33554432,1.00000000000000000,-0.000000000
4,5,4096,16777216,33554432,4,cycle,post,939,33554432,1.00000000000000000,-0.000000000
4,5,4096,16777216,33554432,4,cycle,post,940,33554432,1.00000000000000000,-0.000000000
4,5,4096,16777216,33554432,4,cycle,post,941,33554432,1.00000000000000000,-0.000000000
4,5,4096,16777216,33554432,4,cycle,post,942,33554432,1.00000000000000000,-0.000000000
4,5,4096,16777216,33554432,4,cycle,post,943,33554432,1.00000000000000000,-0.000000000
4,5,4096,16777216,33554432,4,cycle,post,944,33554432,1.00000000000000000,-0.000000000
4,5,4096,16777216,33554432,4,cycle,post,945,33554432,1.00000000000000000,-0.000000000
4,5,4096,16777216,33554432,4,cycle,post,946,33554432,1.00000000000000000,-0.000000000
4,5,4096,16777216,33554432,4,cycle,post,947,33554432,1.00000000000000000,-0.000000000
4,5,4096,16777216,33554432,4,cycle,post,948,33554432,1.00000000000000000,-0.000000000
4,5,4096,16777216,33554432,4,cycle,post,949,33554432,1.00000000000000000,-0.000000000
4,5,4096,16777216,33554432,4,cycle,post,950,33554432,1.00000000000000000,-0.000000000
4,5,4096,16777216,33554432,4,cycle,post,951,33554432,1.00000000000000000,-0.000000000
4,5,4096,16777216,33554432,4,cycle,post,952,33554432,1.00000000000000000,-0.000000000
4,5,4096,16777216,33554432,4,cycle,post,953,33554432,1.00000000000000000,-0.000000000
4,5,4096,16777216,33554432,4,cycle,post,954,33554432,1.00000000000000000,-0.000000000
4,5,4096,16777216,33554432,4,cycle,post,955,33554432,1.00000000000000000,-0.000000000
4,5,4096,16777216,33554432,4,cycle,post,956,33554432,1.00000000000000000,-0.000000000
4,5,4096,16777216,33554432,4,cycle,post,957,33554432,1.00000000000000000,-0.000000000
4,5,4096,16777216,33554432,4,cycle,post,958,33554432,1.00000000000000000,-0.000000000
4,5,4096,16777216,33554432,4,cycle,post,959,33554432,1.00000000000000000,-0.000000000
4,5,4096,16777216,33554432,4,cycle,post,960,33554432,1.00000000000000000,-0.000000000
4,5,4096,16777216,33554432,4,cycle,post,961,33554432,1.00000000000000000,-0.000000000
4,5,4096,16777216,33554432,4,cycle,post,962,33554432,1.00000000000000000,-0.000000000
4,5,4096,16777216,33554432,4,cycle,post,963,33554432,1.00000000000000000,-0.000000000
4,5,4096,16777216,33554432,4,cycle,post,964,33554432,1.00000000000000000,-0.000000000
4,5,4096,16777216,33554432,4,cycle,post,965,33554432,1.00000000000000000,-0.000000000
4,5,4096,16777216,33554432,4,cycle,post,966,33554432,1.00000000000000000,-0.000000000
4,5,4096,16777216,33554432,4,cycle,post,967,33554432,1.00000000000000000,-0.000000000
4,5,4096,16777216,33554432,4,cycle,post,968,33554432,1.00000000000000000,-0.000000000
4,5,4096,16777216,33554432,4,cycle,post,969,33554432,1.00000000000000000,-0.000000000
4,5,4096,16777216,33554432,4,cycle,post,970,33554432,1.00000000000000000,-0.000000000
4,5,4096,16777216,33554432,4,cycle,post,971,33554432,1.00000000000000000,-0.000000000
4,5,4096,16777216,33554432,4,cycle,post,972,33554432,1.00000000000000000,-0.000000000
4,5,4096,16777216,33554432,4,cycle,post,973,33554432,1.00000000000000000,-0.000000000
4,5,4096,16777216,33554432,4,cycle,post,974,33554432,1.00000000000000000,-0.000000000
4,5,4096,16777216,33554432,4,cycle,post,975,33554432,1.00000000000000000,-0.000000000
4,5,4096,16777216,33554432,4,cycle,post,976,33554432,1.00000000000000000,-0.000000000
4,5,4096,16777216,33554432,4,cycle,post,977,33554432,1.00000000000000000,-0.000000000
4,5,4096,16777216,33554432,4,cycle,post,978,33554432,1.00000000000000000,-0.000000000
4,5,4096,16777216,33554432,4,cycle,post,979,33554432,1.00000000000000000,-0.000000000
4,5,4096,16777216,33554432,4,cycle,post,980,33554432,1.00000000000000000,-0.000000000
4,5,4096,16777216,33554432,4,cycle,post,981,33554432,1.00000000000000000,-0.000000000
4,5,4096,16777216,33554432,4,cycle,post,982,33554432,1.00000000000000000,-0.000000000
4,5,4096,16777216,33554432,4,cycle,post,983,33554432,1.00000000000000000,-0.000000000
4,5,4096,16777216,33554432,4,cycle,post,984,33554432,1.00000000000000000,-0.000000000
4,5,4096,16777216,33554432,4,cycle,post,985,33554432,1.00000000000000000,-0.000000000
4,5,4096,16777216,33554432,4,cycle,post,986,33554432,1.00000000000000000,-0.000000000
4,5,4096,16777216,33554432,4,cycle,post,987,33554432,1.00000000000000000,-0.000000000
4,5,4096,16777216,33554432,4,cycle,post,988,33554432,1.00000000000000000,-0.000000000
4,5,4096,16777216,33554432,4,cycle,post,989,33554432,1.00000000000000000,-0.000000000
4,5,4096,16777216,33554432,4,cycle,post,990,33554432,1.00000000000000000,-0.000000000
4,5,4096,16777216,33554432,4,cycle,post,991,33554432,1.00000000000000000,-0.000000000
4,5,4096,16777216,33554432,4,cycle,post,992,33554432,1.00000000000000000,-0.000000000
4,5,4096,16777216,33554432,4,cycle,post,993,33554432,1.00000000000000000,-0.000000000
4,5,4096,16777216,33554432,4,cycle,post,994,33554432,1.00000000000000000,-0.000000000
4,5,4096,16777216,33554432,4,cycle,post,995,33554432,1.00000000000000000,-0.000000000
4,5,4096,16777216,33554432,4,cycle,post,996,33554432,1.00000000000000000,-0.000000000
4,5,4096,16777216,33554432,4,cycle,post,997,33554432,1.00000000000000000,-0.000000000
4,5,4096,16777216,33554432,4,cycle,post,998,33554432,1.00000000000000000,-0.000000000
4,5,4096,16777216,33554432,4,cycle,post,999,33554432,1.00000000000000000,-0.000000000
4,5,4096,16777216,33554432,4,cycle,post,1000,33554432,1.00000000000000000,-0.000000000
4,5,4096,16777216,33554432,4,cycle,post,1001,33554432,1.00000000000000000,-0.000000000
4,5,4096,16777216,33554432,4,cycle,post,1002,33554432,1.00000000000000000,-0.000000000
4,5,4096,16777216,33554432,4,cycle,post,1003,33554432,1.00000000000000000,-0.000000000
4,5,4096,16777216,33554432,4,cycle,post,1004,33554432,1.00000000000000000,-0.000000000
4,5,4096,16777216,33554432,4,cycle,post,1005,33554432,1.00000000000000000,-0.000000000
4,5,4096,16777216,33554432,4,cycle,post,1006,33554432,1.00000000000000000,-0.000000000
4,5,4096,16777216,33554432,4,cycle,post,1007,33554432,1.00000000000000000,-0.000000000
4,5,4096,16777216,33554432,4,cycle,post,1008,33554432,1.00000000000000000,-0.000000000
4,5,4096,16777216,33554432,4,cycle,post,1009,33554432,1.00000000000000000,-0.000000000
4,5,4096,16777216,33554432,4,cycle,post,1010,33554432,1.00000000000000000,-0.000000000
4,5,4096,16777216,33554432,4,cycle,post,1011,33554432,1.00000000000000000,-0.000000000
4,5,4096,16777216,33554432,4,cycle,post,1012,33554432,1.00000000000000000,-0.000000000
4,5,4096,16777216,33554432,4,cycle,post,1013,33554432,1.00000000000000000,-0.000000000
4,5,4096,16777216,33554432,4,cycle,post,1014,33554432,1.00000000000000000,-0.000000000
4,5,4096,16777216,33554432,4,cycle,post,1015,33554432,1.00000000000000000,-0.000000000
4,5,4096,16777216,33554432,4,cycle,post,1016,33554432,1.00000000000000000,-0.000000000
4,5,4096,16777216,33554432,4,cycle,post,1017,33554432,1.00000000000000000,-0.000000000
4,5,4096,16777216,33554432,4,cycle,post,1018,33554432,1.00000000000000000,-0.000000000
4,5,4096,16777216,33554432,4,cycle,post,1019,33554432,1.00000000000000000,-0.000000000
4,5,4096,16777216,33554432,4,cycle,post,1020,33554432,1.00000000000000000,-0.000000000
4,5,4096,16777216,33554432,4,cycle,post,1021,33554432,1.00000000000000000,-0.000000000
4,5,4096,16777216,33554432,4,cycle,post,1022,33554432,1.00000000000000000,-0.000000000
4,5,4096,16777216,33554432,4,cycle,post,1023,33554432,1.00000000000000000,-0.000000000
4,5,4096,16777216,33554432,4,cycle,post,1024,33554432,1.00000000000000000,-0.000000000
4,5,4096,16777216,33554432,4,cycle,post,1025,33554432,1.00000000000000000,-0.000000000
4,5,4096,16777216,33554432,4,cycle,post,1026,33554432,1.00000000000000000,-0.000000000
4,5,4096,16777216,33554432,4,cycle,post,1027,33554432,1.00000000000000000,-0.000000000
4,5,4096,16777216,33554432,4,cycle,post,1028,33554432,1.00000000000000000,-0.000000000
4,5,4096,16777216,33554432,4,cycle,post,1029,33554432,1.00000000000000000,-0.000000000
4,5,4096,16777216,33554432,4,cycle,post,1030,33554432,1.00000000000000000,-0.000000000
4,5,4096,16777216,33554432,4,cycle,post,1031,33554432,1.00000000000000000,-0.000000000
4,5,4096,16777216,33554432,4,cycle,post,1032,33554432,1.00000000000000000,-0.000000000
4,5,4096,16777216,33554432,4,cycle,post,1033,33554432,1.00000000000000000,-0.000000000
4,5,4096,16777216,33554432,4,cycle,post,1034,33554432,1.00000000000000000,-0.000000000
4,5,4096,16777216,33554432,4,cycle,post,1035,33554432,1.00000000000000000,-0.000000000
4,5,4096,16777216,33554432,4,cycle,post,1036,33554432,1.00000000000000000,-0.000000000
4,5,4096,16777216,33554432,4,cycle,post,1037,33554432,1.00000000000000000,-0.000000000
4,5,4096,16777216,33554432,4,cycle,post,1038,33554432,1.00000000000000000,-0.000000000
4,5,4096,16777216,33554432,4,cycle,post,1039,33554432,1.00000000000000000,-0.000000000
4,5,4096,16777216,33554432,4,cycle,post,1040,33554432,1.00000000000000000,-0.000000000
4,5,4096,16777216,33554432,4,cycle,post,1041,33554432,1.00000000000000000,-0.000000000
4,5,4096,16777216,33554432,4,cycle,post,1042,33554432,1.00000000000000000,-0.000000000
4,5,4096,16777216,33554432,4,cycle,post,1043,33554432,1.00000000000000000,-0.000000000
4,5,4096,16777216,33554432,4,cycle,post,1044,33554432,1.00000000000000000,-0.000000000
4,5,4096,16777216,33554432,4,cycle,post,1045,33554432,1.00000000000000000,-0.000000000
4,5,4096,16777216,33554432,4,cycle,post,1046,33554432,1.00000000000000000,-0.000000000
4,5,4096,16777216,33554432,4,cycle,post,1047,33554432,1.00000000000000000,-0.000000000
4,5,4096,16777216,33554432,4,cycle,post,1048,33554432,1.00000000000000000,-0.000000000
4,5,4096,16777216,33554432,4,cycle,post,1049,33554432,1.00000000000000000,-0.000000000
4,5,4096,16777216,33554432,4,cycle,post,1050,33554432,1.00000000000000000,-0.000000000
4,5,4096,16777216,33554432,4,cycle,post,1051,33554432,1.00000000000000000,-0.000000000
4,5,4096,16777216,33554432,4,cycle,post,1052,33554432,1.00000000000000000,-0.000000000
4,5,4096,16777216,33554432,4,cycle,post,1053,33554432,1.00000000000000000,-0.000000000
4,5,4096,16777216,33554432,4,cycle,post,1054,33554432,1.00000000000000000,-0.000000000
4,5,4096,16777216,33554432,4,cycle,post,1055,33554432,1.00000000000000000,-0.000000000
4,5,4096,16777216,33554432,4,cycle,post,1056,33554432,1.00000000000000000,-0.000000000
4,5,4096,16777216,33554432,4,cycle,post,1057,33554432,1.00000000000000000,-0.000000000
4,5,4096,16777216,33554432,4,cycle,post,1058,33554432,1.00000000000000000,-0.000000000
4,5,4096,16777216,33554432,4,cycle,post,1059,33554432,1.00000000000000000,-0.000000000
4,5,4096,16777216,33554432,4,cycle,post,1060,33554432,1.00000000000000000,-0.000000000
4,5,4096,16777216,33554432,4,cycle,post,1061,33554432,1.00000000000000000,-0.000000000
4,5,4096,16777216,33554432,4,cycle,post,1062,33554432,1.00000000000000000,-0.000000000
4,5,4096,16777216,33554432,4,cycle,post,1063,33554432,1.00000000000000000,-0.000000000
4,5,4096,16777216,33554432,4,cycle,post,1064,33554432,1.00000000000000000,-0.000000000
4,5,4096,16777216,33554432,4,cycle,post,1065,33554432,1.00000000000000000,-0.000000000
4,5,4096,16777216,33554432,4,cycle,post,1066,33554432,1.00000000000000000,-0.000000000
4,5,4096,16777216,33554432,4,cycle,post,1067,33554432,1.00000000000000000,-0.000000000
4,5,4096,16777216,33554432,4,cycle,post,1068,33554432,1.00000000000000000,-0.000000000
4,5,4096,16777216,33554432,4,cycle,post,1069,33554432,1.00000000000000000,-0.000000000
4,5,4096,16777216,33554432,4,cycle,post,1070,33554432,1.00000000000000000,-0.000000000
4,5,4096,16777216,33554432,4,cycle,post,1071,33554432,1.00000000000000000,-0.000000000
4,5,4096,16777216,33554432,4,cycle,post,1072,33554432,1.00000000000000000,-0.000000000
4,5,4096,16777216,33554432,4,cycle,post,1073,33554432,1.00000000000000000,-0.000000000
4,5,4096,16777216,33554432,4,cycle,post,1074,33554432,1.00000000000000000,-0.000000000
4,5,4096,16777216,33554432,4,cycle,post,1075,33554432,1.00000000000000000,-0.000000000
4,5,4096,16777216,33554432,4,cycle,post,1076,33554432,1.00000000000000000,-0.000000000
4,5,4096,16777216,33554432,4,cycle,post,1077,33554432,1.00000000000000000,-0.000000000
4,5,4096,16777216,33554432,4,cycle,post,1078,33554432,1.00000000000000000,-0.000000000
4,5,4096,16777216,33554432,4,cycle,post,1079,33554432,1.00000000000000000,-0.000000000
4,5,4096,16777216,33554432,4,cycle,post,1080,33554432,1.00000000000000000,-0.000000000
4,5,4096,16777216,33554432,4,cycle,post,1081,33554432,1.00000000000000000,-0.000000000
4,5,4096,16777216,33554432,4,cycle,post,1082,33554432,1.00000000000000000,-0.000000000
4,5,4096,16777216,33554432,4,cycle,post,1083,33554432,1.00000000000000000,-0.000000000
4,5,4096,16777216,33554432,4,cycle,post,1084,33554432,1.00000000000000000,-0.000000000
4,5,4096,16777216,33554432,4,cycle,post,1085,33554432,1.00000000000000000,-0.000000000
4,5,4096,16777216,33554432,4,cycle,post,1086,33554432,1.00000000000000000,-0.000000000
4,5,4096,16777216,33554432,4,cycle,post,1087,33554432,1.00000000000000000,-0.000000000
4,5,4096,16777216,33554432,4,cycle,post,1088,33554432,1.00000000000000000,-0.000000000
4,5,4096,16777216,33554432,4,cycle,post,1089,33554432,1.00000000000000000,-0.000000000
4,5,4096,16777216,33554432,4,cycle,post,1090,33554432,1.00000000000000000,-0.000000000
4,5,4096,16777216,33554432,4,cycle,post,1091,33554432,1.00000000000000000,-0.000000000
4,5,4096,16777216,33554432,4,cycle,post,1092,33554432,1.00000000000000000,-0.000000000
4,5,4096,16777216,33554432,4,cycle,post,1093,33554432,1.00000000000000000,-0.000000000
4,5,4096,16777216,33554432,4,cycle,post,1094,33554432,1.00000000000000000,-0.000000000
4,5,4096,16777216,33554432,4,cycle,post,1095,33554432,1.00000000000000000,-0.000000000
4,5,4096,16777216,33554432,4,cycle,post,1096,33554432,1.00000000000000000,-0.000000000
4,5,4096,16777216,33554432,4,cycle,post,1097,33554432,1.00000000000000000,-0.000000000
4,5,4096,16777216,33554432,4,cycle,post,1098,33554432,1.00000000000000000,-0.000000000
4,5,4096,16777216,33554432,4,cycle,post,1099,33554432,1.00000000000000000,-0.000000000
4,5,4096,16777216,33554432,4,cycle,post,1100,33554432,1.00000000000000000,-0.000000000
4,5,4096,16777216,33554432,4,cycle,post,1101,33554432,1.00000000000000000,-0.000000000
4,5,4096,16777216,33554432,4,cycle,post,1102,33554432,1.00000000000000000,-0.000000000
4,5,4096,16777216,33554432,4,cycle,post,1103,33554432,1.00000000000000000,-0.000000000
4,5,4096,16777216,33554432,4,cycle,post,1104,33554432,1.00000000000000000,-0.000000000
4,5,4096,16777216,33554432,4,cycle,post,1105,33554432,1.00000000000000000,-0.000000000
4,5,4096,16777216,33554432,4,cycle,post,1106,33554432,1.00000000000000000,-0.000000000
4,5,4096,16777216,33554432,4,cycle,post,1107,33554432,1.00000000000000000,-0.000000000
4,5,4096,16777216,33554432,4,cycle,post,1108,33554432,1.00000000000000000,-0.000000000
4,5,4096,16777216,33554432,4,cycle,post,1109,33554432,1.00000000000000000,-0.000000000
4,5,4096,16777216,33554432,4,cycle,post,1110,33554432,1.00000000000000000,-0.000000000
4,5,4096,16777216,33554432,4,cycle,post,1111,33554432,1.00000000000000000,-0.000000000
4,5,4096,16777216,33554432,4,cycle,post,1112,33554432,1.00000000000000000,-0.000000000
4,5,4096,16777216,33554432,4,cycle,post,1113,33554432,1.00000000000000000,-0.000000000
4,5,4096,16777216,33554432,4,cycle,post,1114,33554432,1.00000000000000000,-0.000000000
4,5,4096,16777216,33554432,4,cycle,post,1115,33554432,1.00000000000000000,-0.000000000
4,5,4096,16777216,33554432,4,cycle,post,1116,33554432,1.00000000000000000,-0.000000000
4,5,4096,16777216,33554432,4,cycle,post,1117,33554432,1.00000000000000000,-0.000000000
4,5,4096,16777216,33554432,4,cycle,post,1118,33554432,1.00000000000000000,-0.000000000
4,5,4096,16777216,33554432,4,cycle,post,1119,33554432,1.00000000000000000,-0.000000000
4,5,4096,16777216,33554432,4,cycle,post,1120,33554432,1.00000000000000000,-0.000000000
4,5,4096,16777216,33554432,4,cycle,post,1121,33554432,1.00000000000000000,-0.000000000
4,5,4096,16777216,33554432,4,cycle,post,1122,33554432,1.00000000000000000,-0.000000000
4,5,4096,16777216,33554432,4,cycle,post,1123,33554432,1.00000000000000000,-0.000000000
4,5,4096,16777216,33554432,4,cycle,post,1124,33554432,1.00000000000000000,-0.000000000
4,5,4096,16777216,33554432,4,cycle,post,1125,33554432,1.00000000000000000,-0.000000000
4,5,4096,16777216,33554432,4,cycle,post,1126,33554432,1.00000000000000000,-0.000000000
4,5,4096,16777216,33554432,4,cycle,post,1127,33554432,1.00000000000000000,-0.000000000
4,5,4096,16777216,33554432,4,cycle,post,1128,33554432,1.00000000000000000,-0.000000000
4,5,4096,16777216,33554432,4,cycle,post,1129,33554432,1.00000000000000000,-0.000000000
4,5,4096,16777216,33554432,4,cycle,post,1130,33554432,1.00000000000000000,-0.000000000
4,5,4096,16777216,33554432,4,cycle,post,1131,33554432,1.00000000000000000,-0.000000000
4,5,4096,16777216,33554432,4,cycle,post,1132,33554432,1.00000000000000000,-0.000000000
4,5,4096,16777216,33554432,4,cycle,post,1133,33554432,1.00000000000000000,-0.000000000
4,5,4096,16777216,33554432,4,cycle,post,1134,33554432,1.00000000000000000,-0.000000000
4,5,4096,16777216,33554432,4,cycle,post,1135,33554432,1.00000000000000000,-0.000000000
4,5,4096,16777216,33554432,4,cycle,post,1136,33554432,1.00000000000000000,-0.000000000
4,5,4096,16777216,33554432,4,cycle,post,1137,33554432,1.00000000000000000,-0.000000000
4,5,4096,16777216,33554432,4,cycle,post,1138,33554432,1.00000000000000000,-0.000000000
4,5,4096,16777216,33554432,4,cycle,post,1139,33554432,1.00000000000000000,-0.000000000
4,5,4096,16777216,33554432,4,cycle,post,1140,33554432,1.00000000000000000,-0.000000000
4,5,4096,16777216,33554432,4,cycle,post,1141,33554432,1.00000000000000000,-0.000000000
4,5,4096,16777216,33554432,4,cycle,post,1142,33554432,1.00000000000000000,-0.000000000
4,5,4096,16777216,33554432,4,cycle,post,1143,33554432,1.00000000000000000,-0.000000000
4,5,4096,16777216,33554432,4,cycle,post,1144,33554432,1.00000000000000000,-0.000000000
4,5,4096,16777216,33554432,4,cycle,post,1145,33554432,1.00000000000000000,-0.000000000
4,5,4096,16777216,33554432,4,cycle,post,1146,33554432,1.00000000000000000,-0.000000000
4,5,4096,16777216,33554432,4,cycle,post,1147,33554432,1.00000000000000000,-0.000000000
4,5,4096,16777216,33554432,4,cycle,post,1148,33554432,1.00000000000000000,-0.000000000
4,5,4096,16777216,33554432,4,cycle,post,1149,33554432,1.00000000000000000,-0.000000000
4,5,4096,16777216,33554432,4,cycle,post,1150,33554432,1.00000000000000000,-0.000000000
4,5,4096,16777216,33554432,4,cycle,post,1151,33554432,1.00000000000000000,-0.000000000
4,5,4096,16777216,33554432,4,cycle,post,1152,33554432,1.00000000000000000,-0.000000000
4,5,4096,16777216,33554432,4,cycle,post,1153,33554432,1.00000000000000000,-0.000000000
4,5,4096,16777216,33554432,4,cycle,post,1154,33554432,1.00000000000000000,-0.000000000
4,5,4096,16777216,33554432,4,cycle,post,1155,33554432,1.00000000000000000,-0.000000000
4,5,4096,16777216,33554432,4,cycle,post,1156,33554432,1.00000000000000000,-0.000000000
4,5,4096,16777216,33554432,4,cycle,post,1157,33554432,1.00000000000000000,-0.000000000
4,5,4096,16777216,33554432,4,cycle,post,1158,33554432,1.00000000000000000,-0.000000000
4,5,4096,16777216,33554432,4,cycle,post,1159,33554432,1.00000000000000000,-0.000000000
4,5,4096,16777216,33554432,4,cycle,post,1160,33554432,1.00000000000000000,-0.000000000
4,5,4096,16777216,33554432,4,cycle,post,1161,33554432,1.00000000000000000,-0.000000000
4,5,4096,16777216,33554432,4,cycle,post,1162,33554432,1.00000000000000000,-0.000000000
4,5,4096,16777216,33554432,4,cycle,post,1163,33554432,1.00000000000000000,-0.000000000
4,5,4096,16777216,33554432,4,cycle,post,1164,33554432,1.00000000000000000,-0.000000000
4,5,4096,16777216,33554432,4,cycle,post,1165,33554432,1.00000000000000000,-0.000000000
4,5,4096,16777216,33554432,4,cycle,post,1166,33554432,1.00000000000000000,-0.000000000
4,5,4096,16777216,33554432,4,cycle,post,1167,33554432,1.00000000000000000,-0.000000000
4,5,4096,16777216,33554432,4,cycle,post,1168,33554432,1.00000000000000000,-0.000000000
4,5,4096,16777216,33554432,4,cycle,post,1169,33554432,1.00000000000000000,-0.000000000
4,5,4096,16777216,33554432,4,cycle,post,1170,33554432,1.00000000000000000,-0.000000000
4,5,4096,16777216,33554432,4,cycle,post,1171,33554432,1.00000000000000000,-0.000000000
4,5,4096,16777216,33554432,4,cycle,post,1172,33554432,1.00000000000000000,-0.000000000
4,5,4096,16777216,33554432,4,cycle,post,1173,33554432,1.00000000000000000,-0.000000000
4,5,4096,16777216,33554432,4,cycle,post,1174,33554432,1.00000000000000000,-0.000000000
4,5,4096,16777216,33554432,4,cycle,post,1175,33554432,1.00000000000000000,-0.000000000
4,5,4096,16777216,33554432,4,cycle,post,1176,33554432,1.00000000000000000,-0.000000000
4,5,4096,16777216,33554432,4,cycle,post,1177,33554432,1.00000000000000000,-0.000000000
4,5,4096,16777216,33554432,4,cycle,post,1178,33554432,1.00000000000000000,-0.000000000
4,5,4096,16777216,33554432,4,cycle,post,1179,33554432,1.00000000000000000,-0.000000000
4,5,4096,16777216,33554432,4,cycle,post,1180,33554432,1.00000000000000000,-0.000000000
4,5,4096,16777216,33554432,4,cycle,post,1181,33554432,1.00000000000000000,-0.000000000
4,5,4096,16777216,33554432,4,cycle,post,1182,33554432,1.00000000000000000,-0.000000000
4,5,4096,16777216,33554432,4,cycle,post,1183,33554432,1.00000000000000000,-0.000000000
4,5,4096,16777216,33554432,4,cycle,post,1184,33554432,1.00000000000000000,-0.000000000
4,5,4096,16777216,33554432,4,cycle,post,1185,33554432,1.00000000000000000,-0.000000000
4,5,4096,16777216,33554432,4,cycle,post,1186,33554432,1.00000000000000000,-0.000000000
4,5,4096,16777216,33554432,4,cycle,post,1187,33554432,1.00000000000000000,-0.000000000
4,5,4096,16777216,33554432,4,cycle,post,1188,33554432,1.00000000000000000,-0.000000000
4,5,4096,16777216,33554432,4,cycle,post,1189,33554432,1.00000000000000000,-0.000000000
4,5,4096,16777216,33554432,4,cycle,post,1190,33554432,1.00000000000000000,-0.000000000
4,5,4096,16777216,33554432,4,cycle,post,1191,33554432,1.00000000000000000,-0.000000000
4,5,4096,16777216,33554432,4,cycle,post,1192,33554432,1.00000000000000000,-0.000000000
4,5,4096,16777216,33554432,4,cycle,post,1193,33554432,1.00000000000000000,-0.000000000
4,5,4096,16777216,33554432,4,cycle,post,1194,33554432,1.00000000000000000,-0.000000000
4,5,4096,16777216,33554432,4,cycle,post,1195,33554432,1.00000000000000000,-0.000000000
4,5,4096,16777216,33554432,4,cycle,post,1196,33554432,1.00000000000000000,-0.000000000
4,5,4096,16777216,33554432,4,cycle,post,1197,33554432,1.00000000000000000,-0.000000000
4,5,4096,16777216,33554432,4,cycle,post,1198,33554432,1.00000000000000000,-0.000000000
4,5,4096,16777216,33554432,4,cycle,post,1199,33554432,1.00000000000000000,-0.000000000
4,5,4096,16777216,33554432,4,cycle,post,1200,33554432,1.00000000000000000,-0.000000000
4,5,4096,16777216,33554432,4,cycle,post,1201,33554432,1.00000000000000000,-0.000000000
4,5,4096,16777216,33554432,4,cycle,post,1202,33554432,1.00000000000000000,-0.000000000
4,5,4096,16777216,33554432,4,cycle,post,1203,33554432,1.00000000000000000,-0.000000000
4,5,4096,16777216,33554432,4,cycle,post,1204,33554432,1.00000000000000000,-0.000000000
4,5,4096,16777216,33554432,4,cycle,post,1205,33554432,1.00000000000000000,-0.000000000
4,5,4096,16777216,33554432,4,cycle,post,1206,33554432,1.00000000000000000,-0.000000000
4,5,4096,16777216,33554432,4,cycle,post,1207,33554432,1.00000000000000000,-0.000000000
4,5,4096,16777216,33554432,4,cycle,post,1208,33554432,1.00000000000000000,-0.000000000
4,5,4096,16777216,33554432,4,cycle,post,1209,33554432,1.00000000000000000,-0.000000000
4,5,4096,16777216,33554432,4,cycle,post,1210,33554432,1.00000000000000000,-0.000000000
4,5,4096,16777216,33554432,4,cycle,post,1211,33554432,1.00000000000000000,-0.000000000
4,5,4096,16777216,33554432,4,cycle,post,1212,33554432,1.00000000000000000,-0.000000000
4,5,4096,16777216,33554432,4,cycle,post,1213,33554432,1.00000000000000000,-0.000000000
4,5,4096,16777216,33554432,4,cycle,post,1214,33554432,1.00000000000000000,-0.000000000
4,5,4096,16777216,33554432,4,cycle,post,1215,33554432,1.00000000000000000,-0.000000000
4,5,4096,16777216,33554432,4,cycle,post,1216,33554432,1.00000000000000000,-0.000000000
4,5,4096,16777216,33554432,4,cycle,post,1217,33554432,1.00000000000000000,-0.000000000
4,5,4096,16777216,33554432,4,cycle,post,1218,33554432,1.00000000000000000,-0.000000000
4,5,4096,16777216,33554432,4,cycle,post,1219,33554432,1.00000000000000000,-0.000000000
4,5,4096,16777216,33554432,4,cycle,post,1220,33554432,1.00000000000000000,-0.000000000
4,5,4096,16777216,33554432,4,cycle,post,1221,33554432,1.00000000000000000,-0.000000000
4,5,4096,16777216,33554432,4,cycle,post,1222,33554432,1.00000000000000000,-0.000000000
4,5,4096,16777216,33554432,4,cycle,post,1223,33554432,1.00000000000000000,-0.000000000
4,5,4096,16777216,33554432,4,cycle,post,1224,33554432,1.00000000000000000,-0.000000000
4,5,4096,16777216,33554432,4,cycle,post,1225,33554432,1.00000000000000000,-0.000000000
4,5,4096,16777216,33554432,4,cycle,post,1226,33554432,1.00000000000000000,-0.000000000
4,5,4096,16777216,33554432,4,cycle,post,1227,33554432,1.00000000000000000,-0.000000000
4,5,4096,16777216,33554432,4,cycle,post,1228,33554432,1.00000000000000000,-0.000000000
4,5,4096,16777216,33554432,4,cycle,post,1229,33554432,1.00000000000000000,-0.000000000
4,5,4096,16777216,33554432,4,cycle,post,1230,33554432,1.00000000000000000,-0.000000000
4,5,4096,16777216,33554432,4,cycle,post,1231,33554432,1.00000000000000000,-0.000000000
4,5,4096,16777216,33554432,4,cycle,post,1232,33554432,1.00000000000000000,-0.000000000
4,5,4096,16777216,33554432,4,cycle,post,1233,33554432,1.00000000000000000,-0.000000000
4,5,4096,16777216,33554432,4,cycle,post,1234,33554432,1.00000000000000000,-0.000000000
4,5,4096,16777216,33554432,4,cycle,post,1235,33554432,1.00000000000000000,-0.000000000
4,5,4096,16777216,33554432,4,cycle,post,1236,33554432,1.00000000000000000,-0.000000000
4,5,4096,16777216,33554432,4,cycle,post,1237,33554432,1.00000000000000000,-0.000000000
4,5,4096,16777216,33554432,4,cycle,post,1238,33554432,1.00000000000000000,-0.000000000
4,5,4096,16777216,33554432,4,cycle,post,1239,33554432,1.00000000000000000,-0.000000000
4,5,4096,16777216,33554432,4,cycle,post,1240,33554432,1.00000000000000000,-0.000000000
4,5,4096,16777216,33554432,4,cycle,post,1241,33554432,1.00000000000000000,-0.000000000
4,5,4096,16777216,33554432,4,cycle,post,1242,33554432,1.00000000000000000,-0.000000000
4,5,4096,16777216,33554432,4,cycle,post,1243,33554432,1.00000000000000000,-0.000000000
4,5,4096,16777216,33554432,4,cycle,post,1244,33554432,1.00000000000000000,-0.000000000
4,5,4096,16777216,33554432,4,cycle,post,1245,33554432,1.00000000000000000,-0.000000000
4,5,4096,16777216,33554432,4,cycle,post,1246,33554432,1.00000000000000000,-0.000000000
4,5,4096,16777216,33554432,4,cycle,post,1247,33554432,1.00000000000000000,-0.000000000
4,5,4096,16777216,33554432,4,cycle,post,1248,33554432,1.00000000000000000,-0.000000000
4,5,4096,16777216,33554432,4,cycle,post,1249,33554432,1.00000000000000000,-0.000000000
4,5,4096,16777216,33554432,4,cycle,post,1250,33554432,1.00000000000000000,-0.000000000
4,5,4096,16777216,33554432,4,cycle,post,1251,33554432,1.00000000000000000,-0.000000000
4,5,4096,16777216,33554432,4,cycle,post,1252,33554432,1.00000000000000000,-0.000000000
4,5,4096,16777216,33554432,4,cycle,post,1253,33554432,1.00000000000000000,-0.000000000
4,5,4096,16777216,33554432,4,cycle,post,1254,33554432,1.00000000000000000,-0.000000000
4,5,4096,16777216,33554432,4,cycle,post,1255,33554432,1.00000000000000000,-0.000000000
4,5,4096,16777216,33554432,4,cycle,post,1256,33554432,1.00000000000000000,-0.000000000
4,5,4096,16777216,33554432,4,cycle,post,1257,33554432,1.00000000000000000,-0.000000000
4,5,4096,16777216,33554432,4,cycle,post,1258,33554432,1.00000000000000000,-0.000000000
4,5,4096,16777216,33554432,4,cycle,post,1259,33554432,1.00000000000000000,-0.000000000
4,5,4096,16777216,33554432,4,cycle,post,1260,33554432,1.00000000000000000,-0.000000000
4,5,4096,16777216,33554432,4,cycle,post,1261,33554432,1.00000000000000000,-0.000000000
4,5,4096,16777216,33554432,4,cycle,post,1262,33554432,1.00000000000000000,-0.000000000
4,5,4096,16777216,33554432,4,cycle,post,1263,33554432,1.00000000000000000,-0.000000000
4,5,4096,16777216,33554432,4,cycle,post,1264,33554432,1.00000000000000000,-0.000000000
4,5,4096,16777216,33554432,4,cycle,post,1265,33554432,1.00000000000000000,-0.000000000
4,5,4096,16777216,33554432,4,cycle,post,1266,33554432,1.00000000000000000,-0.000000000
4,5,4096,16777216,33554432,4,cycle,post,1267,33554432,1.00000000000000000,-0.000000000
4,5,4096,16777216,33554432,4,cycle,post,1268,33554432,1.00000000000000000,-0.000000000
4,5,4096,16777216,33554432,4,cycle,post,1269,33554432,1.00000000000000000,-0.000000000
4,5,4096,16777216,33554432,4,cycle,post,1270,33554432,1.00000000000000000,-0.000000000
4,5,4096,16777216,33554432,4,cycle,post,1271,33554432,1.00000000000000000,-0.000000000
4,5,4096,16777216,33554432,4,cycle,post,1272,33554432,1.00000000000000000,-0.000000000
4,5,4096,16777216,33554432,4,cycle,post,1273,33554432,1.00000000000000000,-0.000000000
4,5,4096,16777216,33554432,4,cycle,post,1274,33554432,1.00000000000000000,-0.000000000
4,5,4096,16777216,33554432,4,cycle,post,1275,33554432,1.00000000000000000,-0.000000000
4,5,4096,16777216,33554432,4,cycle,post,1276,33554432,1.00000000000000000,-0.000000000
4,5,4096,16777216,33554432,4,cycle,post,1277,33554432,1.00000000000000000,-0.000000000
4,5,4096,16777216,33554432,4,cycle,post,1278,33554432,1.00000000000000000,-0.000000000
4,5,4096,16777216,33554432,4,cycle,post,1279,33554432,1.00000000000000000,-0.000000000
4,5,4096,16777216,33554432,4,cycle,post,1280,33554432,1.00000000000000000,-0.000000000
4,5,4096,16777216,33554432,4,cycle,post,1281,33554432,1.00000000000000000,-0.000000000
4,5,4096,16777216,33554432,4,cycle,post,1282,33554432,1.00000000000000000,-0.000000000
4,5,4096,16777216,33554432,4,cycle,post,1283,33554432,1.00000000000000000,-0.000000000
4,5,4096,16777216,33554432,4,cycle,post,1284,33554432,1.00000000000000000,-0.000000000
4,5,4096,16777216,33554432,4,cycle,post,1285,33554432,1.00000000000000000,-0.000000000
4,5,4096,16777216,33554432,4,cycle,post,1286,33554432,1.00000000000000000,-0.000000000
4,5,4096,16777216,33554432,4,cycle,post,1287,33554432,1.00000000000000000,-0.000000000
4,5,4096,16777216,33554432,4,cycle,post,1288,33554432,1.00000000000000000,-0.000000000
4,5,4096,16777216,33554432,4,cycle,post,1289,33554432,1.00000000000000000,-0.000000000
4,5,4096,16777216,33554432,4,cycle,post,1290,33554432,1.00000000000000000,-0.000000000
4,5,4096,16777216,33554432,4,cycle,post,1291,33554432,1.00000000000000000,-0.000000000
4,5,4096,16777216,33554432,4,cycle,post,1292,33554432,1.00000000000000000,-0.000000000
4,5,4096,16777216,33554432,4,cycle,post,1293,33554432,1.00000000000000000,-0.000000000
4,5,4096,16777216,33554432,4,cycle,post,1294,33554432,1.00000000000000000,-0.000000000
4,5,4096,16777216,33554432,4,cycle,post,1295,33554432,1.00000000000000000,-0.000000000
4,5,4096,16777216,33554432,4,cycle,post,1296,33554432,1.00000000000000000,-0.000000000
4,5,4096,16777216,33554432,4,cycle,post,1297,33554432,1.00000000000000000,-0.000000000
4,5,4096,16777216,33554432,4,cycle,post,1298,33554432,1.00000000000000000,-0.000000000
4,5,4096,16777216,33554432,4,cycle,post,1299,33554432,1.00000000000000000,-0.000000000
4,5,4096,16777216,33554432,4,cycle,post,1300,33554432,1.00000000000000000,-0.000000000
4,5,4096,16777216,33554432,4,cycle,post,1301,33554432,1.00000000000000000,-0.000000000
4,5,4096,16777216,33554432,4,cycle,post,1302,33554432,1.00000000000000000,-0.000000000
4,5,4096,16777216,33554432,4,cycle,post,1303,33554432,1.00000000000000000,-0.000000000
4,5,4096,16777216,33554432,4,cycle,post,1304,33554432,1.00000000000000000,-0.000000000
4,5,4096,16777216,33554432,4,cycle,post,1305,33554432,1.00000000000000000,-0.000000000
4,5,4096,16777216,33554432,4,cycle,post,1306,33554432,1.00000000000000000,-0.000000000
4,5,4096,16777216,33554432,4,cycle,post,1307,33554432,1.00000000000000000,-0.000000000
4,5,4096,16777216,33554432,4,cycle,post,1308,33554432,1.00000000000000000,-0.000000000
4,5,4096,16777216,33554432,4,cycle,post,1309,33554432,1.00000000000000000,-0.000000000
4,5,4096,16777216,33554432,4,cycle,post,1310,33554432,1.00000000000000000,-0.000000000
4,5,4096,16777216,33554432,4,cycle,post,1311,33554432,1.00000000000000000,-0.000000000
4,5,4096,16777216,33554432,4,cycle,post,1312,33554432,1.00000000000000000,-0.000000000
4,5,4096,16777216,33554432,4,cycle,post,1313,33554432,1.00000000000000000,-0.000000000
4,5,4096,16777216,33554432,4,cycle,post,1314,33554432,1.00000000000000000,-0.000000000
4,5,4096,16777216,33554432,4,cycle,post,1315,33554432,1.00000000000000000,-0.000000000
4,5,4096,16777216,33554432,4,cycle,post,1316,33554432,1.00000000000000000,-0.000000000
4,5,4096,16777216,33554432,4,cycle,post,1317,33554432,1.00000000000000000,-0.000000000
4,5,4096,16777216,33554432,4,cycle,post,1318,33554432,1.00000000000000000,-0.000000000
4,5,4096,16777216,33554432,4,cycle,post,1319,33554432,1.00000000000000000,-0.000000000
4,5,4096,16777216,33554432,4,cycle,post,1320,33554432,1.00000000000000000,-0.000000000
4,5,4096,16777216,33554432,4,cycle,post,1321,33554432,1.00000000000000000,-0.000000000
4,5,4096,16777216,33554432,4,cycle,post,1322,33554432,1.00000000000000000,-0.000000000
4,5,4096,16777216,33554432,4,cycle,post,1323,33554432,1.00000000000000000,-0.000000000
4,5,4096,16777216,33554432,4,cycle,post,1324,33554432,1.00000000000000000,-0.000000000
4,5,4096,16777216,33554432,4,cycle,post,1325,33554432,1.00000000000000000,-0.000000000
4,5,4096,16777216,33554432,4,cycle,post,1326,33554432,1.00000000000000000,-0.000000000
4,5,4096,16777216,33554432,4,cycle,post,1327,33554432,1.00000000000000000,-0.000000000
4,5,4096,16777216,33554432,4,cycle,post,1328,33554432,1.00000000000000000,-0.000000000
4,5,4096,16777216,33554432,4,cycle,post,1329,33554432,1.00000000000000000,-0.000000000
4,5,4096,16777216,33554432,4,cycle,post,1330,33554432,1.00000000000000000,-0.000000000
4,5,4096,16777216,33554432,4,cycle,post,1331,33554432,1.00000000000000000,-0.000000000
4,5,4096,16777216,33554432,4,cycle,post,1332,33554432,1.00000000000000000,-0.000000000
4,5,4096,16777216,33554432,4,cycle,post,1333,33554432,1.00000000000000000,-0.000000000
4,5,4096,16777216,33554432,4,cycle,post,1334,33554432,1.00000000000000000,-0.000000000
4,5,4096,16777216,33554432,4,cycle,post,1335,33554432,1.00000000000000000,-0.000000000
4,5,4096,16777216,33554432,4,cycle,post,1336,33554432,1.00000000000000000,-0.000000000
4,5,4096,16777216,33554432,4,cycle,post,1337,33554432,1.00000000000000000,-0.000000000
4,5,4096,16777216,33554432,4,cycle,post,1338,33554432,1.00000000000000000,-0.000000000
4,5,4096,16777216,33554432,4,cycle,post,1339,33554432,1.00000000000000000,-0.000000000
4,5,4096,16777216,33554432,4,cycle,post,1340,33554432,1.00000000000000000,-0.000000000
4,5,4096,16777216,33554432,4,cycle,post,1341,33554432,1.00000000000000000,-0.000000000
4,5,4096,16777216,33554432,4,cycle,post,1342,33554432,1.00000000000000000,-0.000000000
4,5,4096,16777216,33554432,4,cycle,post,1343,33554432,1.00000000000000000,-0.000000000
4,5,4096,16777216,33554432,4,cycle,post,1344,33554432,1.00000000000000000,-0.000000000
4,5,4096,16777216,33554432,4,cycle,post,1345,33554432,1.00000000000000000,-0.000000000
4,5,4096,16777216,33554432,4,cycle,post,1346,33554432,1.00000000000000000,-0.000000000
4,5,4096,16777216,33554432,4,cycle,post,1347,33554432,1.00000000000000000,-0.000000000
4,5,4096,16777216,33554432,4,cycle,post,1348,33554432,1.00000000000000000,-0.000000000
4,5,4096,16777216,33554432,4,cycle,post,1349,33554432,1.00000000000000000,-0.000000000
4,5,4096,16777216,33554432,4,cycle,post,1350,33554432,1.00000000000000000,-0.000000000
4,5,4096,16777216,33554432,4,cycle,post,1351,33554432,1.00000000000000000,-0.000000000
4,5,4096,16777216,33554432,4,cycle,post,1352,33554432,1.00000000000000000,-0.000000000
4,5,4096,16777216,33554432,4,cycle,post,1353,33554432,1.00000000000000000,-0.000000000
4,5,4096,16777216,33554432,4,cycle,post,1354,33554432,1.00000000000000000,-0.000000000
4,5,4096,16777216,33554432,4,cycle,post,1355,33554432,1.00000000000000000,-0.000000000
4,5,4096,16777216,33554432,4,cycle,post,1356,33554432,1.00000000000000000,-0.000000000
4,5,4096,16777216,33554432,4,cycle,post,1357,33554432,1.00000000000000000,-0.000000000
4,5,4096,16777216,33554432,4,cycle,post,1358,33554432,1.00000000000000000,-0.000000000
4,5,4096,16777216,33554432,4,cycle,post,1359,33554432,1.00000000000000000,-0.000000000
4,5,4096,16777216,33554432,4,cycle,post,1360,33554432,1.00000000000000000,-0.000000000
4,5,4096,16777216,33554432,4,cycle,post,1361,33554432,1.00000000000000000,-0.000000000
4,5,4096,16777216,33554432,4,cycle,post,1362,33554432,1.00000000000000000,-0.000000000
4,5,4096,16777216,33554432,4,cycle,post,1363,33554432,1.00000000000000000,-0.000000000
4,5,4096,16777216,33554432,4,cycle,post,1364,33554432,1.00000000000000000,-0.000000000
4,5,4096,16777216,33554432,4,cycle,post,1365,33554432,1.00000000000000000,-0.000000000
4,5,4096,16777216,33554432,4,cycle,post,1366,33554432,1.00000000000000000,-0.000000000
4,5,4096,16777216,33554432,4,cycle,post,1367,33554432,1.00000000000000000,-0.000000000
4,5,4096,16777216,33554432,4,cycle,post,1368,33554432,1.00000000000000000,-0.000000000
4,5,4096,16777216,33554432,4,cycle,post,1369,33554432,1.00000000000000000,-0.000000000
4,5,4096,16777216,33554432,4,cycle,post,1370,33554432,1.00000000000000000,-0.000000000
4,5,4096,16777216,33554432,4,cycle,post,1371,33554432,1.00000000000000000,-0.000000000
4,5,4096,16777216,33554432,4,cycle,post,1372,33554432,1.00000000000000000,-0.000000000
4,5,4096,16777216,33554432,4,cycle,post,1373,33554432,1.00000000000000000,-0.000000000
4,5,4096,16777216,33554432,4,cycle,post,1374,33554432,1.00000000000000000,-0.000000000
4,5,4096,16777216,33554432,4,cycle,post,1375,33554432,1.00000000000000000,-0.000000000
4,5,4096,16777216,33554432,4,cycle,post,1376,33554432,1.00000000000000000,-0.000000000
4,5,4096,16777216,33554432,4,cycle,post,1377,33554432,1.00000000000000000,-0.000000000
4,5,4096,16777216,33554432,4,cycle,post,1378,33554432,1.00000000000000000,-0.000000000
4,5,4096,16777216,33554432,4,cycle,post,1379,33554432,1.00000000000000000,-0.000000000
4,5,4096,16777216,33554432,4,cycle,post,1380,33554432,1.00000000000000000,-0.000000000
4,5,4096,16777216,33554432,4,cycle,post,1381,33554432,1.00000000000000000,-0.000000000
4,5,4096,16777216,33554432,4,cycle,post,1382,33554432,1.00000000000000000,-0.000000000
4,5,4096,16777216,33554432,4,cycle,post,1383,33554432,1.00000000000000000,-0.000000000
4,5,4096,16777216,33554432,4,cycle,post,1384,33554432,1.00000000000000000,-0.000000000
4,5,4096,16777216,33554432,4,cycle,post,1385,33554432,1.00000000000000000,-0.000000000
4,5,4096,16777216,33554432,4,cycle,post,1386,33554432,1.00000000000000000,-0.000000000
4,5,4096,16777216,33554432,4,cycle,post,1387,33554432,1.00000000000000000,-0.000000000
4,5,4096,16777216,33554432,4,cycle,post,1388,33554432,1.00000000000000000,-0.000000000
4,5,4096,16777216,33554432,4,cycle,post,1389,33554432,1.00000000000000000,-0.000000000
4,5,4096,16777216,33554432,4,cycle,post,1390,33554432,1.00000000000000000,-0.000000000
4,5,4096,16777216,33554432,4,cycle,post,1391,33554432,1.00000000000000000,-0.000000000
4,5,4096,16777216,33554432,4,cycle,post,1392,33554432,1.00000000000000000,-0.000000000
4,5,4096,16777216,33554432,4,cycle,post,1393,33554432,1.00000000000000000,-0.000000000
4,5,4096,16777216,33554432,4,cycle,post,1394,33554432,1.00000000000000000,-0.000000000
4,5,4096,16777216,33554432,4,cycle,post,1395,33554432,1.00000000000000000,-0.000000000
4,5,4096,16777216,33554432,4,cycle,post,1396,33554432,1.00000000000000000,-0.000000000
4,5,4096,16777216,33554432,4,cycle,post,1397,33554432,1.00000000000000000,-0.000000000
4,5,4096,16777216,33554432,4,cycle,post,1398,33554432,1.00000000000000000,-0.000000000
4,5,4096,16777216,33554432,4,cycle,post,1399,33554432,1.00000000000000000,-0.000000000
4,5,4096,16777216,33554432,4,cycle,post,1400,33554432,1.00000000000000000,-0.000000000
4,5,4096,16777216,33554432,4,cycle,post,1401,33554432,1.00000000000000000,-0.000000000
4,5,4096,16777216,33554432,4,cycle,post,1402,33554432,1.00000000000000000,-0.000000000
4,5,4096,16777216,33554432,4,cycle,post,1403,33554432,1.00000000000000000,-0.000000000
4,5,4096,16777216,33554432,4,cycle,post,1404,33554432,1.00000000000000000,-0.000000000
4,5,4096,16777216,33554432,4,cycle,post,1405,33554432,1.00000000000000000,-0.000000000
4,5,4096,16777216,33554432,4,cycle,post,1406,33554432,1.00000000000000000,-0.000000000
4,5,4096,16777216,33554432,4,cycle,post,1407,33554432,1.00000000000000000,-0.000000000
4,5,4096,16777216,33554432,4,cycle,post,1408,33554432,1.00000000000000000,-0.000000000
4,5,4096,16777216,33554432,4,cycle,post,1409,33554432,1.00000000000000000,-0.000000000
4,5,4096,16777216,33554432,4,cycle,post,1410,33554432,1.00000000000000000,-0.000000000
4,5,4096,16777216,33554432,4,cycle,post,1411,33554432,1.00000000000000000,-0.000000000
4,5,4096,16777216,33554432,4,cycle,post,1412,33554432,1.00000000000000000,-0.000000000
4,5,4096,16777216,33554432,4,cycle,post,1413,33554432,1.00000000000000000,-0.000000000
4,5,4096,16777216,33554432,4,cycle,post,1414,33554432,1.00000000000000000,-0.000000000
4,5,4096,16777216,33554432,4,cycle,post,1415,33554432,1.00000000000000000,-0.000000000
4,5,4096,16777216,33554432,4,cycle,post,1416,33554432,1.00000000000000000,-0.000000000
4,5,4096,16777216,33554432,4,cycle,post,1417,33554432,1.00000000000000000,-0.000000000
4,5,4096,16777216,33554432,4,cycle,post,1418,33554432,1.00000000000000000,-0.000000000
4,5,4096,16777216,33554432,4,cycle,post,1419,33554432,1.00000000000000000,-0.000000000
4,5,4096,16777216,33554432,4,cycle,post,1420,33554432,1.00000000000000000,-0.000000000
4,5,4096,16777216,33554432,4,cycle,post,1421,33554432,1.00000000000000000,-0.000000000
4,5,4096,16777216,33554432,4,cycle,post,1422,33554432,1.00000000000000000,-0.000000000
4,5,4096,16777216,33554432,4,cycle,post,1423,33554432,1.00000000000000000,-0.000000000
4,5,4096,16777216,33554432,4,cycle,post,1424,33554432,1.00000000000000000,-0.000000000
4,5,4096,16777216,33554432,4,cycle,post,1425,33554432,1.00000000000000000,-0.000000000
4,5,4096,16777216,33554432,4,cycle,post,1426,33554432,1.00000000000000000,-0.000000000
4,5,4096,16777216,33554432,4,cycle,post,1427,33554432,1.00000000000000000,-0.000000000
4,5,4096,16777216,33554432,4,cycle,post,1428,33554432,1.00000000000000000,-0.000000000
4,5,4096,16777216,33554432,4,cycle,post,1429,33554432,1.00000000000000000,-0.000000000
4,5,4096,16777216,33554432,4,cycle,post,1430,33554432,1.00000000000000000,-0.000000000
4,5,4096,16777216,33554432,4,cycle,post,1431,33554432,1.00000000000000000,-0.000000000
4,5,4096,16777216,33554432,4,cycle,post,1432,33554432,1.00000000000000000,-0.000000000
4,5,4096,16777216,33554432,4,cycle,post,1433,33554432,1.00000000000000000,-0.000000000
4,5,4096,16777216,33554432,4,cycle,post,1434,33554432,1.00000000000000000,-0.000000000
4,5,4096,16777216,33554432,4,cycle,post,1435,33554432,1.00000000000000000,-0.000000000
4,5,4096,16777216,33554432,4,cycle,post,1436,33554432,1.00000000000000000,-0.000000000
4,5,4096,16777216,33554432,4,cycle,post,1437,33554432,1.00000000000000000,-0.000000000
4,5,4096,16777216,33554432,4,cycle,post,1438,33554432,1.00000000000000000,-0.000000000
4,5,4096,16777216,33554432,4,cycle,post,1439,33554432,1.00000000000000000,-0.000000000
4,5,4096,16777216,33554432,4,cycle,post,1440,33554432,1.00000000000000000,-0.000000000
4,5,4096,16777216,33554432,4,cycle,post,1441,33554432,1.00000000000000000,-0.000000000
4,5,4096,16777216,33554432,4,cycle,post,1442,33554432,1.00000000000000000,-0.000000000
4,5,4096,16777216,33554432,4,cycle,post,1443,33554432,1.00000000000000000,-0.000000000
4,5,4096,16777216,33554432,4,cycle,post,1444,33554432,1.00000000000000000,-0.000000000
4,5,4096,16777216,33554432,4,cycle,post,1445,33554432,1.00000000000000000,-0.000000000
4,5,4096,16777216,33554432,4,cycle,post,1446,33554432,1.00000000000000000,-0.000000000
4,5,4096,16777216,33554432,4,cycle,post,1447,33554432,1.00000000000000000,-0.000000000
4,5,4096,16777216,33554432,4,cycle,post,1448,33554432,1.00000000000000000,-0.000000000
4,5,4096,16777216,33554432,4,cycle,post,1449,33554432,1.00000000000000000,-0.000000000
4,5,4096,16777216,33554432,4,cycle,post,1450,33554432,1.00000000000000000,-0.000000000
4,5,4096,16777216,33554432,4,cycle,post,1451,33554432,1.00000000000000000,-0.000000000
4,5,4096,16777216,33554432,4,cycle,post,1452,33554432,1.00000000000000000,-0.000000000
4,5,4096,16777216,33554432,4,cycle,post,1453,33554432,1.00000000000000000,-0.000000000
4,5,4096,16777216,33554432,4,cycle,post,1454,33554432,1.00000000000000000,-0.000000000
4,5,4096,16777216,33554432,4,cycle,post,1455,33554432,1.00000000000000000,-0.000000000
4,5,4096,16777216,33554432,4,cycle,post,1456,33554432,1.00000000000000000,-0.000000000
4,5,4096,16777216,33554432,4,cycle,post,1457,33554432,1.00000000000000000,-0.000000000
4,5,4096,16777216,33554432,4,cycle,post,1458,33554432,1.00000000000000000,-0.000000000
4,5,4096,16777216,33554432,4,cycle,post,1459,33554432,1.00000000000000000,-0.000000000
4,5,4096,16777216,33554432,4,cycle,post,1460,33554432,1.00000000000000000,-0.000000000
4,5,4096,16777216,33554432,4,cycle,post,1461,33554432,1.00000000000000000,-0.000000000
4,5,4096,16777216,33554432,4,cycle,post,1462,33554432,1.00000000000000000,-0.000000000
4,5,4096,16777216,33554432,4,cycle,post,1463,33554432,1.00000000000000000,-0.000000000
4,5,4096,16777216,33554432,4,cycle,post,1464,33554432,1.00000000000000000,-0.000000000
4,5,4096,16777216,33554432,4,cycle,post,1465,33554432,1.00000000000000000,-0.000000000
4,5,4096,16777216,33554432,4,cycle,post,1466,33554432,1.00000000000000000,-0.000000000
4,5,4096,16777216,33554432,4,cycle,post,1467,33554432,1.00000000000000000,-0.000000000
4,5,4096,16777216,33554432,4,cycle,post,1468,33554432,1.00000000000000000,-0.000000000
4,5,4096,16777216,33554432,4,cycle,post,1469,33554432,1.00000000000000000,-0.000000000
4,5,4096,16777216,33554432,4,cycle,post,1470,33554432,1.00000000000000000,-0.000000000
4,5,4096,16777216,33554432,4,cycle,post,1471,33554432,1.00000000000000000,-0.000000000
4,5,4096,16777216,33554432,4,cycle,post,1472,33554432,1.00000000000000000,-0.000000000
4,5,4096,16777216,33554432,4,cycle,post,1473,33554432,1.00000000000000000,-0.000000000
4,5,4096,16777216,33554432,4,cycle,post,1474,33554432,1.00000000000000000,-0.000000000
4,5,4096,16777216,33554432,4,cycle,post,1475,33554432,1.00000000000000000,-0.000000000
4,5,4096,16777216,33554432,4,cycle,post,1476,33554432,1.00000000000000000,-0.000000000
4,5,4096,16777216,33554432,4,cycle,post,1477,33554432,1.00000000000000000,-0.000000000
4,5,4096,16777216,33554432,4,cycle,post,1478,33554432,1.00000000000000000,-0.000000000
4,5,4096,16777216,33554432,4,cycle,post,1479,33554432,1.00000000000000000,-0.000000000
4,5,4096,16777216,33554432,4,cycle,post,1480,33554432,1.00000000000000000,-0.000000000
4,5,4096,16777216,33554432,4,cycle,post,1481,33554432,1.00000000000000000,-0.000000000
4,5,4096,16777216,33554432,4,cycle,post,1482,33554432,1.00000000000000000,-0.000000000
4,5,4096,16777216,33554432,4,cycle,post,1483,33554432,1.00000000000000000,-0.000000000
4,5,4096,16777216,33554432,4,cycle,post,1484,33554432,1.00000000000000000,-0.000000000
4,5,4096,16777216,33554432,4,cycle,post,1485,33554432,1.00000000000000000,-0.000000000
4,5,4096,16777216,33554432,4,cycle,post,1486,33554432,1.00000000000000000,-0.000000000
4,5,4096,16777216,33554432,4,cycle,post,1487,33554432,1.00000000000000000,-0.000000000
4,5,4096,16777216,33554432,4,cycle,post,1488,33554432,1.00000000000000000,-0.000000000
4,5,4096,16777216,33554432,4,cycle,post,1489,33554432,1.00000000000000000,-0.000000000
4,5,4096,16777216,33554432,4,cycle,post,1490,33554432,1.00000000000000000,-0.000000000
4,5,4096,16777216,33554432,4,cycle,post,1491,33554432,1.00000000000000000,-0.000000000
4,5,4096,16777216,33554432,4,cycle,post,1492,33554432,1.00000000000000000,-0.000000000
4,5,4096,16777216,33554432,4,cycle,post,1493,33554432,1.00000000000000000,-0.000000000
4,5,4096,16777216,33554432,4,cycle,post,1494,33554432,1.00000000000000000,-0.000000000
4,5,4096,16777216,33554432,4,cycle,post,1495,33554432,1.00000000000000000,-0.000000000
4,5,4096,16777216,33554432,4,cycle,post,1496,33554432,1.00000000000000000,-0.000000000
4,5,4096,16777216,33554432,4,cycle,post,1497,33554432,1.00000000000000000,-0.000000000
4,5,4096,16777216,33554432,4,cycle,post,1498,33554432,1.00000000000000000,-0.000000000
4,5,4096,16777216,33554432,4,cycle,post,1499,33554432,1.00000000000000000,-0.000000000
4,5,4096,16777216,33554432,4,cycle,post,1500,33554432,1.00000000000000000,-0.000000000
4,5,4096,16777216,33554432,4,cycle,post,1501,33554432,1.00000000000000000,-0.000000000
4,5,4096,16777216,33554432,4,cycle,post,1502,33554432,1.00000000000000000,-0.000000000
4,5,4096,16777216,33554432,4,cycle,post,1503,33554432,1.00000000000000000,-0.000000000
4,5,4096,16777216,33554432,4,cycle,post,1504,33554432,1.00000000000000000,-0.000000000
4,5,4096,16777216,33554432,4,cycle,post,1505,33554432,1.00000000000000000,-0.000000000
4,5,4096,16777216,33554432,4,cycle,post,1506,33554432,1.00000000000000000,-0.000000000
4,5,4096,16777216,33554432,4,cycle,post,1507,33554432,1.00000000000000000,-0.000000000
4,5,4096,16777216,33554432,4,cycle,post,1508,33554432,1.00000000000000000,-0.000000000
4,5,4096,16777216,33554432,4,cycle,post,1509,33554432,1.00000000000000000,-0.000000000
4,5,4096,16777216,33554432,4,cycle,post,1510,33554432,1.00000000000000000,-0.000000000
4,5,4096,16777216,33554432,4,cycle,post,1511,33554432,1.00000000000000000,-0.000000000
4,5,4096,16777216,33554432,4,cycle,post,1512,33554432,1.00000000000000000,-0.000000000
4,5,4096,16777216,33554432,4,cycle,post,1513,33554432,1.00000000000000000,-0.000000000
4,5,4096,16777216,33554432,4,cycle,post,1514,33554432,1.00000000000000000,-0.000000000
4,5,4096,16777216,33554432,4,cycle,post,1515,33554432,1.00000000000000000,-0.000000000
4,5,4096,16777216,33554432,4,cycle,post,1516,33554432,1.00000000000000000,-0.000000000
4,5,4096,16777216,33554432,4,cycle,post,1517,33554432,1.00000000000000000,-0.000000000
4,5,4096,16777216,33554432,4,cycle,post,1518,33554432,1.00000000000000000,-0.000000000
4,5,4096,16777216,33554432,4,cycle,post,1519,33554432,1.00000000000000000,-0.000000000
4,5,4096,16777216,33554432,4,cycle,post,1520,33554432,1.00000000000000000,-0.000000000
4,5,4096,16777216,33554432,4,cycle,post,1521,33554432,1.00000000000000000,-0.000000000
4,5,4096,16777216,33554432,4,cycle,post,1522,33554432,1.00000000000000000,-0.000000000
4,5,4096,16777216,33554432,4,cycle,post,1523,33554432,1.00000000000000000,-0.000000000
4,5,4096,16777216,33554432,4,cycle,post,1524,33554432,1.00000000000000000,-0.000000000
4,5,4096,16777216,33554432,4,cycle,post,1525,33554432,1.00000000000000000,-0.000000000
4,5,4096,16777216,33554432,4,cycle,post,1526,33554432,1.00000000000000000,-0.000000000
4,5,4096,16777216,33554432,4,cycle,post,1527,33554432,1.00000000000000000,-0.000000000
4,5,4096,16777216,33554432,4,cycle,post,1528,33554432,1.00000000000000000,-0.000000000
4,5,4096,16777216,33554432,4,cycle,post,1529,33554432,1.00000000000000000,-0.000000000
4,5,4096,16777216,33554432,4,cycle,post,1530,33554432,1.00000000000000000,-0.000000000
4,5,4096,16777216,33554432,4,cycle,post,1531,33554432,1.00000000000000000,-0.000000000
4,5,4096,16777216,33554432,4,cycle,post,1532,33554432,1.00000000000000000,-0.000000000
4,5,4096,16777216,33554432,4,cycle,post,1533,33554432,1.00000000000000000,-0.000000000
4,5,4096,16777216,33554432,4,cycle,post,1534,33554432,1.00000000000000000,-0.000000000
4,5,4096,16777216,33554432,4,cycle,post,1535,33554432,1.00000000000000000,-0.000000000
4,5,4096,16777216,33554432,4,cycle,post,1536,33554432,1.00000000000000000,-0.000000000
4,5,4096,16777216,33554432,4,cycle,post,1537,33554432,1.00000000000000000,-0.000000000
4,5,4096,16777216,33554432,4,cycle,post,1538,33554432,1.00000000000000000,-0.000000000
4,5,4096,16777216,33554432,4,cycle,post,1539,33554432,1.00000000000000000,-0.000000000
4,5,4096,16777216,33554432,4,cycle,post,1540,33554432,1.00000000000000000,-0.000000000
4,5,4096,16777216,33554432,4,cycle,post,1541,33554432,1.00000000000000000,-0.000000000
4,5,4096,16777216,33554432,4,cycle,post,1542,33554432,1.00000000000000000,-0.000000000
4,5,4096,16777216,33554432,4,cycle,post,1543,33554432,1.00000000000000000,-0.000000000
4,5,4096,16777216,33554432,4,cycle,post,1544,33554432,1.00000000000000000,-0.000000000
4,5,4096,16777216,33554432,4,cycle,post,1545,33554432,1.00000000000000000,-0.000000000
4,5,4096,16777216,33554432,4,cycle,post,1546,33554432,1.00000000000000000,-0.000000000
4,5,4096,16777216,33554432,4,cycle,post,1547,33554432,1.00000000000000000,-0.000000000
4,5,4096,16777216,33554432,4,cycle,post,1548,33554432,1.00000000000000000,-0.000000000
4,5,4096,16777216,33554432,4,cycle,post,1549,33554432,1.00000000000000000,-0.000000000
4,5,4096,16777216,33554432,4,cycle,post,1550,33554432,1.00000000000000000,-0.000000000
4,5,4096,16777216,33554432,4,cycle,post,1551,33554432,1.00000000000000000,-0.000000000
4,5,4096,16777216,33554432,4,cycle,post,1552,33554432,1.00000000000000000,-0.000000000
4,5,4096,16777216,33554432,4,cycle,post,1553,33554432,1.00000000000000000,-0.000000000
4,5,4096,16777216,33554432,4,cycle,post,1554,33554432,1.00000000000000000,-0.000000000
4,5,4096,16777216,33554432,4,cycle,post,1555,33554432,1.00000000000000000,-0.000000000
4,5,4096,16777216,33554432,4,cycle,post,1556,33554432,1.00000000000000000,-0.000000000
4,5,4096,16777216,33554432,4,cycle,post,1557,33554432,1.00000000000000000,-0.000000000
4,5,4096,16777216,33554432,4,cycle,post,1558,33554432,1.00000000000000000,-0.000000000
4,5,4096,16777216,33554432,4,cycle,post,1559,33554432,1.00000000000000000,-0.000000000
4,5,4096,16777216,33554432,4,cycle,post,1560,33554432,1.00000000000000000,-0.000000000
4,5,4096,16777216,33554432,4,cycle,post,1561,33554432,1.00000000000000000,-0.000000000
4,5,4096,16777216,33554432,4,cycle,post,1562,33554432,1.00000000000000000,-0.000000000
4,5,4096,16777216,33554432,4,cycle,post,1563,33554432,1.00000000000000000,-0.000000000
4,5,4096,16777216,33554432,4,cycle,post,1564,33554432,1.00000000000000000,-0.000000000
4,5,4096,16777216,33554432,4,cycle,post,1565,33554432,1.00000000000000000,-0.000000000
4,5,4096,16777216,33554432,4,cycle,post,1566,33554432,1.00000000000000000,-0.000000000
4,5,4096,16777216,33554432,4,cycle,post,1567,33554432,1.00000000000000000,-0.000000000
4,5,4096,16777216,33554432,4,cycle,post,1568,33554432,1.00000000000000000,-0.000000000
4,5,4096,16777216,33554432,4,cycle,post,1569,33554432,1.00000000000000000,-0.000000000
4,5,4096,16777216,33554432,4,cycle,post,1570,33554432,1.00000000000000000,-0.000000000
4,5,4096,16777216,33554432,4,cycle,post,1571,33554432,1.00000000000000000,-0.000000000
4,5,4096,16777216,33554432,4,cycle,post,1572,33554432,1.00000000000000000,-0.000000000
4,5,4096,16777216,33554432,4,cycle,post,1573,33554432,1.00000000000000000,-0.000000000
4,5,4096,16777216,33554432,4,cycle,post,1574,33554432,1.00000000000000000,-0.000000000
4,5,4096,16777216,33554432,4,cycle,post,1575,33554432,1.00000000000000000,-0.000000000
4,5,4096,16777216,33554432,4,cycle,post,1576,33554432,1.00000000000000000,-0.000000000
4,5,4096,16777216,33554432,4,cycle,post,1577,33554432,1.00000000000000000,-0.000000000
4,5,4096,16777216,33554432,4,cycle,post,1578,33554432,1.00000000000000000,-0.000000000
4,5,4096,16777216,33554432,4,cycle,post,1579,33554432,1.00000000000000000,-0.000000000
4,5,4096,16777216,33554432,4,cycle,post,1580,33554432,1.00000000000000000,-0.000000000
4,5,4096,16777216,33554432,4,cycle,post,1581,33554432,1.00000000000000000,-0.000000000
4,5,4096,16777216,33554432,4,cycle,post,1582,33554432,1.00000000000000000,-0.000000000
4,5,4096,16777216,33554432,4,cycle,post,1583,33554432,1.00000000000000000,-0.000000000
4,5,4096,16777216,33554432,4,cycle,post,1584,33554432,1.00000000000000000,-0.000000000
4,5,4096,16777216,33554432,4,cycle,post,1585,33554432,1.00000000000000000,-0.000000000
4,5,4096,16777216,33554432,4,cycle,post,1586,33554432,1.00000000000000000,-0.000000000
4,5,4096,16777216,33554432,4,cycle,post,1587,33554432,1.00000000000000000,-0.000000000
4,5,4096,16777216,33554432,4,cycle,post,1588,33554432,1.00000000000000000,-0.000000000
4,5,4096,16777216,33554432,4,cycle,post,1589,33554432,1.00000000000000000,-0.000000000
4,5,4096,16777216,33554432,4,cycle,post,1590,33554432,1.00000000000000000,-0.000000000
4,5,4096,16777216,33554432,4,cycle,post,1591,33554432,1.00000000000000000,-0.000000000
4,5,4096,16777216,33554432,4,cycle,post,1592,33554432,1.00000000000000000,-0.000000000
4,5,4096,16777216,33554432,4,cycle,post,1593,33554432,1.00000000000000000,-0.000000000
4,5,4096,16777216,33554432,4,cycle,post,1594,33554432,1.00000000000000000,-0.000000000
4,5,4096,16777216,33554432,4,cycle,post,1595,33554432,1.00000000000000000,-0.000000000
4,5,4096,16777216,33554432,4,cycle,post,1596,33554432,1.00000000000000000,-0.000000000
4,5,4096,16777216,33554432,4,cycle,post,1597,33554432,1.00000000000000000,-0.000000000
4,5,4096,16777216,33554432,4,cycle,post,1598,33554432,1.00000000000000000,-0.000000000
4,5,4096,16777216,33554432,4,cycle,post,1599,33554432,1.00000000000000000,-0.000000000
4,5,4096,16777216,33554432,4,cycle,post,1600,33554432,1.00000000000000000,-0.000000000
4,5,4096,16777216,33554432,4,cycle,post,1601,33554432,1.00000000000000000,-0.000000000
4,5,4096,16777216,33554432,4,cycle,post,1602,33554432,1.00000000000000000,-0.000000000
4,5,4096,16777216,33554432,4,cycle,post,1603,33554432,1.00000000000000000,-0.000000000
4,5,4096,16777216,33554432,4,cycle,post,1604,33554432,1.00000000000000000,-0.000000000
4,5,4096,16777216,33554432,4,cycle,post,1605,33554432,1.00000000000000000,-0.000000000
4,5,4096,16777216,33554432,4,cycle,post,1606,33554432,1.00000000000000000,-0.000000000
4,5,4096,16777216,33554432,4,cycle,post,1607,33554432,1.00000000000000000,-0.000000000
4,5,4096,16777216,33554432,4,cycle,post,1608,33554432,1.00000000000000000,-0.000000000
4,5,4096,16777216,33554432,4,cycle,post,1609,33554432,1.00000000000000000,-0.000000000
4,5,4096,16777216,33554432,4,cycle,post,1610,33554432,1.00000000000000000,-0.000000000
4,5,4096,16777216,33554432,4,cycle,post,1611,33554432,1.00000000000000000,-0.000000000
4,5,4096,16777216,33554432,4,cycle,post,1612,33554432,1.00000000000000000,-0.000000000
4,5,4096,16777216,33554432,4,cycle,post,1613,33554432,1.00000000000000000,-0.000000000
4,5,4096,16777216,33554432,4,cycle,post,1614,33554432,1.00000000000000000,-0.000000000
4,5,4096,16777216,33554432,4,cycle,post,1615,33554432,1.00000000000000000,-0.000000000
4,5,4096,16777216,33554432,4,cycle,post,1616,33554432,1.00000000000000000,-0.000000000
4,5,4096,16777216,33554432,4,cycle,post,1617,33554432,1.00000000000000000,-0.000000000
4,5,4096,16777216,33554432,4,cycle,post,1618,33554432,1.00000000000000000,-0.000000000
4,5,4096,16777216,33554432,4,cycle,post,1619,33554432,1.00000000000000000,-0.000000000
4,5,4096,16777216,33554432,4,cycle,post,1620,33554432,1.00000000000000000,-0.000000000
4,5,4096,16777216,33554432,4,cycle,post,1621,33554432,1.00000000000000000,-0.000000000
4,5,4096,16777216,33554432,4,cycle,post,1622,33554432,1.00000000000000000,-0.000000000
4,5,4096,16777216,33554432,4,cycle,post,1623,33554432,1.00000000000000000,-0.000000000
4,5,4096,16777216,33554432,4,cycle,post,1624,33554432,1.00000000000000000,-0.000000000
4,5,4096,16777216,33554432,4,cycle,post,1625,33554432,1.00000000000000000,-0.000000000
4,5,4096,16777216,33554432,4,cycle,post,1626,33554432,1.00000000000000000,-0.000000000
4,5,4096,16777216,33554432,4,cycle,post,1627,33554432,1.00000000000000000,-0.000000000
4,5,4096,16777216,33554432,4,cycle,post,1628,33554432,1.00000000000000000,-0.000000000
4,5,4096,16777216,33554432,4,cycle,post,1629,33554432,1.00000000000000000,-0.000000000
4,5,4096,16777216,33554432,4,cycle,post,1630,33554432,1.00000000000000000,-0.000000000
4,5,4096,16777216,33554432,4,cycle,post,1631,33554432,1.00000000000000000,-0.000000000
4,5,4096,16777216,33554432,4,cycle,post,1632,33554432,1.00000000000000000,-0.000000000
4,5,4096,16777216,33554432,4,cycle,post,1633,33554432,1.00000000000000000,-0.000000000
4,5,4096,16777216,33554432,4,cycle,post,1634,33554432,1.00000000000000000,-0.000000000
4,5,4096,16777216,33554432,4,cycle,post,1635,33554432,1.00000000000000000,-0.000000000
4,5,4096,16777216,33554432,4,cycle,post,1636,33554432,1.00000000000000000,-0.000000000
4,5,4096,16777216,33554432,4,cycle,post,1637,33554432,1.00000000000000000,-0.000000000
4,5,4096,16777216,33554432,4,cycle,post,1638,33554432,1.00000000000000000,-0.000000000
4,5,4096,16777216,33554432,4,cycle,post,1639,33554432,1.00000000000000000,-0.000000000
4,5,4096,16777216,33554432,4,cycle,post,1640,33554432,1.00000000000000000,-0.000000000
4,5,4096,16777216,33554432,4,cycle,post,1641,33554432,1.00000000000000000,-0.000000000
4,5,4096,16777216,33554432,4,cycle,post,1642,33554432,1.00000000000000000,-0.000000000
4,5,4096,16777216,33554432,4,cycle,post,1643,33554432,1.00000000000000000,-0.000000000
4,5,4096,16777216,33554432,4,cycle,post,1644,33554432,1.00000000000000000,-0.000000000
4,5,4096,16777216,33554432,4,cycle,post,1645,33554432,1.00000000000000000,-0.000000000
4,5,4096,16777216,33554432,4,cycle,post,1646,33554432,1.00000000000000000,-0.000000000
4,5,4096,16777216,33554432,4,cycle,post,1647,33554432,1.00000000000000000,-0.000000000
4,5,4096,16777216,33554432,4,cycle,post,1648,33554432,1.00000000000000000,-0.000000000
4,5,4096,16777216,33554432,4,cycle,post,1649,33554432,1.00000000000000000,-0.000000000
4,5,4096,16777216,33554432,4,cycle,post,1650,33554432,1.00000000000000000,-0.000000000
4,5,4096,16777216,33554432,4,cycle,post,1651,33554432,1.00000000000000000,-0.000000000
4,5,4096,16777216,33554432,4,cycle,post,1652,33554432,1.00000000000000000,-0.000000000
4,5,4096,16777216,33554432,4,cycle,post,1653,33554432,1.00000000000000000,-0.000000000
4,5,4096,16777216,33554432,4,cycle,post,1654,33554432,1.00000000000000000,-0.000000000
4,5,4096,16777216,33554432,4,cycle,post,1655,33554432,1.00000000000000000,-0.000000000
4,5,4096,16777216,33554432,4,cycle,post,1656,33554432,1.00000000000000000,-0.000000000
4,5,4096,16777216,33554432,4,cycle,post,1657,33554432,1.00000000000000000,-0.000000000
4,5,4096,16777216,33554432,4,cycle,post,1658,33554432,1.00000000000000000,-0.000000000
4,5,4096,16777216,33554432,4,cycle,post,1659,33554432,1.00000000000000000,-0.000000000
4,5,4096,16777216,33554432,4,cycle,post,1660,33554432,1.00000000000000000,-0.000000000
4,5,4096,16777216,33554432,4,cycle,post,1661,33554432,1.00000000000000000,-0.000000000
4,5,4096,16777216,33554432,4,cycle,post,1662,33554432,1.00000000000000000,-0.000000000
4,5,4096,16777216,33554432,4,cycle,post,1663,33554432,1.00000000000000000,-0.000000000
4,5,4096,16777216,33554432,4,cycle,post,1664,33554432,1.00000000000000000,-0.000000000
4,5,4096,16777216,33554432,4,cycle,post,1665,33554432,1.00000000000000000,-0.000000000
4,5,4096,16777216,33554432,4,cycle,post,1666,33554432,1.00000000000000000,-0.000000000
4,5,4096,16777216,33554432,4,cycle,post,1667,33554432,1.00000000000000000,-0.000000000
4,5,4096,16777216,33554432,4,cycle,post,1668,33554432,1.00000000000000000,-0.000000000
4,5,4096,16777216,33554432,4,cycle,post,1669,33554432,1.00000000000000000,-0.000000000
4,5,4096,16777216,33554432,4,cycle,post,1670,33554432,1.00000000000000000,-0.000000000
4,5,4096,16777216,33554432,4,cycle,post,1671,33554432,1.00000000000000000,-0.000000000
4,5,4096,16777216,33554432,4,cycle,post,1672,33554432,1.00000000000000000,-0.000000000
4,5,4096,16777216,33554432,4,cycle,post,1673,33554432,1.00000000000000000,-0.000000000
4,5,4096,16777216,33554432,4,cycle,post,1674,33554432,1.00000000000000000,-0.000000000
4,5,4096,16777216,33554432,4,cycle,post,1675,33554432,1.00000000000000000,-0.000000000
4,5,4096,16777216,33554432,4,cycle,post,1676,33554432,1.00000000000000000,-0.000000000
4,5,4096,16777216,33554432,4,cycle,post,1677,33554432,1.00000000000000000,-0.000000000
4,5,4096,16777216,33554432,4,cycle,post,1678,33554432,1.00000000000000000,-0.000000000
4,5,4096,16777216,33554432,4,cycle,post,1679,33554432,1.00000000000000000,-0.000000000
4,5,4096,16777216,33554432,4,cycle,post,1680,33554432,1.00000000000000000,-0.000000000
4,5,4096,16777216,33554432,4,cycle,post,1681,33554432,1.00000000000000000,-0.000000000
4,5,4096,16777216,33554432,4,cycle,post,1682,33554432,1.00000000000000000,-0.000000000
4,5,4096,16777216,33554432,4,cycle,post,1683,33554432,1.00000000000000000,-0.000000000
4,5,4096,16777216,33554432,4,cycle,post,1684,33554432,1.00000000000000000,-0.000000000
4,5,4096,16777216,33554432,4,cycle,post,1685,33554432,1.00000000000000000,-0.000000000
4,5,4096,16777216,33554432,4,cycle,post,1686,33554432,1.00000000000000000,-0.000000000
4,5,4096,16777216,33554432,4,cycle,post,1687,33554432,1.00000000000000000,-0.000000000
4,5,4096,16777216,33554432,4,cycle,post,1688,33554432,1.00000000000000000,-0.000000000
4,5,4096,16777216,33554432,4,cycle,post,1689,33554432,1.00000000000000000,-0.000000000
4,5,4096,16777216,33554432,4,cycle,post,1690,33554432,1.00000000000000000,-0.000000000
4,5,4096,16777216,33554432,4,cycle,post,1691,33554432,1.00000000000000000,-0.000000000
4,5,4096,16777216,33554432,4,cycle,post,1692,33554432,1.00000000000000000,-0.000000000
4,5,4096,16777216,33554432,4,cycle,post,1693,33554432,1.00000000000000000,-0.000000000
4,5,4096,16777216,33554432,4,cycle,post,1694,33554432,1.00000000000000000,-0.000000000
4,5,4096,16777216,33554432,4,cycle,post,1695,33554432,1.00000000000000000,-0.000000000
4,5,4096,16777216,33554432,4,cycle,post,1696,33554432,1.00000000000000000,-0.000000000
4,5,4096,16777216,33554432,4,cycle,post,1697,33554432,1.00000000000000000,-0.000000000
4,5,4096,16777216,33554432,4,cycle,post,1698,33554432,1.00000000000000000,-0.000000000
4,5,4096,16777216,33554432,4,cycle,post,1699,33554432,1.00000000000000000,-0.000000000
4,5,4096,16777216,33554432,4,cycle,post,1700,33554432,1.00000000000000000,-0.000000000
4,5,4096,16777216,33554432,4,cycle,post,1701,33554432,1.00000000000000000,-0.000000000
4,5,4096,16777216,33554432,4,cycle,post,1702,33554432,1.00000000000000000,-0.000000000
4,5,4096,16777216,33554432,4,cycle,post,1703,33554432,1.00000000000000000,-0.000000000
4,5,4096,16777216,33554432,4,cycle,post,1704,33554432,1.00000000000000000,-0.000000000
4,5,4096,16777216,33554432,4,cycle,post,1705,33554432,1.00000000000000000,-0.000000000
4,5,4096,16777216,33554432,4,cycle,post,1706,33554432,1.00000000000000000,-0.000000000
4,5,4096,16777216,33554432,4,cycle,post,1707,33554432,1.00000000000000000,-0.000000000
4,5,4096,16777216,33554432,4,cycle,post,1708,33554432,1.00000000000000000,-0.000000000
4,5,4096,16777216,33554432,4,cycle,post,1709,33554432,1.00000000000000000,-0.000000000
4,5,4096,16777216,33554432,4,cycle,post,1710,33554432,1.00000000000000000,-0.000000000
4,5,4096,16777216,33554432,4,cycle,post,1711,33554432,1.00000000000000000,-0.000000000
4,5,4096,16777216,33554432,4,cycle,post,1712,33554432,1.00000000000000000,-0.000000000
4,5,4096,16777216,33554432,4,cycle,post,1713,33554432,1.00000000000000000,-0.000000000
4,5,4096,16777216,33554432,4,cycle,post,1714,33554432,1.00000000000000000,-0.000000000
4,5,4096,16777216,33554432,4,cycle,post,1715,33554432,1.00000000000000000,-0.000000000
4,5,4096,16777216,33554432,4,cycle,post,1716,33554432,1.00000000000000000,-0.000000000
4,5,4096,16777216,33554432,4,cycle,post,1717,33554432,1.00000000000000000,-0.000000000
4,5,4096,16777216,33554432,4,cycle,post,1718,33554432,1.00000000000000000,-0.000000000
4,5,4096,16777216,33554432,4,cycle,post,1719,33554432,1.00000000000000000,-0.000000000
4,5,4096,16777216,33554432,4,cycle,post,1720,33554432,1.00000000000000000,-0.000000000
4,5,4096,16777216,33554432,4,cycle,post,1721,33554432,1.00000000000000000,-0.000000000
4,5,4096,16777216,33554432,4,cycle,post,1722,33554432,1.00000000000000000,-0.000000000
4,5,4096,16777216,33554432,4,cycle,post,1723,33554432,1.00000000000000000,-0.000000000
4,5,4096,16777216,33554432,4,cycle,post,1724,33554432,1.00000000000000000,-0.000000000
4,5,4096,16777216,33554432,4,cycle,post,1725,33554432,1.00000000000000000,-0.000000000
4,5,4096,16777216,33554432,4,cycle,post,1726,33554432,1.00000000000000000,-0.000000000
4,5,4096,16777216,33554432,4,cycle,post,1727,33554432,1.00000000000000000,-0.000000000
4,5,4096,16777216,33554432,4,cycle,post,1728,33554432,1.00000000000000000,-0.000000000
4,5,4096,16777216,33554432,4,cycle,post,1729,33554432,1.00000000000000000,-0.000000000
4,5,4096,16777216,33554432,4,cycle,post,1730,33554432,1.00000000000000000,-0.000000000
4,5,4096,16777216,33554432,4,cycle,post,1731,33554432,1.00000000000000000,-0.000000000
4,5,4096,16777216,33554432,4,cycle,post,1732,33554432,1.00000000000000000,-0.000000000
4,5,4096,16777216,33554432,4,cycle,post,1733,33554432,1.00000000000000000,-0.000000000
4,5,4096,16777216,33554432,4,cycle,post,1734,33554432,1.00000000000000000,-0.000000000
4,5,4096,16777216,33554432,4,cycle,post,1735,33554432,1.00000000000000000,-0.000000000
4,5,4096,16777216,33554432,4,cycle,post,1736,33554432,1.00000000000000000,-0.000000000
4,5,4096,16777216,33554432,4,cycle,post,1737,33554432,1.00000000000000000,-0.000000000
4,5,4096,16777216,33554432,4,cycle,post,1738,33554432,1.00000000000000000,-0.000000000
4,5,4096,16777216,33554432,4,cycle,post,1739,33554432,1.00000000000000000,-0.000000000
4,5,4096,16777216,33554432,4,cycle,post,1740,33554432,1.00000000000000000,-0.000000000
4,5,4096,16777216,33554432,4,cycle,post,1741,33554432,1.00000000000000000,-0.000000000
4,5,4096,16777216,33554432,4,cycle,post,1742,33554432,1.00000000000000000,-0.000000000
4,5,4096,16777216,33554432,4,cycle,post,1743,33554432,1.00000000000000000,-0.000000000
4,5,4096,16777216,33554432,4,cycle,post,1744,33554432,1.00000000000000000,-0.000000000
4,5,4096,16777216,33554432,4,cycle,post,1745,33554432,1.00000000000000000,-0.000000000
4,5,4096,16777216,33554432,4,cycle,post,1746,33554432,1.00000000000000000,-0.000000000
4,5,4096,16777216,33554432,4,cycle,post,1747,33554432,1.00000000000000000,-0.000000000
4,5,4096,16777216,33554432,4,cycle,post,1748,33554432,1.00000000000000000,-0.000000000
4,5,4096,16777216,33554432,4,cycle,post,1749,33554432,1.00000000000000000,-0.000000000
4,5,4096,16777216,33554432,4,cycle,post,1750,33554432,1.00000000000000000,-0.000000000
4,5,4096,16777216,33554432,4,cycle,post,1751,33554432,1.00000000000000000,-0.000000000
4,5,4096,16777216,33554432,4,cycle,post,1752,33554432,1.00000000000000000,-0.000000000
4,5,4096,16777216,33554432,4,cycle,post,1753,33554432,1.00000000000000000,-0.000000000
4,5,4096,16777216,33554432,4,cycle,post,1754,33554432,1.00000000000000000,-0.000000000
4,5,4096,16777216,33554432,4,cycle,post,1755,33554432,1.00000000000000000,-0.000000000
4,5,4096,16777216,33554432,4,cycle,post,1756,33554432,1.00000000000000000,-0.000000000
4,5,4096,16777216,33554432,4,cycle,post,1757,33554432,1.00000000000000000,-0.000000000
4,5,4096,16777216,33554432,4,cycle,post,1758,33554432,1.00000000000000000,-0.000000000
4,5,4096,16777216,33554432,4,cycle,post,1759,33554432,1.00000000000000000,-0.000000000
4,5,4096,16777216,33554432,4,cycle,post,1760,33554432,1.00000000000000000,-0.000000000
4,5,4096,16777216,33554432,4,cycle,post,1761,33554432,1.00000000000000000,-0.000000000
4,5,4096,16777216,33554432,4,cycle,post,1762,33554432,1.00000000000000000,-0.000000000
4,5,4096,16777216,33554432,4,cycle,post,1763,33554432,1.00000000000000000,-0.000000000
4,5,4096,16777216,33554432,4,cycle,post,1764,33554432,1.00000000000000000,-0.000000000
4,5,4096,16777216,33554432,4,cycle,post,1765,33554432,1.00000000000000000,-0.000000000
4,5,4096,16777216,33554432,4,cycle,post,1766,33554432,1.00000000000000000,-0.000000000
4,5,4096,16777216,33554432,4,cycle,post,1767,33554432,1.00000000000000000,-0.000000000
4,5,4096,16777216,33554432,4,cycle,post,1768,33554432,1.00000000000000000,-0.000000000
4,5,4096,16777216,33554432,4,cycle,post,1769,33554432,1.00000000000000000,-0.000000000
4,5,4096,16777216,33554432,4,cycle,post,1770,33554432,1.00000000000000000,-0.000000000
4,5,4096,16777216,33554432,4,cycle,post,1771,33554432,1.00000000000000000,-0.000000000
4,5,4096,16777216,33554432,4,cycle,post,1772,33554432,1.00000000000000000,-0.000000000
4,5,4096,16777216,33554432,4,cycle,post,1773,33554432,1.00000000000000000,-0.000000000
4,5,4096,16777216,33554432,4,cycle,post,1774,33554432,1.00000000000000000,-0.000000000
4,5,4096,16777216,33554432,4,cycle,post,1775,33554432,1.00000000000000000,-0.000000000
4,5,4096,16777216,33554432,4,cycle,post,1776,33554432,1.00000000000000000,-0.000000000
4,5,4096,16777216,33554432,4,cycle,post,1777,33554432,1.00000000000000000,-0.000000000
4,5,4096,16777216,33554432,4,cycle,post,1778,33554432,1.00000000000000000,-0.000000000
4,5,4096,16777216,33554432,4,cycle,post,1779,33554432,1.00000000000000000,-0.000000000
4,5,4096,16777216,33554432,4,cycle,post,1780,33554432,1.00000000000000000,-0.000000000
4,5,4096,16777216,33554432,4,cycle,post,1781,33554432,1.00000000000000000,-0.000000000
4,5,4096,16777216,33554432,4,cycle,post,1782,33554432,1.00000000000000000,-0.000000000
4,5,4096,16777216,33554432,4,cycle,post,1783,33554432,1.00000000000000000,-0.000000000
4,5,4096,16777216,33554432,4,cycle,post,1784,33554432,1.00000000000000000,-0.000000000
4,5,4096,16777216,33554432,4,cycle,post,1785,33554432,1.00000000000000000,-0.000000000
4,5,4096,16777216,33554432,4,cycle,post,1786,33554432,1.00000000000000000,-0.000000000
4,5,4096,16777216,33554432,4,cycle,post,1787,33554432,1.00000000000000000,-0.000000000
4,5,4096,16777216,33554432,4,cycle,post,1788,33554432,1.00000000000000000,-0.000000000
4,5,4096,16777216,33554432,4,cycle,post,1789,33554432,1.00000000000000000,-0.000000000
4,5,4096,16777216,33554432,4,cycle,post,1790,33554432,1.00000000000000000,-0.000000000
4,5,4096,16777216,33554432,4,cycle,post,1791,33554432,1.00000000000000000,-0.000000000
4,5,4096,16777216,33554432,4,cycle,post,1792,33554432,1.00000000000000000,-0.000000000
4,5,4096,16777216,33554432,4,cycle,post,1793,33554432,1.00000000000000000,-0.000000000
4,5,4096,16777216,33554432,4,cycle,post,1794,33554432,1.00000000000000000,-0.000000000
4,5,4096,16777216,33554432,4,cycle,post,1795,33554432,1.00000000000000000,-0.000000000
4,5,4096,16777216,33554432,4,cycle,post,1796,33554432,1.00000000000000000,-0.000000000
4,5,4096,16777216,33554432,4,cycle,post,1797,33554432,1.00000000000000000,-0.000000000
4,5,4096,16777216,33554432,4,cycle,post,1798,33554432,1.00000000000000000,-0.000000000
4,5,4096,16777216,33554432,4,cycle,post,1799,33554432,1.00000000000000000,-0.000000000
4,5,4096,16777216,33554432,4,cycle,post,1800,33554432,1.00000000000000000,-0.000000000
4,5,4096,16777216,33554432,4,cycle,post,1801,33554432,1.00000000000000000,-0.000000000
4,5,4096,16777216,33554432,4,cycle,post,1802,33554432,1.00000000000000000,-0.000000000
4,5,4096,16777216,33554432,4,cycle,post,1803,33554432,1.00000000000000000,-0.000000000
4,5,4096,16777216,33554432,4,cycle,post,1804,33554432,1.00000000000000000,-0.000000000
4,5,4096,16777216,33554432,4,cycle,post,1805,33554432,1.00000000000000000,-0.000000000
4,5,4096,16777216,33554432,4,cycle,post,1806,33554432,1.00000000000000000,-0.000000000
4,5,4096,16777216,33554432,4,cycle,post,1807,33554432,1.00000000000000000,-0.000000000
4,5,4096,16777216,33554432,4,cycle,post,1808,33554432,1.00000000000000000,-0.000000000
4,5,4096,16777216,33554432,4,cycle,post,1809,33554432,1.00000000000000000,-0.000000000
4,5,4096,16777216,33554432,4,cycle,post,1810,33554432,1.00000000000000000,-0.000000000
4,5,4096,16777216,33554432,4,cycle,post,1811,33554432,1.00000000000000000,-0.000000000
4,5,4096,16777216,33554432,4,cycle,post,1812,33554432,1.00000000000000000,-0.000000000
4,5,4096,16777216,33554432,4,cycle,post,1813,33554432,1.00000000000000000,-0.000000000
4,5,4096,16777216,33554432,4,cycle,post,1814,33554432,1.00000000000000000,-0.000000000
4,5,4096,16777216,33554432,4,cycle,post,1815,33554432,1.00000000000000000,-0.000000000
4,5,4096,16777216,33554432,4,cycle,post,1816,33554432,1.00000000000000000,-0.000000000
4,5,4096,16777216,33554432,4,cycle,post,1817,33554432,1.00000000000000000,-0.000000000
4,5,4096,16777216,33554432,4,cycle,post,1818,33554432,1.00000000000000000,-0.000000000
4,5,4096,16777216,33554432,4,cycle,post,1819,33554432,1.00000000000000000,-0.000000000
4,5,4096,16777216,33554432,4,cycle,post,1820,33554432,1.00000000000000000,-0.000000000
4,5,4096,16777216,33554432,4,cycle,post,1821,33554432,1.00000000000000000,-0.000000000
4,5,4096,16777216,33554432,4,cycle,post,1822,33554432,1.00000000000000000,-0.000000000
4,5,4096,16777216,33554432,4,cycle,post,1823,33554432,1.00000000000000000,-0.000000000
4,5,4096,16777216,33554432,4,cycle,post,1824,33554432,1.00000000000000000,-0.000000000
4,5,4096,16777216,33554432,4,cycle,post,1825,33554432,1.00000000000000000,-0.000000000
4,5,4096,16777216,33554432,4,cycle,post,1826,33554432,1.00000000000000000,-0.000000000
4,5,4096,16777216,33554432,4,cycle,post,1827,33554432,1.00000000000000000,-0.000000000
4,5,4096,16777216,33554432,4,cycle,post,1828,33554432,1.00000000000000000,-0.000000000
4,5,4096,16777216,33554432,4,cycle,post,1829,33554432,1.00000000000000000,-0.000000000
4,5,4096,16777216,33554432,4,cycle,post,1830,33554432,1.00000000000000000,-0.000000000
4,5,4096,16777216,33554432,4,cycle,post,1831,33554432,1.00000000000000000,-0.000000000
4,5,4096,16777216,33554432,4,cycle,post,1832,33554432,1.00000000000000000,-0.000000000
4,5,4096,16777216,33554432,4,cycle,post,1833,33554432,1.00000000000000000,-0.000000000
4,5,4096,16777216,33554432,4,cycle,post,1834,33554432,1.00000000000000000,-0.000000000
4,5,4096,16777216,33554432,4,cycle,post,1835,33554432,1.00000000000000000,-0.000000000
4,5,4096,16777216,33554432,4,cycle,post,1836,33554432,1.00000000000000000,-0.000000000
4,5,4096,16777216,33554432,4,cycle,post,1837,33554432,1.00000000000000000,-0.000000000
4,5,4096,16777216,33554432,4,cycle,post,1838,33554432,1.00000000000000000,-0.000000000
4,5,4096,16777216,33554432,4,cycle,post,1839,33554432,1.00000000000000000,-0.000000000
4,5,4096,16777216,33554432,4,cycle,post,1840,33554432,1.00000000000000000,-0.000000000
4,5,4096,16777216,33554432,4,cycle,post,1841,33554432,1.00000000000000000,-0.000000000
4,5,4096,16777216,33554432,4,cycle,post,1842,33554432,1.00000000000000000,-0.000000000
4,5,4096,16777216,33554432,4,cycle,post,1843,33554432,1.00000000000000000,-0.000000000
4,5,4096,16777216,33554432,4,cycle,post,1844,33554432,1.00000000000000000,-0.000000000
4,5,4096,16777216,33554432,4,cycle,post,1845,33554432,1.00000000000000000,-0.000000000
4,5,4096,16777216,33554432,4,cycle,post,1846,33554432,1.00000000000000000,-0.000000000
4,5,4096,16777216,33554432,4,cycle,post,1847,33554432,1.00000000000000000,-0.000000000
4,5,4096,16777216,33554432,4,cycle,post,1848,33554432,1.00000000000000000,-0.000000000
4,5,4096,16777216,33554432,4,cycle,post,1849,33554432,1.00000000000000000,-0.000000000
4,5,4096,16777216,33554432,4,cycle,post,1850,33554432,1.00000000000000000,-0.000000000
4,5,4096,16777216,33554432,4,cycle,post,1851,33554432,1.00000000000000000,-0.000000000
4,5,4096,16777216,33554432,4,cycle,post,1852,33554432,1.00000000000000000,-0.000000000
4,5,4096,16777216,33554432,4,cycle,post,1853,33554432,1.00000000000000000,-0.000000000
4,5,4096,16777216,33554432,4,cycle,post,1854,33554432,1.00000000000000000,-0.000000000
4,5,4096,16777216,33554432,4,cycle,post,1855,33554432,1.00000000000000000,-0.000000000
4,5,4096,16777216,33554432,4,cycle,post,1856,33554432,1.00000000000000000,-0.000000000
4,5,4096,16777216,33554432,4,cycle,post,1857,33554432,1.00000000000000000,-0.000000000
4,5,4096,16777216,33554432,4,cycle,post,1858,33554432,1.00000000000000000,-0.000000000
4,5,4096,16777216,33554432,4,cycle,post,1859,33554432,1.00000000000000000,-0.000000000
4,5,4096,16777216,33554432,4,cycle,post,1860,33554432,1.00000000000000000,-0.000000000
4,5,4096,16777216,33554432,4,cycle,post,1861,33554432,1.00000000000000000,-0.000000000
4,5,4096,16777216,33554432,4,cycle,post,1862,33554432,1.00000000000000000,-0.000000000
4,5,4096,16777216,33554432,4,cycle,post,1863,33554432,1.00000000000000000,-0.000000000
4,5,4096,16777216,33554432,4,cycle,post,1864,33554432,1.00000000000000000,-0.000000000
4,5,4096,16777216,33554432,4,cycle,post,1865,33554432,1.00000000000000000,-0.000000000
4,5,4096,16777216,33554432,4,cycle,post,1866,33554432,1.00000000000000000,-0.000000000
4,5,4096,16777216,33554432,4,cycle,post,1867,33554432,1.00000000000000000,-0.000000000
4,5,4096,16777216,33554432,4,cycle,post,1868,33554432,1.00000000000000000,-0.000000000
4,5,4096,16777216,33554432,4,cycle,post,1869,33554432,1.00000000000000000,-0.000000000
4,5,4096,16777216,33554432,4,cycle,post,1870,33554432,1.00000000000000000,-0.000000000
4,5,4096,16777216,33554432,4,cycle,post,1871,33554432,1.00000000000000000,-0.000000000
4,5,4096,16777216,33554432,4,cycle,post,1872,33554432,1.00000000000000000,-0.000000000
4,5,4096,16777216,33554432,4,cycle,post,1873,33554432,1.00000000000000000,-0.000000000
4,5,4096,16777216,33554432,4,cycle,post,1874,33554432,1.00000000000000000,-0.000000000
4,5,4096,16777216,33554432,4,cycle,post,1875,33554432,1.00000000000000000,-0.000000000
4,5,4096,16777216,33554432,4,cycle,post,1876,33554432,1.00000000000000000,-0.000000000
4,5,4096,16777216,33554432,4,cycle,post,1877,33554432,1.00000000000000000,-0.000000000
4,5,4096,16777216,33554432,4,cycle,post,1878,33554432,1.00000000000000000,-0.000000000
4,5,4096,16777216,33554432,4,cycle,post,1879,33554432,1.00000000000000000,-0.000000000
4,5,4096,16777216,33554432,4,cycle,post,1880,33554432,1.00000000000000000,-0.000000000
4,5,4096,16777216,33554432,4,cycle,post,1881,33554432,1.00000000000000000,-0.000000000
4,5,4096,16777216,33554432,4,cycle,post,1882,33554432,1.00000000000000000,-0.000000000
4,5,4096,16777216,33554432,4,cycle,post,1883,33554432,1.00000000000000000,-0.000000000
4,5,4096,16777216,33554432,4,cycle,post,1884,33554432,1.00000000000000000,-0.000000000
4,5,4096,16777216,33554432,4,cycle,post,1885,33554432,1.00000000000000000,-0.000000000
4,5,4096,16777216,33554432,4,cycle,post,1886,33554432,1.00000000000000000,-0.000000000
4,5,4096,16777216,33554432,4,cycle,post,1887,33554432,1.00000000000000000,-0.000000000
4,5,4096,16777216,33554432,4,cycle,post,1888,33554432,1.00000000000000000,-0.000000000
4,5,4096,16777216,33554432,4,cycle,post,1889,33554432,1.00000000000000000,-0.000000000
4,5,4096,16777216,33554432,4,cycle,post,1890,33554432,1.00000000000000000,-0.000000000
4,5,4096,16777216,33554432,4,cycle,post,1891,33554432,1.00000000000000000,-0.000000000
4,5,4096,16777216,33554432,4,cycle,post,1892,33554432,1.00000000000000000,-0.000000000
4,5,4096,16777216,33554432,4,cycle,post,1893,33554432,1.00000000000000000,-0.000000000
4,5,4096,16777216,33554432,4,cycle,post,1894,33554432,1.00000000000000000,-0.000000000
4,5,4096,16777216,33554432,4,cycle,post,1895,33554432,1.00000000000000000,-0.000000000
4,5,4096,16777216,33554432,4,cycle,post,1896,33554432,1.00000000000000000,-0.000000000
4,5,4096,16777216,33554432,4,cycle,post,1897,33554432,1.00000000000000000,-0.000000000
4,5,4096,16777216,33554432,4,cycle,post,1898,33554432,1.00000000000000000,-0.000000000
4,5,4096,16777216,33554432,4,cycle,post,1899,33554432,1.00000000000000000,-0.000000000
4,5,4096,16777216,33554432,4,cycle,post,1900,33554432,1.00000000000000000,-0.000000000
4,5,4096,16777216,33554432,4,cycle,post,1901,33554432,1.00000000000000000,-0.000000000
4,5,4096,16777216,33554432,4,cycle,post,1902,33554432,1.00000000000000000,-0.000000000
4,5,4096,16777216,33554432,4,cycle,post,1903,33554432,1.00000000000000000,-0.000000000
4,5,4096,16777216,33554432,4,cycle,post,1904,33554432,1.00000000000000000,-0.000000000
4,5,4096,16777216,33554432,4,cycle,post,1905,33554432,1.00000000000000000,-0.000000000
4,5,4096,16777216,33554432,4,cycle,post,1906,33554432,1.00000000000000000,-0.000000000
4,5,4096,16777216,33554432,4,cycle,post,1907,33554432,1.00000000000000000,-0.000000000
4,5,4096,16777216,33554432,4,cycle,post,1908,33554432,1.00000000000000000,-0.000000000
4,5,4096,16777216,33554432,4,cycle,post,1909,33554432,1.00000000000000000,-0.000000000
4,5,4096,16777216,33554432,4,cycle,post,1910,33554432,1.00000000000000000,-0.000000000
4,5,4096,16777216,33554432,4,cycle,post,1911,33554432,1.00000000000000000,-0.000000000
4,5,4096,16777216,33554432,4,cycle,post,1912,33554432,1.00000000000000000,-0.000000000
4,5,4096,16777216,33554432,4,cycle,post,1913,33554432,1.00000000000000000,-0.000000000
4,5,4096,16777216,33554432,4,cycle,post,1914,33554432,1.00000000000000000,-0.000000000
4,5,4096,16777216,33554432,4,cycle,post,1915,33554432,1.00000000000000000,-0.000000000
4,5,4096,16777216,33554432,4,cycle,post,1916,33554432,1.00000000000000000,-0.000000000
4,5,4096,16777216,33554432,4,cycle,post,1917,33554432,1.00000000000000000,-0.000000000
4,5,4096,16777216,33554432,4,cycle,post,1918,33554432,1.00000000000000000,-0.000000000
4,5,4096,16777216,33554432,4,cycle,post,1919,33554432,1.00000000000000000,-0.000000000
4,5,4096,16777216,33554432,4,cycle,post,1920,33554432,1.00000000000000000,-0.000000000
4,5,4096,16777216,33554432,4,cycle,post,1921,33554432,1.00000000000000000,-0.000000000
4,5,4096,16777216,33554432,4,cycle,post,1922,33554432,1.00000000000000000,-0.000000000
4,5,4096,16777216,33554432,4,cycle,post,1923,33554432,1.00000000000000000,-0.000000000
4,5,4096,16777216,33554432,4,cycle,post,1924,33554432,1.00000000000000000,-0.000000000
4,5,4096,16777216,33554432,4,cycle,post,1925,33554432,1.00000000000000000,-0.000000000
4,5,4096,16777216,33554432,4,cycle,post,1926,33554432,1.00000000000000000,-0.000000000
4,5,4096,16777216,33554432,4,cycle,post,1927,33554432,1.00000000000000000,-0.000000000
4,5,4096,16777216,33554432,4,cycle,post,1928,33554432,1.00000000000000000,-0.000000000
4,5,4096,16777216,33554432,4,cycle,post,1929,33554432,1.00000000000000000,-0.000000000
4,5,4096,16777216,33554432,4,cycle,post,1930,33554432,1.00000000000000000,-0.000000000
4,5,4096,16777216,33554432,4,cycle,post,1931,33554432,1.00000000000000000,-0.000000000
4,5,4096,16777216,33554432,4,cycle,post,1932,33554432,1.00000000000000000,-0.000000000
4,5,4096,16777216,33554432,4,cycle,post,1933,33554432,1.00000000000000000,-0.000000000
4,5,4096,16777216,33554432,4,cycle,post,1934,33554432,1.00000000000000000,-0.000000000
4,5,4096,16777216,33554432,4,cycle,post,1935,33554432,1.00000000000000000,-0.000000000
4,5,4096,16777216,33554432,4,cycle,post,1936,33554432,1.00000000000000000,-0.000000000
4,5,4096,16777216,33554432,4,cycle,post,1937,33554432,1.00000000000000000,-0.000000000
4,5,4096,16777216,33554432,4,cycle,post,1938,33554432,1.00000000000000000,-0.000000000
4,5,4096,16777216,33554432,4,cycle,post,1939,33554432,1.00000000000000000,-0.000000000
4,5,4096,16777216,33554432,4,cycle,post,1940,33554432,1.00000000000000000,-0.000000000
4,5,4096,16777216,33554432,4,cycle,post,1941,33554432,1.00000000000000000,-0.000000000
4,5,4096,16777216,33554432,4,cycle,post,1942,33554432,1.00000000000000000,-0.000000000
4,5,4096,16777216,33554432,4,cycle,post,1943,33554432,1.00000000000000000,-0.000000000
4,5,4096,16777216,33554432,4,cycle,post,1944,33554432,1.00000000000000000,-0.000000000
4,5,4096,16777216,33554432,4,cycle,post,1945,33554432,1.00000000000000000,-0.000000000
4,5,4096,16777216,33554432,4,cycle,post,1946,33554432,1.00000000000000000,-0.000000000
4,5,4096,16777216,33554432,4,cycle,post,1947,33554432,1.00000000000000000,-0.000000000
4,5,4096,16777216,33554432,4,cycle,post,1948,33554432,1.00000000000000000,-0.000000000
4,5,4096,16777216,33554432,4,cycle,post,1949,33554432,1.00000000000000000,-0.000000000
4,5,4096,16777216,33554432,4,cycle,post,1950,33554432,1.00000000000000000,-0.000000000
4,5,4096,16777216,33554432,4,cycle,post,1951,33554432,1.00000000000000000,-0.000000000
4,5,4096,16777216,33554432,4,cycle,post,1952,33554432,1.00000000000000000,-0.000000000
4,5,4096,16777216,33554432,4,cycle,post,1953,33554432,1.00000000000000000,-0.000000000
4,5,4096,16777216,33554432,4,cycle,post,1954,33554432,1.00000000000000000,-0.000000000
4,5,4096,16777216,33554432,4,cycle,post,1955,33554432,1.00000000000000000,-0.000000000
4,5,4096,16777216,33554432,4,cycle,post,1956,33554432,1.00000000000000000,-0.000000000
4,5,4096,16777216,33554432,4,cycle,post,1957,33554432,1.00000000000000000,-0.000000000
4,5,4096,16777216,33554432,4,cycle,post,1958,33554432,1.00000000000000000,-0.000000000
4,5,4096,16777216,33554432,4,cycle,post,1959,33554432,1.00000000000000000,-0.000000000
4,5,4096,16777216,33554432,4,cycle,post,1960,33554432,1.00000000000000000,-0.000000000
4,5,4096,16777216,33554432,4,cycle,post,1961,33554432,1.00000000000000000,-0.000000000
4,5,4096,16777216,33554432,4,cycle,post,1962,33554432,1.00000000000000000,-0.000000000
4,5,4096,16777216,33554432,4,cycle,post,1963,33554432,1.00000000000000000,-0.000000000
4,5,4096,16777216,33554432,4,cycle,post,1964,33554432,1.00000000000000000,-0.000000000
4,5,4096,16777216,33554432,4,cycle,post,1965,33554432,1.00000000000000000,-0.000000000
4,5,4096,16777216,33554432,4,cycle,post,1966,33554432,1.00000000000000000,-0.000000000
4,5,4096,16777216,33554432,4,cycle,post,1967,33554432,1.00000000000000000,-0.000000000
4,5,4096,16777216,33554432,4,cycle,post,1968,33554432,1.00000000000000000,-0.000000000
4,5,4096,16777216,33554432,4,cycle,post,1969,33554432,1.00000000000000000,-0.000000000
4,5,4096,16777216,33554432,4,cycle,post,1970,33554432,1.00000000000000000,-0.000000000
4,5,4096,16777216,33554432,4,cycle,post,1971,33554432,1.00000000000000000,-0.000000000
4,5,4096,16777216,33554432,4,cycle,post,1972,33554432,1.00000000000000000,-0.000000000
4,5,4096,16777216,33554432,4,cycle,post,1973,33554432,1.00000000000000000,-0.000000000
4,5,4096,16777216,33554432,4,cycle,post,1974,33554432,1.00000000000000000,-0.000000000
4,5,4096,16777216,33554432,4,cycle,post,1975,33554432,1.00000000000000000,-0.000000000
4,5,4096,16777216,33554432,4,cycle,post,1976,33554432,1.00000000000000000,-0.000000000
4,5,4096,16777216,33554432,4,cycle,post,1977,33554432,1.00000000000000000,-0.000000000
4,5,4096,16777216,33554432,4,cycle,post,1978,33554432,1.00000000000000000,-0.000000000
4,5,4096,16777216,33554432,4,cycle,post,1979,33554432,1.00000000000000000,-0.000000000
4,5,4096,16777216,33554432,4,cycle,post,1980,33554432,1.00000000000000000,-0.000000000
4,5,4096,16777216,33554432,4,cycle,post,1981,33554432,1.00000000000000000,-0.000000000
4,5,4096,16777216,33554432,4,cycle,post,1982,33554432,1.00000000000000000,-0.000000000
4,5,4096,16777216,33554432,4,cycle,post,1983,33554432,1.00000000000000000,-0.000000000
4,5,4096,16777216,33554432,4,cycle,post,1984,33554432,1.00000000000000000,-0.000000000
4,5,4096,16777216,33554432,4,cycle,post,1985,33554432,1.00000000000000000,-0.000000000
4,5,4096,16777216,33554432,4,cycle,post,1986,33554432,1.00000000000000000,-0.000000000
4,5,4096,16777216,33554432,4,cycle,post,1987,33554432,1.00000000000000000,-0.000000000
4,5,4096,16777216,33554432,4,cycle,post,1988,33554432,1.00000000000000000,-0.000000000
4,5,4096,16777216,33554432,4,cycle,post,1989,33554432,1.00000000000000000,-0.000000000
4,5,4096,16777216,33554432,4,cycle,post,1990,33554432,1.00000000000000000,-0.000000000
4,5,4096,16777216,33554432,4,cycle,post,1991,33554432,1.00000000000000000,-0.000000000
4,5,4096,16777216,33554432,4,cycle,post,1992,33554432,1.00000000000000000,-0.000000000
4,5,4096,16777216,33554432,4,cycle,post,1993,33554432,1.00000000000000000,-0.000000000
4,5,4096,16777216,33554432,4,cycle,post,1994,33554432,1.00000000000000000,-0.000000000
4,5,4096,16777216,33554432,4,cycle,post,1995,33554432,1.00000000000000000,-0.000000000
4,5,4096,16777216,33554432,4,cycle,post,1996,33554432,1.00000000000000000,-0.000000000
4,5,4096,16777216,33554432,4,cycle,post,1997,33554432,1.00000000000000000,-0.000000000
4,5,4096,16777216,33554432,4,cycle,post,1998,33554432,1.00000000000000000,-0.000000000
4,5,4096,16777216,33554432,4,cycle,post,1999,33554432,1.00000000000000000,-0.000000000
4,5,4096,16777216,33554432,4,cycle,post,2000,33554432,1.00000000000000000,-0.000000000
4,5,4096,16777216,33554432,4,cycle,post,2001,33554432,1.00000000000000000,-0.000000000
4,5,4096,16777216,33554432,4,cycle,post,2002,33554432,1.00000000000000000,-0.000000000
4,5,4096,16777216,33554432,4,cycle,post,2003,33554432,1.00000000000000000,-0.000000000
4,5,4096,16777216,33554432,4,cycle,post,2004,33554432,1.00000000000000000,-0.000000000
4,5,4096,16777216,33554432,4,cycle,post,2005,33554432,1.00000000000000000,-0.000000000
4,5,4096,16777216,33554432,4,cycle,post,2006,33554432,1.00000000000000000,-0.000000000
4,5,4096,16777216,33554432,4,cycle,post,2007,33554432,1.00000000000000000,-0.000000000
4,5,4096,16777216,33554432,4,cycle,post,2008,33554432,1.00000000000000000,-0.000000000
4,5,4096,16777216,33554432,4,cycle,post,2009,33554432,1.00000000000000000,-0.000000000
4,5,4096,16777216,33554432,4,cycle,post,2010,33554432,1.00000000000000000,-0.000000000
4,5,4096,16777216,33554432,4,cycle,post,2011,33554432,1.00000000000000000,-0.000000000
4,5,4096,16777216,33554432,4,cycle,post,2012,33554432,1.00000000000000000,-0.000000000
4,5,4096,16777216,33554432,4,cycle,post,2013,33554432,1.00000000000000000,-0.000000000
4,5,4096,16777216,33554432,4,cycle,post,2014,33554432,1.00000000000000000,-0.000000000
4,5,4096,16777216,33554432,4,cycle,post,2015,33554432,1.00000000000000000,-0.000000000
4,5,4096,16777216,33554432,4,cycle,post,2016,33554432,1.00000000000000000,-0.000000000
4,5,4096,16777216,33554432,4,cycle,post,2017,33554432,1.00000000000000000,-0.000000000
4,5,4096,16777216,33554432,4,cycle,post,2018,33554432,1.00000000000000000,-0.000000000
4,5,4096,16777216,33554432,4,cycle,post,2019,33554432,1.00000000000000000,-0.000000000
4,5,4096,16777216,33554432,4,cycle,post,2020,33554432,1.00000000000000000,-0.000000000
4,5,4096,16777216,33554432,4,cycle,post,2021,33554432,1.00000000000000000,-0.000000000
4,5,4096,16777216,33554432,4,cycle,post,2022,33554432,1.00000000000000000,-0.000000000
4,5,4096,16777216,33554432,4,cycle,post,2023,33554432,1.00000000000000000,-0.000000000
4,5,4096,16777216,33554432,4,cycle,post,2024,33554432,1.00000000000000000,-0.000000000
4,5,4096,16777216,33554432,4,cycle,post,2025,33554432,1.00000000000000000,-0.000000000
4,5,4096,16777216,33554432,4,cycle,post,2026,33554432,1.00000000000000000,-0.000000000
4,5,4096,16777216,33554432,4,cycle,post,2027,33554432,1.00000000000000000,-0.000000000
4,5,4096,16777216,33554432,4,cycle,post,2028,33554432,1.00000000000000000,-0.000000000
4,5,4096,16777216,33554432,4,cycle,post,2029,33554432,1.00000000000000000,-0.000000000
4,5,4096,16777216,33554432,4,cycle,post,2030,33554432,1.00000000000000000,-0.000000000
4,5,4096,16777216,33554432,4,cycle,post,2031,33554432,1.00000000000000000,-0.000000000
4,5,4096,16777216,33554432,4,cycle,post,2032,33554432,1.00000000000000000,-0.000000000
4,5,4096,16777216,33554432,4,cycle,post,2033,33554432,1.00000000000000000,-0.000000000
4,5,4096,16777216,33554432,4,cycle,post,2034,33554432,1.00000000000000000,-0.000000000
4,5,4096,16777216,33554432,4,cycle,post,2035,33554432,1.00000000000000000,-0.000000000
4,5,4096,16777216,33554432,4,cycle,post,2036,33554432,1.00000000000000000,-0.000000000
4,5,4096,16777216,33554432,4,cycle,post,2037,33554432,1.00000000000000000,-0.000000000
4,5,4096,16777216,33554432,4,cycle,post,2038,33554432,1.00000000000000000,-0.000000000
4,5,4096,16777216,33554432,4,cycle,post,2039,33554432,1.00000000000000000,-0.000000000
4,5,4096,16777216,33554432,4,cycle,post,2040,33554432,1.00000000000000000,-0.000000000
4,5,4096,16777216,33554432,4,cycle,post,2041,33554432,1.00000000000000000,-0.000000000
4,5,4096,16777216,33554432,4,cycle,post,2042,33554432,1.00000000000000000,-0.000000000
4,5,4096,16777216,33554432,4,cycle,post,2043,33554432,1.00000000000000000,-0.000000000
4,5,4096,16777216,33554432,4,cycle,post,2044,33554432,1.00000000000000000,-0.000000000
4,5,4096,16777216,33554432,4,cycle,post,2045,33554432,1.00000000000000000,-0.000000000
4,5,4096,16777216,33554432,4,cycle,post,2046,33554432,1.00000000000000000,-0.000000000
4,5,4096,16777216,33554432,4,cycle,post,2047,33554432,1.00000000000000000,-0.000000000
4,5,4096,16777216,33554432,4,cycle,post,2048,33554432,1.00000000000000000,-0.000000000
4,5,4096,16777216,33554432,4,cycle,post,2049,33554432,1.00000000000000000,-0.000000000
4,5,4096,16777216,33554432,4,cycle,post,2050,33554432,1.00000000000000000,-0.000000000
4,5,4096,16777216,33554432,4,cycle,post,2051,33554432,1.00000000000000000,-0.000000000
4,5,4096,16777216,33554432,4,cycle,post,2052,33554432,1.00000000000000000,-0.000000000
4,5,4096,16777216,33554432,4,cycle,post,2053,33554432,1.00000000000000000,-0.000000000
4,5,4096,16777216,33554432,4,cycle,post,2054,33554432,1.00000000000000000,-0.000000000
4,5,4096,16777216,33554432,4,cycle,post,2055,33554432,1.00000000000000000,-0.000000000
4,5,4096,16777216,33554432,4,cycle,post,2056,33554432,1.00000000000000000,-0.000000000
4,5,4096,16777216,33554432,4,cycle,post,2057,33554432,1.00000000000000000,-0.000000000
4,5,4096,16777216,33554432,4,cycle,post,2058,33554432,1.00000000000000000,-0.000000000
4,5,4096,16777216,33554432,4,cycle,post,2059,33554432,1.00000000000000000,-0.000000000
4,5,4096,16777216,33554432,4,cycle,post,2060,33554432,1.00000000000000000,-0.000000000
4,5,4096,16777216,33554432,4,cycle,post,2061,33554432,1.00000000000000000,-0.000000000
4,5,4096,16777216,33554432,4,cycle,post,2062,33554432,1.00000000000000000,-0.000000000
4,5,4096,16777216,33554432,4,cycle,post,2063,33554432,1.00000000000000000,-0.000000000
4,5,4096,16777216,33554432,4,cycle,post,2064,33554432,1.00000000000000000,-0.000000000
4,5,4096,16777216,33554432,4,cycle,post,2065,33554432,1.00000000000000000,-0.000000000
4,5,4096,16777216,33554432,4,cycle,post,2066,33554432,1.00000000000000000,-0.000000000
4,5,4096,16777216,33554432,4,cycle,post,2067,33554432,1.00000000000000000,-0.000000000
4,5,4096,16777216,33554432,4,cycle,post,2068,33554432,1.00000000000000000,-0.000000000
4,5,4096,16777216,33554432,4,cycle,post,2069,33554432,1.00000000000000000,-0.000000000
4,5,4096,16777216,33554432,4,cycle,post,2070,33554432,1.00000000000000000,-0.000000000
4,5,4096,16777216,33554432,4,cycle,post,2071,33554432,1.00000000000000000,-0.000000000
4,5,4096,16777216,33554432,4,cycle,post,2072,33554432,1.00000000000000000,-0.000000000
4,5,4096,16777216,33554432,4,cycle,post,2073,33554432,1.00000000000000000,-0.000000000
4,5,4096,16777216,33554432,4,cycle,post,2074,33554432,1.00000000000000000,-0.000000000
4,5,4096,16777216,33554432,4,cycle,post,2075,33554432,1.00000000000000000,-0.000000000
4,5,4096,16777216,33554432,4,cycle,post,2076,33554432,1.00000000000000000,-0.000000000
4,5,4096,16777216,33554432,4,cycle,post,2077,33554432,1.00000000000000000,-0.000000000
4,5,4096,16777216,33554432,4,cycle,post,2078,33554432,1.00000000000000000,-0.000000000
4,5,4096,16777216,33554432,4,cycle,post,2079,33554432,1.00000000000000000,-0.000000000
4,5,4096,16777216,33554432,4,cycle,post,2080,33554432,1.00000000000000000,-0.000000000
4,5,4096,16777216,33554432,4,cycle,post,2081,33554432,1.00000000000000000,-0.000000000
4,5,4096,16777216,33554432,4,cycle,post,2082,33554432,1.00000000000000000,-0.000000000
4,5,4096,16777216,33554432,4,cycle,post,2083,33554432,1.00000000000000000,-0.000000000
4,5,4096,16777216,33554432,4,cycle,post,2084,33554432,1.00000000000000000,-0.000000000
4,5,4096,16777216,33554432,4,cycle,post,2085,33554432,1.00000000000000000,-0.000000000
4,5,4096,16777216,33554432,4,cycle,post,2086,33554432,1.00000000000000000,-0.000000000
4,5,4096,16777216,33554432,4,cycle,post,2087,33554432,1.00000000000000000,-0.000000000
4,5,4096,16777216,33554432,4,cycle,post,2088,33554432,1.00000000000000000,-0.000000000
4,5,4096,16777216,33554432,4,cycle,post,2089,33554432,1.00000000000000000,-0.000000000
4,5,4096,16777216,33554432,4,cycle,post,2090,33554432,1.00000000000000000,-0.000000000
4,5,4096,16777216,33554432,4,cycle,post,2091,33554432,1.00000000000000000,-0.000000000
4,5,4096,16777216,33554432,4,cycle,post,2092,33554432,1.00000000000000000,-0.000000000
4,5,4096,16777216,33554432,4,cycle,post,2093,33554432,1.00000000000000000,-0.000000000
4,5,4096,16777216,33554432,4,cycle,post,2094,33554432,1.00000000000000000,-0.000000000
4,5,4096,16777216,33554432,4,cycle,post,2095,33554432,1.00000000000000000,-0.000000000
4,5,4096,16777216,33554432,4,cycle,post,2096,33554432,1.00000000000000000,-0.000000000
4,5,4096,16777216,33554432,4,cycle,post,2097,33554432,1.00000000000000000,-0.000000000
4,5,4096,16777216,33554432,4,cycle,post,2098,33554432,1.00000000000000000,-0.000000000
4,5,4096,16777216,33554432,4,cycle,post,2099,33554432,1.00000000000000000,-0.000000000
4,5,4096,16777216,33554432,4,cycle,post,2100,33554432,1.00000000000000000,-0.000000000
4,5,4096,16777216,33554432,4,cycle,post,2101,33554432,1.00000000000000000,-0.000000000
4,5,4096,16777216,33554432,4,cycle,post,2102,33554432,1.00000000000000000,-0.000000000
4,5,4096,16777216,33554432,4,cycle,post,2103,33554432,1.00000000000000000,-0.000000000
4,5,4096,16777216,33554432,4,cycle,post,2104,33554432,1.00000000000000000,-0.000000000
4,5,4096,16777216,33554432,4,cycle,post,2105,33554432,1.00000000000000000,-0.000000000
4,5,4096,16777216,33554432,4,cycle,post,2106,33554432,1.00000000000000000,-0.000000000
4,5,4096,16777216,33554432,4,cycle,post,2107,33554432,1.00000000000000000,-0.000000000
4,5,4096,16777216,33554432,4,cycle,post,2108,33554432,1.00000000000000000,-0.000000000
4,5,4096,16777216,33554432,4,cycle,post,2109,33554432,1.00000000000000000,-0.000000000
4,5,4096,16777216,33554432,4,cycle,post,2110,33554432,1.00000000000000000,-0.000000000
4,5,4096,16777216,33554432,4,cycle,post,2111,33554432,1.00000000000000000,-0.000000000
4,5,4096,16777216,33554432,4,cycle,post,2112,33554432,1.00000000000000000,-0.000000000
4,5,4096,16777216,33554432,4,cycle,post,2113,33554432,1.00000000000000000,-0.000000000
4,5,4096,16777216,33554432,4,cycle,post,2114,33554432,1.00000000000000000,-0.000000000
4,5,4096,16777216,33554432,4,cycle,post,2115,33554432,1.00000000000000000,-0.000000000
4,5,4096,16777216,33554432,4,cycle,post,2116,33554432,1.00000000000000000,-0.000000000
4,5,4096,16777216,33554432,4,cycle,post,2117,33554432,1.00000000000000000,-0.000000000
4,5,4096,16777216,33554432,4,cycle,post,2118,33554432,1.00000000000000000,-0.000000000
4,5,4096,16777216,33554432,4,cycle,post,2119,33554432,1.00000000000000000,-0.000000000
4,5,4096,16777216,33554432,4,cycle,post,2120,33554432,1.00000000000000000,-0.000000000
4,5,4096,16777216,33554432,4,cycle,post,2121,33554432,1.00000000000000000,-0.000000000
4,5,4096,16777216,33554432,4,cycle,post,2122,33554432,1.00000000000000000,-0.000000000
4,5,4096,16777216,33554432,4,cycle,post,2123,33554432,1.00000000000000000,-0.000000000
4,5,4096,16777216,33554432,4,cycle,post,2124,33554432,1.00000000000000000,-0.000000000
4,5,4096,16777216,33554432,4,cycle,post,2125,33554432,1.00000000000000000,-0.000000000
4,5,4096,16777216,33554432,4,cycle,post,2126,33554432,1.00000000000000000,-0.000000000
4,5,4096,16777216,33554432,4,cycle,post,2127,33554432,1.00000000000000000,-0.000000000
4,5,4096,16777216,33554432,4,cycle,post,2128,33554432,1.00000000000000000,-0.000000000
4,5,4096,16777216,33554432,4,cycle,post,2129,33554432,1.00000000000000000,-0.000000000
4,5,4096,16777216,33554432,4,cycle,post,2130,33554432,1.00000000000000000,-0.000000000
4,5,4096,16777216,33554432,4,cycle,post,2131,33554432,1.00000000000000000,-0.000000000
4,5,4096,16777216,33554432,4,cycle,post,2132,33554432,1.00000000000000000,-0.000000000
4,5,4096,16777216,33554432,4,cycle,post,2133,33554432,1.00000000000000000,-0.000000000
4,5,4096,16777216,33554432,4,cycle,post,2134,33554432,1.00000000000000000,-0.000000000
4,5,4096,16777216,33554432,4,cycle,post,2135,33554432,1.00000000000000000,-0.000000000
4,5,4096,16777216,33554432,4,cycle,post,2136,33554432,1.00000000000000000,-0.000000000
4,5,4096,16777216,33554432,4,cycle,post,2137,33554432,1.00000000000000000,-0.000000000
4,5,4096,16777216,33554432,4,cycle,post,2138,33554432,1.00000000000000000,-0.000000000
4,5,4096,16777216,33554432,4,cycle,post,2139,33554432,1.00000000000000000,-0.000000000
4,5,4096,16777216,33554432,4,cycle,post,2140,33554432,1.00000000000000000,-0.000000000
4,5,4096,16777216,33554432,4,cycle,post,2141,33554432,1.00000000000000000,-0.000000000
4,5,4096,16777216,33554432,4,cycle,post,2142,33554432,1.00000000000000000,-0.000000000
4,5,4096,16777216,33554432,4,cycle,post,2143,33554432,1.00000000000000000,-0.000000000
4,5,4096,16777216,33554432,4,cycle,post,2144,33554432,1.00000000000000000,-0.000000000
4,5,4096,16777216,33554432,4,cycle,post,2145,33554432,1.00000000000000000,-0.000000000
4,5,4096,16777216,33554432,4,cycle,post,2146,33554432,1.00000000000000000,-0.000000000
4,5,4096,16777216,33554432,4,cycle,post,2147,33554432,1.00000000000000000,-0.000000000
4,5,4096,16777216,33554432,4,cycle,post,2148,33554432,1.00000000000000000,-0.000000000
4,5,4096,16777216,33554432,4,cycle,post,2149,33554432,1.00000000000000000,-0.000000000
4,5,4096,16777216,33554432,4,cycle,post,2150,33554432,1.00000000000000000,-0.000000000
4,5,4096,16777216,33554432,4,cycle,post,2151,33554432,1.00000000000000000,-0.000000000
4,5,4096,16777216,33554432,4,cycle,post,2152,33554432,1.00000000000000000,-0.000000000
4,5,4096,16777216,33554432,4,cycle,post,2153,33554432,1.00000000000000000,-0.000000000
4,5,4096,16777216,33554432,4,cycle,post,2154,33554432,1.00000000000000000,-0.000000000
4,5,4096,16777216,33554432,4,cycle,post,2155,33554432,1.00000000000000000,-0.000000000
4,5,4096,16777216,33554432,4,cycle,post,2156,33554432,1.00000000000000000,-0.000000000
4,5,4096,16777216,33554432,4,cycle,post,2157,33554432,1.00000000000000000,-0.000000000
4,5,4096,16777216,33554432,4,cycle,post,2158,33554432,1.00000000000000000,-0.000000000
4,5,4096,16777216,33554432,4,cycle,post,2159,33554432,1.00000000000000000,-0.000000000
4,5,4096,16777216,33554432,4,cycle,post,2160,33554432,1.00000000000000000,-0.000000000
4,5,4096,16777216,33554432,4,cycle,post,2161,33554432,1.00000000000000000,-0.000000000
4,5,4096,16777216,33554432,4,cycle,post,2162,33554432,1.00000000000000000,-0.000000000
4,5,4096,16777216,33554432,4,cycle,post,2163,33554432,1.00000000000000000,-0.000000000
4,5,4096,16777216,33554432,4,cycle,post,2164,33554432,1.00000000000000000,-0.000000000
4,5,4096,16777216,33554432,4,cycle,post,2165,33554432,1.00000000000000000,-0.000000000
4,5,4096,16777216,33554432,4,cycle,post,2166,33554432,1.00000000000000000,-0.000000000
4,5,4096,16777216,33554432,4,cycle,post,2167,33554432,1.00000000000000000,-0.000000000
4,5,4096,16777216,33554432,4,cycle,post,2168,33554432,1.00000000000000000,-0.000000000
4,5,4096,16777216,33554432,4,cycle,post,2169,33554432,1.00000000000000000,-0.000000000
4,5,4096,16777216,33554432,4,cycle,post,2170,33554432,1.00000000000000000,-0.000000000
4,5,4096,16777216,33554432,4,cycle,post,2171,33554432,1.00000000000000000,-0.000000000
4,5,4096,16777216,33554432,4,cycle,post,2172,33554432,1.00000000000000000,-0.000000000
4,5,4096,16777216,33554432,4,cycle,post,2173,33554432,1.00000000000000000,-0.000000000
4,5,4096,16777216,33554432,4,cycle,post,2174,33554432,1.00000000000000000,-0.000000000
4,5,4096,16777216,33554432,4,cycle,post,2175,33554432,1.00000000000000000,-0.000000000
4,5,4096,16777216,33554432,4,cycle,post,2176,33554432,1.00000000000000000,-0.000000000
4,5,4096,16777216,33554432,4,cycle,post,2177,33554432,1.00000000000000000,-0.000000000
4,5,4096,16777216,33554432,4,cycle,post,2178,33554432,1.00000000000000000,-0.000000000
4,5,4096,16777216,33554432,4,cycle,post,2179,33554432,1.00000000000000000,-0.000000000
4,5,4096,16777216,33554432,4,cycle,post,2180,33554432,1.00000000000000000,-0.000000000
4,5,4096,16777216,33554432,4,cycle,post,2181,33554432,1.00000000000000000,-0.000000000
4,5,4096,16777216,33554432,4,cycle,post,2182,33554432,1.00000000000000000,-0.000000000
4,5,4096,16777216,33554432,4,cycle,post,2183,33554432,1.00000000000000000,-0.000000000
4,5,4096,16777216,33554432,4,cycle,post,2184,33554432,1.00000000000000000,-0.000000000
4,5,4096,16777216,33554432,4,cycle,post,2185,33554432,1.00000000000000000,-0.000000000
4,5,4096,16777216,33554432,4,cycle,post,2186,33554432,1.00000000000000000,-0.000000000
4,5,4096,16777216,33554432,4,cycle,post,2187,33554432,1.00000000000000000,-0.000000000
4,5,4096,16777216,33554432,4,cycle,post,2188,33554432,1.00000000000000000,-0.000000000
4,5,4096,16777216,33554432,4,cycle,post,2189,33554432,1.00000000000000000,-0.000000000
4,5,4096,16777216,33554432,4,cycle,post,2190,33554432,1.00000000000000000,-0.000000000
4,5,4096,16777216,33554432,4,cycle,post,2191,33554432,1.00000000000000000,-0.000000000
4,5,4096,16777216,33554432,4,cycle,post,2192,33554432,1.00000000000000000,-0.000000000
4,5,4096,16777216,33554432,4,cycle,post,2193,33554432,1.00000000000000000,-0.000000000
4,5,4096,16777216,33554432,4,cycle,post,2194,33554432,1.00000000000000000,-0.000000000
4,5,4096,16777216,33554432,4,cycle,post,2195,33554432,1.00000000000000000,-0.000000000
4,5,4096,16777216,33554432,4,cycle,post,2196,33554432,1.00000000000000000,-0.000000000
4,5,4096,16777216,33554432,4,cycle,post,2197,33554432,1.00000000000000000,-0.000000000
4,5,4096,16777216,33554432,4,cycle,post,2198,33554432,1.00000000000000000,-0.000000000
4,5,4096,16777216,33554432,4,cycle,post,2199,33554432,1.00000000000000000,-0.000000000
4,5,4096,16777216,33554432,4,cycle,post,2200,33554432,1.00000000000000000,-0.000000000
4,5,4096,16777216,33554432,4,cycle,post,2201,33554432,1.00000000000000000,-0.000000000
4,5,4096,16777216,33554432,4,cycle,post,2202,33554432,1.00000000000000000,-0.000000000
4,5,4096,16777216,33554432,4,cycle,post,2203,33554432,1.00000000000000000,-0.000000000
4,5,4096,16777216,33554432,4,cycle,post,2204,33554432,1.00000000000000000,-0.000000000
4,5,4096,16777216,33554432,4,cycle,post,2205,33554432,1.00000000000000000,-0.000000000
4,5,4096,16777216,33554432,4,cycle,post,2206,33554432,1.00000000000000000,-0.000000000
4,5,4096,16777216,33554432,4,cycle,post,2207,33554432,1.00000000000000000,-0.000000000
4,5,4096,16777216,33554432,4,cycle,post,2208,33554432,1.00000000000000000,-0.000000000
4,5,4096,16777216,33554432,4,cycle,post,2209,33554432,1.00000000000000000,-0.000000000
4,5,4096,16777216,33554432,4,cycle,post,2210,33554432,1.00000000000000000,-0.000000000
4,5,4096,16777216,33554432,4,cycle,post,2211,33554432,1.00000000000000000,-0.000000000
4,5,4096,16777216,33554432,4,cycle,post,2212,33554432,1.00000000000000000,-0.000000000
4,5,4096,16777216,33554432,4,cycle,post,2213,33554432,1.00000000000000000,-0.000000000
4,5,4096,16777216,33554432,4,cycle,post,2214,33554432,1.00000000000000000,-0.000000000
4,5,4096,16777216,33554432,4,cycle,post,2215,33554432,1.00000000000000000,-0.000000000
4,5,4096,16777216,33554432,4,cycle,post,2216,33554432,1.00000000000000000,-0.000000000
4,5,4096,16777216,33554432,4,cycle,post,2217,33554432,1.00000000000000000,-0.000000000
4,5,4096,16777216,33554432,4,cycle,post,2218,33554432,1.00000000000000000,-0.000000000
4,5,4096,16777216,33554432,4,cycle,post,2219,33554432,1.00000000000000000,-0.000000000
4,5,4096,16777216,33554432,4,cycle,post,2220,33554432,1.00000000000000000,-0.000000000
4,5,4096,16777216,33554432,4,cycle,post,2221,33554432,1.00000000000000000,-0.000000000
4,5,4096,16777216,33554432,4,cycle,post,2222,33554432,1.00000000000000000,-0.000000000
4,5,4096,16777216,33554432,4,cycle,post,2223,33554432,1.00000000000000000,-0.000000000
4,5,4096,16777216,33554432,4,cycle,post,2224,33554432,1.00000000000000000,-0.000000000
4,5,4096,16777216,33554432,4,cycle,post,2225,33554432,1.00000000000000000,-0.000000000
4,5,4096,16777216,33554432,4,cycle,post,2226,33554432,1.00000000000000000,-0.000000000
4,5,4096,16777216,33554432,4,cycle,post,2227,33554432,1.00000000000000000,-0.000000000
4,5,4096,16777216,33554432,4,cycle,post,2228,33554432,1.00000000000000000,-0.000000000
4,5,4096,16777216,33554432,4,cycle,post,2229,33554432,1.00000000000000000,-0.000000000
4,5,4096,16777216,33554432,4,cycle,post,2230,33554432,1.00000000000000000,-0.000000000
4,5,4096,16777216,33554432,4,cycle,post,2231,33554432,1.00000000000000000,-0.000000000
4,5,4096,16777216,33554432,4,cycle,post,2232,33554432,1.00000000000000000,-0.000000000
4,5,4096,16777216,33554432,4,cycle,post,2233,33554432,1.00000000000000000,-0.000000000
4,5,4096,16777216,33554432,4,cycle,post,2234,33554432,1.00000000000000000,-0.000000000
4,5,4096,16777216,33554432,4,cycle,post,2235,33554432,1.00000000000000000,-0.000000000
4,5,4096,16777216,33554432,4,cycle,post,2236,33554432,1.00000000000000000,-0.000000000
4,5,4096,16777216,33554432,4,cycle,post,2237,33554432,1.00000000000000000,-0.000000000
4,5,4096,16777216,33554432,4,cycle,post,2238,33554432,1.00000000000000000,-0.000000000
4,5,4096,16777216,33554432,4,cycle,post,2239,33554432,1.00000000000000000,-0.000000000
4,5,4096,16777216,33554432,4,cycle,post,2240,33554432,1.00000000000000000,-0.000000000
4,5,4096,16777216,33554432,4,cycle,post,2241,33554432,1.00000000000000000,-0.000000000
4,5,4096,16777216,33554432,4,cycle,post,2242,33554432,1.00000000000000000,-0.000000000
4,5,4096,16777216,33554432,4,cycle,post,2243,33554432,1.00000000000000000,-0.000000000
4,5,4096,16777216,33554432,4,cycle,post,2244,33554432,1.00000000000000000,-0.000000000
4,5,4096,16777216,33554432,4,cycle,post,2245,33554432,1.00000000000000000,-0.000000000
4,5,4096,16777216,33554432,4,cycle,post,2246,33554432,1.00000000000000000,-0.000000000
4,5,4096,16777216,33554432,4,cycle,post,2247,33554432,1.00000000000000000,-0.000000000
4,5,4096,16777216,33554432,4,cycle,post,2248,33554432,1.00000000000000000,-0.000000000
4,5,4096,16777216,33554432,4,cycle,post,2249,33554432,1.00000000000000000,-0.000000000
4,5,4096,16777216,33554432,4,cycle,post,2250,33554432,1.00000000000000000,-0.000000000
4,5,4096,16777216,33554432,4,cycle,post,2251,33554432,1.00000000000000000,-0.000000000
4,5,4096,16777216,33554432,4,cycle,post,2252,33554432,1.00000000000000000,-0.000000000
4,5,4096,16777216,33554432,4,cycle,post,2253,33554432,1.00000000000000000,-0.000000000
4,5,4096,16777216,33554432,4,cycle,post,2254,33554432,1.00000000000000000,-0.000000000
4,5,4096,16777216,33554432,4,cycle,post,2255,33554432,1.00000000000000000,-0.000000000
4,5,4096,16777216,33554432,4,cycle,post,2256,33554432,1.00000000000000000,-0.000000000
4,5,4096,16777216,33554432,4,cycle,post,2257,33554432,1.00000000000000000,-0.000000000
4,5,4096,16777216,33554432,4,cycle,post,2258,33554432,1.00000000000000000,-0.000000000
4,5,4096,16777216,33554432,4,cycle,post,2259,33554432,1.00000000000000000,-0.000000000
4,5,4096,16777216,33554432,4,cycle,post,2260,33554432,1.00000000000000000,-0.000000000
4,5,4096,16777216,33554432,4,cycle,post,2261,33554432,1.00000000000000000,-0.000000000
4,5,4096,16777216,33554432,4,cycle,post,2262,33554432,1.00000000000000000,-0.000000000
4,5,4096,16777216,33554432,4,cycle,post,2263,33554432,1.00000000000000000,-0.000000000
4,5,4096,16777216,33554432,4,cycle,post,2264,33554432,1.00000000000000000,-0.000000000
4,5,4096,16777216,33554432,4,cycle,post,2265,33554432,1.00000000000000000,-0.000000000
4,5,4096,16777216,33554432,4,cycle,post,2266,33554432,1.00000000000000000,-0.000000000
4,5,4096,16777216,33554432,4,cycle,post,2267,33554432,1.00000000000000000,-0.000000000
4,5,4096,16777216,33554432,4,cycle,post,2268,33554432,1.00000000000000000,-0.000000000
4,5,4096,16777216,33554432,4,cycle,post,2269,33554432,1.00000000000000000,-0.000000000
4,5,4096,16777216,33554432,4,cycle,post,2270,33554432,1.00000000000000000,-0.000000000
4,5,4096,16777216,33554432,4,cycle,post,2271,33554432,1.00000000000000000,-0.000000000
4,5,4096,16777216,33554432,4,cycle,post,2272,33554432,1.00000000000000000,-0.000000000
4,5,4096,16777216,33554432,4,cycle,post,2273,33554432,1.00000000000000000,-0.000000000
4,5,4096,16777216,33554432,4,cycle,post,2274,33554432,1.00000000000000000,-0.000000000
4,5,4096,16777216,33554432,4,cycle,post,2275,33554432,1.00000000000000000,-0.000000000
4,5,4096,16777216,33554432,4,cycle,post,2276,33554432,1.00000000000000000,-0.000000000
4,5,4096,16777216,33554432,4,cycle,post,2277,33554432,1.00000000000000000,-0.000000000
4,5,4096,16777216,33554432,4,cycle,post,2278,33554432,1.00000000000000000,-0.000000000
4,5,4096,16777216,33554432,4,cycle,post,2279,33554432,1.00000000000000000,-0.000000000
4,5,4096,16777216,33554432,4,cycle,post,2280,33554432,1.00000000000000000,-0.000000000
4,5,4096,16777216,33554432,4,cycle,post,2281,33554432,1.00000000000000000,-0.000000000
4,5,4096,16777216,33554432,4,cycle,post,2282,33554432,1.00000000000000000,-0.000000000
4,5,4096,16777216,33554432,4,cycle,post,2283,33554432,1.00000000000000000,-0.000000000
4,5,4096,16777216,33554432,4,cycle,post,2284,33554432,1.00000000000000000,-0.000000000
4,5,4096,16777216,33554432,4,cycle,post,2285,33554432,1.00000000000000000,-0.000000000
4,5,4096,16777216,33554432,4,cycle,post,2286,33554432,1.00000000000000000,-0.000000000
4,5,4096,16777216,33554432,4,cycle,post,2287,33554432,1.00000000000000000,-0.000000000
4,5,4096,16777216,33554432,4,cycle,post,2288,33554432,1.00000000000000000,-0.000000000
4,5,4096,16777216,33554432,4,cycle,post,2289,33554432,1.00000000000000000,-0.000000000
4,5,4096,16777216,33554432,4,cycle,post,2290,33554432,1.00000000000000000,-0.000000000
4,5,4096,16777216,33554432,4,cycle,post,2291,33554432,1.00000000000000000,-0.000000000
4,5,4096,16777216,33554432,4,cycle,post,2292,33554432,1.00000000000000000,-0.000000000
4,5,4096,16777216,33554432,4,cycle,post,2293,33554432,1.00000000000000000,-0.000000000
4,5,4096,16777216,33554432,4,cycle,post,2294,33554432,1.00000000000000000,-0.000000000
4,5,4096,16777216,33554432,4,cycle,post,2295,33554432,1.00000000000000000,-0.000000000
4,5,4096,16777216,33554432,4,cycle,post,2296,33554432,1.00000000000000000,-0.000000000
4,5,4096,16777216,33554432,4,cycle,post,2297,33554432,1.00000000000000000,-0.000000000
4,5,4096,16777216,33554432,4,cycle,post,2298,33554432,1.00000000000000000,-0.000000000
4,5,4096,16777216,33554432,4,cycle,post,2299,33554432,1.00000000000000000,-0.000000000
4,5,4096,16777216,33554432,4,cycle,post,2300,33554432,1.00000000000000000,-0.000000000
4,5,4096,16777216,33554432,4,cycle,post,2301,33554432,1.00000000000000000,-0.000000000
4,5,4096,16777216,33554432,4,cycle,post,2302,33554432,1.00000000000000000,-0.000000000
4,5,4096,16777216,33554432,4,cycle,post,2303,33554432,1.00000000000000000,-0.000000000
4,5,4096,16777216,33554432,4,cycle,post,2304,33554432,1.00000000000000000,-0.000000000
4,5,4096,16777216,33554432,4,cycle,post,2305,33554432,1.00000000000000000,-0.000000000
4,5,4096,16777216,33554432,4,cycle,post,2306,33554432,1.00000000000000000,-0.000000000
4,5,4096,16777216,33554432,4,cycle,post,2307,33554432,1.00000000000000000,-0.000000000
4,5,4096,16777216,33554432,4,cycle,post,2308,33554432,1.00000000000000000,-0.000000000
4,5,4096,16777216,33554432,4,cycle,post,2309,33554432,1.00000000000000000,-0.000000000
4,5,4096,16777216,33554432,4,cycle,post,2310,33554432,1.00000000000000000,-0.000000000
4,5,4096,16777216,33554432,4,cycle,post,2311,33554432,1.00000000000000000,-0.000000000
4,5,4096,16777216,33554432,4,cycle,post,2312,33554432,1.00000000000000000,-0.000000000
4,5,4096,16777216,33554432,4,cycle,post,2313,33554432,1.00000000000000000,-0.000000000
4,5,4096,16777216,33554432,4,cycle,post,2314,33554432,1.00000000000000000,-0.000000000
4,5,4096,16777216,33554432,4,cycle,post,2315,33554432,1.00000000000000000,-0.000000000
4,5,4096,16777216,33554432,4,cycle,post,2316,33554432,1.00000000000000000,-0.000000000
4,5,4096,16777216,33554432,4,cycle,post,2317,33554432,1.00000000000000000,-0.000000000
4,5,4096,16777216,33554432,4,cycle,post,2318,33554432,1.00000000000000000,-0.000000000
4,5,4096,16777216,33554432,4,cycle,post,2319,33554432,1.00000000000000000,-0.000000000
4,5,4096,16777216,33554432,4,cycle,post,2320,33554432,1.00000000000000000,-0.000000000
4,5,4096,16777216,33554432,4,cycle,post,2321,33554432,1.00000000000000000,-0.000000000
4,5,4096,16777216,33554432,4,cycle,post,2322,33554432,1.00000000000000000,-0.000000000
4,5,4096,16777216,33554432,4,cycle,post,2323,33554432,1.00000000000000000,-0.000000000
4,5,4096,16777216,33554432,4,cycle,post,2324,33554432,1.00000000000000000,-0.000000000
4,5,4096,16777216,33554432,4,cycle,post,2325,33554432,1.00000000000000000,-0.000000000
4,5,4096,16777216,33554432,4,cycle,post,2326,33554432,1.00000000000000000,-0.000000000
4,5,4096,16777216,33554432,4,cycle,post,2327,33554432,1.00000000000000000,-0.000000000
4,5,4096,16777216,33554432,4,cycle,post,2328,33554432,1.00000000000000000,-0.000000000
4,5,4096,16777216,33554432,4,cycle,post,2329,33554432,1.00000000000000000,-0.000000000
4,5,4096,16777216,33554432,4,cycle,post,2330,33554432,1.00000000000000000,-0.000000000
4,5,4096,16777216,33554432,4,cycle,post,2331,33554432,1.00000000000000000,-0.000000000
4,5,4096,16777216,33554432,4,cycle,post,2332,33554432,1.00000000000000000,-0.000000000
4,5,4096,16777216,33554432,4,cycle,post,2333,33554432,1.00000000000000000,-0.000000000
4,5,4096,16777216,33554432,4,cycle,post,2334,33554432,1.00000000000000000,-0.000000000
4,5,4096,16777216,33554432,4,cycle,post,2335,33554432,1.00000000000000000,-0.000000000
4,5,4096,16777216,33554432,4,cycle,post,2336,33554432,1.00000000000000000,-0.000000000
4,5,4096,16777216,33554432,4,cycle,post,2337,33554432,1.00000000000000000,-0.000000000
4,5,4096,16777216,33554432,4,cycle,post,2338,33554432,1.00000000000000000,-0.000000000
4,5,4096,16777216,33554432,4,cycle,post,2339,33554432,1.00000000000000000,-0.000000000
4,5,4096,16777216,33554432,4,cycle,post,2340,33554432,1.00000000000000000,-0.000000000
4,5,4096,16777216,33554432,4,cycle,post,2341,33554432,1.00000000000000000,-0.000000000
4,5,4096,16777216,33554432,4,cycle,post,2342,33554432,1.00000000000000000,-0.000000000
4,5,4096,16777216,33554432,4,cycle,post,2343,33554432,1.00000000000000000,-0.000000000
4,5,4096,16777216,33554432,4,cycle,post,2344,33554432,1.00000000000000000,-0.000000000
4,5,4096,16777216,33554432,4,cycle,post,2345,33554432,1.00000000000000000,-0.000000000
4,5,4096,16777216,33554432,4,cycle,post,2346,33554432,1.00000000000000000,-0.000000000
4,5,4096,16777216,33554432,4,cycle,post,2347,33554432,1.00000000000000000,-0.000000000
4,5,4096,16777216,33554432,4,cycle,post,2348,33554432,1.00000000000000000,-0.000000000
4,5,4096,16777216,33554432,4,cycle,post,2349,33554432,1.00000000000000000,-0.000000000
4,5,4096,16777216,33554432,4,cycle,post,2350,33554432,1.00000000000000000,-0.000000000
4,5,4096,16777216,33554432,4,cycle,post,2351,33554432,1.00000000000000000,-0.000000000
4,5,4096,16777216,33554432,4,cycle,post,2352,33554432,1.00000000000000000,-0.000000000
4,5,4096,16777216,33554432,4,cycle,post,2353,33554432,1.00000000000000000,-0.000000000
4,5,4096,16777216,33554432,4,cycle,post,2354,33554432,1.00000000000000000,-0.000000000
4,5,4096,16777216,33554432,4,cycle,post,2355,33554432,1.00000000000000000,-0.000000000
4,5,4096,16777216,33554432,4,cycle,post,2356,33554432,1.00000000000000000,-0.000000000
4,5,4096,16777216,33554432,4,cycle,post,2357,33554432,1.00000000000000000,-0.000000000
4,5,4096,16777216,33554432,4,cycle,post,2358,33554432,1.00000000000000000,-0.000000000
4,5,4096,16777216,33554432,4,cycle,post,2359,33554432,1.00000000000000000,-0.000000000
4,5,4096,16777216,33554432,4,cycle,post,2360,33554432,1.00000000000000000,-0.000000000
4,5,4096,16777216,33554432,4,cycle,post,2361,33554432,1.00000000000000000,-0.000000000
4,5,4096,16777216,33554432,4,cycle,post,2362,33554432,1.00000000000000000,-0.000000000
4,5,4096,16777216,33554432,4,cycle,post,2363,33554432,1.00000000000000000,-0.000000000
4,5,4096,16777216,33554432,4,cycle,post,2364,33554432,1.00000000000000000,-0.000000000
4,5,4096,16777216,33554432,4,cycle,post,2365,33554432,1.00000000000000000,-0.000000000
4,5,4096,16777216,33554432,4,cycle,post,2366,33554432,1.00000000000000000,-0.000000000
4,5,4096,16777216,33554432,4,cycle,post,2367,33554432,1.00000000000000000,-0.000000000
4,5,4096,16777216,33554432,4,cycle,post,2368,33554432,1.00000000000000000,-0.000000000
4,5,4096,16777216,33554432,4,cycle,post,2369,33554432,1.00000000000000000,-0.000000000
4,5,4096,16777216,33554432,4,cycle,post,2370,33554432,1.00000000000000000,-0.000000000
4,5,4096,16777216,33554432,4,cycle,post,2371,33554432,1.00000000000000000,-0.000000000
4,5,4096,16777216,33554432,4,cycle,post,2372,33554432,1.00000000000000000,-0.000000000
4,5,4096,16777216,33554432,4,cycle,post,2373,33554432,1.00000000000000000,-0.000000000
4,5,4096,16777216,33554432,4,cycle,post,2374,33554432,1.00000000000000000,-0.000000000
4,5,4096,16777216,33554432,4,cycle,post,2375,33554432,1.00000000000000000,-0.000000000
4,5,4096,16777216,33554432,4,cycle,post,2376,33554432,1.00000000000000000,-0.000000000
4,5,4096,16777216,33554432,4,cycle,post,2377,33554432,1.00000000000000000,-0.000000000
4,5,4096,16777216,33554432,4,cycle,post,2378,33554432,1.00000000000000000,-0.000000000
4,5,4096,16777216,33554432,4,cycle,post,2379,33554432,1.00000000000000000,-0.000000000
4,5,4096,16777216,33554432,4,cycle,post,2380,33554432,1.00000000000000000,-0.000000000
4,5,4096,16777216,33554432,4,cycle,post,2381,33554432,1.00000000000000000,-0.000000000
4,5,4096,16777216,33554432,4,cycle,post,2382,33554432,1.00000000000000000,-0.000000000
4,5,4096,16777216,33554432,4,cycle,post,2383,33554432,1.00000000000000000,-0.000000000
4,5,4096,16777216,33554432,4,cycle,post,2384,33554432,1.00000000000000000,-0.000000000
4,5,4096,16777216,33554432,4,cycle,post,2385,33554432,1.00000000000000000,-0.000000000
4,5,4096,16777216,33554432,4,cycle,post,2386,33554432,1.00000000000000000,-0.000000000
4,5,4096,16777216,33554432,4,cycle,post,2387,33554432,1.00000000000000000,-0.000000000
4,5,4096,16777216,33554432,4,cycle,post,2388,33554432,1.00000000000000000,-0.000000000
4,5,4096,16777216,33554432,4,cycle,post,2389,33554432,1.00000000000000000,-0.000000000
4,5,4096,16777216,33554432,4,cycle,post,2390,33554432,1.00000000000000000,-0.000000000
4,5,4096,16777216,33554432,4,cycle,post,2391,33554432,1.00000000000000000,-0.000000000
4,5,4096,16777216,33554432,4,cycle,post,2392,33554432,1.00000000000000000,-0.000000000
4,5,4096,16777216,33554432,4,cycle,post,2393,33554432,1.00000000000000000,-0.000000000
4,5,4096,16777216,33554432,4,cycle,post,2394,33554432,1.00000000000000000,-0.000000000
4,5,4096,16777216,33554432,4,cycle,post,2395,33554432,1.00000000000000000,-0.000000000
4,5,4096,16777216,33554432,4,cycle,post,2396,33554432,1.00000000000000000,-0.000000000
4,5,4096,16777216,33554432,4,cycle,post,2397,33554432,1.00000000000000000,-0.000000000
4,5,4096,16777216,33554432,4,cycle,post,2398,33554432,1.00000000000000000,-0.000000000
4,5,4096,16777216,33554432,4,cycle,post,2399,33554432,1.00000000000000000,-0.000000000
4,5,4096,16777216,33554432,4,cycle,post,2400,33554432,1.00000000000000000,-0.000000000
4,5,4096,16777216,33554432,4,cycle,post,2401,33554432,1.00000000000000000,-0.000000000
4,5,4096,16777216,33554432,4,cycle,post,2402,33554432,1.00000000000000000,-0.000000000
4,5,4096,16777216,33554432,4,cycle,post,2403,33554432,1.00000000000000000,-0.000000000
4,5,4096,16777216,33554432,4,cycle,post,2404,33554432,1.00000000000000000,-0.000000000
4,5,4096,16777216,33554432,4,cycle,post,2405,33554432,1.00000000000000000,-0.000000000
4,5,4096,16777216,33554432,4,cycle,post,2406,33554432,1.00000000000000000,-0.000000000
4,5,4096,16777216,33554432,4,cycle,post,2407,33554432,1.00000000000000000,-0.000000000
4,5,4096,16777216,33554432,4,cycle,post,2408,33554432,1.00000000000000000,-0.000000000
4,5,4096,16777216,33554432,4,cycle,post,2409,33554432,1.00000000000000000,-0.000000000
4,5,4096,16777216,33554432,4,cycle,post,2410,33554432,1.00000000000000000,-0.000000000
4,5,4096,16777216,33554432,4,cycle,post,2411,33554432,1.00000000000000000,-0.000000000
4,5,4096,16777216,33554432,4,cycle,post,2412,33554432,1.00000000000000000,-0.000000000
4,5,4096,16777216,33554432,4,cycle,post,2413,33554432,1.00000000000000000,-0.000000000
4,5,4096,16777216,33554432,4,cycle,post,2414,33554432,1.00000000000000000,-0.000000000
4,5,4096,16777216,33554432,4,cycle,post,2415,33554432,1.00000000000000000,-0.000000000
4,5,4096,16777216,33554432,4,cycle,post,2416,33554432,1.00000000000000000,-0.000000000
4,5,4096,16777216,33554432,4,cycle,post,2417,33554432,1.00000000000000000,-0.000000000
4,5,4096,16777216,33554432,4,cycle,post,2418,33554432,1.00000000000000000,-0.000000000
4,5,4096,16777216,33554432,4,cycle,post,2419,33554432,1.00000000000000000,-0.000000000
4,5,4096,16777216,33554432,4,cycle,post,2420,33554432,1.00000000000000000,-0.000000000
4,5,4096,16777216,33554432,4,cycle,post,2421,33554432,1.00000000000000000,-0.000000000
4,5,4096,16777216,33554432,4,cycle,post,2422,33554432,1.00000000000000000,-0.000000000
4,5,4096,16777216,33554432,4,cycle,post,2423,33554432,1.00000000000000000,-0.000000000
4,5,4096,16777216,33554432,4,cycle,post,2424,33554432,1.00000000000000000,-0.000000000
4,5,4096,16777216,33554432,4,cycle,post,2425,33554432,1.00000000000000000,-0.000000000
4,5,4096,16777216,33554432,4,cycle,post,2426,33554432,1.00000000000000000,-0.000000000
4,5,4096,16777216,33554432,4,cycle,post,2427,33554432,1.00000000000000000,-0.000000000
4,5,4096,16777216,33554432,4,cycle,post,2428,33554432,1.00000000000000000,-0.000000000
4,5,4096,16777216,33554432,4,cycle,post,2429,33554432,1.00000000000000000,-0.000000000
4,5,4096,16777216,33554432,4,cycle,post,2430,33554432,1.00000000000000000,-0.000000000
4,5,4096,16777216,33554432,4,cycle,post,2431,33554432,1.00000000000000000,-0.000000000
4,5,4096,16777216,33554432,4,cycle,post,2432,33554432,1.00000000000000000,-0.000000000
4,5,4096,16777216,33554432,4,cycle,post,2433,33554432,1.00000000000000000,-0.000000000
4,5,4096,16777216,33554432,4,cycle,post,2434,33554432,1.00000000000000000,-0.000000000
4,5,4096,16777216,33554432,4,cycle,post,2435,33554432,1.00000000000000000,-0.000000000
4,5,4096,16777216,33554432,4,cycle,post,2436,33554432,1.00000000000000000,-0.000000000
4,5,4096,16777216,33554432,4,cycle,post,2437,33554432,1.00000000000000000,-0.000000000
4,5,4096,16777216,33554432,4,cycle,post,2438,33554432,1.00000000000000000,-0.000000000
4,5,4096,16777216,33554432,4,cycle,post,2439,33554432,1.00000000000000000,-0.000000000
4,5,4096,16777216,33554432,4,cycle,post,2440,33554432,1.00000000000000000,-0.000000000
4,5,4096,16777216,33554432,4,cycle,post,2441,33554432,1.00000000000000000,-0.000000000
4,5,4096,16777216,33554432,4,cycle,post,2442,33554432,1.00000000000000000,-0.000000000
4,5,4096,16777216,33554432,4,cycle,post,2443,33554432,1.00000000000000000,-0.000000000
4,5,4096,16777216,33554432,4,cycle,post,2444,33554432,1.00000000000000000,-0.000000000
4,5,4096,16777216,33554432,4,cycle,post,2445,33554432,1.00000000000000000,-0.000000000
4,5,4096,16777216,33554432,4,cycle,post,2446,33554432,1.00000000000000000,-0.000000000
4,5,4096,16777216,33554432,4,cycle,post,2447,33554432,1.00000000000000000,-0.000000000
4,5,4096,16777216,33554432,4,cycle,post,2448,33554432,1.00000000000000000,-0.000000000
4,5,4096,16777216,33554432,4,cycle,post,2449,33554432,1.00000000000000000,-0.000000000
4,5,4096,16777216,33554432,4,cycle,post,2450,33554432,1.00000000000000000,-0.000000000
4,5,4096,16777216,33554432,4,cycle,post,2451,33554432,1.00000000000000000,-0.000000000
4,5,4096,16777216,33554432,4,cycle,post,2452,33554432,1.00000000000000000,-0.000000000
4,5,4096,16777216,33554432,4,cycle,post,2453,33554432,1.00000000000000000,-0.000000000
4,5,4096,16777216,33554432,4,cycle,post,2454,33554432,1.00000000000000000,-0.000000000
4,5,4096,16777216,33554432,4,cycle,post,2455,33554432,1.00000000000000000,-0.000000000
4,5,4096,16777216,33554432,4,cycle,post,2456,33554432,1.00000000000000000,-0.000000000
4,5,4096,16777216,33554432,4,cycle,post,2457,33554432,1.00000000000000000,-0.000000000
4,5,4096,16777216,33554432,4,cycle,post,2458,33554432,1.00000000000000000,-0.000000000
4,5,4096,16777216,33554432,4,cycle,post,2459,33554432,1.00000000000000000,-0.000000000
4,5,4096,16777216,33554432,4,cycle,post,2460,33554432,1.00000000000000000,-0.000000000
4,5,4096,16777216,33554432,4,cycle,post,2461,33554432,1.00000000000000000,-0.000000000
4,5,4096,16777216,33554432,4,cycle,post,2462,33554432,1.00000000000000000,-0.000000000
4,5,4096,16777216,33554432,4,cycle,post,2463,33554432,1.00000000000000000,-0.000000000
4,5,4096,16777216,33554432,4,cycle,post,2464,33554432,1.00000000000000000,-0.000000000
4,5,4096,16777216,33554432,4,cycle,post,2465,33554432,1.00000000000000000,-0.000000000
4,5,4096,16777216,33554432,4,cycle,post,2466,33554432,1.00000000000000000,-0.000000000
4,5,4096,16777216,33554432,4,cycle,post,2467,33554432,1.00000000000000000,-0.000000000
4,5,4096,16777216,33554432,4,cycle,post,2468,33554432,1.00000000000000000,-0.000000000
4,5,4096,16777216,33554432,4,cycle,post,2469,33554432,1.00000000000000000,-0.000000000
4,5,4096,16777216,33554432,4,cycle,post,2470,33554432,1.00000000000000000,-0.000000000
4,5,4096,16777216,33554432,4,cycle,post,2471,33554432,1.00000000000000000,-0.000000000
4,5,4096,16777216,33554432,4,cycle,post,2472,33554432,1.00000000000000000,-0.000000000
4,5,4096,16777216,33554432,4,cycle,post,2473,33554432,1.00000000000000000,-0.000000000
4,5,4096,16777216,33554432,4,cycle,post,2474,33554432,1.00000000000000000,-0.000000000
4,5,4096,16777216,33554432,4,cycle,post,2475,33554432,1.00000000000000000,-0.000000000
4,5,4096,16777216,33554432,4,cycle,post,2476,33554432,1.00000000000000000,-0.000000000
4,5,4096,16777216,33554432,4,cycle,post,2477,33554432,1.00000000000000000,-0.000000000
4,5,4096,16777216,33554432,4,cycle,post,2478,33554432,1.00000000000000000,-0.000000000
4,5,4096,16777216,33554432,4,cycle,post,2479,33554432,1.00000000000000000,-0.000000000
4,5,4096,16777216,33554432,4,cycle,post,2480,33554432,1.00000000000000000,-0.000000000
4,5,4096,16777216,33554432,4,cycle,post,2481,33554432,1.00000000000000000,-0.000000000
4,5,4096,16777216,33554432,4,cycle,post,2482,33554432,1.00000000000000000,-0.000000000
4,5,4096,16777216,33554432,4,cycle,post,2483,33554432,1.00000000000000000,-0.000000000
4,5,4096,16777216,33554432,4,cycle,post,2484,33554432,1.00000000000000000,-0.000000000
4,5,4096,16777216,33554432,4,cycle,post,2485,33554432,1.00000000000000000,-0.000000000
4,5,4096,16777216,33554432,4,cycle,post,2486,33554432,1.00000000000000000,-0.000000000
4,5,4096,16777216,33554432,4,cycle,post,2487,33554432,1.00000000000000000,-0.000000000
4,5,4096,16777216,33554432,4,cycle,post,2488,33554432,1.00000000000000000,-0.000000000
4,5,4096,16777216,33554432,4,cycle,post,2489,33554432,1.00000000000000000,-0.000000000
4,5,4096,16777216,33554432,4,cycle,post,2490,33554432,1.00000000000000000,-0.000000000
4,5,4096,16777216,33554432,4,cycle,post,2491,33554432,1.00000000000000000,-0.000000000
4,5,4096,16777216,33554432,4,cycle,post,2492,33554432,1.00000000000000000,-0.000000000
4,5,4096,16777216,33554432,4,cycle,post,2493,33554432,1.00000000000000000,-0.000000000
4,5,4096,16777216,33554432,4,cycle,post,2494,33554432,1.00000000000000000,-0.000000000
4,5,4096,16777216,33554432,4,cycle,post,2495,33554432,1.00000000000000000,-0.000000000
4,5,4096,16777216,33554432,4,cycle,post,2496,33554432,1.00000000000000000,-0.000000000
4,5,4096,16777216,33554432,4,cycle,post,2497,33554432,1.00000000000000000,-0.000000000
4,5,4096,16777216,33554432,4,cycle,post,2498,33554432,1.00000000000000000,-0.000000000
4,5,4096,16777216,33554432,4,cycle,post,2499,33554432,1.00000000000000000,-0.000000000
4,5,4096,16777216,33554432,4,cycle,post,2500,33554432,1.00000000000000000,-0.000000000
4,5,4096,16777216,33554432,4,cycle,post,2501,33554432,1.00000000000000000,-0.000000000
4,5,4096,16777216,33554432,4,cycle,post,2502,33554432,1.00000000000000000,-0.000000000
4,5,4096,16777216,33554432,4,cycle,post,2503,33554432,1.00000000000000000,-0.000000000
4,5,4096,16777216,33554432,4,cycle,post,2504,33554432,1.00000000000000000,-0.000000000
4,5,4096,16777216,33554432,4,cycle,post,2505,33554432,1.00000000000000000,-0.000000000
4,5,4096,16777216,33554432,4,cycle,post,2506,33554432,1.00000000000000000,-0.000000000
4,5,4096,16777216,33554432,4,cycle,post,2507,33554432,1.00000000000000000,-0.000000000
4,5,4096,16777216,33554432,4,cycle,post,2508,33554432,1.00000000000000000,-0.000000000
4,5,4096,16777216,33554432,4,cycle,post,2509,33554432,1.00000000000000000,-0.000000000
4,5,4096,16777216,33554432,4,cycle,post,2510,33554432,1.00000000000000000,-0.000000000
4,5,4096,16777216,33554432,4,cycle,post,2511,33554432,1.00000000000000000,-0.000000000
4,5,4096,16777216,33554432,4,cycle,post,2512,33554432,1.00000000000000000,-0.000000000
4,5,4096,16777216,33554432,4,cycle,post,2513,33554432,1.00000000000000000,-0.000000000
4,5,4096,16777216,33554432,4,cycle,post,2514,33554432,1.00000000000000000,-0.000000000
4,5,4096,16777216,33554432,4,cycle,post,2515,33554432,1.00000000000000000,-0.000000000
4,5,4096,16777216,33554432,4,cycle,post,2516,33554432,1.00000000000000000,-0.000000000
4,5,4096,16777216,33554432,4,cycle,post,2517,33554432,1.00000000000000000,-0.000000000
4,5,4096,16777216,33554432,4,cycle,post,2518,33554432,1.00000000000000000,-0.000000000
4,5,4096,16777216,33554432,4,cycle,post,2519,33554432,1.00000000000000000,-0.000000000
4,5,4096,16777216,33554432,4,cycle,post,2520,33554432,1.00000000000000000,-0.000000000
4,5,4096,16777216,33554432,4,cycle,post,2521,33554432,1.00000000000000000,-0.000000000
4,5,4096,16777216,33554432,4,cycle,post,2522,33554432,1.00000000000000000,-0.000000000
4,5,4096,16777216,33554432,4,cycle,post,2523,33554432,1.00000000000000000,-0.000000000
4,5,4096,16777216,33554432,4,cycle,post,2524,33554432,1.00000000000000000,-0.000000000
4,5,4096,16777216,33554432,4,cycle,post,2525,33554432,1.00000000000000000,-0.000000000
4,5,4096,16777216,33554432,4,cycle,post,2526,33554432,1.00000000000000000,-0.000000000
4,5,4096,16777216,33554432,4,cycle,post,2527,33554432,1.00000000000000000,-0.000000000
4,5,4096,16777216,33554432,4,cycle,post,2528,33554432,1.00000000000000000,-0.000000000
4,5,4096,16777216,33554432,4,cycle,post,2529,33554432,1.00000000000000000,-0.000000000
4,5,4096,16777216,33554432,4,cycle,post,2530,33554432,1.00000000000000000,-0.000000000
4,5,4096,16777216,33554432,4,cycle,post,2531,33554432,1.00000000000000000,-0.000000000
4,5,4096,16777216,33554432,4,cycle,post,2532,33554432,1.00000000000000000,-0.000000000
4,5,4096,16777216,33554432,4,cycle,post,2533,33554432,1.00000000000000000,-0.000000000
4,5,4096,16777216,33554432,4,cycle,post,2534,33554432,1.00000000000000000,-0.000000000
4,5,4096,16777216,33554432,4,cycle,post,2535,33554432,1.00000000000000000,-0.000000000
4,5,4096,16777216,33554432,4,cycle,post,2536,33554432,1.00000000000000000,-0.000000000
4,5,4096,16777216,33554432,4,cycle,post,2537,33554432,1.00000000000000000,-0.000000000
4,5,4096,16777216,33554432,4,cycle,post,2538,33554432,1.00000000000000000,-0.000000000
4,5,4096,16777216,33554432,4,cycle,post,2539,33554432,1.00000000000000000,-0.000000000
4,5,4096,16777216,33554432,4,cycle,post,2540,33554432,1.00000000000000000,-0.000000000
4,5,4096,16777216,33554432,4,cycle,post,2541,33554432,1.00000000000000000,-0.000000000
4,5,4096,16777216,33554432,4,cycle,post,2542,33554432,1.00000000000000000,-0.000000000
4,5,4096,16777216,33554432,4,cycle,post,2543,33554432,1.00000000000000000,-0.000000000
4,5,4096,16777216,33554432,4,cycle,post,2544,33554432,1.00000000000000000,-0.000000000
4,5,4096,16777216,33554432,4,cycle,post,2545,33554432,1.00000000000000000,-0.000000000
4,5,4096,16777216,33554432,4,cycle,post,2546,33554432,1.00000000000000000,-0.000000000
4,5,4096,16777216,33554432,4,cycle,post,2547,33554432,1.00000000000000000,-0.000000000
4,5,4096,16777216,33554432,4,cycle,post,2548,33554432,1.00000000000000000,-0.000000000
4,5,4096,16777216,33554432,4,cycle,post,2549,33554432,1.00000000000000000,-0.000000000
4,5,4096,16777216,33554432,4,cycle,post,2550,33554432,1.00000000000000000,-0.000000000
4,5,4096,16777216,33554432,4,cycle,post,2551,33554432,1.00000000000000000,-0.000000000
4,5,4096,16777216,33554432,4,cycle,post,2552,33554432,1.00000000000000000,-0.000000000
4,5,4096,16777216,33554432,4,cycle,post,2553,33554432,1.00000000000000000,-0.000000000
4,5,4096,16777216,33554432,4,cycle,post,2554,33554432,1.00000000000000000,-0.000000000
4,5,4096,16777216,33554432,4,cycle,post,2555,33554432,1.00000000000000000,-0.000000000
4,5,4096,16777216,33554432,4,cycle,post,2556,33554432,1.00000000000000000,-0.000000000
4,5,4096,16777216,33554432,4,cycle,post,2557,33554432,1.00000000000000000,-0.000000000
4,5,4096,16777216,33554432,4,cycle,post,2558,33554432,1.00000000000000000,-0.000000000
4,5,4096,16777216,33554432,4,cycle,post,2559,33554432,1.00000000000000000,-0.000000000
4,5,4096,16777216,33554432,4,cycle,post,2560,33554432,1.00000000000000000,-0.000000000
4,5,4096,16777216,33554432,4,cycle,post,2561,33554432,1.00000000000000000,-0.000000000
4,5,4096,16777216,33554432,4,cycle,post,2562,33554432,1.00000000000000000,-0.000000000
4,5,4096,16777216,33554432,4,cycle,post,2563,33554432,1.00000000000000000,-0.000000000
4,5,4096,16777216,33554432,4,cycle,post,2564,33554432,1.00000000000000000,-0.000000000
4,5,4096,16777216,33554432,4,cycle,post,2565,33554432,1.00000000000000000,-0.000000000
4,5,4096,16777216,33554432,4,cycle,post,2566,33554432,1.00000000000000000,-0.000000000
4,5,4096,16777216,33554432,4,cycle,post,2567,33554432,1.00000000000000000,-0.000000000
4,5,4096,16777216,33554432,4,cycle,post,2568,33554432,1.00000000000000000,-0.000000000
4,5,4096,16777216,33554432,4,cycle,post,2569,33554432,1.00000000000000000,-0.000000000
4,5,4096,16777216,33554432,4,cycle,post,2570,33554432,1.00000000000000000,-0.000000000
4,5,4096,16777216,33554432,4,cycle,post,2571,33554432,1.00000000000000000,-0.000000000
4,5,4096,16777216,33554432,4,cycle,post,2572,33554432,1.00000000000000000,-0.000000000
4,5,4096,16777216,33554432,4,cycle,post,2573,33554432,1.00000000000000000,-0.000000000
4,5,4096,16777216,33554432,4,cycle,post,2574,33554432,1.00000000000000000,-0.000000000
4,5,4096,16777216,33554432,4,cycle,post,2575,33554432,1.00000000000000000,-0.000000000
4,5,4096,16777216,33554432,4,cycle,post,2576,33554432,1.00000000000000000,-0.000000000
4,5,4096,16777216,33554432,4,cycle,post,2577,33554432,1.00000000000000000,-0.000000000
4,5,4096,16777216,33554432,4,cycle,post,2578,33554432,1.00000000000000000,-0.000000000
4,5,4096,16777216,33554432,4,cycle,post,2579,33554432,1.00000000000000000,-0.000000000
4,5,4096,16777216,33554432,4,cycle,post,2580,33554432,1.00000000000000000,-0.000000000
4,5,4096,16777216,33554432,4,cycle,post,2581,33554432,1.00000000000000000,-0.000000000
4,5,4096,16777216,33554432,4,cycle,post,2582,33554432,1.00000000000000000,-0.000000000
4,5,4096,16777216,33554432,4,cycle,post,2583,33554432,1.00000000000000000,-0.000000000
4,5,4096,16777216,33554432,4,cycle,post,2584,33554432,1.00000000000000000,-0.000000000
4,5,4096,16777216,33554432,4,cycle,post,2585,33554432,1.00000000000000000,-0.000000000
4,5,4096,16777216,33554432,4,cycle,post,2586,33554432,1.00000000000000000,-0.000000000
4,5,4096,16777216,33554432,4,cycle,post,2587,33554432,1.00000000000000000,-0.000000000
4,5,4096,16777216,33554432,4,cycle,post,2588,33554432,1.00000000000000000,-0.000000000
4,5,4096,16777216,33554432,4,cycle,post,2589,33554432,1.00000000000000000,-0.000000000
4,5,4096,16777216,33554432,4,cycle,post,2590,33554432,1.00000000000000000,-0.000000000
4,5,4096,16777216,33554432,4,cycle,post,2591,33554432,1.00000000000000000,-0.000000000
4,5,4096,16777216,33554432,4,cycle,post,2592,33554432,1.00000000000000000,-0.000000000
4,5,4096,16777216,33554432,4,cycle,post,2593,33554432,1.00000000000000000,-0.000000000
4,5,4096,16777216,33554432,4,cycle,post,2594,33554432,1.00000000000000000,-0.000000000
4,5,4096,16777216,33554432,4,cycle,post,2595,33554432,1.00000000000000000,-0.000000000
4,5,4096,16777216,33554432,4,cycle,post,2596,33554432,1.00000000000000000,-0.000000000
4,5,4096,16777216,33554432,4,cycle,post,2597,33554432,1.00000000000000000,-0.000000000
4,5,4096,16777216,33554432,4,cycle,post,2598,33554428,0.99999988079071045,0.000000172
4,5,4096,16777216,33554432,4,cycle,post,2599,33554417,0.99999955296516418,0.000000645
4,5,4096,16777216,33554432,4,cycle,post,2600,33554400,0.99999904632568359,0.000001376
4,5,4096,16777216,33554432,4,cycle,post,2601,33554380,0.99999845027923584,0.000002236
4,5,4096,16777216,33554432,4,cycle,post,2602,33554358,0.99999779462814331,0.000003182
4,5,4096,16777216,33554432,4,cycle,post,2603,33554347,0.99999746680259705,0.000003655
4,5,4096,16777216,33554432,4,cycle,post,2604,33554325,0.99999681115150452,0.000004601
4,5,4096,16777216,33554432,4,cycle,post,2605,33554297,0.99999597668647766,0.000005804
4,5,4096,16777216,33554432,4,cycle,post,2606,33554265,0.99999502301216125,0.000007180
4,5,4096,16777216,33554432,4,cycle,post,2607,33554234,0.99999409914016724,0.000008513
4,5,4096,16777216,33554432,4,cycle,post,2608,33554185,0.99999263882637024,0.000010620
4,5,4096,16777216,33554432,4,cycle,post,2609,33554160,0.99999189376831055,0.000011695
4,5,4096,16777216,33554432,4,cycle,post,2610,33554134,0.99999111890792847,0.000012813
4,5,4096,16777216,33554432,4,cycle,post,2611,33554088,0.99998974800109863,0.000014791
4,5,4096,16777216,33554432,4,cycle,post,2612,33554057,0.99998882412910461,0.000016123
4,5,4096,16777216,33554432,4,cycle,post,2613,33554006,0.99998730421066284,0.000018316
4,5,4096,16777216,33554432,4,cycle,post,2614,33553990,0.99998682737350464,0.000019004
4,5,4096,16777216,33554432,4,cycle,post,2615,33553968,0.99998617172241211,0.000019950
4,5,4096,16777216,33554432,4,cycle,post,2616,33553947,0.99998554587364197,0.000020853
4,5,4096,16777216,33554432,4,cycle,post,2617,33553931,0.99998506903648376,0.000021541
4,5,4096,16777216,33554432,4,cycle,post,2618,33553908,0.99998438358306885,0.000022530
4,5,4096,16777216,33554432,4,cycle,post,2619,33553877,0.99998345971107483,0.000023863
4,5,4096,16777216,33554432,4,cycle,post,2620,33553819,0.99998173117637634,0.000026357
4,5,4096,16777216,33554432,4,cycle,post,2621,33553773,0.99998036026954651,0.000028334
4,5,4096,16777216,33554432,4,cycle,post,2622,33553724,0.99997889995574951,0.000030441
4,5,4096,16777216,33554432,4,cycle,post,2623,33553665,0.99997714161872864,0.000032978
4,5,4096,16777216,33554432,4,cycle,post,2624,33553630,0.99997609853744507,0.000034483
4,5,4096,16777216,33554432,4,cycle,post,2625,33553577,0.99997451901435852,0.000036762
4,5,4096,16777216,33554432,4,cycle,post,2626,33553490,0.99997192621231079,0.000040502
4,5,4096,16777216,33554432,4,cycle,post,2627,33553367,0.99996826052665710,0.000045791
4,5,4096,16777216,33554432,4,cycle,post,2628,33553219,0.99996384978294373,0.000052155
4,5,4096,16777216,33554432,4,cycle,post,2629,33553069,0.99995937943458557,0.000058604
4,5,4096,16777216,33554432,4,cycle,post,2630,33552912,0.99995470046997070,0.000065355
4,5,4096,16777216,33554432,4,cycle,post,2631,33552744,0.99994969367980957,0.000072579
4,5,4096,16777216,33554432,4,cycle,post,2632,33552535,0.99994346499443054,0.000081565
4,5,4096,16777216,33554432,4,cycle,post,2633,33552329,0.99993732571601868,0.000090423
4,5,4096,16777216,33554432,4,cycle,post,2634,33552060,0.99992930889129639,0.000101989
4,5,4096,16777216,33554432,4,cycle,post,2635,33551780,0.99992096424102783,0.000114029
4,5,4096,16777216,33554432,4,cycle,post,2636,33551487,0.99991223216056824,0.000126628
4,5,4096,16777216,33554432,4,cycle,post,2637,33551179,0.99990305304527283,0.000139872
4,5,4096,16777216,33554432,4,cycle,post,2638,33550809,0.99989202618598938,0.000155782
4,5,4096,16777216,33554432,4,cycle,post,2639,33550425,0.99988058209419250,0.000172294
4,5,4096,16777216,33554432,4,cycle,post,2640,33550081,0.99987033009529114,0.000187086
4,5,4096,16777216,33554432,4,cycle,post,2641,33549770,0.99986106157302856,0.000200460
4,5,4096,16777216,33554432,4,cycle,post,2642,33549413,0.99985042214393616,0.000215811
4,5,4096,16777216,33554432,4,cycle,post,2643,33549037,0.99983921647071838,0.000231980
4,5,4096,16777216,33554432,4,cycle,post,2644,33548608,0.99982643127441406,0.000250428
4,5,4096,16777216,33554432,4,cycle,post,2645,33548145,0.99981263279914856,0.000270339
4,5,4096,16777216,33554432,4,cycle,post,2646,33547687,0.99979898333549500,0.000290035
4,5,4096,16777216,33554432,4,cycle,post,2647,33547235,0.99978551268577576,0.000309473
4,5,4096,16777216,33554432,4,cycle,post,2648,33546863,0.99977442622184753,0.000325471
4,5,4096,16777216,33554432,4,cycle,post,2649,33546515,0.99976405501365662,0.000340437
4,5,4096,16777216,33554432,4,cycle,post,2650,33546110,0.99975198507308960,0.000357854
4,5,4096,16777216,33554432,4,cycle,post,2651,33545721,0.99974039196968079,0.000374584
4,5,4096,16777216,33554432,4,cycle,post,2652,33545289,0.99972751736640930,0.000393163
4,5,4096,16777216,33554432,4,cycle,post,2653,33544829,0.99971380829811096,0.000412946
4,5,4096,16777216,33554432,4,cycle,post,2654,33544285,0.99969759583473206,0.000436343
4,5,4096,16777216,33554432,4,cycle,post,2655,33543709,0.99968042969703674,0.000461116
4,5,4096,16777216,33554432,4,cycle,post,2656,33543031,0.99966022372245789,0.000490277
4,5,4096,16777216,33554432,4,cycle,post,2657,33542383,0.99964091181755066,0.000518148
4,5,4096,16777216,33554432,4,cycle,post,2658,33541699,0.99962052702903748,0.000547568
4,5,4096,16777216,33554432,4,cycle,post,2659,33540957,0.99959841370582581,0.000579483
4,5,4096,16777216,33554432,4,cycle,post,2660,33540218,0.99957638978958130,0.000611270
4,5,4096,16777216,33554432,4,cycle,post,2661,33539491,0.99955472350120544,0.000642541
4,5,4096,16777216,33554432,4,cycle,post,2662,33538710,0.99953144788742065,0.000676136
4,5,4096,16777216,33554432,4,cycle,post,2663,33537955,0.99950894713401794,0.000708614
4,5,4096,16777216,33554432,4,cycle,post,2664,33537122,0.99948412179946899,0.000744447
4,5,4096,16777216,33554432,4,cycle,post,2665,33536168,0.99945569038391113,0.000785487
4,5,4096,16777216,33554432,4,cycle,post,2666,33535180,0.99942624568939209,0.000827990
4,5,4096,16777216,33554432,4,cycle,post,2667,33534130,0.99939495325088501,0.000873162
4,5,4096,16777216,33554432,4,cycle,post,2668,33532884,0.99935781955718994,0.000926768
4,5,4096,16777216,33554432,4,cycle,post,2669,33531707,0.99932274222373962,0.000977407
4,5,4096,16777216,33554432,4,cycle,post,2670,33530448,0.99928522109985352,0.001031577
4,5,4096,16777216,33554432,4,cycle,post,2671,33529221,0.99924865365028381,0.001084371
4,5,4096,16777216,33554432,4,cycle,post,2672,33527976,0.99921154975891113,0.001137942
4,5,4096,16777216,33554432,4,cycle,post,2673,33526620,0.99917113780975342,0.001196291
4,5,4096,16777216,33554432,4,cycle,post,2674,33525277,0.99913111329078674,0.001254083
4,5,4096,16777216,33554432,4,cycle,post,2675,33523842,0.99908834695816040,0.001315837
4,5,4096,16777216,33554432,4,cycle,post,2676,33522212,0.99903976917266846,0.001385986
4,5,4096,16777216,33554432,4,cycle,post,2677,33520493,0.99898853898048401,0.001459968
4,5,4096,16777216,33554432,4,cycle,post,2678,33518803,0.99893817305564880,0.001532706
4,5,4096,16777216,33554432,4,cycle,post,2679,33516928,0.99888229370117188,0.001613411
4,5,4096,16777216,33554432,4,cycle,post,2680,33514973,0.99882403016090393,0.001697564
4,5,4096,16777216,33554432,4,cycle,post,2681,33512864,0.99876117706298828,0.001788352
4,5,4096,16777216,33554432,4,cycle,post,2682,33510736,0.99869775772094727,0.001879963
4,5,4096,16777216,33554432,4,cycle,post,2683,33508397,0.99862805008888245,0.001980664
4,5,4096,16777216,33554432,4,cycle,post,2684,33506063,0.99855849146842957,0.002081158
4,5,4096,16777216,33554432,4,cycle,post,2685,33503559,0.99848386645317078,0.002188978
4,5,4096,16777216,33554432,4,cycle,post,2686,33500887,0.99840423464775085,0.002304042
4,5,4096,16777216,33554432,4,cycle,post,2687,33498124,0.99832189083099365,0.002423033
4,5,4096,16777216,33554432,4,cycle,post,2688,33495080,0.99823117256164551,0.002554138
4,5,4096,16777216,33554432,4,cycle,post,2689,33491893,0.99813619256019592,0.002691415
4,5,4096,16777216,33554432,4,cycle,post,2690,33488692,0.99804079532623291,0.002829307
4,5,4096,16777216,33554432,4,cycle,post,2691,33485274,0.99793893098831177,0.002976563
4,5,4096,16777216,33554432,4,cycle,post,2692,33481667,0.99783143401145935,0.003131977
4,5,4096,16777216,33554432,4,cycle,post,2693,33477972,0.99772131443023682,0.003291200
4,5,4096,16777216,33554432,4,cycle,post,2694,33473972,0.99760210514068604,0.003463585
4,5,4096,16777216,33554432,4,cycle,post,2695,33469752,0.99747633934020996,0.003645475
4,5,4096,16777216,33554432,4,cycle,post,2696,33465453,0.99734821915626526,0.003830793
4,5,4096,16777216,33554432,4,cycle,post,2697,33460806,0.99720972776412964,0.004031139
4,5,4096,16777216,33554432,4,cycle,post,2698,33455740,0.99705874919891357,0.004249581
4,5,4096,16777216,33554432,4,cycle,post,2699,33450652,0.99690711498260498,0.004469005
4,5,4096,16777216,33554432,4,cycle,post,2700,33445096,0.99674153327941895,0.004708649
4,5,4096,16777216,33554432,4,cycle,post,2701,33438953,0.99655845761299133,0.004973660
4,5,4096,16777216,33554432,4,cycle,post,2702,33432484,0.99636566638946533,0.005252786
4,5,4096,16777216,33554432,4,cycle,post,2703,33426184,0.99617791175842285,0.005524672
4,5,4096,16777216,33554432,4,cycle,post,2704,33419385,0.99597528576850891,0.005818151
4,5,4096,16777216,33554432,4,cycle,post,2705,33411362,0.99573618173599243,0.006164541
4,5,4096,16777216,33554432,4,cycle,post,2706,33403426,0.99549967050552368,0.006507256
4,5,4096,16777216,33554432,4,cycle,post,2707,33395221,0.99525514245033264,0.006861674
4,5,4096,16777216,33554432,4,cycle,post,2708,33387008,0.99501037597656250,0.007216525
4,5,4096,16777216,33554432,4,cycle,post,2709,33378416,0.99475431442260742,0.007587844
4,5,4096,16777216,33554432,4,cycle,post,2710,33369157,0.99447837471961975,0.007988095
4,5,4096,16777216,33554432,4,cycle,post,2711,33359238,0.99418276548385620,0.008417001
4,5,4096,16777216,33554432,4,cycle,post,2712,33349206,0.99388378858566284,0.008850923
4,5,4096,16777216,33554432,4,cycle,post,2713,33338643,0.99356898665428162,0.009307953
4,5,4096,16777216,33554432,4,cycle,post,2714,33327668,0.99324190616607666,0.009782963
4,5,4096,16777216,33554432,4,cycle,post,2715,33316111,0.99289748072624207,0.010283331
4,5,4096,16777216,33554432,4,cycle,post,2716,33304126,0.99254029989242554,0.010802414
4,5,4096,16777216,33554432,4,cycle,post,2717,33291528,0.99216485023498535,0.011348248
4,5,4096,16777216,33554432,4,cycle,post,2718,33278377,0.99177291989326477,0.011918261
4,5,4096,16777216,33554432,4,cycle,post,2719,33265346,0.99138456583023071,0.012483296
4,5,4096,16777216,33554432,4,cycle,post,2720,33251056,0.99095869064331055,0.013103177
4,5,4096,16777216,33554432,4,cycle,post,2721,33236638,0.99052900075912476,0.013728880
4,5,4096,16777216,33554432,4,cycle,post,2722,33222045,0.99009409546852112,0.014362454
4,5,4096,16777216,33554432,4,cycle,post,2723,33206876,0.98964202404022217,0.015021331
4,5,4096,16777216,33554432,4,cycle,post,2724,33191044,0.98917019367218018,0.015709327
4,5,4096,16777216,33554432,4,cycle,post,2725,33174508,0.98867738246917725,0.016428266
4,5,4096,16777216,33554432,4,cycle,post,2726,33157524,0.98817121982574463,0.017167057
4,5,4096,16777216,33554432,4,cycle,post,2727,33139198,0.98762506246566772,0.017964647
4,5,4096,16777216,33554432,4,cycle,post,2728,33120017,0.98705342411994934,0.018799922
4,5,4096,16777216,33554432,4,cycle,post,2729,33099545,0.98644331097602844,0.019691951
4,5,4096,16777216,33554432,4,cycle,post,2730,33078275,0.98580941557884216,0.020619334
4,5,4096,16777216,33554432,4,cycle,post,2731,33056667,0.98516544699668884,0.021562066
4,5,4096,16777216,33554432,4,cycle,post,2732,33034117,0.98449340462684631,0.022546554
4,5,4096,16777216,33554432,4,cycle,post,2733,33010502,0.98378962278366089,0.023578258
4,5,4096,16777216,33554432,4,cycle,post,2734,32986054,0.98306101560592651,0.024647132
4,5,4096,16777216,33554432,4,cycle,post,2735,32960889,0.98231104016304016,0.025748181
4,5,4096,16777216,33554432,4,cycle,post,2736,32934694,0.98153036832809448,0.026895190
4,5,4096,16777216,33554432,4,cycle,post,2737,32907595,0.98072275519371033,0.028082743
4,5,4096,16777216,33554432,4,cycle,post,2738,32880331,0.97991022467613220,0.029278513
4,5,4096,16777216,33554432,4,cycle,post,2739,32852669,0.97908583283424377,0.030492754
4,5,4096,16777216,33554432,4,cycle,post,2740,32823790,0.97822517156600952,0.031761506
4,5,4096,16777216,33554432,4,cycle,post,2741,32794179,0.97734269499778748,0.033063578
4,5,4096,16777216,33554432,4,cycle,post,2742,32763405,0.97642555832862854,0.034418036
4,5,4096,16777216,33554432,4,cycle,post,2743,32731897,0.97548654675483704,0.035806119
4,5,4096,16777216,33554432,4,cycle,post,2744,32698173,0.97448149323463440,0.037293308
4,5,4096,16777216,33554432,4,cycle,post,2745,32663331,0.97344312071800232,0.038831412
4,5,4096,16777216,33554432,4,cycle,post,2746,32628654,0.97240966558456421,0.040363861
4,5,4096,16777216,33554432,4,cycle,post,2747,32592797,0.97134104371070862,0.041950171
4,5,4096,16777216,33554432,4,cycle,post,2748,32554729,0.97020652890205383,0.043636207
4,5,4096,16777216,33554432,4,cycle,post,2749,32516566,0.96906918287277222,0.045328430
4,5,4096,16777216,33554432,4,cycle,post,2750,32476809,0.96788433194160461,0.047093448
4,5,4096,16777216,33554432,4,cycle,post,2751,32436261,0.96667590737342834,0.048895809
4,5,4096,16777216,33554432,4,cycle,post,2752,32394098,0.96541935205459595,0.050772349
4,5,4096,16777216,33554432,4,cycle,post,2753,32350620,0.96412360668182373,0.052709974
4,5,4096,16777216,33554432,4,cycle,post,2754,32304594,0.96275192499160767,0.054763992
4,5,4096,16777216,33554432,4,cycle,post,2755,32256863,0.96132943034172058,0.056897193
4,5,4096,16777216,33554432,4,cycle,post,2756,32207218,0.95984989404678345,0.059119287
4,5,4096,16777216,33554432,4,cycle,post,2757,32155580,0.95831096172332764,0.061434224
4,5,4096,16777216,33554432,4,cycle,post,2758,32101647,0.95670363306999207,0.063856018
4,5,4096,16777216,33554432,4,cycle,post,2759,32045564,0.95503222942352295,0.066378674
4,5,4096,16777216,33554432,4,cycle,post,2760,31988967,0.95334550738334656,0.068928931
4,5,4096,16777216,33554432,4,cycle,post,2761,31931162,0.95162278413772583,0.071538281
4,5,4096,16777216,33554432,4,cycle,post,2762,31872288,0.94986820220947266,0.074200747
4,5,4096,16777216,33554432,4,cycle,post,2763,31811979,0.94807085394859314,0.076933212
4,5,4096,16777216,33554432,4,cycle,post,2764,31750453,0.94623723626136780,0.079726160
4,5,4096,16777216,33554432,4,cycle,post,2765,31687437,0.94435921311378479,0.082592362
4,5,4096,16777216,33554432,4,cycle,post,2766,31623399,0.94245073199272156,0.085510894
4,5,4096,16777216,33554432,4,cycle,post,2767,31558894,0.94052833318710327,0.088456690
4,5,4096,16777216,33554432,4,cycle,post,2768,31491635,0.93852385878562927,0.091534674
4,5,4096,16777216,33554432,4,cycle,post,2769,31422258,0.93645626306533813,0.094716480
4,5,4096,16777216,33554432,4,cycle,post,2770,31350519,0.93431827425956726,0.098014009
4,5,4096,16777216,33554432,4,cycle,post,2771,31277479,0.93214151263237000,0.101379101
4,5,4096,16777216,33554432,4,cycle,post,2772,31202174,0.92989724874496460,0.104856784
4,5,4096,16777216,33554432,4,cycle,post,2773,31124681,0.92758777737617493,0.108444285
4,5,4096,16777216,33554432,4,cycle,post,2774,31045535,0.92522904276847839,0.112117542
4,5,4096,16777216,33554432,4,cycle,post,2775,30964210,0.92280536890029907,0.115901697
4,5,4096,16777216,33554432,4,cycle,post,2776,30881534,0.92034143209457397,0.119758917
4,5,4096,16777216,33554432,4,cycle,post,2777,30797252,0.91782963275909424,0.123701709
4,5,4096,16777216,33554432,4,cycle,post,2778,30709700,0.91522037982940674,0.127808917
4,5,4096,16777216,33554432,4,cycle,post,2779,30620236,0.91255414485931396,0.132017934
4,5,4096,16777216,33554432,4,cycle,post,2780,30526816,0.90977001190185547,0.136426214
4,5,4096,16777216,33554432,4,cycle,post,2781,30431802,0.90693837404251099,0.140923571
4,5,4096,16777216,33554432,4,cycle,post,2782,30334575,0.90404078364372253,0.145540237
4,5,4096,16777216,33554432,4,cycle,post,2783,30235239,0.90108034014701843,0.150272353
4,5,4096,16777216,33554432,4,cycle,post,2784,30132790,0.89802712202072144,0.155169077
4,5,4096,16777216,33554432,4,cycle,post,2785,30028383,0.89491555094718933,0.160176547
4,5,4096,16777216,33554432,4,cycle,post,2786,29923149,0.89177933335304260,0.165241329
4,5,4096,16777216,33554432,4,cycle,post,2787,29815071,0.88855835795402527,0.170461563
4,5,4096,16777216,33554432,4,cycle,post,2788,29703723,0.88523992896080017,0.175859569
4,5,4096,16777216,33554432,4,cycle,post,2789,29590573,0.88186779618263245,0.181365702
4,5,4096,16777216,33554432,4,cycle,post,2790,29475718,0.87844485044479370,0.186976379
4,5,4096,16777216,33554432,4,cycle,post,2791,29359264,0.87497425079345703,0.192687534
4,5,4096,16777216,33554432,4,cycle,post,2792,29239712,0.87141132354736328,0.198574234
4,5,4096,16777216,33554432,4,cycle,post,2793,29117259,0.86776193976402283,0.204628784
4,5,4096,16777216,33554432,4,cycle,post,2794,28992593,0.86404660344123840,0.210818967
4,5,4096,16777216,33554432,4,cycle,post,2795,28865448,0.86025738716125488,0.217159719
4,5,4096,16777216,33554432,4,cycle,post,2796,28735361,0.85638049244880676,0.223676162
4,5,4096,16777216,33554432,4,cycle,post,2797,28604147,0.85247001051902771,0.230279013
4,5,4096,16777216,33554432,4,cycle,post,2798,28470669,0.84849205613136292,0.237026942
4,5,4096,16777216,33554432,4,cycle,post,2799,28334432,0.84443187713623047,0.243947054
4,5,4096,16777216,33554432,4,cycle,post,2800,28197501,0.84035101532936096,0.250936026
4,5,4096,16777216,33554432,4,cycle,post,2801,28057779,0.83618697524070740,0.258102523
4,5,4096,16777216,33554432,4,cycle,post,2802,27915136,0.83193588256835938,0.265455751
4,5,4096,16777216,33554432,4,cycle,post,2803,27770509,0.82762566208839417,0.272949716
4,5,4096,16777216,33554432,4,cycle,post,2804,27623926,0.82325714826583862,0.280584961
4,5,4096,16777216,33554432,4,cycle,post,2805,27474713,0.81881025433540344,0.288398925
4,5,4096,16777216,33554432,4,cycle,post,2806,27322714,0.81428033113479614,0.296402540
4,5,4096,16777216,33554432,4,cycle,post,2807,27168640,0.80968856811523438,0.304560986
4,5,4096,16777216,33554432,4,cycle,post,2808,27011320,0.80500006675720215,0.312939192
4,5,4096,16777216,33554432,4,cycle,post,2809,26852948,0.80028021335601807,0.321422855
4,5,4096,16777216,33554432,4,cycle,post,2810,26694062,0.79554504156112671,0.329984481
4,5,4096,16777216,33554432,4,cycle,post,2811,26533246,0.79075235128402710,0.338702154
4,5,4096,16777216,33554432,4,cycle,post,2812,26370440,0.78590035438537598,0.347581693
4,5,4096,16777216,33554432,4,cycle,post,2813,26205931,0.78099760413169861,0.356609972
4,5,4096,16777216,33554432,4,cycle,post,2814,26039626,0.77604132890701294,0.365794608
4,5,4096,16777216,33554432,4,cycle,post,2815,25872289,0.77105429768562317,0.375095637
4,5,4096,16777216,33554432,4,cycle,post,2816,25703407,0.76602122187614441,0.384543734
4,5,4096,16777216,33554432,4,cycle,post,2817,25531511,0.76089832186698914,0.394224414
4,5,4096,16777216,33554432,4,cycle,post,2818,25357211,0.75570377707481384,0.404107261
4,5,4096,16777216,33554432,4,cycle,post,2819,25179372,0.75040376186370850,0.414261035
4,5,4096,16777216,33554432,4,cycle,post,2820,25001104,0.74509096145629883,0.424511533
4,5,4096,16777216,33554432,4,cycle,post,2821,24819124,0.73966753482818604,0.435051140
4,5,4096,16777216,33554432,4,cycle,post,2822,24637007,0.73424002528190613,0.445676333
4,5,4096,16777216,33554432,4,cycle,post,2823,24453918,0.72878354787826538,0.456437704
4,5,4096,16777216,33554432,4,cycle,post,2824,24268592,0.72326040267944336,0.467412926
4,5,4096,16777216,33554432,4,cycle,post,2825,24081069,0.71767178177833557,0.478603899
4,5,4096,16777216,33554432,4,cycle,post,2826,23891394,0.71201902627944946,0.490012302
4,5,4096,16777216,33554432,4,cycle,post,2827,23698709,0.70627656579017639,0.501694866
4,5,4096,16777216,33554432,4,cycle,post,2828,23504167,0.70047876238822937,0.513586784
4,5,4096,16777216,33554432,4,cycle,post,2829,23308485,0.69464698433876038,0.525648100
4,5,4096,16777216,33554432,4,cycle,post,2830,23111053,0.68876305222511292,0.537920342
4,5,4096,16777216,33554432,4,cycle,post,2831,22911905,0.68282797932624817,0.550405920
4,5,4096,16777216,33554432,4,cycle,post,2832,22712515,0.67688569426536560,0.563015869
4,5,4096,16777216,33554432,4,cycle,post,2833,22512908,0.67093694210052490,0.575750914
4,5,4096,16777216,33554432,4,cycle,post,2834,22312729,0.66497114300727844,0.588636360
4,5,4096,16777216,33554432,4,cycle,post,2835,22113237,0.65902581810951233,0.601593109
4,5,4096,16777216,33554432,4,cycle,post,2836,21912870,0.65305441617965698,0.614724885
4,5,4096,16777216,33554432,4,cycle,post,2837,21709004,0.64697873592376709,0.628209799
4,5,4096,16777216,33554432,4,cycle,post,2838,21503349,0.64084973931312561,0.641941969
4,5,4096,16777216,33554432,4,cycle,post,2839,21298799,0.63475367426872253,0.655731254
4,5,4096,16777216,33554432,4,cycle,post,2840,21091588,0.62857830524444580,0.669835615
4,5,4096,16777216,33554432,4,cycle,post,2841,20885262,0.62242931127548218,0.684018094
4,5,4096,16777216,33554432,4,cycle,post,2842,20677355,0.61623319983482361,0.698451685
4,5,4096,16777216,33554432,4,cycle,post,2843,20469364,0.61003458499908447,0.713037058
4,5,4096,16777216,33554432,4,cycle,post,2844,20263178,0.60388976335525513,0.727642877
4,5,4096,16777216,33554432,4,cycle,post,2845,20054002,0.59765583276748657,0.742613164
4,5,4096,16777216,33554432,4,cycle,post,2846,19843754,0.59138995409011841,0.757818358
4,5,4096,16777216,33554432,4,cycle,post,2847,19632938,0.58510714769363403,0.773227253
4,5,4096,16777216,33554432,4,cycle,post,2848,19421535,0.57880684733390808,0.788846106
4,5,4096,16777216,33554432,4,cycle,post,2849,19209546,0.57248908281326294,0.804679913
4,5,4096,16777216,33554432,4,cycle,post,2850,18995171,0.56610020995140076,0.820870636
4,5,4096,16777216,33554432,4,cycle,post,2851,18781380,0.55972874164581299,0.837200264
4,5,4096,16777216,33554432,4,cycle,post,2852,18567519,0.55335518717765808,0.853722281
4,5,4096,16777216,33554432,4,cycle,post,2853,18353625,0.54698064923286438,0.870438300
4,5,4096,16777216,33554432,4,cycle,post,2854,18141723,0.54066547751426697,0.887191854
4,5,4096,16777216,33554432,4,cycle,post,2855,17928498,0.53431087732315063,0.904248708
4,5,4096,16777216,33554432,4,cycle,post,2856,17714825,0.52794292569160461,0.921546122
4,5,4096,16777216,33554432,4,cycle,post,2857,17501632,0.52158927917480469,0.939013878
4,5,4096,16777216,33554432,4,cycle,post,2858,17289190,0.51525801420211792,0.956633056
4,5,4096,16777216,33554432,4,cycle,post,2859,17078363,0.50897487998008728,0.974333640
4,5,4096,16777216,33554432,4,cycle,post,2860,16867679,0.50269600749015808,0.992241864
4,5,4096,16777216,33554432,4,cycle,post,2861,16656434,0.49640041589736938,1.010423771
4,5,4096,16777216,33554432,4,cycle,post,2862,16445672,0.49011921882629395,1.028795375
4,5,4096,16777216,33554432,4,cycle,post,2863,16234626,0.48382955789566040,1.047429186
4,5,4096,16777216,33554432,4,cycle,post,2864,16024975,0.47758147120475769,1.066181230
4,5,4096,16777216,33554432,4,cycle,post,2865,15814878,0.47132009267807007,1.085220909
4,5,4096,16777216,33554432,4,cycle,post,2866,15604393,0.46504715085029602,1.104551097
4,5,4096,16777216,33554432,4,cycle,post,2867,15398174,0.45890134572982788,1.123744057
4,5,4096,16777216,33554432,4,cycle,post,2868,15191977,0.45275619626045227,1.143193709
4,5,4096,16777216,33554432,4,cycle,post,2869,14984041,0.44655922055244446,1.163076584
4,5,4096,16777216,33554432,4,cycle,post,2870,14775659,0.44034895300865173,1.183280859
4,5,4096,16777216,33554432,4,cycle,post,2871,14569197,0.43419590592384338,1.203581972
4,5,4096,16777216,33554432,4,cycle,post,2872,14363041,0.42805197834968567,1.224142101
4,5,4096,16777216,33554432,4,cycle,post,2873,14157993,0.42194107174873352,1.244886569
4,5,4096,16777216,33554432,4,cycle,post,2874,13952766,0.41582483053207397,1.265952185
4,5,4096,16777216,33554432,4,cycle,post,2875,13748997,0.40975204110145569,1.287176959
4,5,4096,16777216,33554432,4,cycle,post,2876,13543890,0.40363937616348267,1.308861175
4,5,4096,16777216,33554432,4,cycle,post,2877,13341956,0.39762127399444580,1.330533147
4,5,4096,16777216,33554432,4,cycle,post,2878,13141697,0.39165309071540833,1.352351751
4,5,4096,16777216,33554432,4,cycle,post,2879,12943499,0.38574633002281189,1.374275664
4,5,4096,16777216,33554432,4,cycle,post,2880,12745821,0.37985506653785706,1.396479031
4,5,4096,16777216,33554432,4,cycle,post,2881,12548898,0.37398630380630493,1.418942658
4,5,4096,16777216,33554432,4,cycle,post,2882,12352689,0.36813881993293762,1.441678206
4,5,4096,16777216,33554432,4,cycle,post,2883,12154702,0.36223834753036499,1.464988813
4,5,4096,16777216,33554432,4,cycle,post,2884,11957251,0.35635384917259216,1.488617587
4,5,4096,16777216,33554432,4,cycle,post,2885,11762812,0.35055911540985107,1.512270346
4,5,4096,16777216,33554432,4,cycle,post,2886,11570172,0.34481799602508545,1.536093024
4,5,4096,16777216,33554432,4,cycle,post,2887,11378223,0.33909747004508972,1.560228074
4,5,4096,16777216,33554432,4,cycle,post,2888,11188657,0.33344796299934387,1.584466459
4,5,4096,16777216,33554432,4,cycle,post,2889,11001981,0.32788458466529846,1.608740019
4,5,4096,16777216,33554432,4,cycle,post,2890,10815407,0.32232424616813660,1.633415379
4,5,4096,16777216,33554432,4,cycle,post,2891,10630087,0.31680127978324890,1.658349931
4,5,4096,16777216,33554432,4,cycle,post,2892,10447459,0.31135854125022888,1.683351239
4,5,4096,16777216,33554432,4,cycle,post,2893,10265341,0.30593100190162659,1.708721783
4,5,4096,16777216,33554432,4,cycle,post,2894,10085427,0.30056914687156677,1.734231169
4,5,4096,16777216,33554432,4,cycle,post,2895,9908189,0.29528704285621643,1.759810042
4,5,4096,16777216,33554432,4,cycle,post,2896,9733426,0.29007869958877563,1.785483732
4,5,4096,16777216,33554432,4,cycle,post,2897,9559006,0.28488057851791382,1.811570824
4,5,4096,16777216,33554432,4,cycle,post,2898,9385768,0.27971768379211426,1.837956631
4,5,4096,16777216,33554432,4,cycle,post,2899,9215271,0.27463647723197937,1.864404838
4,5,4096,16777216,33554432,4,cycle,post,2900,9046179,0.26959714293479919,1.891122887
4,5,4096,16777216,33554432,4,cycle,post,2901,8880610,0.26466280221939087,1.917772653
4,5,4096,16777216,33554432,4,cycle,post,2902,8716296,0.25976586341857910,1.944716240
4,5,4096,16777216,33554432,4,cycle,post,2903,8552097,0.25487235188484192,1.972153214
4,5,4096,16777216,33554432,4,cycle,post,2904,8388794,0.25000554323196411,1.999968012
4,5,4096,16777216,33554432,4,cycle,post,2905,8229686,0.24526375532150269,2.027594044
4,5,4096,16777216,33554432,4,cycle,post,2906,8073222,0.24060076475143433,2.055286867
4,5,4096,16777216,33554432,4,cycle,post,2907,7919463,0.23601838946342468,2.083028823
4,5,4096,16777216,33554432,4,cycle,post,2908,7767032,0.23147559165954590,2.111068021
4,5,4096,16777216,33554432,4,cycle,post,2909,7616233,0.22698143124580383,2.139353816
4,5,4096,16777216,33554432,4,cycle,post,2910,7467213,0.22254028916358948,2.167861547
4,5,4096,16777216,33554432,4,cycle,post,2911,7319536,0.21813917160034180,2.196679235
4,5,4096,16777216,33554432,4,cycle,post,2912,7174287,0.21381041407585144,2.225595971
4,5,4096,16777216,33554432,4,cycle,post,2913,7030321,0.20951989293098450,2.254840867
4,5,4096,16777216,33554432,4,cycle,post,2914,6885729,0.20521071553230286,2.284822028
4,5,4096,16777216,33554432,4,cycle,post,2915,6743215,0.20096346735954285,2.314994834
4,5,4096,16777216,33554432,4,cycle,post,2916,6602558,0.19677156209945679,2.345406361
4,5,4096,16777216,33554432,4,cycle,post,2917,6463826,0.19263702630996704,2.376043068
4,5,4096,16777216,33554432,4,cycle,post,2918,6327398,0.18857115507125854,2.406819085
4,5,4096,16777216,33554432,4,cycle,post,2919,6193032,0.18456673622131348,2.437785530
4,5,4096,16777216,33554432,4,cycle,post,2920,6061414,0.18064421415328979,2.468777047
4,5,4096,16777216,33554432,4,cycle,post,2921,5932146,0.17679172754287720,2.499877325
4,5,4096,16777216,33554432,4,cycle,post,2922,5803683,0.17296323180198669,2.531462710
4,5,4096,16777216,33554432,4,cycle,post,2923,5677755,0.16921028494834900,2.563110834
4,5,4096,16777216,33554432,4,cycle,post,2924,5554209,0.16552832722663879,2.594849965
4,5,4096,16777216,33554432,4,cycle,post,2925,5431654,0.16187590360641479,2.627039849
4,5,4096,16777216,33554432,4,cycle,post,2926,5311904,0.15830707550048828,2.659202357
4,5,4096,16777216,33554432,4,cycle,post,2927,5193831,0.15478822588920593,2.691632359
4,5,4096,16777216,33554432,4,cycle,post,2928,5077243,0.15131363272666931,2.724386121
4,5,4096,16777216,33554432,4,cycle,post,2929,4961577,0.14786651730537415,2.757632687
4,5,4096,16777216,33554432,4,cycle,post,2930,4847456,0.14446544647216797,2.791203628
4,5,4096,16777216,33554432,4,cycle,post,2931,4734540,0.14110028743743896,2.825207168
4,5,4096,16777216,33554432,4,cycle,post,2932,4623252,0.13778364658355713,2.859523429
4,5,4096,16777216,33554432,4,cycle,post,2933,4513648,0.13451719284057617,2.894137517
4,5,4096,16777216,33554432,4,cycle,post,2934,4406590,0.13132661581039429,2.928768760
4,5,4096,16777216,33554432,4,cycle,post,2935,4301746,0.12820202112197876,2.963509088
4,5,4096,16777216,33554432,4,cycle,post,2936,4200192,0.12517547607421875,2.997976153
4,5,4096,16777216,33554432,4,cycle,post,2937,4101360,0.12223005294799805,3.032329048
4,5,4096,16777216,33554432,4,cycle,post,2938,4004460,0.11934220790863037,3.066823722
4,5,4096,16777216,33554432,4,cycle,post,2939,3908004,0.11646759510040283,3.101999487
4,5,4096,16777216,33554432,4,cycle,post,2940,3813535,0.11365219950675964,3.137302490
4,5,4096,16777216,33554432,4,cycle,post,2941,3721917,0.11092177033424377,3.172385548
4,5,4096,16777216,33554432,4,cycle,post,2942,3633519,0.10828730463981628,3.207063980
4,5,4096,16777216,33554432,4,cycle,post,2943,3546199,0.10568496584892273,3.242157933
4,5,4096,16777216,33554432,4,cycle,post,2944,3460874,0.10314208269119263,3.277295012
4,5,4096,16777216,33554432,4,cycle,post,2945,3377156,0.10064709186553955,3.312622608
4,5,4096,16777216,33554432,4,cycle,post,2946,3293213,0.09814539551734924,3.348935604
4,5,4096,16777216,33554432,4,cycle,post,2947,3210890,0.09569197893142700,3.385458189
4,5,4096,16777216,33554432,4,cycle,post,2948,3131325,0.09332075715065002,3.421658177
4,5,4096,16777216,33554432,4,cycle,post,2949,3052186,0.09096223115921021,3.458588548
4,5,4096,16777216,33554432,4,cycle,post,2950,2973523,0.08861789107322693,3.496258196
4,5,4096,16777216,33554432,4,cycle,post,2951,2896814,0.08633178472518921,3.533964376
4,5,4096,16777216,33554432,4,cycle,post,2952,2820903,0.08406946063041687,3.572274373
4,5,4096,16777216,33554432,4,cycle,post,2953,2747273,0.08187511563301086,3.610431151
4,5,4096,16777216,33554432,4,cycle,post,2954,2674933,0.07971921563148499,3.648928674
4,5,4096,16777216,33554432,4,cycle,post,2955,2603429,0.07758823037147522,3.688018368
4,5,4096,16777216,33554432,4,cycle,post,2956,2533920,0.07551670074462891,3.727060454
4,5,4096,16777216,33554432,4,cycle,post,2957,2467296,0.07353115081787109,3.765500625
4,5,4096,16777216,33554432,4,cycle,post,2958,2402302,0.07159417867660522,3.804013903
4,5,4096,16777216,33554432,4,cycle,post,2959,2337647,0.06966730952262878,3.843374341
4,5,4096,16777216,33554432,4,cycle,post,2960,2274491,0.06778511404991150,3.882887705
4,5,4096,16777216,33554432,4,cycle,post,2961,2210983,0.06589242815971375,3.923743498
4,5,4096,16777216,33554432,4,cycle,post,2962,2148413,0.06402769684791565,3.965160074
4,5,4096,16777216,33554432,4,cycle,post,2963,2088250,0.06223469972610474,4.006136993
4,5,4096,16777216,33554432,4,cycle,post,2964,2029600,0.06048679351806641,4.047236006
4,5,4096,16777216,33554432,4,cycle,post,2965,1973575,0.05881711840629578,4.087620085
4,5,4096,16777216,33554432,4,cycle,post,2966,1918649,0.05718019604682922,4.128340623
4,5,4096,16777216,33554432,4,cycle,post,2967,1864857,0.05557706952095032,4.169366424
4,5,4096,16777216,33554432,4,cycle,post,2968,1811912,0.05399918556213379,4.210918542
4,5,4096,16777216,33554432,4,cycle,post,2969,1760250,0.05245953798294067,4.252651088
4,5,4096,16777216,33554432,4,cycle,post,2970,1709740,0.05095422267913818,4.294654479
4,5,4096,16777216,33554432,4,cycle,post,2971,1660725,0.04949346184730530,4.336618234
4,5,4096,16777216,33554432,4,cycle,post,2972,1613785,0.04809454083442688,4.377983045
4,5,4096,16777216,33554432,4,cycle,post,2973,1567133,0.04670420289039612,4.420303807
4,5,4096,16777216,33554432,4,cycle,post,2974,1521587,0.04534682631492615,4.462854605
4,5,4096,16777216,33554432,4,cycle,post,2975,1476941,0.04401627182960510,4.505819235
4,5,4096,16777216,33554432,4,cycle,post,2976,1433519,0.04272219538688660,4.548870404
4,5,4096,16777216,33554432,4,cycle,post,2977,1390780,0.04144847393035889,4.592537205
4,5,4096,16777216,33554432,4,cycle,post,2978,1348681,0.04019382596015930,4.636882279
4,5,4096,16777216,33554432,4,cycle,post,2979,1307693,0.03897228837013245,4.681407544
4,5,4096,16777216,33554432,4,cycle,post,2980,1267524,0.03777515888214111,4.726418366
4,5,4096,16777216,33554432,4,cycle,post,2981,1229003,0.03662714362144470,4.770942993
4,5,4096,16777216,33554432,4,cycle,post,2982,1191583,0.03551194071769714,4.815551984
4,5,4096,16777216,33554432,4,cycle,post,2983,1155328,0.03443145751953125,4.860128937
4,5,4096,16777216,33554432,4,cycle,post,2984,1119726,0.03337043523788452,4.905285687
4,5,4096,16777216,33554432,4,cycle,post,2985,1084683,0.03232607245445251,4.951157956
4,5,4096,16777216,33554432,4,cycle,post,2986,1050707,0.03131350874900818,4.997071015
4,5,4096,16777216,33554432,4,cycle,post,2987,1017765,0.03033176064491272,5.043026946
4,5,4096,16777216,33554432,4,cycle,post,2988,985376,0.02936649322509766,5.089685192
4,5,4096,16777216,33554432,4,cycle,post,2989,954449,0.02844479680061340,5.135691415
4,5,4096,16777216,33554432,4,cycle,post,2990,924504,0.02755236625671387,5.181679964
4,5,4096,16777216,33554432,4,cycle,post,2991,895503,0.02668806910514832,5.227661260
4,5,4096,16777216,33554432,4,cycle,post,2992,867417,0.02585104107856750,5.273633808
4,5,4096,16777216,33554432,4,cycle,post,2993,839558,0.02502077817916870,5.320729530
4,5,4096,16777216,33554432,4,cycle,post,2994,811906,0.02419668436050415,5.369046819
4,5,4096,16777216,33554432,4,cycle,post,2995,785801,0.02341869473457336,5.416195522
4,5,4096,16777216,33554432,4,cycle,post,2996,760232,0.02265667915344238,5.463919773
4,5,4096,16777216,33554432,4,cycle,post,2997,736274,0.02194267511367798,5.510116769
4,5,4096,16777216,33554432,4,cycle,post,2998,712953,0.02124765515327454,5.556552553
4,5,4096,16777216,33554432,4,cycle,post,2999,689811,0.02055796980857849,5.604158391
4,5,4096,16777216,33554432,4,cycle,post,3000,667598,0.01989597082138062,5.651379893
4,5,4096,16777216,33554432,4,cycle,post,3001,646196,0.01925814151763916,5.698387705
4,5,4096,16777216,33554432,4,cycle,post,3002,625329,0.01863625645637512,5.745744101
4,5,4096,16777216,33554432,4,cycle,post,3003,605192,0.01803612709045410,5.792966609
4,5,4096,16777216,33554432,4,cycle,post,3004,585504,0.01744937896728516,5.840680499
4,5,4096,16777216,33554432,4,cycle,post,3005,565792,0.01686191558837891,5.890087748
4,5,4096,16777216,33554432,4,cycle,post,3006,547134,0.01630586385726929,5.938465315
4,5,4096,16777216,33554432,4,cycle,post,3007,529174,0.01577061414718628,5.986617346
4,5,4096,16777216,33554432,4,cycle,post,3008,511734,0.01525086164474487,6.034965435
4,5,4096,16777216,33554432,4,cycle,post,3009,495095,0.01475498080253601,6.082654146
4,5,4096,16777216,33554432,4,cycle,post,3010,478444,0.01425874233245850,6.132009453
4,5,4096,16777216,33554432,4,cycle,post,3011,462170,0.01377373933792114,6.181935910
4,5,4096,16777216,33554432,4,cycle,post,3012,446659,0.01331147551536560,6.231185694
4,5,4096,16777216,33554432,4,cycle,post,3013,431160,0.01284956932067871,6.282136184
4,5,4096,16777216,33554432,4,cycle,post,3014,416138,0.01240187883377075,6.333297490
4,5,4096,16777216,33554432,4,cycle,post,3015,401475,0.01196488738059998,6.385049372
4,5,4096,16777216,33554432,4,cycle,post,3016,387173,0.01153865456581116,6.437381178
4,5,4096,16777216,33554432,4,cycle,post,3017,373475,0.01113042235374451,6.489347852
4,5,4096,16777216,33554432,4,cycle,post,3018,360190,0.01073449850082397,6.541601397
4,5,4096,16777216,33554432,4,cycle,post,3019,348140,0.01037538051605225,6.590691942
4,5,4096,16777216,33554432,4,cycle,post,3020,336099,0.01001653075218201,6.641473275
4,5,4096,16777216,33554432,4,cycle,post,3021,323666,0.00964599847793579,6.695853702
4,5,4096,16777216,33554432,4,cycle,post,3022,311759,0.00929114222526550,6.749928317
4,5,4096,16777216,33554432,4,cycle,post,3023,300134,0.00894469022750854,6.804752765
4,5,4096,16777216,33554432,4,cycle,post,3024,289035,0.00861391425132751,6.859115323
4,5,4096,16777216,33554432,4,cycle,post,3025,278326,0.00829476118087769,6.913583840
4,5,4096,16777216,33554432,4,cycle,post,3026,267727,0.00797888636589050,6.969596885
4,5,4096,16777216,33554432,4,cycle,post,3027,257822,0.00768369436264038,7.023984151
4,5,4096,16777216,33554432,4,cycle,post,3028,248672,0.00741100311279297,7.076115454
4,5,4096,16777216,33554432,4,cycle,post,3029,239359,0.00713345408439636,7.131183473
4,5,4096,16777216,33554432,4,cycle,post,3030,230435,0.00686749815940857,7.185999666
4,5,4096,16777216,33554432,4,cycle,post,3031,221895,0.00661298632621765,7.240482366
4,5,4096,16777216,33554432,4,cycle,post,3032,213671,0.00636789202690125,7.294968411
4,5,4096,16777216,33554432,4,cycle,post,3033,205614,0.00612777471542358,7.350421026
4,5,4096,16777216,33554432,4,cycle,post,3034,197348,0.00588142871856689,7.409617627
4,5,4096,16777216,33554432,4,cycle,post,3035,189718,0.00565403699874878,7.466502961
4,5,4096,16777216,33554432,4,cycle,post,3036,182304,0.00543308258056641,7.524013309
4,5,4096,16777216,33554432,4,cycle,post,3037,175414,0.00522774457931519,7.579595630
4,5,4096,16777216,33554432,4,cycle,post,3038,168441,0.00501993298530579,7.638116180
4,5,4096,16777216,33554432,4,cycle,post,3039,162115,0.00483140349388123,7.693341940
4,5,4096,16777216,33554432,4,cycle,post,3040,156208,0.00465536117553711,7.746891184
4,5,4096,16777216,33554432,4,cycle,post,3041,150594,0.00448805093765259,7.799695235
4,5,4096,16777216,33554432,4,cycle,post,3042,144835,0.00431641936302185,7.855949248
4,5,4096,16777216,33554432,4,cycle,post,3043,139454,0.00415605306625366,7.910570209
4,5,4096,16777216,33554432,4,cycle,post,3044,134326,0.00400322675704956,7.964620947
4,5,4096,16777216,33554432,4,cycle,post,3045,129312,0.00385379791259766,8.019503364
4,5,4096,16777216,33554432,4,cycle,post,3046,124422,0.00370806455612183,8.075117924
4,5,4096,16777216,33554432,4,cycle,post,3047,119459,0.00356015563011169,8.133843976
4,5,4096,16777216,33554432,4,cycle,post,3048,114498,0.00341230630874634,8.195037127
4,5,4096,16777216,33554432,4,cycle,post,3049,109735,0.00327035784721375,8.256335779
4,5,4096,16777216,33554432,4,cycle,post,3050,105410,0.00314146280288696,8.314347787
4,5,4096,16777216,33554432,4,cycle,post,3051,101084,0.00301253795623779,8.374804866
4,5,4096,16777216,33554432,4,cycle,post,3052,96729,0.00288274884223938,8.438339136
4,5,4096,16777216,33554432,4,cycle,post,3053,92591,0.00275942683219910,8.501415653
4,5,4096,16777216,33554432,4,cycle,post,3054,88492,0.00263726711273193,8.566740584
4,5,4096,16777216,33554432,4,cycle,post,3055,84799,0.00252720713615417,8.628240369
4,5,4096,16777216,33554432,4,cycle,post,3056,81303,0.00242301821708679,8.688979033
4,5,4096,16777216,33554432,4,cycle,post,3057,78098,0.00232750177383423,8.747002017
4,5,4096,16777216,33554432,4,cycle,post,3058,75120,0.00223875045776367,8.803090557
4,5,4096,16777216,33554432,4,cycle,post,3059,72328,0.00215554237365723,8.857733361
4,5,4096,16777216,33554432,4,cycle,post,3060,69398,0.00206822156906128,8.917393534
4,5,4096,16777216,33554432,4,cycle,post,3061,66509,0.00198212265968323,8.978738041
4,5,4096,16777216,33554432,4,cycle,post,3062,63668,0.00189745426177979,9.041719175
4,5,4096,16777216,33554432,4,cycle,post,3063,60981,0.00181737542152405,9.103927812
4,5,4096,16777216,33554432,4,cycle,post,3064,58468,0.00174248218536377,9.164640378
4,5,4096,16777216,33554432,4,cycle,post,3065,56033,0.00166991353034973,9.226010884
4,5,4096,16777216,33554432,4,cycle,post,3066,53908,0.00160658359527588,9.281788234
4,5,4096,16777216,33554432,4,cycle,post,3067,51836,0.00154483318328857,9.338333226
4,5,4096,16777216,33554432,4,cycle,post,3068,49755,0.00148281455039978,9.397446108
4,5,4096,16777216,33554432,4,cycle,post,3069,47675,0.00142082571983337,9.459054682
4,5,4096,16777216,33554432,4,cycle,post,3070,45751,0.00136348605155945,9.518484343
4,5,4096,16777216,33554432,4,cycle,post,3071,43795,0.00130519270896912,9.581521451
4,5,4096,16777216,33554432,4,cycle,post,3072,41919,0.00124928355216980,9.644683319
4,5,4096,16777216,33554432,4,cycle,post,3073,40136,0.00119614601135254,9.707390777
4,5,4096,16777216,33554432,4,cycle,post,3074,38536,0.00114846229553223,9.766080791
4,5,4096,16777216,33554432,4,cycle,post,3075,36794,0.00109654664993286,9.832817095
4,5,4096,16777216,33554432,4,cycle,post,3076,35180,0.00104844570159912,9.897532138
4,5,4096,16777216,33554432,4,cycle,post,3077,33616,0.00100183486938477,9.963139553
4,5,4096,16777216,33554432,4,cycle,post,3078,32124,0.00095736980438232,10.028636076
4,5,4096,16777216,33554432,4,cycle,post,3079,30719,0.00091549754142761,10.093156368
4,5,4096,16777216,33554432,4,cycle,post,3080,29430,0.00087708234786987,10.155000078
4,5,4096,16777216,33554432,4,cycle,post,3081,28186,0.00084000825881958,10.217308867
4,5,4096,16777216,33554432,4,cycle,post,3082,26787,0.00079831480979919,10.290754604
4,5,4096,16777216,33554432,4,cycle,post,3083,25325,0.00075474381446838,10.371725351
4,5,4096,16777216,33554432,4,cycle,post,3084,23890,0.00071197748184204,10.455880767
4,5,4096,16777216,33554432,4,cycle,post,3085,22533,0.00067153573036194,10.540248216
4,5,4096,16777216,33554432,4,cycle,post,3086,21305,0.00063493847846985,10.621095569
4,5,4096,16777216,33554432,4,cycle,post,3087,20052,0.00059759616851807,10.708541481
4,5,4096,16777216,33554432,4,cycle,post,3088,18844,0.00056159496307373,10.798182383
4,5,4096,16777216,33554432,4,cycle,post,3089,17682,0.00052696466445923,10.890006154
4,5,4096,16777216,33554432,4,cycle,post,3090,16656,0.00049638748168945,10.976245647
4,5,4096,16777216,33554432,4,cycle,post,3091,15627,0.00046572089195251,11.068246778
4,5,4096,16777216,33554432,4,cycle,post,3092,14683,0.00043758749961853,11.158140854
4,5,4096,16777216,33554432,4,cycle,post,3093,13855,0.00041291117668152,11.241880910
4,5,4096,16777216,33554432,4,cycle,post,3094,13052,0.00038897991180420,11.328016728
4,5,4096,16777216,33554432,4,cycle,post,3095,12171,0.00036272406578064,11.428839912
4,5,4096,16777216,33554432,4,cycle,post,3096,11305,0.00033691525459290,11.535326628
4,5,4096,16777216,33554432,4,cycle,post,3097,10559,0.00031468272209167,11.633814411
4,5,4096,16777216,33554432,4,cycle,post,3098,9886,0.00029462575912476,11.728828809
4,5,4096,16777216,33554432,4,cycle,post,3099,9287,0.00027677416801453,11.819003080
4,5,4096,16777216,33554432,4,cycle,post,3100,8679,0.00025865435600281,11.916686891
4,5,4096,16777216,33554432,4,cycle,post,3101,8171,0.00024351477622986,12.003703063
4,5,4096,16777216,33554432,4,cycle,post,3102,7737,0.00023058056831360,12.082441441
4,5,4096,16777216,33554432,4,cycle,post,3103,7366,0.00021952390670776,12.153334318
4,5,4096,16777216,33554432,4,cycle,post,3104,6956,0.00020730495452881,12.235957783
4,5,4096,16777216,33554432,4,cycle,post,3105,6587,0.00019630789756775,12.314594165
4,5,4096,16777216,33554432,4,cycle,post,3106,6250,0.00018626451492310,12.390359526
4,5,4096,16777216,33554432,4,cycle,post,3107,5901,0.00017586350440979,12.473256257
4,5,4096,16777216,33554432,4,cycle,post,3108,5546,0.00016528367996216,12.562768099
4,5,4096,16777216,33554432,4,cycle,post,3109,5179,0.00015434622764587,12.661542157
4,5,4096,16777216,33554432,4,cycle,post,3110,4885,0.00014558434486389,12.745857153
4,5,4096,16777216,33554432,4,cycle,post,3111,4644,0.00013840198516846,12.818847743
4,5,4096,16777216,33554432,4,cycle,post,3112,4442,0.00013238191604614,12.883006322
4,5,4096,16777216,33554432,4,cycle,post,3113,4263,0.00012704730033875,12.942346660
4,5,4096,16777216,33554432,4,cycle,post,3114,4125,0.00012293457984924,12.989821596
4,5,4096,16777216,33554432,4,cycle,post,3115,3972,0.00011837482452393,13.044350092
4,5,4096,16777216,33554432,4,cycle,post,3116,3816,0.00011372566223145,13.102154544
4,5,4096,16777216,33554432,4,cycle,post,3117,3672,0.00010943412780762,13.157649657
4,5,4096,16777216,33554432,4,cycle,post,3118,3539,0.00010547041893005,13.210873954
4,5,4096,16777216,33554432,4,cycle,post,3119,3419,0.00010189414024353,13.260641293
4,5,4096,16777216,33554432,4,cycle,post,3120,3328,0.00009918212890625,13.299560282
4,5,4096,16777216,33554432,4,cycle,post,3121,3225,0.00009611248970032,13.344916555
4,5,4096,16777216,33554432,4,cycle,post,3122,3099,0.00009235739707947,13.402412960
4,5,4096,16777216,33554432,4,cycle,post,3123,2950,0.00008791685104370,13.473500761
4,5,4096,16777216,33554432,4,cycle,post,3124,2821,0.00008407235145569,13.538009049
4,5,4096,16777216,33554432,4,cycle,post,3125,2713,0.00008085370063782,13.594326668
4,5,4096,16777216,33554432,4,cycle,post,3126,2618,0.00007802248001099,13.645750618
4,5,4096,16777216,33554432,4,cycle,post,3127,2507,0.00007471442222595,13.708253719
4,5,4096,16777216,33554432,4,cycle,post,3128,2369,0.00007060170173645,13.789937517
4,5,4096,16777216,33554432,4,cycle,post,3129,2245,0.00006690621376038,13.867500270
4,5,4096,16777216,33554432,4,cycle,post,3130,2113,0.00006297230720520,13.954922948
4,5,4096,16777216,33554432,4,cycle,post,3131,2014,0.00006002187728882,14.024152032
4,5,4096,16777216,33554432,4,cycle,post,3132,1893,0.00005641579627991,14.113541304
4,5,4096,16777216,33554432,4,cycle,post,3133,1787,0.00005325675010681,14.196676081
4,5,4096,16777216,33554432,4,cycle,post,3134,1732,0.00005161762237549,14.241776785
4,5,4096,16777216,33554432,4,cycle,post,3135,1639,0.00004884600639343,14.321399861
4,5,4096,16777216,33554432,4,cycle,post,3136,1563,0.00004658102989197,14.389897937
4,5,4096,16777216,33554432,4,cycle,post,3137,1452,0.00004327297210693,14.496174262
4,5,4096,16777216,33554432,4,cycle,post,3138,1345,0.00004008412361145,14.606609543
4,5,4096,16777216,33554432,4,cycle,post,3139,1263,0.00003764033317566,14.697361076
4,5,4096,16777216,33554432,4,cycle,post,3140,1199,0.00003573298454285,14.772384057
4,5,4096,16777216,33554432,4,cycle,post,3141,1127,0.00003358721733093,14.861728200
4,5,4096,16777216,33554432,4,cycle,post,3142,1056,0.00003147125244141,14.955605881
4,5,4096,16777216,33554432,4,cycle,post,3143,973,0.00002899765968323,15.073704005
4,5,4096,16777216,33554432,4,cycle,post,3144,880,0.00002622604370117,15.218640286
4,5,4096,16777216,33554432,4,cycle,post,3145,815,0.00002428889274597,15.329343751
4,5,4096,16777216,33554432,4,cycle,post,3146,763,0.00002273917198181,15.424460753
4,5,4096,16777216,33554432,4,cycle,post,3147,735,0.00002190470695496,15.478399560
4,5,4096,16777216,33554432,4,cycle,post,3148,665,0.00001981854438782,15.622789470
4,5,4096,16777216,33554432,4,cycle,post,3149,594,0.00001770257949829,15.785680879
4,5,4096,16777216,33554432,4,cycle,post,3150,521,0.00001552700996399,15.974860438
4,5,4096,16777216,33554432,4,cycle,post,3151,431,0.00001284480094910,16.248455941
4,5,4096,16777216,33554432,4,cycle,post,3152,395,0.00001177191734314,16.374291157
4,5,4096,16777216,33554432,4,cycle,post,3153,368,0.00001096725463867,16.476438044
4,5,4096,16777216,33554432,4,cycle,post,3154,354,0.00001055002212524,16.532394450
4,5,4096,16777216,33554432,4,cycle,post,3155,342,0.00001019239425659,16.582147485
4,5,4096,16777216,33554432,4,cycle,post,3156,326,0.00000971555709839,16.651271846
4,5,4096,16777216,33554432,4,cycle,post,3157,318,0.00000947713851929,16.687117045
4,5,4096,16777216,33554432,4,cycle,post,3158,309,0.00000920891761780,16.728536972
4,5,4096,16777216,33554432,4,cycle,post,3159,302,0.00000900030136108,16.761595261
4,5,4096,16777216,33554432,4,cycle,post,3160,294,0.00000876188278198,16.800327655
4,5,4096,16777216,33554432,4,cycle,post,3161,257,0.00000765919685364,16.994375451
4,5,4096,16777216,33554432,4,cycle,post,3162,232,0.00000691413879395,17.142019005
4,5,4096,16777216,33554432,4,cycle,post,3163,203,0.00000604987144470,17.334664083
4,5,4096,16777216,33554432,4,cycle,post,3164,196,0.00000584125518799,17.385290156
4,5,4096,16777216,33554432,4,cycle,post,3165,195,0.00000581145286560,17.392669686
4,5,4096,16777216,33554432,4,cycle,post,3166,185,0.00000551342964172,17.468618539
4,5,4096,16777216,33554432,4,cycle,post,3167,175,0.00000521540641785,17.548788888
4,5,4096,16777216,33554432,4,cycle,post,3168,168,0.00000500679016113,17.607682577
4,5,4096,16777216,33554432,4,cycle,post,3169,157,0.00000467896461487,17.705379251
4,5,4096,16777216,33554432,4,cycle,post,3170,143,0.00000426173210144,17.840128663
4,5,4096,16777216,33554432,4,cycle,post,3171,134,0.00000399351119995,17.933910810
4,5,4096,16777216,33554432,4,cycle,post,3172,122,0.00000363588333130,18.069262662
4,5,4096,16777216,33554432,4,cycle,post,3173,100,0.00000298023223877,18.356143810
4,5,4096,16777216,33554432,4,cycle,post,3174,91,0.00000271201133728,18.492205360
4,5,4096,16777216,33554432,4,cycle,post,3175,88,0.00000262260437012,18.540568381
4,5,4096,16777216,33554432,4,cycle,post,3176,86,0.00000256299972534,18.573735245
4,5,4096,16777216,33554432,4,cycle,post,3177,76,0.00000226497650146,18.752072487
4,5,4096,16777216,33554432,4,cycle,post,3178,65,0.00000193715095520,18.977632187
4,5,4096,16777216,33554432,4,cycle,post,3179,57,0.00000169873237610,19.167109986
4,5,4096,16777216,33554432,4,cycle,post,3180,41,0.00000122189521790,19.642447995
4,5,4096,16777216,33554432,4,cycle,post,3181,36,0.00000107288360596,19.830074999
4,5,4096,16777216,33554432,4,cycle,post,3182,8,0.00000023841857910,22.000000000
4,5,4096,16777216,33554432,4,cycle,post,3183,4,0.00000011920928955,23.000000000
4,5,4096,16777216,33554432,4,cycle,post,3184,0,0.00000000000000000,inf
4,5,4096,16777216,33554432,4,cycle,insertion,0,33554432,1.00000000000000000,-0.000000000
4,5,4096,16777216,33554432,4,cycle,insertion,1,33554432,1.00000000000000000,-0.000000000
4,5,4096,16777216,33554432,4,cycle,insertion,2,33554432,1.00000000000000000,-0.000000000
4,5,4096,16777216,33554432,4,cycle,insertion,3,33554432,1.00000000000000000,-0.000000000
4,5,4096,16777216,33554432,4,cycle,insertion,4,33554432,1.00000000000000000,-0.000000000
4,5,4096,16777216,33554432,4,cycle,insertion,5,33554432,1.00000000000000000,-0.000000000
4,5,4096,16777216,33554432,4,cycle,insertion,6,33554432,1.00000000000000000,-0.000000000
4,5,4096,16777216,33554432,4,cycle,insertion,7,33554432,1.00000000000000000,-0.000000000
4,5,4096,16777216,33554432,4,cycle,insertion,8,33554432,1.00000000000000000,-0.000000000
4,5,4096,16777216,33554432,4,cycle,insertion,9,33554432,1.00000000000000000,-0.000000000
4,5,4096,16777216,33554432,4,cycle,insertion,10,33554432,1.00000000000000000,-0.000000000
4,5,4096,16777216,33554432,4,cycle,insertion,11,33554432,1.00000000000000000,-0.000000000
4,5,4096,16777216,33554432,4,cycle,insertion,12,33554432,1.00000000000000000,-0.000000000
4,5,4096,16777216,33554432,4,cycle,insertion,13,33554432,1.00000000000000000,-0.000000000
4,5,4096,16777216,33554432,4,cycle,insertion,14,33554432,1.00000000000000000,-0.000000000
4,5,4096,16777216,33554432,4,cycle,insertion,15,33554432,1.00000000000000000,-0.000000000
4,5,4096,16777216,33554432,4,cycle,insertion,16,33554432,1.00000000000000000,-0.000000000
4,5,4096,16777216,33554432,4,cycle,insertion,17,33554432,1.00000000000000000,-0.000000000
4,5,4096,16777216,33554432,4,cycle,insertion,18,33554432,1.00000000000000000,-0.000000000
4,5,4096,16777216,33554432,4,cycle,insertion,19,33554432,1.00000000000000000,-0.000000000
4,5,4096,16777216,33554432,4,cycle,insertion,20,33554432,1.00000000000000000,-0.000000000
4,5,4096,16777216,33554432,4,cycle,insertion,21,33554432,1.00000000000000000,-0.000000000
4,5,4096,16777216,33554432,4,cycle,insertion,22,33554432,1.00000000000000000,-0.000000000
4,5,4096,16777216,33554432,4,cycle,insertion,23,33554432,1.00000000000000000,-0.000000000
4,5,4096,16777216,33554432,4,cycle,insertion,24,33554432,1.00000000000000000,-0.000000000
4,5,4096,16777216,33554432,4,cycle,insertion,25,33554432,1.00000000000000000,-0.000000000
4,5,4096,16777216,33554432,4,cycle,insertion,26,33554432,1.00000000000000000,-0.000000000
4,5,4096,16777216,33554432,4,cycle,insertion,27,33554432,1.00000000000000000,-0.000000000
4,5,4096,16777216,33554432,4,cycle,insertion,28,33554432,1.00000000000000000,-0.000000000
4,5,4096,16777216,33554432,4,cycle,insertion,29,33554432,1.00000000000000000,-0.000000000
4,5,4096,16777216,33554432,4,cycle,insertion,30,33554432,1.00000000000000000,-0.000000000
4,5,4096,16777216,33554432,4,cycle,insertion,31,33554432,1.00000000000000000,-0.000000000
4,5,4096,16777216,33554432,4,cycle,insertion,32,33554432,1.00000000000000000,-0.000000000
4,5,4096,16777216,33554432,4,cycle,insertion,33,33554432,1.00000000000000000,-0.000000000
4,5,4096,16777216,33554432,4,cycle,insertion,34,33554432,1.00000000000000000,-0.000000000
4,5,4096,16777216,33554432,4,cycle,insertion,35,33554432,1.00000000000000000,-0.000000000
4,5,4096,16777216,33554432,4,cycle,insertion,36,33554432,1.00000000000000000,-0.000000000
4,5,4096,16777216,33554432,4,cycle,insertion,37,33554432,1.00000000000000000,-0.000000000
4,5,4096,16777216,33554432,4,cycle,insertion,38,33554432,1.00000000000000000,-0.000000000
4,5,4096,16777216,33554432,4,cycle,insertion,39,33554432,1.00000000000000000,-0.000000000
4,5,4096,16777216,33554432,4,cycle,insertion,40,33554432,1.00000000000000000,-0.000000000
4,5,4096,16777216,33554432,4,cycle,insertion,41,33554432,1.00000000000000000,-0.000000000
4,5,4096,16777216,33554432,4,cycle,insertion,42,33554432,1.00000000000000000,-0.000000000
4,5,4096,16777216,33554432,4,cycle,insertion,43,33554432,1.00000000000000000,-0.000000000
4,5,4096,16777216,33554432,4,cycle,insertion,44,33554432,1.00000000000000000,-0.000000000
4,5,4096,16777216,33554432,4,cycle,insertion,45,33554432,1.00000000000000000,-0.000000000
4,5,4096,16777216,33554432,4,cycle,insertion,46,33554432,1.00000000000000000,-0.000000000
4,5,4096,16777216,33554432,4,cycle,insertion,47,33554432,1.00000000000000000,-0.000000000
4,5,4096,16777216,33554432,4,cycle,insertion,48,33554432,1.00000000000000000,-0.000000000
4,5,4096,16777216,33554432,4,cycle,insertion,49,33554432,1.00000000000000000,-0.000000000
4,5,4096,16777216,33554432,4,cycle,insertion,50,33554432,1.00000000000000000,-0.000000000
4,5,4096,16777216,33554432,4,cycle,insertion,51,33554432,1.00000000000000000,-0.000000000
4,5,4096,16777216,33554432,4,cycle,insertion,52,33554432,1.00000000000000000,-0.000000000
4,5,4096,16777216,33554432,4,cycle,insertion,53,33554432,1.00000000000000000,-0.000000000
4,5,4096,16777216,33554432,4,cycle,insertion,54,33554432,1.00000000000000000,-0.000000000
4,5,4096,16777216,33554432,4,cycle,insertion,55,33554432,1.00000000000000000,-0.000000000
4,5,4096,16777216,33554432,4,cycle,insertion,56,33554432,1.00000000000000000,-0.000000000
4,5,4096,16777216,33554432,4,cycle,insertion,57,33554432,1.00000000000000000,-0.000000000
4,5,4096,16777216,33554432,4,cycle,insertion,58,33554432,1.00000000000000000,-0.000000000
4,5,4096,16777216,33554432,4,cycle,insertion,59,33554432,1.00000000000000000,-0.000000000
4,5,4096,16777216,33554432,4,cycle,insertion,60,33554432,1.00000000000000000,-0.000000000
4,5,4096,16777216,33554432,4,cycle,insertion,61,33554432,1.00000000000000000,-0.000000000
4,5,4096,16777216,33554432,4,cycle,insertion,62,33554432,1.00000000000000000,-0.000000000
4,5,4096,16777216,33554432,4,cycle,insertion,63,33554432,1.00000000000000000,-0.000000000
4,5,4096,16777216,33554432,4,cycle,insertion,64,33554432,1.00000000000000000,-0.000000000
4,5,4096,16777216,33554432,4,cycle,insertion,65,33554432,1.00000000000000000,-0.000000000
4,5,4096,16777216,33554432,4,cycle,insertion,66,33554432,1.00000000000000000,-0.000000000
4,5,4096,16777216,33554432,4,cycle,insertion,67,33554432,1.00000000000000000,-0.000000000
4,5,4096,16777216,33554432,4,cycle,insertion,68,33554432,1.00000000000000000,-0.000000000
4,5,4096,16777216,33554432,4,cycle,insertion,69,33554432,1.00000000000000000,-0.000000000
4,5,4096,16777216,33554432,4,cycle,insertion,70,33554432,1.00000000000000000,-0.000000000
4,5,4096,16777216,33554432,4,cycle,insertion,71,33554432,1.00000000000000000,-0.000000000
4,5,4096,16777216,33554432,4,cycle,insertion,72,33554432,1.00000000000000000,-0.000000000
4,5,4096,16777216,33554432,4,cycle,insertion,73,33554432,1.00000000000000000,-0.000000000
4,5,4096,16777216,33554432,4,cycle,insertion,74,33554432,1.00000000000000000,-0.000000000
4,5,4096,16777216,33554432,4,cycle,insertion,75,33554432,1.00000000000000000,-0.000000000
4,5,4096,16777216,33554432,4,cycle,insertion,76,33554432,1.00000000000000000,-0.000000000
4,5,4096,16777216,33554432,4,cycle,insertion,77,33554432,1.00000000000000000,-0.000000000
4,5,4096,16777216,33554432,4,cycle,insertion,78,33554432,1.00000000000000000,-0.000000000
4,5,4096,16777216,33554432,4,cycle,insertion,79,33554432,1.00000000000000000,-0.000000000
4,5,4096,16777216,33554432,4,cycle,insertion,80,33554432,1.00000000000000000,-0.000000000
4,5,4096,16777216,33554432,4,cycle,insertion,81,33554432,1.00000000000000000,-0.000000000
4,5,4096,16777216,33554432,4,cycle,insertion,82,33554432,1.00000000000000000,-0.000000000
4,5,4096,16777216,33554432,4,cycle,insertion,83,33554432,1.00000000000000000,-0.000000000
4,5,4096,16777216,33554432,4,cycle,insertion,84,33554432,1.00000000000000000,-0.000000000
4,5,4096,16777216,33554432,4,cycle,insertion,85,33554432,1.00000000000000000,-0.000000000
4,5,4096,16777216,33554432,4,cycle,insertion,86,33554432,1.00000000000000000,-0.000000000
4,5,4096,16777216,33554432,4,cycle,insertion,87,33554432,1.00000000000000000,-0.000000000
4,5,4096,16777216,33554432,4,cycle,insertion,88,33554432,1.00000000000000000,-0.000000000
4,5,4096,16777216,33554432,4,cycle,insertion,89,33554432,1.00000000000000000,-0.000000000
4,5,4096,16777216,33554432,4,cycle,insertion,90,33554432,1.00000000000000000,-0.000000000
4,5,4096,16777216,33554432,4,cycle,insertion,91,33554432,1.00000000000000000,-0.000000000
4,5,4096,16777216,33554432,4,cycle,insertion,92,33554432,1.00000000000000000,-0.000000000
4,5,4096,16777216,33554432,4,cycle,insertion,93,33554432,1.00000000000000000,-0.000000000
4,5,4096,16777216,33554432,4,cycle,insertion,94,33554432,1.00000000000000000,-0.000000000
4,5,4096,16777216,33554432,4,cycle,insertion,95,33554432,1.00000000000000000,-0.000000000
4,5,4096,16777216,33554432,4,cycle,insertion,96,33554432,1.00000000000000000,-0.000000000
4,5,4096,16777216,33554432,4,cycle,insertion,97,33554432,1.00000000000000000,-0.000000000
4,5,4096,16777216,33554432,4,cycle,insertion,98,33554432,1.00000000000000000,-0.000000000
4,5,4096,16777216,33554432,4,cycle,insertion,99,33554432,1.00000000000000000,-0.000000000
4,5,4096,16777216,33554432,4,cycle,insertion,100,33554432,1.00000000000000000,-0.000000000
4,5,4096,16777216,33554432,4,cycle,insertion,101,33554432,1.00000000000000000,-0.000000000
4,5,4096,16777216,33554432,4,cycle,insertion,102,33554432,1.00000000000000000,-0.000000000
4,5,4096,16777216,33554432,4,cycle,insertion,103,33554432,1.00000000000000000,-0.000000000
4,5,4096,16777216,33554432,4,cycle,insertion,104,33554432,1.00000000000000000,-0.000000000
4,5,4096,16777216,33554432,4,cycle,insertion,105,33554432,1.00000000000000000,-0.000000000
4,5,4096,16777216,33554432,4,cycle,insertion,106,33554432,1.00000000000000000,-0.000000000
4,5,4096,16777216,33554432,4,cycle,insertion,107,33554432,1.00000000000000000,-0.000000000
4,5,4096,16777216,33554432,4,cycle,insertion,108,33554432,1.00000000000000000,-0.000000000
4,5,4096,16777216,33554432,4,cycle,insertion,109,33554432,1.00000000000000000,-0.000000000
4,5,4096,16777216,33554432,4,cycle,insertion,110,33554432,1.00000000000000000,-0.000000000
4,5,4096,16777216,33554432,4,cycle,insertion,111,33554432,1.00000000000000000,-0.000000000
4,5,4096,16777216,33554432,4,cycle,insertion,112,33554432,1.00000000000000000,-0.000000000
4,5,4096,16777216,33554432,4,cycle,insertion,113,33554432,1.00000000000000000,-0.000000000
4,5,4096,16777216,33554432,4,cycle,insertion,114,33554432,1.00000000000000000,-0.000000000
4,5,4096,16777216,33554432,4,cycle,insertion,115,33554432,1.00000000000000000,-0.000000000
4,5,4096,16777216,33554432,4,cycle,insertion,116,33554432,1.00000000000000000,-0.000000000
4,5,4096,16777216,33554432,4,cycle,insertion,117,33554432,1.00000000000000000,-0.000000000
4,5,4096,16777216,33554432,4,cycle,insertion,118,33554432,1.00000000000000000,-0.000000000
4,5,4096,16777216,33554432,4,cycle,insertion,119,33554432,1.00000000000000000,-0.000000000
4,5,4096,16777216,33554432,4,cycle,insertion,120,33554432,1.00000000000000000,-0.000000000
4,5,4096,16777216,33554432,4,cycle,insertion,121,33554432,1.00000000000000000,-0.000000000
4,5,4096,16777216,33554432,4,cycle,insertion,122,33554432,1.00000000000000000,-0.000000000
4,5,4096,16777216,33554432,4,cycle,insertion,123,33554432,1.00000000000000000,-0.000000000
4,5,4096,16777216,33554432,4,cycle,insertion,124,33554432,1.00000000000000000,-0.000000000
4,5,4096,16777216,33554432,4,cycle,insertion,125,33554432,1.00000000000000000,-0.000000000
4,5,4096,16777216,33554432,4,cycle,insertion,126,33554432,1.00000000000000000,-0.000000000
4,5,4096,16777216,33554432,4,cycle,insertion,127,33554432,1.00000000000000000,-0.000000000
4,5,4096,16777216,33554432,4,cycle,insertion,128,33554432,1.00000000000000000,-0.000000000
4,5,4096,16777216,33554432,4,cycle,insertion,129,33554432,1.00000000000000000,-0.000000000
4,5,4096,16777216,33554432,4,cycle,insertion,130,33554432,1.00000000000000000,-0.000000000
4,5,4096,16777216,33554432,4,cycle,insertion,131,33554432,1.00000000000000000,-0.000000000
4,5,4096,16777216,33554432,4,cycle,insertion,132,33554432,1.00000000000000000,-0.000000000
4,5,4096,16777216,33554432,4,cycle,insertion,133,33554432,1.00000000000000000,-0.000000000
4,5,4096,16777216,33554432,4,cycle,insertion,134,33554432,1.00000000000000000,-0.000000000
4,5,4096,16777216,33554432,4,cycle,insertion,135,33554432,1.00000000000000000,-0.000000000
4,5,4096,16777216,33554432,4,cycle,insertion,136,33554432,1.00000000000000000,-0.000000000
4,5,4096,16777216,33554432,4,cycle,insertion,137,33554432,1.00000000000000000,-0.000000000
4,5,4096,16777216,33554432,4,cycle,insertion,138,33554432,1.00000000000000000,-0.000000000
4,5,4096,16777216,33554432,4,cycle,insertion,139,33554432,1.00000000000000000,-0.000000000
4,5,4096,16777216,33554432,4,cycle,insertion,140,33554432,1.00000000000000000,-0.000000000
4,5,4096,16777216,33554432,4,cycle,insertion,141,33554432,1.00000000000000000,-0.000000000
4,5,4096,16777216,33554432,4,cycle,insertion,142,33554432,1.00000000000000000,-0.000000000
4,5,4096,16777216,33554432,4,cycle,insertion,143,33554432,1.00000000000000000,-0.000000000
4,5,4096,16777216,33554432,4,cycle,insertion,144,33554432,1.00000000000000000,-0.000000000
4,5,4096,16777216,33554432,4,cycle,insertion,145,33554432,1.00000000000000000,-0.000000000
4,5,4096,16777216,33554432,4,cycle,insertion,146,33554432,1.00000000000000000,-0.000000000
4,5,4096,16777216,33554432,4,cycle,insertion,147,33554432,1.00000000000000000,-0.000000000
4,5,4096,16777216,33554432,4,cycle,insertion,148,33554432,1.00000000000000000,-0.000000000
4,5,4096,16777216,33554432,4,cycle,insertion,149,33554432,1.00000000000000000,-0.000000000
4,5,4096,16777216,33554432,4,cycle,insertion,150,33554432,1.00000000000000000,-0.000000000
4,5,4096,16777216,33554432,4,cycle,insertion,151,33554432,1.00000000000000000,-0.000000000
4,5,4096,16777216,33554432,4,cycle,insertion,152,33554432,1.00000000000000000,-0.000000000
4,5,4096,16777216,33554432,4,cycle,insertion,153,33554432,1.00000000000000000,-0.000000000
4,5,4096,16777216,33554432,4,cycle,insertion,154,33554432,1.00000000000000000,-0.000000000
4,5,4096,16777216,33554432,4,cycle,insertion,155,33554432,1.00000000000000000,-0.000000000
4,5,4096,16777216,33554432,4,cycle,insertion,156,33554432,1.00000000000000000,-0.000000000
4,5,4096,16777216,33554432,4,cycle,insertion,157,33554432,1.00000000000000000,-0.000000000
4,5,4096,16777216,33554432,4,cycle,insertion,158,33554432,1.00000000000000000,-0.000000000
4,5,4096,16777216,33554432,4,cycle,insertion,159,33554432,1.00000000000000000,-0.000000000
4,5,4096,16777216,33554432,4,cycle,insertion,160,33554432,1.00000000000000000,-0.000000000
4,5,4096,16777216,33554432,4,cycle,insertion,161,33554432,1.00000000000000000,-0.000000000
4,5,4096,16777216,33554432,4,cycle,insertion,162,33554432,1.00000000000000000,-0.000000000
4,5,4096,16777216,33554432,4,cycle,insertion,163,33554432,1.00000000000000000,-0.000000000
4,5,4096,16777216,33554432,4,cycle,insertion,164,33554432,1.00000000000000000,-0.000000000
4,5,4096,16777216,33554432,4,cycle,insertion,165,33554432,1.00000000000000000,-0.000000000
4,5,4096,16777216,33554432,4,cycle,insertion,166,33554432,1.00000000000000000,-0.000000000
4,5,4096,16777216,33554432,4,cycle,insertion,167,33554432,1.00000000000000000,-0.000000000
4,5,4096,16777216,33554432,4,cycle,insertion,168,33554432,1.00000000000000000,-0.000000000
4,5,4096,16777216,33554432,4,cycle,insertion,169,33554432,1.00000000000000000,-0.000000000
4,5,4096,16777216,33554432,4,cycle,insertion,170,33554432,1.00000000000000000,-0.000000000
4,5,4096,16777216,33554432,4,cycle,insertion,171,33554432,1.00000000000000000,-0.000000000
4,5,4096,16777216,33554432,4,cycle,insertion,172,33554432,1.00000000000000000,-0.000000000
4,5,4096,16777216,33554432,4,cycle,insertion,173,33554432,1.00000000000000000,-0.000000000
4,5,4096,16777216,33554432,4,cycle,insertion,174,33554432,1.00000000000000000,-0.000000000
4,5,4096,16777216,33554432,4,cycle,insertion,175,33554432,1.00000000000000000,-0.000000000
4,5,4096,16777216,33554432,4,cycle,insertion,176,33554432,1.00000000000000000,-0.000000000
4,5,4096,16777216,33554432,4,cycle,insertion,177,33554432,1.00000000000000000,-0.000000000
4,5,4096,16777216,33554432,4,cycle,insertion,178,33554432,1.00000000000000000,-0.000000000
4,5,4096,16777216,33554432,4,cycle,insertion,179,33554432,1.00000000000000000,-0.000000000
4,5,4096,16777216,33554432,4,cycle,insertion,180,33554432,1.00000000000000000,-0.000000000
4,5,4096,16777216,33554432,4,cycle,insertion,181,33554432,1.00000000000000000,-0.000000000
4,5,4096,16777216,33554432,4,cycle,insertion,182,33554432,1.00000000000000000,-0.000000000
4,5,4096,16777216,33554432,4,cycle,insertion,183,33554432,1.00000000000000000,-0.000000000
4,5,4096,16777216,33554432,4,cycle,insertion,184,33554432,1.00000000000000000,-0.000000000
4,5,4096,16777216,33554432,4,cycle,insertion,185,33554432,1.00000000000000000,-0.000000000
4,5,4096,16777216,33554432,4,cycle,insertion,186,33554432,1.00000000000000000,-0.000000000
4,5,4096,16777216,33554432,4,cycle,insertion,187,33554432,1.00000000000000000,-0.000000000
4,5,4096,16777216,33554432,4,cycle,insertion,188,33554432,1.00000000000000000,-0.000000000
4,5,4096,16777216,33554432,4,cycle,insertion,189,33554432,1.00000000000000000,-0.000000000
4,5,4096,16777216,33554432,4,cycle,insertion,190,33554432,1.00000000000000000,-0.000000000
4,5,4096,16777216,33554432,4,cycle,insertion,191,33554432,1.00000000000000000,-0.000000000
4,5,4096,16777216,33554432,4,cycle,insertion,192,33554432,1.00000000000000000,-0.000000000
4,5,4096,16777216,33554432,4,cycle,insertion,193,33554432,1.00000000000000000,-0.000000000
4,5,4096,16777216,33554432,4,cycle,insertion,194,33554432,1.00000000000000000,-0.000000000
4,5,4096,16777216,33554432,4,cycle,insertion,195,33554432,1.00000000000000000,-0.000000000
4,5,4096,16777216,33554432,4,cycle,insertion,196,33554432,1.00000000000000000,-0.000000000
4,5,4096,16777216,33554432,4,cycle,insertion,197,33554432,1.00000000000000000,-0.000000000
4,5,4096,16777216,33554432,4,cycle,insertion,198,33554432,1.00000000000000000,-0.000000000
4,5,4096,16777216,33554432,4,cycle,insertion,199,33554432,1.00000000000000000,-0.000000000
4,5,4096,16777216,33554432,4,cycle,insertion,200,33554432,1.00000000000000000,-0.000000000
4,5,4096,16777216,33554432,4,cycle,insertion,201,33554432,1.00000000000000000,-0.000000000
4,5,4096,16777216,33554432,4,cycle,insertion,202,33554432,1.00000000000000000,-0.000000000
4,5,4096,16777216,33554432,4,cycle,insertion,203,33554432,1.00000000000000000,-0.000000000
4,5,4096,16777216,33554432,4,cycle,insertion,204,33554432,1.00000000000000000,-0.000000000
4,5,4096,16777216,33554432,4,cycle,insertion,205,33554432,1.00000000000000000,-0.000000000
4,5,4096,16777216,33554432,4,cycle,insertion,206,33554432,1.00000000000000000,-0.000000000
4,5,4096,16777216,33554432,4,cycle,insertion,207,33554432,1.00000000000000000,-0.000000000
4,5,4096,16777216,33554432,4,cycle,insertion,208,33554432,1.00000000000000000,-0.000000000
4,5,4096,16777216,33554432,4,cycle,insertion,209,33554432,1.00000000000000000,-0.000000000
4,5,4096,16777216,33554432,4,cycle,insertion,210,33554432,1.00000000000000000,-0.000000000
4,5,4096,16777216,33554432,4,cycle,insertion,211,33554432,1.00000000000000000,-0.000000000
4,5,4096,16777216,33554432,4,cycle,insertion,212,33554432,1.00000000000000000,-0.000000000
4,5,4096,16777216,33554432,4,cycle,insertion,213,33554432,1.00000000000000000,-0.000000000
4,5,4096,16777216,33554432,4,cycle,insertion,214,33554432,1.00000000000000000,-0.000000000
4,5,4096,16777216,33554432,4,cycle,insertion,215,33554432,1.00000000000000000,-0.000000000
4,5,4096,16777216,33554432,4,cycle,insertion,216,33554432,1.00000000000000000,-0.000000000
4,5,4096,16777216,33554432,4,cycle,insertion,217,33554432,1.00000000000000000,-0.000000000
4,5,4096,16777216,33554432,4,cycle,insertion,218,33554432,1.00000000000000000,-0.000000000
4,5,4096,16777216,33554432,4,cycle,insertion,219,33554432,1.00000000000000000,-0.000000000
4,5,4096,16777216,33554432,4,cycle,insertion,220,33554432,1.00000000000000000,-0.000000000
4,5,4096,16777216,33554432,4,cycle,insertion,221,33554432,1.00000000000000000,-0.000000000
4,5,4096,16777216,33554432,4,cycle,insertion,222,33554432,1.00000000000000000,-0.000000000
4,5,4096,16777216,33554432,4,cycle,insertion,223,33554432,1.00000000000000000,-0.000000000
4,5,4096,16777216,33554432,4,cycle,insertion,224,33554432,1.00000000000000000,-0.000000000
4,5,4096,16777216,33554432,4,cycle,insertion,225,33554432,1.00000000000000000,-0.000000000
4,5,4096,16777216,33554432,4,cycle,insertion,226,33554432,1.00000000000000000,-0.000000000
4,5,4096,16777216,33554432,4,cycle,insertion,227,33554432,1.00000000000000000,-0.000000000
4,5,4096,16777216,33554432,4,cycle,insertion,228,33554432,1.00000000000000000,-0.000000000
4,5,4096,16777216,33554432,4,cycle,insertion,229,33554432,1.00000000000000000,-0.000000000
4,5,4096,16777216,33554432,4,cycle,insertion,230,33554432,1.00000000000000000,-0.000000000
4,5,4096,16777216,33554432,4,cycle,insertion,231,33554432,1.00000000000000000,-0.000000000
4,5,4096,16777216,33554432,4,cycle,insertion,232,33554432,1.00000000000000000,-0.000000000
4,5,4096,16777216,33554432,4,cycle,insertion,233,33554432,1.00000000000000000,-0.000000000
4,5,4096,16777216,33554432,4,cycle,insertion,234,33554432,1.00000000000000000,-0.000000000
4,5,4096,16777216,33554432,4,cycle,insertion,235,33554432,1.00000000000000000,-0.000000000
4,5,4096,16777216,33554432,4,cycle,insertion,236,33554432,1.00000000000000000,-0.000000000
4,5,4096,16777216,33554432,4,cycle,insertion,237,33554432,1.00000000000000000,-0.000000000
4,5,4096,16777216,33554432,4,cycle,insertion,238,33554432,1.00000000000000000,-0.000000000
4,5,4096,16777216,33554432,4,cycle,insertion,239,33554432,1.00000000000000000,-0.000000000
4,5,4096,16777216,33554432,4,cycle,insertion,240,33554432,1.00000000000000000,-0.000000000
4,5,4096,16777216,33554432,4,cycle,insertion,241,33554432,1.00000000000000000,-0.000000000
4,5,4096,16777216,33554432,4,cycle,insertion,242,33554432,1.00000000000000000,-0.000000000
4,5,4096,16777216,33554432,4,cycle,insertion,243,33554432,1.00000000000000000,-0.000000000
4,5,4096,16777216,33554432,4,cycle,insertion,244,33554432,1.00000000000000000,-0.000000000
4,5,4096,16777216,33554432,4,cycle,insertion,245,33554432,1.00000000000000000,-0.000000000
4,5,4096,16777216,33554432,4,cycle,insertion,246,33554432,1.00000000000000000,-0.000000000
4,5,4096,16777216,33554432,4,cycle,insertion,247,33554432,1.00000000000000000,-0.000000000
4,5,4096,16777216,33554432,4,cycle,insertion,248,33554432,1.00000000000000000,-0.000000000
4,5,4096,16777216,33554432,4,cycle,insertion,249,33554432,1.00000000000000000,-0.000000000
4,5,4096,16777216,33554432,4,cycle,insertion,250,33554432,1.00000000000000000,-0.000000000
4,5,4096,16777216,33554432,4,cycle,insertion,251,33554432,1.00000000000000000,-0.000000000
4,5,4096,16777216,33554432,4,cycle,insertion,252,33554432,1.00000000000000000,-0.000000000
4,5,4096,16777216,33554432,4,cycle,insertion,253,33554432,1.00000000000000000,-0.000000000
4,5,4096,16777216,33554432,4,cycle,insertion,254,33554432,1.00000000000000000,-0.000000000
4,5,4096,16777216,33554432,4,cycle,insertion,255,33554432,1.00000000000000000,-0.000000000
4,5,4096,16777216,33554432,4,cycle,insertion,256,33554432,1.00000000000000000,-0.000000000
4,5,4096,16777216,33554432,4,cycle,insertion,257,33554432,1.00000000000000000,-0.000000000
4,5,4096,16777216,33554432,4,cycle,insertion,258,33554432,1.00000000000000000,-0.000000000
4,5,4096,16777216,33554432,4,cycle,insertion,259,33554432,1.00000000000000000,-0.000000000
4,5,4096,16777216,33554432,4,cycle,insertion,260,33554432,1.00000000000000000,-0.000000000
4,5,4096,16777216,33554432,4,cycle,insertion,261,33554432,1.00000000000000000,-0.000000000
4,5,4096,16777216,33554432,4,cycle,insertion,262,33554432,1.00000000000000000,-0.000000000
4,5,4096,16777216,33554432,4,cycle,insertion,263,33554432,1.00000000000000000,-0.000000000
4,5,4096,16777216,33554432,4,cycle,insertion,264,33554432,1.00000000000000000,-0.000000000
4,5,4096,16777216,33554432,4,cycle,insertion,265,33554432,1.00000000000000000,-0.000000000
4,5,4096,16777216,33554432,4,cycle,insertion,266,33554432,1.00000000000000000,-0.000000000
4,5,4096,16777216,33554432,4,cycle,insertion,267,33554432,1.00000000000000000,-0.000000000
4,5,4096,16777216,33554432,4,cycle,insertion,268,33554432,1.00000000000000000,-0.000000000
4,5,4096,16777216,33554432,4,cycle,insertion,269,33554432,1.00000000000000000,-0.000000000
4,5,4096,16777216,33554432,4,cycle,insertion,270,33554432,1.00000000000000000,-0.000000000
4,5,4096,16777216,33554432,4,cycle,insertion,271,33554432,1.00000000000000000,-0.000000000
4,5,4096,16777216,33554432,4,cycle,insertion,272,33554432,1.00000000000000000,-0.000000000
4,5,4096,16777216,33554432,4,cycle,insertion,273,33554432,1.00000000000000000,-0.000000000
4,5,4096,16777216,33554432,4,cycle,insertion,274,33554432,1.00000000000000000,-0.000000000
4,5,4096,16777216,33554432,4,cycle,insertion,275,33554432,1.00000000000000000,-0.000000000
4,5,4096,16777216,33554432,4,cycle,insertion,276,33554432,1.00000000000000000,-0.000000000
4,5,4096,16777216,33554432,4,cycle,insertion,277,33554432,1.00000000000000000,-0.000000000
4,5,4096,16777216,33554432,4,cycle,insertion,278,33554432,1.00000000000000000,-0.000000000
4,5,4096,16777216,33554432,4,cycle,insertion,279,33554432,1.00000000000000000,-0.000000000
4,5,4096,16777216,33554432,4,cycle,insertion,280,33554432,1.00000000000000000,-0.000000000
4,5,4096,16777216,33554432,4,cycle,insertion,281,33554432,1.00000000000000000,-0.000000000
4,5,4096,16777216,33554432,4,cycle,insertion,282,33554432,1.00000000000000000,-0.000000000
4,5,4096,16777216,33554432,4,cycle,insertion,283,33554432,1.00000000000000000,-0.000000000
4,5,4096,16777216,33554432,4,cycle,insertion,284,33554432,1.00000000000000000,-0.000000000
4,5,4096,16777216,33554432,4,cycle,insertion,285,33554432,1.00000000000000000,-0.000000000
4,5,4096,16777216,33554432,4,cycle,insertion,286,33554432,1.00000000000000000,-0.000000000
4,5,4096,16777216,33554432,4,cycle,insertion,287,33554432,1.00000000000000000,-0.000000000
4,5,4096,16777216,33554432,4,cycle,insertion,288,33554432,1.00000000000000000,-0.000000000
4,5,4096,16777216,33554432,4,cycle,insertion,289,33554432,1.00000000000000000,-0.000000000
4,5,4096,16777216,33554432,4,cycle,insertion,290,33554432,1.00000000000000000,-0.000000000
4,5,4096,16777216,33554432,4,cycle,insertion,291,33554432,1.00000000000000000,-0.000000000
4,5,4096,16777216,33554432,4,cycle,insertion,292,33554432,1.00000000000000000,-0.000000000
4,5,4096,16777216,33554432,4,cycle,insertion,293,33554432,1.00000000000000000,-0.000000000
4,5,4096,16777216,33554432,4,cycle,insertion,294,33554432,1.00000000000000000,-0.000000000
4,5,4096,16777216,33554432,4,cycle,insertion,295,33554432,1.00000000000000000,-0.000000000
4,5,4096,16777216,33554432,4,cycle,insertion,296,33554432,1.00000000000000000,-0.000000000
4,5,4096,16777216,33554432,4,cycle,insertion,297,33554432,1.00000000000000000,-0.000000000
4,5,4096,16777216,33554432,4,cycle,insertion,298,33554432,1.00000000000000000,-0.000000000
4,5,4096,16777216,33554432,4,cycle,insertion,299,33554432,1.00000000000000000,-0.000000000
4,5,4096,16777216,33554432,4,cycle,insertion,300,33554432,1.00000000000000000,-0.000000000
4,5,4096,16777216,33554432,4,cycle,insertion,301,33554432,1.00000000000000000,-0.000000000
4,5,4096,16777216,33554432,4,cycle,insertion,302,33554432,1.00000000000000000,-0.000000000
4,5,4096,16777216,33554432,4,cycle,insertion,303,33554432,1.00000000000000000,-0.000000000
4,5,4096,16777216,33554432,4,cycle,insertion,304,33554432,1.00000000000000000,-0.000000000
4,5,4096,16777216,33554432,4,cycle,insertion,305,33554432,1.00000000000000000,-0.000000000
4,5,4096,16777216,33554432,4,cycle,insertion,306,33554432,1.00000000000000000,-0.000000000
4,5,4096,16777216,33554432,4,cycle,insertion,307,33554432,1.00000000000000000,-0.000000000
4,5,4096,16777216,33554432,4,cycle,insertion,308,33554432,1.00000000000000000,-0.000000000
4,5,4096,16777216,33554432,4,cycle,insertion,309,33554432,1.00000000000000000,-0.000000000
4,5,4096,16777216,33554432,4,cycle,insertion,310,33554432,1.00000000000000000,-0.000000000
4,5,4096,16777216,33554432,4,cycle,insertion,311,33554432,1.00000000000000000,-0.000000000
4,5,4096,16777216,33554432,4,cycle,insertion,312,33554432,1.00000000000000000,-0.000000000
4,5,4096,16777216,33554432,4,cycle,insertion,313,33554432,1.00000000000000000,-0.000000000
4,5,4096,16777216,33554432,4,cycle,insertion,314,33554432,1.00000000000000000,-0.000000000
4,5,4096,16777216,33554432,4,cycle,insertion,315,33554432,1.00000000000000000,-0.000000000
4,5,4096,16777216,33554432,4,cycle,insertion,316,33554432,1.00000000000000000,-0.000000000
4,5,4096,16777216,33554432,4,cycle,insertion,317,33554432,1.00000000000000000,-0.000000000
4,5,4096,16777216,33554432,4,cycle,insertion,318,33554432,1.00000000000000000,-0.000000000
4,5,4096,16777216,33554432,4,cycle,insertion,319,33554432,1.00000000000000000,-0.000000000
4,5,4096,16777216,33554432,4,cycle,insertion,320,33554432,1.00000000000000000,-0.000000000
4,5,4096,16777216,33554432,4,cycle,insertion,321,33554432,1.00000000000000000,-0.000000000
4,5,4096,16777216,33554432,4,cycle,insertion,322,33554432,1.00000000000000000,-0.000000000
4,5,4096,16777216,33554432,4,cycle,insertion,323,33554432,1.00000000000000000,-0.000000000
4,5,4096,16777216,33554432,4,cycle,insertion,324,33554432,1.00000000000000000,-0.000000000
4,5,4096,16777216,33554432,4,cycle,insertion,325,33554432,1.00000000000000000,-0.000000000
4,5,4096,16777216,33554432,4,cycle,insertion,326,33554432,1.00000000000000000,-0.000000000
4,5,4096,16777216,33554432,4,cycle,insertion,327,33554432,1.00000000000000000,-0.000000000
4,5,4096,16777216,33554432,4,cycle,insertion,328,33554432,1.00000000000000000,-0.000000000
4,5,4096,16777216,33554432,4,cycle,insertion,329,33554432,1.00000000000000000,-0.000000000
4,5,4096,16777216,33554432,4,cycle,insertion,330,33554432,1.00000000000000000,-0.000000000
4,5,4096,16777216,33554432,4,cycle,insertion,331,33554432,1.00000000000000000,-0.000000000
4,5,4096,16777216,33554432,4,cycle,insertion,332,33554432,1.00000000000000000,-0.000000000
4,5,4096,16777216,33554432,4,cycle,insertion,333,33554432,1.00000000000000000,-0.000000000
4,5,4096,16777216,33554432,4,cycle,insertion,334,33554432,1.00000000000000000,-0.000000000
4,5,4096,16777216,33554432,4,cycle,insertion,335,33554432,1.00000000000000000,-0.000000000
4,5,4096,16777216,33554432,4,cycle,insertion,336,33554432,1.00000000000000000,-0.000000000
4,5,4096,16777216,33554432,4,cycle,insertion,337,33554432,1.00000000000000000,-0.000000000
4,5,4096,16777216,33554432,4,cycle,insertion,338,33554432,1.00000000000000000,-0.000000000
4,5,4096,16777216,33554432,4,cycle,insertion,339,33554432,1.00000000000000000,-0.000000000
4,5,4096,16777216,33554432,4,cycle,insertion,340,33554432,1.00000000000000000,-0.000000000
4,5,4096,16777216,33554432,4,cycle,insertion,341,33554432,1.00000000000000000,-0.000000000
4,5,4096,16777216,33554432,4,cycle,insertion,342,33554432,1.00000000000000000,-0.000000000
4,5,4096,16777216,33554432,4,cycle,insertion,343,33554432,1.00000000000000000,-0.000000000
4,5,4096,16777216,33554432,4,cycle,insertion,344,33554432,1.00000000000000000,-0.000000000
4,5,4096,16777216,33554432,4,cycle,insertion,345,33554432,1.00000000000000000,-0.000000000
4,5,4096,16777216,33554432,4,cycle,insertion,346,33554432,1.00000000000000000,-0.000000000
4,5,4096,16777216,33554432,4,cycle,insertion,347,33554432,1.00000000000000000,-0.000000000
4,5,4096,16777216,33554432,4,cycle,insertion,348,33554432,1.00000000000000000,-0.000000000
4,5,4096,16777216,33554432,4,cycle,insertion,349,33554432,1.00000000000000000,-0.000000000
4,5,4096,16777216,33554432,4,cycle,insertion,350,33554432,1.00000000000000000,-0.000000000
4,5,4096,16777216,33554432,4,cycle,insertion,351,33554432,1.00000000000000000,-0.000000000
4,5,4096,16777216,33554432,4,cycle,insertion,352,33554432,1.00000000000000000,-0.000000000
4,5,4096,16777216,33554432,4,cycle,insertion,353,33554432,1.00000000000000000,-0.000000000
4,5,4096,16777216,33554432,4,cycle,insertion,354,33554432,1.00000000000000000,-0.000000000
4,5,4096,16777216,33554432,4,cycle,insertion,355,33554432,1.00000000000000000,-0.000000000
4,5,4096,16777216,33554432,4,cycle,insertion,356,33554432,1.00000000000000000,-0.000000000
4,5,4096,16777216,33554432,4,cycle,insertion,357,33554432,1.00000000000000000,-0.000000000
4,5,4096,16777216,33554432,4,cycle,insertion,358,33554432,1.00000000000000000,-0.000000000
4,5,4096,16777216,33554432,4,cycle,insertion,359,33554432,1.00000000000000000,-0.000000000
4,5,4096,16777216,33554432,4,cycle,insertion,360,33554432,1.00000000000000000,-0.000000000
4,5,4096,16777216,33554432,4,cycle,insertion,361,33554432,1.00000000000000000,-0.000000000
4,5,4096,16777216,33554432,4,cycle,insertion,362,33554432,1.00000000000000000,-0.000000000
4,5,4096,16777216,33554432,4,cycle,insertion,363,33554432,1.00000000000000000,-0.000000000
4,5,4096,16777216,33554432,4,cycle,insertion,364,33554432,1.00000000000000000,-0.000000000
4,5,4096,16777216,33554432,4,cycle,insertion,365,33554432,1.00000000000000000,-0.000000000
4,5,4096,16777216,33554432,4,cycle,insertion,366,33554432,1.00000000000000000,-0.000000000
4,5,4096,16777216,33554432,4,cycle,insertion,367,33554432,1.00000000000000000,-0.000000000
4,5,4096,16777216,33554432,4,cycle,insertion,368,33554432,1.00000000000000000,-0.000000000
4,5,4096,16777216,33554432,4,cycle,insertion,369,33554432,1.00000000000000000,-0.000000000
4,5,4096,16777216,33554432,4,cycle,insertion,370,33554432,1.00000000000000000,-0.000000000
4,5,4096,16777216,33554432,4,cycle,insertion,371,33554432,1.00000000000000000,-0.000000000
4,5,4096,16777216,33554432,4,cycle,insertion,372,33554432,1.00000000000000000,-0.000000000
4,5,4096,16777216,33554432,4,cycle,insertion,373,33554432,1.00000000000000000,-0.000000000
4,5,4096,16777216,33554432,4,cycle,insertion,374,33554432,1.00000000000000000,-0.000000000
4,5,4096,16777216,33554432,4,cycle,insertion,375,33554432,1.00000000000000000,-0.000000000
4,5,4096,16777216,33554432,4,cycle,insertion,376,33554432,1.00000000000000000,-0.000000000
4,5,4096,16777216,33554432,4,cycle,insertion,377,33554432,1.00000000000000000,-0.000000000
4,5,4096,16777216,33554432,4,cycle,insertion,378,33554432,1.00000000000000000,-0.000000000
4,5,4096,16777216,33554432,4,cycle,insertion,379,33554432,1.00000000000000000,-0.000000000
4,5,4096,16777216,33554432,4,cycle,insertion,380,33554432,1.00000000000000000,-0.000000000
4,5,4096,16777216,33554432,4,cycle,insertion,381,33554432,1.00000000000000000,-0.000000000
4,5,4096,16777216,33554432,4,cycle,insertion,382,33554432,1.00000000000000000,-0.000000000
4,5,4096,16777216,33554432,4,cycle,insertion,383,33554432,1.00000000000000000,-0.000000000
4,5,4096,16777216,33554432,4,cycle,insertion,384,33554432,1.00000000000000000,-0.000000000
4,5,4096,16777216,33554432,4,cycle,insertion,385,33554432,1.00000000000000000,-0.000000000
4,5,4096,16777216,33554432,4,cycle,insertion,386,33554432,1.00000000000000000,-0.000000000
4,5,4096,16777216,33554432,4,cycle,insertion,387,33554432,1.00000000000000000,-0.000000000
4,5,4096,16777216,33554432,4,cycle,insertion,388,33554432,1.00000000000000000,-0.000000000
4,5,4096,16777216,33554432,4,cycle,insertion,389,33554432,1.00000000000000000,-0.000000000
4,5,4096,16777216,33554432,4,cycle,insertion,390,33554432,1.00000000000000000,-0.000000000
4,5,4096,16777216,33554432,4,cycle,insertion,391,33554432,1.00000000000000000,-0.000000000
4,5,4096,16777216,33554432,4,cycle,insertion,392,33554432,1.00000000000000000,-0.000000000
4,5,4096,16777216,33554432,4,cycle,insertion,393,33554432,1.00000000000000000,-0.000000000
4,5,4096,16777216,33554432,4,cycle,insertion,394,33554432,1.00000000000000000,-0.000000000
4,5,4096,16777216,33554432,4,cycle,insertion,395,33554432,1.00000000000000000,-0.000000000
4,5,4096,16777216,33554432,4,cycle,insertion,396,33554432,1.00000000000000000,-0.000000000
4,5,4096,16777216,33554432,4,cycle,insertion,397,33554432,1.00000000000000000,-0.000000000
4,5,4096,16777216,33554432,4,cycle,insertion,398,33554432,1.00000000000000000,-0.000000000
4,5,4096,16777216,33554432,4,cycle,insertion,399,33554432,1.00000000000000000,-0.000000000
4,5,4096,16777216,33554432,4,cycle,insertion,400,33554432,1.00000000000000000,-0.000000000
4,5,4096,16777216,33554432,4,cycle,insertion,401,33554432,1.00000000000000000,-0.000000000
4,5,4096,16777216,33554432,4,cycle,insertion,402,33554432,1.00000000000000000,-0.000000000
4,5,4096,16777216,33554432,4,cycle,insertion,403,33554432,1.00000000000000000,-0.000000000
4,5,4096,16777216,33554432,4,cycle,insertion,404,33554432,1.00000000000000000,-0.000000000
4,5,4096,16777216,33554432,4,cycle,insertion,405,33554432,1.00000000000000000,-0.000000000
4,5,4096,16777216,33554432,4,cycle,insertion,406,33554432,1.00000000000000000,-0.000000000
4,5,4096,16777216,33554432,4,cycle,insertion,407,33554432,1.00000000000000000,-0.000000000
4,5,4096,16777216,33554432,4,cycle,insertion,408,33554432,1.00000000000000000,-0.000000000
4,5,4096,16777216,33554432,4,cycle,insertion,409,33554432,1.00000000000000000,-0.000000000
4,5,4096,16777216,33554432,4,cycle,insertion,410,33554432,1.00000000000000000,-0.000000000
4,5,4096,16777216,33554432,4,cycle,insertion,411,33554432,1.00000000000000000,-0.000000000
4,5,4096,16777216,33554432,4,cycle,insertion,412,33554432,1.00000000000000000,-0.000000000
4,5,4096,16777216,33554432,4,cycle,insertion,413,33554432,1.00000000000000000,-0.000000000
4,5,4096,16777216,33554432,4,cycle,insertion,414,33554432,1.00000000000000000,-0.000000000
4,5,4096,16777216,33554432,4,cycle,insertion,415,33554432,1.00000000000000000,-0.000000000
4,5,4096,16777216,33554432,4,cycle,insertion,416,33554432,1.00000000000000000,-0.000000000
4,5,4096,16777216,33554432,4,cycle,insertion,417,33554432,1.00000000000000000,-0.000000000
4,5,4096,16777216,33554432,4,cycle,insertion,418,33554432,1.00000000000000000,-0.000000000
4,5,4096,16777216,33554432,4,cycle,insertion,419,33554432,1.00000000000000000,-0.000000000
4,5,4096,16777216,33554432,4,cycle,insertion,420,33554432,1.00000000000000000,-0.000000000
4,5,4096,16777216,33554432,4,cycle,insertion,421,33554432,1.00000000000000000,-0.000000000
4,5,4096,16777216,33554432,4,cycle,insertion,422,33554432,1.00000000000000000,-0.000000000
4,5,4096,16777216,33554432,4,cycle,insertion,423,33554432,1.00000000000000000,-0.000000000
4,5,4096,16777216,33554432,4,cycle,insertion,424,33554432,1.00000000000000000,-0.000000000
4,5,4096,16777216,33554432,4,cycle,insertion,425,33554432,1.00000000000000000,-0.000000000
4,5,4096,16777216,33554432,4,cycle,insertion,426,33554432,1.00000000000000000,-0.000000000
4,5,4096,16777216,33554432,4,cycle,insertion,427,33554432,1.00000000000000000,-0.000000000
4,5,4096,16777216,33554432,4,cycle,insertion,428,33554432,1.00000000000000000,-0.000000000
4,5,4096,16777216,33554432,4,cycle,insertion,429,33554432,1.00000000000000000,-0.000000000
4,5,4096,16777216,33554432,4,cycle,insertion,430,33554432,1.00000000000000000,-0.000000000
4,5,4096,16777216,33554432,4,cycle,insertion,431,33554432,1.00000000000000000,-0.000000000
4,5,4096,16777216,33554432,4,cycle,insertion,432,33554432,1.00000000000000000,-0.000000000
4,5,4096,16777216,33554432,4,cycle,insertion,433,33554432,1.00000000000000000,-0.000000000
4,5,4096,16777216,33554432,4,cycle,insertion,434,33554432,1.00000000000000000,-0.000000000
4,5,4096,16777216,33554432,4,cycle,insertion,435,33554432,1.00000000000000000,-0.000000000
4,5,4096,16777216,33554432,4,cycle,insertion,436,33554432,1.00000000000000000,-0.000000000
4,5,4096,16777216,33554432,4,cycle,insertion,437,33554432,1.00000000000000000,-0.000000000
4,5,4096,16777216,33554432,4,cycle,insertion,438,33554432,1.00000000000000000,-0.000000000
4,5,4096,16777216,33554432,4,cycle,insertion,439,33554432,1.00000000000000000,-0.000000000
4,5,4096,16777216,33554432,4,cycle,insertion,440,33554432,1.00000000000000000,-0.000000000
4,5,4096,16777216,33554432,4,cycle,insertion,441,33554432,1.00000000000000000,-0.000000000
4,5,4096,16777216,33554432,4,cycle,insertion,442,33554432,1.00000000000000000,-0.000000000
4,5,4096,16777216,33554432,4,cycle,insertion,443,33554432,1.00000000000000000,-0.000000000
4,5,4096,16777216,33554432,4,cycle,insertion,444,33554432,1.00000000000000000,-0.000000000
4,5,4096,16777216,33554432,4,cycle,insertion,445,33554432,1.00000000000000000,-0.000000000
4,5,4096,16777216,33554432,4,cycle,insertion,446,33554432,1.00000000000000000,-0.000000000
4,5,4096,16777216,33554432,4,cycle,insertion,447,33554432,1.00000000000000000,-0.000000000
4,5,4096,16777216,33554432,4,cycle,insertion,448,33554432,1.00000000000000000,-0.000000000
4,5,4096,16777216,33554432,4,cycle,insertion,449,33554432,1.00000000000000000,-0.000000000
4,5,4096,16777216,33554432,4,cycle,insertion,450,33554432,1.00000000000000000,-0.000000000
4,5,4096,16777216,33554432,4,cycle,insertion,451,33554432,1.00000000000000000,-0.000000000
4,5,4096,16777216,33554432,4,cycle,insertion,452,33554432,1.00000000000000000,-0.000000000
4,5,4096,16777216,33554432,4,cycle,insertion,453,33554432,1.00000000000000000,-0.000000000
4,5,4096,16777216,33554432,4,cycle,insertion,454,33554432,1.00000000000000000,-0.000000000
4,5,4096,16777216,33554432,4,cycle,insertion,455,33554432,1.00000000000000000,-0.000000000
4,5,4096,16777216,33554432,4,cycle,insertion,456,33554432,1.00000000000000000,-0.000000000
4,5,4096,16777216,33554432,4,cycle,insertion,457,33554432,1.00000000000000000,-0.000000000
4,5,4096,16777216,33554432,4,cycle,insertion,458,33554432,1.00000000000000000,-0.000000000
4,5,4096,16777216,33554432,4,cycle,insertion,459,33554432,1.00000000000000000,-0.000000000
4,5,4096,16777216,33554432,4,cycle,insertion,460,33554432,1.00000000000000000,-0.000000000
4,5,4096,16777216,33554432,4,cycle,insertion,461,33554432,1.00000000000000000,-0.000000000
4,5,4096,16777216,33554432,4,cycle,insertion,462,33554432,1.00000000000000000,-0.000000000
4,5,4096,16777216,33554432,4,cycle,insertion,463,33554432,1.00000000000000000,-0.000000000
4,5,4096,16777216,33554432,4,cycle,insertion,464,33554432,1.00000000000000000,-0.000000000
4,5,4096,16777216,33554432,4,cycle,insertion,465,33554432,1.00000000000000000,-0.000000000
4,5,4096,16777216,33554432,4,cycle,insertion,466,33554432,1.00000000000000000,-0.000000000
4,5,4096,16777216,33554432,4,cycle,insertion,467,33554432,1.00000000000000000,-0.000000000
4,5,4096,16777216,33554432,4,cycle,insertion,468,33554432,1.00000000000000000,-0.000000000
4,5,4096,16777216,33554432,4,cycle,insertion,469,33554432,1.00000000000000000,-0.000000000
4,5,4096,16777216,33554432,4,cycle,insertion,470,33554432,1.00000000000000000,-0.000000000
4,5,4096,16777216,33554432,4,cycle,insertion,471,33554432,1.00000000000000000,-0.000000000
4,5,4096,16777216,33554432,4,cycle,insertion,472,33554432,1.00000000000000000,-0.000000000
4,5,4096,16777216,33554432,4,cycle,insertion,473,33554432,1.00000000000000000,-0.000000000
4,5,4096,16777216,33554432,4,cycle,insertion,474,33554432,1.00000000000000000,-0.000000000
4,5,4096,16777216,33554432,4,cycle,insertion,475,33554432,1.00000000000000000,-0.000000000
4,5,4096,16777216,33554432,4,cycle,insertion,476,33554432,1.00000000000000000,-0.000000000
4,5,4096,16777216,33554432,4,cycle,insertion,477,33554432,1.00000000000000000,-0.000000000
4,5,4096,16777216,33554432,4,cycle,insertion,478,33554432,1.00000000000000000,-0.000000000
4,5,4096,16777216,33554432,4,cycle,insertion,479,33554432,1.00000000000000000,-0.000000000
4,5,4096,16777216,33554432,4,cycle,insertion,480,33554432,1.00000000000000000,-0.000000000
4,5,4096,16777216,33554432,4,cycle,insertion,481,33554432,1.00000000000000000,-0.000000000
4,5,4096,16777216,33554432,4,cycle,insertion,482,33554432,1.00000000000000000,-0.000000000
4,5,4096,16777216,33554432,4,cycle,insertion,483,33554432,1.00000000000000000,-0.000000000
4,5,4096,16777216,33554432,4,cycle,insertion,484,33554432,1.00000000000000000,-0.000000000
4,5,4096,16777216,33554432,4,cycle,insertion,485,33554432,1.00000000000000000,-0.000000000
4,5,4096,16777216,33554432,4,cycle,insertion,486,33554432,1.00000000000000000,-0.000000000
4,5,4096,16777216,33554432,4,cycle,insertion,487,33554432,1.00000000000000000,-0.000000000
4,5,4096,16777216,33554432,4,cycle,insertion,488,33554432,1.00000000000000000,-0.000000000
4,5,4096,16777216,33554432,4,cycle,insertion,489,33554432,1.00000000000000000,-0.000000000
4,5,4096,16777216,33554432,4,cycle,insertion,490,33554432,1.00000000000000000,-0.000000000
4,5,4096,16777216,33554432,4,cycle,insertion,491,33554432,1.00000000000000000,-0.000000000
4,5,4096,16777216,33554432,4,cycle,insertion,492,33554432,1.00000000000000000,-0.000000000
4,5,4096,16777216,33554432,4,cycle,insertion,493,33554432,1.00000000000000000,-0.000000000
4,5,4096,16777216,33554432,4,cycle,insertion,494,33554432,1.00000000000000000,-0.000000000
4,5,4096,16777216,33554432,4,cycle,insertion,495,33554432,1.00000000000000000,-0.000000000
4,5,4096,16777216,33554432,4,cycle,insertion,496,33554432,1.00000000000000000,-0.000000000
4,5,4096,16777216,33554432,4,cycle,insertion,497,33554432,1.00000000000000000,-0.000000000
4,5,4096,16777216,33554432,4,cycle,insertion,498,33554432,1.00000000000000000,-0.000000000
4,5,4096,16777216,33554432,4,cycle,insertion,499,33554432,1.00000000000000000,-0.000000000
4,5,4096,16777216,33554432,4,cycle,insertion,500,33554432,1.00000000000000000,-0.000000000
4,5,4096,16777216,33554432,4,cycle,insertion,501,33554432,1.00000000000000000,-0.000000000
4,5,4096,16777216,33554432,4,cycle,insertion,502,33554432,1.00000000000000000,-0.000000000
4,5,4096,16777216,33554432,4,cycle,insertion,503,33554432,1.00000000000000000,-0.000000000
4,5,4096,16777216,33554432,4,cycle,insertion,504,33554432,1.00000000000000000,-0.000000000
4,5,4096,16777216,33554432,4,cycle,insertion,505,33554432,1.00000000000000000,-0.000000000
4,5,4096,16777216,33554432,4,cycle,insertion,506,33554432,1.00000000000000000,-0.000000000
4,5,4096,16777216,33554432,4,cycle,insertion,507,33554432,1.00000000000000000,-0.000000000
4,5,4096,16777216,33554432,4,cycle,insertion,508,33554432,1.00000000000000000,-0.000000000
4,5,4096,16777216,33554432,4,cycle,insertion,509,33554432,1.00000000000000000,-0.000000000
4,5,4096,16777216,33554432,4,cycle,insertion,510,33554432,1.00000000000000000,-0.000000000
4,5,4096,16777216,33554432,4,cycle,insertion,511,33554432,1.00000000000000000,-0.000000000
4,5,4096,16777216,33554432,4,cycle,insertion,512,33554432,1.00000000000000000,-0.000000000
4,5,4096,16777216,33554432,4,cycle,insertion,513,33554432,1.00000000000000000,-0.000000000
4,5,4096,16777216,33554432,4,cycle,insertion,514,33554432,1.00000000000000000,-0.000000000
4,5,4096,16777216,33554432,4,cycle,insertion,515,33554432,1.00000000000000000,-0.000000000
4,5,4096,16777216,33554432,4,cycle,insertion,516,33554432,1.00000000000000000,-0.000000000
4,5,4096,16777216,33554432,4,cycle,insertion,517,33554432,1.00000000000000000,-0.000000000
4,5,4096,16777216,33554432,4,cycle,insertion,518,33554432,1.00000000000000000,-0.000000000
4,5,4096,16777216,33554432,4,cycle,insertion,519,33554432,1.00000000000000000,-0.000000000
4,5,4096,16777216,33554432,4,cycle,insertion,520,33554432,1.00000000000000000,-0.000000000
4,5,4096,16777216,33554432,4,cycle,insertion,521,33554432,1.00000000000000000,-0.000000000
4,5,4096,16777216,33554432,4,cycle,insertion,522,33554432,1.00000000000000000,-0.000000000
4,5,4096,16777216,33554432,4,cycle,insertion,523,33554432,1.00000000000000000,-0.000000000
4,5,4096,16777216,33554432,4,cycle,insertion,524,33554432,1.00000000000000000,-0.000000000
4,5,4096,16777216,33554432,4,cycle,insertion,525,33554432,1.00000000000000000,-0.000000000
4,5,4096,16777216,33554432,4,cycle,insertion,526,33554432,1.00000000000000000,-0.000000000
4,5,4096,16777216,33554432,4,cycle,insertion,527,33554432,1.00000000000000000,-0.000000000
4,5,4096,16777216,33554432,4,cycle,insertion,528,33554432,1.00000000000000000,-0.000000000
4,5,4096,16777216,33554432,4,cycle,insertion,529,33554432,1.00000000000000000,-0.000000000
4,5,4096,16777216,33554432,4,cycle,insertion,530,33554432,1.00000000000000000,-0.000000000
4,5,4096,16777216,33554432,4,cycle,insertion,531,33554432,1.00000000000000000,-0.000000000
4,5,4096,16777216,33554432,4,cycle,insertion,532,33554432,1.00000000000000000,-0.000000000
4,5,4096,16777216,33554432,4,cycle,insertion,533,33554432,1.00000000000000000,-0.000000000
4,5,4096,16777216,33554432,4,cycle,insertion,534,33554432,1.00000000000000000,-0.000000000
4,5,4096,16777216,33554432,4,cycle,insertion,535,33554432,1.00000000000000000,-0.000000000
4,5,4096,16777216,33554432,4,cycle,insertion,536,33554432,1.00000000000000000,-0.000000000
4,5,4096,16777216,33554432,4,cycle,insertion,537,33554432,1.00000000000000000,-0.000000000
4,5,4096,16777216,33554432,4,cycle,insertion,538,33554432,1.00000000000000000,-0.000000000
4,5,4096,16777216,33554432,4,cycle,insertion,539,33554432,1.00000000000000000,-0.000000000
4,5,4096,16777216,33554432,4,cycle,insertion,540,33554432,1.00000000000000000,-0.000000000
4,5,4096,16777216,33554432,4,cycle,insertion,541,33554432,1.00000000000000000,-0.000000000
4,5,4096,16777216,33554432,4,cycle,insertion,542,33554432,1.00000000000000000,-0.000000000
4,5,4096,16777216,33554432,4,cycle,insertion,543,33554432,1.00000000000000000,-0.000000000
4,5,4096,16777216,33554432,4,cycle,insertion,544,33554432,1.00000000000000000,-0.000000000
4,5,4096,16777216,33554432,4,cycle,insertion,545,33554432,1.00000000000000000,-0.000000000
4,5,4096,16777216,33554432,4,cycle,insertion,546,33554432,1.00000000000000000,-0.000000000
4,5,4096,16777216,33554432,4,cycle,insertion,547,33554432,1.00000000000000000,-0.000000000
4,5,4096,16777216,33554432,4,cycle,insertion,548,33554432,1.00000000000000000,-0.000000000
4,5,4096,16777216,33554432,4,cycle,insertion,549,33554432,1.00000000000000000,-0.000000000
4,5,4096,16777216,33554432,4,cycle,insertion,550,33554432,1.00000000000000000,-0.000000000
4,5,4096,16777216,33554432,4,cycle,insertion,551,33554432,1.00000000000000000,-0.000000000
4,5,4096,16777216,33554432,4,cycle,insertion,552,33554432,1.00000000000000000,-0.000000000
4,5,4096,16777216,33554432,4,cycle,insertion,553,33554432,1.00000000000000000,-0.000000000
4,5,4096,16777216,33554432,4,cycle,insertion,554,33554432,1.00000000000000000,-0.000000000
4,5,4096,16777216,33554432,4,cycle,insertion,555,33554432,1.00000000000000000,-0.000000000
4,5,4096,16777216,33554432,4,cycle,insertion,556,33554432,1.00000000000000000,-0.000000000
4,5,4096,16777216,33554432,4,cycle,insertion,557,33554432,1.00000000000000000,-0.000000000
4,5,4096,16777216,33554432,4,cycle,insertion,558,33554432,1.00000000000000000,-0.000000000
4,5,4096,16777216,33554432,4,cycle,insertion,559,33554432,1.00000000000000000,-0.000000000
4,5,4096,16777216,33554432,4,cycle,insertion,560,33554432,1.00000000000000000,-0.000000000
4,5,4096,16777216,33554432,4,cycle,insertion,561,33554432,1.00000000000000000,-0.000000000
4,5,4096,16777216,33554432,4,cycle,insertion,562,33554432,1.00000000000000000,-0.000000000
4,5,4096,16777216,33554432,4,cycle,insertion,563,33554432,1.00000000000000000,-0.000000000
4,5,4096,16777216,33554432,4,cycle,insertion,564,33554432,1.00000000000000000,-0.000000000
4,5,4096,16777216,33554432,4,cycle,insertion,565,33554432,1.00000000000000000,-0.000000000
4,5,4096,16777216,33554432,4,cycle,insertion,566,33554432,1.00000000000000000,-0.000000000
4,5,4096,16777216,33554432,4,cycle,insertion,567,33554432,1.00000000000000000,-0.000000000
4,5,4096,16777216,33554432,4,cycle,insertion,568,33554432,1.00000000000000000,-0.000000000
4,5,4096,16777216,33554432,4,cycle,insertion,569,33554432,1.00000000000000000,-0.000000000
4,5,4096,16777216,33554432,4,cycle,insertion,570,33554432,1.00000000000000000,-0.000000000
4,5,4096,16777216,33554432,4,cycle,insertion,571,33554432,1.00000000000000000,-0.000000000
4,5,4096,16777216,33554432,4,cycle,insertion,572,33554432,1.00000000000000000,-0.000000000
4,5,4096,16777216,33554432,4,cycle,insertion,573,33554432,1.00000000000000000,-0.000000000
4,5,4096,16777216,33554432,4,cycle,insertion,574,33554432,1.00000000000000000,-0.000000000
4,5,4096,16777216,33554432,4,cycle,insertion,575,33554432,1.00000000000000000,-0.000000000
4,5,4096,16777216,33554432,4,cycle,insertion,576,33554432,1.00000000000000000,-0.000000000
4,5,4096,16777216,33554432,4,cycle,insertion,577,33554432,1.00000000000000000,-0.000000000
4,5,4096,16777216,33554432,4,cycle,insertion,578,33554432,1.00000000000000000,-0.000000000
4,5,4096,16777216,33554432,4,cycle,insertion,579,33554432,1.00000000000000000,-0.000000000
4,5,4096,16777216,33554432,4,cycle,insertion,580,33554432,1.00000000000000000,-0.000000000
4,5,4096,16777216,33554432,4,cycle,insertion,581,33554432,1.00000000000000000,-0.000000000
4,5,4096,16777216,33554432,4,cycle,insertion,582,33554432,1.00000000000000000,-0.000000000
4,5,4096,16777216,33554432,4,cycle,insertion,583,33554432,1.00000000000000000,-0.000000000
4,5,4096,16777216,33554432,4,cycle,insertion,584,33554432,1.00000000000000000,-0.000000000
4,5,4096,16777216,33554432,4,cycle,insertion,585,33554432,1.00000000000000000,-0.000000000
4,5,4096,16777216,33554432,4,cycle,insertion,586,33554432,1.00000000000000000,-0.000000000
4,5,4096,16777216,33554432,4,cycle,insertion,587,33554432,1.00000000000000000,-0.000000000
4,5,4096,16777216,33554432,4,cycle,insertion,588,33554432,1.00000000000000000,-0.000000000
4,5,4096,16777216,33554432,4,cycle,insertion,589,33554432,1.00000000000000000,-0.000000000
4,5,4096,16777216,33554432,4,cycle,insertion,590,33554432,1.00000000000000000,-0.000000000
4,5,4096,16777216,33554432,4,cycle,insertion,591,33554432,1.00000000000000000,-0.000000000
4,5,4096,16777216,33554432,4,cycle,insertion,592,33554432,1.00000000000000000,-0.000000000
4,5,4096,16777216,33554432,4,cycle,insertion,593,33554432,1.00000000000000000,-0.000000000
4,5,4096,16777216,33554432,4,cycle,insertion,594,33554432,1.00000000000000000,-0.000000000
4,5,4096,16777216,33554432,4,cycle,insertion,595,33554432,1.00000000000000000,-0.000000000
4,5,4096,16777216,33554432,4,cycle,insertion,596,33554432,1.00000000000000000,-0.000000000
4,5,4096,16777216,33554432,4,cycle,insertion,597,33554432,1.00000000000000000,-0.000000000
4,5,4096,16777216,33554432,4,cycle,insertion,598,33554432,1.00000000000000000,-0.000000000
4,5,4096,16777216,33554432,4,cycle,insertion,599,33554432,1.00000000000000000,-0.000000000
4,5,4096,16777216,33554432,4,cycle,insertion,600,33554432,1.00000000000000000,-0.000000000
4,5,4096,16777216,33554432,4,cycle,insertion,601,33554432,1.00000000000000000,-0.000000000
4,5,4096,16777216,33554432,4,cycle,insertion,602,33554432,1.00000000000000000,-0.000000000
4,5,4096,16777216,33554432,4,cycle,insertion,603,33554432,1.00000000000000000,-0.000000000
4,5,4096,16777216,33554432,4,cycle,insertion,604,33554432,1.00000000000000000,-0.000000000
4,5,4096,16777216,33554432,4,cycle,insertion,605,33554432,1.00000000000000000,-0.000000000
4,5,4096,16777216,33554432,4,cycle,insertion,606,33554432,1.00000000000000000,-0.000000000
4,5,4096,16777216,33554432,4,cycle,insertion,607,33554432,1.00000000000000000,-0.000000000
4,5,4096,16777216,33554432,4,cycle,insertion,608,33554432,1.00000000000000000,-0.000000000
4,5,4096,16777216,33554432,4,cycle,insertion,609,33554432,1.00000000000000000,-0.000000000
4,5,4096,16777216,33554432,4,cycle,insertion,610,33554432,1.00000000000000000,-0.000000000
4,5,4096,16777216,33554432,4,cycle,insertion,611,33554432,1.00000000000000000,-0.000000000
4,5,4096,16777216,33554432,4,cycle,insertion,612,33554432,1.00000000000000000,-0.000000000
4,5,4096,16777216,33554432,4,cycle,insertion,613,33554432,1.00000000000000000,-0.000000000
4,5,4096,16777216,33554432,4,cycle,insertion,614,33554432,1.00000000000000000,-0.000000000
4,5,4096,16777216,33554432,4,cycle,insertion,615,33554432,1.00000000000000000,-0.000000000
4,5,4096,16777216,33554432,4,cycle,insertion,616,33554432,1.00000000000000000,-0.000000000
4,5,4096,16777216,33554432,4,cycle,insertion,617,33554432,1.00000000000000000,-0.000000000
4,5,4096,16777216,33554432,4,cycle,insertion,618,33554432,1.00000000000000000,-0.000000000
4,5,4096,16777216,33554432,4,cycle,insertion,619,33554432,1.00000000000000000,-0.000000000
4,5,4096,16777216,33554432,4,cycle,insertion,620,33554432,1.00000000000000000,-0.000000000
4,5,4096,16777216,33554432,4,cycle,insertion,621,33554432,1.00000000000000000,-0.000000000
4,5,4096,16777216,33554432,4,cycle,insertion,622,33554432,1.00000000000000000,-0.000000000
4,5,4096,16777216,33554432,4,cycle,insertion,623,33554432,1.00000000000000000,-0.000000000
4,5,4096,16777216,33554432,4,cycle,insertion,624,33554432,1.00000000000000000,-0.000000000
4,5,4096,16777216,33554432,4,cycle,insertion,625,33554432,1.00000000000000000,-0.000000000
4,5,4096,16777216,33554432,4,cycle,insertion,626,33554432,1.00000000000000000,-0.000000000
4,5,4096,16777216,33554432,4,cycle,insertion,627,33554432,1.00000000000000000,-0.000000000
4,5,4096,16777216,33554432,4,cycle,insertion,628,33554432,1.00000000000000000,-0.000000000
4,5,4096,16777216,33554432,4,cycle,insertion,629,33554432,1.00000000000000000,-0.000000000
4,5,4096,16777216,33554432,4,cycle,insertion,630,33554432,1.00000000000000000,-0.000000000
4,5,4096,16777216,33554432,4,cycle,insertion,631,33554432,1.00000000000000000,-0.000000000
4,5,4096,16777216,33554432,4,cycle,insertion,632,33554432,1.00000000000000000,-0.000000000
4,5,4096,16777216,33554432,4,cycle,insertion,633,33554432,1.00000000000000000,-0.000000000
4,5,4096,16777216,33554432,4,cycle,insertion,634,33554432,1.00000000000000000,-0.000000000
4,5,4096,16777216,33554432,4,cycle,insertion,635,33554432,1.00000000000000000,-0.000000000
4,5,4096,16777216,33554432,4,cycle,insertion,636,33554432,1.00000000000000000,-0.000000000
4,5,4096,16777216,33554432,4,cycle,insertion,637,33554432,1.00000000000000000,-0.000000000
4,5,4096,16777216,33554432,4,cycle,insertion,638,33554432,1.00000000000000000,-0.000000000
4,5,4096,16777216,33554432,4,cycle,insertion,639,33554432,1.00000000000000000,-0.000000000
4,5,4096,16777216,33554432,4,cycle,insertion,640,33554432,1.00000000000000000,-0.000000000
4,5,4096,16777216,33554432,4,cycle,insertion,641,33554432,1.00000000000000000,-0.000000000
4,5,4096,16777216,33554432,4,cycle,insertion,642,33554432,1.00000000000000000,-0.000000000
4,5,4096,16777216,33554432,4,cycle,insertion,643,33554432,1.00000000000000000,-0.000000000
4,5,4096,16777216,33554432,4,cycle,insertion,644,33554432,1.00000000000000000,-0.000000000
4,5,4096,16777216,33554432,4,cycle,insertion,645,33554432,1.00000000000000000,-0.000000000
4,5,4096,16777216,33554432,4,cycle,insertion,646,33554432,1.00000000000000000,-0.000000000
4,5,4096,16777216,33554432,4,cycle,insertion,647,33554432,1.00000000000000000,-0.000000000
4,5,4096,16777216,33554432,4,cycle,insertion,648,33554432,1.00000000000000000,-0.000000000
4,5,4096,16777216,33554432,4,cycle,insertion,649,33554432,1.00000000000000000,-0.000000000
4,5,4096,16777216,33554432,4,cycle,insertion,650,33554432,1.00000000000000000,-0.000000000
4,5,4096,16777216,33554432,4,cycle,insertion,651,33554432,1.00000000000000000,-0.000000000
4,5,4096,16777216,33554432,4,cycle,insertion,652,33554432,1.00000000000000000,-0.000000000
4,5,4096,16777216,33554432,4,cycle,insertion,653,33554432,1.00000000000000000,-0.000000000
4,5,4096,16777216,33554432,4,cycle,insertion,654,33554432,1.00000000000000000,-0.000000000
4,5,4096,16777216,33554432,4,cycle,insertion,655,33554432,1.00000000000000000,-0.000000000
4,5,4096,16777216,33554432,4,cycle,insertion,656,33554432,1.00000000000000000,-0.000000000
4,5,4096,16777216,33554432,4,cycle,insertion,657,33554432,1.00000000000000000,-0.000000000
4,5,4096,16777216,33554432,4,cycle,insertion,658,33554432,1.00000000000000000,-0.000000000
4,5,4096,16777216,33554432,4,cycle,insertion,659,33554432,1.00000000000000000,-0.000000000
4,5,4096,16777216,33554432,4,cycle,insertion,660,33554432,1.00000000000000000,-0.000000000
4,5,4096,16777216,33554432,4,cycle,insertion,661,33554432,1.00000000000000000,-0.000000000
4,5,4096,16777216,33554432,4,cycle,insertion,662,33554432,1.00000000000000000,-0.000000000
4,5,4096,16777216,33554432,4,cycle,insertion,663,33554432,1.00000000000000000,-0.000000000
4,5,4096,16777216,33554432,4,cycle,insertion,664,33554432,1.00000000000000000,-0.000000000
4,5,4096,16777216,33554432,4,cycle,insertion,665,33554432,1.00000000000000000,-0.000000000
4,5,4096,16777216,33554432,4,cycle,insertion,666,33554432,1.00000000000000000,-0.000000000
4,5,4096,16777216,33554432,4,cycle,insertion,667,33554432,1.00000000000000000,-0.000000000
4,5,4096,16777216,33554432,4,cycle,insertion,668,33554432,1.00000000000000000,-0.000000000
4,5,4096,16777216,33554432,4,cycle,insertion,669,33554432,1.00000000000000000,-0.000000000
4,5,4096,16777216,33554432,4,cycle,insertion,670,33554432,1.00000000000000000,-0.000000000
4,5,4096,16777216,33554432,4,cycle,insertion,671,33554432,1.00000000000000000,-0.000000000
4,5,4096,16777216,33554432,4,cycle,insertion,672,33554432,1.00000000000000000,-0.000000000
4,5,4096,16777216,33554432,4,cycle,insertion,673,33554432,1.00000000000000000,-0.000000000
4,5,4096,16777216,33554432,4,cycle,insertion,674,33554432,1.00000000000000000,-0.000000000
4,5,4096,16777216,33554432,4,cycle,insertion,675,33554432,1.00000000000000000,-0.000000000
4,5,4096,16777216,33554432,4,cycle,insertion,676,33554432,1.00000000000000000,-0.000000000
4,5,4096,16777216,33554432,4,cycle,insertion,677,33554432,1.00000000000000000,-0.000000000
4,5,4096,16777216,33554432,4,cycle,insertion,678,33554432,1.00000000000000000,-0.000000000
4,5,4096,16777216,33554432,4,cycle,insertion,679,33554432,1.00000000000000000,-0.000000000
4,5,4096,16777216,33554432,4,cycle,insertion,680,33554432,1.00000000000000000,-0.000000000
4,5,4096,16777216,33554432,4,cycle,insertion,681,33554432,1.00000000000000000,-0.000000000
4,5,4096,16777216,33554432,4,cycle,insertion,682,33554432,1.00000000000000000,-0.000000000
4,5,4096,16777216,33554432,4,cycle,insertion,683,33554432,1.00000000000000000,-0.000000000
4,5,4096,16777216,33554432,4,cycle,insertion,684,33554432,1.00000000000000000,-0.000000000
4,5,4096,16777216,33554432,4,cycle,insertion,685,33554432,1.00000000000000000,-0.000000000
4,5,4096,16777216,33554432,4,cycle,insertion,686,33554432,1.00000000000000000,-0.000000000
4,5,4096,16777216,33554432,4,cycle,insertion,687,33554432,1.00000000000000000,-0.000000000
4,5,4096,16777216,33554432,4,cycle,insertion,688,33554432,1.00000000000000000,-0.000000000
4,5,4096,16777216,33554432,4,cycle,insertion,689,33554432,1.00000000000000000,-0.000000000
4,5,4096,16777216,33554432,4,cycle,insertion,690,33554432,1.00000000000000000,-0.000000000
4,5,4096,16777216,33554432,4,cycle,insertion,691,33554432,1.00000000000000000,-0.000000000
4,5,4096,16777216,33554432,4,cycle,insertion,692,33554432,1.00000000000000000,-0.000000000
4,5,4096,16777216,33554432,4,cycle,insertion,693,33554432,1.00000000000000000,-0.000000000
4,5,4096,16777216,33554432,4,cycle,insertion,694,33554432,1.00000000000000000,-0.000000000
4,5,4096,16777216,33554432,4,cycle,insertion,695,33554432,1.00000000000000000,-0.000000000
4,5,4096,16777216,33554432,4,cycle,insertion,696,33554432,1.00000000000000000,-0.000000000
4,5,4096,16777216,33554432,4,cycle,insertion,697,33554432,1.00000000000000000,-0.000000000
4,5,4096,16777216,33554432,4,cycle,insertion,698,33554432,1.00000000000000000,-0.000000000
4,5,4096,16777216,33554432,4,cycle,insertion,699,33554432,1.00000000000000000,-0.000000000
4,5,4096,16777216,33554432,4,cycle,insertion,700,33554432,1.00000000000000000,-0.000000000
4,5,4096,16777216,33554432,4,cycle,insertion,701,33554432,1.00000000000000000,-0.000000000
4,5,4096,16777216,33554432,4,cycle,insertion,702,33554432,1.00000000000000000,-0.000000000
4,5,4096,16777216,33554432,4,cycle,insertion,703,33554432,1.00000000000000000,-0.000000000
4,5,4096,16777216,33554432,4,cycle,insertion,704,33554432,1.00000000000000000,-0.000000000
4,5,4096,16777216,33554432,4,cycle,insertion,705,33554432,1.00000000000000000,-0.000000000
4,5,4096,16777216,33554432,4,cycle,insertion,706,33554432,1.00000000000000000,-0.000000000
4,5,4096,16777216,33554432,4,cycle,insertion,707,33554432,1.00000000000000000,-0.000000000
4,5,4096,16777216,33554432,4,cycle,insertion,708,33554432,1.00000000000000000,-0.000000000
4,5,4096,16777216,33554432,4,cycle,insertion,709,33554432,1.00000000000000000,-0.000000000
4,5,4096,16777216,33554432,4,cycle,insertion,710,33554432,1.00000000000000000,-0.000000000
4,5,4096,16777216,33554432,4,cycle,insertion,711,33554432,1.00000000000000000,-0.000000000
4,5,4096,16777216,33554432,4,cycle,insertion,712,33554432,1.00000000000000000,-0.000000000
4,5,4096,16777216,33554432,4,cycle,insertion,713,33554432,1.00000000000000000,-0.000000000
4,5,4096,16777216,33554432,4,cycle,insertion,714,33554432,1.00000000000000000,-0.000000000
4,5,4096,16777216,33554432,4,cycle,insertion,715,33554432,1.00000000000000000,-0.000000000
4,5,4096,16777216,33554432,4,cycle,insertion,716,33554432,1.00000000000000000,-0.000000000
4,5,4096,16777216,33554432,4,cycle,insertion,717,33554432,1.00000000000000000,-0.000000000
4,5,4096,16777216,33554432,4,cycle,insertion,718,33554432,1.00000000000000000,-0.000000000
4,5,4096,16777216,33554432,4,cycle,insertion,719,33554432,1.00000000000000000,-0.000000000
4,5,4096,16777216,33554432,4,cycle,insertion,720,33554432,1.00000000000000000,-0.000000000
4,5,4096,16777216,33554432,4,cycle,insertion,721,33554432,1.00000000000000000,-0.000000000
4,5,4096,16777216,33554432,4,cycle,insertion,722,33554432,1.00000000000000000,-0.000000000
4,5,4096,16777216,33554432,4,cycle,insertion,723,33554432,1.00000000000000000,-0.000000000
4,5,4096,16777216,33554432,4,cycle,insertion,724,33554432,1.00000000000000000,-0.000000000
4,5,4096,16777216,33554432,4,cycle,insertion,725,33554432,1.00000000000000000,-0.000000000
4,5,4096,16777216,33554432,4,cycle,insertion,726,33554432,1.00000000000000000,-0.000000000
4,5,4096,16777216,33554432,4,cycle,insertion,727,33554432,1.00000000000000000,-0.000000000
4,5,4096,16777216,33554432,4,cycle,insertion,728,33554432,1.00000000000000000,-0.000000000
4,5,4096,16777216,33554432,4,cycle,insertion,729,33554432,1.00000000000000000,-0.000000000
4,5,4096,16777216,33554432,4,cycle,insertion,730,33554432,1.00000000000000000,-0.000000000
4,5,4096,16777216,33554432,4,cycle,insertion,731,33554432,1.00000000000000000,-0.000000000
4,5,4096,16777216,33554432,4,cycle,insertion,732,33554432,1.00000000000000000,-0.000000000
4,5,4096,16777216,33554432,4,cycle,insertion,733,33554432,1.00000000000000000,-0.000000000
4,5,4096,16777216,33554432,4,cycle,insertion,734,33554432,1.00000000000000000,-0.000000000
4,5,4096,16777216,33554432,4,cycle,insertion,735,33554432,1.00000000000000000,-0.000000000
4,5,4096,16777216,33554432,4,cycle,insertion,736,33554432,1.00000000000000000,-0.000000000
4,5,4096,16777216,33554432,4,cycle,insertion,737,33554432,1.00000000000000000,-0.000000000
4,5,4096,16777216,33554432,4,cycle,insertion,738,33554432,1.00000000000000000,-0.000000000
4,5,4096,16777216,33554432,4,cycle,insertion,739,33554432,1.00000000000000000,-0.000000000
4,5,4096,16777216,33554432,4,cycle,insertion,740,33554432,1.00000000000000000,-0.000000000
4,5,4096,16777216,33554432,4,cycle,insertion,741,33554432,1.00000000000000000,-0.000000000
4,5,4096,16777216,33554432,4,cycle,insertion,742,33554432,1.00000000000000000,-0.000000000
4,5,4096,16777216,33554432,4,cycle,insertion,743,33554432,1.00000000000000000,-0.000000000
4,5,4096,16777216,33554432,4,cycle,insertion,744,33554432,1.00000000000000000,-0.000000000
4,5,4096,16777216,33554432,4,cycle,insertion,745,33554432,1.00000000000000000,-0.000000000
4,5,4096,16777216,33554432,4,cycle,insertion,746,33554432,1.00000000000000000,-0.000000000
4,5,4096,16777216,33554432,4,cycle,insertion,747,33554432,1.00000000000000000,-0.000000000
4,5,4096,16777216,33554432,4,cycle,insertion,748,33554432,1.00000000000000000,-0.000000000
4,5,4096,16777216,33554432,4,cycle,insertion,749,33554432,1.00000000000000000,-0.000000000
4,5,4096,16777216,33554432,4,cycle,insertion,750,33554432,1.00000000000000000,-0.000000000
4,5,4096,16777216,33554432,4,cycle,insertion,751,33554432,1.00000000000000000,-0.000000000
4,5,4096,16777216,33554432,4,cycle,insertion,752,33554432,1.00000000000000000,-0.000000000
4,5,4096,16777216,33554432,4,cycle,insertion,753,33554432,1.00000000000000000,-0.000000000
4,5,4096,16777216,33554432,4,cycle,insertion,754,33554432,1.00000000000000000,-0.000000000
4,5,4096,16777216,33554432,4,cycle,insertion,755,33554432,1.00000000000000000,-0.000000000
4,5,4096,16777216,33554432,4,cycle,insertion,756,33554432,1.00000000000000000,-0.000000000
4,5,4096,16777216,33554432,4,cycle,insertion,757,33554432,1.00000000000000000,-0.000000000
4,5,4096,16777216,33554432,4,cycle,insertion,758,33554432,1.00000000000000000,-0.000000000
4,5,4096,16777216,33554432,4,cycle,insertion,759,33554432,1.00000000000000000,-0.000000000
4,5,4096,16777216,33554432,4,cycle,insertion,760,33554432,1.00000000000000000,-0.000000000
4,5,4096,16777216,33554432,4,cycle,insertion,761,33554432,1.00000000000000000,-0.000000000
4,5,4096,16777216,33554432,4,cycle,insertion,762,33554432,1.00000000000000000,-0.000000000
4,5,4096,16777216,33554432,4,cycle,insertion,763,33554432,1.00000000000000000,-0.000000000
4,5,4096,16777216,33554432,4,cycle,insertion,764,33554432,1.00000000000000000,-0.000000000
4,5,4096,16777216,33554432,4,cycle,insertion,765,33554432,1.00000000000000000,-0.000000000
4,5,4096,16777216,33554432,4,cycle,insertion,766,33554432,1.00000000000000000,-0.000000000
4,5,4096,16777216,33554432,4,cycle,insertion,767,33554432,1.00000000000000000,-0.000000000
4,5,4096,16777216,33554432,4,cycle,insertion,768,33554432,1.00000000000000000,-0.000000000
4,5,4096,16777216,33554432,4,cycle,insertion,769,33554432,1.00000000000000000,-0.000000000
4,5,4096,16777216,33554432,4,cycle,insertion,770,33554432,1.00000000000000000,-0.000000000
4,5,4096,16777216,33554432,4,cycle,insertion,771,33554432,1.00000000000000000,-0.000000000
4,5,4096,16777216,33554432,4,cycle,insertion,772,33554432,1.00000000000000000,-0.000000000
4,5,4096,16777216,33554432,4,cycle,insertion,773,33554432,1.00000000000000000,-0.000000000
4,5,4096,16777216,33554432,4,cycle,insertion,774,33554432,1.00000000000000000,-0.000000000
4,5,4096,16777216,33554432,4,cycle,insertion,775,33554432,1.00000000000000000,-0.000000000
4,5,4096,16777216,33554432,4,cycle,insertion,776,33554432,1.00000000000000000,-0.000000000
4,5,4096,16777216,33554432,4,cycle,insertion,777,33554432,1.00000000000000000,-0.000000000
4,5,4096,16777216,33554432,4,cycle,insertion,778,33554432,1.00000000000000000,-0.000000000
4,5,4096,16777216,33554432,4,cycle,insertion,779,33554432,1.00000000000000000,-0.000000000
4,5,4096,16777216,33554432,4,cycle,insertion,780,33554432,1.00000000000000000,-0.000000000
4,5,4096,16777216,33554432,4,cycle,insertion,781,33554432,1.00000000000000000,-0.000000000
4,5,4096,16777216,33554432,4,cycle,insertion,782,33554432,1.00000000000000000,-0.000000000
4,5,4096,16777216,33554432,4,cycle,insertion,783,33554432,1.00000000000000000,-0.000000000
4,5,4096,16777216,33554432,4,cycle,insertion,784,33554432,1.00000000000000000,-0.000000000
4,5,4096,16777216,33554432,4,cycle,insertion,785,33554432,1.00000000000000000,-0.000000000
4,5,4096,16777216,33554432,4,cycle,insertion,786,33554432,1.00000000000000000,-0.000000000
4,5,4096,16777216,33554432,4,cycle,insertion,787,33554432,1.00000000000000000,-0.000000000
4,5,4096,16777216,33554432,4,cycle,insertion,788,33554432,1.00000000000000000,-0.000000000
4,5,4096,16777216,33554432,4,cycle,insertion,789,33554432,1.00000000000000000,-0.000000000
4,5,4096,16777216,33554432,4,cycle,insertion,790,33554432,1.00000000000000000,-0.000000000
4,5,4096,16777216,33554432,4,cycle,insertion,791,33554432,1.00000000000000000,-0.000000000
4,5,4096,16777216,33554432,4,cycle,insertion,792,33554432,1.00000000000000000,-0.000000000
4,5,4096,16777216,33554432,4,cycle,insertion,793,33554432,1.00000000000000000,-0.000000000
4,5,4096,16777216,33554432,4,cycle,insertion,794,33554432,1.00000000000000000,-0.000000000
4,5,4096,16777216,33554432,4,cycle,insertion,795,33554432,1.00000000000000000,-0.000000000
4,5,4096,16777216,33554432,4,cycle,insertion,796,33554432,1.00000000000000000,-0.000000000
4,5,4096,16777216,33554432,4,cycle,insertion,797,33554432,1.00000000000000000,-0.000000000
4,5,4096,16777216,33554432,4,cycle,insertion,798,33554432,1.00000000000000000,-0.000000000
4,5,4096,16777216,33554432,4,cycle,insertion,799,33554432,1.00000000000000000,-0.000000000
4,5,4096,16777216,33554432,4,cycle,insertion,800,33554432,1.00000000000000000,-0.000000000
4,5,4096,16777216,33554432,4,cycle,insertion,801,33554432,1.00000000000000000,-0.000000000
4,5,4096,16777216,33554432,4,cycle,insertion,802,33554432,1.00000000000000000,-0.000000000
4,5,4096,16777216,33554432,4,cycle,insertion,803,33554432,1.00000000000000000,-0.000000000
4,5,4096,16777216,33554432,4,cycle,insertion,804,33554432,1.00000000000000000,-0.000000000
4,5,4096,16777216,33554432,4,cycle,insertion,805,33554432,1.00000000000000000,-0.000000000
4,5,4096,16777216,33554432,4,cycle,insertion,806,33554432,1.00000000000000000,-0.000000000
4,5,4096,16777216,33554432,4,cycle,insertion,807,33554432,1.00000000000000000,-0.000000000
4,5,4096,16777216,33554432,4,cycle,insertion,808,33554432,1.00000000000000000,-0.000000000
4,5,4096,16777216,33554432,4,cycle,insertion,809,33554432,1.00000000000000000,-0.000000000
4,5,4096,16777216,33554432,4,cycle,insertion,810,33554432,1.00000000000000000,-0.000000000
4,5,4096,16777216,33554432,4,cycle,insertion,811,33554432,1.00000000000000000,-0.000000000
4,5,4096,16777216,33554432,4,cycle,insertion,812,33554432,1.00000000000000000,-0.000000000
4,5,4096,16777216,33554432,4,cycle,insertion,813,33554432,1.00000000000000000,-0.000000000
4,5,4096,16777216,33554432,4,cycle,insertion,814,33554432,1.00000000000000000,-0.000000000
4,5,4096,16777216,33554432,4,cycle,insertion,815,33554432,1.00000000000000000,-0.000000000
4,5,4096,16777216,33554432,4,cycle,insertion,816,33554432,1.00000000000000000,-0.000000000
4,5,4096,16777216,33554432,4,cycle,insertion,817,33554432,1.00000000000000000,-0.000000000
4,5,4096,16777216,33554432,4,cycle,insertion,818,33554432,1.00000000000000000,-0.000000000
4,5,4096,16777216,33554432,4,cycle,insertion,819,33554432,1.00000000000000000,-0.000000000
4,5,4096,16777216,33554432,4,cycle,insertion,820,33554432,1.00000000000000000,-0.000000000
4,5,4096,16777216,33554432,4,cycle,insertion,821,33554432,1.00000000000000000,-0.000000000
4,5,4096,16777216,33554432,4,cycle,insertion,822,33554432,1.00000000000000000,-0.000000000
4,5,4096,16777216,33554432,4,cycle,insertion,823,33554432,1.00000000000000000,-0.000000000
4,5,4096,16777216,33554432,4,cycle,insertion,824,33554432,1.00000000000000000,-0.000000000
4,5,4096,16777216,33554432,4,cycle,insertion,825,33554432,1.00000000000000000,-0.000000000
4,5,4096,16777216,33554432,4,cycle,insertion,826,33554432,1.00000000000000000,-0.000000000
4,5,4096,16777216,33554432,4,cycle,insertion,827,33554432,1.00000000000000000,-0.000000000
4,5,4096,16777216,33554432,4,cycle,insertion,828,33554432,1.00000000000000000,-0.000000000
4,5,4096,16777216,33554432,4,cycle,insertion,829,33554432,1.00000000000000000,-0.000000000
4,5,4096,16777216,33554432,4,cycle,insertion,830,33554432,1.00000000000000000,-0.000000000
4,5,4096,16777216,33554432,4,cycle,insertion,831,33554432,1.00000000000000000,-0.000000000
4,5,4096,16777216,33554432,4,cycle,insertion,832,33554432,1.00000000000000000,-0.000000000
4,5,4096,16777216,33554432,4,cycle,insertion,833,33554432,1.00000000000000000,-0.000000000
4,5,4096,16777216,33554432,4,cycle,insertion,834,33554432,1.00000000000000000,-0.000000000
4,5,4096,16777216,33554432,4,cycle,insertion,835,33554432,1.00000000000000000,-0.000000000
4,5,4096,16777216,33554432,4,cycle,insertion,836,33554432,1.00000000000000000,-0.000000000
4,5,4096,16777216,33554432,4,cycle,insertion,837,33554432,1.00000000000000000,-0.000000000
4,5,4096,16777216,33554432,4,cycle,insertion,838,33554432,1.00000000000000000,-0.000000000
4,5,4096,16777216,33554432,4,cycle,insertion,839,33554432,1.00000000000000000,-0.000000000
4,5,4096,16777216,33554432,4,cycle,insertion,840,33554432,1.00000000000000000,-0.000000000
4,5,4096,16777216,33554432,4,cycle,insertion,841,33554432,1.00000000000000000,-0.000000000
4,5,4096,16777216,33554432,4,cycle,insertion,842,33554432,1.00000000000000000,-0.000000000
4,5,4096,16777216,33554432,4,cycle,insertion,843,33554432,1.00000000000000000,-0.000000000
4,5,4096,16777216,33554432,4,cycle,insertion,844,33554432,1.00000000000000000,-0.000000000
4,5,4096,16777216,33554432,4,cycle,insertion,845,33554432,1.00000000000000000,-0.000000000
4,5,4096,16777216,33554432,4,cycle,insertion,846,33554432,1.00000000000000000,-0.000000000
4,5,4096,16777216,33554432,4,cycle,insertion,847,33554432,1.00000000000000000,-0.000000000
4,5,4096,16777216,33554432,4,cycle,insertion,848,33554432,1.00000000000000000,-0.000000000
4,5,4096,16777216,33554432,4,cycle,insertion,849,33554432,1.00000000000000000,-0.000000000
4,5,4096,16777216,33554432,4,cycle,insertion,850,33554432,1.00000000000000000,-0.000000000
4,5,4096,16777216,33554432,4,cycle,insertion,851,33554432,1.00000000000000000,-0.000000000
4,5,4096,16777216,33554432,4,cycle,insertion,852,33554432,1.00000000000000000,-0.000000000
4,5,4096,16777216,33554432,4,cycle,insertion,853,33554432,1.00000000000000000,-0.000000000
4,5,4096,16777216,33554432,4,cycle,insertion,854,33554432,1.00000000000000000,-0.000000000
4,5,4096,16777216,33554432,4,cycle,insertion,855,33554432,1.00000000000000000,-0.000000000
4,5,4096,16777216,33554432,4,cycle,insertion,856,33554432,1.00000000000000000,-0.000000000
4,5,4096,16777216,33554432,4,cycle,insertion,857,33554432,1.00000000000000000,-0.000000000
4,5,4096,16777216,33554432,4,cycle,insertion,858,33554432,1.00000000000000000,-0.000000000
4,5,4096,16777216,33554432,4,cycle,insertion,859,33554432,1.00000000000000000,-0.000000000
4,5,4096,16777216,33554432,4,cycle,insertion,860,33554432,1.00000000000000000,-0.000000000
4,5,4096,16777216,33554432,4,cycle,insertion,861,33554432,1.00000000000000000,-0.000000000
4,5,4096,16777216,33554432,4,cycle,insertion,862,33554432,1.00000000000000000,-0.000000000
4,5,4096,16777216,33554432,4,cycle,insertion,863,33554432,1.00000000000000000,-0.000000000
4,5,4096,16777216,33554432,4,cycle,insertion,864,33554432,1.00000000000000000,-0.000000000
4,5,4096,16777216,33554432,4,cycle,insertion,865,33554432,1.00000000000000000,-0.000000000
4,5,4096,16777216,33554432,4,cycle,insertion,866,33554432,1.00000000000000000,-0.000000000
4,5,4096,16777216,33554432,4,cycle,insertion,867,33554432,1.00000000000000000,-0.000000000
4,5,4096,16777216,33554432,4,cycle,insertion,868,33554432,1.00000000000000000,-0.000000000
4,5,4096,16777216,33554432,4,cycle,insertion,869,33554432,1.00000000000000000,-0.000000000
4,5,4096,16777216,33554432,4,cycle,insertion,870,33554432,1.00000000000000000,-0.000000000
4,5,4096,16777216,33554432,4,cycle,insertion,871,33554432,1.00000000000000000,-0.000000000
4,5,4096,16777216,33554432,4,cycle,insertion,872,33554432,1.00000000000000000,-0.000000000
4,5,4096,16777216,33554432,4,cycle,insertion,873,33554432,1.00000000000000000,-0.000000000
4,5,4096,16777216,33554432,4,cycle,insertion,874,33554432,1.00000000000000000,-0.000000000
4,5,4096,16777216,33554432,4,cycle,insertion,875,33554432,1.00000000000000000,-0.000000000
4,5,4096,16777216,33554432,4,cycle,insertion,876,33554432,1.00000000000000000,-0.000000000
4,5,4096,16777216,33554432,4,cycle,insertion,877,33554432,1.00000000000000000,-0.000000000
4,5,4096,16777216,33554432,4,cycle,insertion,878,33554432,1.00000000000000000,-0.000000000
4,5,4096,16777216,33554432,4,cycle,insertion,879,33554432,1.00000000000000000,-0.000000000
4,5,4096,16777216,33554432,4,cycle,insertion,880,33554432,1.00000000000000000,-0.000000000
4,5,4096,16777216,33554432,4,cycle,insertion,881,33554432,1.00000000000000000,-0.000000000
4,5,4096,16777216,33554432,4,cycle,insertion,882,33554432,1.00000000000000000,-0.000000000
4,5,4096,16777216,33554432,4,cycle,insertion,883,33554432,1.00000000000000000,-0.000000000
4,5,4096,16777216,33554432,4,cycle,insertion,884,33554432,1.00000000000000000,-0.000000000
4,5,4096,16777216,33554432,4,cycle,insertion,885,33554432,1.00000000000000000,-0.000000000
4,5,4096,16777216,33554432,4,cycle,insertion,886,33554432,1.00000000000000000,-0.000000000
4,5,4096,16777216,33554432,4,cycle,insertion,887,33554432,1.00000000000000000,-0.000000000
4,5,4096,16777216,33554432,4,cycle,insertion,888,33554432,1.00000000000000000,-0.000000000
4,5,4096,16777216,33554432,4,cycle,insertion,889,33554432,1.00000000000000000,-0.000000000
4,5,4096,16777216,33554432,4,cycle,insertion,890,33554432,1.00000000000000000,-0.000000000
4,5,4096,16777216,33554432,4,cycle,insertion,891,33554432,1.00000000000000000,-0.000000000
4,5,4096,16777216,33554432,4,cycle,insertion,892,33554432,1.00000000000000000,-0.000000000
4,5,4096,16777216,33554432,4,cycle,insertion,893,33554432,1.00000000000000000,-0.000000000
4,5,4096,16777216,33554432,4,cycle,insertion,894,33554432,1.00000000000000000,-0.000000000
4,5,4096,16777216,33554432,4,cycle,insertion,895,33554432,1.00000000000000000,-0.000000000
4,5,4096,16777216,33554432,4,cycle,insertion,896,33554432,1.00000000000000000,-0.000000000
4,5,4096,16777216,33554432,4,cycle,insertion,897,33554432,1.00000000000000000,-0.000000000
4,5,4096,16777216,33554432,4,cycle,insertion,898,33554432,1.00000000000000000,-0.000000000
4,5,4096,16777216,33554432,4,cycle,insertion,899,33554432,1.00000000000000000,-0.000000000
4,5,4096,16777216,33554432,4,cycle,insertion,900,33554432,1.00000000000000000,-0.000000000
4,5,4096,16777216,33554432,4,cycle,insertion,901,33554432,1.00000000000000000,-0.000000000
4,5,4096,16777216,33554432,4,cycle,insertion,902,33554432,1.00000000000000000,-0.000000000
4,5,4096,16777216,33554432,4,cycle,insertion,903,33554432,1.00000000000000000,-0.000000000
4,5,4096,16777216,33554432,4,cycle,insertion,904,33554432,1.00000000000000000,-0.000000000
4,5,4096,16777216,33554432,4,cycle,insertion,905,33554432,1.00000000000000000,-0.000000000
4,5,4096,16777216,33554432,4,cycle,insertion,906,33554432,1.00000000000000000,-0.000000000
4,5,4096,16777216,33554432,4,cycle,insertion,907,33554432,1.00000000000000000,-0.000000000
4,5,4096,16777216,33554432,4,cycle,insertion,908,33554432,1.00000000000000000,-0.000000000
4,5,4096,16777216,33554432,4,cycle,insertion,909,33554432,1.00000000000000000,-0.000000000
4,5,4096,16777216,33554432,4,cycle,insertion,910,33554432,1.00000000000000000,-0.000000000
4,5,4096,16777216,33554432,4,cycle,insertion,911,33554432,1.00000000000000000,-0.000000000
4,5,4096,16777216,33554432,4,cycle,insertion,912,33554432,1.00000000000000000,-0.000000000
4,5,4096,16777216,33554432,4,cycle,insertion,913,33554432,1.00000000000000000,-0.000000000
4,5,4096,16777216,33554432,4,cycle,insertion,914,33554432,1.00000000000000000,-0.000000000
4,5,4096,16777216,33554432,4,cycle,insertion,915,33554432,1.00000000000000000,-0.000000000
4,5,4096,16777216,33554432,4,cycle,insertion,916,33554432,1.00000000000000000,-0.000000000
4,5,4096,16777216,33554432,4,cycle,insertion,917,33554432,1.00000000000000000,-0.000000000
4,5,4096,16777216,33554432,4,cycle,insertion,918,33554432,1.00000000000000000,-0.000000000
4,5,4096,16777216,33554432,4,cycle,insertion,919,33554432,1.00000000000000000,-0.000000000
4,5,4096,16777216,33554432,4,cycle,insertion,920,33554432,1.00000000000000000,-0.000000000
4,5,4096,16777216,33554432,4,cycle,insertion,921,33554432,1.00000000000000000,-0.000000000
4,5,4096,16777216,33554432,4,cycle,insertion,922,33554432,1.00000000000000000,-0.000000000
4,5,4096,16777216,33554432,4,cycle,insertion,923,33554432,1.00000000000000000,-0.000000000
4,5,4096,16777216,33554432,4,cycle,insertion,924,33554432,1.00000000000000000,-0.000000000
4,5,4096,16777216,33554432,4,cycle,insertion,925,33554432,1.00000000000000000,-0.000000000
4,5,4096,16777216,33554432,4,cycle,insertion,926,33554432,1.00000000000000000,-0.000000000
4,5,4096,16777216,33554432,4,cycle,insertion,927,33554432,1.00000000000000000,-0.000000000
4,5,4096,16777216,33554432,4,cycle,insertion,928,33554432,1.00000000000000000,-0.000000000
4,5,4096,16777216,33554432,4,cycle,insertion,929,33554432,1.00000000000000000,-0.000000000
4,5,4096,16777216,33554432,4,cycle,insertion,930,33554432,1.00000000000000000,-0.000000000
4,5,4096,16777216,33554432,4,cycle,insertion,931,33554432,1.00000000000000000,-0.000000000
4,5,4096,16777216,33554432,4,cycle,insertion,932,33554432,1.00000000000000000,-0.000000000
4,5,4096,16777216,33554432,4,cycle,insertion,933,33554432,1.00000000000000000,-0.000000000
4,5,4096,16777216,33554432,4,cycle,insertion,934,33554432,1.00000000000000000,-0.000000000
4,5,4096,16777216,33554432,4,cycle,insertion,935,33554432,1.00000000000000000,-0.000000000
4,5,4096,16777216,33554432,4,cycle,insertion,936,33554432,1.00000000000000000,-0.000000000
4,5,4096,16777216,33554432,4,cycle,insertion,937,33554432,1.00000000000000000,-0.000000000
4,5,4096,16777216,33554432,4,cycle,insertion,938,33554432,1.00000000000000000,-0.000000000
4,5,4096,16777216,33554432,4,cycle,insertion,939,33554432,1.00000000000000000,-0.000000000
4,5,4096,16777216,33554432,4,cycle,insertion,940,33554432,1.00000000000000000,-0.000000000
4,5,4096,16777216,33554432,4,cycle,insertion,941,33554432,1.00000000000000000,-0.000000000
4,5,4096,16777216,33554432,4,cycle,insertion,942,33554432,1.00000000000000000,-0.000000000
4,5,4096,16777216,33554432,4,cycle,insertion,943,33554432,1.00000000000000000,-0.000000000
4,5,4096,16777216,33554432,4,cycle,insertion,944,33554432,1.00000000000000000,-0.000000000
4,5,4096,16777216,33554432,4,cycle,insertion,945,33554432,1.00000000000000000,-0.000000000
4,5,4096,16777216,33554432,4,cycle,insertion,946,33554432,1.00000000000000000,-0.000000000
4,5,4096,16777216,33554432,4,cycle,insertion,947,33554432,1.00000000000000000,-0.000000000
4,5,4096,16777216,33554432,4,cycle,insertion,948,33554432,1.00000000000000000,-0.000000000
4,5,4096,16777216,33554432,4,cycle,insertion,949,33554432,1.00000000000000000,-0.000000000
4,5,4096,16777216,33554432,4,cycle,insertion,950,33554432,1.00000000000000000,-0.000000000
4,5,4096,16777216,33554432,4,cycle,insertion,951,33554432,1.00000000000000000,-0.000000000
4,5,4096,16777216,33554432,4,cycle,insertion,952,33554432,1.00000000000000000,-0.000000000
4,5,4096,16777216,33554432,4,cycle,insertion,953,33554432,1.00000000000000000,-0.000000000
4,5,4096,16777216,33554432,4,cycle,insertion,954,33554432,1.00000000000000000,-0.000000000
4,5,4096,16777216,33554432,4,cycle,insertion,955,33554432,1.00000000000000000,-0.000000000
4,5,4096,16777216,33554432,4,cycle,insertion,956,33554432,1.00000000000000000,-0.000000000
4,5,4096,16777216,33554432,4,cycle,insertion,957,33554432,1.00000000000000000,-0.000000000
4,5,4096,16777216,33554432,4,cycle,insertion,958,33554432,1.00000000000000000,-0.000000000
4,5,4096,16777216,33554432,4,cycle,insertion,959,33554432,1.00000000000000000,-0.000000000
4,5,4096,16777216,33554432,4,cycle,insertion,960,33554432,1.00000000000000000,-0.000000000
4,5,4096,16777216,33554432,4,cycle,insertion,961,33554432,1.00000000000000000,-0.000000000
4,5,4096,16777216,33554432,4,cycle,insertion,962,33554432,1.00000000000000000,-0.000000000
4,5,4096,16777216,33554432,4,cycle,insertion,963,33554432,1.00000000000000000,-0.000000000
4,5,4096,16777216,33554432,4,cycle,insertion,964,33554432,1.00000000000000000,-0.000000000
4,5,4096,16777216,33554432,4,cycle,insertion,965,33554432,1.00000000000000000,-0.000000000
4,5,4096,16777216,33554432,4,cycle,insertion,966,33554432,1.00000000000000000,-0.000000000
4,5,4096,16777216,33554432,4,cycle,insertion,967,33554432,1.00000000000000000,-0.000000000
4,5,4096,16777216,33554432,4,cycle,insertion,968,33554432,1.00000000000000000,-0.000000000
4,5,4096,16777216,33554432,4,cycle,insertion,969,33554432,1.00000000000000000,-0.000000000
4,5,4096,16777216,33554432,4,cycle,insertion,970,33554432,1.00000000000000000,-0.000000000
4,5,4096,16777216,33554432,4,cycle,insertion,971,33554432,1.00000000000000000,-0.000000000
4,5,4096,16777216,33554432,4,cycle,insertion,972,33554432,1.00000000000000000,-0.000000000
4,5,4096,16777216,33554432,4,cycle,insertion,973,33554432,1.00000000000000000,-0.000000000
4,5,4096,16777216,33554432,4,cycle,insertion,974,33554432,1.00000000000000000,-0.000000000
4,5,4096,16777216,33554432,4,cycle,insertion,975,33554432,1.00000000000000000,-0.000000000
4,5,4096,16777216,33554432,4,cycle,insertion,976,33554432,1.00000000000000000,-0.000000000
4,5,4096,16777216,33554432,4,cycle,insertion,977,33554432,1.00000000000000000,-0.000000000
4,5,4096,16777216,33554432,4,cycle,insertion,978,33554432,1.00000000000000000,-0.000000000
4,5,4096,16777216,33554432,4,cycle,insertion,979,33554432,1.00000000000000000,-0.000000000
4,5,4096,16777216,33554432,4,cycle,insertion,980,33554432,1.00000000000000000,-0.000000000
4,5,4096,16777216,33554432,4,cycle,insertion,981,33554432,1.00000000000000000,-0.000000000
4,5,4096,16777216,33554432,4,cycle,insertion,982,33554432,1.00000000000000000,-0.000000000
4,5,4096,16777216,33554432,4,cycle,insertion,983,33554432,1.00000000000000000,-0.000000000
4,5,4096,16777216,33554432,4,cycle,insertion,984,33554432,1.00000000000000000,-0.000000000
4,5,4096,16777216,33554432,4,cycle,insertion,985,33554432,1.00000000000000000,-0.000000000
4,5,4096,16777216,33554432,4,cycle,insertion,986,33554432,1.00000000000000000,-0.000000000
4,5,4096,16777216,33554432,4,cycle,insertion,987,33554432,1.00000000000000000,-0.000000000
4,5,4096,16777216,33554432,4,cycle,insertion,988,33554432,1.00000000000000000,-0.000000000
4,5,4096,16777216,33554432,4,cycle,insertion,989,33554432,1.00000000000000000,-0.000000000
4,5,4096,16777216,33554432,4,cycle,insertion,990,33554432,1.00000000000000000,-0.000000000
4,5,4096,16777216,33554432,4,cycle,insertion,991,33554432,1.00000000000000000,-0.000000000
4,5,4096,16777216,33554432,4,cycle,insertion,992,33554432,1.00000000000000000,-0.000000000
4,5,4096,16777216,33554432,4,cycle,insertion,993,33554432,1.00000000000000000,-0.000000000
4,5,4096,16777216,33554432,4,cycle,insertion,994,33554432,1.00000000000000000,-0.000000000
4,5,4096,16777216,33554432,4,cycle,insertion,995,33554432,1.00000000000000000,-0.000000000
4,5,4096,16777216,33554432,4,cycle,insertion,996,33554432,1.00000000000000000,-0.000000000
4,5,4096,16777216,33554432,4,cycle,insertion,997,33554432,1.00000000000000000,-0.000000000
4,5,4096,16777216,33554432,4,cycle,insertion,998,33554432,1.00000000000000000,-0.000000000
4,5,4096,16777216,33554432,4,cycle,insertion,999,33554432,1.00000000000000000,-0.000000000
4,5,4096,16777216,33554432,4,cycle,insertion,1000,33554432,1.00000000000000000,-0.000000000
4,5,4096,16777216,33554432,4,cycle,insertion,1001,33554432,1.00000000000000000,-0.000000000
4,5,4096,16777216,33554432,4,cycle,insertion,1002,33554432,1.00000000000000000,-0.000000000
4,5,4096,16777216,33554432,4,cycle,insertion,1003,33554432,1.00000000000000000,-0.000000000
4,5,4096,16777216,33554432,4,cycle,insertion,1004,33554432,1.00000000000000000,-0.000000000
4,5,4096,16777216,33554432,4,cycle,insertion,1005,33554432,1.00000000000000000,-0.000000000
4,5,4096,16777216,33554432,4,cycle,insertion,1006,33554432,1.00000000000000000,-0.000000000
4,5,4096,16777216,33554432,4,cycle,insertion,1007,33554432,1.00000000000000000,-0.000000000
4,5,4096,16777216,33554432,4,cycle,insertion,1008,33554432,1.00000000000000000,-0.000000000
4,5,4096,16777216,33554432,4,cycle,insertion,1009,33554432,1.00000000000000000,-0.000000000
4,5,4096,16777216,33554432,4,cycle,insertion,1010,33554432,1.00000000000000000,-0.000000000
4,5,4096,16777216,33554432,4,cycle,insertion,1011,33554432,1.00000000000000000,-0.000000000
4,5,4096,16777216,33554432,4,cycle,insertion,1012,33554432,1.00000000000000000,-0.000000000
4,5,4096,16777216,33554432,4,cycle,insertion,1013,33554432,1.00000000000000000,-0.000000000
4,5,4096,16777216,33554432,4,cycle,insertion,1014,33554432,1.00000000000000000,-0.000000000
4,5,4096,16777216,33554432,4,cycle,insertion,1015,33554432,1.00000000000000000,-0.000000000
4,5,4096,16777216,33554432,4,cycle,insertion,1016,33554432,1.00000000000000000,-0.000000000
4,5,4096,16777216,33554432,4,cycle,insertion,1017,33554432,1.00000000000000000,-0.000000000
4,5,4096,16777216,33554432,4,cycle,insertion,1018,33554432,1.00000000000000000,-0.000000000
4,5,4096,16777216,33554432,4,cycle,insertion,1019,33554432,1.00000000000000000,-0.000000000
4,5,4096,16777216,33554432,4,cycle,insertion,1020,33554432,1.00000000000000000,-0.000000000
4,5,4096,16777216,33554432,4,cycle,insertion,1021,33554432,1.00000000000000000,-0.000000000
4,5,4096,16777216,33554432,4,cycle,insertion,1022,33554432,1.00000000000000000,-0.000000000
4,5,4096,16777216,33554432,4,cycle,insertion,1023,33554432,1.00000000000000000,-0.000000000
4,5,4096,16777216,33554432,4,cycle,insertion,1024,33554432,1.00000000000000000,-0.000000000
4,5,4096,16777216,33554432,4,cycle,insertion,1025,33554432,1.00000000000000000,-0.000000000
4,5,4096,16777216,33554432,4,cycle,insertion,1026,33554432,1.00000000000000000,-0.000000000
4,5,4096,16777216,33554432,4,cycle,insertion,1027,33554432,1.00000000000000000,-0.000000000
4,5,4096,16777216,33554432,4,cycle,insertion,1028,33554432,1.00000000000000000,-0.000000000
4,5,4096,16777216,33554432,4,cycle,insertion,1029,33554432,1.00000000000000000,-0.000000000
4,5,4096,16777216,33554432,4,cycle,insertion,1030,33554432,1.00000000000000000,-0.000000000
4,5,4096,16777216,33554432,4,cycle,insertion,1031,33554432,1.00000000000000000,-0.000000000
4,5,4096,16777216,33554432,4,cycle,insertion,1032,33554432,1.00000000000000000,-0.000000000
4,5,4096,16777216,33554432,4,cycle,insertion,1033,33554432,1.00000000000000000,-0.000000000
4,5,4096,16777216,33554432,4,cycle,insertion,1034,33554432,1.00000000000000000,-0.000000000
4,5,4096,16777216,33554432,4,cycle,insertion,1035,33554432,1.00000000000000000,-0.000000000
4,5,4096,16777216,33554432,4,cycle,insertion,1036,33554432,1.00000000000000000,-0.000000000
4,5,4096,16777216,33554432,4,cycle,insertion,1037,33554432,1.00000000000000000,-0.000000000
4,5,4096,16777216,33554432,4,cycle,insertion,1038,33554432,1.00000000000000000,-0.000000000
4,5,4096,16777216,33554432,4,cycle,insertion,1039,33554432,1.00000000000000000,-0.000000000
4,5,4096,16777216,33554432,4,cycle,insertion,1040,33554432,1.00000000000000000,-0.000000000
4,5,4096,16777216,33554432,4,cycle,insertion,1041,33554432,1.00000000000000000,-0.000000000
4,5,4096,16777216,33554432,4,cycle,insertion,1042,33554432,1.00000000000000000,-0.000000000
4,5,4096,16777216,33554432,4,cycle,insertion,1043,33554432,1.00000000000000000,-0.000000000
4,5,4096,16777216,33554432,4,cycle,insertion,1044,33554432,1.00000000000000000,-0.000000000
4,5,4096,16777216,33554432,4,cycle,insertion,1045,33554432,1.00000000000000000,-0.000000000
4,5,4096,16777216,33554432,4,cycle,insertion,1046,33554432,1.00000000000000000,-0.000000000
4,5,4096,16777216,33554432,4,cycle,insertion,1047,33554432,1.00000000000000000,-0.000000000
4,5,4096,16777216,33554432,4,cycle,insertion,1048,33554432,1.00000000000000000,-0.000000000
4,5,4096,16777216,33554432,4,cycle,insertion,1049,33554432,1.00000000000000000,-0.000000000
4,5,4096,16777216,33554432,4,cycle,insertion,1050,33554432,1.00000000000000000,-0.000000000
4,5,4096,16777216,33554432,4,cycle,insertion,1051,33554432,1.00000000000000000,-0.000000000
4,5,4096,16777216,33554432,4,cycle,insertion,1052,33554432,1.00000000000000000,-0.000000000
4,5,4096,16777216,33554432,4,cycle,insertion,1053,33554432,1.00000000000000000,-0.000000000
4,5,4096,16777216,33554432,4,cycle,insertion,1054,33554432,1.00000000000000000,-0.000000000
4,5,4096,16777216,33554432,4,cycle,insertion,1055,33554432,1.00000000000000000,-0.000000000
4,5,4096,16777216,33554432,4,cycle,insertion,1056,33554432,1.00000000000000000,-0.000000000
4,5,4096,16777216,33554432,4,cycle,insertion,1057,33554432,1.00000000000000000,-0.000000000
4,5,4096,16777216,33554432,4,cycle,insertion,1058,33554432,1.00000000000000000,-0.000000000
4,5,4096,16777216,33554432,4,cycle,insertion,1059,33554432,1.00000000000000000,-0.000000000
4,5,4096,16777216,33554432,4,cycle,insertion,1060,33554432,1.00000000000000000,-0.000000000
4,5,4096,16777216,33554432,4,cycle,insertion,1061,33554432,1.00000000000000000,-0.000000000
4,5,4096,16777216,33554432,4,cycle,insertion,1062,33554432,1.00000000000000000,-0.000000000
4,5,4096,16777216,33554432,4,cycle,insertion,1063,33554432,1.00000000000000000,-0.000000000
4,5,4096,16777216,33554432,4,cycle,insertion,1064,33554432,1.00000000000000000,-0.000000000
4,5,4096,16777216,33554432,4,cycle,insertion,1065,33554432,1.00000000000000000,-0.000000000
4,5,4096,16777216,33554432,4,cycle,insertion,1066,33554432,1.00000000000000000,-0.000000000
4,5,4096,16777216,33554432,4,cycle,insertion,1067,33554432,1.00000000000000000,-0.000000000
4,5,4096,16777216,33554432,4,cycle,insertion,1068,33554432,1.00000000000000000,-0.000000000
4,5,4096,16777216,33554432,4,cycle,insertion,1069,33554432,1.00000000000000000,-0.000000000
4,5,4096,16777216,33554432,4,cycle,insertion,1070,33554432,1.00000000000000000,-0.000000000
4,5,4096,16777216,33554432,4,cycle,insertion,1071,33554432,1.00000000000000000,-0.000000000
4,5,4096,16777216,33554432,4,cycle,insertion,1072,33554432,1.00000000000000000,-0.000000000
4,5,4096,16777216,33554432,4,cycle,insertion,1073,33554432,1.00000000000000000,-0.000000000
4,5,4096,16777216,33554432,4,cycle,insertion,1074,33554432,1.00000000000000000,-0.000000000
4,5,4096,16777216,33554432,4,cycle,insertion,1075,33554432,1.00000000000000000,-0.000000000
4,5,4096,16777216,33554432,4,cycle,insertion,1076,33554432,1.00000000000000000,-0.000000000
4,5,4096,16777216,33554432,4,cycle,insertion,1077,33554432,1.00000000000000000,-0.000000000
4,5,4096,16777216,33554432,4,cycle,insertion,1078,33554432,1.00000000000000000,-0.000000000
4,5,4096,16777216,33554432,4,cycle,insertion,1079,33554432,1.00000000000000000,-0.000000000
4,5,4096,16777216,33554432,4,cycle,insertion,1080,33554432,1.00000000000000000,-0.000000000
4,5,4096,16777216,33554432,4,cycle,insertion,1081,33554432,1.00000000000000000,-0.000000000
4,5,4096,16777216,33554432,4,cycle,insertion,1082,33554432,1.00000000000000000,-0.000000000
4,5,4096,16777216,33554432,4,cycle,insertion,1083,33554432,1.00000000000000000,-0.000000000
4,5,4096,16777216,33554432,4,cycle,insertion,1084,33554432,1.00000000000000000,-0.000000000
4,5,4096,16777216,33554432,4,cycle,insertion,1085,33554432,1.00000000000000000,-0.000000000
4,5,4096,16777216,33554432,4,cycle,insertion,1086,33554432,1.00000000000000000,-0.000000000
4,5,4096,16777216,33554432,4,cycle,insertion,1087,33554432,1.00000000000000000,-0.000000000
4,5,4096,16777216,33554432,4,cycle,insertion,1088,33554432,1.00000000000000000,-0.000000000
4,5,4096,16777216,33554432,4,cycle,insertion,1089,33554432,1.00000000000000000,-0.000000000
4,5,4096,16777216,33554432,4,cycle,insertion,1090,33554432,1.00000000000000000,-0.000000000
4,5,4096,16777216,33554432,4,cycle,insertion,1091,33554432,1.00000000000000000,-0.000000000
4,5,4096,16777216,33554432,4,cycle,insertion,1092,33554432,1.00000000000000000,-0.000000000
4,5,4096,16777216,33554432,4,cycle,insertion,1093,33554432,1.00000000000000000,-0.000000000
4,5,4096,16777216,33554432,4,cycle,insertion,1094,33554432,1.00000000000000000,-0.000000000
4,5,4096,16777216,33554432,4,cycle,insertion,1095,33554432,1.00000000000000000,-0.000000000
4,5,4096,16777216,33554432,4,cycle,insertion,1096,33554432,1.00000000000000000,-0.000000000
4,5,4096,16777216,33554432,4,cycle,insertion,1097,33554432,1.00000000000000000,-0.000000000
4,5,4096,16777216,33554432,4,cycle,insertion,1098,33554432,1.00000000000000000,-0.000000000
4,5,4096,16777216,33554432,4,cycle,insertion,1099,33554432,1.00000000000000000,-0.000000000
4,5,4096,16777216,33554432,4,cycle,insertion,1100,33554432,1.00000000000000000,-0.000000000
4,5,4096,16777216,33554432,4,cycle,insertion,1101,33554432,1.00000000000000000,-0.000000000
4,5,4096,16777216,33554432,4,cycle,insertion,1102,33554432,1.00000000000000000,-0.000000000
4,5,4096,16777216,33554432,4,cycle,insertion,1103,33554432,1.00000000000000000,-0.000000000
4,5,4096,16777216,33554432,4,cycle,insertion,1104,33554432,1.00000000000000000,-0.000000000
4,5,4096,16777216,33554432,4,cycle,insertion,1105,33554432,1.00000000000000000,-0.000000000
4,5,4096,16777216,33554432,4,cycle,insertion,1106,33554432,1.00000000000000000,-0.000000000
4,5,4096,16777216,33554432,4,cycle,insertion,1107,33554432,1.00000000000000000,-0.000000000
4,5,4096,16777216,33554432,4,cycle,insertion,1108,33554432,1.00000000000000000,-0.000000000
4,5,4096,16777216,33554432,4,cycle,insertion,1109,33554432,1.00000000000000000,-0.000000000
4,5,4096,16777216,33554432,4,cycle,insertion,1110,33554432,1.00000000000000000,-0.000000000
4,5,4096,16777216,33554432,4,cycle,insertion,1111,33554432,1.00000000000000000,-0.000000000
4,5,4096,16777216,33554432,4,cycle,insertion,1112,33554432,1.00000000000000000,-0.000000000
4,5,4096,16777216,33554432,4,cycle,insertion,1113,33554432,1.00000000000000000,-0.000000000
4,5,4096,16777216,33554432,4,cycle,insertion,1114,33554432,1.00000000000000000,-0.000000000
4,5,4096,16777216,33554432,4,cycle,insertion,1115,33554432,1.00000000000000000,-0.000000000
4,5,4096,16777216,33554432,4,cycle,insertion,1116,33554432,1.00000000000000000,-0.000000000
4,5,4096,16777216,33554432,4,cycle,insertion,1117,33554432,1.00000000000000000,-0.000000000
4,5,4096,16777216,33554432,4,cycle,insertion,1118,33554432,1.00000000000000000,-0.000000000
4,5,4096,16777216,33554432,4,cycle,insertion,1119,33554432,1.00000000000000000,-0.000000000
4,5,4096,16777216,33554432,4,cycle,insertion,1120,33554432,1.00000000000000000,-0.000000000
4,5,4096,16777216,33554432,4,cycle,insertion,1121,33554432,1.00000000000000000,-0.000000000
4,5,4096,16777216,33554432,4,cycle,insertion,1122,33554432,1.00000000000000000,-0.000000000
4,5,4096,16777216,33554432,4,cycle,insertion,1123,33554432,1.00000000000000000,-0.000000000
4,5,4096,16777216,33554432,4,cycle,insertion,1124,33554432,1.00000000000000000,-0.000000000
4,5,4096,16777216,33554432,4,cycle,insertion,1125,33554432,1.00000000000000000,-0.000000000
4,5,4096,16777216,33554432,4,cycle,insertion,1126,33554432,1.00000000000000000,-0.000000000
4,5,4096,16777216,33554432,4,cycle,insertion,1127,33554432,1.00000000000000000,-0.000000000
4,5,4096,16777216,33554432,4,cycle,insertion,1128,33554432,1.00000000000000000,-0.000000000
4,5,4096,16777216,33554432,4,cycle,insertion,1129,33554432,1.00000000000000000,-0.000000000
4,5,4096,16777216,33554432,4,cycle,insertion,1130,33554432,1.00000000000000000,-0.000000000
4,5,4096,16777216,33554432,4,cycle,insertion,1131,33554432,1.00000000000000000,-0.000000000
4,5,4096,16777216,33554432,4,cycle,insertion,1132,33554432,1.00000000000000000,-0.000000000
4,5,4096,16777216,33554432,4,cycle,insertion,1133,33554432,1.00000000000000000,-0.000000000
4,5,4096,16777216,33554432,4,cycle,insertion,1134,33554432,1.00000000000000000,-0.000000000
4,5,4096,16777216,33554432,4,cycle,insertion,1135,33554432,1.00000000000000000,-0.000000000
4,5,4096,16777216,33554432,4,cycle,insertion,1136,33554432,1.00000000000000000,-0.000000000
4,5,4096,16777216,33554432,4,cycle,insertion,1137,33554432,1.00000000000000000,-0.000000000
4,5,4096,16777216,33554432,4,cycle,insertion,1138,33554432,1.00000000000000000,-0.000000000
4,5,4096,16777216,33554432,4,cycle,insertion,1139,33554432,1.00000000000000000,-0.000000000
4,5,4096,16777216,33554432,4,cycle,insertion,1140,33554432,1.00000000000000000,-0.000000000
4,5,4096,16777216,33554432,4,cycle,insertion,1141,33554432,1.00000000000000000,-0.000000000
4,5,4096,16777216,33554432,4,cycle,insertion,1142,33554432,1.00000000000000000,-0.000000000
4,5,4096,16777216,33554432,4,cycle,insertion,1143,33554432,1.00000000000000000,-0.000000000
4,5,4096,16777216,33554432,4,cycle,insertion,1144,33554432,1.00000000000000000,-0.000000000
4,5,4096,16777216,33554432,4,cycle,insertion,1145,33554432,1.00000000000000000,-0.000000000
4,5,4096,16777216,33554432,4,cycle,insertion,1146,33554432,1.00000000000000000,-0.000000000
4,5,4096,16777216,33554432,4,cycle,insertion,1147,33554432,1.00000000000000000,-0.000000000
4,5,4096,16777216,33554432,4,cycle,insertion,1148,33554432,1.00000000000000000,-0.000000000
4,5,4096,16777216,33554432,4,cycle,insertion,1149,33554432,1.00000000000000000,-0.000000000
4,5,4096,16777216,33554432,4,cycle,insertion,1150,33554432,1.00000000000000000,-0.000000000
4,5,4096,16777216,33554432,4,cycle,insertion,1151,33554432,1.00000000000000000,-0.000000000
4,5,4096,16777216,33554432,4,cycle,insertion,1152,33554432,1.00000000000000000,-0.000000000
4,5,4096,16777216,33554432,4,cycle,insertion,1153,33554432,1.00000000000000000,-0.000000000
4,5,4096,16777216,33554432,4,cycle,insertion,1154,33554432,1.00000000000000000,-0.000000000
4,5,4096,16777216,33554432,4,cycle,insertion,1155,33554432,1.00000000000000000,-0.000000000
4,5,4096,16777216,33554432,4,cycle,insertion,1156,33554432,1.00000000000000000,-0.000000000
4,5,4096,16777216,33554432,4,cycle,insertion,1157,33554432,1.00000000000000000,-0.000000000
4,5,4096,16777216,33554432,4,cycle,insertion,1158,33554432,1.00000000000000000,-0.000000000
4,5,4096,16777216,33554432,4,cycle,insertion,1159,33554432,1.00000000000000000,-0.000000000
4,5,4096,16777216,33554432,4,cycle,insertion,1160,33554432,1.00000000000000000,-0.000000000
4,5,4096,16777216,33554432,4,cycle,insertion,1161,33554432,1.00000000000000000,-0.000000000
4,5,4096,16777216,33554432,4,cycle,insertion,1162,33554432,1.00000000000000000,-0.000000000
4,5,4096,16777216,33554432,4,cycle,insertion,1163,33554432,1.00000000000000000,-0.000000000
4,5,4096,16777216,33554432,4,cycle,insertion,1164,33554432,1.00000000000000000,-0.000000000
4,5,4096,16777216,33554432,4,cycle,insertion,1165,33554432,1.00000000000000000,-0.000000000
4,5,4096,16777216,33554432,4,cycle,insertion,1166,33554432,1.00000000000000000,-0.000000000
4,5,4096,16777216,33554432,4,cycle,insertion,1167,33554432,1.00000000000000000,-0.000000000
4,5,4096,16777216,33554432,4,cycle,insertion,1168,33554432,1.00000000000000000,-0.000000000
4,5,4096,16777216,33554432,4,cycle,insertion,1169,33554432,1.00000000000000000,-0.000000000
4,5,4096,16777216,33554432,4,cycle,insertion,1170,33554432,1.00000000000000000,-0.000000000
4,5,4096,16777216,33554432,4,cycle,insertion,1171,33554432,1.00000000000000000,-0.000000000
4,5,4096,16777216,33554432,4,cycle,insertion,1172,33554432,1.00000000000000000,-0.000000000
4,5,4096,16777216,33554432,4,cycle,insertion,1173,33554432,1.00000000000000000,-0.000000000
4,5,4096,16777216,33554432,4,cycle,insertion,1174,33554432,1.00000000000000000,-0.000000000
4,5,4096,16777216,33554432,4,cycle,insertion,1175,33554432,1.00000000000000000,-0.000000000
4,5,4096,16777216,33554432,4,cycle,insertion,1176,33554432,1.00000000000000000,-0.000000000
4,5,4096,16777216,33554432,4,cycle,insertion,1177,33554432,1.00000000000000000,-0.000000000
4,5,4096,16777216,33554432,4,cycle,insertion,1178,33554432,1.00000000000000000,-0.000000000
4,5,4096,16777216,33554432,4,cycle,insertion,1179,33554432,1.00000000000000000,-0.000000000
4,5,4096,16777216,33554432,4,cycle,insertion,1180,33554432,1.00000000000000000,-0.000000000
4,5,4096,16777216,33554432,4,cycle,insertion,1181,33554432,1.00000000000000000,-0.000000000
4,5,4096,16777216,33554432,4,cycle,insertion,1182,33554432,1.00000000000000000,-0.000000000
4,5,4096,16777216,33554432,4,cycle,insertion,1183,33554432,1.00000000000000000,-0.000000000
4,5,4096,16777216,33554432,4,cycle,insertion,1184,33554432,1.00000000000000000,-0.000000000
4,5,4096,16777216,33554432,4,cycle,insertion,1185,33554432,1.00000000000000000,-0.000000000
4,5,4096,16777216,33554432,4,cycle,insertion,1186,33554432,1.00000000000000000,-0.000000000
4,5,4096,16777216,33554432,4,cycle,insertion,1187,33554432,1.00000000000000000,-0.000000000
4,5,4096,16777216,33554432,4,cycle,insertion,1188,33554432,1.00000000000000000,-0.000000000
4,5,4096,16777216,33554432,4,cycle,insertion,1189,33554432,1.00000000000000000,-0.000000000
4,5,4096,16777216,33554432,4,cycle,insertion,1190,33554432,1.00000000000000000,-0.000000000
4,5,4096,16777216,33554432,4,cycle,insertion,1191,33554432,1.00000000000000000,-0.000000000
4,5,4096,16777216,33554432,4,cycle,insertion,1192,33554432,1.00000000000000000,-0.000000000
4,5,4096,16777216,33554432,4,cycle,insertion,1193,33554432,1.00000000000000000,-0.000000000
4,5,4096,16777216,33554432,4,cycle,insertion,1194,33554432,1.00000000000000000,-0.000000000
4,5,4096,16777216,33554432,4,cycle,insertion,1195,33554432,1.00000000000000000,-0.000000000
4,5,4096,16777216,33554432,4,cycle,insertion,1196,33554432,1.00000000000000000,-0.000000000
4,5,4096,16777216,33554432,4,cycle,insertion,1197,33554432,1.00000000000000000,-0.000000000
4,5,4096,16777216,33554432,4,cycle,insertion,1198,33554432,1.00000000000000000,-0.000000000
4,5,4096,16777216,33554432,4,cycle,insertion,1199,33554432,1.00000000000000000,-0.000000000
4,5,4096,16777216,33554432,4,cycle,insertion,1200,33554432,1.00000000000000000,-0.000000000
4,5,4096,16777216,33554432,4,cycle,insertion,1201,33554432,1.00000000000000000,-0.000000000
4,5,4096,16777216,33554432,4,cycle,insertion,1202,33554432,1.00000000000000000,-0.000000000
4,5,4096,16777216,33554432,4,cycle,insertion,1203,33554432,1.00000000000000000,-0.000000000
4,5,4096,16777216,33554432,4,cycle,insertion,1204,33554432,1.00000000000000000,-0.000000000
4,5,4096,16777216,33554432,4,cycle,insertion,1205,33554432,1.00000000000000000,-0.000000000
4,5,4096,16777216,33554432,4,cycle,insertion,1206,33554432,1.00000000000000000,-0.000000000
4,5,4096,16777216,33554432,4,cycle,insertion,1207,33554432,1.00000000000000000,-0.000000000
4,5,4096,16777216,33554432,4,cycle,insertion,1208,33554432,1.00000000000000000,-0.000000000
4,5,4096,16777216,33554432,4,cycle,insertion,1209,33554432,1.00000000000000000,-0.000000000
4,5,4096,16777216,33554432,4,cycle,insertion,1210,33554432,1.00000000000000000,-0.000000000
4,5,4096,16777216,33554432,4,cycle,insertion,1211,33554432,1.00000000000000000,-0.000000000
4,5,4096,16777216,33554432,4,cycle,insertion,1212,33554432,1.00000000000000000,-0.000000000
4,5,4096,16777216,33554432,4,cycle,insertion,1213,33554432,1.00000000000000000,-0.000000000
4,5,4096,16777216,33554432,4,cycle,insertion,1214,33554432,1.00000000000000000,-0.000000000
4,5,4096,16777216,33554432,4,cycle,insertion,1215,33554432,1.00000000000000000,-0.000000000
4,5,4096,16777216,33554432,4,cycle,insertion,1216,33554432,1.00000000000000000,-0.000000000
4,5,4096,16777216,33554432,4,cycle,insertion,1217,33554432,1.00000000000000000,-0.000000000
4,5,4096,16777216,33554432,4,cycle,insertion,1218,33554432,1.00000000000000000,-0.000000000
4,5,4096,16777216,33554432,4,cycle,insertion,1219,33554432,1.00000000000000000,-0.000000000
4,5,4096,16777216,33554432,4,cycle,insertion,1220,33554432,1.00000000000000000,-0.000000000
4,5,4096,16777216,33554432,4,cycle,insertion,1221,33554432,1.00000000000000000,-0.000000000
4,5,4096,16777216,33554432,4,cycle,insertion,1222,33554432,1.00000000000000000,-0.000000000
4,5,4096,16777216,33554432,4,cycle,insertion,1223,33554432,1.00000000000000000,-0.000000000
4,5,4096,16777216,33554432,4,cycle,insertion,1224,33554432,1.00000000000000000,-0.000000000
4,5,4096,16777216,33554432,4,cycle,insertion,1225,33554432,1.00000000000000000,-0.000000000
4,5,4096,16777216,33554432,4,cycle,insertion,1226,33554432,1.00000000000000000,-0.000000000
4,5,4096,16777216,33554432,4,cycle,insertion,1227,33554432,1.00000000000000000,-0.000000000
4,5,4096,16777216,33554432,4,cycle,insertion,1228,33554432,1.00000000000000000,-0.000000000
4,5,4096,16777216,33554432,4,cycle,insertion,1229,33554432,1.00000000000000000,-0.000000000
4,5,4096,16777216,33554432,4,cycle,insertion,1230,33554432,1.00000000000000000,-0.000000000
4,5,4096,16777216,33554432,4,cycle,insertion,1231,33554432,1.00000000000000000,-0.000000000
4,5,4096,16777216,33554432,4,cycle,insertion,1232,33554432,1.00000000000000000,-0.000000000
4,5,4096,16777216,33554432,4,cycle,insertion,1233,33554432,1.00000000000000000,-0.000000000
4,5,4096,16777216,33554432,4,cycle,insertion,1234,33554432,1.00000000000000000,-0.000000000
4,5,4096,16777216,33554432,4,cycle,insertion,1235,33554432,1.00000000000000000,-0.000000000
4,5,4096,16777216,33554432,4,cycle,insertion,1236,33554432,1.00000000000000000,-0.000000000
4,5,4096,16777216,33554432,4,cycle,insertion,1237,33554432,1.00000000000000000,-0.000000000
4,5,4096,16777216,33554432,4,cycle,insertion,1238,33554432,1.00000000000000000,-0.000000000
4,5,4096,16777216,33554432,4,cycle,insertion,1239,33554432,1.00000000000000000,-0.000000000
4,5,4096,16777216,33554432,4,cycle,insertion,1240,33554432,1.00000000000000000,-0.000000000
4,5,4096,16777216,33554432,4,cycle,insertion,1241,33554432,1.00000000000000000,-0.000000000
4,5,4096,16777216,33554432,4,cycle,insertion,1242,33554432,1.00000000000000000,-0.000000000
4,5,4096,16777216,33554432,4,cycle,insertion,1243,33554432,1.00000000000000000,-0.000000000
4,5,4096,16777216,33554432,4,cycle,insertion,1244,33554432,1.00000000000000000,-0.000000000
4,5,4096,16777216,33554432,4,cycle,insertion,1245,33554432,1.00000000000000000,-0.000000000
4,5,4096,16777216,33554432,4,cycle,insertion,1246,33554432,1.00000000000000000,-0.000000000
4,5,4096,16777216,33554432,4,cycle,insertion,1247,33554432,1.00000000000000000,-0.000000000
4,5,4096,16777216,33554432,4,cycle,insertion,1248,33554432,1.00000000000000000,-0.000000000
4,5,4096,16777216,33554432,4,cycle,insertion,1249,33554432,1.00000000000000000,-0.000000000
4,5,4096,16777216,33554432,4,cycle,insertion,1250,33554432,1.00000000000000000,-0.000000000
4,5,4096,16777216,33554432,4,cycle,insertion,1251,33554432,1.00000000000000000,-0.000000000
4,5,4096,16777216,33554432,4,cycle,insertion,1252,33554432,1.00000000000000000,-0.000000000
4,5,4096,16777216,33554432,4,cycle,insertion,1253,33554432,1.00000000000000000,-0.000000000
4,5,4096,16777216,33554432,4,cycle,insertion,1254,33554432,1.00000000000000000,-0.000000000
4,5,4096,16777216,33554432,4,cycle,insertion,1255,33554432,1.00000000000000000,-0.000000000
4,5,4096,16777216,33554432,4,cycle,insertion,1256,33554432,1.00000000000000000,-0.000000000
4,5,4096,16777216,33554432,4,cycle,insertion,1257,33554432,1.00000000000000000,-0.000000000
4,5,4096,16777216,33554432,4,cycle,insertion,1258,33554432,1.00000000000000000,-0.000000000
4,5,4096,16777216,33554432,4,cycle,insertion,1259,33554432,1.00000000000000000,-0.000000000
4,5,4096,16777216,33554432,4,cycle,insertion,1260,33554432,1.00000000000000000,-0.000000000
4,5,4096,16777216,33554432,4,cycle,insertion,1261,33554432,1.00000000000000000,-0.000000000
4,5,4096,16777216,33554432,4,cycle,insertion,1262,33554432,1.00000000000000000,-0.000000000
4,5,4096,16777216,33554432,4,cycle,insertion,1263,33554432,1.00000000000000000,-0.000000000
4,5,4096,16777216,33554432,4,cycle,insertion,1264,33554432,1.00000000000000000,-0.000000000
4,5,4096,16777216,33554432,4,cycle,insertion,1265,33554432,1.00000000000000000,-0.000000000
4,5,4096,16777216,33554432,4,cycle,insertion,1266,33554432,1.00000000000000000,-0.000000000
4,5,4096,16777216,33554432,4,cycle,insertion,1267,33554432,1.00000000000000000,-0.000000000
4,5,4096,16777216,33554432,4,cycle,insertion,1268,33554432,1.00000000000000000,-0.000000000
4,5,4096,16777216,33554432,4,cycle,insertion,1269,33554432,1.00000000000000000,-0.000000000
4,5,4096,16777216,33554432,4,cycle,insertion,1270,33554432,1.00000000000000000,-0.000000000
4,5,4096,16777216,33554432,4,cycle,insertion,1271,33554432,1.00000000000000000,-0.000000000
4,5,4096,16777216,33554432,4,cycle,insertion,1272,33554432,1.00000000000000000,-0.000000000
4,5,4096,16777216,33554432,4,cycle,insertion,1273,33554432,1.00000000000000000,-0.000000000
4,5,4096,16777216,33554432,4,cycle,insertion,1274,33554432,1.00000000000000000,-0.000000000
4,5,4096,16777216,33554432,4,cycle,insertion,1275,33554432,1.00000000000000000,-0.000000000
4,5,4096,16777216,33554432,4,cycle,insertion,1276,33554432,1.00000000000000000,-0.000000000
4,5,4096,16777216,33554432,4,cycle,insertion,1277,33554432,1.00000000000000000,-0.000000000
4,5,4096,16777216,33554432,4,cycle,insertion,1278,33554432,1.00000000000000000,-0.000000000
4,5,4096,16777216,33554432,4,cycle,insertion,1279,33554432,1.00000000000000000,-0.000000000
4,5,4096,16777216,33554432,4,cycle,insertion,1280,33554432,1.00000000000000000,-0.000000000
4,5,4096,16777216,33554432,4,cycle,insertion,1281,33554432,1.00000000000000000,-0.000000000
4,5,4096,16777216,33554432,4,cycle,insertion,1282,33554432,1.00000000000000000,-0.000000000
4,5,4096,16777216,33554432,4,cycle,insertion,1283,33554432,1.00000000000000000,-0.000000000
4,5,4096,16777216,33554432,4,cycle,insertion,1284,33554432,1.00000000000000000,-0.000000000
4,5,4096,16777216,33554432,4,cycle,insertion,1285,33554432,1.00000000000000000,-0.000000000
4,5,4096,16777216,33554432,4,cycle,insertion,1286,33554432,1.00000000000000000,-0.000000000
4,5,4096,16777216,33554432,4,cycle,insertion,1287,33554432,1.00000000000000000,-0.000000000
4,5,4096,16777216,33554432,4,cycle,insertion,1288,33554432,1.00000000000000000,-0.000000000
4,5,4096,16777216,33554432,4,cycle,insertion,1289,33554432,1.00000000000000000,-0.000000000
4,5,4096,16777216,33554432,4,cycle,insertion,1290,33554432,1.00000000000000000,-0.000000000
4,5,4096,16777216,33554432,4,cycle,insertion,1291,33554432,1.00000000000000000,-0.000000000
4,5,4096,16777216,33554432,4,cycle,insertion,1292,33554432,1.00000000000000000,-0.000000000
4,5,4096,16777216,33554432,4,cycle,insertion,1293,33554432,1.00000000000000000,-0.000000000
4,5,4096,16777216,33554432,4,cycle,insertion,1294,33554432,1.00000000000000000,-0.000000000
4,5,4096,16777216,33554432,4,cycle,insertion,1295,33554432,1.00000000000000000,-0.000000000
4,5,4096,16777216,33554432,4,cycle,insertion,1296,33554432,1.00000000000000000,-0.000000000
4,5,4096,16777216,33554432,4,cycle,insertion,1297,33554432,1.00000000000000000,-0.000000000
4,5,4096,16777216,33554432,4,cycle,insertion,1298,33554432,1.00000000000000000,-0.000000000
4,5,4096,16777216,33554432,4,cycle,insertion,1299,33554432,1.00000000000000000,-0.000000000
4,5,4096,16777216,33554432,4,cycle,insertion,1300,33554432,1.00000000000000000,-0.000000000
4,5,4096,16777216,33554432,4,cycle,insertion,1301,33554432,1.00000000000000000,-0.000000000
4,5,4096,16777216,33554432,4,cycle,insertion,1302,33554432,1.00000000000000000,-0.000000000
4,5,4096,16777216,33554432,4,cycle,insertion,1303,33554432,1.00000000000000000,-0.000000000
4,5,4096,16777216,33554432,4,cycle,insertion,1304,33554432,1.00000000000000000,-0.000000000
4,5,4096,16777216,33554432,4,cycle,insertion,1305,33554432,1.00000000000000000,-0.000000000
4,5,4096,16777216,33554432,4,cycle,insertion,1306,33554432,1.00000000000000000,-0.000000000
4,5,4096,16777216,33554432,4,cycle,insertion,1307,33554432,1.00000000000000000,-0.000000000
4,5,4096,16777216,33554432,4,cycle,insertion,1308,33554432,1.00000000000000000,-0.000000000
4,5,4096,16777216,33554432,4,cycle,insertion,1309,33554432,1.00000000000000000,-0.000000000
4,5,4096,16777216,33554432,4,cycle,insertion,1310,33554432,1.00000000000000000,-0.000000000
4,5,4096,16777216,33554432,4,cycle,insertion,1311,33554432,1.00000000000000000,-0.000000000
4,5,4096,16777216,33554432,4,cycle,insertion,1312,33554432,1.00000000000000000,-0.000000000
4,5,4096,16777216,33554432,4,cycle,insertion,1313,33554432,1.00000000000000000,-0.000000000
4,5,4096,16777216,33554432,4,cycle,insertion,1314,33554432,1.00000000000000000,-0.000000000
4,5,4096,16777216,33554432,4,cycle,insertion,1315,33554432,1.00000000000000000,-0.000000000
4,5,4096,16777216,33554432,4,cycle,insertion,1316,33554432,1.00000000000000000,-0.000000000
4,5,4096,16777216,33554432,4,cycle,insertion,1317,33554432,1.00000000000000000,-0.000000000
4,5,4096,16777216,33554432,4,cycle,insertion,1318,33554432,1.00000000000000000,-0.000000000
4,5,4096,16777216,33554432,4,cycle,insertion,1319,33554432,1.00000000000000000,-0.000000000
4,5,4096,16777216,33554432,4,cycle,insertion,1320,33554432,1.00000000000000000,-0.000000000
4,5,4096,16777216,33554432,4,cycle,insertion,1321,33554432,1.00000000000000000,-0.000000000
4,5,4096,16777216,33554432,4,cycle,insertion,1322,33554432,1.00000000000000000,-0.000000000
4,5,4096,16777216,33554432,4,cycle,insertion,1323,33554432,1.00000000000000000,-0.000000000
4,5,4096,16777216,33554432,4,cycle,insertion,1324,33554432,1.00000000000000000,-0.000000000
4,5,4096,16777216,33554432,4,cycle,insertion,1325,33554432,1.00000000000000000,-0.000000000
4,5,4096,16777216,33554432,4,cycle,insertion,1326,33554432,1.00000000000000000,-0.000000000
4,5,4096,16777216,33554432,4,cycle,insertion,1327,33554432,1.00000000000000000,-0.000000000
4,5,4096,16777216,33554432,4,cycle,insertion,1328,33554432,1.00000000000000000,-0.000000000
4,5,4096,16777216,33554432,4,cycle,insertion,1329,33554432,1.00000000000000000,-0.000000000
4,5,4096,16777216,33554432,4,cycle,insertion,1330,33554432,1.00000000000000000,-0.000000000
4,5,4096,16777216,33554432,4,cycle,insertion,1331,33554432,1.00000000000000000,-0.000000000
4,5,4096,16777216,33554432,4,cycle,insertion,1332,33554432,1.00000000000000000,-0.000000000
4,5,4096,16777216,33554432,4,cycle,insertion,1333,33554432,1.00000000000000000,-0.000000000
4,5,4096,16777216,33554432,4,cycle,insertion,1334,33554432,1.00000000000000000,-0.000000000
4,5,4096,16777216,33554432,4,cycle,insertion,1335,33554432,1.00000000000000000,-0.000000000
4,5,4096,16777216,33554432,4,cycle,insertion,1336,33554432,1.00000000000000000,-0.000000000
4,5,4096,16777216,33554432,4,cycle,insertion,1337,33554432,1.00000000000000000,-0.000000000
4,5,4096,16777216,33554432,4,cycle,insertion,1338,33554432,1.00000000000000000,-0.000000000
4,5,4096,16777216,33554432,4,cycle,insertion,1339,33554432,1.00000000000000000,-0.000000000
4,5,4096,16777216,33554432,4,cycle,insertion,1340,33554432,1.00000000000000000,-0.000000000
4,5,4096,16777216,33554432,4,cycle,insertion,1341,33554432,1.00000000000000000,-0.000000000
4,5,4096,16777216,33554432,4,cycle,insertion,1342,33554432,1.00000000000000000,-0.000000000
4,5,4096,16777216,33554432,4,cycle,insertion,1343,33554432,1.00000000000000000,-0.000000000
4,5,4096,16777216,33554432,4,cycle,insertion,1344,33554432,1.00000000000000000,-0.000000000
4,5,4096,16777216,33554432,4,cycle,insertion,1345,33554432,1.00000000000000000,-0.000000000
4,5,4096,16777216,33554432,4,cycle,insertion,1346,33554432,1.00000000000000000,-0.000000000
4,5,4096,16777216,33554432,4,cycle,insertion,1347,33554432,1.00000000000000000,-0.000000000
4,5,4096,16777216,33554432,4,cycle,insertion,1348,33554432,1.00000000000000000,-0.000000000
4,5,4096,16777216,33554432,4,cycle,insertion,1349,33554432,1.00000000000000000,-0.000000000
4,5,4096,16777216,33554432,4,cycle,insertion,1350,33554432,1.00000000000000000,-0.000000000
4,5,4096,16777216,33554432,4,cycle,insertion,1351,33554432,1.00000000000000000,-0.000000000
4,5,4096,16777216,33554432,4,cycle,insertion,1352,33554432,1.00000000000000000,-0.000000000
4,5,4096,16777216,33554432,4,cycle,insertion,1353,33554432,1.00000000000000000,-0.000000000
4,5,4096,16777216,33554432,4,cycle,insertion,1354,33554432,1.00000000000000000,-0.000000000
4,5,4096,16777216,33554432,4,cycle,insertion,1355,33554432,1.00000000000000000,-0.000000000
4,5,4096,16777216,33554432,4,cycle,insertion,1356,33554432,1.00000000000000000,-0.000000000
4,5,4096,16777216,33554432,4,cycle,insertion,1357,33554432,1.00000000000000000,-0.000000000
4,5,4096,16777216,33554432,4,cycle,insertion,1358,33554432,1.00000000000000000,-0.000000000
4,5,4096,16777216,33554432,4,cycle,insertion,1359,33554432,1.00000000000000000,-0.000000000
4,5,4096,16777216,33554432,4,cycle,insertion,1360,33554432,1.00000000000000000,-0.000000000
4,5,4096,16777216,33554432,4,cycle,insertion,1361,33554432,1.00000000000000000,-0.000000000
4,5,4096,16777216,33554432,4,cycle,insertion,1362,33554432,1.00000000000000000,-0.000000000
4,5,4096,16777216,33554432,4,cycle,insertion,1363,33554432,1.00000000000000000,-0.000000000
4,5,4096,16777216,33554432,4,cycle,insertion,1364,33554432,1.00000000000000000,-0.000000000
4,5,4096,16777216,33554432,4,cycle,insertion,1365,33554432,1.00000000000000000,-0.000000000
4,5,4096,16777216,33554432,4,cycle,insertion,1366,33554432,1.00000000000000000,-0.000000000
4,5,4096,16777216,33554432,4,cycle,insertion,1367,33554432,1.00000000000000000,-0.000000000
4,5,4096,16777216,33554432,4,cycle,insertion,1368,33554432,1.00000000000000000,-0.000000000
4,5,4096,16777216,33554432,4,cycle,insertion,1369,33554432,1.00000000000000000,-0.000000000
4,5,4096,16777216,33554432,4,cycle,insertion,1370,33554432,1.00000000000000000,-0.000000000
4,5,4096,16777216,33554432,4,cycle,insertion,1371,33554432,1.00000000000000000,-0.000000000
4,5,4096,16777216,33554432,4,cycle,insertion,1372,33554432,1.00000000000000000,-0.000000000
4,5,4096,16777216,33554432,4,cycle,insertion,1373,33554432,1.00000000000000000,-0.000000000
4,5,4096,16777216,33554432,4,cycle,insertion,1374,33554432,1.00000000000000000,-0.000000000
4,5,4096,16777216,33554432,4,cycle,insertion,1375,33554432,1.00000000000000000,-0.000000000
4,5,4096,16777216,33554432,4,cycle,insertion,1376,33554432,1.00000000000000000,-0.000000000
4,5,4096,16777216,33554432,4,cycle,insertion,1377,33554432,1.00000000000000000,-0.000000000
4,5,4096,16777216,33554432,4,cycle,insertion,1378,33554432,1.00000000000000000,-0.000000000
4,5,4096,16777216,33554432,4,cycle,insertion,1379,33554432,1.00000000000000000,-0.000000000
4,5,4096,16777216,33554432,4,cycle,insertion,1380,33554432,1.00000000000000000,-0.000000000
4,5,4096,16777216,33554432,4,cycle,insertion,1381,33554432,1.00000000000000000,-0.000000000
4,5,4096,16777216,33554432,4,cycle,insertion,1382,33554432,1.00000000000000000,-0.000000000
4,5,4096,16777216,33554432,4,cycle,insertion,1383,33554432,1.00000000000000000,-0.000000000
4,5,4096,16777216,33554432,4,cycle,insertion,1384,33554432,1.00000000000000000,-0.000000000
4,5,4096,16777216,33554432,4,cycle,insertion,1385,33554432,1.00000000000000000,-0.000000000
4,5,4096,16777216,33554432,4,cycle,insertion,1386,33554432,1.00000000000000000,-0.000000000
4,5,4096,16777216,33554432,4,cycle,insertion,1387,33554432,1.00000000000000000,-0.000000000
4,5,4096,16777216,33554432,4,cycle,insertion,1388,33554432,1.00000000000000000,-0.000000000
4,5,4096,16777216,33554432,4,cycle,insertion,1389,33554432,1.00000000000000000,-0.000000000
4,5,4096,16777216,33554432,4,cycle,insertion,1390,33554432,1.00000000000000000,-0.000000000
4,5,4096,16777216,33554432,4,cycle,insertion,1391,33554432,1.00000000000000000,-0.000000000
4,5,4096,16777216,33554432,4,cycle,insertion,1392,33554432,1.00000000000000000,-0.000000000
4,5,4096,16777216,33554432,4,cycle,insertion,1393,33554432,1.00000000000000000,-0.000000000
4,5,4096,16777216,33554432,4,cycle,insertion,1394,33554432,1.00000000000000000,-0.000000000
4,5,4096,16777216,33554432,4,cycle,insertion,1395,33554432,1.00000000000000000,-0.000000000
4,5,4096,16777216,33554432,4,cycle,insertion,1396,33554432,1.00000000000000000,-0.000000000
4,5,4096,16777216,33554432,4,cycle,insertion,1397,33554432,1.00000000000000000,-0.000000000
4,5,4096,16777216,33554432,4,cycle,insertion,1398,33554432,1.00000000000000000,-0.000000000
4,5,4096,16777216,33554432,4,cycle,insertion,1399,33554432,1.00000000000000000,-0.000000000
4,5,4096,16777216,33554432,4,cycle,insertion,1400,33554432,1.00000000000000000,-0.000000000
4,5,4096,16777216,33554432,4,cycle,insertion,1401,33554432,1.00000000000000000,-0.000000000
4,5,4096,16777216,33554432,4,cycle,insertion,1402,33554432,1.00000000000000000,-0.000000000
4,5,4096,16777216,33554432,4,cycle,insertion,1403,33554432,1.00000000000000000,-0.000000000
4,5,4096,16777216,33554432,4,cycle,insertion,1404,33554432,1.00000000000000000,-0.000000000
4,5,4096,16777216,33554432,4,cycle,insertion,1405,33554432,1.00000000000000000,-0.000000000
4,5,4096,16777216,33554432,4,cycle,insertion,1406,33554432,1.00000000000000000,-0.000000000
4,5,4096,16777216,33554432,4,cycle,insertion,1407,33554432,1.00000000000000000,-0.000000000
4,5,4096,16777216,33554432,4,cycle,insertion,1408,33554432,1.00000000000000000,-0.000000000
4,5,4096,16777216,33554432,4,cycle,insertion,1409,33554432,1.00000000000000000,-0.000000000
4,5,4096,16777216,33554432,4,cycle,insertion,1410,33554432,1.00000000000000000,-0.000000000
4,5,4096,16777216,33554432,4,cycle,insertion,1411,33554432,1.00000000000000000,-0.000000000
4,5,4096,16777216,33554432,4,cycle,insertion,1412,33554432,1.00000000000000000,-0.000000000
4,5,4096,16777216,33554432,4,cycle,insertion,1413,33554432,1.00000000000000000,-0.000000000
4,5,4096,16777216,33554432,4,cycle,insertion,1414,33554432,1.00000000000000000,-0.000000000
4,5,4096,16777216,33554432,4,cycle,insertion,1415,33554432,1.00000000000000000,-0.000000000
4,5,4096,16777216,33554432,4,cycle,insertion,1416,33554432,1.00000000000000000,-0.000000000
4,5,4096,16777216,33554432,4,cycle,insertion,1417,33554432,1.00000000000000000,-0.000000000
4,5,4096,16777216,33554432,4,cycle,insertion,1418,33554432,1.00000000000000000,-0.000000000
4,5,4096,16777216,33554432,4,cycle,insertion,1419,33554432,1.00000000000000000,-0.000000000
4,5,4096,16777216,33554432,4,cycle,insertion,1420,33554432,1.00000000000000000,-0.000000000
4,5,4096,16777216,33554432,4,cycle,insertion,1421,33554432,1.00000000000000000,-0.000000000
4,5,4096,16777216,33554432,4,cycle,insertion,1422,33554432,1.00000000000000000,-0.000000000
4,5,4096,16777216,33554432,4,cycle,insertion,1423,33554432,1.00000000000000000,-0.000000000
4,5,4096,16777216,33554432,4,cycle,insertion,1424,33554432,1.00000000000000000,-0.000000000
4,5,4096,16777216,33554432,4,cycle,insertion,1425,33554432,1.00000000000000000,-0.000000000
4,5,4096,16777216,33554432,4,cycle,insertion,1426,33554432,1.00000000000000000,-0.000000000
4,5,4096,16777216,33554432,4,cycle,insertion,1427,33554432,1.00000000000000000,-0.000000000
4,5,4096,16777216,33554432,4,cycle,insertion,1428,33554432,1.00000000000000000,-0.000000000
4,5,4096,16777216,33554432,4,cycle,insertion,1429,33554432,1.00000000000000000,-0.000000000
4,5,4096,16777216,33554432,4,cycle,insertion,1430,33554432,1.00000000000000000,-0.000000000
4,5,4096,16777216,33554432,4,cycle,insertion,1431,33554432,1.00000000000000000,-0.000000000
4,5,4096,16777216,33554432,4,cycle,insertion,1432,33554432,1.00000000000000000,-0.000000000
4,5,4096,16777216,33554432,4,cycle,insertion,1433,33554432,1.00000000000000000,-0.000000000
4,5,4096,16777216,33554432,4,cycle,insertion,1434,33554432,1.00000000000000000,-0.000000000
4,5,4096,16777216,33554432,4,cycle,insertion,1435,33554432,1.00000000000000000,-0.000000000
4,5,4096,16777216,33554432,4,cycle,insertion,1436,33554432,1.00000000000000000,-0.000000000
4,5,4096,16777216,33554432,4,cycle,insertion,1437,33554432,1.00000000000000000,-0.000000000
4,5,4096,16777216,33554432,4,cycle,insertion,1438,33554432,1.00000000000000000,-0.000000000
4,5,4096,16777216,33554432,4,cycle,insertion,1439,33554432,1.00000000000000000,-0.000000000
4,5,4096,16777216,33554432,4,cycle,insertion,1440,33554432,1.00000000000000000,-0.000000000
4,5,4096,16777216,33554432,4,cycle,insertion,1441,33554432,1.00000000000000000,-0.000000000
4,5,4096,16777216,33554432,4,cycle,insertion,1442,33554432,1.00000000000000000,-0.000000000
4,5,4096,16777216,33554432,4,cycle,insertion,1443,33554432,1.00000000000000000,-0.000000000
4,5,4096,16777216,33554432,4,cycle,insertion,1444,33554432,1.00000000000000000,-0.000000000
4,5,4096,16777216,33554432,4,cycle,insertion,1445,33554432,1.00000000000000000,-0.000000000
4,5,4096,16777216,33554432,4,cycle,insertion,1446,33554432,1.00000000000000000,-0.000000000
4,5,4096,16777216,33554432,4,cycle,insertion,1447,33554432,1.00000000000000000,-0.000000000
4,5,4096,16777216,33554432,4,cycle,insertion,1448,33554432,1.00000000000000000,-0.000000000
4,5,4096,16777216,33554432,4,cycle,insertion,1449,33554432,1.00000000000000000,-0.000000000
4,5,4096,16777216,33554432,4,cycle,insertion,1450,33554432,1.00000000000000000,-0.000000000
4,5,4096,16777216,33554432,4,cycle,insertion,1451,33554432,1.00000000000000000,-0.000000000
4,5,4096,16777216,33554432,4,cycle,insertion,1452,33554432,1.00000000000000000,-0.000000000
4,5,4096,16777216,33554432,4,cycle,insertion,1453,33554432,1.00000000000000000,-0.000000000
4,5,4096,16777216,33554432,4,cycle,insertion,1454,33554432,1.00000000000000000,-0.000000000
4,5,4096,16777216,33554432,4,cycle,insertion,1455,33554432,1.00000000000000000,-0.000000000
4,5,4096,16777216,33554432,4,cycle,insertion,1456,33554432,1.00000000000000000,-0.000000000
4,5,4096,16777216,33554432,4,cycle,insertion,1457,33554432,1.00000000000000000,-0.000000000
4,5,4096,16777216,33554432,4,cycle,insertion,1458,33554432,1.00000000000000000,-0.000000000
4,5,4096,16777216,33554432,4,cycle,insertion,1459,33554432,1.00000000000000000,-0.000000000
4,5,4096,16777216,33554432,4,cycle,insertion,1460,33554432,1.00000000000000000,-0.000000000
4,5,4096,16777216,33554432,4,cycle,insertion,1461,33554432,1.00000000000000000,-0.000000000
4,5,4096,16777216,33554432,4,cycle,insertion,1462,33554432,1.00000000000000000,-0.000000000
4,5,4096,16777216,33554432,4,cycle,insertion,1463,33554432,1.00000000000000000,-0.000000000
4,5,4096,16777216,33554432,4,cycle,insertion,1464,33554432,1.00000000000000000,-0.000000000
4,5,4096,16777216,33554432,4,cycle,insertion,1465,33554432,1.00000000000000000,-0.000000000
4,5,4096,16777216,33554432,4,cycle,insertion,1466,33554432,1.00000000000000000,-0.000000000
4,5,4096,16777216,33554432,4,cycle,insertion,1467,33554432,1.00000000000000000,-0.000000000
4,5,4096,16777216,33554432,4,cycle,insertion,1468,33554432,1.00000000000000000,-0.000000000
4,5,4096,16777216,33554432,4,cycle,insertion,1469,33554432,1.00000000000000000,-0.000000000
4,5,4096,16777216,33554432,4,cycle,insertion,1470,33554432,1.00000000000000000,-0.000000000
4,5,4096,16777216,33554432,4,cycle,insertion,1471,33554432,1.00000000000000000,-0.000000000
4,5,4096,16777216,33554432,4,cycle,insertion,1472,33554432,1.00000000000000000,-0.000000000
4,5,4096,16777216,33554432,4,cycle,insertion,1473,33554432,1.00000000000000000,-0.000000000
4,5,4096,16777216,33554432,4,cycle,insertion,1474,33554432,1.00000000000000000,-0.000000000
4,5,4096,16777216,33554432,4,cycle,insertion,1475,33554432,1.00000000000000000,-0.000000000
4,5,4096,16777216,33554432,4,cycle,insertion,1476,33554432,1.00000000000000000,-0.000000000
4,5,4096,16777216,33554432,4,cycle,insertion,1477,33554432,1.00000000000000000,-0.000000000
4,5,4096,16777216,33554432,4,cycle,insertion,1478,33554432,1.00000000000000000,-0.000000000
4,5,4096,16777216,33554432,4,cycle,insertion,1479,33554432,1.00000000000000000,-0.000000000
4,5,4096,16777216,33554432,4,cycle,insertion,1480,33554432,1.00000000000000000,-0.000000000
4,5,4096,16777216,33554432,4,cycle,insertion,1481,33554432,1.00000000000000000,-0.000000000
4,5,4096,16777216,33554432,4,cycle,insertion,1482,33554432,1.00000000000000000,-0.000000000
4,5,4096,16777216,33554432,4,cycle,insertion,1483,33554432,1.00000000000000000,-0.000000000
4,5,4096,16777216,33554432,4,cycle,insertion,1484,33554432,1.00000000000000000,-0.000000000
4,5,4096,16777216,33554432,4,cycle,insertion,1485,33554432,1.00000000000000000,-0.000000000
4,5,4096,16777216,33554432,4,cycle,insertion,1486,33554432,1.00000000000000000,-0.000000000
4,5,4096,16777216,33554432,4,cycle,insertion,1487,33554432,1.00000000000000000,-0.000000000
4,5,4096,16777216,33554432,4,cycle,insertion,1488,33554432,1.00000000000000000,-0.000000000
4,5,4096,16777216,33554432,4,cycle,insertion,1489,33554432,1.00000000000000000,-0.000000000
4,5,4096,16777216,33554432,4,cycle,insertion,1490,33554432,1.00000000000000000,-0.000000000
4,5,4096,16777216,33554432,4,cycle,insertion,1491,33554432,1.00000000000000000,-0.000000000
4,5,4096,16777216,33554432,4,cycle,insertion,1492,33554432,1.00000000000000000,-0.000000000
4,5,4096,16777216,33554432,4,cycle,insertion,1493,33554432,1.00000000000000000,-0.000000000
4,5,4096,16777216,33554432,4,cycle,insertion,1494,33554432,1.00000000000000000,-0.000000000
4,5,4096,16777216,33554432,4,cycle,insertion,1495,33554432,1.00000000000000000,-0.000000000
4,5,4096,16777216,33554432,4,cycle,insertion,1496,33554432,1.00000000000000000,-0.000000000
4,5,4096,16777216,33554432,4,cycle,insertion,1497,33554432,1.00000000000000000,-0.000000000
4,5,4096,16777216,33554432,4,cycle,insertion,1498,33554432,1.00000000000000000,-0.000000000
4,5,4096,16777216,33554432,4,cycle,insertion,1499,33554432,1.00000000000000000,-0.000000000
4,5,4096,16777216,33554432,4,cycle,insertion,1500,33554432,1.00000000000000000,-0.000000000
4,5,4096,16777216,33554432,4,cycle,insertion,1501,33554432,1.00000000000000000,-0.000000000
4,5,4096,16777216,33554432,4,cycle,insertion,1502,33554432,1.00000000000000000,-0.000000000
4,5,4096,16777216,33554432,4,cycle,insertion,1503,33554432,1.00000000000000000,-0.000000000
4,5,4096,16777216,33554432,4,cycle,insertion,1504,33554432,1.00000000000000000,-0.000000000
4,5,4096,16777216,33554432,4,cycle,insertion,1505,33554432,1.00000000000000000,-0.000000000
4,5,4096,16777216,33554432,4,cycle,insertion,1506,33554432,1.00000000000000000,-0.000000000
4,5,4096,16777216,33554432,4,cycle,insertion,1507,33554432,1.00000000000000000,-0.000000000
4,5,4096,16777216,33554432,4,cycle,insertion,1508,33554432,1.00000000000000000,-0.000000000
4,5,4096,16777216,33554432,4,cycle,insertion,1509,33554432,1.00000000000000000,-0.000000000
4,5,4096,16777216,33554432,4,cycle,insertion,1510,33554432,1.00000000000000000,-0.000000000
4,5,4096,16777216,33554432,4,cycle,insertion,1511,33554432,1.00000000000000000,-0.000000000
4,5,4096,16777216,33554432,4,cycle,insertion,1512,33554432,1.00000000000000000,-0.000000000
4,5,4096,16777216,33554432,4,cycle,insertion,1513,33554432,1.00000000000000000,-0.000000000
4,5,4096,16777216,33554432,4,cycle,insertion,1514,33554432,1.00000000000000000,-0.000000000
4,5,4096,16777216,33554432,4,cycle,insertion,1515,33554432,1.00000000000000000,-0.000000000
4,5,4096,16777216,33554432,4,cycle,insertion,1516,33554432,1.00000000000000000,-0.000000000
4,5,4096,16777216,33554432,4,cycle,insertion,1517,33554432,1.00000000000000000,-0.000000000
4,5,4096,16777216,33554432,4,cycle,insertion,1518,33554432,1.00000000000000000,-0.000000000
4,5,4096,16777216,33554432,4,cycle,insertion,1519,33554432,1.00000000000000000,-0.000000000
4,5,4096,16777216,33554432,4,cycle,insertion,1520,33554432,1.00000000000000000,-0.000000000
4,5,4096,16777216,33554432,4,cycle,insertion,1521,33554432,1.00000000000000000,-0.000000000
4,5,4096,16777216,33554432,4,cycle,insertion,1522,33554432,1.00000000000000000,-0.000000000
4,5,4096,16777216,33554432,4,cycle,insertion,1523,33554432,1.00000000000000000,-0.000000000
4,5,4096,16777216,33554432,4,cycle,insertion,1524,33554432,1.00000000000000000,-0.000000000
4,5,4096,16777216,33554432,4,cycle,insertion,1525,33554432,1.00000000000000000,-0.000000000
4,5,4096,16777216,33554432,4,cycle,insertion,1526,33554432,1.00000000000000000,-0.000000000
4,5,4096,16777216,33554432,4,cycle,insertion,1527,33554432,1.00000000000000000,-0.000000000
4,5,4096,16777216,33554432,4,cycle,insertion,1528,33554432,1.00000000000000000,-0.000000000
4,5,4096,16777216,33554432,4,cycle,insertion,1529,33554432,1.00000000000000000,-0.000000000
4,5,4096,16777216,33554432,4,cycle,insertion,1530,33554432,1.00000000000000000,-0.000000000
4,5,4096,16777216,33554432,4,cycle,insertion,1531,33554432,1.00000000000000000,-0.000000000
4,5,4096,16777216,33554432,4,cycle,insertion,1532,33554432,1.00000000000000000,-0.000000000
4,5,4096,16777216,33554432,4,cycle,insertion,1533,33554432,1.00000000000000000,-0.000000000
4,5,4096,16777216,33554432,4,cycle,insertion,1534,33554432,1.00000000000000000,-0.000000000
4,5,4096,16777216,33554432,4,cycle,insertion,1535,33554432,1.00000000000000000,-0.000000000
4,5,4096,16777216,33554432,4,cycle,insertion,1536,33554432,1.00000000000000000,-0.000000000
4,5,4096,16777216,33554432,4,cycle,insertion,1537,33554432,1.00000000000000000,-0.000000000
4,5,4096,16777216,33554432,4,cycle,insertion,1538,33554432,1.00000000000000000,-0.000000000
4,5,4096,16777216,33554432,4,cycle,insertion,1539,33554432,1.00000000000000000,-0.000000000
4,5,4096,16777216,33554432,4,cycle,insertion,1540,33554432,1.00000000000000000,-0.000000000
4,5,4096,16777216,33554432,4,cycle,insertion,1541,33554432,1.00000000000000000,-0.000000000
4,5,4096,16777216,33554432,4,cycle,insertion,1542,33554432,1.00000000000000000,-0.000000000
4,5,4096,16777216,33554432,4,cycle,insertion,1543,33554432,1.00000000000000000,-0.000000000
4,5,4096,16777216,33554432,4,cycle,insertion,1544,33554432,1.00000000000000000,-0.000000000
4,5,4096,16777216,33554432,4,cycle,insertion,1545,33554432,1.00000000000000000,-0.000000000
4,5,4096,16777216,33554432,4,cycle,insertion,1546,33554432,1.00000000000000000,-0.000000000
4,5,4096,16777216,33554432,4,cycle,insertion,1547,33554432,1.00000000000000000,-0.000000000
4,5,4096,16777216,33554432,4,cycle,insertion,1548,33554432,1.00000000000000000,-0.000000000
4,5,4096,16777216,33554432,4,cycle,insertion,1549,33554432,1.00000000000000000,-0.000000000
4,5,4096,16777216,33554432,4,cycle,insertion,1550,33554432,1.00000000000000000,-0.000000000
4,5,4096,16777216,33554432,4,cycle,insertion,1551,33554432,1.00000000000000000,-0.000000000
4,5,4096,16777216,33554432,4,cycle,insertion,1552,33554432,1.00000000000000000,-0.000000000
4,5,4096,16777216,33554432,4,cycle,insertion,1553,33554432,1.00000000000000000,-0.000000000
4,5,4096,16777216,33554432,4,cycle,insertion,1554,33554432,1.00000000000000000,-0.000000000
4,5,4096,16777216,33554432,4,cycle,insertion,1555,33554432,1.00000000000000000,-0.000000000
4,5,4096,16777216,33554432,4,cycle,insertion,1556,33554432,1.00000000000000000,-0.000000000
4,5,4096,16777216,33554432,4,cycle,insertion,1557,33554432,1.00000000000000000,-0.000000000
4,5,4096,16777216,33554432,4,cycle,insertion,1558,33554432,1.00000000000000000,-0.000000000
4,5,4096,16777216,33554432,4,cycle,insertion,1559,33554432,1.00000000000000000,-0.000000000
4,5,4096,16777216,33554432,4,cycle,insertion,1560,33554432,1.00000000000000000,-0.000000000
4,5,4096,16777216,33554432,4,cycle,insertion,1561,33554432,1.00000000000000000,-0.000000000
4,5,4096,16777216,33554432,4,cycle,insertion,1562,33554432,1.00000000000000000,-0.000000000
4,5,4096,16777216,33554432,4,cycle,insertion,1563,33554432,1.00000000000000000,-0.000000000
4,5,4096,16777216,33554432,4,cycle,insertion,1564,33554432,1.00000000000000000,-0.000000000
4,5,4096,16777216,33554432,4,cycle,insertion,1565,33554432,1.00000000000000000,-0.000000000
4,5,4096,16777216,33554432,4,cycle,insertion,1566,33554432,1.00000000000000000,-0.000000000
4,5,4096,16777216,33554432,4,cycle,insertion,1567,33554432,1.00000000000000000,-0.000000000
4,5,4096,16777216,33554432,4,cycle,insertion,1568,33554432,1.00000000000000000,-0.000000000
4,5,4096,16777216,33554432,4,cycle,insertion,1569,33554432,1.00000000000000000,-0.000000000
4,5,4096,16777216,33554432,4,cycle,insertion,1570,33554432,1.00000000000000000,-0.000000000
4,5,4096,16777216,33554432,4,cycle,insertion,1571,33554432,1.00000000000000000,-0.000000000
4,5,4096,16777216,33554432,4,cycle,insertion,1572,33554432,1.00000000000000000,-0.000000000
4,5,4096,16777216,33554432,4,cycle,insertion,1573,33554432,1.00000000000000000,-0.000000000
4,5,4096,16777216,33554432,4,cycle,insertion,1574,33554432,1.00000000000000000,-0.000000000
4,5,4096,16777216,33554432,4,cycle,insertion,1575,33554432,1.00000000000000000,-0.000000000
4,5,4096,16777216,33554432,4,cycle,insertion,1576,33554432,1.00000000000000000,-0.000000000
4,5,4096,16777216,33554432,4,cycle,insertion,1577,33554432,1.00000000000000000,-0.000000000
4,5,4096,16777216,33554432,4,cycle,insertion,1578,33554432,1.00000000000000000,-0.000000000
4,5,4096,16777216,33554432,4,cycle,insertion,1579,33554432,1.00000000000000000,-0.000000000
4,5,4096,16777216,33554432,4,cycle,insertion,1580,33554432,1.00000000000000000,-0.000000000
4,5,4096,16777216,33554432,4,cycle,insertion,1581,33554432,1.00000000000000000,-0.000000000
4,5,4096,16777216,33554432,4,cycle,insertion,1582,33554432,1.00000000000000000,-0.000000000
4,5,4096,16777216,33554432,4,cycle,insertion,1583,33554432,1.00000000000000000,-0.000000000
4,5,4096,16777216,33554432,4,cycle,insertion,1584,33554432,1.00000000000000000,-0.000000000
4,5,4096,16777216,33554432,4,cycle,insertion,1585,33554432,1.00000000000000000,-0.000000000
4,5,4096,16777216,33554432,4,cycle,insertion,1586,33554432,1.00000000000000000,-0.000000000
4,5,4096,16777216,33554432,4,cycle,insertion,1587,33554432,1.00000000000000000,-0.000000000
4,5,4096,16777216,33554432,4,cycle,insertion,1588,33554432,1.00000000000000000,-0.000000000
4,5,4096,16777216,33554432,4,cycle,insertion,1589,33554432,1.00000000000000000,-0.000000000
4,5,4096,16777216,33554432,4,cycle,insertion,1590,33554432,1.00000000000000000,-0.000000000
4,5,4096,16777216,33554432,4,cycle,insertion,1591,33554432,1.00000000000000000,-0.000000000
4,5,4096,16777216,33554432,4,cycle,insertion,1592,33554432,1.00000000000000000,-0.000000000
4,5,4096,16777216,33554432,4,cycle,insertion,1593,33554432,1.00000000000000000,-0.000000000
4,5,4096,16777216,33554432,4,cycle,insertion,1594,33554432,1.00000000000000000,-0.000000000
4,5,4096,16777216,33554432,4,cycle,insertion,1595,33554432,1.00000000000000000,-0.000000000
4,5,4096,16777216,33554432,4,cycle,insertion,1596,33554432,1.00000000000000000,-0.000000000
4,5,4096,16777216,33554432,4,cycle,insertion,1597,33554432,1.00000000000000000,-0.000000000
4,5,4096,16777216,33554432,4,cycle,insertion,1598,33554432,1.00000000000000000,-0.000000000
4,5,4096,16777216,33554432,4,cycle,insertion,1599,33554432,1.00000000000000000,-0.000000000
4,5,4096,16777216,33554432,4,cycle,insertion,1600,33554432,1.00000000000000000,-0.000000000
4,5,4096,16777216,33554432,4,cycle,insertion,1601,33554432,1.00000000000000000,-0.000000000
4,5,4096,16777216,33554432,4,cycle,insertion,1602,33554432,1.00000000000000000,-0.000000000
4,5,4096,16777216,33554432,4,cycle,insertion,1603,33554432,1.00000000000000000,-0.000000000
4,5,4096,16777216,33554432,4,cycle,insertion,1604,33554432,1.00000000000000000,-0.000000000
4,5,4096,16777216,33554432,4,cycle,insertion,1605,33554432,1.00000000000000000,-0.000000000
4,5,4096,16777216,33554432,4,cycle,insertion,1606,33554432,1.00000000000000000,-0.000000000
4,5,4096,16777216,33554432,4,cycle,insertion,1607,33554432,1.00000000000000000,-0.000000000
4,5,4096,16777216,33554432,4,cycle,insertion,1608,33554432,1.00000000000000000,-0.000000000
4,5,4096,16777216,33554432,4,cycle,insertion,1609,33554432,1.00000000000000000,-0.000000000
4,5,4096,16777216,33554432,4,cycle,insertion,1610,33554432,1.00000000000000000,-0.000000000
4,5,4096,16777216,33554432,4,cycle,insertion,1611,33554432,1.00000000000000000,-0.000000000
4,5,4096,16777216,33554432,4,cycle,insertion,1612,33554432,1.00000000000000000,-0.000000000
4,5,4096,16777216,33554432,4,cycle,insertion,1613,33554432,1.00000000000000000,-0.000000000
4,5,4096,16777216,33554432,4,cycle,insertion,1614,33554432,1.00000000000000000,-0.000000000
4,5,4096,16777216,33554432,4,cycle,insertion,1615,33554432,1.00000000000000000,-0.000000000
4,5,4096,16777216,33554432,4,cycle,insertion,1616,33554432,1.00000000000000000,-0.000000000
4,5,4096,16777216,33554432,4,cycle,insertion,1617,33554432,1.00000000000000000,-0.000000000
4,5,4096,16777216,33554432,4,cycle,insertion,1618,33554432,1.00000000000000000,-0.000000000
4,5,4096,16777216,33554432,4,cycle,insertion,1619,33554432,1.00000000000000000,-0.000000000
4,5,4096,16777216,33554432,4,cycle,insertion,1620,33554432,1.00000000000000000,-0.000000000
4,5,4096,16777216,33554432,4,cycle,insertion,1621,33554432,1.00000000000000000,-0.000000000
4,5,4096,16777216,33554432,4,cycle,insertion,1622,33554432,1.00000000000000000,-0.000000000
4,5,4096,16777216,33554432,4,cycle,insertion,1623,33554432,1.00000000000000000,-0.000000000
4,5,4096,16777216,33554432,4,cycle,insertion,1624,33554432,1.00000000000000000,-0.000000000
4,5,4096,16777216,33554432,4,cycle,insertion,1625,33554432,1.00000000000000000,-0.000000000
4,5,4096,16777216,33554432,4,cycle,insertion,1626,33554432,1.00000000000000000,-0.000000000
4,5,4096,16777216,33554432,4,cycle,insertion,1627,33554432,1.00000000000000000,-0.000000000
4,5,4096,16777216,33554432,4,cycle,insertion,1628,33554432,1.00000000000000000,-0.000000000
4,5,4096,16777216,33554432,4,cycle,insertion,1629,33554432,1.00000000000000000,-0.000000000
4,5,4096,16777216,33554432,4,cycle,insertion,1630,33554432,1.00000000000000000,-0.000000000
4,5,4096,16777216,33554432,4,cycle,insertion,1631,33554432,1.00000000000000000,-0.000000000
4,5,4096,16777216,33554432,4,cycle,insertion,1632,33554432,1.00000000000000000,-0.000000000
4,5,4096,16777216,33554432,4,cycle,insertion,1633,33554432,1.00000000000000000,-0.000000000
4,5,4096,16777216,33554432,4,cycle,insertion,1634,33554432,1.00000000000000000,-0.000000000
4,5,4096,16777216,33554432,4,cycle,insertion,1635,33554432,1.00000000000000000,-0.000000000
4,5,4096,16777216,33554432,4,cycle,insertion,1636,33554432,1.00000000000000000,-0.000000000
4,5,4096,16777216,33554432,4,cycle,insertion,1637,33554432,1.00000000000000000,-0.000000000
4,5,4096,16777216,33554432,4,cycle,insertion,1638,33554432,1.00000000000000000,-0.000000000
4,5,4096,16777216,33554432,4,cycle,insertion,1639,33554432,1.00000000000000000,-0.000000000
4,5,4096,16777216,33554432,4,cycle,insertion,1640,33554432,1.00000000000000000,-0.000000000
4,5,4096,16777216,33554432,4,cycle,insertion,1641,33554432,1.00000000000000000,-0.000000000
4,5,4096,16777216,33554432,4,cycle,insertion,1642,33554432,1.00000000000000000,-0.000000000
4,5,4096,16777216,33554432,4,cycle,insertion,1643,33554432,1.00000000000000000,-0.000000000
4,5,4096,16777216,33554432,4,cycle,insertion,1644,33554432,1.00000000000000000,-0.000000000
4,5,4096,16777216,33554432,4,cycle,insertion,1645,33554432,1.00000000000000000,-0.000000000
4,5,4096,16777216,33554432,4,cycle,insertion,1646,33554432,1.00000000000000000,-0.000000000
4,5,4096,16777216,33554432,4,cycle,insertion,1647,33554432,1.00000000000000000,-0.000000000
4,5,4096,16777216,33554432,4,cycle,insertion,1648,33554432,1.00000000000000000,-0.000000000
4,5,4096,16777216,33554432,4,cycle,insertion,1649,33554432,1.00000000000000000,-0.000000000
4,5,4096,16777216,33554432,4,cycle,insertion,1650,33554432,1.00000000000000000,-0.000000000
4,5,4096,16777216,33554432,4,cycle,insertion,1651,33554432,1.00000000000000000,-0.000000000
4,5,4096,16777216,33554432,4,cycle,insertion,1652,33554432,1.00000000000000000,-0.000000000
4,5,4096,16777216,33554432,4,cycle,insertion,1653,33554432,1.00000000000000000,-0.000000000
4,5,4096,16777216,33554432,4,cycle,insertion,1654,33554432,1.00000000000000000,-0.000000000
4,5,4096,16777216,33554432,4,cycle,insertion,1655,33554432,1.00000000000000000,-0.000000000
4,5,4096,16777216,33554432,4,cycle,insertion,1656,33554432,1.00000000000000000,-0.000000000
4,5,4096,16777216,33554432,4,cycle,insertion,1657,33554432,1.00000000000000000,-0.000000000
4,5,4096,16777216,33554432,4,cycle,insertion,1658,33554432,1.00000000000000000,-0.000000000
4,5,4096,16777216,33554432,4,cycle,insertion,1659,33554432,1.00000000000000000,-0.000000000
4,5,4096,16777216,33554432,4,cycle,insertion,1660,33554432,1.00000000000000000,-0.000000000
4,5,4096,16777216,33554432,4,cycle,insertion,1661,33554432,1.00000000000000000,-0.000000000
4,5,4096,16777216,33554432,4,cycle,insertion,1662,33554432,1.00000000000000000,-0.000000000
4,5,4096,16777216,33554432,4,cycle,insertion,1663,33554432,1.00000000000000000,-0.000000000
4,5,4096,16777216,33554432,4,cycle,insertion,1664,33554432,1.00000000000000000,-0.000000000
4,5,4096,16777216,33554432,4,cycle,insertion,1665,33554432,1.00000000000000000,-0.000000000
4,5,4096,16777216,33554432,4,cycle,insertion,1666,33554432,1.00000000000000000,-0.000000000
4,5,4096,16777216,33554432,4,cycle,insertion,1667,33554432,1.00000000000000000,-0.000000000
4,5,4096,16777216,33554432,4,cycle,insertion,1668,33554432,1.00000000000000000,-0.000000000
4,5,4096,16777216,33554432,4,cycle,insertion,1669,33554432,1.00000000000000000,-0.000000000
4,5,4096,16777216,33554432,4,cycle,insertion,1670,33554432,1.00000000000000000,-0.000000000
4,5,4096,16777216,33554432,4,cycle,insertion,1671,33554432,1.00000000000000000,-0.000000000
4,5,4096,16777216,33554432,4,cycle,insertion,1672,33554432,1.00000000000000000,-0.000000000
4,5,4096,16777216,33554432,4,cycle,insertion,1673,33554432,1.00000000000000000,-0.000000000
4,5,4096,16777216,33554432,4,cycle,insertion,1674,33554432,1.00000000000000000,-0.000000000
4,5,4096,16777216,33554432,4,cycle,insertion,1675,33554432,1.00000000000000000,-0.000000000
4,5,4096,16777216,33554432,4,cycle,insertion,1676,33554432,1.00000000000000000,-0.000000000
4,5,4096,16777216,33554432,4,cycle,insertion,1677,33554432,1.00000000000000000,-0.000000000
4,5,4096,16777216,33554432,4,cycle,insertion,1678,33554432,1.00000000000000000,-0.000000000
4,5,4096,16777216,33554432,4,cycle,insertion,1679,33554432,1.00000000000000000,-0.000000000
4,5,4096,16777216,33554432,4,cycle,insertion,1680,33554432,1.00000000000000000,-0.000000000
4,5,4096,16777216,33554432,4,cycle,insertion,1681,33554432,1.00000000000000000,-0.000000000
4,5,4096,16777216,33554432,4,cycle,insertion,1682,33554432,1.00000000000000000,-0.000000000
4,5,4096,16777216,33554432,4,cycle,insertion,1683,33554432,1.00000000000000000,-0.000000000
4,5,4096,16777216,33554432,4,cycle,insertion,1684,33554432,1.00000000000000000,-0.000000000
4,5,4096,16777216,33554432,4,cycle,insertion,1685,33554432,1.00000000000000000,-0.000000000
4,5,4096,16777216,33554432,4,cycle,insertion,1686,33554432,1.00000000000000000,-0.000000000
4,5,4096,16777216,33554432,4,cycle,insertion,1687,33554432,1.00000000000000000,-0.000000000
4,5,4096,16777216,33554432,4,cycle,insertion,1688,33554432,1.00000000000000000,-0.000000000
4,5,4096,16777216,33554432,4,cycle,insertion,1689,33554432,1.00000000000000000,-0.000000000
4,5,4096,16777216,33554432,4,cycle,insertion,1690,33554432,1.00000000000000000,-0.000000000
4,5,4096,16777216,33554432,4,cycle,insertion,1691,33554432,1.00000000000000000,-0.000000000
4,5,4096,16777216,33554432,4,cycle,insertion,1692,33554432,1.00000000000000000,-0.000000000
4,5,4096,16777216,33554432,4,cycle,insertion,1693,33554432,1.00000000000000000,-0.000000000
4,5,4096,16777216,33554432,4,cycle,insertion,1694,33554432,1.00000000000000000,-0.000000000
4,5,4096,16777216,33554432,4,cycle,insertion,1695,33554432,1.00000000000000000,-0.000000000
4,5,4096,16777216,33554432,4,cycle,insertion,1696,33554432,1.00000000000000000,-0.000000000
4,5,4096,16777216,33554432,4,cycle,insertion,1697,33554432,1.00000000000000000,-0.000000000
4,5,4096,16777216,33554432,4,cycle,insertion,1698,33554432,1.00000000000000000,-0.000000000
4,5,4096,16777216,33554432,4,cycle,insertion,1699,33554432,1.00000000000000000,-0.000000000
4,5,4096,16777216,33554432,4,cycle,insertion,1700,33554432,1.00000000000000000,-0.000000000
4,5,4096,16777216,33554432,4,cycle,insertion,1701,33554432,1.00000000000000000,-0.000000000
4,5,4096,16777216,33554432,4,cycle,insertion,1702,33554432,1.00000000000000000,-0.000000000
4,5,4096,16777216,33554432,4,cycle,insertion,1703,33554432,1.00000000000000000,-0.000000000
4,5,4096,16777216,33554432,4,cycle,insertion,1704,33554432,1.00000000000000000,-0.000000000
4,5,4096,16777216,33554432,4,cycle,insertion,1705,33554432,1.00000000000000000,-0.000000000
4,5,4096,16777216,33554432,4,cycle,insertion,1706,33554432,1.00000000000000000,-0.000000000
4,5,4096,16777216,33554432,4,cycle,insertion,1707,33554432,1.00000000000000000,-0.000000000
4,5,4096,16777216,33554432,4,cycle,insertion,1708,33554432,1.00000000000000000,-0.000000000
4,5,4096,16777216,33554432,4,cycle,insertion,1709,33554432,1.00000000000000000,-0.000000000
4,5,4096,16777216,33554432,4,cycle,insertion,1710,33554432,1.00000000000000000,-0.000000000
4,5,4096,16777216,33554432,4,cycle,insertion,1711,33554432,1.00000000000000000,-0.000000000
4,5,4096,16777216,33554432,4,cycle,insertion,1712,33554432,1.00000000000000000,-0.000000000
4,5,4096,16777216,33554432,4,cycle,insertion,1713,33554432,1.00000000000000000,-0.000000000
4,5,4096,16777216,33554432,4,cycle,insertion,1714,33554432,1.00000000000000000,-0.000000000
4,5,4096,16777216,33554432,4,cycle,insertion,1715,33554432,1.00000000000000000,-0.000000000
4,5,4096,16777216,33554432,4,cycle,insertion,1716,33554432,1.00000000000000000,-0.000000000
4,5,4096,16777216,33554432,4,cycle,insertion,1717,33554432,1.00000000000000000,-0.000000000
4,5,4096,16777216,33554432,4,cycle,insertion,1718,33554432,1.00000000000000000,-0.000000000
4,5,4096,16777216,33554432,4,cycle,insertion,1719,33554432,1.00000000000000000,-0.000000000
4,5,4096,16777216,33554432,4,cycle,insertion,1720,33554432,1.00000000000000000,-0.000000000
4,5,4096,16777216,33554432,4,cycle,insertion,1721,33554432,1.00000000000000000,-0.000000000
4,5,4096,16777216,33554432,4,cycle,insertion,1722,33554432,1.00000000000000000,-0.000000000
4,5,4096,16777216,33554432,4,cycle,insertion,1723,33554432,1.00000000000000000,-0.000000000
4,5,4096,16777216,33554432,4,cycle,insertion,1724,33554432,1.00000000000000000,-0.000000000
4,5,4096,16777216,33554432,4,cycle,insertion,1725,33554432,1.00000000000000000,-0.000000000
4,5,4096,16777216,33554432,4,cycle,insertion,1726,33554432,1.00000000000000000,-0.000000000
4,5,4096,16777216,33554432,4,cycle,insertion,1727,33554432,1.00000000000000000,-0.000000000
4,5,4096,16777216,33554432,4,cycle,insertion,1728,33554432,1.00000000000000000,-0.000000000
4,5,4096,16777216,33554432,4,cycle,insertion,1729,33554432,1.00000000000000000,-0.000000000
4,5,4096,16777216,33554432,4,cycle,insertion,1730,33554432,1.00000000000000000,-0.000000000
4,5,4096,16777216,33554432,4,cycle,insertion,1731,33554432,1.00000000000000000,-0.000000000
4,5,4096,16777216,33554432,4,cycle,insertion,1732,33554432,1.00000000000000000,-0.000000000
4,5,4096,16777216,33554432,4,cycle,insertion,1733,33554432,1.00000000000000000,-0.000000000
4,5,4096,16777216,33554432,4,cycle,insertion,1734,33554432,1.00000000000000000,-0.000000000
4,5,4096,16777216,33554432,4,cycle,insertion,1735,33554432,1.00000000000000000,-0.000000000
4,5,4096,16777216,33554432,4,cycle,insertion,1736,33554432,1.00000000000000000,-0.000000000
4,5,4096,16777216,33554432,4,cycle,insertion,1737,33554432,1.00000000000000000,-0.000000000
4,5,4096,16777216,33554432,4,cycle,insertion,1738,33554432,1.00000000000000000,-0.000000000
4,5,4096,16777216,33554432,4,cycle,insertion,1739,33554432,1.00000000000000000,-0.000000000
4,5,4096,16777216,33554432,4,cycle,insertion,1740,33554432,1.00000000000000000,-0.000000000
4,5,4096,16777216,33554432,4,cycle,insertion,1741,33554432,1.00000000000000000,-0.000000000
4,5,4096,16777216,33554432,4,cycle,insertion,1742,33554432,1.00000000000000000,-0.000000000
4,5,4096,16777216,33554432,4,cycle,insertion,1743,33554432,1.00000000000000000,-0.000000000
4,5,4096,16777216,33554432,4,cycle,insertion,1744,33554432,1.00000000000000000,-0.000000000
4,5,4096,16777216,33554432,4,cycle,insertion,1745,33554432,1.00000000000000000,-0.000000000
4,5,4096,16777216,33554432,4,cycle,insertion,1746,33554432,1.00000000000000000,-0.000000000
4,5,4096,16777216,33554432,4,cycle,insertion,1747,33554432,1.00000000000000000,-0.000000000
4,5,4096,16777216,33554432,4,cycle,insertion,1748,33554432,1.00000000000000000,-0.000000000
4,5,4096,16777216,33554432,4,cycle,insertion,1749,33554432,1.00000000000000000,-0.000000000
4,5,4096,16777216,33554432,4,cycle,insertion,1750,33554432,1.00000000000000000,-0.000000000
4,5,4096,16777216,33554432,4,cycle,insertion,1751,33554432,1.00000000000000000,-0.000000000
4,5,4096,16777216,33554432,4,cycle,insertion,1752,33554432,1.00000000000000000,-0.000000000
4,5,4096,16777216,33554432,4,cycle,insertion,1753,33554432,1.00000000000000000,-0.000000000
4,5,4096,16777216,33554432,4,cycle,insertion,1754,33554432,1.00000000000000000,-0.000000000
4,5,4096,16777216,33554432,4,cycle,insertion,1755,33554432,1.00000000000000000,-0.000000000
4,5,4096,16777216,33554432,4,cycle,insertion,1756,33554432,1.00000000000000000,-0.000000000
4,5,4096,16777216,33554432,4,cycle,insertion,1757,33554432,1.00000000000000000,-0.000000000
4,5,4096,16777216,33554432,4,cycle,insertion,1758,33554432,1.00000000000000000,-0.000000000
4,5,4096,16777216,33554432,4,cycle,insertion,1759,33554432,1.00000000000000000,-0.000000000
4,5,4096,16777216,33554432,4,cycle,insertion,1760,33554432,1.00000000000000000,-0.000000000
4,5,4096,16777216,33554432,4,cycle,insertion,1761,33554432,1.00000000000000000,-0.000000000
4,5,4096,16777216,33554432,4,cycle,insertion,1762,33554432,1.00000000000000000,-0.000000000
4,5,4096,16777216,33554432,4,cycle,insertion,1763,33554432,1.00000000000000000,-0.000000000
4,5,4096,16777216,33554432,4,cycle,insertion,1764,33554432,1.00000000000000000,-0.000000000
4,5,4096,16777216,33554432,4,cycle,insertion,1765,33554432,1.00000000000000000,-0.000000000
4,5,4096,16777216,33554432,4,cycle,insertion,1766,33554432,1.00000000000000000,-0.000000000
4,5,4096,16777216,33554432,4,cycle,insertion,1767,33554432,1.00000000000000000,-0.000000000
4,5,4096,16777216,33554432,4,cycle,insertion,1768,33554432,1.00000000000000000,-0.000000000
4,5,4096,16777216,33554432,4,cycle,insertion,1769,33554432,1.00000000000000000,-0.000000000
4,5,4096,16777216,33554432,4,cycle,insertion,1770,33554432,1.00000000000000000,-0.000000000
4,5,4096,16777216,33554432,4,cycle,insertion,1771,33554432,1.00000000000000000,-0.000000000
4,5,4096,16777216,33554432,4,cycle,insertion,1772,33554432,1.00000000000000000,-0.000000000
4,5,4096,16777216,33554432,4,cycle,insertion,1773,33554432,1.00000000000000000,-0.000000000
4,5,4096,16777216,33554432,4,cycle,insertion,1774,33554432,1.00000000000000000,-0.000000000
4,5,4096,16777216,33554432,4,cycle,insertion,1775,33554432,1.00000000000000000,-0.000000000
4,5,4096,16777216,33554432,4,cycle,insertion,1776,33554432,1.00000000000000000,-0.000000000
4,5,4096,16777216,33554432,4,cycle,insertion,1777,33554432,1.00000000000000000,-0.000000000
4,5,4096,16777216,33554432,4,cycle,insertion,1778,33554432,1.00000000000000000,-0.000000000
4,5,4096,16777216,33554432,4,cycle,insertion,1779,33554432,1.00000000000000000,-0.000000000
4,5,4096,16777216,33554432,4,cycle,insertion,1780,33554432,1.00000000000000000,-0.000000000
4,5,4096,16777216,33554432,4,cycle,insertion,1781,33554432,1.00000000000000000,-0.000000000
4,5,4096,16777216,33554432,4,cycle,insertion,1782,33554432,1.00000000000000000,-0.000000000
4,5,4096,16777216,33554432,4,cycle,insertion,1783,33554432,1.00000000000000000,-0.000000000
4,5,4096,16777216,33554432,4,cycle,insertion,1784,33554432,1.00000000000000000,-0.000000000
4,5,4096,16777216,33554432,4,cycle,insertion,1785,33554432,1.00000000000000000,-0.000000000
4,5,4096,16777216,33554432,4,cycle,insertion,1786,33554432,1.00000000000000000,-0.000000000
4,5,4096,16777216,33554432,4,cycle,insertion,1787,33554432,1.00000000000000000,-0.000000000
4,5,4096,16777216,33554432,4,cycle,insertion,1788,33554432,1.00000000000000000,-0.000000000
4,5,4096,16777216,33554432,4,cycle,insertion,1789,33554432,1.00000000000000000,-0.000000000
4,5,4096,16777216,33554432,4,cycle,insertion,1790,33554432,1.00000000000000000,-0.000000000
4,5,4096,16777216,33554432,4,cycle,insertion,1791,33554432,1.00000000000000000,-0.000000000
4,5,4096,16777216,33554432,4,cycle,insertion,1792,33554432,1.00000000000000000,-0.000000000
4,5,4096,16777216,33554432,4,cycle,insertion,1793,33554432,1.00000000000000000,-0.000000000
4,5,4096,16777216,33554432,4,cycle,insertion,1794,33554432,1.00000000000000000,-0.000000000
4,5,4096,16777216,33554432,4,cycle,insertion,1795,33554432,1.00000000000000000,-0.000000000
4,5,4096,16777216,33554432,4,cycle,insertion,1796,33554432,1.00000000000000000,-0.000000000
4,5,4096,16777216,33554432,4,cycle,insertion,1797,33554432,1.00000000000000000,-0.000000000
4,5,4096,16777216,33554432,4,cycle,insertion,1798,33554432,1.00000000000000000,-0.000000000
4,5,4096,16777216,33554432,4,cycle,insertion,1799,33554432,1.00000000000000000,-0.000000000
4,5,4096,16777216,33554432,4,cycle,insertion,1800,33554432,1.00000000000000000,-0.000000000
4,5,4096,16777216,33554432,4,cycle,insertion,1801,33554432,1.00000000000000000,-0.000000000
4,5,4096,16777216,33554432,4,cycle,insertion,1802,33554432,1.00000000000000000,-0.000000000
4,5,4096,16777216,33554432,4,cycle,insertion,1803,33554432,1.00000000000000000,-0.000000000
4,5,4096,16777216,33554432,4,cycle,insertion,1804,33554432,1.00000000000000000,-0.000000000
4,5,4096,16777216,33554432,4,cycle,insertion,1805,33554432,1.00000000000000000,-0.000000000
4,5,4096,16777216,33554432,4,cycle,insertion,1806,33554432,1.00000000000000000,-0.000000000
4,5,4096,16777216,33554432,4,cycle,insertion,1807,33554432,1.00000000000000000,-0.000000000
4,5,4096,16777216,33554432,4,cycle,insertion,1808,33554432,1.00000000000000000,-0.000000000
4,5,4096,16777216,33554432,4,cycle,insertion,1809,33554432,1.00000000000000000,-0.000000000
4,5,4096,16777216,33554432,4,cycle,insertion,1810,33554432,1.00000000000000000,-0.000000000
4,5,4096,16777216,33554432,4,cycle,insertion,1811,33554432,1.00000000000000000,-0.000000000
4,5,4096,16777216,33554432,4,cycle,insertion,1812,33554432,1.00000000000000000,-0.000000000
4,5,4096,16777216,33554432,4,cycle,insertion,1813,33554432,1.00000000000000000,-0.000000000
4,5,4096,16777216,33554432,4,cycle,insertion,1814,33554432,1.00000000000000000,-0.000000000
4,5,4096,16777216,33554432,4,cycle,insertion,1815,33554432,1.00000000000000000,-0.000000000
4,5,4096,16777216,33554432,4,cycle,insertion,1816,33554432,1.00000000000000000,-0.000000000
4,5,4096,16777216,33554432,4,cycle,insertion,1817,33554432,1.00000000000000000,-0.000000000
4,5,4096,16777216,33554432,4,cycle,insertion,1818,33554432,1.00000000000000000,-0.000000000
4,5,4096,16777216,33554432,4,cycle,insertion,1819,33554432,1.00000000000000000,-0.000000000
4,5,4096,16777216,33554432,4,cycle,insertion,1820,33554432,1.00000000000000000,-0.000000000
4,5,4096,16777216,33554432,4,cycle,insertion,1821,33554432,1.00000000000000000,-0.000000000
4,5,4096,16777216,33554432,4,cycle,insertion,1822,33554432,1.00000000000000000,-0.000000000
4,5,4096,16777216,33554432,4,cycle,insertion,1823,33554432,1.00000000000000000,-0.000000000
4,5,4096,16777216,33554432,4,cycle,insertion,1824,33554432,1.00000000000000000,-0.000000000
4,5,4096,16777216,33554432,4,cycle,insertion,1825,33554432,1.00000000000000000,-0.000000000
4,5,4096,16777216,33554432,4,cycle,insertion,1826,33554432,1.00000000000000000,-0.000000000
4,5,4096,16777216,33554432,4,cycle,insertion,1827,33554432,1.00000000000000000,-0.000000000
4,5,4096,16777216,33554432,4,cycle,insertion,1828,33554432,1.00000000000000000,-0.000000000
4,5,4096,16777216,33554432,4,cycle,insertion,1829,33554432,1.00000000000000000,-0.000000000
4,5,4096,16777216,33554432,4,cycle,insertion,1830,33554432,1.00000000000000000,-0.000000000
4,5,4096,16777216,33554432,4,cycle,insertion,1831,33554432,1.00000000000000000,-0.000000000
4,5,4096,16777216,33554432,4,cycle,insertion,1832,33554432,1.00000000000000000,-0.000000000
4,5,4096,16777216,33554432,4,cycle,insertion,1833,33554432,1.00000000000000000,-0.000000000
4,5,4096,16777216,33554432,4,cycle,insertion,1834,33554432,1.00000000000000000,-0.000000000
4,5,4096,16777216,33554432,4,cycle,insertion,1835,33554432,1.00000000000000000,-0.000000000
4,5,4096,16777216,33554432,4,cycle,insertion,1836,33554432,1.00000000000000000,-0.000000000
4,5,4096,16777216,33554432,4,cycle,insertion,1837,33554432,1.00000000000000000,-0.000000000
4,5,4096,16777216,33554432,4,cycle,insertion,1838,33554432,1.00000000000000000,-0.000000000
4,5,4096,16777216,33554432,4,cycle,insertion,1839,33554432,1.00000000000000000,-0.000000000
4,5,4096,16777216,33554432,4,cycle,insertion,1840,33554432,1.00000000000000000,-0.000000000
4,5,4096,16777216,33554432,4,cycle,insertion,1841,33554432,1.00000000000000000,-0.000000000
4,5,4096,16777216,33554432,4,cycle,insertion,1842,33554432,1.00000000000000000,-0.000000000
4,5,4096,16777216,33554432,4,cycle,insertion,1843,33554432,1.00000000000000000,-0.000000000
4,5,4096,16777216,33554432,4,cycle,insertion,1844,33554432,1.00000000000000000,-0.000000000
4,5,4096,16777216,33554432,4,cycle,insertion,1845,33554432,1.00000000000000000,-0.000000000
4,5,4096,16777216,33554432,4,cycle,insertion,1846,33554432,1.00000000000000000,-0.000000000
4,5,4096,16777216,33554432,4,cycle,insertion,1847,33554432,1.00000000000000000,-0.000000000
4,5,4096,16777216,33554432,4,cycle,insertion,1848,33554432,1.00000000000000000,-0.000000000
4,5,4096,16777216,33554432,4,cycle,insertion,1849,33554432,1.00000000000000000,-0.000000000
4,5,4096,16777216,33554432,4,cycle,insertion,1850,33554432,1.00000000000000000,-0.000000000
4,5,4096,16777216,33554432,4,cycle,insertion,1851,33554432,1.00000000000000000,-0.000000000
4,5,4096,16777216,33554432,4,cycle,insertion,1852,33554432,1.00000000000000000,-0.000000000
4,5,4096,16777216,33554432,4,cycle,insertion,1853,33554432,1.00000000000000000,-0.000000000
4,5,4096,16777216,33554432,4,cycle,insertion,1854,33554432,1.00000000000000000,-0.000000000
4,5,4096,16777216,33554432,4,cycle,insertion,1855,33554432,1.00000000000000000,-0.000000000
4,5,4096,16777216,33554432,4,cycle,insertion,1856,33554432,1.00000000000000000,-0.000000000
4,5,4096,16777216,33554432,4,cycle,insertion,1857,33554432,1.00000000000000000,-0.000000000
4,5,4096,16777216,33554432,4,cycle,insertion,1858,33554432,1.00000000000000000,-0.000000000
4,5,4096,16777216,33554432,4,cycle,insertion,1859,33554432,1.00000000000000000,-0.000000000
4,5,4096,16777216,33554432,4,cycle,insertion,1860,33554432,1.00000000000000000,-0.000000000
4,5,4096,16777216,33554432,4,cycle,insertion,1861,33554432,1.00000000000000000,-0.000000000
4,5,4096,16777216,33554432,4,cycle,insertion,1862,33554432,1.00000000000000000,-0.000000000
4,5,4096,16777216,33554432,4,cycle,insertion,1863,33554432,1.00000000000000000,-0.000000000
4,5,4096,16777216,33554432,4,cycle,insertion,1864,33554432,1.00000000000000000,-0.000000000
4,5,4096,16777216,33554432,4,cycle,insertion,1865,33554432,1.00000000000000000,-0.000000000
4,5,4096,16777216,33554432,4,cycle,insertion,1866,33554432,1.00000000000000000,-0.000000000
4,5,4096,16777216,33554432,4,cycle,insertion,1867,33554432,1.00000000000000000,-0.000000000
4,5,4096,16777216,33554432,4,cycle,insertion,1868,33554432,1.00000000000000000,-0.000000000
4,5,4096,16777216,33554432,4,cycle,insertion,1869,33554432,1.00000000000000000,-0.000000000
4,5,4096,16777216,33554432,4,cycle,insertion,1870,33554432,1.00000000000000000,-0.000000000
4,5,4096,16777216,33554432,4,cycle,insertion,1871,33554432,1.00000000000000000,-0.000000000
4,5,4096,16777216,33554432,4,cycle,insertion,1872,33554432,1.00000000000000000,-0.000000000
4,5,4096,16777216,33554432,4,cycle,insertion,1873,33554432,1.00000000000000000,-0.000000000
4,5,4096,16777216,33554432,4,cycle,insertion,1874,33554432,1.00000000000000000,-0.000000000
4,5,4096,16777216,33554432,4,cycle,insertion,1875,33554432,1.00000000000000000,-0.000000000
4,5,4096,16777216,33554432,4,cycle,insertion,1876,33554432,1.00000000000000000,-0.000000000
4,5,4096,16777216,33554432,4,cycle,insertion,1877,33554432,1.00000000000000000,-0.000000000
4,5,4096,16777216,33554432,4,cycle,insertion,1878,33554432,1.00000000000000000,-0.000000000
4,5,4096,16777216,33554432,4,cycle,insertion,1879,33554432,1.00000000000000000,-0.000000000
4,5,4096,16777216,33554432,4,cycle,insertion,1880,33554432,1.00000000000000000,-0.000000000
4,5,4096,16777216,33554432,4,cycle,insertion,1881,33554432,1.00000000000000000,-0.000000000
4,5,4096,16777216,33554432,4,cycle,insertion,1882,33554432,1.00000000000000000,-0.000000000
4,5,4096,16777216,33554432,4,cycle,insertion,1883,33554432,1.00000000000000000,-0.000000000
4,5,4096,16777216,33554432,4,cycle,insertion,1884,33554432,1.00000000000000000,-0.000000000
4,5,4096,16777216,33554432,4,cycle,insertion,1885,33554432,1.00000000000000000,-0.000000000
4,5,4096,16777216,33554432,4,cycle,insertion,1886,33554432,1.00000000000000000,-0.000000000
4,5,4096,16777216,33554432,4,cycle,insertion,1887,33554432,1.00000000000000000,-0.000000000
4,5,4096,16777216,33554432,4,cycle,insertion,1888,33554432,1.00000000000000000,-0.000000000
4,5,4096,16777216,33554432,4,cycle,insertion,1889,33554432,1.00000000000000000,-0.000000000
4,5,4096,16777216,33554432,4,cycle,insertion,1890,33554432,1.00000000000000000,-0.000000000
4,5,4096,16777216,33554432,4,cycle,insertion,1891,33554432,1.00000000000000000,-0.000000000
4,5,4096,16777216,33554432,4,cycle,insertion,1892,33554432,1.00000000000000000,-0.000000000
4,5,4096,16777216,33554432,4,cycle,insertion,1893,33554432,1.00000000000000000,-0.000000000
4,5,4096,16777216,33554432,4,cycle,insertion,1894,33554432,1.00000000000000000,-0.000000000
4,5,4096,16777216,33554432,4,cycle,insertion,1895,33554432,1.00000000000000000,-0.000000000
4,5,4096,16777216,33554432,4,cycle,insertion,1896,33554432,1.00000000000000000,-0.000000000
4,5,4096,16777216,33554432,4,cycle,insertion,1897,33554432,1.00000000000000000,-0.000000000
4,5,4096,16777216,33554432,4,cycle,insertion,1898,33554432,1.00000000000000000,-0.000000000
4,5,4096,16777216,33554432,4,cycle,insertion,1899,33554432,1.00000000000000000,-0.000000000
4,5,4096,16777216,33554432,4,cycle,insertion,1900,33554432,1.00000000000000000,-0.000000000
4,5,4096,16777216,33554432,4,cycle,insertion,1901,33554432,1.00000000000000000,-0.000000000
4,5,4096,16777216,33554432,4,cycle,insertion,1902,33554432,1.00000000000000000,-0.000000000
4,5,4096,16777216,33554432,4,cycle,insertion,1903,33554432,1.00000000000000000,-0.000000000
4,5,4096,16777216,33554432,4,cycle,insertion,1904,33554432,1.00000000000000000,-0.000000000
4,5,4096,16777216,33554432,4,cycle,insertion,1905,33554432,1.00000000000000000,-0.000000000
4,5,4096,16777216,33554432,4,cycle,insertion,1906,33554432,1.00000000000000000,-0.000000000
4,5,4096,16777216,33554432,4,cycle,insertion,1907,33554432,1.00000000000000000,-0.000000000
4,5,4096,16777216,33554432,4,cycle,insertion,1908,33554432,1.00000000000000000,-0.000000000
4,5,4096,16777216,33554432,4,cycle,insertion,1909,33554432,1.00000000000000000,-0.000000000
4,5,4096,16777216,33554432,4,cycle,insertion,1910,33554432,1.00000000000000000,-0.000000000
4,5,4096,16777216,33554432,4,cycle,insertion,1911,33554432,1.00000000000000000,-0.000000000
4,5,4096,16777216,33554432,4,cycle,insertion,1912,33554432,1.00000000000000000,-0.000000000
4,5,4096,16777216,33554432,4,cycle,insertion,1913,33554432,1.00000000000000000,-0.000000000
4,5,4096,16777216,33554432,4,cycle,insertion,1914,33554432,1.00000000000000000,-0.000000000
4,5,4096,16777216,33554432,4,cycle,insertion,1915,33554432,1.00000000000000000,-0.000000000
4,5,4096,16777216,33554432,4,cycle,insertion,1916,33554432,1.00000000000000000,-0.000000000
4,5,4096,16777216,33554432,4,cycle,insertion,1917,33554432,1.00000000000000000,-0.000000000
4,5,4096,16777216,33554432,4,cycle,insertion,1918,33554432,1.00000000000000000,-0.000000000
4,5,4096,16777216,33554432,4,cycle,insertion,1919,33554432,1.00000000000000000,-0.000000000
4,5,4096,16777216,33554432,4,cycle,insertion,1920,33554432,1.00000000000000000,-0.000000000
4,5,4096,16777216,33554432,4,cycle,insertion,1921,33554432,1.00000000000000000,-0.000000000
4,5,4096,16777216,33554432,4,cycle,insertion,1922,33554432,1.00000000000000000,-0.000000000
4,5,4096,16777216,33554432,4,cycle,insertion,1923,33554432,1.00000000000000000,-0.000000000
4,5,4096,16777216,33554432,4,cycle,insertion,1924,33554432,1.00000000000000000,-0.000000000
4,5,4096,16777216,33554432,4,cycle,insertion,1925,33554432,1.00000000000000000,-0.000000000
4,5,4096,16777216,33554432,4,cycle,insertion,1926,33554432,1.00000000000000000,-0.000000000
4,5,4096,16777216,33554432,4,cycle,insertion,1927,33554432,1.00000000000000000,-0.000000000
4,5,4096,16777216,33554432,4,cycle,insertion,1928,33554432,1.00000000000000000,-0.000000000
4,5,4096,16777216,33554432,4,cycle,insertion,1929,33554432,1.00000000000000000,-0.000000000
4,5,4096,16777216,33554432,4,cycle,insertion,1930,33554432,1.00000000000000000,-0.000000000
4,5,4096,16777216,33554432,4,cycle,insertion,1931,33554432,1.00000000000000000,-0.000000000
4,5,4096,16777216,33554432,4,cycle,insertion,1932,33554432,1.00000000000000000,-0.000000000
4,5,4096,16777216,33554432,4,cycle,insertion,1933,33554432,1.00000000000000000,-0.000000000
4,5,4096,16777216,33554432,4,cycle,insertion,1934,33554432,1.00000000000000000,-0.000000000
4,5,4096,16777216,33554432,4,cycle,insertion,1935,33554432,1.00000000000000000,-0.000000000
4,5,4096,16777216,33554432,4,cycle,insertion,1936,33554432,1.00000000000000000,-0.000000000
4,5,4096,16777216,33554432,4,cycle,insertion,1937,33554432,1.00000000000000000,-0.000000000
4,5,4096,16777216,33554432,4,cycle,insertion,1938,33554432,1.00000000000000000,-0.000000000
4,5,4096,16777216,33554432,4,cycle,insertion,1939,33554432,1.00000000000000000,-0.000000000
4,5,4096,16777216,33554432,4,cycle,insertion,1940,33554432,1.00000000000000000,-0.000000000
4,5,4096,16777216,33554432,4,cycle,insertion,1941,33554432,1.00000000000000000,-0.000000000
4,5,4096,16777216,33554432,4,cycle,insertion,1942,33554432,1.00000000000000000,-0.000000000
4,5,4096,16777216,33554432,4,cycle,insertion,1943,33554432,1.00000000000000000,-0.000000000
4,5,4096,16777216,33554432,4,cycle,insertion,1944,33554432,1.00000000000000000,-0.000000000
4,5,4096,16777216,33554432,4,cycle,insertion,1945,33554432,1.00000000000000000,-0.000000000
4,5,4096,16777216,33554432,4,cycle,insertion,1946,33554432,1.00000000000000000,-0.000000000
4,5,4096,16777216,33554432,4,cycle,insertion,1947,33554432,1.00000000000000000,-0.000000000
4,5,4096,16777216,33554432,4,cycle,insertion,1948,33554432,1.00000000000000000,-0.000000000
4,5,4096,16777216,33554432,4,cycle,insertion,1949,33554432,1.00000000000000000,-0.000000000
4,5,4096,16777216,33554432,4,cycle,insertion,1950,33554432,1.00000000000000000,-0.000000000
4,5,4096,16777216,33554432,4,cycle,insertion,1951,33554432,1.00000000000000000,-0.000000000
4,5,4096,16777216,33554432,4,cycle,insertion,1952,33554432,1.00000000000000000,-0.000000000
4,5,4096,16777216,33554432,4,cycle,insertion,1953,33554432,1.00000000000000000,-0.000000000
4,5,4096,16777216,33554432,4,cycle,insertion,1954,33554432,1.00000000000000000,-0.000000000
4,5,4096,16777216,33554432,4,cycle,insertion,1955,33554432,1.00000000000000000,-0.000000000
4,5,4096,16777216,33554432,4,cycle,insertion,1956,33554432,1.00000000000000000,-0.000000000
4,5,4096,16777216,33554432,4,cycle,insertion,1957,33554432,1.00000000000000000,-0.000000000
4,5,4096,16777216,33554432,4,cycle,insertion,1958,33554432,1.00000000000000000,-0.000000000
4,5,4096,16777216,33554432,4,cycle,insertion,1959,33554432,1.00000000000000000,-0.000000000
4,5,4096,16777216,33554432,4,cycle,insertion,1960,33554432,1.00000000000000000,-0.000000000
4,5,4096,16777216,33554432,4,cycle,insertion,1961,33554432,1.00000000000000000,-0.000000000
4,5,4096,16777216,33554432,4,cycle,insertion,1962,33554432,1.00000000000000000,-0.000000000
4,5,4096,16777216,33554432,4,cycle,insertion,1963,33554432,1.00000000000000000,-0.000000000
4,5,4096,16777216,33554432,4,cycle,insertion,1964,33554432,1.00000000000000000,-0.000000000
4,5,4096,16777216,33554432,4,cycle,insertion,1965,33554432,1.00000000000000000,-0.000000000
4,5,4096,16777216,33554432,4,cycle,insertion,1966,33554432,1.00000000000000000,-0.000000000
4,5,4096,16777216,33554432,4,cycle,insertion,1967,33554432,1.00000000000000000,-0.000000000
4,5,4096,16777216,33554432,4,cycle,insertion,1968,33554432,1.00000000000000000,-0.000000000
4,5,4096,16777216,33554432,4,cycle,insertion,1969,33554432,1.00000000000000000,-0.000000000
4,5,4096,16777216,33554432,4,cycle,insertion,1970,33554432,1.00000000000000000,-0.000000000
4,5,4096,16777216,33554432,4,cycle,insertion,1971,33554432,1.00000000000000000,-0.000000000
4,5,4096,16777216,33554432,4,cycle,insertion,1972,33554432,1.00000000000000000,-0.000000000
4,5,4096,16777216,33554432,4,cycle,insertion,1973,33554432,1.00000000000000000,-0.000000000
4,5,4096,16777216,33554432,4,cycle,insertion,1974,33554432,1.00000000000000000,-0.000000000
4,5,4096,16777216,33554432,4,cycle,insertion,1975,33554432,1.00000000000000000,-0.000000000
4,5,4096,16777216,33554432,4,cycle,insertion,1976,33554432,1.00000000000000000,-0.000000000
4,5,4096,16777216,33554432,4,cycle,insertion,1977,33554432,1.00000000000000000,-0.000000000
4,5,4096,16777216,33554432,4,cycle,insertion,1978,33554432,1.00000000000000000,-0.000000000
4,5,4096,16777216,33554432,4,cycle,insertion,1979,33554432,1.00000000000000000,-0.000000000
4,5,4096,16777216,33554432,4,cycle,insertion,1980,33554432,1.00000000000000000,-0.000000000
4,5,4096,16777216,33554432,4,cycle,insertion,1981,33554432,1.00000000000000000,-0.000000000
4,5,4096,16777216,33554432,4,cycle,insertion,1982,33554432,1.00000000000000000,-0.000000000
4,5,4096,16777216,33554432,4,cycle,insertion,1983,33554432,1.00000000000000000,-0.000000000
4,5,4096,16777216,33554432,4,cycle,insertion,1984,33554432,1.00000000000000000,-0.000000000
4,5,4096,16777216,33554432,4,cycle,insertion,1985,33554432,1.00000000000000000,-0.000000000
4,5,4096,16777216,33554432,4,cycle,insertion,1986,33554432,1.00000000000000000,-0.000000000
4,5,4096,16777216,33554432,4,cycle,insertion,1987,33554432,1.00000000000000000,-0.000000000
4,5,4096,16777216,33554432,4,cycle,insertion,1988,33554432,1.00000000000000000,-0.000000000
4,5,4096,16777216,33554432,4,cycle,insertion,1989,33554432,1.00000000000000000,-0.000000000
4,5,4096,16777216,33554432,4,cycle,insertion,1990,33554432,1.00000000000000000,-0.000000000
4,5,4096,16777216,33554432,4,cycle,insertion,1991,33554432,1.00000000000000000,-0.000000000
4,5,4096,16777216,33554432,4,cycle,insertion,1992,33554432,1.00000000000000000,-0.000000000
4,5,4096,16777216,33554432,4,cycle,insertion,1993,33554432,1.00000000000000000,-0.000000000
4,5,4096,16777216,33554432,4,cycle,insertion,1994,33554432,1.00000000000000000,-0.000000000
4,5,4096,16777216,33554432,4,cycle,insertion,1995,33554432,1.00000000000000000,-0.000000000
4,5,4096,16777216,33554432,4,cycle,insertion,1996,33554432,1.00000000000000000,-0.000000000
4,5,4096,16777216,33554432,4,cycle,insertion,1997,33554432,1.00000000000000000,-0.000000000
4,5,4096,16777216,33554432,4,cycle,insertion,1998,33554432,1.00000000000000000,-0.000000000
4,5,4096,16777216,33554432,4,cycle,insertion,1999,33554432,1.00000000000000000,-0.000000000
4,5,4096,16777216,33554432,4,cycle,insertion,2000,33554432,1.00000000000000000,-0.000000000
4,5,4096,16777216,33554432,4,cycle,insertion,2001,33554432,1.00000000000000000,-0.000000000
4,5,4096,16777216,33554432,4,cycle,insertion,2002,33554432,1.00000000000000000,-0.000000000
4,5,4096,16777216,33554432,4,cycle,insertion,2003,33554432,1.00000000000000000,-0.000000000
4,5,4096,16777216,33554432,4,cycle,insertion,2004,33554432,1.00000000000000000,-0.000000000
4,5,4096,16777216,33554432,4,cycle,insertion,2005,33554432,1.00000000000000000,-0.000000000
4,5,4096,16777216,33554432,4,cycle,insertion,2006,33554432,1.00000000000000000,-0.000000000
4,5,4096,16777216,33554432,4,cycle,insertion,2007,33554432,1.00000000000000000,-0.000000000
4,5,4096,16777216,33554432,4,cycle,insertion,2008,33554432,1.00000000000000000,-0.000000000
4,5,4096,16777216,33554432,4,cycle,insertion,2009,33554432,1.00000000000000000,-0.000000000
4,5,4096,16777216,33554432,4,cycle,insertion,2010,33554432,1.00000000000000000,-0.000000000
4,5,4096,16777216,33554432,4,cycle,insertion,2011,33554432,1.00000000000000000,-0.000000000
4,5,4096,16777216,33554432,4,cycle,insertion,2012,33554432,1.00000000000000000,-0.000000000
4,5,4096,16777216,33554432,4,cycle,insertion,2013,33554432,1.00000000000000000,-0.000000000
4,5,4096,16777216,33554432,4,cycle,insertion,2014,33554432,1.00000000000000000,-0.000000000
4,5,4096,16777216,33554432,4,cycle,insertion,2015,33554432,1.00000000000000000,-0.000000000
4,5,4096,16777216,33554432,4,cycle,insertion,2016,33554432,1.00000000000000000,-0.000000000
4,5,4096,16777216,33554432,4,cycle,insertion,2017,33554432,1.00000000000000000,-0.000000000
4,5,4096,16777216,33554432,4,cycle,insertion,2018,33554432,1.00000000000000000,-0.000000000
4,5,4096,16777216,33554432,4,cycle,insertion,2019,33554432,1.00000000000000000,-0.000000000
4,5,4096,16777216,33554432,4,cycle,insertion,2020,33554432,1.00000000000000000,-0.000000000
4,5,4096,16777216,33554432,4,cycle,insertion,2021,33554432,1.00000000000000000,-0.000000000
4,5,4096,16777216,33554432,4,cycle,insertion,2022,33554432,1.00000000000000000,-0.000000000
4,5,4096,16777216,33554432,4,cycle,insertion,2023,33554432,1.00000000000000000,-0.000000000
4,5,4096,16777216,33554432,4,cycle,insertion,2024,33554432,1.00000000000000000,-0.000000000
4,5,4096,16777216,33554432,4,cycle,insertion,2025,33554432,1.00000000000000000,-0.000000000
4,5,4096,16777216,33554432,4,cycle,insertion,2026,33554432,1.00000000000000000,-0.000000000
4,5,4096,16777216,33554432,4,cycle,insertion,2027,33554432,1.00000000000000000,-0.000000000
4,5,4096,16777216,33554432,4,cycle,insertion,2028,33554432,1.00000000000000000,-0.000000000
4,5,4096,16777216,33554432,4,cycle,insertion,2029,33554432,1.00000000000000000,-0.000000000
4,5,4096,16777216,33554432,4,cycle,insertion,2030,33554432,1.00000000000000000,-0.000000000
4,5,4096,16777216,33554432,4,cycle,insertion,2031,33554432,1.00000000000000000,-0.000000000
4,5,4096,16777216,33554432,4,cycle,insertion,2032,33554432,1.00000000000000000,-0.000000000
4,5,4096,16777216,33554432,4,cycle,insertion,2033,33554432,1.00000000000000000,-0.000000000
4,5,4096,16777216,33554432,4,cycle,insertion,2034,33554432,1.00000000000000000,-0.000000000
4,5,4096,16777216,33554432,4,cycle,insertion,2035,33554432,1.00000000000000000,-0.000000000
4,5,4096,16777216,33554432,4,cycle,insertion,2036,33554432,1.00000000000000000,-0.000000000
4,5,4096,16777216,33554432,4,cycle,insertion,2037,33554432,1.00000000000000000,-0.000000000
4,5,4096,16777216,33554432,4,cycle,insertion,2038,33554432,1.00000000000000000,-0.000000000
4,5,4096,16777216,33554432,4,cycle,insertion,2039,33554432,1.00000000000000000,-0.000000000
4,5,4096,16777216,33554432,4,cycle,insertion,2040,33554432,1.00000000000000000,-0.000000000
4,5,4096,16777216,33554432,4,cycle,insertion,2041,33554432,1.00000000000000000,-0.000000000
4,5,4096,16777216,33554432,4,cycle,insertion,2042,33554432,1.00000000000000000,-0.000000000
4,5,4096,16777216,33554432,4,cycle,insertion,2043,33554432,1.00000000000000000,-0.000000000
4,5,4096,16777216,33554432,4,cycle,insertion,2044,33554432,1.00000000000000000,-0.000000000
4,5,4096,16777216,33554432,4,cycle,insertion,2045,33554432,1.00000000000000000,-0.000000000
4,5,4096,16777216,33554432,4,cycle,insertion,2046,33554432,1.00000000000000000,-0.000000000
4,5,4096,16777216,33554432,4,cycle,insertion,2047,33554432,1.00000000000000000,-0.000000000
4,5,4096,16777216,33554432,4,cycle,insertion,2048,33554432,1.00000000000000000,-0.000000000
4,5,4096,16777216,33554432,4,cycle,insertion,2049,33554432,1.00000000000000000,-0.000000000
4,5,4096,16777216,33554432,4,cycle,insertion,2050,33554432,1.00000000000000000,-0.000000000
4,5,4096,16777216,33554432,4,cycle,insertion,2051,33554432,1.00000000000000000,-0.000000000
4,5,4096,16777216,33554432,4,cycle,insertion,2052,33554432,1.00000000000000000,-0.000000000
4,5,4096,16777216,33554432,4,cycle,insertion,2053,33554432,1.00000000000000000,-0.000000000
4,5,4096,16777216,33554432,4,cycle,insertion,2054,33554432,1.00000000000000000,-0.000000000
4,5,4096,16777216,33554432,4,cycle,insertion,2055,33554432,1.00000000000000000,-0.000000000
4,5,4096,16777216,33554432,4,cycle,insertion,2056,33554432,1.00000000000000000,-0.000000000
4,5,4096,16777216,33554432,4,cycle,insertion,2057,33554432,1.00000000000000000,-0.000000000
4,5,4096,16777216,33554432,4,cycle,insertion,2058,33554432,1.00000000000000000,-0.000000000
4,5,4096,16777216,33554432,4,cycle,insertion,2059,33554432,1.00000000000000000,-0.000000000
4,5,4096,16777216,33554432,4,cycle,insertion,2060,33554432,1.00000000000000000,-0.000000000
4,5,4096,16777216,33554432,4,cycle,insertion,2061,33554432,1.00000000000000000,-0.000000000
4,5,4096,16777216,33554432,4,cycle,insertion,2062,33554432,1.00000000000000000,-0.000000000
4,5,4096,16777216,33554432,4,cycle,insertion,2063,33554432,1.00000000000000000,-0.000000000
4,5,4096,16777216,33554432,4,cycle,insertion,2064,33554432,1.00000000000000000,-0.000000000
4,5,4096,16777216,33554432,4,cycle,insertion,2065,33554432,1.00000000000000000,-0.000000000
4,5,4096,16777216,33554432,4,cycle,insertion,2066,33554432,1.00000000000000000,-0.000000000
4,5,4096,16777216,33554432,4,cycle,insertion,2067,33554432,1.00000000000000000,-0.000000000
4,5,4096,16777216,33554432,4,cycle,insertion,2068,33554432,1.00000000000000000,-0.000000000
4,5,4096,16777216,33554432,4,cycle,insertion,2069,33554432,1.00000000000000000,-0.000000000
4,5,4096,16777216,33554432,4,cycle,insertion,2070,33554432,1.00000000000000000,-0.000000000
4,5,4096,16777216,33554432,4,cycle,insertion,2071,33554432,1.00000000000000000,-0.000000000
4,5,4096,16777216,33554432,4,cycle,insertion,2072,33554432,1.00000000000000000,-0.000000000
4,5,4096,16777216,33554432,4,cycle,insertion,2073,33554432,1.00000000000000000,-0.000000000
4,5,4096,16777216,33554432,4,cycle,insertion,2074,33554432,1.00000000000000000,-0.000000000
4,5,4096,16777216,33554432,4,cycle,insertion,2075,33554432,1.00000000000000000,-0.000000000
4,5,4096,16777216,33554432,4,cycle,insertion,2076,33554432,1.00000000000000000,-0.000000000
4,5,4096,16777216,33554432,4,cycle,insertion,2077,33554432,1.00000000000000000,-0.000000000
4,5,4096,16777216,33554432,4,cycle,insertion,2078,33554432,1.00000000000000000,-0.000000000
4,5,4096,16777216,33554432,4,cycle,insertion,2079,33554432,1.00000000000000000,-0.000000000
4,5,4096,16777216,33554432,4,cycle,insertion,2080,33554432,1.00000000000000000,-0.000000000
4,5,4096,16777216,33554432,4,cycle,insertion,2081,33554432,1.00000000000000000,-0.000000000
4,5,4096,16777216,33554432,4,cycle,insertion,2082,33554432,1.00000000000000000,-0.000000000
4,5,4096,16777216,33554432,4,cycle,insertion,2083,33554432,1.00000000000000000,-0.000000000
4,5,4096,16777216,33554432,4,cycle,insertion,2084,33554432,1.00000000000000000,-0.000000000
4,5,4096,16777216,33554432,4,cycle,insertion,2085,33554432,1.00000000000000000,-0.000000000
4,5,4096,16777216,33554432,4,cycle,insertion,2086,33554432,1.00000000000000000,-0.000000000
4,5,4096,16777216,33554432,4,cycle,insertion,2087,33554432,1.00000000000000000,-0.000000000
4,5,4096,16777216,33554432,4,cycle,insertion,2088,33554432,1.00000000000000000,-0.000000000
4,5,4096,16777216,33554432,4,cycle,insertion,2089,33554432,1.00000000000000000,-0.000000000
4,5,4096,16777216,33554432,4,cycle,insertion,2090,33554432,1.00000000000000000,-0.000000000
4,5,4096,16777216,33554432,4,cycle,insertion,2091,33554432,1.00000000000000000,-0.000000000
4,5,4096,16777216,33554432,4,cycle,insertion,2092,33554432,1.00000000000000000,-0.000000000
4,5,4096,16777216,33554432,4,cycle,insertion,2093,33554432,1.00000000000000000,-0.000000000
4,5,4096,16777216,33554432,4,cycle,insertion,2094,33554432,1.00000000000000000,-0.000000000
4,5,4096,16777216,33554432,4,cycle,insertion,2095,33554432,1.00000000000000000,-0.000000000
4,5,4096,16777216,33554432,4,cycle,insertion,2096,33554432,1.00000000000000000,-0.000000000
4,5,4096,16777216,33554432,4,cycle,insertion,2097,33554432,1.00000000000000000,-0.000000000
4,5,4096,16777216,33554432,4,cycle,insertion,2098,33554432,1.00000000000000000,-0.000000000
4,5,4096,16777216,33554432,4,cycle,insertion,2099,33554432,1.00000000000000000,-0.000000000
4,5,4096,16777216,33554432,4,cycle,insertion,2100,33554432,1.00000000000000000,-0.000000000
4,5,4096,16777216,33554432,4,cycle,insertion,2101,33554432,1.00000000000000000,-0.000000000
4,5,4096,16777216,33554432,4,cycle,insertion,2102,33554432,1.00000000000000000,-0.000000000
4,5,4096,16777216,33554432,4,cycle,insertion,2103,33554432,1.00000000000000000,-0.000000000
4,5,4096,16777216,33554432,4,cycle,insertion,2104,33554432,1.00000000000000000,-0.000000000
4,5,4096,16777216,33554432,4,cycle,insertion,2105,33554432,1.00000000000000000,-0.000000000
4,5,4096,16777216,33554432,4,cycle,insertion,2106,33554432,1.00000000000000000,-0.000000000
4,5,4096,16777216,33554432,4,cycle,insertion,2107,33554432,1.00000000000000000,-0.000000000
4,5,4096,16777216,33554432,4,cycle,insertion,2108,33554432,1.00000000000000000,-0.000000000
4,5,4096,16777216,33554432,4,cycle,insertion,2109,33554432,1.00000000000000000,-0.000000000
4,5,4096,16777216,33554432,4,cycle,insertion,2110,33554432,1.00000000000000000,-0.000000000
4,5,4096,16777216,33554432,4,cycle,insertion,2111,33554432,1.00000000000000000,-0.000000000
4,5,4096,16777216,33554432,4,cycle,insertion,2112,33554432,1.00000000000000000,-0.000000000
4,5,4096,16777216,33554432,4,cycle,insertion,2113,33554432,1.00000000000000000,-0.000000000
4,5,4096,16777216,33554432,4,cycle,insertion,2114,33554432,1.00000000000000000,-0.000000000
4,5,4096,16777216,33554432,4,cycle,insertion,2115,33554432,1.00000000000000000,-0.000000000
4,5,4096,16777216,33554432,4,cycle,insertion,2116,33554432,1.00000000000000000,-0.000000000
4,5,4096,16777216,33554432,4,cycle,insertion,2117,33554432,1.00000000000000000,-0.000000000
4,5,4096,16777216,33554432,4,cycle,insertion,2118,33554432,1.00000000000000000,-0.000000000
4,5,4096,16777216,33554432,4,cycle,insertion,2119,33554432,1.00000000000000000,-0.000000000
4,5,4096,16777216,33554432,4,cycle,insertion,2120,33554432,1.00000000000000000,-0.000000000
4,5,4096,16777216,33554432,4,cycle,insertion,2121,33554432,1.00000000000000000,-0.000000000
4,5,4096,16777216,33554432,4,cycle,insertion,2122,33554432,1.00000000000000000,-0.000000000
4,5,4096,16777216,33554432,4,cycle,insertion,2123,33554432,1.00000000000000000,-0.000000000
4,5,4096,16777216,33554432,4,cycle,insertion,2124,33554432,1.00000000000000000,-0.000000000
4,5,4096,16777216,33554432,4,cycle,insertion,2125,33554432,1.00000000000000000,-0.000000000
4,5,4096,16777216,33554432,4,cycle,insertion,2126,33554432,1.00000000000000000,-0.000000000
4,5,4096,16777216,33554432,4,cycle,insertion,2127,33554432,1.00000000000000000,-0.000000000
4,5,4096,16777216,33554432,4,cycle,insertion,2128,33554432,1.00000000000000000,-0.000000000
4,5,4096,16777216,33554432,4,cycle,insertion,2129,33554432,1.00000000000000000,-0.000000000
4,5,4096,16777216,33554432,4,cycle,insertion,2130,33554432,1.00000000000000000,-0.000000000
4,5,4096,16777216,33554432,4,cycle,insertion,2131,33554432,1.00000000000000000,-0.000000000
4,5,4096,16777216,33554432,4,cycle,insertion,2132,33554432,1.00000000000000000,-0.000000000
4,5,4096,16777216,33554432,4,cycle,insertion,2133,33554432,1.00000000000000000,-0.000000000
4,5,4096,16777216,33554432,4,cycle,insertion,2134,33554432,1.00000000000000000,-0.000000000
4,5,4096,16777216,33554432,4,cycle,insertion,2135,33554432,1.00000000000000000,-0.000000000
4,5,4096,16777216,33554432,4,cycle,insertion,2136,33554432,1.00000000000000000,-0.000000000
4,5,4096,16777216,33554432,4,cycle,insertion,2137,33554432,1.00000000000000000,-0.000000000
4,5,4096,16777216,33554432,4,cycle,insertion,2138,33554432,1.00000000000000000,-0.000000000
4,5,4096,16777216,33554432,4,cycle,insertion,2139,33554432,1.00000000000000000,-0.000000000
4,5,4096,16777216,33554432,4,cycle,insertion,2140,33554432,1.00000000000000000,-0.000000000
4,5,4096,16777216,33554432,4,cycle,insertion,2141,33554432,1.00000000000000000,-0.000000000
4,5,4096,16777216,33554432,4,cycle,insertion,2142,33554432,1.00000000000000000,-0.000000000
4,5,4096,16777216,33554432,4,cycle,insertion,2143,33554432,1.00000000000000000,-0.000000000
4,5,4096,16777216,33554432,4,cycle,insertion,2144,33554432,1.00000000000000000,-0.000000000
4,5,4096,16777216,33554432,4,cycle,insertion,2145,33554432,1.00000000000000000,-0.000000000
4,5,4096,16777216,33554432,4,cycle,insertion,2146,33554432,1.00000000000000000,-0.000000000
4,5,4096,16777216,33554432,4,cycle,insertion,2147,33554432,1.00000000000000000,-0.000000000
4,5,4096,16777216,33554432,4,cycle,insertion,2148,33554432,1.00000000000000000,-0.000000000
4,5,4096,16777216,33554432,4,cycle,insertion,2149,33554432,1.00000000000000000,-0.000000000
4,5,4096,16777216,33554432,4,cycle,insertion,2150,33554432,1.00000000000000000,-0.000000000
4,5,4096,16777216,33554432,4,cycle,insertion,2151,33554432,1.00000000000000000,-0.000000000
4,5,4096,16777216,33554432,4,cycle,insertion,2152,33554432,1.00000000000000000,-0.000000000
4,5,4096,16777216,33554432,4,cycle,insertion,2153,33554432,1.00000000000000000,-0.000000000
4,5,4096,16777216,33554432,4,cycle,insertion,2154,33554432,1.00000000000000000,-0.000000000
4,5,4096,16777216,33554432,4,cycle,insertion,2155,33554432,1.00000000000000000,-0.000000000
4,5,4096,16777216,33554432,4,cycle,insertion,2156,33554432,1.00000000000000000,-0.000000000
4,5,4096,16777216,33554432,4,cycle,insertion,2157,33554432,1.00000000000000000,-0.000000000
4,5,4096,16777216,33554432,4,cycle,insertion,2158,33554432,1.00000000000000000,-0.000000000
4,5,4096,16777216,33554432,4,cycle,insertion,2159,33554432,1.00000000000000000,-0.000000000
4,5,4096,16777216,33554432,4,cycle,insertion,2160,33554432,1.00000000000000000,-0.000000000
4,5,4096,16777216,33554432,4,cycle,insertion,2161,33554432,1.00000000000000000,-0.000000000
4,5,4096,16777216,33554432,4,cycle,insertion,2162,33554432,1.00000000000000000,-0.000000000
4,5,4096,16777216,33554432,4,cycle,insertion,2163,33554432,1.00000000000000000,-0.000000000
4,5,4096,16777216,33554432,4,cycle,insertion,2164,33554432,1.00000000000000000,-0.000000000
4,5,4096,16777216,33554432,4,cycle,insertion,2165,33554432,1.00000000000000000,-0.000000000
4,5,4096,16777216,33554432,4,cycle,insertion,2166,33554432,1.00000000000000000,-0.000000000
4,5,4096,16777216,33554432,4,cycle,insertion,2167,33554432,1.00000000000000000,-0.000000000
4,5,4096,16777216,33554432,4,cycle,insertion,2168,33554432,1.00000000000000000,-0.000000000
4,5,4096,16777216,33554432,4,cycle,insertion,2169,33554432,1.00000000000000000,-0.000000000
4,5,4096,16777216,33554432,4,cycle,insertion,2170,33554432,1.00000000000000000,-0.000000000
4,5,4096,16777216,33554432,4,cycle,insertion,2171,33554432,1.00000000000000000,-0.000000000
4,5,4096,16777216,33554432,4,cycle,insertion,2172,33554432,1.00000000000000000,-0.000000000
4,5,4096,16777216,33554432,4,cycle,insertion,2173,33554432,1.00000000000000000,-0.000000000
4,5,4096,16777216,33554432,4,cycle,insertion,2174,33554432,1.00000000000000000,-0.000000000
4,5,4096,16777216,33554432,4,cycle,insertion,2175,33554432,1.00000000000000000,-0.000000000
4,5,4096,16777216,33554432,4,cycle,insertion,2176,33554432,1.00000000000000000,-0.000000000
4,5,4096,16777216,33554432,4,cycle,insertion,2177,33554432,1.00000000000000000,-0.000000000
4,5,4096,16777216,33554432,4,cycle,insertion,2178,33554432,1.00000000000000000,-0.000000000
4,5,4096,16777216,33554432,4,cycle,insertion,2179,33554432,1.00000000000000000,-0.000000000
4,5,4096,16777216,33554432,4,cycle,insertion,2180,33554432,1.00000000000000000,-0.000000000
4,5,4096,16777216,33554432,4,cycle,insertion,2181,33554432,1.00000000000000000,-0.000000000
4,5,4096,16777216,33554432,4,cycle,insertion,2182,33554432,1.00000000000000000,-0.000000000
4,5,4096,16777216,33554432,4,cycle,insertion,2183,33554432,1.00000000000000000,-0.000000000
4,5,4096,16777216,33554432,4,cycle,insertion,2184,33554432,1.00000000000000000,-0.000000000
4,5,4096,16777216,33554432,4,cycle,insertion,2185,33554432,1.00000000000000000,-0.000000000
4,5,4096,16777216,33554432,4,cycle,insertion,2186,33554432,1.00000000000000000,-0.000000000
4,5,4096,16777216,33554432,4,cycle,insertion,2187,33554432,1.00000000000000000,-0.000000000
4,5,4096,16777216,33554432,4,cycle,insertion,2188,33554432,1.00000000000000000,-0.000000000
4,5,4096,16777216,33554432,4,cycle,insertion,2189,33554432,1.00000000000000000,-0.000000000
4,5,4096,16777216,33554432,4,cycle,insertion,2190,33554432,1.00000000000000000,-0.000000000
4,5,4096,16777216,33554432,4,cycle,insertion,2191,33554432,1.00000000000000000,-0.000000000
4,5,4096,16777216,33554432,4,cycle,insertion,2192,33554432,1.00000000000000000,-0.000000000
4,5,4096,16777216,33554432,4,cycle,insertion,2193,33554432,1.00000000000000000,-0.000000000
4,5,4096,16777216,33554432,4,cycle,insertion,2194,33554432,1.00000000000000000,-0.000000000
4,5,4096,16777216,33554432,4,cycle,insertion,2195,33554432,1.00000000000000000,-0.000000000
4,5,4096,16777216,33554432,4,cycle,insertion,2196,33554432,1.00000000000000000,-0.000000000
4,5,4096,16777216,33554432,4,cycle,insertion,2197,33554432,1.00000000000000000,-0.000000000
4,5,4096,16777216,33554432,4,cycle,insertion,2198,33554432,1.00000000000000000,-0.000000000
4,5,4096,16777216,33554432,4,cycle,insertion,2199,33554432,1.00000000000000000,-0.000000000
4,5,4096,16777216,33554432,4,cycle,insertion,2200,33554432,1.00000000000000000,-0.000000000
4,5,4096,16777216,33554432,4,cycle,insertion,2201,33554432,1.00000000000000000,-0.000000000
4,5,4096,16777216,33554432,4,cycle,insertion,2202,33554432,1.00000000000000000,-0.000000000
4,5,4096,16777216,33554432,4,cycle,insertion,2203,33554432,1.00000000000000000,-0.000000000
4,5,4096,16777216,33554432,4,cycle,insertion,2204,33554432,1.00000000000000000,-0.000000000
4,5,4096,16777216,33554432,4,cycle,insertion,2205,33554432,1.00000000000000000,-0.000000000
4,5,4096,16777216,33554432,4,cycle,insertion,2206,33554432,1.00000000000000000,-0.000000000
4,5,4096,16777216,33554432,4,cycle,insertion,2207,33554432,1.00000000000000000,-0.000000000
4,5,4096,16777216,33554432,4,cycle,insertion,2208,33554432,1.00000000000000000,-0.000000000
4,5,4096,16777216,33554432,4,cycle,insertion,2209,33554432,1.00000000000000000,-0.000000000
4,5,4096,16777216,33554432,4,cycle,insertion,2210,33554432,1.00000000000000000,-0.000000000
4,5,4096,16777216,33554432,4,cycle,insertion,2211,33554432,1.00000000000000000,-0.000000000
4,5,4096,16777216,33554432,4,cycle,insertion,2212,33554432,1.00000000000000000,-0.000000000
4,5,4096,16777216,33554432,4,cycle,insertion,2213,33554432,1.00000000000000000,-0.000000000
4,5,4096,16777216,33554432,4,cycle,insertion,2214,33554432,1.00000000000000000,-0.000000000
4,5,4096,16777216,33554432,4,cycle,insertion,2215,33554432,1.00000000000000000,-0.000000000
4,5,4096,16777216,33554432,4,cycle,insertion,2216,33554432,1.00000000000000000,-0.000000000
4,5,4096,16777216,33554432,4,cycle,insertion,2217,33554432,1.00000000000000000,-0.000000000
4,5,4096,16777216,33554432,4,cycle,insertion,2218,33554432,1.00000000000000000,-0.000000000
4,5,4096,16777216,33554432,4,cycle,insertion,2219,33554432,1.00000000000000000,-0.000000000
4,5,4096,16777216,33554432,4,cycle,insertion,2220,33554432,1.00000000000000000,-0.000000000
4,5,4096,16777216,33554432,4,cycle,insertion,2221,33554432,1.00000000000000000,-0.000000000
4,5,4096,16777216,33554432,4,cycle,insertion,2222,33554432,1.00000000000000000,-0.000000000
4,5,4096,16777216,33554432,4,cycle,insertion,2223,33554432,1.00000000000000000,-0.000000000
4,5,4096,16777216,33554432,4,cycle,insertion,2224,33554432,1.00000000000000000,-0.000000000
4,5,4096,16777216,33554432,4,cycle,insertion,2225,33554432,1.00000000000000000,-0.000000000
4,5,4096,16777216,33554432,4,cycle,insertion,2226,33554432,1.00000000000000000,-0.000000000
4,5,4096,16777216,33554432,4,cycle,insertion,2227,33554432,1.00000000000000000,-0.000000000
4,5,4096,16777216,33554432,4,cycle,insertion,2228,33554432,1.00000000000000000,-0.000000000
4,5,4096,16777216,33554432,4,cycle,insertion,2229,33554432,1.00000000000000000,-0.000000000
4,5,4096,16777216,33554432,4,cycle,insertion,2230,33554432,1.00000000000000000,-0.000000000
4,5,4096,16777216,33554432,4,cycle,insertion,2231,33554432,1.00000000000000000,-0.000000000
4,5,4096,16777216,33554432,4,cycle,insertion,2232,33554432,1.00000000000000000,-0.000000000
4,5,4096,16777216,33554432,4,cycle,insertion,2233,33554432,1.00000000000000000,-0.000000000
4,5,4096,16777216,33554432,4,cycle,insertion,2234,33554432,1.00000000000000000,-0.000000000
4,5,4096,16777216,33554432,4,cycle,insertion,2235,33554432,1.00000000000000000,-0.000000000
4,5,4096,16777216,33554432,4,cycle,insertion,2236,33554432,1.00000000000000000,-0.000000000
4,5,4096,16777216,33554432,4,cycle,insertion,2237,33554432,1.00000000000000000,-0.000000000
4,5,4096,16777216,33554432,4,cycle,insertion,2238,33554432,1.00000000000000000,-0.000000000
4,5,4096,16777216,33554432,4,cycle,insertion,2239,33554432,1.00000000000000000,-0.000000000
4,5,4096,16777216,33554432,4,cycle,insertion,2240,33554432,1.00000000000000000,-0.000000000
4,5,4096,16777216,33554432,4,cycle,insertion,2241,33554432,1.00000000000000000,-0.000000000
4,5,4096,16777216,33554432,4,cycle,insertion,2242,33554432,1.00000000000000000,-0.000000000
4,5,4096,16777216,33554432,4,cycle,insertion,2243,33554432,1.00000000000000000,-0.000000000
4,5,4096,16777216,33554432,4,cycle,insertion,2244,33554432,1.00000000000000000,-0.000000000
4,5,4096,16777216,33554432,4,cycle,insertion,2245,33554432,1.00000000000000000,-0.000000000
4,5,4096,16777216,33554432,4,cycle,insertion,2246,33554432,1.00000000000000000,-0.000000000
4,5,4096,16777216,33554432,4,cycle,insertion,2247,33554432,1.00000000000000000,-0.000000000
4,5,4096,16777216,33554432,4,cycle,insertion,2248,33554432,1.00000000000000000,-0.000000000
4,5,4096,16777216,33554432,4,cycle,insertion,2249,33554432,1.00000000000000000,-0.000000000
4,5,4096,16777216,33554432,4,cycle,insertion,2250,33554432,1.00000000000000000,-0.000000000
4,5,4096,16777216,33554432,4,cycle,insertion,2251,33554432,1.00000000000000000,-0.000000000
4,5,4096,16777216,33554432,4,cycle,insertion,2252,33554432,1.00000000000000000,-0.000000000
4,5,4096,16777216,33554432,4,cycle,insertion,2253,33554432,1.00000000000000000,-0.000000000
4,5,4096,16777216,33554432,4,cycle,insertion,2254,33554432,1.00000000000000000,-0.000000000
4,5,4096,16777216,33554432,4,cycle,insertion,2255,33554432,1.00000000000000000,-0.000000000
4,5,4096,16777216,33554432,4,cycle,insertion,2256,33554432,1.00000000000000000,-0.000000000
4,5,4096,16777216,33554432,4,cycle,insertion,2257,33554432,1.00000000000000000,-0.000000000
4,5,4096,16777216,33554432,4,cycle,insertion,2258,33554432,1.00000000000000000,-0.000000000
4,5,4096,16777216,33554432,4,cycle,insertion,2259,33554432,1.00000000000000000,-0.000000000
4,5,4096,16777216,33554432,4,cycle,insertion,2260,33554432,1.00000000000000000,-0.000000000
4,5,4096,16777216,33554432,4,cycle,insertion,2261,33554432,1.00000000000000000,-0.000000000
4,5,4096,16777216,33554432,4,cycle,insertion,2262,33554432,1.00000000000000000,-0.000000000
4,5,4096,16777216,33554432,4,cycle,insertion,2263,33554432,1.00000000000000000,-0.000000000
4,5,4096,16777216,33554432,4,cycle,insertion,2264,33554432,1.00000000000000000,-0.000000000
4,5,4096,16777216,33554432,4,cycle,insertion,2265,33554432,1.00000000000000000,-0.000000000
4,5,4096,16777216,33554432,4,cycle,insertion,2266,33554432,1.00000000000000000,-0.000000000
4,5,4096,16777216,33554432,4,cycle,insertion,2267,33554432,1.00000000000000000,-0.000000000
4,5,4096,16777216,33554432,4,cycle,insertion,2268,33554432,1.00000000000000000,-0.000000000
4,5,4096,16777216,33554432,4,cycle,insertion,2269,33554432,1.00000000000000000,-0.000000000
4,5,4096,16777216,33554432,4,cycle,insertion,2270,33554432,1.00000000000000000,-0.000000000
4,5,4096,16777216,33554432,4,cycle,insertion,2271,33554432,1.00000000000000000,-0.000000000
4,5,4096,16777216,33554432,4,cycle,insertion,2272,33554432,1.00000000000000000,-0.000000000
4,5,4096,16777216,33554432,4,cycle,insertion,2273,33554432,1.00000000000000000,-0.000000000
4,5,4096,16777216,33554432,4,cycle,insertion,2274,33554432,1.00000000000000000,-0.000000000
4,5,4096,16777216,33554432,4,cycle,insertion,2275,33554432,1.00000000000000000,-0.000000000
4,5,4096,16777216,33554432,4,cycle,insertion,2276,33554432,1.00000000000000000,-0.000000000
4,5,4096,16777216,33554432,4,cycle,insertion,2277,33554432,1.00000000000000000,-0.000000000
4,5,4096,16777216,33554432,4,cycle,insertion,2278,33554432,1.00000000000000000,-0.000000000
4,5,4096,16777216,33554432,4,cycle,insertion,2279,33554432,1.00000000000000000,-0.000000000
4,5,4096,16777216,33554432,4,cycle,insertion,2280,33554432,1.00000000000000000,-0.000000000
4,5,4096,16777216,33554432,4,cycle,insertion,2281,33554432,1.00000000000000000,-0.000000000
4,5,4096,16777216,33554432,4,cycle,insertion,2282,33554432,1.00000000000000000,-0.000000000
4,5,4096,16777216,33554432,4,cycle,insertion,2283,33554432,1.00000000000000000,-0.000000000
4,5,4096,16777216,33554432,4,cycle,insertion,2284,33554432,1.00000000000000000,-0.000000000
4,5,4096,16777216,33554432,4,cycle,insertion,2285,33554432,1.00000000000000000,-0.000000000
4,5,4096,16777216,33554432,4,cycle,insertion,2286,33554432,1.00000000000000000,-0.000000000
4,5,4096,16777216,33554432,4,cycle,insertion,2287,33554432,1.00000000000000000,-0.000000000
4,5,4096,16777216,33554432,4,cycle,insertion,2288,33554432,1.00000000000000000,-0.000000000
4,5,4096,16777216,33554432,4,cycle,insertion,2289,33554432,1.00000000000000000,-0.000000000
4,5,4096,16777216,33554432,4,cycle,insertion,2290,33554432,1.00000000000000000,-0.000000000
4,5,4096,16777216,33554432,4,cycle,insertion,2291,33554432,1.00000000000000000,-0.000000000
4,5,4096,16777216,33554432,4,cycle,insertion,2292,33554432,1.00000000000000000,-0.000000000
4,5,4096,16777216,33554432,4,cycle,insertion,2293,33554432,1.00000000000000000,-0.000000000
4,5,4096,16777216,33554432,4,cycle,insertion,2294,33554432,1.00000000000000000,-0.000000000
4,5,4096,16777216,33554432,4,cycle,insertion,2295,33554432,1.00000000000000000,-0.000000000
4,5,4096,16777216,33554432,4,cycle,insertion,2296,33554432,1.00000000000000000,-0.000000000
4,5,4096,16777216,33554432,4,cycle,insertion,2297,33554432,1.00000000000000000,-0.000000000
4,5,4096,16777216,33554432,4,cycle,insertion,2298,33554432,1.00000000000000000,-0.000000000
4,5,4096,16777216,33554432,4,cycle,insertion,2299,33554432,1.00000000000000000,-0.000000000
4,5,4096,16777216,33554432,4,cycle,insertion,2300,33554432,1.00000000000000000,-0.000000000
4,5,4096,16777216,33554432,4,cycle,insertion,2301,33554432,1.00000000000000000,-0.000000000
4,5,4096,16777216,33554432,4,cycle,insertion,2302,33554432,1.00000000000000000,-0.000000000
4,5,4096,16777216,33554432,4,cycle,insertion,2303,33554432,1.00000000000000000,-0.000000000
4,5,4096,16777216,33554432,4,cycle,insertion,2304,33554432,1.00000000000000000,-0.000000000
4,5,4096,16777216,33554432,4,cycle,insertion,2305,33554432,1.00000000000000000,-0.000000000
4,5,4096,16777216,33554432,4,cycle,insertion,2306,33554432,1.00000000000000000,-0.000000000
4,5,4096,16777216,33554432,4,cycle,insertion,2307,33554432,1.00000000000000000,-0.000000000
4,5,4096,16777216,33554432,4,cycle,insertion,2308,33554432,1.00000000000000000,-0.000000000
4,5,4096,16777216,33554432,4,cycle,insertion,2309,33554432,1.00000000000000000,-0.000000000
4,5,4096,16777216,33554432,4,cycle,insertion,2310,33554432,1.00000000000000000,-0.000000000
4,5,4096,16777216,33554432,4,cycle,insertion,2311,33554432,1.00000000000000000,-0.000000000
4,5,4096,16777216,33554432,4,cycle,insertion,2312,33554432,1.00000000000000000,-0.000000000
4,5,4096,16777216,33554432,4,cycle,insertion,2313,33554432,1.00000000000000000,-0.000000000
4,5,4096,16777216,33554432,4,cycle,insertion,2314,33554432,1.00000000000000000,-0.000000000
4,5,4096,16777216,33554432,4,cycle,insertion,2315,33554432,1.00000000000000000,-0.000000000
4,5,4096,16777216,33554432,4,cycle,insertion,2316,33554432,1.00000000000000000,-0.000000000
4,5,4096,16777216,33554432,4,cycle,insertion,2317,33554432,1.00000000000000000,-0.000000000
4,5,4096,16777216,33554432,4,cycle,insertion,2318,33554432,1.00000000000000000,-0.000000000
4,5,4096,16777216,33554432,4,cycle,insertion,2319,33554432,1.00000000000000000,-0.000000000
4,5,4096,16777216,33554432,4,cycle,insertion,2320,33554432,1.00000000000000000,-0.000000000
4,5,4096,16777216,33554432,4,cycle,insertion,2321,33554432,1.00000000000000000,-0.000000000
4,5,4096,16777216,33554432,4,cycle,insertion,2322,33554432,1.00000000000000000,-0.000000000
4,5,4096,16777216,33554432,4,cycle,insertion,2323,33554432,1.00000000000000000,-0.000000000
4,5,4096,16777216,33554432,4,cycle,insertion,2324,33554432,1.00000000000000000,-0.000000000
4,5,4096,16777216,33554432,4,cycle,insertion,2325,33554432,1.00000000000000000,-0.000000000
4,5,4096,16777216,33554432,4,cycle,insertion,2326,33554432,1.00000000000000000,-0.000000000
4,5,4096,16777216,33554432,4,cycle,insertion,2327,33554432,1.00000000000000000,-0.000000000
4,5,4096,16777216,33554432,4,cycle,insertion,2328,33554432,1.00000000000000000,-0.000000000
4,5,4096,16777216,33554432,4,cycle,insertion,2329,33554432,1.00000000000000000,-0.000000000
4,5,4096,16777216,33554432,4,cycle,insertion,2330,33554432,1.00000000000000000,-0.000000000
4,5,4096,16777216,33554432,4,cycle,insertion,2331,33554432,1.00000000000000000,-0.000000000
4,5,4096,16777216,33554432,4,cycle,insertion,2332,33554432,1.00000000000000000,-0.000000000
4,5,4096,16777216,33554432,4,cycle,insertion,2333,33554432,1.00000000000000000,-0.000000000
4,5,4096,16777216,33554432,4,cycle,insertion,2334,33554432,1.00000000000000000,-0.000000000
4,5,4096,16777216,33554432,4,cycle,insertion,2335,33554432,1.00000000000000000,-0.000000000
4,5,4096,16777216,33554432,4,cycle,insertion,2336,33554432,1.00000000000000000,-0.000000000
4,5,4096,16777216,33554432,4,cycle,insertion,2337,33554432,1.00000000000000000,-0.000000000
4,5,4096,16777216,33554432,4,cycle,insertion,2338,33554432,1.00000000000000000,-0.000000000
4,5,4096,16777216,33554432,4,cycle,insertion,2339,33554432,1.00000000000000000,-0.000000000
4,5,4096,16777216,33554432,4,cycle,insertion,2340,33554432,1.00000000000000000,-0.000000000
4,5,4096,16777216,33554432,4,cycle,insertion,2341,33554432,1.00000000000000000,-0.000000000
4,5,4096,16777216,33554432,4,cycle,insertion,2342,33554432,1.00000000000000000,-0.000000000
4,5,4096,16777216,33554432,4,cycle,insertion,2343,33554432,1.00000000000000000,-0.000000000
4,5,4096,16777216,33554432,4,cycle,insertion,2344,33554432,1.00000000000000000,-0.000000000
4,5,4096,16777216,33554432,4,cycle,insertion,2345,33554432,1.00000000000000000,-0.000000000
4,5,4096,16777216,33554432,4,cycle,insertion,2346,33554432,1.00000000000000000,-0.000000000
4,5,4096,16777216,33554432,4,cycle,insertion,2347,33554432,1.00000000000000000,-0.000000000
4,5,4096,16777216,33554432,4,cycle,insertion,2348,33554432,1.00000000000000000,-0.000000000
4,5,4096,16777216,33554432,4,cycle,insertion,2349,33554432,1.00000000000000000,-0.000000000
4,5,4096,16777216,33554432,4,cycle,insertion,2350,33554432,1.00000000000000000,-0.000000000
4,5,4096,16777216,33554432,4,cycle,insertion,2351,33554432,1.00000000000000000,-0.000000000
4,5,4096,16777216,33554432,4,cycle,insertion,2352,33554432,1.00000000000000000,-0.000000000
4,5,4096,16777216,33554432,4,cycle,insertion,2353,33554432,1.00000000000000000,-0.000000000
4,5,4096,16777216,33554432,4,cycle,insertion,2354,33554432,1.00000000000000000,-0.000000000
4,5,4096,16777216,33554432,4,cycle,insertion,2355,33554432,1.00000000000000000,-0.000000000
4,5,4096,16777216,33554432,4,cycle,insertion,2356,33554432,1.00000000000000000,-0.000000000
4,5,4096,16777216,33554432,4,cycle,insertion,2357,33554432,1.00000000000000000,-0.000000000
4,5,4096,16777216,33554432,4,cycle,insertion,2358,33554432,1.00000000000000000,-0.000000000
4,5,4096,16777216,33554432,4,cycle,insertion,2359,33554432,1.00000000000000000,-0.000000000
4,5,4096,16777216,33554432,4,cycle,insertion,2360,33554432,1.00000000000000000,-0.000000000
4,5,4096,16777216,33554432,4,cycle,insertion,2361,33554432,1.00000000000000000,-0.000000000
4,5,4096,16777216,33554432,4,cycle,insertion,2362,33554432,1.00000000000000000,-0.000000000
4,5,4096,16777216,33554432,4,cycle,insertion,2363,33554432,1.00000000000000000,-0.000000000
4,5,4096,16777216,33554432,4,cycle,insertion,2364,33554432,1.00000000000000000,-0.000000000
4,5,4096,16777216,33554432,4,cycle,insertion,2365,33554432,1.00000000000000000,-0.000000000
4,5,4096,16777216,33554432,4,cycle,insertion,2366,33554432,1.00000000000000000,-0.000000000
4,5,4096,16777216,33554432,4,cycle,insertion,2367,33554432,1.00000000000000000,-0.000000000
4,5,4096,16777216,33554432,4,cycle,insertion,2368,33554432,1.00000000000000000,-0.000000000
4,5,4096,16777216,33554432,4,cycle,insertion,2369,33554432,1.00000000000000000,-0.000000000
4,5,4096,16777216,33554432,4,cycle,insertion,2370,33554432,1.00000000000000000,-0.000000000
4,5,4096,16777216,33554432,4,cycle,insertion,2371,33554432,1.00000000000000000,-0.000000000
4,5,4096,16777216,33554432,4,cycle,insertion,2372,33554432,1.00000000000000000,-0.000000000
4,5,4096,16777216,33554432,4,cycle,insertion,2373,33554432,1.00000000000000000,-0.000000000
4,5,4096,16777216,33554432,4,cycle,insertion,2374,33554432,1.00000000000000000,-0.000000000
4,5,4096,16777216,33554432,4,cycle,insertion,2375,33554432,1.00000000000000000,-0.000000000
4,5,4096,16777216,33554432,4,cycle,insertion,2376,33554432,1.00000000000000000,-0.000000000
4,5,4096,16777216,33554432,4,cycle,insertion,2377,33554432,1.00000000000000000,-0.000000000
4,5,4096,16777216,33554432,4,cycle,insertion,2378,33554432,1.00000000000000000,-0.000000000
4,5,4096,16777216,33554432,4,cycle,insertion,2379,33554432,1.00000000000000000,-0.000000000
4,5,4096,16777216,33554432,4,cycle,insertion,2380,33554432,1.00000000000000000,-0.000000000
4,5,4096,16777216,33554432,4,cycle,insertion,2381,33554432,1.00000000000000000,-0.000000000
4,5,4096,16777216,33554432,4,cycle,insertion,2382,33554432,1.00000000000000000,-0.000000000
4,5,4096,16777216,33554432,4,cycle,insertion,2383,33554432,1.00000000000000000,-0.000000000
4,5,4096,16777216,33554432,4,cycle,insertion,2384,33554432,1.00000000000000000,-0.000000000
4,5,4096,16777216,33554432,4,cycle,insertion,2385,33554432,1.00000000000000000,-0.000000000
4,5,4096,16777216,33554432,4,cycle,insertion,2386,33554432,1.00000000000000000,-0.000000000
4,5,4096,16777216,33554432,4,cycle,insertion,2387,33554432,1.00000000000000000,-0.000000000
4,5,4096,16777216,33554432,4,cycle,insertion,2388,33554432,1.00000000000000000,-0.000000000
4,5,4096,16777216,33554432,4,cycle,insertion,2389,33554432,1.00000000000000000,-0.000000000
4,5,4096,16777216,33554432,4,cycle,insertion,2390,33554432,1.00000000000000000,-0.000000000
4,5,4096,16777216,33554432,4,cycle,insertion,2391,33554432,1.00000000000000000,-0.000000000
4,5,4096,16777216,33554432,4,cycle,insertion,2392,33554432,1.00000000000000000,-0.000000000
4,5,4096,16777216,33554432,4,cycle,insertion,2393,33554432,1.00000000000000000,-0.000000000
4,5,4096,16777216,33554432,4,cycle,insertion,2394,33554432,1.00000000000000000,-0.000000000
4,5,4096,16777216,33554432,4,cycle,insertion,2395,33554432,1.00000000000000000,-0.000000000
4,5,4096,16777216,33554432,4,cycle,insertion,2396,33554432,1.00000000000000000,-0.000000000
4,5,4096,16777216,33554432,4,cycle,insertion,2397,33554432,1.00000000000000000,-0.000000000
4,5,4096,16777216,33554432,4,cycle,insertion,2398,33554432,1.00000000000000000,-0.000000000
4,5,4096,16777216,33554432,4,cycle,insertion,2399,33554432,1.00000000000000000,-0.000000000
4,5,4096,16777216,33554432,4,cycle,insertion,2400,33554432,1.00000000000000000,-0.000000000
4,5,4096,16777216,33554432,4,cycle,insertion,2401,33554432,1.00000000000000000,-0.000000000
4,5,4096,16777216,33554432,4,cycle,insertion,2402,33554432,1.00000000000000000,-0.000000000
4,5,4096,16777216,33554432,4,cycle,insertion,2403,33554432,1.00000000000000000,-0.000000000
4,5,4096,16777216,33554432,4,cycle,insertion,2404,33554432,1.00000000000000000,-0.000000000
4,5,4096,16777216,33554432,4,cycle,insertion,2405,33554432,1.00000000000000000,-0.000000000
4,5,4096,16777216,33554432,4,cycle,insertion,2406,33554432,1.00000000000000000,-0.000000000
4,5,4096,16777216,33554432,4,cycle,insertion,2407,33554432,1.00000000000000000,-0.000000000
4,5,4096,16777216,33554432,4,cycle,insertion,2408,33554432,1.00000000000000000,-0.000000000
4,5,4096,16777216,33554432,4,cycle,insertion,2409,33554432,1.00000000000000000,-0.000000000
4,5,4096,16777216,33554432,4,cycle,insertion,2410,33554432,1.00000000000000000,-0.000000000
4,5,4096,16777216,33554432,4,cycle,insertion,2411,33554432,1.00000000000000000,-0.000000000
4,5,4096,16777216,33554432,4,cycle,insertion,2412,33554432,1.00000000000000000,-0.000000000
4,5,4096,16777216,33554432,4,cycle,insertion,2413,33554432,1.00000000000000000,-0.000000000
4,5,4096,16777216,33554432,4,cycle,insertion,2414,33554432,1.00000000000000000,-0.000000000
4,5,4096,16777216,33554432,4,cycle,insertion,2415,33554432,1.00000000000000000,-0.000000000
4,5,4096,16777216,33554432,4,cycle,insertion,2416,33554432,1.00000000000000000,-0.000000000
4,5,4096,16777216,33554432,4,cycle,insertion,2417,33554432,1.00000000000000000,-0.000000000
4,5,4096,16777216,33554432,4,cycle,insertion,2418,33554432,1.00000000000000000,-0.000000000
4,5,4096,16777216,33554432,4,cycle,insertion,2419,33554432,1.00000000000000000,-0.000000000
4,5,4096,16777216,33554432,4,cycle,insertion,2420,33554432,1.00000000000000000,-0.000000000
4,5,4096,16777216,33554432,4,cycle,insertion,2421,33554432,1.00000000000000000,-0.000000000
4,5,4096,16777216,33554432,4,cycle,insertion,2422,33554432,1.00000000000000000,-0.000000000
4,5,4096,16777216,33554432,4,cycle,insertion,2423,33554432,1.00000000000000000,-0.000000000
4,5,4096,16777216,33554432,4,cycle,insertion,2424,33554432,1.00000000000000000,-0.000000000
4,5,4096,16777216,33554432,4,cycle,insertion,2425,33554432,1.00000000000000000,-0.000000000
4,5,4096,16777216,33554432,4,cycle,insertion,2426,33554432,1.00000000000000000,-0.000000000
4,5,4096,16777216,33554432,4,cycle,insertion,2427,33554432,1.00000000000000000,-0.000000000
4,5,4096,16777216,33554432,4,cycle,insertion,2428,33554432,1.00000000000000000,-0.000000000
4,5,4096,16777216,33554432,4,cycle,insertion,2429,33554432,1.00000000000000000,-0.000000000
4,5,4096,16777216,33554432,4,cycle,insertion,2430,33554432,1.00000000000000000,-0.000000000
4,5,4096,16777216,33554432,4,cycle,insertion,2431,33554432,1.00000000000000000,-0.000000000
4,5,4096,16777216,33554432,4,cycle,insertion,2432,33554432,1.00000000000000000,-0.000000000
4,5,4096,16777216,33554432,4,cycle,insertion,2433,33554432,1.00000000000000000,-0.000000000
4,5,4096,16777216,33554432,4,cycle,insertion,2434,33554432,1.00000000000000000,-0.000000000
4,5,4096,16777216,33554432,4,cycle,insertion,2435,33554432,1.00000000000000000,-0.000000000
4,5,4096,16777216,33554432,4,cycle,insertion,2436,33554432,1.00000000000000000,-0.000000000
4,5,4096,16777216,33554432,4,cycle,insertion,2437,33554432,1.00000000000000000,-0.000000000
4,5,4096,16777216,33554432,4,cycle,insertion,2438,33554432,1.00000000000000000,-0.000000000
4,5,4096,16777216,33554432,4,cycle,insertion,2439,33554432,1.00000000000000000,-0.000000000
4,5,4096,16777216,33554432,4,cycle,insertion,2440,33554432,1.00000000000000000,-0.000000000
4,5,4096,16777216,33554432,4,cycle,insertion,2441,33554432,1.00000000000000000,-0.000000000
4,5,4096,16777216,33554432,4,cycle,insertion,2442,33554432,1.00000000000000000,-0.000000000
4,5,4096,16777216,33554432,4,cycle,insertion,2443,33554432,1.00000000000000000,-0.000000000
4,5,4096,16777216,33554432,4,cycle,insertion,2444,33554432,1.00000000000000000,-0.000000000
4,5,4096,16777216,33554432,4,cycle,insertion,2445,33554432,1.00000000000000000,-0.000000000
4,5,4096,16777216,33554432,4,cycle,insertion,2446,33554432,1.00000000000000000,-0.000000000
4,5,4096,16777216,33554432,4,cycle,insertion,2447,33554432,1.00000000000000000,-0.000000000
4,5,4096,16777216,33554432,4,cycle,insertion,2448,33554432,1.00000000000000000,-0.000000000
4,5,4096,16777216,33554432,4,cycle,insertion,2449,33554432,1.00000000000000000,-0.000000000
4,5,4096,16777216,33554432,4,cycle,insertion,2450,33554432,1.00000000000000000,-0.000000000
4,5,4096,16777216,33554432,4,cycle,insertion,2451,33554432,1.00000000000000000,-0.000000000
4,5,4096,16777216,33554432,4,cycle,insertion,2452,33554432,1.00000000000000000,-0.000000000
4,5,4096,16777216,33554432,4,cycle,insertion,2453,33554432,1.00000000000000000,-0.000000000
4,5,4096,16777216,33554432,4,cycle,insertion,2454,33554432,1.00000000000000000,-0.000000000
4,5,4096,16777216,33554432,4,cycle,insertion,2455,33554432,1.00000000000000000,-0.000000000
4,5,4096,16777216,33554432,4,cycle,insertion,2456,33554432,1.00000000000000000,-0.000000000
4,5,4096,16777216,33554432,4,cycle,insertion,2457,33554432,1.00000000000000000,-0.000000000
4,5,4096,16777216,33554432,4,cycle,insertion,2458,33554432,1.00000000000000000,-0.000000000
4,5,4096,16777216,33554432,4,cycle,insertion,2459,33554432,1.00000000000000000,-0.000000000
4,5,4096,16777216,33554432,4,cycle,insertion,2460,33554432,1.00000000000000000,-0.000000000
4,5,4096,16777216,33554432,4,cycle,insertion,2461,33554432,1.00000000000000000,-0.000000000
4,5,4096,16777216,33554432,4,cycle,insertion,2462,33554432,1.00000000000000000,-0.000000000
4,5,4096,16777216,33554432,4,cycle,insertion,2463,33554432,1.00000000000000000,-0.000000000
4,5,4096,16777216,33554432,4,cycle,insertion,2464,33554432,1.00000000000000000,-0.000000000
4,5,4096,16777216,33554432,4,cycle,insertion,2465,33554432,1.00000000000000000,-0.000000000
4,5,4096,16777216,33554432,4,cycle,insertion,2466,33554432,1.00000000000000000,-0.000000000
4,5,4096,16777216,33554432,4,cycle,insertion,2467,33554432,1.00000000000000000,-0.000000000
4,5,4096,16777216,33554432,4,cycle,insertion,2468,33554432,1.00000000000000000,-0.000000000
4,5,4096,16777216,33554432,4,cycle,insertion,2469,33554432,1.00000000000000000,-0.000000000
4,5,4096,16777216,33554432,4,cycle,insertion,2470,33554432,1.00000000000000000,-0.000000000
4,5,4096,16777216,33554432,4,cycle,insertion,2471,33554432,1.00000000000000000,-0.000000000
4,5,4096,16777216,33554432,4,cycle,insertion,2472,33554432,1.00000000000000000,-0.000000000
4,5,4096,16777216,33554432,4,cycle,insertion,2473,33554432,1.00000000000000000,-0.000000000
4,5,4096,16777216,33554432,4,cycle,insertion,2474,33554432,1.00000000000000000,-0.000000000
4,5,4096,16777216,33554432,4,cycle,insertion,2475,33554432,1.00000000000000000,-0.000000000
4,5,4096,16777216,33554432,4,cycle,insertion,2476,33554432,1.00000000000000000,-0.000000000
4,5,4096,16777216,33554432,4,cycle,insertion,2477,33554432,1.00000000000000000,-0.000000000
4,5,4096,16777216,33554432,4,cycle,insertion,2478,33554432,1.00000000000000000,-0.000000000
4,5,4096,16777216,33554432,4,cycle,insertion,2479,33554432,1.00000000000000000,-0.000000000
4,5,4096,16777216,33554432,4,cycle,insertion,2480,33554432,1.00000000000000000,-0.000000000
4,5,4096,16777216,33554432,4,cycle,insertion,2481,33554432,1.00000000000000000,-0.000000000
4,5,4096,16777216,33554432,4,cycle,insertion,2482,33554432,1.00000000000000000,-0.000000000
4,5,4096,16777216,33554432,4,cycle,insertion,2483,33554432,1.00000000000000000,-0.000000000
4,5,4096,16777216,33554432,4,cycle,insertion,2484,33554432,1.00000000000000000,-0.000000000
4,5,4096,16777216,33554432,4,cycle,insertion,2485,33554432,1.00000000000000000,-0.000000000
4,5,4096,16777216,33554432,4,cycle,insertion,2486,33554432,1.00000000000000000,-0.000000000
4,5,4096,16777216,33554432,4,cycle,insertion,2487,33554432,1.00000000000000000,-0.000000000
4,5,4096,16777216,33554432,4,cycle,insertion,2488,33554432,1.00000000000000000,-0.000000000
4,5,4096,16777216,33554432,4,cycle,insertion,2489,33554432,1.00000000000000000,-0.000000000
4,5,4096,16777216,33554432,4,cycle,insertion,2490,33554432,1.00000000000000000,-0.000000000
4,5,4096,16777216,33554432,4,cycle,insertion,2491,33554432,1.00000000000000000,-0.000000000
4,5,4096,16777216,33554432,4,cycle,insertion,2492,33554432,1.00000000000000000,-0.000000000
4,5,4096,16777216,33554432,4,cycle,insertion,2493,33554432,1.00000000000000000,-0.000000000
4,5,4096,16777216,33554432,4,cycle,insertion,2494,33554432,1.00000000000000000,-0.000000000
4,5,4096,16777216,33554432,4,cycle,insertion,2495,33554432,1.00000000000000000,-0.000000000
4,5,4096,16777216,33554432,4,cycle,insertion,2496,33554432,1.00000000000000000,-0.000000000
4,5,4096,16777216,33554432,4,cycle,insertion,2497,33554432,1.00000000000000000,-0.000000000
4,5,4096,16777216,33554432,4,cycle,insertion,2498,33554432,1.00000000000000000,-0.000000000
4,5,4096,16777216,33554432,4,cycle,insertion,2499,33554432,1.00000000000000000,-0.000000000
4,5,4096,16777216,33554432,4,cycle,insertion,2500,33554432,1.00000000000000000,-0.000000000
4,5,4096,16777216,33554432,4,cycle,insertion,2501,33554432,1.00000000000000000,-0.000000000
4,5,4096,16777216,33554432,4,cycle,insertion,2502,33554432,1.00000000000000000,-0.000000000
4,5,4096,16777216,33554432,4,cycle,insertion,2503,33554432,1.00000000000000000,-0.000000000
4,5,4096,16777216,33554432,4,cycle,insertion,2504,33554432,1.00000000000000000,-0.000000000
4,5,4096,16777216,33554432,4,cycle,insertion,2505,33554432,1.00000000000000000,-0.000000000
4,5,4096,16777216,33554432,4,cycle,insertion,2506,33554432,1.00000000000000000,-0.000000000
4,5,4096,16777216,33554432,4,cycle,insertion,2507,33554432,1.00000000000000000,-0.000000000
4,5,4096,16777216,33554432,4,cycle,insertion,2508,33554432,1.00000000000000000,-0.000000000
4,5,4096,16777216,33554432,4,cycle,insertion,2509,33554432,1.00000000000000000,-0.000000000
4,5,4096,16777216,33554432,4,cycle,insertion,2510,33554432,1.00000000000000000,-0.000000000
4,5,4096,16777216,33554432,4,cycle,insertion,2511,33554432,1.00000000000000000,-0.000000000
4,5,4096,16777216,33554432,4,cycle,insertion,2512,33554432,1.00000000000000000,-0.000000000
4,5,4096,16777216,33554432,4,cycle,insertion,2513,33554432,1.00000000000000000,-0.000000000
4,5,4096,16777216,33554432,4,cycle,insertion,2514,33554432,1.00000000000000000,-0.000000000
4,5,4096,16777216,33554432,4,cycle,insertion,2515,33554432,1.00000000000000000,-0.000000000
4,5,4096,16777216,33554432,4,cycle,insertion,2516,33554432,1.00000000000000000,-0.000000000
4,5,4096,16777216,33554432,4,cycle,insertion,2517,33554432,1.00000000000000000,-0.000000000
4,5,4096,16777216,33554432,4,cycle,insertion,2518,33554432,1.00000000000000000,-0.000000000
4,5,4096,16777216,33554432,4,cycle,insertion,2519,33554432,1.00000000000000000,-0.000000000
4,5,4096,16777216,33554432,4,cycle,insertion,2520,33554432,1.00000000000000000,-0.000000000
4,5,4096,16777216,33554432,4,cycle,insertion,2521,33554432,1.00000000000000000,-0.000000000
4,5,4096,16777216,33554432,4,cycle,insertion,2522,33554432,1.00000000000000000,-0.000000000
4,5,4096,16777216,33554432,4,cycle,insertion,2523,33554432,1.00000000000000000,-0.000000000
4,5,4096,16777216,33554432,4,cycle,insertion,2524,33554432,1.00000000000000000,-0.000000000
4,5,4096,16777216,33554432,4,cycle,insertion,2525,33554432,1.00000000000000000,-0.000000000
4,5,4096,16777216,33554432,4,cycle,insertion,2526,33554432,1.00000000000000000,-0.000000000
4,5,4096,16777216,33554432,4,cycle,insertion,2527,33554432,1.00000000000000000,-0.000000000
4,5,4096,16777216,33554432,4,cycle,insertion,2528,33554432,1.00000000000000000,-0.000000000
4,5,4096,16777216,33554432,4,cycle,insertion,2529,33554432,1.00000000000000000,-0.000000000
4,5,4096,16777216,33554432,4,cycle,insertion,2530,33554432,1.00000000000000000,-0.000000000
4,5,4096,16777216,33554432,4,cycle,insertion,2531,33554432,1.00000000000000000,-0.000000000
4,5,4096,16777216,33554432,4,cycle,insertion,2532,33554432,1.00000000000000000,-0.000000000
4,5,4096,16777216,33554432,4,cycle,insertion,2533,33554432,1.00000000000000000,-0.000000000
4,5,4096,16777216,33554432,4,cycle,insertion,2534,33554432,1.00000000000000000,-0.000000000
4,5,4096,16777216,33554432,4,cycle,insertion,2535,33554432,1.00000000000000000,-0.000000000
4,5,4096,16777216,33554432,4,cycle,insertion,2536,33554432,1.00000000000000000,-0.000000000
4,5,4096,16777216,33554432,4,cycle,insertion,2537,33554432,1.00000000000000000,-0.000000000
4,5,4096,16777216,33554432,4,cycle,insertion,2538,33554432,1.00000000000000000,-0.000000000
4,5,4096,16777216,33554432,4,cycle,insertion,2539,33554432,1.00000000000000000,-0.000000000
4,5,4096,16777216,33554432,4,cycle,insertion,2540,33554432,1.00000000000000000,-0.000000000
4,5,4096,16777216,33554432,4,cycle,insertion,2541,33554432,1.00000000000000000,-0.000000000
4,5,4096,16777216,33554432,4,cycle,insertion,2542,33554432,1.00000000000000000,-0.000000000
4,5,4096,16777216,33554432,4,cycle,insertion,2543,33554432,1.00000000000000000,-0.000000000
4,5,4096,16777216,33554432,4,cycle,insertion,2544,33554432,1.00000000000000000,-0.000000000
4,5,4096,16777216,33554432,4,cycle,insertion,2545,33554432,1.00000000000000000,-0.000000000
4,5,4096,16777216,33554432,4,cycle,insertion,2546,33554432,1.00000000000000000,-0.000000000
4,5,4096,16777216,33554432,4,cycle,insertion,2547,33554432,1.00000000000000000,-0.000000000
4,5,4096,16777216,33554432,4,cycle,insertion,2548,33554432,1.00000000000000000,-0.000000000
4,5,4096,16777216,33554432,4,cycle,insertion,2549,33554432,1.00000000000000000,-0.000000000
4,5,4096,16777216,33554432,4,cycle,insertion,2550,33554432,1.00000000000000000,-0.000000000
4,5,4096,16777216,33554432,4,cycle,insertion,2551,33554432,1.00000000000000000,-0.000000000
4,5,4096,16777216,33554432,4,cycle,insertion,2552,33554432,1.00000000000000000,-0.000000000
4,5,4096,16777216,33554432,4,cycle,insertion,2553,33554432,1.00000000000000000,-0.000000000
4,5,4096,16777216,33554432,4,cycle,insertion,2554,33554432,1.00000000000000000,-0.000000000
4,5,4096,16777216,33554432,4,cycle,insertion,2555,33554432,1.00000000000000000,-0.000000000
4,5,4096,16777216,33554432,4,cycle,insertion,2556,33554432,1.00000000000000000,-0.000000000
4,5,4096,16777216,33554432,4,cycle,insertion,2557,33554432,1.00000000000000000,-0.000000000
4,5,4096,16777216,33554432,4,cycle,insertion,2558,33554432,1.00000000000000000,-0.000000000
4,5,4096,16777216,33554432,4,cycle,insertion,2559,33554432,1.00000000000000000,-0.000000000
4,5,4096,16777216,33554432,4,cycle,insertion,2560,33554432,1.00000000000000000,-0.000000000
4,5,4096,16777216,33554432,4,cycle,insertion,2561,33554432,1.00000000000000000,-0.000000000
4,5,4096,16777216,33554432,4,cycle,insertion,2562,33554432,1.00000000000000000,-0.000000000
4,5,4096,16777216,33554432,4,cycle,insertion,2563,33554432,1.00000000000000000,-0.000000000
4,5,4096,16777216,33554432,4,cycle,insertion,2564,33554432,1.00000000000000000,-0.000000000
4,5,4096,16777216,33554432,4,cycle,insertion,2565,33554432,1.00000000000000000,-0.000000000
4,5,4096,16777216,33554432,4,cycle,insertion,2566,33554432,1.00000000000000000,-0.000000000
4,5,4096,16777216,33554432,4,cycle,insertion,2567,33554432,1.00000000000000000,-0.000000000
4,5,4096,16777216,33554432,4,cycle,insertion,2568,33554432,1.00000000000000000,-0.000000000
4,5,4096,16777216,33554432,4,cycle,insertion,2569,33554432,1.00000000000000000,-0.000000000
4,5,4096,16777216,33554432,4,cycle,insertion,2570,33554432,1.00000000000000000,-0.000000000
4,5,4096,16777216,33554432,4,cycle,insertion,2571,33554432,1.00000000000000000,-0.000000000
4,5,4096,16777216,33554432,4,cycle,insertion,2572,33554432,1.00000000000000000,-0.000000000
4,5,4096,16777216,33554432,4,cycle,insertion,2573,33554432,1.00000000000000000,-0.000000000
4,5,4096,16777216,33554432,4,cycle,insertion,2574,33554432,1.00000000000000000,-0.000000000
4,5,4096,16777216,33554432,4,cycle,insertion,2575,33554432,1.00000000000000000,-0.000000000
4,5,4096,16777216,33554432,4,cycle,insertion,2576,33554432,1.00000000000000000,-0.000000000
4,5,4096,16777216,33554432,4,cycle,insertion,2577,33554432,1.00000000000000000,-0.000000000
4,5,4096,16777216,33554432,4,cycle,insertion,2578,33554432,1.00000000000000000,-0.000000000
4,5,4096,16777216,33554432,4,cycle,insertion,2579,33554432,1.00000000000000000,-0.000000000
4,5,4096,16777216,33554432,4,cycle,insertion,2580,33554432,1.00000000000000000,-0.000000000
4,5,4096,16777216,33554432,4,cycle,insertion,2581,33554432,1.00000000000000000,-0.000000000
4,5,4096,16777216,33554432,4,cycle,insertion,2582,33554432,1.00000000000000000,-0.000000000
4,5,4096,16777216,33554432,4,cycle,insertion,2583,33554432,1.00000000000000000,-0.000000000
4,5,4096,16777216,33554432,4,cycle,insertion,2584,33554432,1.00000000000000000,-0.000000000
4,5,4096,16777216,33554432,4,cycle,insertion,2585,33554432,1.00000000000000000,-0.000000000
4,5,4096,16777216,33554432,4,cycle,insertion,2586,33554432,1.00000000000000000,-0.000000000
4,5,4096,16777216,33554432,4,cycle,insertion,2587,33554432,1.00000000000000000,-0.000000000
4,5,4096,16777216,33554432,4,cycle,insertion,2588,33554432,1.00000000000000000,-0.000000000
4,5,4096,16777216,33554432,4,cycle,insertion,2589,33554432,1.00000000000000000,-0.000000000
4,5,4096,16777216,33554432,4,cycle,insertion,2590,33554432,1.00000000000000000,-0.000000000
4,5,4096,16777216,33554432,4,cycle,insertion,2591,33554432,1.00000000000000000,-0.000000000
4,5,4096,16777216,33554432,4,cycle,insertion,2592,33554432,1.00000000000000000,-0.000000000
4,5,4096,16777216,33554432,4,cycle,insertion,2593,33554432,1.00000000000000000,-0.000000000
4,5,4096,16777216,33554432,4,cycle,insertion,2594,33554432,1.00000000000000000,-0.000000000
4,5,4096,16777216,33554432,4,cycle,insertion,2595,33554432,1.00000000000000000,-0.000000000
4,5,4096,16777216,33554432,4,cycle,insertion,2596,33554432,1.00000000000000000,-0.000000000
4,5,4096,16777216,33554432,4,cycle,insertion,2597,33554432,1.00000000000000000,-0.000000000
4,5,4096,16777216,33554432,4,cycle,insertion,2598,33554431,0.99999997019767761,0.000000043
4,5,4096,16777216,33554432,4,cycle,insertion,2599,33554425,0.99999979138374329,0.000000301
4,5,4096,16777216,33554432,4,cycle,insertion,2600,33554408,0.99999928474426270,0.000001032
4,5,4096,16777216,33554432,4,cycle,insertion,2601,33554389,0.99999871850013733,0.000001849
4,5,4096,16777216,33554432,4,cycle,insertion,2602,33554364,0.99999797344207764,0.000002924
4,5,4096,16777216,33554432,4,cycle,insertion,2603,33554353,0.99999764561653137,0.000003397
4,5,4096,16777216,33554432,4,cycle,insertion,2604,33554334,0.99999707937240601,0.000004214
4,5,4096,16777216,33554432,4,cycle,insertion,2605,33554310,0.99999636411666870,0.000005245
4,5,4096,16777216,33554432,4,cycle,insertion,2606,33554277,0.99999538064002991,0.000006664
4,5,4096,16777216,33554432,4,cycle,insertion,2607,33554247,0.99999448657035828,0.000007954
4,5,4096,16777216,33554432,4,cycle,insertion,2608,33554206,0.99999326467514038,0.000009717
4,5,4096,16777216,33554432,4,cycle,insertion,2609,33554168,0.99999213218688965,0.000011351
4,5,4096,16777216,33554432,4,cycle,insertion,2610,33554146,0.99999147653579712,0.000012297
4,5,4096,16777216,33554432,4,cycle,insertion,2611,33554100,0.99999010562896729,0.000014275
4,5,4096,16777216,33554432,4,cycle,insertion,2612,33554070,0.99998921155929565,0.000015565
4,5,4096,16777216,33554432,4,cycle,insertion,2613,33554020,0.99998772144317627,0.000017714
4,5,4096,16777216,33554432,4,cycle,insertion,2614,33553994,0.99998694658279419,0.000018832
4,5,4096,16777216,33554432,4,cycle,insertion,2615,33553975,0.99998638033866882,0.000019649
4,5,4096,16777216,33554432,4,cycle,insertion,2616,33553957,0.99998584389686584,0.000020423
4,5,4096,16777216,33554432,4,cycle,insertion,2617,33553940,0.99998533725738525,0.000021154
4,5,4096,16777216,33554432,4,cycle,insertion,2618,33553920,0.99998474121093750,0.000022014
4,5,4096,16777216,33554432,4,cycle,insertion,2619,33553893,0.99998393654823303,0.000023175
4,5,4096,16777216,33554432,4,cycle,insertion,2620,33553833,0.99998214840888977,0.000025755
4,5,4096,16777216,33554432,4,cycle,insertion,2621,33553790,0.99998086690902710,0.000027603
4,5,4096,16777216,33554432,4,cycle,insertion,2622,33553743,0.99997946619987488,0.000029624
4,5,4096,16777216,33554432,4,cycle,insertion,2623,33553678,0.99997752904891968,0.000032419
4,5,4096,16777216,33554432,4,cycle,insertion,2624,33553645,0.99997654557228088,0.000033838
4,5,4096,16777216,33554432,4,cycle,insertion,2625,33553598,0.99997514486312866,0.000035859
4,5,4096,16777216,33554432,4,cycle,insertion,2626,33553520,0.99997282028198242,0.000039213
4,5,4096,16777216,33554432,4,cycle,insertion,2627,33553415,0.99996969103813171,0.000043727
4,5,4096,16777216,33554432,4,cycle,insertion,2628,33553267,0.99996528029441833,0.000050091
4,5,4096,16777216,33554432,4,cycle,insertion,2629,33553117,0.99996080994606018,0.000056540
4,5,4096,16777216,33554432,4,cycle,insertion,2630,33552961,0.99995616078376770,0.000063248
4,5,4096,16777216,33554432,4,cycle,insertion,2631,33552802,0.99995142221450806,0.000070085
4,5,4096,16777216,33554432,4,cycle,insertion,2632,33552600,0.99994540214538574,0.000078770
4,5,4096,16777216,33554432,4,cycle,insertion,2633,33552398,0.99993938207626343,0.000087456
4,5,4096,16777216,33554432,4,cycle,insertion,2634,33552150,0.99993199110031128,0.000098119
4,5,4096,16777216,33554432,4,cycle,insertion,2635,33551871,0.99992367625236511,0.000110116
4,5,4096,16777216,33554432,4,cycle,insertion,2636,33551588,0.99991524219512939,0.000122285
4,5,4096,16777216,33554432,4,cycle,insertion,2637,33551292,0.99990642070770264,0.000135013
4,5,4096,16777216,33554432,4,cycle,insertion,2638,33550926,0.99989551305770874,0.000150751
4,5,4096,16777216,33554432,4,cycle,insertion,2639,33550556,0.99988448619842529,0.000166661
4,5,4096,16777216,33554432,4,cycle,insertion,2640,33550187,0.99987348914146423,0.000182528
4,5,4096,16777216,33554432,4,cycle,insertion,2641,33549869,0.99986401200294495,0.000196203
4,5,4096,16777216,33554432,4,cycle,insertion,2642,33549535,0.99985405802726746,0.000210565
4,5,4096,16777216,33554432,4,cycle,insertion,2643,33549162,0.99984294176101685,0.000226605
4,5,4096,16777216,33554432,4,cycle,insertion,2644,33548757,0.99983087182044983,0.000244021
4,5,4096,16777216,33554432,4,cycle,insertion,2645,33548284,0.99981677532196045,0.000264362
4,5,4096,16777216,33554432,4,cycle,insertion,2646,33547820,0.99980294704437256,0.000284315
4,5,4096,16777216,33554432,4,cycle,insertion,2647,33547376,0.99978971481323242,0.000303409
4,5,4096,16777216,33554432,4,cycle,insertion,2648,33546997,0.99977841973304749,0.000319708
4,5,4096,16777216,33554432,4,cycle,insertion,2649,33546638,0.99976772069931030,0.000335147
4,5,4096,16777216,33554432,4,cycle,insertion,2650,33546243,0.99975594878196716,0.000352134
4,5,4096,16777216,33554432,4,cycle,insertion,2651,33545858,0.99974447488784790,0.000368692
4,5,4096,16777216,33554432,4,cycle,insertion,2652,33545406,0.99973100423812866,0.000388131
4,5,4096,16777216,33554432,4,cycle,insertion,2653,33544983,0.99971839785575867,0.000406323
4,5,4096,16777216,33554432,4,cycle,insertion,2654,33544455,0.99970266222953796,0.000429032
4,5,4096,16777216,33554432,4,cycle,insertion,2655,33543889,0.99968579411506653,0.000453375
4,5,4096,16777216,33554432,4,cycle,insertion,2656,33543252,0.99966681003570557,0.000480772
4,5,4096,16777216,33554432,4,cycle,insertion,2657,33542624,0.99964809417724609,0.000507782
4,5,4096,16777216,33554432,4,cycle,insertion,2658,33541928,0.99962735176086426,0.000537718
4,5,4096,16777216,33554432,4,cycle,insertion,2659,33541200,0.99960565567016602,0.000569031
4,5,4096,16777216,33554432,4,cycle,insertion,2660,33540457,0.99958351254463196,0.000600990
4,5,4096,16777216,33554432,4,cycle,insertion,2661,33539740,0.99956214427947998,0.000631831
4,5,4096,16777216,33554432,4,cycle,insertion,2662,33538953,0.99953868985176086,0.000665683
4,5,4096,16777216,33554432,4,cycle,insertion,2663,33538226,0.99951702356338501,0.000696956
4,5,4096,16777216,33554432,4,cycle,insertion,2664,33537402,0.99949246644973755,0.000732402
4,5,4096,16777216,33554432,4,cycle,insertion,2665,33536486,0.99946516752243042,0.000771807
4,5,4096,16777216,33554432,4,cycle,insertion,2666,33535476,0.99943506717681885,0.000815256
4,5,4096,16777216,33554432,4,cycle,insertion,2667,33534479,0.99940535426139832,0.000858148
4,5,4096,16777216,33554432,4,cycle,insertion,2668,33533265,0.99936917424201965,0.000910376
4,5,4096,16777216,33554432,4,cycle,insertion,2669,33532093,0.99933424592018127,0.000960800
4,5,4096,16777216,33554432,4,cycle,insertion,2670,33530828,0.99929654598236084,0.001015227
4,5,4096,16777216,33554432,4,cycle,insertion,2671,33529604,0.99926006793975830,0.001067891
4,5,4096,16777216,33554432,4,cycle,insertion,2672,33528390,0.99922388792037964,0.001120128
4,5,4096,16777216,33554432,4,cycle,insertion,2673,33527059,0.99918422102928162,0.001177401
4,5,4096,16777216,33554432,4,cycle,insertion,2674,33525717,0.99914422631263733,0.001235149
4,5,4096,16777216,33554432,4,cycle,insertion,2675,33524334,0.99910300970077515,0.001294664
4,5,4096,16777216,33554432,4,cycle,insertion,2676,33522785,0.99905684590339661,0.001361326
4,5,4096,16777216,33554432,4,cycle,insertion,2677,33521051,0.99900516867637634,0.001435953
4,5,4096,16777216,33554432,4,cycle,insertion,2678,33519382,0.99895542860031128,0.001507786
4,5,4096,16777216,33554432,4,cycle,insertion,2679,33517549,0.99890080094337463,0.001586681
4,5,4096,16777216,33554432,4,cycle,insertion,2680,33515620,0.99884331226348877,0.001669714
4,5,4096,16777216,33554432,4,cycle,insertion,2681,33513546,0.99878150224685669,0.001758993
4,5,4096,16777216,33554432,4,cycle,insertion,2682,33511443,0.99871882796287537,0.001849526
4,5,4096,16777216,33554432,4,cycle,insertion,2683,33509140,0.99865019321441650,0.001948675
4,5,4096,16777216,33554432,4,cycle,insertion,2684,33506841,0.99858167767524719,0.002047659
4,5,4096,16777216,33554432,4,cycle,insertion,2685,33504363,0.99850782752037048,0.002154358
4,5,4096,16777216,33554432,4,cycle,insertion,2686,33501778,0.99843078851699829,0.002265672
4,5,4096,16777216,33554432,4,cycle,insertion,2687,33499028,0.99834883213043213,0.002384101
4,5,4096,16777216,33554432,4,cycle,insertion,2688,33496037,0.99825969338417053,0.002512919
4,5,4096,16777216,33554432,4,cycle,insertion,2689,33492891,0.99816593527793884,0.002648426
4,5,4096,16777216,33554432,4,cycle,insertion,2690,33489740,0.99807202816009521,0.002784160
4,5,4096,16777216,33554432,4,cycle,insertion,2691,33486354,0.99797111749649048,0.002930032
4,5,4096,16777216,33554432,4,cycle,insertion,2692,33482793,0.99786499142646790,0.003083459
4,5,4096,16777216,33554432,4,cycle,insertion,2693,33479187,0.99775752425193787,0.003238842
4,5,4096,16777216,33554432,4,cycle,insertion,2694,33475261,0.99764052033424377,0.003408032
4,5,4096,16777216,33554432,4,cycle,insertion,2695,33471092,0.99751627445220947,0.003587716
4,5,4096,16777216,33554432,4,cycle,insertion,2696,33466825,0.99738910794258118,0.003771647
4,5,4096,16777216,33554432,4,cycle,insertion,2697,33462349,0.99725571274757385,0.003964612
4,5,4096,16777216,33554432,4,cycle,insertion,2698,33457405,0.99710837006568909,0.004177783
4,5,4096,16777216,33554432,4,cycle,insertion,2699,33452324,0.99695694446563721,0.004396895
4,5,4096,16777216,33554432,4,cycle,insertion,2700,33446885,0.99679484963417053,0.004631481
4,5,4096,16777216,33554432,4,cycle,insertion,2701,33440912,0.99661684036254883,0.004889143
4,5,4096,16777216,33554432,4,cycle,insertion,2702,33434520,0.99642634391784668,0.005164930
4,5,4096,16777216,33554432,4,cycle,insertion,2703,33428332,0.99624192714691162,0.005431966
4,5,4096,16777216,33554432,4,cycle,insertion,2704,33421710,0.99604457616806030,0.005717786
4,5,4096,16777216,33554432,4,cycle,insertion,2705,33413891,0.99581155180931091,0.006055344
4,5,4096,16777216,33554432,4,cycle,insertion,2706,33405946,0.99557477235794067,0.006398422
4,5,4096,16777216,33554432,4,cycle,insertion,2707,33397739,0.99533018469810486,0.006752899
4,5,4096,16777216,33554432,4,cycle,insertion,2708,33389637,0.99508872628211975,0.007102927
4,5,4096,16777216,33554432,4,cycle,insertion,2709,33381261,0.99483910202980042,0.007464881
4,5,4096,16777216,33554432,4,cycle,insertion,2710,33372120,0.99456667900085449,0.007859998
4,5,4096,16777216,33554432,4,cycle,insertion,2711,33362432,0.99427795410156250,0.008278876
4,5,4096,16777216,33554432,4,cycle,insertion,2712,33352494,0.99398177862167358,0.008708690
4,5,4096,16777216,33554432,4,cycle,insertion,2713,33342005,0.99366918206214905,0.009162473
4,5,4096,16777216,33554432,4,cycle,insertion,2714,33331233,0.99334815144538879,0.009628649
4,5,4096,16777216,33554432,4,cycle,insertion,2715,33319825,0.99300816655158997,0.010122512
4,5,4096,16777216,33554432,4,cycle,insertion,2716,33308020,0.99265635013580322,0.010633740
4,5,4096,16777216,33554432,4,cycle,insertion,2717,33295509,0.99228349328041077,0.011175740
4,5,4096,16777216,33554432,4,cycle,insertion,2718,33282488,0.99189543724060059,0.011740051
4,5,4096,16777216,33554432,4,cycle,insertion,2719,33269580,0.99151074886322021,0.012299682
4,5,4096,16777216,33554432,4,cycle,insertion,2720,33255542,0.99109238386154175,0.012908552
4,5,4096,16777216,33554432,4,cycle,insertion,2721,33241263,0.99066683650016785,0.013528138
4,5,4096,16777216,33554432,4,cycle,insertion,2722,33226676,0.99023211002349854,0.014161363
4,5,4096,16777216,33554432,4,cycle,insertion,2723,33211726,0.98978656530380249,0.014810635
4,5,4096,16777216,33554432,4,cycle,insertion,2724,33196107,0.98932108283042908,0.015489273
4,5,4096,16777216,33554432,4,cycle,insertion,2725,33179840,0.98883628845214844,0.016196406
4,5,4096,16777216,33554432,4,cycle,insertion,2726,33162944,0.98833274841308594,0.016931250
4,5,4096,16777216,33554432,4,cycle,insertion,2727,33144994,0.98779779672622681,0.017712344
4,5,4096,16777216,33554432,4,cycle,insertion,2728,33126171,0.98723682761192322,0.018531881
4,5,4096,16777216,33554432,4,cycle,insertion,2729,33106133,0.98663964867591858,0.019404831
4,5,4096,16777216,33554432,4,cycle,insertion,2730,33085029,0.98601070046424866,0.020324792
4,5,4096,16777216,33554432,4,cycle,insertion,2731,33063623,0.98537275195121765,0.021258517
4,5,4096,16777216,33554432,4,cycle,insertion,2732,33041396,0.98471033573150635,0.022228694
4,5,4096,16777216,33554432,4,cycle,insertion,2733,33018105,0.98401620984077454,0.023246013
4,5,4096,16777216,33554432,4,cycle,insertion,2734,32993954,0.98329645395278931,0.024301655
4,5,4096,16777216,33554432,4,cycle,insertion,2735,32968980,0.98255217075347900,0.025394082
4,5,4096,16777216,33554432,4,cycle,insertion,2736,32942996,0.98177778720855713,0.026531569
4,5,4096,16777216,33554432,4,cycle,insertion,2737,32916147,0.98097762465476990,0.027707865
4,5,4096,16777216,33554432,4,cycle,insertion,2738,32889077,0.98017087578773499,0.028894815
4,5,4096,16777216,33554432,4,cycle,insertion,2739,32861646,0.97935336828231812,0.030098591
4,5,4096,16777216,33554432,4,cycle,insertion,2740,32833103,0.97850272059440613,0.031352233
4,5,4096,16777216,33554432,4,cycle,insertion,2741,32803720,0.97762703895568848,0.032643907
4,5,4096,16777216,33554432,4,cycle,insertion,2742,32773300,0.97672045230865479,0.033982388
4,5,4096,16777216,33554432,4,cycle,insertion,2743,32742152,0.97579216957092285,0.035354189
4,5,4096,16777216,33554432,4,cycle,insertion,2744,32708877,0.97480049729347229,0.036821108
4,5,4096,16777216,33554432,4,cycle,insertion,2745,32674269,0.97376909852027893,0.038348376
4,5,4096,16777216,33554432,4,cycle,insertion,2746,32639806,0.97274202108383179,0.039870853
4,5,4096,16777216,33554432,4,cycle,insertion,2747,32604227,0.97168168425559998,0.041444320
4,5,4096,16777216,33554432,4,cycle,insertion,2748,32566660,0.97056210041046143,0.043107570
4,5,4096,16777216,33554432,4,cycle,insertion,2749,32528882,0.96943622827529907,0.044782097
4,5,4096,16777216,33554432,4,cycle,insertion,2750,32489369,0.96825864911079407,0.046535611
4,5,4096,16777216,33554432,4,cycle,insertion,2751,32449265,0.96706345677375793,0.048317535
4,5,4096,16777216,33554432,4,cycle,insertion,2752,32407456,0.96581745147705078,0.050177563
4,5,4096,16777216,33554432,4,cycle,insertion,2753,32364421,0.96453490853309631,0.052094642
4,5,4096,16777216,33554432,4,cycle,insertion,2754,32319262,0.96318906545639038,0.054109081
4,5,4096,16777216,33554432,4,cycle,insertion,2755,32272161,0.96178534626960754,0.056213149
4,5,4096,16777216,33554432,4,cycle,insertion,2756,32222957,0.96031895279884338,0.058414444
4,5,4096,16777216,33554432,4,cycle,insertion,2757,32171881,0.95879676938056946,0.060703047
4,5,4096,16777216,33554432,4,cycle,insertion,2758,32118751,0.95721337199211121,0.063087544
4,5,4096,16777216,33554432,4,cycle,insertion,2759,32063216,0.95555830001831055,0.065584198
4,5,4096,16777216,33554432,4,cycle,insertion,2760,32007002,0.95388299226760864,0.068115785
4,5,4096,16777216,33554432,4,cycle,insertion,2761,31949405,0.95216646790504456,0.070714272
4,5,4096,16777216,33554432,4,cycle,insertion,2762,31890842,0.95042115449905396,0.073361147
4,5,4096,16777216,33554432,4,cycle,insertion,2763,31831009,0.94863799214363098,0.076070447
4,5,4096,16777216,33554432,4,cycle,insertion,2764,31769753,0.94681242108345032,0.078849462
4,5,4096,16777216,33554432,4,cycle,insertion,2765,31707333,0.94495216012001038,0.081686803
4,5,4096,16777216,33554432,4,cycle,insertion,2766,31643349,0.94304528832435608,0.084601039
4,5,4096,16777216,33554432,4,cycle,insertion,2767,31579450,0.94114094972610474,0.087517291
4,5,4096,16777216,33554432,4,cycle,insertion,2768,31512914,0.93915802240371704,0.090560169
4,5,4096,16777216,33554432,4,cycle,insertion,2769,31444233,0.93711116909980774,0.093707891
4,5,4096,16777216,33554432,4,cycle,insertion,2770,31373223,0.93499490618705750,0.096969590
4,5,4096,16777216,33554432,4,cycle,insertion,2771,31300442,0.93282586336135864,0.100320306
4,5,4096,16777216,33554432,4,cycle,insertion,2772,31225930,0.93060523271560669,0.103758796
4,5,4096,16777216,33554432,4,cycle,insertion,2773,31148910,0.92830985784530640,0.107321656
4,5,4096,16777216,33554432,4,cycle,insertion,2774,31070511,0.92597338557243347,0.110957367
4,5,4096,16777216,33554432,4,cycle,insertion,2775,30989474,0.92355829477310181,0.114725068
4,5,4096,16777216,33554432,4,cycle,insertion,2776,30907637,0.92111936211585999,0.118539977
4,5,4096,16777216,33554432,4,cycle,insertion,2777,30823929,0.91862466931343079,0.122452568
4,5,4096,16777216,33554432,4,cycle,insertion,2778,30737031,0.91603490710258484,0.126525519
4,5,4096,16777216,33554432,4,cycle,insertion,2779,30648463,0.91339537501335144,0.130688610
4,5,4096,16777216,33554432,4,cycle,insertion,2780,30556030,0.91064065694808960,0.135046223
4,5,4096,16777216,33554432,4,cycle,insertion,2781,30461718,0.90782994031906128,0.139506026
4,5,4096,16777216,33554432,4,cycle,insertion,2782,30365258,0.90495520830154419,0.144081709
4,5,4096,16777216,33554432,4,cycle,insertion,2783,30266374,0.90200823545455933,0.148787489
4,5,4096,16777216,33554432,4,cycle,insertion,2784,30164704,0.89897823333740234,0.153641910
4,5,4096,16777216,33554432,4,cycle,insertion,2785,30060931,0.89588555693626404,0.158613645
4,5,4096,16777216,33554432,4,cycle,insertion,2786,29956139,0.89276251196861267,0.163651647
4,5,4096,16777216,33554432,4,cycle,insertion,2787,29849022,0.88957017660140991,0.168819673
4,5,4096,16777216,33554432,4,cycle,insertion,2788,29738649,0.88628080487251282,0.174164227
4,5,4096,16777216,33554432,4,cycle,insertion,2789,29625797,0.88291755318641663,0.179649370
4,5,4096,16777216,33554432,4,cycle,insertion,2790,29511540,0.87951242923736572,0.185224129
4,5,4096,16777216,33554432,4,cycle,insertion,2791,29395712,0.87606048583984375,0.190897614
4,5,4096,16777216,33554432,4,cycle,insertion,2792,29276887,0.87251922488212585,0.196741175
4,5,4096,16777216,33554432,4,cycle,insertion,2793,29155224,0.86889338493347168,0.202748929
4,5,4096,16777216,33554432,4,cycle,insertion,2794,29031110,0.86519449949264526,0.208903602
4,5,4096,16777216,33554432,4,cycle,insertion,2795,28905237,0.86144319176673889,0.215172434
4,5,4096,16777216,33554432,4,cycle,insertion,2796,28775678,0.85758203268051147,0.221653415
4,5,4096,16777216,33554432,4,cycle,insertion,2797,28644702,0.85367864370346069,0.228235007
4,5,4096,16777216,33554432,4,cycle,insertion,2798,28512045,0.84972515702247620,0.234931817
4,5,4096,16777216,33554432,4,cycle,insertion,2799,28376672,0.84569072723388672,0.241797935
4,5,4096,16777216,33554432,4,cycle,insertion,2800,28240288,0.84162616729736328,0.248748534
4,5,4096,16777216,33554432,4,cycle,insertion,2801,28101240,0.83748221397399902,0.255869543
4,5,4096,16777216,33554432,4,cycle,insertion,2802,27959598,0.83326095342636108,0.263159718
4,5,4096,16777216,33554432,4,cycle,insertion,2803,27815184,0.82895708084106445,0.270630687
4,5,4096,16777216,33554432,4,cycle,insertion,2804,27669334,0.82461041212081909,0.278215417
4,5,4096,16777216,33554432,4,cycle,insertion,2805,27521296,0.82019853591918945,0.285954926
4,5,4096,16777216,33554432,4,cycle,insertion,2806,27369805,0.81568375229835510,0.293918180
4,5,4096,16777216,33554432,4,cycle,insertion,2807,27216813,0.81112423539161682,0.302005194
4,5,4096,16777216,33554432,4,cycle,insertion,2808,27059786,0.80644446611404419,0.310352906
4,5,4096,16777216,33554432,4,cycle,insertion,2809,26902081,0.80174449086189270,0.318785560
4,5,4096,16777216,33554432,4,cycle,insertion,2810,26743173,0.79700866341590881,0.327332689
4,5,4096,16777216,33554432,4,cycle,insertion,2811,26582789,0.79222884774208069,0.336010859
4,5,4096,16777216,33554432,4,cycle,insertion,2812,26420945,0.78740552067756653,0.344821267
4,5,4096,16777216,33554432,4,cycle,insertion,2813,26256866,0.78251558542251587,0.353808608
4,5,4096,16777216,33554432,4,cycle,insertion,2814,26090931,0.77757033705711365,0.362954911
4,5,4096,16777216,33554432,4,cycle,insertion,2815,25923736,0.77258753776550293,0.372229689
4,5,4096,16777216,33554432,4,cycle,insertion,2816,25755799,0.76758262515068054,0.381606040
4,5,4096,16777216,33554432,4,cycle,insertion,2817,25584634,0.76248151063919067,0.391225741
4,5,4096,16777216,33554432,4,cycle,insertion,2818,25411045,0.75730815529823303,0.401047630
4,5,4096,16777216,33554432,4,cycle,insertion,2819,25234335,0.75204178690910339,0.411115268
4,5,4096,16777216,33554432,4,cycle,insertion,2820,25056478,0.74674123525619507,0.421319696
4,5,4096,16777216,33554432,4,cycle,insertion,2821,24874837,0.74132791161537170,0.431816264
4,5,4096,16777216,33554432,4,cycle,insertion,2822,24692931,0.73590669035911560,0.442405244
4,5,4096,16777216,33554432,4,cycle,insertion,2823,24510646,0.73047417402267456,0.453094828
4,5,4096,16777216,33554432,4,cycle,insertion,2824,24325638,0.72496050596237183,0.464025692
4,5,4096,16777216,33554432,4,cycle,insertion,2825,24138584,0.71938586235046387,0.475162288
4,5,4096,16777216,33554432,4,cycle,insertion,2826,23949557,0.71375241875648499,0.486504365
4,5,4096,16777216,33554432,4,cycle,insertion,2827,23757796,0.70803749561309814,0.498102332
4,5,4096,16777216,33554432,4,cycle,insertion,2828,23563796,0.70225584506988525,0.509931368
4,5,4096,16777216,33554432,4,cycle,insertion,2829,23368492,0.69643533229827881,0.521938698
4,5,4096,16777216,33554432,4,cycle,insertion,2830,23171875,0.69057568907737732,0.534128548
4,5,4096,16777216,33554432,4,cycle,insertion,2831,22972633,0.68463781476020813,0.546587116
4,5,4096,16777216,33554432,4,cycle,insertion,2832,22773279,0.67869660258293152,0.559161304
4,5,4096,16777216,33554432,4,cycle,insertion,2833,22573886,0.67275422811508179,0.571848542
4,5,4096,16777216,33554432,4,cycle,insertion,2834,22373307,0.66677650809288025,0.584724819
4,5,4096,16777216,33554432,4,cycle,insertion,2835,22174001,0.66083672642707825,0.597634227
4,5,4096,16777216,33554432,4,cycle,insertion,2836,21973939,0.65487441420555115,0.610709829
4,5,4096,16777216,33554432,4,cycle,insertion,2837,21770838,0.64882153272628784,0.624106395
4,5,4096,16777216,33554432,4,cycle,insertion,2838,21565730,0.64270883798599243,0.637762784
4,5,4096,16777216,33554432,4,cycle,insertion,2839,21361235,0.63661441206932068,0.651508277
4,5,4096,16777216,33554432,4,cycle,insertion,2840,21154183,0.63044378161430359,0.665560368
4,5,4096,16777216,33554432,4,cycle,insertion,2841,20948322,0.62430864572525024,0.679668650
4,5,4096,16777216,33554432,4,cycle,insertion,2842,20740522,0.61811572313308716,0.694051131
4,5,4096,16777216,33554432,4,cycle,insertion,2843,20532428,0.61191403865814209,0.708599097
4,5,4096,16777216,33554432,4,cycle,insertion,2844,20326498,0.60577684640884399,0.723141657
4,5,4096,16777216,33554432,4,cycle,insertion,2845,20117498,0.59954816102981567,0.738052447
4,5,4096,16777216,33554432,4,cycle,insertion,2846,19907528,0.59329056739807129,0.753189249
4,5,4096,16777216,33554432,4,cycle,insertion,2847,19697027,0.58701714873313904,0.768525445
4,5,4096,16777216,33554432,4,cycle,insertion,2848,19485851,0.58072361350059509,0.784076396
4,5,4096,16777216,33554432,4,cycle,insertion,2849,19274464,0.57442378997802734,0.799812595
4,5,4096,16777216,33554432,4,cycle,insertion,2850,19059965,0.56803122162818909,0.815957866
4,5,4096,16777216,33554432,4,cycle,insertion,2851,18846044,0.56165587902069092,0.832241619
4,5,4096,16777216,33554432,4,cycle,insertion,2852,18631776,0.55527019500732422,0.848738136
4,5,4096,16777216,33554432,4,cycle,insertion,2853,18418027,0.54889997839927673,0.865384812
4,5,4096,16777216,33554432,4,cycle,insertion,2854,18205869,0.54257717728614807,0.882099731
4,5,4096,16777216,33554432,4,cycle,insertion,2855,17992964,0.53623211383819580,0.899070473
4,5,4096,16777216,33554432,4,cycle,insertion,2856,17779276,0.52986371517181396,0.916306759
4,5,4096,16777216,33554432,4,cycle,insertion,2857,17566060,0.52350938320159912,0.933712699
4,5,4096,16777216,33554432,4,cycle,insertion,2858,17353424,0.51717233657836914,0.951282987
4,5,4096,16777216,33554432,4,cycle,insertion,2859,17142281,0.51087978482246399,0.968944245
4,5,4096,16777216,33554432,4,cycle,insertion,2860,16931771,0.50460609793663025,0.986770454
4,5,4096,16777216,33554432,4,cycle,insertion,2861,16720377,0.49830606579780579,1.004895959
4,5,4096,16777216,33554432,4,cycle,insertion,2862,16509159,0.49201127886772156,1.023236707
4,5,4096,16777216,33554432,4,cycle,insertion,2863,16298172,0.48572337627410889,1.041793175
4,5,4096,16777216,33554432,4,cycle,insertion,2864,16088473,0.47947385907173157,1.060475933
4,5,4096,16777216,33554432,4,cycle,insertion,2865,15878038,0.47320240736007690,1.079470682
4,5,4096,16777216,33554432,4,cycle,insertion,2866,15667212,0.46691930294036865,1.098754863
4,5,4096,16777216,33554432,4,cycle,insertion,2867,15460617,0.46076229214668274,1.117905441
4,5,4096,16777216,33554432,4,cycle,insertion,2868,15254216,0.45461106300354004,1.137295302
4,5,4096,16777216,33554432,4,cycle,insertion,2869,15047085,0.44843807816505432,1.157019308
4,5,4096,16777216,33554432,4,cycle,insertion,2870,14838125,0.44221058487892151,1.177194537
4,5,4096,16777216,33554432,4,cycle,insertion,2871,14631211,0.43604406714439392,1.197454152
4,5,4096,16777216,33554432,4,cycle,insertion,2872,14425048,0.42989993095397949,1.217927216
4,5,4096,16777216,33554432,4,cycle,insertion,2873,14219627,0.42377790808677673,1.238619714
4,5,4096,16777216,33554432,4,cycle,insertion,2874,14014435,0.41766270995140076,1.259589753
4,5,4096,16777216,33554432,4,cycle,insertion,2875,13810447,0.41158339381217957,1.280743320
4,5,4096,16777216,33554432,4,cycle,insertion,2876,13605186,0.40546613931655884,1.302346656
4,5,4096,16777216,33554432,4,cycle,insertion,2877,13402502,0.39942568540573120,1.324000985
4,5,4096,16777216,33554432,4,cycle,insertion,2878,13201748,0.39344274997711182,1.345774371
4,5,4096,16777216,33554432,4,cycle,insertion,2879,13002936,0.38751769065856934,1.367665922
4,5,4096,16777216,33554432,4,cycle,insertion,2880,12804929,0.38161662220954895,1.389804082
4,5,4096,16777216,33554432,4,cycle,insertion,2881,12607988,0.37574732303619385,1.412165269
4,5,4096,16777216,33554432,4,cycle,insertion,2882,12411585,0.36989405751228333,1.434815972
4,5,4096,16777216,33554432,4,cycle,insertion,2883,12213921,0.36400321125984192,1.457976917
4,5,4096,16777216,33554432,4,cycle,insertion,2884,12015827,0.35809955000877380,1.481567389
4,5,4096,16777216,33554432,4,cycle,insertion,2885,11820825,0.35228803753852844,1.505172608
4,5,4096,16777216,33554432,4,cycle,insertion,2886,11627818,0.34653598070144653,1.528922940
4,5,4096,16777216,33554432,4,cycle,insertion,2887,11435351,0.34080001711845398,1.553002687
4,5,4096,16777216,33554432,4,cycle,insertion,2888,11244962,0.33512598276138306,1.577224550
4,5,4096,16777216,33554432,4,cycle,insertion,2889,11057479,0.32953855395317078,1.601480833
4,5,4096,16777216,33554432,4,cycle,insertion,2890,10871066,0.32398301362991333,1.626009920
4,5,4096,16777216,33554432,4,cycle,insertion,2891,10685236,0.31844484806060791,1.650884563
4,5,4096,16777216,33554432,4,cycle,insertion,2892,10501926,0.31298178434371948,1.675849401
4,5,4096,16777216,33554432,4,cycle,insertion,2893,10319436,0.30754315853118896,1.701139212
4,5,4096,16777216,33554432,4,cycle,insertion,2894,10139153,0.30217030644416809,1.726566198
4,5,4096,16777216,33554432,4,cycle,insertion,2895,9960692,0.29685175418853760,1.752185456
4,5,4096,16777216,33554432,4,cycle,insertion,2896,9785732,0.29163753986358643,1.777751658
4,5,4096,16777216,33554432,4,cycle,insertion,2897,9611046,0.28643149137496948,1.803737978
4,5,4096,16777216,33554432,4,cycle,insertion,2898,9437379,0.28125581145286560,1.830045189
4,5,4096,16777216,33554432,4,cycle,insertion,2899,9265707,0.27613958716392517,1.856530368
4,5,4096,16777216,33554432,4,cycle,insertion,2900,9095952,0.27108049392700195,1.883206790
4,5,4096,16777216,33554432,4,cycle,insertion,2901,8929982,0.26613420248031616,1.909774163
4,5,4096,16777216,33554432,4,cycle,insertion,2902,8765166,0.26122230291366577,1.936650017
4,5,4096,16777216,33554432,4,cycle,insertion,2903,8600959,0.25632855296134949,1.963933903
4,5,4096,16777216,33554432,4,cycle,insertion,2904,8437269,0.25145021080970764,1.991655332
4,5,4096,16777216,33554432,4,cycle,insertion,2905,8276726,0.24666565656661987,2.019371233
4,5,4096,16777216,33554432,4,cycle,insertion,2906,8119466,0.24197894334793091,2.047046583
4,5,4096,16777216,33554432,4,cycle,insertion,2907,7964719,0.23736712336540222,2.074807967
4,5,4096,16777216,33554432,4,cycle,insertion,2908,7812022,0.23281639814376831,2.102735419
4,5,4096,16777216,33554432,4,cycle,insertion,2909,7660708,0.22830688953399658,2.130953699
4,5,4096,16777216,33554432,4,cycle,insertion,2910,7511249,0.22385266423225403,2.159378606
4,5,4096,16777216,33554432,4,cycle,insertion,2911,7363165,0.21943941712379456,2.188105400
4,5,4096,16777216,33554432,4,cycle,insertion,2912,7217506,0.21509844064712524,2.216931029
4,5,4096,16777216,33554432,4,cycle,insertion,2913,7072911,0.21078917384147644,2.246127323
4,5,4096,16777216,33554432,4,cycle,insertion,2914,6928538,0.20648652315139771,2.275880471
4,5,4096,16777216,33554432,4,cycle,insertion,2915,6785409,0.20222094655036926,2.305995652
4,5,4096,16777216,33554432,4,cycle,insertion,2916,6643936,0.19800472259521484,2.336393255
4,5,4096,16777216,33554432,4,cycle,insertion,2917,6504630,0.19385308027267456,2.366964436
4,5,4096,16777216,33554432,4,cycle,insertion,2918,6366982,0.18975085020065308,2.397821745
4,5,4096,16777216,33554432,4,cycle,insertion,2919,6231999,0.18572804331779480,2.428736429
4,5,4096,16777216,33554432,4,cycle,insertion,2920,6099768,0.18178725242614746,2.459677059
4,5,4096,16777216,33554432,4,cycle,insertion,2921,5970229,0.17792668938636780,2.490645161
4,5,4096,16777216,33554432,4,cycle,insertion,2922,5841279,0.17408367991447449,2.522147136
4,5,4096,16777216,33554432,4,cycle,insertion,2923,5714879,0.17031666636466980,2.553708478
4,5,4096,16777216,33554432,4,cycle,insertion,2924,5590643,0.16661414504051208,2.585417209
4,5,4096,16777216,33554432,4,cycle,insertion,2925,5467544,0.16294550895690918,2.617538505
4,5,4096,16777216,33554432,4,cycle,insertion,2926,5347254,0.15936058759689331,2.649633223
4,5,4096,16777216,33554432,4,cycle,insertion,2927,5228664,0.15582633018493652,2.681989067
4,5,4096,16777216,33554432,4,cycle,insertion,2928,5111676,0.15233981609344482,2.714635036
4,5,4096,16777216,33554432,4,cycle,insertion,2929,4995516,0.14887797832489014,2.747797725
4,5,4096,16777216,33554432,4,cycle,insertion,2930,4880834,0.14546018838882446,2.781303745
4,5,4096,16777216,33554432,4,cycle,insertion,2931,4767605,0.14208570122718811,2.815166718
4,5,4096,16777216,33554432,4,cycle,insertion,2932,4655809,0.13875392079353333,2.849399556
4,5,4096,16777216,33554432,4,cycle,insertion,2933,4545710,0.13547271490097046,2.883925782
4,5,4096,16777216,33554432,4,cycle,insertion,2934,4437726,0.13225454092025757,2.918610837
4,5,4096,16777216,33554432,4,cycle,insertion,2935,4332176,0.12910890579223633,2.953339575
4,5,4096,16777216,33554432,4,cycle,insertion,2936,4229912,0.12606120109558105,2.987803781
4,5,4096,16777216,33554432,4,cycle,insertion,2937,4130323,0.12309321761131287,3.022176823
4,5,4096,16777216,33554432,4,cycle,insertion,2938,4032952,0.12019133567810059,3.056595196
4,5,4096,16777216,33554432,4,cycle,insertion,2939,3936382,0.11731332540512085,3.091561199
4,5,4096,16777216,33554432,4,cycle,insertion,2940,3840957,0.11446943879127502,3.126965618
4,5,4096,16777216,33554432,4,cycle,insertion,2941,3748736,0.11172103881835938,3.162027201
4,5,4096,16777216,33554432,4,cycle,insertion,2942,3659616,0.10906505584716797,3.196739155
4,5,4096,16777216,33554432,4,cycle,insertion,2943,3571539,0.10644015669822693,3.231885556
4,5,4096,16777216,33554432,4,cycle,insertion,2944,3485751,0.10388347506523132,3.266961915
4,5,4096,16777216,33554432,4,cycle,insertion,2945,3401836,0.10138261318206787,3.302117839
4,5,4096,16777216,33554432,4,cycle,insertion,2946,3317587,0.09887179732322693,3.338297132
4,5,4096,16777216,33554432,4,cycle,insertion,2947,3234732,0.09640252590179443,3.374785242
4,5,4096,16777216,33554432,4,cycle,insertion,2948,3154888,0.09402298927307129,3.410842641
4,5,4096,16777216,33554432,4,cycle,insertion,2949,3075290,0.09165078401565552,3.447708968
4,5,4096,16777216,33554432,4,cycle,insertion,2950,2996159,0.08929249644279480,3.485317244
4,5,4096,16777216,33554432,4,cycle,insertion,2951,2919290,0.08700162172317505,3.522813897
4,5,4096,16777216,33554432,4,cycle,insertion,2952,2842897,0.08472493290901184,3.561069600
4,5,4096,16777216,33554432,4,cycle,insertion,2953,2768807,0.08251687884330750,3.599166937
4,5,4096,16777216,33554432,4,cycle,insertion,2954,2695989,0.08034673333168030,3.637616821
4,5,4096,16777216,33554432,4,cycle,insertion,2955,2624063,0.07820317149162292,3.676629073
4,5,4096,16777216,33554432,4,cycle,insertion,2956,2553951,0.07611367106437683,3.715700585
4,5,4096,16777216,33554432,4,cycle,insertion,2957,2486820,0.07411301136016846,3.754129344
4,5,4096,16777216,33554432,4,cycle,insertion,2958,2421075,0.07215365767478943,3.792783659
4,5,4096,16777216,33554432,4,cycle,insertion,2959,2356321,0.07022383809089661,3.831895341
4,5,4096,16777216,33554432,4,cycle,insertion,2960,2292713,0.06832817196846008,3.871375660
4,5,4096,16777216,33554432,4,cycle,insertion,2961,2229104,0.06643247604370117,3.911967503
4,5,4096,16777216,33554432,4,cycle,insertion,2962,2166350,0.06456226110458374,3.953165084
4,5,4096,16777216,33554432,4,cycle,insertion,2963,2105615,0.06275221705436707,3.994189759
4,5,4096,16777216,33554432,4,cycle,insertion,2964,2046438,0.06098860502243042,4.035316472
4,5,4096,16777216,33554432,4,cycle,insertion,2965,1989847,0.05930206179618835,4.075773925
4,5,4096,16777216,33554432,4,cycle,insertion,2966,1934593,0.05765536427497864,4.116401347
4,5,4096,16777216,33554432,4,cycle,insertion,2967,1880543,0.05604454874992371,4.157282136
4,5,4096,16777216,33554432,4,cycle,insertion,2968,1827306,0.05445796251296997,4.198713183
4,5,4096,16777216,33554432,4,cycle,insertion,2969,1775258,0.05290681123733521,4.240402723
4,5,4096,16777216,33554432,4,cycle,insertion,2970,1724335,0.05138918757438660,4.282391345
4,5,4096,16777216,33554432,4,cycle,insertion,2971,1674918,0.04991644620895386,4.324340964
4,5,4096,16777216,33554432,4,cycle,insertion,2972,1627408,0.04850053787231445,4.365855443
4,5,4096,16777216,33554432,4,cycle,insertion,2973,1580713,0.04710891842842102,4.407855980
4,5,4096,16777216,33554432,4,cycle,insertion,2974,1534751,0.04573914408683777,4.450426821
4,5,4096,16777216,33554432,4,cycle,insertion,2975,1489821,0.04440012574195862,4.493292427
4,5,4096,16777216,33554432,4,cycle,insertion,2976,1446033,0.04309514164924622,4.536330954
4,5,4096,16777216,33554432,4,cycle,insertion,2977,1403080,0.04181504249572754,4.579834161
4,5,4096,16777216,33554432,4,cycle,insertion,2978,1360751,0.04055353999137878,4.624028334
4,5,4096,16777216,33554432,4,cycle,insertion,2979,1319506,0.03932434320449829,4.668433520
4,5,4096,16777216,33554432,4,cycle,insertion,2980,1279229,0.03812399506568909,4.713156881
4,5,4096,16777216,33554432,4,cycle,insertion,2981,1240268,0.03696286678314209,4.757779535
4,5,4096,16777216,33554432,4,cycle,insertion,2982,1202372,0.03583347797393799,4.802548112
4,5,4096,16777216,33554432,4,cycle,insertion,2983,1165873,0.03474572300910950,4.847020788
4,5,4096,16777216,33554432,4,cycle,insertion,2984,1130016,0.03367710113525391,4.892088231
4,5,4096,16777216,33554432,4,cycle,insertion,2985,1094823,0.03262826800346375,4.937733782
4,5,4096,16777216,33554432,4,cycle,insertion,2986,1060523,0.03160604834556580,4.983655521
4,5,4096,16777216,33554432,4,cycle,insertion,2987,1027235,0.03061398863792419,5.029665167
4,5,4096,16777216,33554432,4,cycle,insertion,2988,994609,0.02964165806770325,5.076230040
4,5,4096,16777216,33554432,4,cycle,insertion,2989,963416,0.02871203422546387,5.122200642
4,5,4096,16777216,33554432,4,cycle,insertion,2990,933064,0.02780747413635254,5.168383485
4,5,4096,16777216,33554432,4,cycle,insertion,2991,903786,0.02693492174148560,5.214378316
4,5,4096,16777216,33554432,4,cycle,insertion,2992,875516,0.02609241008758545,5.260225982
4,5,4096,16777216,33554432,4,cycle,insertion,2993,847523,0.02525815367698669,5.307107005
4,5,4096,16777216,33554432,4,cycle,insertion,2994,819799,0.02443191409111023,5.355089295
4,5,4096,16777216,33554432,4,cycle,insertion,2995,793368,0.02364420890808105,5.402369317
4,5,4096,16777216,33554432,4,cycle,insertion,2996,767344,0.02286863327026367,5.450486043
4,5,4096,16777216,33554432,4,cycle,insertion,2997,743144,0.02214741706848145,5.496717735
4,5,4096,16777216,33554432,4,cycle,insertion,2998,719675,0.02144798636436462,5.543013983
4,5,4096,16777216,33554432,4,cycle,insertion,2999,696368,0.02075338363647461,5.590509617
4,5,4096,16777216,33554432,4,cycle,insertion,3000,673896,0.02008366584777832,5.637833563
4,5,4096,16777216,33554432,4,cycle,insertion,3001,652329,0.01944091916084290,5.684759759
4,5,4096,16777216,33554432,4,cycle,insertion,3002,631256,0.01881289482116699,5.732134330
4,5,4096,16777216,33554432,4,cycle,insertion,3003,610954,0.01820784807205200,5.779295765
4,5,4096,16777216,33554432,4,cycle,insertion,3004,591148,0.01761758327484131,5.826840156
4,5,4096,16777216,33554432,4,cycle,insertion,3005,571310,0.01702636480331421,5.876085743
4,5,4096,16777216,33554432,4,cycle,insertion,3006,552350,0.01646131277084351,5.924776796
4,5,4096,16777216,33554432,4,cycle,insertion,3007,534272,0.01592254638671875,5.972785115
4,5,4096,16777216,33554432,4,cycle,insertion,3008,516686,0.01539844274520874,6.021071732
4,5,4096,16777216,33554432,4,cycle,insertion,3009,499962,0.01490002870559692,6.068541080
4,5,4096,16777216,33554432,4,cycle,insertion,3010,483193,0.01440027356147766,6.117759971
4,5,4096,16777216,33554432,4,cycle,insertion,3011,466659,0.01390752196311951,6.167990806
4,5,4096,16777216,33554432,4,cycle,insertion,3012,451008,0.01344108581542969,6.217206501
4,5,4096,16777216,33554432,4,cycle,insertion,3013,435518,0.01297944784164429,6.267627179
4,5,4096,16777216,33554432,4,cycle,insertion,3014,420396,0.01252877712249756,6.318610583
4,5,4096,16777216,33554432,4,cycle,insertion,3015,405616,0.01208829879760742,6.370244963
4,5,4096,16777216,33554432,4,cycle,insertion,3016,391253,0.01166024804115295,6.422257711
4,5,4096,16777216,33554432,4,cycle,insertion,3017,377406,0.01124757528305054,6.474242166
4,5,4096,16777216,33554432,4,cycle,insertion,3018,363884,0.01084458827972412,6.526880908
4,5,4096,16777216,33554432,4,cycle,insertion,3019,351641,0.01047971844673157,6.576256233
4,5,4096,16777216,33554432,4,cycle,insertion,3020,339519,0.01011845469474792,6.626867213
4,5,4096,16777216,33554432,4,cycle,insertion,3021,327195,0.00975117087364197,6.680208824
4,5,4096,16777216,33554432,4,cycle,insertion,3022,315141,0.00939193367958069,6.734362064
4,5,4096,16777216,33554432,4,cycle,insertion,3023,303431,0.00904294848442078,6.788991040
4,5,4096,16777216,33554432,4,cycle,insertion,3024,292171,0.00870737433433533,6.843546538
4,5,4096,16777216,33554432,4,cycle,insertion,3025,281371,0.00838550925254822,6.897885883
4,5,4096,16777216,33554432,4,cycle,insertion,3026,270650,0.00806599855422974,6.953931138
4,5,4096,16777216,33554432,4,cycle,insertion,3027,260565,0.00776544213294983,7.008716216
4,5,4096,16777216,33554432,4,cycle,insertion,3028,251380,0.00749170780181885,7.060489653
4,5,4096,16777216,33554432,4,cycle,insertion,3029,241996,0.00721204280853271,7.115376324
4,5,4096,16777216,33554432,4,cycle,insertion,3030,232965,0.00694289803504944,7.170246301
4,5,4096,16777216,33554432,4,cycle,insertion,3031,224305,0.00668480992317200,7.224897746
4,5,4096,16777216,33554432,4,cycle,insertion,3032,216042,0.00643855333328247,7.279047716
4,5,4096,16777216,33554432,4,cycle,insertion,3033,207980,0.00619828701019287,7.333914725
4,5,4096,16777216,33554432,4,cycle,insertion,3034,199610,0.00594884157180786,7.393175527
4,5,4096,16777216,33554432,4,cycle,insertion,3035,191897,0.00571897625923157,7.450027368
4,5,4096,16777216,33554432,4,cycle,insertion,3036,184370,0.00549465417861938,7.507755601
4,5,4096,16777216,33554432,4,cycle,insertion,3037,177387,0.00528654456138611,7.563459242
4,5,4096,16777216,33554432,4,cycle,insertion,3038,170345,0.00507667660713196,7.621899924
4,5,4096,16777216,33554432,4,cycle,insertion,3039,163872,0.00488376617431641,7.677790156
4,5,4096,16777216,33554432,4,cycle,insertion,3040,157888,0.00470542907714844,7.731458000
4,5,4096,16777216,33554432,4,cycle,insertion,3041,152214,0.00453633069992065,7.784258468
4,5,4096,16777216,33554432,4,cycle,insertion,3042,146469,0.00436511635780334,7.839764173
4,5,4096,16777216,33554432,4,cycle,insertion,3043,140993,0.00420191884040833,7.894735988
4,5,4096,16777216,33554432,4,cycle,insertion,3044,135808,0.00404739379882812,7.948791059
4,5,4096,16777216,33554432,4,cycle,insertion,3045,130823,0.00389882922172546,8.002743322
4,5,4096,16777216,33554432,4,cycle,insertion,3046,125849,0.00375059247016907,8.058665773
4,5,4096,16777216,33554432,4,cycle,insertion,3047,120883,0.00360259413719177,8.116748156
4,5,4096,16777216,33554432,4,cycle,insertion,3048,115890,0.00345379114151001,8.177603442
4,5,4096,16777216,33554432,4,cycle,insertion,3049,111021,0.00330868363380432,8.239526932
4,5,4096,16777216,33554432,4,cycle,insertion,3050,106628,0.00317776203155518,8.297773193
4,5,4096,16777216,33554432,4,cycle,insertion,3051,102322,0.00304943323135376,8.357243157
4,5,4096,16777216,33554432,4,cycle,insertion,3052,97948,0.00291907787322998,8.420271586
4,5,4096,16777216,33554432,4,cycle,insertion,3053,93816,0.00279593467712402,8.482453630
4,5,4096,16777216,33554432,4,cycle,insertion,3054,89636,0.00267136096954346,8.548209350
4,5,4096,16777216,33554432,4,cycle,insertion,3055,85872,0.00255918502807617,8.610099827
4,5,4096,16777216,33554432,4,cycle,insertion,3056,82313,0.00245311856269836,8.671167322
4,5,4096,16777216,33554432,4,cycle,insertion,3057,78982,0.00235384702682495,8.730763720
4,5,4096,16777216,33554432,4,cycle,insertion,3058,75939,0.00226315855979919,8.787446619
4,5,4096,16777216,33554432,4,cycle,insertion,3059,73148,0.00217998027801514,8.841469201
4,5,4096,16777216,33554432,4,cycle,insertion,3060,70213,0.00209251046180725,8.900549449
4,5,4096,16777216,33554432,4,cycle,insertion,3061,67305,0.00200584530830383,8.961573936
4,5,4096,16777216,33554432,4,cycle,insertion,3062,64449,0.00192072987556458,9.024129647
4,5,4096,16777216,33554432,4,cycle,insertion,3063,61704,0.00183892250061035,9.086923604
4,5,4096,16777216,33554432,4,cycle,insertion,3064,59173,0.00176349282264709,9.147348581
4,5,4096,16777216,33554432,4,cycle,insertion,3065,56714,0.00169020891189575,9.208582708
4,5,4096,16777216,33554432,4,cycle,insertion,3066,54504,0.00162434577941895,9.265925509
4,5,4096,16777216,33554432,4,cycle,insertion,3067,52456,0.00156331062316895,9.321179820
4,5,4096,16777216,33554432,4,cycle,insertion,3068,50351,0.00150057673454285,9.380267189
4,5,4096,16777216,33554432,4,cycle,insertion,3069,48284,0.00143897533416748,9.440742422
4,5,4096,16777216,33554432,4,cycle,insertion,3070,46319,0.00138041377067566,9.500683514
4,5,4096,16777216,33554432,4,cycle,insertion,3071,44326,0.00132101774215698,9.564134442
4,5,4096,16777216,33554432,4,cycle,insertion,3072,42485,0.00126615166664124,9.625334056
4,5,4096,16777216,33554432,4,cycle,insertion,3073,40622,0.00121062994003296,9.690026349
4,5,4096,16777216,33554432,4,cycle,insertion,3074,39004,0.00116240978240967,9.748665535
4,5,4096,16777216,33554432,4,cycle,insertion,3075,37296,0.00111150741577148,9.813266711
4,5,4096,16777216,33554432,4,cycle,insertion,3076,35652,0.00106251239776611,9.878304609
4,5,4096,16777216,33554432,4,cycle,insertion,3077,34041,0.00101450085639954,9.945014202
4,5,4096,16777216,33554432,4,cycle,insertion,3078,32534,0.00096958875656128,10.010339410
4,5,4096,16777216,33554432,4,cycle,insertion,3079,31114,0.00092726945877075,10.074723742
4,5,4096,16777216,33554432,4,cycle,insertion,3080,29787,0.00088772177696228,10.137604791
4,5,4096,16777216,33554432,4,cycle,insertion,3081,28542,0.00085061788558960,10.199201189
4,5,4096,16777216,33554432,4,cycle,insertion,3082,27176,0.00080990791320801,10.269954497
4,5,4096,16777216,33554432,4,cycle,insertion,3083,25706,0.00076609849929810,10.350182484
4,5,4096,16777216,33554432,4,cycle,insertion,3084,24259,0.00072297453880310,10.433767539
4,5,4096,16777216,33554432,4,cycle,insertion,3085,22901,0.00068250298500061,10.516877024
4,5,4096,16777216,33554432,4,cycle,insertion,3086,21660,0.00064551830291748,10.597254378
4,5,4096,16777216,33554432,4,cycle,insertion,3087,20422,0.00060862302780151,10.682163459
4,5,4096,16777216,33554432,4,cycle,insertion,3088,19182,0.00057166814804077,10.772534470
4,5,4096,16777216,33554432,4,cycle,insertion,3089,18011,0.00053676962852478,10.863409336
4,5,4096,16777216,33554432,4,cycle,insertion,3090,16939,0.00050482153892517,10.951938913
4,5,4096,16777216,33554432,4,cycle,insertion,3091,15914,0.00047427415847778,11.041991116
4,5,4096,16777216,33554432,4,cycle,insertion,3092,14927,0.00044485926628113,11.134363376
4,5,4096,16777216,33554432,4,cycle,insertion,3093,14078,0.00041955709457397,11.218845229
4,5,4096,16777216,33554432,4,cycle,insertion,3094,13270,0.00039547681808472,11.304119250
4,5,4096,16777216,33554432,4,cycle,insertion,3095,12412,0.00036990642547607,11.400552018
4,5,4096,16777216,33554432,4,cycle,insertion,3096,11565,0.00034466385841370,11.502522354
4,5,4096,16777216,33554432,4,cycle,insertion,3097,10739,0.00032004714012146,11.609427963
4,5,4096,16777216,33554432,4,cycle,insertion,3098,10092,0.00030076503753662,11.699075509
4,5,4096,16777216,33554432,4,cycle,insertion,3099,9459,0.00028190016746521,11.792528045
4,5,4096,16777216,33554432,4,cycle,insertion,3100,8847,0.00026366114616394,11.889027392
4,5,4096,16777216,33554432,4,cycle,insertion,3101,8304,0.00024747848510742,11.980409272
4,5,4096,16777216,33554432,4,cycle,insertion,3102,7849,0.00023391842842102,12.061706856
4,5,4096,16777216,33554432,4,cycle,insertion,3103,7467,0.00022253394126892,12.133686984
4,5,4096,16777216,33554432,4,cycle,insertion,3104,7069,0.00021067261695862,12.212709573
4,5,4096,16777216,33554432,4,cycle,insertion,3105,6677,0.00019899010658264,12.295015675
4,5,4096,16777216,33554432,4,cycle,insertion,3106,6345,0.00018909573554993,12.368595551
4,5,4096,16777216,33554432,4,cycle,insertion,3107,6007,0.00017902255058289,12.447571051
4,5,4096,16777216,33554432,4,cycle,insertion,3108,5653,0.00016847252845764,12.535199018
4,5,4096,16777216,33554432,4,cycle,insertion,3109,5275,0.00015720725059509,12.635044622
4,5,4096,16777216,33554432,4,cycle,insertion,3110,4958,0.00014775991439819,12.724457444
4,5,4096,16777216,33554432,4,cycle,insertion,3111,4705,0.00014021992683411,12.800020992
4,5,4096,16777216,33554432,4,cycle,insertion,3112,4503,0.00013419985771179,12.863329238
4,5,4096,16777216,33554432,4,cycle,insertion,3113,4310,0.00012844800949097,12.926527846
4,5,4096,16777216,33554432,4,cycle,insertion,3114,4167,0.00012418627738953,12.975206615
4,5,4096,16777216,33554432,4,cycle,insertion,3115,4014,0.00011962652206421,13.029175099
4,5,4096,16777216,33554432,4,cycle,insertion,3116,3856,0.00011491775512695,13.087110664
4,5,4096,16777216,33554432,4,cycle,insertion,3117,3722,0.00011092424392700,13.138137660
4,5,4096,16777216,33554432,4,cycle,insertion,3118,3575,0.00010654330253601,13.196272473
4,5,4096,16777216,33554432,4,cycle,insertion,3119,3454,0.00010293722152710,13.245947632
4,5,4096,16777216,33554432,4,cycle,insertion,3120,3355,0.00009998679161072,13.287902949
4,5,4096,16777216,33554432,4,cycle,insertion,3121,3261,0.00009718537330627,13.328901274
4,5,4096,16777216,33554432,4,cycle,insertion,3122,3134,0.00009340047836304,13.386210536
4,5,4096,16777216,33554432,4,cycle,insertion,3123,2984,0.00008893013000488,13.456968180
4,5,4096,16777216,33554432,4,cycle,insertion,3124,2860,0.00008523464202881,13.518200568
4,5,4096,16777216,33554432,4,cycle,insertion,3125,2744,0.00008177757263184,13.577935234
4,5,4096,16777216,33554432,4,cycle,insertion,3126,2644,0.00007879734039307,13.631493538
4,5,4096,16777216,33554432,4,cycle,insertion,3127,2541,0.00007572770118713,13.688819340
4,5,4096,16777216,33554432,4,cycle,insertion,3128,2408,0.00007176399230957,13.766380323
4,5,4096,16777216,33554432,4,cycle,insertion,3129,2287,0.00006815791130066,13.840759350
4,5,4096,16777216,33554432,4,cycle,insertion,3130,2146,0.00006395578384399,13.932565639
4,5,4096,16777216,33554432,4,cycle,insertion,3131,2047,0.00006100535392761,14.000704613
4,5,4096,16777216,33554432,4,cycle,insertion,3132,1932,0.00005757808685303,14.084120621
4,5,4096,16777216,33554432,4,cycle,insertion,3133,1813,0.00005403161048889,14.175836790
4,5,4096,16777216,33554432,4,cycle,insertion,3134,1751,0.00005218386650085,14.226036632
4,5,4096,16777216,33554432,4,cycle,insertion,3135,1662,0.00004953145980835,14.301295333
4,5,4096,16777216,33554432,4,cycle,insertion,3136,1583,0.00004717707633972,14.371554460
4,5,4096,16777216,33554432,4,cycle,insertion,3137,1484,0.00004422664642334,14.464724623
4,5,4096,16777216,33554432,4,cycle,insertion,3138,1380,0.00004112720489502,14.569547448
4,5,4096,16777216,33554432,4,cycle,insertion,3139,1290,0.00003844499588013,14.666844650
4,5,4096,16777216,33554432,4,cycle,insertion,3140,1220,0.00003635883331299,14.747334568
4,5,4096,16777216,33554432,4,cycle,insertion,3141,1146,0.00003415346145630,14.837608671
4,5,4096,16777216,33554432,4,cycle,insertion,3142,1077,0.00003209710121155,14.927197465
4,5,4096,16777216,33554432,4,cycle,insertion,3143,991,0.00002953410148621,15.047258753
4,5,4096,16777216,33554432,4,cycle,insertion,3144,892,0.00002658367156982,15.199100100
4,5,4096,16777216,33554432,4,cycle,insertion,3145,835,0.00002488493919373,15.294367613
4,5,4096,16777216,33554432,4,cycle,insertion,3146,778,0.00002318620681763,15.396373655
4,5,4096,16777216,33554432,4,cycle,insertion,3147,743,0.00002214312553406,15.462781599
4,5,4096,16777216,33554432,4,cycle,insertion,3148,678,0.00002020597457886,15.594858537
4,5,4096,16777216,33554432,4,cycle,insertion,3149,611,0.00001820921897888,15.744971430
4,5,4096,16777216,33554432,4,cycle,insertion,3150,537,0.00001600384712219,15.931221722
4,5,4096,16777216,33554432,4,cycle,insertion,3151,449,0.00001338124275208,16.189428365
4,5,4096,16777216,33554432,4,cycle,insertion,3152,404,0.00001204013824463,16.341788517
4,5,4096,16777216,33554432,4,cycle,insertion,3153,374,0.00001114606857300,16.453105540
4,5,4096,16777216,33554432,4,cycle,insertion,3154,359,0.00001069903373718,16.512159966
4,5,4096,16777216,33554432,4,cycle,insertion,3155,345,0.00001028180122375,16.569547448
4,5,4096,16777216,33554432,4,cycle,insertion,3156,330,0.00000983476638794,16.633677786
4,5,4096,16777216,33554432,4,cycle,insertion,3157,323,0.00000962615013123,16.664609645
4,5,4096,16777216,33554432,4,cycle,insertion,3158,311,0.00000926852226257,16.719229230
4,5,4096,16777216,33554432,4,cycle,insertion,3159,304,0.00000905990600586,16.752072487
4,5,4096,16777216,33554432,4,cycle,insertion,3160,299,0.00000891089439392,16.775998326
4,5,4096,16777216,33554432,4,cycle,insertion,3161,262,0.00000780820846558,16.966576998
4,5,4096,16777216,33554432,4,cycle,insertion,3162,241,0.00000718235969543,17.087110664
4,5,4096,16777216,33554432,4,cycle,insertion,3163,211,0.00000628829002380,17.278900811
4,5,4096,16777216,33554432,4,cycle,insertion,3164,198,0.00000590085983276,17.370643380
4,5,4096,16777216,33554432,4,cycle,insertion,3165,196,0.00000584125518799,17.385290156
4,5,4096,16777216,33554432,4,cycle,insertion,3166,186,0.00000554323196411,17.460841189
4,5,4096,16777216,33554432,4,cycle,insertion,3167,176,0.00000524520874023,17.540568381
4,5,4096,16777216,33554432,4,cycle,insertion,3168,169,0.00000503659248352,17.599120564
4,5,4096,16777216,33554432,4,cycle,insertion,3169,159,0.00000473856925964,17.687117045
4,5,4096,16777216,33554432,4,cycle,insertion,3170,145,0.00000432133674622,17.820090910
4,5,4096,16777216,33554432,4,cycle,insertion,3171,135,0.00000402331352234,17.923184403
4,5,4096,16777216,33554432,4,cycle,insertion,3172,123,0.00000366568565369,18.057485495
4,5,4096,16777216,33554432,4,cycle,insertion,3173,101,0.00000301003456116,18.341788517
4,5,4096,16777216,33554432,4,cycle,insertion,3174,93,0.00000277161598206,18.460841189
4,5,4096,16777216,33554432,4,cycle,insertion,3175,89,0.00000265240669250,18.524266569
4,5,4096,16777216,33554432,4,cycle,insertion,3176,87,0.00000259280204773,18.557056504
4,5,4096,16777216,33554432,4,cycle,insertion,3177,78,0.00000232458114624,18.714597781
4,5,4096,16777216,33554432,4,cycle,insertion,3178,67,0.00000199675559998,18.933910810
4,5,4096,16777216,33554432,4,cycle,insertion,3179,58,0.00000172853469849,19.142019005
4,5,4096,16777216,33554432,4,cycle,insertion,3180,42,0.00000125169754028,19.607682577
4,5,4096,16777216,33554432,4,cycle,insertion,3181,37,0.00000110268592834,19.790546634
4,5,4096,16777216,33554432,4,cycle,insertion,3182,9,0.00000026822090149,21.830074999
4,5,4096,16777216,33554432,4,cycle,insertion,3183,7,0.00000020861625671,22.192645078
4,5,4096,16777216,33554432,4,cycle,insertion,3184,1,0.00000002980232239,25.000000000
4,5,4096,16777216,33554432,4,cycle,insertion,3185,0,0.00000000000000000,inf
