b,z,n,warmup,operations,seed,workload,metric,threshold,exceed_count,probability,log2_inverse
4,6,4096,16777216,33554432,5,cycle,post,0,33554432,1.00000000000000000,-0.000000000
4,6,4096,16777216,33554432,5,cycle,post,1,33554432,1.00000000000000000,-0.000000000
4,6,4096,16777216,33554432,5,cycle,post,2,33554432,1.00000000000000000,-0.000000000
4,6,4096,16777216,33554432,5,cycle,post,3,33554432,1.00000000000000000,-0.000000000
4,6,4096,16777216,33554432,5,cycle,post,4,33554432,1.00000000000000000,-0.000000000
4,6,4096,16777216,33554432,5,cycle,post,5,33554432,1.00000000000000000,-0.000000000
4,6,4096,16777216,33554432,5,cycle,post,6,33554432,1.00000000000000000,-0.000000000
4,6,4096,16777216,33554432,5,cycle,post,7,33554432,1.00000000000000000,-0.000000000
4,6,4096,16777216,33554432,5,cycle,post,8,33554432,1.00000000000000000,-0.000000000
4,6,4096,16777216,33554432,5,cycle,post,9,33554432,1.00000000000000000,-0.000000000
4,6,4096,16777216,33554432,5,cycle,post,10,33554432,1.00000000000000000,-0.000000000
4,6,4096,16777216,33554432,5,cycle,post,11,33554432,1.00000000000000000,-0.000000000
4,6,4096,16777216,33554432,5,cycle,post,12,33554432,1.00000000000000000,-0.000000000
4,6,4096,16777216,33554432,5,cycle,post,13,33554432,1.00000000000000000,-0.000000000
4,6,4096,16777216,33554432,5,cycle,post,14,33554432,1.00000000000000000,-0.000000000
4,6,4096,16777216,33554432,5,cycle,post,15,33554432,1.00000000000000000,-0.000000000
4,6,4096,16777216,33554432,5,cycle,post,16,33554432,1.00000000000000000,-0.000000000
4,6,4096,16777216,33554432,5,cycle,post,17,33554432,1.00000000000000000,-0.000000000
4,6,4096,16777216,33554432,5,cycle,post,18,33554432,1.00000000000000000,-0.000000000
4,6,4096,16777216,33554432,5,cycle,post,19,33554432,1.00000000000000000,-0.000000000
4,6,4096,16777216,33554432,5,cycle,post,20,33554432,1.00000000000000000,-0.000000000
4,6,4096,16777216,33554432,5,cycle,post,21,33554432,1.00000000000000000,-0.000000000
4,6,4096,16777216,33554432,5,cycle,post,22,33554432,1.00000000000000000,-0.000000000
4,6,4096,16777216,33554432,5,cycle,post,23,33554432,1.00000000000000000,-0.000000000
4,6,4096,16777216,33554432,5,cycle,post,24,33554432,1.00000000000000000,-0.000000000
4,6,4096,16777216,33554432,5,cycle,post,25,33554432,1.00000000000000000,-0.000000000
4,6,4096,16777216,33554432,5,cycle,post,26,33554432,1.00000000000000000,-0.000000000
4,6,4096,16777216,33554432,5,cycle,post,27,33554432,1.00000000000000000,-0.000000000
4,6,4096,16777216,33554432,5,cycle,post,28,33554432,1.00000000000000000,-0.000000000
4,6,4096,16777216,33554432,5,cycle,post,29,33554432,1.00000000000000000,-0.000000000
4,6,4096,16777216,33554432,5,cycle,post,30,33554432,1.00000000000000000,-0.000000000
4,6,4096,16777216,33554432,5,cycle,post,31,33554432,1.00000000000000000,-0.000000000
4,6,4096,16777216,33554432,5,cycle,post,32,33554432,1.00000000000000000,-0.000000000
4,6,4096,16777216,33554432,5,cycle,post,33,33554432,1.00000000000000000,-0.000000000
4,6,4096,16777216,33554432,5,cycle,post,34,33554432,1.00000000000000000,-0.000000000
4,6,4096,16777216,33554432,5,cycle,post,35,33554432,1.00000000000000000,-0.000000000
4,6,4096,16777216,33554432,5,cycle,post,36,33554432,1.00000000000000000,-0.000000000
4,6,4096,16777216,33554432,5,cycle,post,37,33554432,1.00000000000000000,-0.000000000
4,6,4096,16777216,33554432,5,cycle,post,38,33554432,1.00000000000000000,-0.000000000
4,6,4096,16777216,33554432,5,cycle,post,39,33554432,1.00000000000000000,-0.000000000
4,6,4096,16777216,33554432,5,cycle,post,40,33554432,1.00000000000000000,-0.000000000
4,6,4096,16777216,33554432,5,cycle,post,41,33554432,1.00000000000000000,-0.000000000
4,6,4096,16777216,33554432,5,cycle,post,42,33554432,1.00000000000000000,-0.000000000
4,6,4096,16777216,33554432,5,cycle,post,43,33554432,1.00000000000000000,-0.000000000
4,6,4096,16777216,33554432,5,cycle,post,44,33554432,1.00000000000000000,-0.000000000
4,6,4096,16777216,33554432,5,cycle,post,45,33554432,1.00000000000000000,-0.000000000
4,6,4096,16777216,33554432,5,cycle,post,46,33554432,1.00000000000000000,-0.000000000
4,6,4096,16777216,33554432,5,cycle,post,47,33554432,1.00000000000000000,-0.000000000
4,6,4096,16777216,33554432,5,cycle,post,48,33554432,1.00000000000000000,-0.000000000
4,6,4096,16777216,33554432,5,cycle,post,49,33554432,1.00000000000000000,-0.000000000
4,6,4096,16777216,33554432,5,cycle,post,50,33554432,1.00000000000000000,-0.000000000
4,6,4096,16777216,33554432,5,cycle,post,51,33554432,1.00000000000000000,-0.000000000
4,6,4096,16777216,33554432,5,cycle,post,52,33554432,1.00000000000000000,-0.000000000
4,6,4096,16777216,33554432,5,cycle,post,53,33554432,1.00000000000000000,-0.000000000
4,6,4096,16777216,33554432,5,cycle,post,54,33554432,1.00000000000000000,-0.000000000
4,6,4096,16777216,33554432,5,cycle,post,55,33554432,1.00000000000000000,-0.000000000
4,6,4096,16777216,33554432,5,cycle,post,56,33554432,1.00000000000000000,-0.000000000
4,6,4096,16777216,33554432,5,cycle,post,57,33554432,1.00000000000000000,-0.000000000
4,6,4096,16777216,33554432,5,cycle,post,58,33554432,1.00000000000000000,-0.000000000
4,6,4096,16777216,33554432,5,cycle,post,59,33554432,1.00000000000000000,-0.000000000
4,6,4096,16777216,33554432,5,cycle,post,60,33554432,1.00000000000000000,-0.000000000
4,6,4096,16777216,33554432,5,cycle,post,61,33554432,1.00000000000000000,-0.000000000
4,6,4096,16777216,33554432,5,cycle,post,62,33554432,1.00000000000000000,-0.000000000
4,6,4096,16777216,33554432,5,cycle,post,63,33554432,1.00000000000000000,-0.000000000
4,6,4096,16777216,33554432,5,cycle,post,64,33554432,1.00000000000000000,-0.000000000
4,6,4096,16777216,33554432,5,cycle,post,65,33554432,1.00000000000000000,-0.000000000
4,6,4096,16777216,33554432,5,cycle,post,66,33554432,1.00000000000000000,-0.000000000
4,6,4096,16777216,33554432,5,cycle,post,67,33554432,1.00000000000000000,-0.000000000
4,6,4096,16777216,33554432,5,cycle,post,68,33554432,1.00000000000000000,-0.000000000
4,6,4096,16777216,33554432,5,cycle,post,69,33554432,1.00000000000000000,-0.000000000
4,6,4096,16777216,33554432,5,cycle,post,70,33554432,1.00000000000000000,-0.000000000
4,6,4096,16777216,33554432,5,cycle,post,71,33554432,1.00000000000000000,-0.000000000
4,6,4096,16777216,33554432,5,cycle,post,72,33554432,1.00000000000000000,-0.000000000
4,6,4096,16777216,33554432,5,cycle,post,73,33554432,1.00000000000000000,-0.000000000
4,6,4096,16777216,33554432,5,cycle,post,74,33554432,1.00000000000000000,-0.000000000
4,6,4096,16777216,33554432,5,cycle,post,75,33554432,1.00000000000000000,-0.000000000
4,6,4096,16777216,33554432,5,cycle,post,76,33554432,1.00000000000000000,-0.000000000
4,6,4096,16777216,33554432,5,cycle,post,77,33554432,1.00000000000000000,-0.000000000
4,6,4096,16777216,33554432,5,cycle,post,78,33554432,1.00000000000000000,-0.000000000
4,6,4096,16777216,33554432,5,cycle,post,79,33554432,1.00000000000000000,-0.000000000
4,6,4096,16777216,33554432,5,cycle,post,80,33554432,1.00000000000000000,-0.000000000
4,6,4096,16777216,33554432,5,cycle,post,81,33554432,1.00000000000000000,-0.000000000
4,6,4096,16777216,33554432,5,cycle,post,82,33554432,1.00000000000000000,-0.000000000
4,6,4096,16777216,33554432,5,cycle,post,83,33554432,1.00000000000000000,-0.000000000
4,6,4096,16777216,33554432,5,cycle,post,84,33554432,1.00000000000000000,-0.000000000
4,6,4096,16777216,33554432,5,cycle,post,85,33554432,1.00000000000000000,-0.000000000
4,6,4096,16777216,33554432,5,cycle,post,86,33554432,1.00000000000000000,-0.000000000
4,6,4096,16777216,33554432,5,cycle,post,87,33554432,1.00000000000000000,-0.000000000
4,6,4096,16777216,33554432,5,cycle,post,88,33554432,1.00000000000000000,-0.000000000
4,6,4096,16777216,33554432,5,cycle,post,89,33554432,1.00000000000000000,-0.000000000
4,6,4096,16777216,33554432,5,cycle,post,90,33554432,1.00000000000000000,-0.000000000
4,6,4096,16777216,33554432,5,cycle,post,91,33554432,1.00000000000000000,-0.000000000
4,6,4096,16777216,33554432,5,cycle,post,92,33554432,1.00000000000000000,-0.000000000
4,6,4096,16777216,33554432,5,cycle,post,93,33554432,1.00000000000000000,-0.000000000
4,6,4096,16777216,33554432,5,cycle,post,94,33554432,1.00000000000000000,-0.000000000
4,6,4096,16777216,33554432,5,cycle,post,95,33554432,1.00000000000000000,-0.000000000
4,6,4096,16777216,33554432,5,cycle,post,96,33554432,1.00000000000000000,-0.000000000
4,6,4096,16777216,33554432,5,cycle,post,97,33554432,1.00000000000000000,-0.000000000
4,6,4096,16777216,33554432,5,cycle,post,98,33554432,1.00000000000000000,-0.000000000
4,6,4096,16777216,33554432,5,cycle,post,99,33554432,1.00000000000000000,-0.000000000
4,6,4096,16777216,33554432,5,cycle,post,100,33554432,1.00000000000000000,-0.000000000
4,6,4096,16777216,33554432,5,cycle,post,101,33554432,1.00000000000000000,-0.000000000
4,6,4096,16777216,33554432,5,cycle,post,102,33554432,1.00000000000000000,-0.000000000
4,6,4096,16777216,33554432,5,cycle,post,103,33554432,1.00000000000000000,-0.000000000
4,6,4096,16777216,33554432,5,cycle,post,104,33554432,1.00000000000000000,-0.000000000
4,6,4096,16777216,33554432,5,cycle,post,105,33554432,1.00000000000000000,-0.000000000
4,6,4096,16777216,33554432,5,cycle,post,106,33554432,1.00000000000000000,-0.000000000
4,6,4096,16777216,33554432,5,cycle,post,107,33554432,1.00000000000000000,-0.000000000
4,6,4096,16777216,33554432,5,cycle,post,108,33554432,1.00000000000000000,-0.000000000
4,6,4096,16777216,33554432,5,cycle,post,109,33554432,1.00000000000000000,-0.000000000
4,6,4096,16777216,33554432,5,cycle,post,110,33554432,1.00000000000000000,-0.000000000
4,6,4096,16777216,33554432,5,cycle,post,111,33554432,1.00000000000000000,-0.000000000
4,6,4096,16777216,33554432,5,cycle,post,112,33554432,1.00000000000000000,-0.000000000
4,6,4096,16777216,33554432,5,cycle,post,113,33554432,1.00000000000000000,-0.000000000
4,6,4096,16777216,33554432,5,cycle,post,114,33554432,1.00000000000000000,-0.000000000
4,6,4096,16777216,33554432,5,cycle,post,115,33554432,1.00000000000000000,-0.000000000
4,6,4096,16777216,33554432,5,cycle,post,116,33554432,1.00000000000000000,-0.000000000
4,6,4096,16777216,33554432,5,cycle,post,117,33554432,1.00000000000000000,-0.000000000
4,6,4096,16777216,33554432,5,cycle,post,118,33554432,1.00000000000000000,-0.000000000
4,6,4096,16777216,33554432,5,cycle,post,119,33554432,1.00000000000000000,-0.000000000
4,6,4096,16777216,33554432,5,cycle,post,120,33554432,1.00000000000000000,-0.000000000
4,6,4096,16777216,33554432,5,cycle,post,121,33554432,1.00000000000000000,-0.000000000
4,6,4096,16777216,33554432,5,cycle,post,122,33554432,1.00000000000000000,-0.000000000
4,6,4096,16777216,33554432,5,cycle,post,123,33554432,1.00000000000000000,-0.000000000
4,6,4096,16777216,33554432,5,cycle,post,124,33554432,1.00000000000000000,-0.000000000
4,6,4096,16777216,33554432,5,cycle,post,125,33554432,1.00000000000000000,-0.000000000
4,6,4096,16777216,33554432,5,cycle,post,126,33554432,1.00000000000000000,-0.000000000
4,6,4096,16777216,33554432,5,cycle,post,127,33554432,1.00000000000000000,-0.000000000
4,6,4096,16777216,33554432,5,cycle,post,128,33554432,1.00000000000000000,-0.000000000
4,6,4096,16777216,33554432,5,cycle,post,129,33554432,1.00000000000000000,-0.000000000
4,6,4096,16777216,33554432,5,cycle,post,130,33554432,1.00000000000000000,-0.000000000
4,6,4096,16777216,33554432,5,cycle,post,131,33554432,1.00000000000000000,-0.000000000
4,6,4096,16777216,33554432,5,cycle,post,132,33554432,1.00000000000000000,-0.000000000
4,6,4096,16777216,33554432,5,cycle,post,133,33554432,1.00000000000000000,-0.000000000
4,6,4096,16777216,33554432,5,cycle,post,134,33554432,1.00000000000000000,-0.000000000
4,6,4096,16777216,33554432,5,cycle,post,135,33554432,1.00000000000000000,-0.000000000
4,6,4096,16777216,33554432,5,cycle,post,136,33554432,1.00000000000000000,-0.000000000
4,6,4096,16777216,33554432,5,cycle,post,137,33554432,1.00000000000000000,-0.000000000
4,6,4096,16777216,33554432,5,cycle,post,138,33554432,1.00000000000000000,-0.000000000
4,6,4096,16777216,33554432,5,cycle,post,139,33554432,1.00000000000000000,-0.000000000
4,6,4096,16777216,33554432,5,cycle,post,140,33554432,1.00000000000000000,-0.000000000
4,6,4096,16777216,33554432,5,cycle,post,141,33554432,1.00000000000000000,-0.000000000
4,6,4096,16777216,33554432,5,cycle,post,142,33554432,1.00000000000000000,-0.000000000
4,6,4096,16777216,33554432,5,cycle,post,143,33554432,1.00000000000000000,-0.000000000
4,6,4096,16777216,33554432,5,cycle,post,144,33554432,1.00000000000000000,-0.000000000
4,6,4096,16777216,33554432,5,cycle,post,145,33554432,1.00000000000000000,-0.000000000
4,6,4096,16777216,33554432,5,cycle,post,146,33554432,1.00000000000000000,-0.000000000
4,6,4096,16777216,33554432,5,cycle,post,147,33554432,1.00000000000000000,-0.000000000
4,6,4096,16777216,33554432,5,cycle,post,148,33554432,1.00000000000000000,-0.000000000
4,6,4096,16777216,33554432,5,cycle,post,149,33554432,1.00000000000000000,-0.000000000
4,6,4096,16777216,33554432,5,cycle,post,150,33554432,1.00000000000000000,-0.000000000
4,6,4096,16777216,33554432,5,cycle,post,151,33554432,1.00000000000000000,-0.000000000
4,6,4096,16777216,33554432,5,cycle,post,152,33554432,1.00000000000000000,-0.000000000
4,6,4096,16777216,33554432,5,cycle,post,153,33554432,1.00000000000000000,-0.000000000
4,6,4096,16777216,33554432,5,cycle,post,154,33554432,1.00000000000000000,-0.000000000
4,6,4096,16777216,33554432,5,cycle,post,155,33554432,1.00000000000000000,-0.000000000
4,6,4096,16777216,33554432,5,cycle,post,156,33554432,1.00000000000000000,-0.000000000
4,6,4096,16777216,33554432,5,cycle,post,157,33554432,1.00000000000000000,-0.000000000
4,6,4096,16777216,33554432,5,cycle,post,158,33554432,1.00000000000000000,-0.000000000
4,6,4096,16777216,33554432,5,cycle,post,159,33554432,1.00000000000000000,-0.000000000
4,6,4096,16777216,33554432,5,cycle,post,160,33554432,1.00000000000000000,-0.000000000
4,6,4096,16777216,33554432,5,cycle,post,161,33554432,1.00000000000000000,-0.000000000
4,6,4096,16777216,33554432,5,cycle,post,162,33554432,1.00000000000000000,-0.000000000
4,6,4096,16777216,33554432,5,cycle,post,163,33554432,1.00000000000000000,-0.000000000
4,6,4096,16777216,33554432,5,cycle,post,164,33554432,1.00000000000000000,-0.000000000
4,6,4096,16777216,33554432,5,cycle,post,165,33554432,1.00000000000000000,-0.000000000
4,6,4096,16777216,33554432,5,cycle,post,166,33554432,1.00000000000000000,-0.000000000
4,6,4096,16777216,33554432,5,cycle,post,167,33554432,1.00000000000000000,-0.000000000
4,6,4096,16777216,33554432,5,cycle,post,168,33554432,1.00000000000000000,-0.000000000
4,6,4096,16777216,33554432,5,cycle,post,169,33554432,1.00000000000000000,-0.000000000
4,6,4096,16777216,33554432,5,cycle,post,170,33554432,1.00000000000000000,-0.000000000
4,6,4096,16777216,33554432,5,cycle,post,171,33554432,1.00000000000000000,-0.000000000
4,6,4096,16777216,33554432,5,cycle,post,172,33554432,1.00000000000000000,-0.000000000
4,6,4096,16777216,33554432,5,cycle,post,173,33554432,1.00000000000000000,-0.000000000
4,6,4096,16777216,33554432,5,cycle,post,174,33554432,1.00000000000000000,-0.000000000
4,6,4096,16777216,33554432,5,cycle,post,175,33554432,1.00000000000000000,-0.000000000
4,6,4096,16777216,33554432,5,cycle,post,176,33554432,1.00000000000000000,-0.000000000
4,6,4096,16777216,33554432,5,cycle,post,177,33554432,1.00000000000000000,-0.000000000
4,6,4096,16777216,33554432,5,cycle,post,178,33554432,1.00000000000000000,-0.000000000
4,6,4096,16777216,33554432,5,cycle,post,179,33554432,1.00000000000000000,-0.000000000
4,6,4096,16777216,33554432,5,cycle,post,180,33554432,1.00000000000000000,-0.000000000
4,6,4096,16777216,33554432,5,cycle,post,181,33554432,1.00000000000000000,-0.000000000
4,6,4096,16777216,33554432,5,cycle,post,182,33554432,1.00000000000000000,-0.000000000
4,6,4096,16777216,33554432,5,cycle,post,183,33554432,1.00000000000000000,-0.000000000
4,6,4096,16777216,33554432,5,cycle,post,184,33554432,1.00000000000000000,-0.000000000
4,6,4096,16777216,33554432,5,cycle,post,185,33554432,1.00000000000000000,-0.000000000
4,6,4096,16777216,33554432,5,cycle,post,186,33554432,1.00000000000000000,-0.000000000
4,6,4096,16777216,33554432,5,cycle,post,187,33554432,1.00000000000000000,-0.000000000
4,6,4096,16777216,33554432,5,cycle,post,188,33554432,1.00000000000000000,-0.000000000
4,6,4096,16777216,33554432,5,cycle,post,189,33554432,1.00000000000000000,-0.000000000
4,6,4096,16777216,33554432,5,cycle,post,190,33554432,1.00000000000000000,-0.000000000
4,6,4096,16777216,33554432,5,cycle,post,191,33554432,1.00000000000000000,-0.000000000
4,6,4096,16777216,33554432,5,cycle,post,192,33554432,1.00000000000000000,-0.000000000
4,6,4096,16777216,33554432,5,cycle,post,193,33554432,1.00000000000000000,-0.000000000
4,6,4096,16777216,33554432,5,cycle,post,194,33554432,1.00000000000000000,-0.000000000
4,6,4096,16777216,33554432,5,cycle,post,195,33554432,1.00000000000000000,-0.000000000
4,6,4096,16777216,33554432,5,cycle,post,196,33554432,1.00000000000000000,-0.000000000
4,6,4096,16777216,33554432,5,cycle,post,197,33554432,1.00000000000000000,-0.000000000
4,6,4096,16777216,33554432,5,cycle,post,198,33554432,1.00000000000000000,-0.000000000
4,6,4096,16777216,33554432,5,cycle,post,199,33554432,1.00000000000000000,-0.000000000
4,6,4096,16777216,33554432,5,cycle,post,200,33554432,1.00000000000000000,-0.000000000
4,6,4096,16777216,33554432,5,cycle,post,201,33554432,1.00000000000000000,-0.000000000
4,6,4096,16777216,33554432,5,cycle,post,202,33554432,1.00000000000000000,-0.000000000
4,6,4096,16777216,33554432,5,cycle,post,203,33554432,1.00000000000000000,-0.000000000
4,6,4096,16777216,33554432,5,cycle,post,204,33554432,1.00000000000000000,-0.000000000
4,6,4096,16777216,33554432,5,cycle,post,205,33554432,1.00000000000000000,-0.000000000
4,6,4096,16777216,33554432,5,cycle,post,206,33554432,1.00000000000000000,-0.000000000
4,6,4096,16777216,33554432,5,cycle,post,207,33554432,1.00000000000000000,-0.000000000
4,6,4096,16777216,33554432,5,cycle,post,208,33554432,1.00000000000000000,-0.000000000
4,6,4096,16777216,33554432,5,cycle,post,209,33554432,1.00000000000000000,-0.000000000
4,6,4096,16777216,33554432,5,cycle,post,210,33554432,1.00000000000000000,-0.000000000
4,6,4096,16777216,33554432,5,cycle,post,211,33554432,1.00000000000000000,-0.000000000
4,6,4096,16777216,33554432,5,cycle,post,212,33554432,1.00000000000000000,-0.000000000
4,6,4096,16777216,33554432,5,cycle,post,213,33554432,1.00000000000000000,-0.000000000
4,6,4096,16777216,33554432,5,cycle,post,214,33554432,1.00000000000000000,-0.000000000
4,6,4096,16777216,33554432,5,cycle,post,215,33554432,1.00000000000000000,-0.000000000
4,6,4096,16777216,33554432,5,cycle,post,216,33554432,1.00000000000000000,-0.000000000
4,6,4096,16777216,33554432,5,cycle,post,217,33554432,1.00000000000000000,-0.000000000
4,6,4096,16777216,33554432,5,cycle,post,218,33554432,1.00000000000000000,-0.000000000
4,6,4096,16777216,33554432,5,cycle,post,219,33554432,1.00000000000000000,-0.000000000
4,6,4096,16777216,33554432,5,cycle,post,220,33554432,1.00000000000000000,-0.000000000
4,6,4096,16777216,33554432,5,cycle,post,221,33554432,1.00000000000000000,-0.000000000
4,6,4096,16777216,33554432,5,cycle,post,222,33554432,1.00000000000000000,-0.000000000
4,6,4096,16777216,33554432,5,cycle,post,223,33554432,1.00000000000000000,-0.000000000
4,6,4096,16777216,33554432,5,cycle,post,224,33554432,1.00000000000000000,-0.000000000
4,6,4096,16777216,33554432,5,cycle,post,225,33554432,1.00000000000000000,-0.000000000
4,6,4096,16777216,33554432,5,cycle,post,226,33554432,1.00000000000000000,-0.000000000
4,6,4096,16777216,33554432,5,cycle,post,227,33554432,1.00000000000000000,-0.000000000
4,6,4096,16777216,33554432,5,cycle,post,228,33554432,1.00000000000000000,-0.000000000
4,6,4096,16777216,33554432,5,cycle,post,229,33554432,1.00000000000000000,-0.000000000
4,6,4096,16777216,33554432,5,cycle,post,230,33554432,1.00000000000000000,-0.000000000
4,6,4096,16777216,33554432,5,cycle,post,231,33554432,1.00000000000000000,-0.000000000
4,6,4096,16777216,33554432,5,cycle,post,232,33554432,1.00000000000000000,-0.000000000
4,6,4096,16777216,33554432,5,cycle,post,233,33554432,1.00000000000000000,-0.000000000
4,6,4096,16777216,33554432,5,cycle,post,234,33554432,1.00000000000000000,-0.000000000
4,6,4096,16777216,33554432,5,cycle,post,235,33554432,1.00000000000000000,-0.000000000
4,6,4096,16777216,33554432,5,cycle,post,236,33554432,1.00000000000000000,-0.000000000
4,6,4096,16777216,33554432,5,cycle,post,237,33554432,1.00000000000000000,-0.000000000
4,6,4096,16777216,33554432,5,cycle,post,238,33554432,1.00000000000000000,-0.000000000
4,6,4096,16777216,33554432,5,cycle,post,239,33554432,1.00000000000000000,-0.000000000
4,6,4096,16777216,33554432,5,cycle,post,240,33554432,1.00000000000000000,-0.000000000
4,6,4096,16777216,33554432,5,cycle,post,241,33554432,1.00000000000000000,-0.000000000
4,6,4096,16777216,33554432,5,cycle,post,242,33554432,1.00000000000000000,-0.000000000
4,6,4096,16777216,33554432,5,cycle,post,243,33554432,1.00000000000000000,-0.000000000
4,6,4096,16777216,33554432,5,cycle,post,244,33554432,1.00000000000000000,-0.000000000
4,6,4096,16777216,33554432,5,cycle,post,245,33554432,1.00000000000000000,-0.000000000
4,6,4096,16777216,33554432,5,cycle,post,246,33554432,1.00000000000000000,-0.000000000
4,6,4096,16777216,33554432,5,cycle,post,247,33554432,1.00000000000000000,-0.000000000
4,6,4096,16777216,33554432,5,cycle,post,248,33554432,1.00000000000000000,-0.000000000
4,6,4096,16777216,33554432,5,cycle,post,249,33554432,1.00000000000000000,-0.000000000
4,6,4096,16777216,33554432,5,cycle,post,250,33554432,1.00000000000000000,-0.000000000
4,6,4096,16777216,33554432,5,cycle,post,251,33554432,1.00000000000000000,-0.000000000
4,6,4096,16777216,33554432,5,cycle,post,252,33554432,1.00000000000000000,-0.000000000
4,6,4096,16777216,33554432,5,cycle,post,253,33554432,1.00000000000000000,-0.000000000
4,6,4096,16777216,33554432,5,cycle,post,254,33554432,1.00000000000000000,-0.000000000
4,6,4096,16777216,33554432,5,cycle,post,255,33554432,1.00000000000000000,-0.000000000
4,6,4096,16777216,33554432,5,cycle,post,256,33554432,1.00000000000000000,-0.000000000
4,6,4096,16777216,33554432,5,cycle,post,257,33554432,1.00000000000000000,-0.000000000
4,6,4096,16777216,33554432,5,cycle,post,258,33554432,1.00000000000000000,-0.000000000
4,6,4096,16777216,33554432,5,cycle,post,259,33554432,1.00000000000000000,-0.000000000
4,6,4096,16777216,33554432,5,cycle,post,260,33554432,1.00000000000000000,-0.000000000
4,6,4096,16777216,33554432,5,cycle,post,261,33554432,1.00000000000000000,-0.000000000
4,6,4096,16777216,33554432,5,cycle,post,262,33554432,1.00000000000000000,-0.000000000
4,6,4096,16777216,33554432,5,cycle,post,263,33554432,1.00000000000000000,-0.000000000
4,6,4096,16777216,33554432,5,cycle,post,264,33554432,1.00000000000000000,-0.000000000
4,6,4096,16777216,33554432,5,cycle,post,265,33554432,1.00000000000000000,-0.000000000
4,6,4096,16777216,33554432,5,cycle,post,266,33554432,1.00000000000000000,-0.000000000
4,6,4096,16777216,33554432,5,cycle,post,267,33554432,1.00000000000000000,-0.000000000
4,6,4096,16777216,33554432,5,cycle,post,268,33554432,1.00000000000000000,-0.000000000
4,6,4096,16777216,33554432,5,cycle,post,269,33554432,1.00000000000000000,-0.000000000
4,6,4096,16777216,33554432,5,cycle,post,270,33554432,1.00000000000000000,-0.000000000
4,6,4096,16777216,33554432,5,cycle,post,271,33554432,1.00000000000000000,-0.000000000
4,6,4096,16777216,33554432,5,cycle,post,272,33554432,1.00000000000000000,-0.000000000
4,6,4096,16777216,33554432,5,cycle,post,273,33554432,1.00000000000000000,-0.000000000
4,6,4096,16777216,33554432,5,cycle,post,274,33554432,1.00000000000000000,-0.000000000
4,6,4096,16777216,33554432,5,cycle,post,275,33554432,1.00000000000000000,-0.000000000
4,6,4096,16777216,33554432,5,cycle,post,276,33554432,1.00000000000000000,-0.000000000
4,6,4096,16777216,33554432,5,cycle,post,277,33554432,1.00000000000000000,-0.000000000
4,6,4096,16777216,33554432,5,cycle,post,278,33554432,1.00000000000000000,-0.000000000
4,6,4096,16777216,33554432,5,cycle,post,279,33554432,1.00000000000000000,-0.000000000
4,6,4096,16777216,33554432,5,cycle,post,280,33554432,1.00000000000000000,-0.000000000
4,6,4096,16777216,33554432,5,cycle,post,281,33554432,1.00000000000000000,-0.000000000
4,6,4096,16777216,33554432,5,cycle,post,282,33554432,1.00000000000000000,-0.000000000
4,6,4096,16777216,33554432,5,cycle,post,283,33554432,1.00000000000000000,-0.000000000
4,6,4096,16777216,33554432,5,cycle,post,284,33554432,1.00000000000000000,-0.000000000
4,6,4096,16777216,33554432,5,cycle,post,285,33554432,1.00000000000000000,-0.000000000
4,6,4096,16777216,33554432,5,cycle,post,286,33554432,1.00000000000000000,-0.000000000
4,6,4096,16777216,33554432,5,cycle,post,287,33554432,1.00000000000000000,-0.000000000
4,6,4096,16777216,33554432,5,cycle,post,288,33554432,1.00000000000000000,-0.000000000
4,6,4096,16777216,33554432,5,cycle,post,289,33554432,1.00000000000000000,-0.000000000
4,6,4096,16777216,33554432,5,cycle,post,290,33554432,1.00000000000000000,-0.000000000
4,6,4096,16777216,33554432,5,cycle,post,291,33554432,1.00000000000000000,-0.000000000
4,6,4096,16777216,33554432,5,cycle,post,292,33554432,1.00000000000000000,-0.000000000
4,6,4096,16777216,33554432,5,cycle,post,293,33554432,1.00000000000000000,-0.000000000
4,6,4096,16777216,33554432,5,cycle,post,294,33554432,1.00000000000000000,-0.000000000
4,6,4096,16777216,33554432,5,cycle,post,295,33554432,1.00000000000000000,-0.000000000
4,6,4096,16777216,33554432,5,cycle,post,296,33554432,1.00000000000000000,-0.000000000
4,6,4096,16777216,33554432,5,cycle,post,297,33554432,1.00000000000000000,-0.000000000
4,6,4096,16777216,33554432,5,cycle,post,298,33554432,1.00000000000000000,-0.000000000
4,6,4096,16777216,33554432,5,cycle,post,299,33554432,1.00000000000000000,-0.000000000
4,6,4096,16777216,33554432,5,cycle,post,300,33554432,1.00000000000000000,-0.000000000
4,6,4096,16777216,33554432,5,cycle,post,301,33554432,1.00000000000000000,-0.000000000
4,6,4096,16777216,33554432,5,cycle,post,302,33554432,1.00000000000000000,-0.000000000
4,6,4096,16777216,33554432,5,cycle,post,303,33554432,1.00000000000000000,-0.000000000
4,6,4096,16777216,33554432,5,cycle,post,304,33554432,1.00000000000000000,-0.000000000
4,6,4096,16777216,33554432,5,cycle,post,305,33554432,1.00000000000000000,-0.000000000
4,6,4096,16777216,33554432,5,cycle,post,306,33554432,1.00000000000000000,-0.000000000
4,6,4096,16777216,33554432,5,cycle,post,307,33554432,1.00000000000000000,-0.000000000
4,6,4096,16777216,33554432,5,cycle,post,308,33554432,1.00000000000000000,-0.000000000
4,6,4096,16777216,33554432,5,cycle,post,309,33554432,1.00000000000000000,-0.000000000
4,6,4096,16777216,33554432,5,cycle,post,310,33554432,1.00000000000000000,-0.000000000
4,6,4096,16777216,33554432,5,cycle,post,311,33554432,1.00000000000000000,-0.000000000
4,6,4096,16777216,33554432,5,cycle,post,312,33554432,1.00000000000000000,-0.000000000
4,6,4096,16777216,33554432,5,cycle,post,313,33554432,1.00000000000000000,-0.000000000
4,6,4096,16777216,33554432,5,cycle,post,314,33554432,1.00000000000000000,-0.000000000
4,6,4096,16777216,33554432,5,cycle,post,315,33554432,1.00000000000000000,-0.000000000
4,6,4096,16777216,33554432,5,cycle,post,316,33554432,1.00000000000000000,-0.000000000
4,6,4096,16777216,33554432,5,cycle,post,317,33554432,1.00000000000000000,-0.000000000
4,6,4096,16777216,33554432,5,cycle,post,318,33554432,1.00000000000000000,-0.000000000
4,6,4096,16777216,33554432,5,cycle,post,319,33554432,1.00000000000000000,-0.000000000
4,6,4096,16777216,33554432,5,cycle,post,320,33554432,1.00000000000000000,-0.000000000
4,6,4096,16777216,33554432,5,cycle,post,321,33554432,1.00000000000000000,-0.000000000
4,6,4096,16777216,33554432,5,cycle,post,322,33554432,1.00000000000000000,-0.000000000
4,6,4096,16777216,33554432,5,cycle,post,323,33554432,1.00000000000000000,-0.000000000
4,6,4096,16777216,33554432,5,cycle,post,324,33554432,1.00000000000000000,-0.000000000
4,6,4096,16777216,33554432,5,cycle,post,325,33554432,1.00000000000000000,-0.000000000
4,6,4096,16777216,33554432,5,cycle,post,326,33554432,1.00000000000000000,-0.000000000
4,6,4096,16777216,33554432,5,cycle,post,327,33554432,1.00000000000000000,-0.000000000
4,6,4096,16777216,33554432,5,cycle,post,328,33554432,1.00000000000000000,-0.000000000
4,6,4096,16777216,33554432,5,cycle,post,329,33554432,1.00000000000000000,-0.000000000
4,6,4096,16777216,33554432,5,cycle,post,330,33554432,1.00000000000000000,-0.000000000
4,6,4096,16777216,33554432,5,cycle,post,331,33554432,1.00000000000000000,-0.000000000
4,6,4096,16777216,33554432,5,cycle,post,332,33554432,1.00000000000000000,-0.000000000
4,6,4096,16777216,33554432,5,cycle,post,333,33554432,1.00000000000000000,-0.000000000
4,6,4096,16777216,33554432,5,cycle,post,334,33554432,1.00000000000000000,-0.000000000
4,6,4096,16777216,33554432,5,cycle,post,335,33554432,1.00000000000000000,-0.000000000
4,6,4096,16777216,33554432,5,cycle,post,336,33554432,1.00000000000000000,-0.000000000
4,6,4096,16777216,33554432,5,cycle,post,337,33554432,1.00000000000000000,-0.000000000
4,6,4096,16777216,33554432,5,cycle,post,338,33554432,1.00000000000000000,-0.000000000
4,6,4096,16777216,33554432,5,cycle,post,339,33554432,1.00000000000000000,-0.000000000
4,6,4096,16777216,33554432,5,cycle,post,340,33554432,1.00000000000000000,-0.000000000
4,6,4096,16777216,33554432,5,cycle,post,341,33554432,1.00000000000000000,-0.000000000
4,6,4096,16777216,33554432,5,cycle,post,342,33554432,1.00000000000000000,-0.000000000
4,6,4096,16777216,33554432,5,cycle,post,343,33554432,1.00000000000000000,-0.000000000
4,6,4096,16777216,33554432,5,cycle,post,344,33554432,1.00000000000000000,-0.000000000
4,6,4096,16777216,33554432,5,cycle,post,345,33554432,1.00000000000000000,-0.000000000
4,6,4096,16777216,33554432,5,cycle,post,346,33554432,1.00000000000000000,-0.000000000
4,6,4096,16777216,33554432,5,cycle,post,347,33554432,1.00000000000000000,-0.000000000
4,6,4096,16777216,33554432,5,cycle,post,348,33554432,1.00000000000000000,-0.000000000
4,6,4096,16777216,33554432,5,cycle,post,349,33554432,1.00000000000000000,-0.000000000
4,6,4096,16777216,33554432,5,cycle,post,350,33554432,1.00000000000000000,-0.000000000
4,6,4096,16777216,33554432,5,cycle,post,351,33554432,1.00000000000000000,-0.000000000
4,6,4096,16777216,33554432,5,cycle,post,352,33554432,1.00000000000000000,-0.000000000
4,6,4096,16777216,33554432,5,cycle,post,353,33554432,1.00000000000000000,-0.000000000
4,6,4096,16777216,33554432,5,cycle,post,354,33554432,1.00000000000000000,-0.000000000
4,6,4096,16777216,33554432,5,cycle,post,355,33554432,1.00000000000000000,-0.000000000
4,6,4096,16777216,33554432,5,cycle,post,356,33554432,1.00000000000000000,-0.000000000
4,6,4096,16777216,33554432,5,cycle,post,357,33554432,1.00000000000000000,-0.000000000
4,6,4096,16777216,33554432,5,cycle,post,358,33554432,1.00000000000000000,-0.000000000
4,6,4096,16777216,33554432,5,cycle,post,359,33554432,1.00000000000000000,-0.000000000
4,6,4096,16777216,33554432,5,cycle,post,360,33554432,1.00000000000000000,-0.000000000
4,6,4096,16777216,33554432,5,cycle,post,361,33554432,1.00000000000000000,-0.000000000
4,6,4096,16777216,33554432,5,cycle,post,362,33554432,1.00000000000000000,-0.000000000
4,6,4096,16777216,33554432,5,cycle,post,363,33554432,1.00000000000000000,-0.000000000
4,6,4096,16777216,33554432,5,cycle,post,364,33554432,1.00000000000000000,-0.000000000
4,6,4096,16777216,33554432,5,cycle,post,365,33554432,1.00000000000000000,-0.000000000
4,6,4096,16777216,33554432,5,cycle,post,366,33554432,1.00000000000000000,-0.000000000
4,6,4096,16777216,33554432,5,cycle,post,367,33554432,1.00000000000000000,-0.000000000
4,6,4096,16777216,33554432,5,cycle,post,368,33554432,1.00000000000000000,-0.000000000
4,6,4096,16777216,33554432,5,cycle,post,369,33554432,1.00000000000000000,-0.000000000
4,6,4096,16777216,33554432,5,cycle,post,370,33554432,1.00000000000000000,-0.000000000
4,6,4096,16777216,33554432,5,cycle,post,371,33554432,1.00000000000000000,-0.000000000
4,6,4096,16777216,33554432,5,cycle,post,372,33554432,1.00000000000000000,-0.000000000
4,6,4096,16777216,33554432,5,cycle,post,373,33554432,1.00000000000000000,-0.000000000
4,6,4096,16777216,33554432,5,cycle,post,374,33554432,1.00000000000000000,-0.000000000
4,6,4096,16777216,33554432,5,cycle,post,375,33554432,1.00000000000000000,-0.000000000
4,6,4096,16777216,33554432,5,cycle,post,376,33554432,1.00000000000000000,-0.000000000
4,6,4096,16777216,33554432,5,cycle,post,377,33554432,1.00000000000000000,-0.000000000
4,6,4096,16777216,33554432,5,cycle,post,378,33554432,1.00000000000000000,-0.000000000
4,6,4096,16777216,33554432,5,cycle,post,379,33554432,1.00000000000000000,-0.000000000
4,6,4096,16777216,33554432,5,cycle,post,380,33554432,1.00000000000000000,-0.000000000
4,6,4096,16777216,33554432,5,cycle,post,381,33554432,1.00000000000000000,-0.000000000
4,6,4096,16777216,33554432,5,cycle,post,382,33554432,1.00000000000000000,-0.000000000
4,6,4096,16777216,33554432,5,cycle,post,383,33554432,1.00000000000000000,-0.000000000
4,6,4096,16777216,33554432,5,cycle,post,384,33554432,1.00000000000000000,-0.000000000
4,6,4096,16777216,33554432,5,cycle,post,385,33554432,1.00000000000000000,-0.000000000
4,6,4096,16777216,33554432,5,cycle,post,386,33554432,1.00000000000000000,-0.000000000
4,6,4096,16777216,33554432,5,cycle,post,387,33554432,1.00000000000000000,-0.000000000
4,6,4096,16777216,33554432,5,cycle,post,388,33554432,1.00000000000000000,-0.000000000
4,6,4096,16777216,33554432,5,cycle,post,389,33554432,1.00000000000000000,-0.000000000
4,6,4096,16777216,33554432,5,cycle,post,390,33554432,1.00000000000000000,-0.000000000
4,6,4096,16777216,33554432,5,cycle,post,391,33554432,1.00000000000000000,-0.000000000
4,6,4096,16777216,33554432,5,cycle,post,392,33554432,1.00000000000000000,-0.000000000
4,6,4096,16777216,33554432,5,cycle,post,393,33554432,1.00000000000000000,-0.000000000
4,6,4096,16777216,33554432,5,cycle,post,394,33554432,1.00000000000000000,-0.000000000
4,6,4096,16777216,33554432,5,cycle,post,395,33554432,1.00000000000000000,-0.000000000
4,6,4096,16777216,33554432,5,cycle,post,396,33554432,1.00000000000000000,-0.000000000
4,6,4096,16777216,33554432,5,cycle,post,397,33554432,1.00000000000000000,-0.000000000
4,6,4096,16777216,33554432,5,cycle,post,398,33554432,1.00000000000000000,-0.000000000
4,6,4096,16777216,33554432,5,cycle,post,399,33554432,1.00000000000000000,-0.000000000
4,6,4096,16777216,33554432,5,cycle,post,400,33554432,1.00000000000000000,-0.000000000
4,6,4096,16777216,33554432,5,cycle,post,401,33554432,1.00000000000000000,-0.000000000
4,6,4096,16777216,33554432,5,cycle,post,402,33554432,1.00000000000000000,-0.000000000
4,6,4096,16777216,33554432,5,cycle,post,403,33554432,1.00000000000000000,-0.000000000
4,6,4096,16777216,33554432,5,cycle,post,404,33554432,1.00000000000000000,-0.000000000
4,6,4096,16777216,33554432,5,cycle,post,405,33554432,1.00000000000000000,-0.000000000
4,6,4096,16777216,33554432,5,cycle,post,406,33554432,1.00000000000000000,-0.000000000
4,6,4096,16777216,33554432,5,cycle,post,407,33554432,1.00000000000000000,-0.000000000
4,6,4096,16777216,33554432,5,cycle,post,408,33554432,1.00000000000000000,-0.000000000
4,6,4096,16777216,33554432,5,cycle,post,409,33554432,1.00000000000000000,-0.000000000
4,6,4096,16777216,33554432,5,cycle,post,410,33554432,1.00000000000000000,-0.000000000
4,6,4096,16777216,33554432,5,cycle,post,411,33554432,1.00000000000000000,-0.000000000
4,6,4096,16777216,33554432,5,cycle,post,412,33554432,1.00000000000000000,-0.000000000
4,6,4096,16777216,33554432,5,cycle,post,413,33554432,1.00000000000000000,-0.000000000
4,6,4096,16777216,33554432,5,cycle,post,414,33554432,1.00000000000000000,-0.000000000
4,6,4096,16777216,33554432,5,cycle,post,415,33554432,1.00000000000000000,-0.000000000
4,6,4096,16777216,33554432,5,cycle,post,416,33554432,1.00000000000000000,-0.000000000
4,6,4096,16777216,33554432,5,cycle,post,417,33554432,1.00000000000000000,-0.000000000
4,6,4096,16777216,33554432,5,cycle,post,418,33554432,1.00000000000000000,-0.000000000
4,6,4096,16777216,33554432,5,cycle,post,419,33554432,1.00000000000000000,-0.000000000
4,6,4096,16777216,33554432,5,cycle,post,420,33554432,1.00000000000000000,-0.000000000
4,6,4096,16777216,33554432,5,cycle,post,421,33554432,1.00000000000000000,-0.000000000
4,6,4096,16777216,33554432,5,cycle,post,422,33554432,1.00000000000000000,-0.000000000
4,6,4096,16777216,33554432,5,cycle,post,423,33554432,1.00000000000000000,-0.000000000
4,6,4096,16777216,33554432,5,cycle,post,424,33554432,1.00000000000000000,-0.000000000
4,6,4096,16777216,33554432,5,cycle,post,425,33554432,1.00000000000000000,-0.000000000
4,6,4096,16777216,33554432,5,cycle,post,426,33554432,1.00000000000000000,-0.000000000
4,6,4096,16777216,33554432,5,cycle,post,427,33554432,1.00000000000000000,-0.000000000
4,6,4096,16777216,33554432,5,cycle,post,428,33554432,1.00000000000000000,-0.000000000
4,6,4096,16777216,33554432,5,cycle,post,429,33554432,1.00000000000000000,-0.000000000
4,6,4096,16777216,33554432,5,cycle,post,430,33554432,1.00000000000000000,-0.000000000
4,6,4096,16777216,33554432,5,cycle,post,431,33554432,1.00000000000000000,-0.000000000
4,6,4096,16777216,33554432,5,cycle,post,432,33554432,1.00000000000000000,-0.000000000
4,6,4096,16777216,33554432,5,cycle,post,433,33554432,1.00000000000000000,-0.000000000
4,6,4096,16777216,33554432,5,cycle,post,434,33554432,1.00000000000000000,-0.000000000
4,6,4096,16777216,33554432,5,cycle,post,435,33554432,1.00000000000000000,-0.000000000
4,6,4096,16777216,33554432,5,cycle,post,436,33554432,1.00000000000000000,-0.000000000
4,6,4096,16777216,33554432,5,cycle,post,437,33554432,1.00000000000000000,-0.000000000
4,6,4096,16777216,33554432,5,cycle,post,438,33554432,1.00000000000000000,-0.000000000
4,6,4096,16777216,33554432,5,cycle,post,439,33554432,1.00000000000000000,-0.000000000
4,6,4096,16777216,33554432,5,cycle,post,440,33554432,1.00000000000000000,-0.000000000
4,6,4096,16777216,33554432,5,cycle,post,441,33554432,1.00000000000000000,-0.000000000
4,6,4096,16777216,33554432,5,cycle,post,442,33554432,1.00000000000000000,-0.000000000
4,6,4096,16777216,33554432,5,cycle,post,443,33554432,1.00000000000000000,-0.000000000
4,6,4096,16777216,33554432,5,cycle,post,444,33554432,1.00000000000000000,-0.000000000
4,6,4096,16777216,33554432,5,cycle,post,445,33554432,1.00000000000000000,-0.000000000
4,6,4096,16777216,33554432,5,cycle,post,446,33554432,1.00000000000000000,-0.000000000
4,6,4096,16777216,33554432,5,cycle,post,447,33554432,1.00000000000000000,-0.000000000
4,6,4096,16777216,33554432,5,cycle,post,448,33554432,1.00000000000000000,-0.000000000
4,6,4096,16777216,33554432,5,cycle,post,449,33554432,1.00000000000000000,-0.000000000
4,6,4096,16777216,33554432,5,cycle,post,450,33554432,1.00000000000000000,-0.000000000
4,6,4096,16777216,33554432,5,cycle,post,451,33554432,1.00000000000000000,-0.000000000
4,6,4096,16777216,33554432,5,cycle,post,452,33554432,1.00000000000000000,-0.000000000
4,6,4096,16777216,33554432,5,cycle,post,453,33554432,1.00000000000000000,-0.000000000
4,6,4096,16777216,33554432,5,cycle,post,454,33554432,1.00000000000000000,-0.000000000
4,6,4096,16777216,33554432,5,cycle,post,455,33554432,1.00000000000000000,-0.000000000
4,6,4096,16777216,33554432,5,cycle,post,456,33554432,1.00000000000000000,-0.000000000
4,6,4096,16777216,33554432,5,cycle,post,457,33554432,1.00000000000000000,-0.000000000
4,6,4096,16777216,33554432,5,cycle,post,458,33554432,1.00000000000000000,-0.000000000
4,6,4096,16777216,33554432,5,cycle,post,459,33554432,1.00000000000000000,-0.000000000
4,6,4096,16777216,33554432,5,cycle,post,460,33554432,1.00000000000000000,-0.000000000
4,6,4096,16777216,33554432,5,cycle,post,461,33554432,1.00000000000000000,-0.000000000
4,6,4096,16777216,33554432,5,cycle,post,462,33554432,1.00000000000000000,-0.000000000
4,6,4096,16777216,33554432,5,cycle,post,463,33554432,1.00000000000000000,-0.000000000
4,6,4096,16777216,33554432,5,cycle,post,464,33554432,1.00000000000000000,-0.000000000
4,6,4096,16777216,33554432,5,cycle,post,465,33554432,1.00000000000000000,-0.000000000
4,6,4096,16777216,33554432,5,cycle,post,466,33554432,1.00000000000000000,-0.000000000
4,6,4096,16777216,33554432,5,cycle,post,467,33554432,1.00000000000000000,-0.000000000
4,6,4096,16777216,33554432,5,cycle,post,468,33554432,1.00000000000000000,-0.000000000
4,6,4096,16777216,33554432,5,cycle,post,469,33554432,1.00000000000000000,-0.000000000
4,6,4096,16777216,33554432,5,cycle,post,470,33554432,1.00000000000000000,-0.000000000
4,6,4096,16777216,33554432,5,cycle,post,471,33554432,1.00000000000000000,-0.000000000
4,6,4096,16777216,33554432,5,cycle,post,472,33554432,1.00000000000000000,-0.000000000
4,6,4096,16777216,33554432,5,cycle,post,473,33554432,1.00000000000000000,-0.000000000
4,6,4096,16777216,33554432,5,cycle,post,474,33554432,1.00000000000000000,-0.000000000
4,6,4096,16777216,33554432,5,cycle,post,475,33554432,1.00000000000000000,-0.000000000
4,6,4096,16777216,33554432,5,cycle,post,476,33554432,1.00000000000000000,-0.000000000
4,6,4096,16777216,33554432,5,cycle,post,477,33554432,1.00000000000000000,-0.000000000
4,6,4096,16777216,33554432,5,cycle,post,478,33554432,1.00000000000000000,-0.000000000
4,6,4096,16777216,33554432,5,cycle,post,479,33554432,1.00000000000000000,-0.000000000
4,6,4096,16777216,33554432,5,cycle,post,480,33554432,1.00000000000000000,-0.000000000
4,6,4096,16777216,33554432,5,cycle,post,481,33554432,1.00000000000000000,-0.000000000
4,6,4096,16777216,33554432,5,cycle,post,482,33554432,1.00000000000000000,-0.000000000
4,6,4096,16777216,33554432,5,cycle,post,483,33554432,1.00000000000000000,-0.000000000
4,6,4096,16777216,33554432,5,cycle,post,484,33554432,1.00000000000000000,-0.000000000
4,6,4096,16777216,33554432,5,cycle,post,485,33554432,1.00000000000000000,-0.000000000
4,6,4096,16777216,33554432,5,cycle,post,486,33554432,1.00000000000000000,-0.000000000
4,6,4096,16777216,33554432,5,cycle,post,487,33554432,1.00000000000000000,-0.000000000
4,6,4096,16777216,33554432,5,cycle,post,488,33554432,1.00000000000000000,-0.000000000
4,6,4096,16777216,33554432,5,cycle,post,489,33554432,1.00000000000000000,-0.000000000
4,6,4096,16777216,33554432,5,cycle,post,490,33554432,1.00000000000000000,-0.000000000
4,6,4096,16777216,33554432,5,cycle,post,491,33554432,1.00000000000000000,-0.000000000
4,6,4096,16777216,33554432,5,cycle,post,492,33554432,1.00000000000000000,-0.000000000
4,6,4096,16777216,33554432,5,cycle,post,493,33554432,1.00000000000000000,-0.000000000
4,6,4096,16777216,33554432,5,cycle,post,494,33554432,1.00000000000000000,-0.000000000
4,6,4096,16777216,33554432,5,cycle,post,495,33554432,1.00000000000000000,-0.000000000
4,6,4096,16777216,33554432,5,cycle,post,496,33554432,1.00000000000000000,-0.000000000
4,6,4096,16777216,33554432,5,cycle,post,497,33554432,1.00000000000000000,-0.000000000
4,6,4096,16777216,33554432,5,cycle,post,498,33554432,1.00000000000000000,-0.000000000
4,6,4096,16777216,33554432,5,cycle,post,499,33554432,1.00000000000000000,-0.000000000
4,6,4096,16777216,33554432,5,cycle,post,500,33554432,1.00000000000000000,-0.000000000
4,6,4096,16777216,33554432,5,cycle,post,501,33554432,1.00000000000000000,-0.000000000
4,6,4096,16777216,33554432,5,cycle,post,502,33554432,1.00000000000000000,-0.000000000
4,6,4096,16777216,33554432,5,cycle,post,503,33554432,1.00000000000000000,-0.000000000
4,6,4096,16777216,33554432,5,cycle,post,504,33554432,1.00000000000000000,-0.000000000
4,6,4096,16777216,33554432,5,cycle,post,505,33554432,1.00000000000000000,-0.000000000
4,6,4096,16777216,33554432,5,cycle,post,506,33554432,1.00000000000000000,-0.000000000
4,6,4096,16777216,33554432,5,cycle,post,507,33554432,1.00000000000000000,-0.000000000
4,6,4096,16777216,33554432,5,cycle,post,508,33554432,1.00000000000000000,-0.000000000
4,6,4096,16777216,33554432,5,cycle,post,509,33554432,1.00000000000000000,-0.000000000
4,6,4096,16777216,33554432,5,cycle,post,510,33554432,1.00000000000000000,-0.000000000
4,6,4096,16777216,33554432,5,cycle,post,511,33554432,1.00000000000000000,-0.000000000
4,6,4096,16777216,33554432,5,cycle,post,512,33554432,1.00000000000000000,-0.000000000
4,6,4096,16777216,33554432,5,cycle,post,513,33554432,1.00000000000000000,-0.000000000
4,6,4096,16777216,33554432,5,cycle,post,514,33554432,1.00000000000000000,-0.000000000
4,6,4096,16777216,33554432,5,cycle,post,515,33554432,1.00000000000000000,-0.000000000
4,6,4096,16777216,33554432,5,cycle,post,516,33554432,1.00000000000000000,-0.000000000
4,6,4096,16777216,33554432,5,cycle,post,517,33554432,1.00000000000000000,-0.000000000
4,6,4096,16777216,33554432,5,cycle,post,518,33554432,1.00000000000000000,-0.000000000
4,6,4096,16777216,33554432,5,cycle,post,519,33554432,1.00000000000000000,-0.000000000
4,6,4096,16777216,33554432,5,cycle,post,520,33554432,1.00000000000000000,-0.000000000
4,6,4096,16777216,33554432,5,cycle,post,521,33554432,1.00000000000000000,-0.000000000
4,6,4096,16777216,33554432,5,cycle,post,522,33554432,1.00000000000000000,-0.000000000
4,6,4096,16777216,33554432,5,cycle,post,523,33554432,1.00000000000000000,-0.000000000
4,6,4096,16777216,33554432,5,cycle,post,524,33554432,1.00000000000000000,-0.000000000
4,6,4096,16777216,33554432,5,cycle,post,525,33554432,1.00000000000000000,-0.000000000
4,6,4096,16777216,33554432,5,cycle,post,526,33554432,1.00000000000000000,-0.000000000
4,6,4096,16777216,33554432,5,cycle,post,527,33554432,1.00000000000000000,-0.000000000
4,6,4096,16777216,33554432,5,cycle,post,528,33554432,1.00000000000000000,-0.000000000
4,6,4096,16777216,33554432,5,cycle,post,529,33554432,1.00000000000000000,-0.000000000
4,6,4096,16777216,33554432,5,cycle,post,530,33554432,1.00000000000000000,-0.000000000
4,6,4096,16777216,33554432,5,cycle,post,531,33554432,1.00000000000000000,-0.000000000
4,6,4096,16777216,33554432,5,cycle,post,532,33554432,1.00000000000000000,-0.000000000
4,6,4096,16777216,33554432,5,cycle,post,533,33554432,1.00000000000000000,-0.000000000
4,6,4096,16777216,33554432,5,cycle,post,534,33554432,1.00000000000000000,-0.000000000
4,6,4096,16777216,33554432,5,cycle,post,535,33554432,1.00000000000000000,-0.000000000
4,6,4096,16777216,33554432,5,cycle,post,536,33554432,1.00000000000000000,-0.000000000
4,6,4096,16777216,33554432,5,cycle,post,537,33554432,1.00000000000000000,-0.000000000
4,6,4096,16777216,33554432,5,cycle,post,538,33554432,1.00000000000000000,-0.000000000
4,6,4096,16777216,33554432,5,cycle,post,539,33554432,1.00000000000000000,-0.000000000
4,6,4096,16777216,33554432,5,cycle,post,540,33554432,1.00000000000000000,-0.000000000
4,6,4096,16777216,33554432,5,cycle,post,541,33554432,1.00000000000000000,-0.000000000
4,6,4096,16777216,33554432,5,cycle,post,542,33554432,1.00000000000000000,-0.000000000
4,6,4096,16777216,33554432,5,cycle,post,543,33554432,1.00000000000000000,-0.000000000
4,6,4096,16777216,33554432,5,cycle,post,544,33554432,1.00000000000000000,-0.000000000
4,6,4096,16777216,33554432,5,cycle,post,545,33554432,1.00000000000000000,-0.000000000
4,6,4096,16777216,33554432,5,cycle,post,546,33554432,1.00000000000000000,-0.000000000
4,6,4096,16777216,33554432,5,cycle,post,547,33554432,1.00000000000000000,-0.000000000
4,6,4096,16777216,33554432,5,cycle,post,548,33554432,1.00000000000000000,-0.000000000
4,6,4096,16777216,33554432,5,cycle,post,549,33554432,1.00000000000000000,-0.000000000
4,6,4096,16777216,33554432,5,cycle,post,550,33554432,1.00000000000000000,-0.000000000
4,6,4096,16777216,33554432,5,cycle,post,551,33554432,1.00000000000000000,-0.000000000
4,6,4096,16777216,33554432,5,cycle,post,552,33554432,1.00000000000000000,-0.000000000
4,6,4096,16777216,33554432,5,cycle,post,553,33554432,1.00000000000000000,-0.000000000
4,6,4096,16777216,33554432,5,cycle,post,554,33554432,1.00000000000000000,-0.000000000
4,6,4096,16777216,33554432,5,cycle,post,555,33554432,1.00000000000000000,-0.000000000
4,6,4096,16777216,33554432,5,cycle,post,556,33554432,1.00000000000000000,-0.000000000
4,6,4096,16777216,33554432,5,cycle,post,557,33554432,1.00000000000000000,-0.000000000
4,6,4096,16777216,33554432,5,cycle,post,558,33554432,1.00000000000000000,-0.000000000
4,6,4096,16777216,33554432,5,cycle,post,559,33554432,1.00000000000000000,-0.000000000
4,6,4096,16777216,33554432,5,cycle,post,560,33554432,1.00000000000000000,-0.000000000
4,6,4096,16777216,33554432,5,cycle,post,561,33554432,1.00000000000000000,-0.000000000
4,6,4096,16777216,33554432,5,cycle,post,562,33554432,1.00000000000000000,-0.000000000
4,6,4096,16777216,33554432,5,cycle,post,563,33554432,1.00000000000000000,-0.000000000
4,6,4096,16777216,33554432,5,cycle,post,564,33554432,1.00000000000000000,-0.000000000
4,6,4096,16777216,33554432,5,cycle,post,565,33554432,1.00000000000000000,-0.000000000
4,6,4096,16777216,33554432,5,cycle,post,566,33554432,1.00000000000000000,-0.000000000
4,6,4096,16777216,33554432,5,cycle,post,567,33554432,1.00000000000000000,-0.000000000
4,6,4096,16777216,33554432,5,cycle,post,568,33554432,1.00000000000000000,-0.000000000
4,6,4096,16777216,33554432,5,cycle,post,569,33554432,1.00000000000000000,-0.000000000
4,6,4096,16777216,33554432,5,cycle,post,570,33554432,1.00000000000000000,-0.000000000
4,6,4096,16777216,33554432,5,cycle,post,571,33554432,1.00000000000000000,-0.000000000
4,6,4096,16777216,33554432,5,cycle,post,572,33554432,1.00000000000000000,-0.000000000
4,6,4096,16777216,33554432,5,cycle,post,573,33554432,1.00000000000000000,-0.000000000
4,6,4096,16777216,33554432,5,cycle,post,574,33554432,1.00000000000000000,-0.000000000
4,6,4096,16777216,33554432,5,cycle,post,575,33554432,1.00000000000000000,-0.000000000
4,6,4096,16777216,33554432,5,cycle,post,576,33554432,1.00000000000000000,-0.000000000
4,6,4096,16777216,33554432,5,cycle,post,577,33554432,1.00000000000000000,-0.000000000
4,6,4096,16777216,33554432,5,cycle,post,578,33554432,1.00000000000000000,-0.000000000
4,6,4096,16777216,33554432,5,cycle,post,579,33554432,1.00000000000000000,-0.000000000
4,6,4096,16777216,33554432,5,cycle,post,580,33554432,1.00000000000000000,-0.000000000
4,6,4096,16777216,33554432,5,cycle,post,581,33554432,1.00000000000000000,-0.000000000
4,6,4096,16777216,33554432,5,cycle,post,582,33554432,1.00000000000000000,-0.000000000
4,6,4096,16777216,33554432,5,cycle,post,583,33554432,1.00000000000000000,-0.000000000
4,6,4096,16777216,33554432,5,cycle,post,584,33554432,1.00000000000000000,-0.000000000
4,6,4096,16777216,33554432,5,cycle,post,585,33554432,1.00000000000000000,-0.000000000
4,6,4096,16777216,33554432,5,cycle,post,586,33554432,1.00000000000000000,-0.000000000
4,6,4096,16777216,33554432,5,cycle,post,587,33554432,1.00000000000000000,-0.000000000
4,6,4096,16777216,33554432,5,cycle,post,588,33554432,1.00000000000000000,-0.000000000
4,6,4096,16777216,33554432,5,cycle,post,589,33554432,1.00000000000000000,-0.000000000
4,6,4096,16777216,33554432,5,cycle,post,590,33554432,1.00000000000000000,-0.000000000
4,6,4096,16777216,33554432,5,cycle,post,591,33554432,1.00000000000000000,-0.000000000
4,6,4096,16777216,33554432,5,cycle,post,592,33554432,1.00000000000000000,-0.000000000
4,6,4096,16777216,33554432,5,cycle,post,593,33554432,1.00000000000000000,-0.000000000
4,6,4096,16777216,33554432,5,cycle,post,594,33554432,1.00000000000000000,-0.000000000
4,6,4096,16777216,33554432,5,cycle,post,595,33554432,1.00000000000000000,-0.000000000
4,6,4096,16777216,33554432,5,cycle,post,596,33554432,1.00000000000000000,-0.000000000
4,6,4096,16777216,33554432,5,cycle,post,597,33554432,1.00000000000000000,-0.000000000
4,6,4096,16777216,33554432,5,cycle,post,598,33554432,1.00000000000000000,-0.000000000
4,6,4096,16777216,33554432,5,cycle,post,599,33554432,1.00000000000000000,-0.000000000
4,6,4096,16777216,33554432,5,cycle,post,600,33554432,1.00000000000000000,-0.000000000
4,6,4096,16777216,33554432,5,cycle,post,601,33554432,1.00000000000000000,-0.000000000
4,6,4096,16777216,33554432,5,cycle,post,602,33554432,1.00000000000000000,-0.000000000
4,6,4096,16777216,33554432,5,cycle,post,603,33554432,1.00000000000000000,-0.000000000
4,6,4096,16777216,33554432,5,cycle,post,604,33554432,1.00000000000000000,-0.000000000
4,6,4096,16777216,33554432,5,cycle,post,605,33554432,1.00000000000000000,-0.000000000
4,6,4096,16777216,33554432,5,cycle,post,606,33554432,1.00000000000000000,-0.000000000
4,6,4096,16777216,33554432,5,cycle,post,607,33554432,1.00000000000000000,-0.000000000
4,6,4096,16777216,33554432,5,cycle,post,608,33554432,1.00000000000000000,-0.000000000
4,6,4096,16777216,33554432,5,cycle,post,609,33554432,1.00000000000000000,-0.000000000
4,6,4096,16777216,33554432,5,cycle,post,610,33554432,1.00000000000000000,-0.000000000
4,6,4096,16777216,33554432,5,cycle,post,611,33554432,1.00000000000000000,-0.000000000
4,6,4096,16777216,33554432,5,cycle,post,612,33554432,1.00000000000000000,-0.000000000
4,6,4096,16777216,33554432,5,cycle,post,613,33554432,1.00000000000000000,-0.000000000
4,6,4096,16777216,33554432,5,cycle,post,614,33554432,1.00000000000000000,-0.000000000
4,6,4096,16777216,33554432,5,cycle,post,615,33554432,1.00000000000000000,-0.000000000
4,6,4096,16777216,33554432,5,cycle,post,616,33554432,1.00000000000000000,-0.000000000
4,6,4096,16777216,33554432,5,cycle,post,617,33554432,1.00000000000000000,-0.000000000
4,6,4096,16777216,33554432,5,cycle,post,618,33554432,1.00000000000000000,-0.000000000
4,6,4096,16777216,33554432,5,cycle,post,619,33554432,1.00000000000000000,-0.000000000
4,6,4096,16777216,33554432,5,cycle,post,620,33554432,1.00000000000000000,-0.000000000
4,6,4096,16777216,33554432,5,cycle,post,621,33554432,1.00000000000000000,-0.000000000
4,6,4096,16777216,33554432,5,cycle,post,622,33554432,1.00000000000000000,-0.000000000
4,6,4096,16777216,33554432,5,cycle,post,623,33554432,1.00000000000000000,-0.000000000
4,6,4096,16777216,33554432,5,cycle,post,624,33554432,1.00000000000000000,-0.000000000
4,6,4096,16777216,33554432,5,cycle,post,625,33554432,1.00000000000000000,-0.000000000
4,6,4096,16777216,33554432,5,cycle,post,626,33554432,1.00000000000000000,-0.000000000
4,6,4096,16777216,33554432,5,cycle,post,627,33554432,1.00000000000000000,-0.000000000
4,6,4096,16777216,33554432,5,cycle,post,628,33554432,1.00000000000000000,-0.000000000
4,6,4096,16777216,33554432,5,cycle,post,629,33554432,1.00000000000000000,-0.000000000
4,6,4096,16777216,33554432,5,cycle,post,630,33554432,1.00000000000000000,-0.000000000
4,6,4096,16777216,33554432,5,cycle,post,631,33554432,1.00000000000000000,-0.000000000
4,6,4096,16777216,33554432,5,cycle,post,632,33554432,1.00000000000000000,-0.000000000
4,6,4096,16777216,33554432,5,cycle,post,633,33554432,1.00000000000000000,-0.000000000
4,6,4096,16777216,33554432,5,cycle,post,634,33554432,1.00000000000000000,-0.000000000
4,6,4096,16777216,33554432,5,cycle,post,635,33554432,1.00000000000000000,-0.000000000
4,6,4096,16777216,33554432,5,cycle,post,636,33554432,1.00000000000000000,-0.000000000
4,6,4096,16777216,33554432,5,cycle,post,637,33554432,1.00000000000000000,-0.000000000
4,6,4096,16777216,33554432,5,cycle,post,638,33554432,1.00000000000000000,-0.000000000
4,6,4096,16777216,33554432,5,cycle,post,639,33554432,1.00000000000000000,-0.000000000
4,6,4096,16777216,33554432,5,cycle,post,640,33554432,1.00000000000000000,-0.000000000
4,6,4096,16777216,33554432,5,cycle,post,641,33554432,1.00000000000000000,-0.000000000
4,6,4096,16777216,33554432,5,cycle,post,642,33554432,1.00000000000000000,-0.000000000
4,6,4096,16777216,33554432,5,cycle,post,643,33554432,1.00000000000000000,-0.000000000
4,6,4096,16777216,33554432,5,cycle,post,644,33554432,1.00000000000000000,-0.000000000
4,6,4096,16777216,33554432,5,cycle,post,645,33554432,1.00000000000000000,-0.000000000
4,6,4096,16777216,33554432,5,cycle,post,646,33554432,1.00000000000000000,-0.000000000
4,6,4096,16777216,33554432,5,cycle,post,647,33554432,1.00000000000000000,-0.000000000
4,6,4096,16777216,33554432,5,cycle,post,648,33554432,1.00000000000000000,-0.000000000
4,6,4096,16777216,33554432,5,cycle,post,649,33554432,1.00000000000000000,-0.000000000
4,6,4096,16777216,33554432,5,cycle,post,650,33554432,1.00000000000000000,-0.000000000
4,6,4096,16777216,33554432,5,cycle,post,651,33554432,1.00000000000000000,-0.000000000
4,6,4096,16777216,33554432,5,cycle,post,652,33554432,1.00000000000000000,-0.000000000
4,6,4096,16777216,33554432,5,cycle,post,653,33554432,1.00000000000000000,-0.000000000
4,6,4096,16777216,33554432,5,cycle,post,654,33554432,1.00000000000000000,-0.000000000
4,6,4096,16777216,33554432,5,cycle,post,655,33554432,1.00000000000000000,-0.000000000
4,6,4096,16777216,33554432,5,cycle,post,656,33554432,1.00000000000000000,-0.000000000
4,6,4096,16777216,33554432,5,cycle,post,657,33554432,1.00000000000000000,-0.000000000
4,6,4096,16777216,33554432,5,cycle,post,658,33554432,1.00000000000000000,-0.000000000
4,6,4096,16777216,33554432,5,cycle,post,659,33554432,1.00000000000000000,-0.000000000
4,6,4096,16777216,33554432,5,cycle,post,660,33554432,1.00000000000000000,-0.000000000
4,6,4096,16777216,33554432,5,cycle,post,661,33554432,1.00000000000000000,-0.000000000
4,6,4096,16777216,33554432,5,cycle,post,662,33554432,1.00000000000000000,-0.000000000
4,6,4096,16777216,33554432,5,cycle,post,663,33554432,1.00000000000000000,-0.000000000
4,6,4096,16777216,33554432,5,cycle,post,664,33554432,1.00000000000000000,-0.000000000
4,6,4096,16777216,33554432,5,cycle,post,665,33554432,1.00000000000000000,-0.000000000
4,6,4096,16777216,33554432,5,cycle,post,666,33554432,1.00000000000000000,-0.000000000
4,6,4096,16777216,33554432,5,cycle,post,667,33554432,1.00000000000000000,-0.000000000
4,6,4096,16777216,33554432,5,cycle,post,668,33554432,1.00000000000000000,-0.000000000
4,6,4096,16777216,33554432,5,cycle,post,669,33554432,1.00000000000000000,-0.000000000
4,6,4096,16777216,33554432,5,cycle,post,670,33554432,1.00000000000000000,-0.000000000
4,6,4096,16777216,33554432,5,cycle,post,671,33554432,1.00000000000000000,-0.000000000
4,6,4096,16777216,33554432,5,cycle,post,672,33554432,1.00000000000000000,-0.000000000
4,6,4096,16777216,33554432,5,cycle,post,673,33554432,1.00000000000000000,-0.000000000
4,6,4096,16777216,33554432,5,cycle,post,674,33554432,1.00000000000000000,-0.000000000
4,6,4096,16777216,33554432,5,cycle,post,675,33554432,1.00000000000000000,-0.000000000
4,6,4096,16777216,33554432,5,cycle,post,676,33554432,1.00000000000000000,-0.000000000
4,6,4096,16777216,33554432,5,cycle,post,677,33554432,1.00000000000000000,-0.000000000
4,6,4096,16777216,33554432,5,cycle,post,678,33554432,1.00000000000000000,-0.000000000
4,6,4096,16777216,33554432,5,cycle,post,679,33554432,1.00000000000000000,-0.000000000
4,6,4096,16777216,33554432,5,cycle,post,680,33554432,1.00000000000000000,-0.000000000
4,6,4096,16777216,33554432,5,cycle,post,681,33554432,1.00000000000000000,-0.000000000
4,6,4096,16777216,33554432,5,cycle,post,682,33554432,1.00000000000000000,-0.000000000
4,6,4096,16777216,33554432,5,cycle,post,683,33554432,1.00000000000000000,-0.000000000
4,6,4096,16777216,33554432,5,cycle,post,684,33554432,1.00000000000000000,-0.000000000
4,6,4096,16777216,33554432,5,cycle,post,685,33554432,1.00000000000000000,-0.000000000
4,6,4096,16777216,33554432,5,cycle,post,686,33554432,1.00000000000000000,-0.000000000
4,6,4096,16777216,33554432,5,cycle,post,687,33554432,1.00000000000000000,-0.000000000
4,6,4096,16777216,33554432,5,cycle,post,688,33554432,1.00000000000000000,-0.000000000
4,6,4096,16777216,33554432,5,cycle,post,689,33554432,1.00000000000000000,-0.000000000
4,6,4096,16777216,33554432,5,cycle,post,690,33554432,1.00000000000000000,-0.000000000
4,6,4096,16777216,33554432,5,cycle,post,691,33554432,1.00000000000000000,-0.000000000
4,6,4096,16777216,33554432,5,cycle,post,692,33554432,1.00000000000000000,-0.000000000
4,6,4096,16777216,33554432,5,cycle,post,693,33554432,1.00000000000000000,-0.000000000
4,6,4096,16777216,33554432,5,cycle,post,694,33554432,1.00000000000000000,-0.000000000
4,6,4096,16777216,33554432,5,cycle,post,695,33554432,1.00000000000000000,-0.000000000
4,6,4096,16777216,33554432,5,cycle,post,696,33554432,1.00000000000000000,-0.000000000
4,6,4096,16777216,33554432,5,cycle,post,697,33554432,1.00000000000000000,-0.000000000
4,6,4096,16777216,33554432,5,cycle,post,698,33554432,1.00000000000000000,-0.000000000
4,6,4096,16777216,33554432,5,cycle,post,699,33554432,1.00000000000000000,-0.000000000
4,6,4096,16777216,33554432,5,cycle,post,700,33554432,1.00000000000000000,-0.000000000
4,6,4096,16777216,33554432,5,cycle,post,701,33554432,1.00000000000000000,-0.000000000
4,6,4096,16777216,33554432,5,cycle,post,702,33554432,1.00000000000000000,-0.000000000
4,6,4096,16777216,33554432,5,cycle,post,703,33554432,1.00000000000000000,-0.000000000
4,6,4096,16777216,33554432,5,cycle,post,704,33554432,1.00000000000000000,-0.000000000
4,6,4096,16777216,33554432,5,cycle,post,705,33554432,1.00000000000000000,-0.000000000
4,6,4096,16777216,33554432,5,cycle,post,706,33554432,1.00000000000000000,-0.000000000
4,6,4096,16777216,33554432,5,cycle,post,707,33554432,1.00000000000000000,-0.000000000
4,6,4096,16777216,33554432,5,cycle,post,708,33554432,1.00000000000000000,-0.000000000
4,6,4096,16777216,33554432,5,cycle,post,709,33554432,1.00000000000000000,-0.000000000
4,6,4096,16777216,33554432,5,cycle,post,710,33554432,1.00000000000000000,-0.000000000
4,6,4096,16777216,33554432,5,cycle,post,711,33554432,1.00000000000000000,-0.000000000
4,6,4096,16777216,33554432,5,cycle,post,712,33554432,1.00000000000000000,-0.000000000
4,6,4096,16777216,33554432,5,cycle,post,713,33554432,1.00000000000000000,-0.000000000
4,6,4096,16777216,33554432,5,cycle,post,714,33554432,1.00000000000000000,-0.000000000
4,6,4096,16777216,33554432,5,cycle,post,715,33554432,1.00000000000000000,-0.000000000
4,6,4096,16777216,33554432,5,cycle,post,716,33554432,1.00000000000000000,-0.000000000
4,6,4096,16777216,33554432,5,cycle,post,717,33554432,1.00000000000000000,-0.000000000
4,6,4096,16777216,33554432,5,cycle,post,718,33554432,1.00000000000000000,-0.000000000
4,6,4096,16777216,33554432,5,cycle,post,719,33554432,1.00000000000000000,-0.000000000
4,6,4096,16777216,33554432,5,cycle,post,720,33554432,1.00000000000000000,-0.000000000
4,6,4096,16777216,33554432,5,cycle,post,721,33554432,1.00000000000000000,-0.000000000
4,6,4096,16777216,33554432,5,cycle,post,722,33554432,1.00000000000000000,-0.000000000
4,6,4096,16777216,33554432,5,cycle,post,723,33554432,1.00000000000000000,-0.000000000
4,6,4096,16777216,33554432,5,cycle,post,724,33554432,1.00000000000000000,-0.000000000
4,6,4096,16777216,33554432,5,cycle,post,725,33554432,1.00000000000000000,-0.000000000
4,6,4096,16777216,33554432,5,cycle,post,726,33554432,1.00000000000000000,-0.000000000
4,6,4096,16777216,33554432,5,cycle,post,727,33554432,1.00000000000000000,-0.000000000
4,6,4096,16777216,33554432,5,cycle,post,728,33554432,1.00000000000000000,-0.000000000
4,6,4096,16777216,33554432,5,cycle,post,729,33554432,1.00000000000000000,-0.000000000
4,6,4096,16777216,33554432,5,cycle,post,730,33554432,1.00000000000000000,-0.000000000
4,6,4096,16777216,33554432,5,cycle,post,731,33554432,1.00000000000000000,-0.000000000
4,6,4096,16777216,33554432,5,cycle,post,732,33554432,1.00000000000000000,-0.000000000
4,6,4096,16777216,33554432,5,cycle,post,733,33554432,1.00000000000000000,-0.000000000
4,6,4096,16777216,33554432,5,cycle,post,734,33554432,1.00000000000000000,-0.000000000
4,6,4096,16777216,33554432,5,cycle,post,735,33554432,1.00000000000000000,-0.000000000
4,6,4096,16777216,33554432,5,cycle,post,736,33554432,1.00000000000000000,-0.000000000
4,6,4096,16777216,33554432,5,cycle,post,737,33554432,1.00000000000000000,-0.000000000
4,6,4096,16777216,33554432,5,cycle,post,738,33554432,1.00000000000000000,-0.000000000
4,6,4096,16777216,33554432,5,cycle,post,739,33554432,1.00000000000000000,-0.000000000
4,6,4096,16777216,33554432,5,cycle,post,740,33554432,1.00000000000000000,-0.000000000
4,6,4096,16777216,33554432,5,cycle,post,741,33554432,1.00000000000000000,-0.000000000
4,6,4096,16777216,33554432,5,cycle,post,742,33554432,1.00000000000000000,-0.000000000
4,6,4096,16777216,33554432,5,cycle,post,743,33554432,1.00000000000000000,-0.000000000
4,6,4096,16777216,33554432,5,cycle,post,744,33554432,1.00000000000000000,-0.000000000
4,6,4096,16777216,33554432,5,cycle,post,745,33554432,1.00000000000000000,-0.000000000
4,6,4096,16777216,33554432,5,cycle,post,746,33554432,1.00000000000000000,-0.000000000
4,6,4096,16777216,33554432,5,cycle,post,747,33554432,1.00000000000000000,-0.000000000
4,6,4096,16777216,33554432,5,cycle,post,748,33554432,1.00000000000000000,-0.000000000
4,6,4096,16777216,33554432,5,cycle,post,749,33554432,1.00000000000000000,-0.000000000
4,6,4096,16777216,33554432,5,cycle,post,750,33554432,1.00000000000000000,-0.000000000
4,6,4096,16777216,33554432,5,cycle,post,751,33554432,1.00000000000000000,-0.000000000
4,6,4096,16777216,33554432,5,cycle,post,752,33554432,1.00000000000000000,-0.000000000
4,6,4096,16777216,33554432,5,cycle,post,753,33554432,1.00000000000000000,-0.000000000
4,6,4096,16777216,33554432,5,cycle,post,754,33554432,1.00000000000000000,-0.000000000
4,6,4096,16777216,33554432,5,cycle,post,755,33554432,1.00000000000000000,-0.000000000
4,6,4096,16777216,33554432,5,cycle,post,756,33554432,1.00000000000000000,-0.000000000
4,6,4096,16777216,33554432,5,cycle,post,757,33554432,1.00000000000000000,-0.000000000
4,6,4096,16777216,33554432,5,cycle,post,758,33554432,1.00000000000000000,-0.000000000
4,6,4096,16777216,33554432,5,cycle,post,759,33554432,1.00000000000000000,-0.000000000
4,6,4096,16777216,33554432,5,cycle,post,760,33554432,1.00000000000000000,-0.000000000
4,6,4096,16777216,33554432,5,cycle,post,761,33554432,1.00000000000000000,-0.000000000
4,6,4096,16777216,33554432,5,cycle,post,762,33554432,1.00000000000000000,-0.000000000
4,6,4096,16777216,33554432,5,cycle,post,763,33554432,1.00000000000000000,-0.000000000
4,6,4096,16777216,33554432,5,cycle,post,764,33554432,1.00000000000000000,-0.000000000
4,6,4096,16777216,33554432,5,cycle,post,765,33554432,1.00000000000000000,-0.000000000
4,6,4096,16777216,33554432,5,cycle,post,766,33554432,1.00000000000000000,-0.000000000
4,6,4096,16777216,33554432,5,cycle,post,767,33554432,1.00000000000000000,-0.000000000
4,6,4096,16777216,33554432,5,cycle,post,768,33554432,1.00000000000000000,-0.000000000
4,6,4096,16777216,33554432,5,cycle,post,769,33554432,1.00000000000000000,-0.000000000
4,6,4096,16777216,33554432,5,cycle,post,770,33554432,1.00000000000000000,-0.000000000
4,6,4096,16777216,33554432,5,cycle,post,771,33554432,1.00000000000000000,-0.000000000
4,6,4096,16777216,33554432,5,cycle,post,772,33554432,1.00000000000000000,-0.000000000
4,6,4096,16777216,33554432,5,cycle,post,773,33554432,1.00000000000000000,-0.000000000
4,6,4096,16777216,33554432,5,cycle,post,774,33554432,1.00000000000000000,-0.000000000
4,6,4096,16777216,33554432,5,cycle,post,775,33554432,1.00000000000000000,-0.000000000
4,6,4096,16777216,33554432,5,cycle,post,776,33554432,1.00000000000000000,-0.000000000
4,6,4096,16777216,33554432,5,cycle,post,777,33554432,1.00000000000000000,-0.000000000
4,6,4096,16777216,33554432,5,cycle,post,778,33554432,1.00000000000000000,-0.000000000
4,6,4096,16777216,33554432,5,cycle,post,779,33554432,1.00000000000000000,-0.000000000
4,6,4096,16777216,33554432,5,cycle,post,780,33554432,1.00000000000000000,-0.000000000
4,6,4096,16777216,33554432,5,cycle,post,781,33554432,1.00000000000000000,-0.000000000
4,6,4096,16777216,33554432,5,cycle,post,782,33554432,1.00000000000000000,-0.000000000
4,6,4096,16777216,33554432,5,cycle,post,783,33554432,1.00000000000000000,-0.000000000
4,6,4096,16777216,33554432,5,cycle,post,784,33554432,1.00000000000000000,-0.000000000
4,6,4096,16777216,33554432,5,cycle,post,785,33554432,1.00000000000000000,-0.000000000
4,6,4096,16777216,33554432,5,cycle,post,786,33554432,1.00000000000000000,-0.000000000
4,6,4096,16777216,33554432,5,cycle,post,787,33554432,1.00000000000000000,-0.000000000
4,6,4096,16777216,33554432,5,cycle,post,788,33554432,1.00000000000000000,-0.000000000
4,6,4096,16777216,33554432,5,cycle,post,789,33554432,1.00000000000000000,-0.000000000
4,6,4096,16777216,33554432,5,cycle,post,790,33554432,1.00000000000000000,-0.000000000
4,6,4096,16777216,33554432,5,cycle,post,791,33554432,1.00000000000000000,-0.000000000
4,6,4096,16777216,33554432,5,cycle,post,792,33554432,1.00000000000000000,-0.000000000
4,6,4096,16777216,33554432,5,cycle,post,793,33554432,1.00000000000000000,-0.000000000
4,6,4096,16777216,33554432,5,cycle,post,794,33554432,1.00000000000000000,-0.000000000
4,6,4096,16777216,33554432,5,cycle,post,795,33554432,1.00000000000000000,-0.000000000
4,6,4096,16777216,33554432,5,cycle,post,796,33554432,1.00000000000000000,-0.000000000
4,6,4096,16777216,33554432,5,cycle,post,797,33554432,1.00000000000000000,-0.000000000
4,6,4096,16777216,33554432,5,cycle,post,798,33554432,1.00000000000000000,-0.000000000
4,6,4096,16777216,33554432,5,cycle,post,799,33554432,1.00000000000000000,-0.000000000
4,6,4096,16777216,33554432,5,cycle,post,800,33554432,1.00000000000000000,-0.000000000
4,6,4096,16777216,33554432,5,cycle,post,801,33554432,1.00000000000000000,-0.000000000
4,6,4096,16777216,33554432,5,cycle,post,802,33554432,1.00000000000000000,-0.000000000
4,6,4096,16777216,33554432,5,cycle,post,803,33554432,1.00000000000000000,-0.000000000
4,6,4096,16777216,33554432,5,cycle,post,804,33554432,1.00000000000000000,-0.000000000
4,6,4096,16777216,33554432,5,cycle,post,805,33554432,1.00000000000000000,-0.000000000
4,6,4096,16777216,33554432,5,cycle,post,806,33554432,1.00000000000000000,-0.000000000
4,6,4096,16777216,33554432,5,cycle,post,807,33554432,1.00000000000000000,-0.000000000
4,6,4096,16777216,33554432,5,cycle,post,808,33554432,1.00000000000000000,-0.000000000
4,6,4096,16777216,33554432,5,cycle,post,809,33554432,1.00000000000000000,-0.000000000
4,6,4096,16777216,33554432,5,cycle,post,810,33554432,1.00000000000000000,-0.000000000
4,6,4096,16777216,33554432,5,cycle,post,811,33554432,1.00000000000000000,-0.000000000
4,6,4096,16777216,33554432,5,cycle,post,812,33554432,1.00000000000000000,-0.000000000
4,6,4096,16777216,33554432,5,cycle,post,813,33554432,1.00000000000000000,-0.000000000
4,6,4096,16777216,33554432,5,cycle,post,814,33554432,1.00000000000000000,-0.000000000
4,6,4096,16777216,33554432,5,cycle,post,815,33554432,1.00000000000000000,-0.000000000
4,6,4096,16777216,33554432,5,cycle,post,816,33554432,1.00000000000000000,-0.000000000
4,6,4096,16777216,33554432,5,cycle,post,817,33554432,1.00000000000000000,-0.000000000
4,6,4096,16777216,33554432,5,cycle,post,818,33554432,1.00000000000000000,-0.000000000
4,6,4096,16777216,33554432,5,cycle,post,819,33554432,1.00000000000000000,-0.000000000
4,6,4096,16777216,33554432,5,cycle,post,820,33554432,1.00000000000000000,-0.000000000
4,6,4096,16777216,33554432,5,cycle,post,821,33554432,1.00000000000000000,-0.000000000
4,6,4096,16777216,33554432,5,cycle,post,822,33554432,1.00000000000000000,-0.000000000
4,6,4096,16777216,33554432,5,cycle,post,823,33554432,1.00000000000000000,-0.000000000
4,6,4096,16777216,33554432,5,cycle,post,824,33554432,1.00000000000000000,-0.000000000
4,6,4096,16777216,33554432,5,cycle,post,825,33554432,1.00000000000000000,-0.000000000
4,6,4096,16777216,33554432,5,cycle,post,826,33554432,1.00000000000000000,-0.000000000
4,6,4096,16777216,33554432,5,cycle,post,827,33554432,1.00000000000000000,-0.000000000
4,6,4096,16777216,33554432,5,cycle,post,828,33554432,1.00000000000000000,-0.000000000
4,6,4096,16777216,33554432,5,cycle,post,829,33554432,1.00000000000000000,-0.000000000
4,6,4096,16777216,33554432,5,cycle,post,830,33554432,1.00000000000000000,-0.000000000
4,6,4096,16777216,33554432,5,cycle,post,831,33554432,1.00000000000000000,-0.000000000
4,6,4096,16777216,33554432,5,cycle,post,832,33554432,1.00000000000000000,-0.000000000
4,6,4096,16777216,33554432,5,cycle,post,833,33554432,1.00000000000000000,-0.000000000
4,6,4096,16777216,33554432,5,cycle,post,834,33554432,1.00000000000000000,-0.000000000
4,6,4096,16777216,33554432,5,cycle,post,835,33554432,1.00000000000000000,-0.000000000
4,6,4096,16777216,33554432,5,cycle,post,836,33554432,1.00000000000000000,-0.000000000
4,6,4096,16777216,33554432,5,cycle,post,837,33554432,1.00000000000000000,-0.000000000
4,6,4096,16777216,33554432,5,cycle,post,838,33554432,1.00000000000000000,-0.000000000
4,6,4096,16777216,33554432,5,cycle,post,839,33554432,1.00000000000000000,-0.000000000
4,6,4096,16777216,33554432,5,cycle,post,840,33554432,1.00000000000000000,-0.000000000
4,6,4096,16777216,33554432,5,cycle,post,841,33554432,1.00000000000000000,-0.000000000
4,6,4096,16777216,33554432,5,cycle,post,842,33554432,1.00000000000000000,-0.000000000
4,6,4096,16777216,33554432,5,cycle,post,843,33554432,1.00000000000000000,-0.000000000
4,6,4096,16777216,33554432,5,cycle,post,844,33554432,1.00000000000000000,-0.000000000
4,6,4096,16777216,33554432,5,cycle,post,845,33554432,1.00000000000000000,-0.000000000
4,6,4096,16777216,33554432,5,cycle,post,846,33554432,1.00000000000000000,-0.000000000
4,6,4096,16777216,33554432,5,cycle,post,847,33554432,1.00000000000000000,-0.000000000
4,6,4096,16777216,33554432,5,cycle,post,848,33554432,1.00000000000000000,-0.000000000
4,6,4096,16777216,33554432,5,cycle,post,849,33554432,1.00000000000000000,-0.000000000
4,6,4096,16777216,33554432,5,cycle,post,850,33554432,1.00000000000000000,-0.000000000
4,6,4096,16777216,33554432,5,cycle,post,851,33554432,1.00000000000000000,-0.000000000
4,6,4096,16777216,33554432,5,cycle,post,852,33554432,1.00000000000000000,-0.000000000
4,6,4096,16777216,33554432,5,cycle,post,853,33554432,1.00000000000000000,-0.000000000
4,6,4096,16777216,33554432,5,cycle,post,854,33554432,1.00000000000000000,-0.000000000
4,6,4096,16777216,33554432,5,cycle,post,855,33554432,1.00000000000000000,-0.000000000
4,6,4096,16777216,33554432,5,cycle,post,856,33554432,1.00000000000000000,-0.000000000
4,6,4096,16777216,33554432,5,cycle,post,857,33554432,1.00000000000000000,-0.000000000
4,6,4096,16777216,33554432,5,cycle,post,858,33554432,1.00000000000000000,-0.000000000
4,6,4096,16777216,33554432,5,cycle,post,859,33554432,1.00000000000000000,-0.000000000
4,6,4096,16777216,33554432,5,cycle,post,860,33554432,1.00000000000000000,-0.000000000
4,6,4096,16777216,33554432,5,cycle,post,861,33554432,1.00000000000000000,-0.000000000
4,6,4096,16777216,33554432,5,cycle,post,862,33554432,1.00000000000000000,-0.000000000
4,6,4096,16777216,33554432,5,cycle,post,863,33554432,1.00000000000000000,-0.000000000
4,6,4096,16777216,33554432,5,cycle,post,864,33554432,1.00000000000000000,-0.000000000
4,6,4096,16777216,33554432,5,cycle,post,865,33554432,1.00000000000000000,-0.000000000
4,6,4096,16777216,33554432,5,cycle,post,866,33554432,1.00000000000000000,-0.000000000
4,6,4096,16777216,33554432,5,cycle,post,867,33554432,1.00000000000000000,-0.000000000
4,6,4096,16777216,33554432,5,cycle,post,868,33554432,1.00000000000000000,-0.000000000
4,6,4096,16777216,33554432,5,cycle,post,869,33554432,1.00000000000000000,-0.000000000
4,6,4096,16777216,33554432,5,cycle,post,870,33554432,1.00000000000000000,-0.000000000
4,6,4096,16777216,33554432,5,cycle,post,871,33554432,1.00000000000000000,-0.000000000
4,6,4096,16777216,33554432,5,cycle,post,872,33554432,1.00000000000000000,-0.000000000
4,6,4096,16777216,33554432,5,cycle,post,873,33554432,1.00000000000000000,-0.000000000
4,6,4096,16777216,33554432,5,cycle,post,874,33554432,1.00000000000000000,-0.000000000
4,6,4096,16777216,33554432,5,cycle,post,875,33554432,1.00000000000000000,-0.000000000
4,6,4096,16777216,33554432,5,cycle,post,876,33554432,1.00000000000000000,-0.000000000
4,6,4096,16777216,33554432,5,cycle,post,877,33554432,1.00000000000000000,-0.000000000
4,6,4096,16777216,33554432,5,cycle,post,878,33554432,1.00000000000000000,-0.000000000
4,6,4096,16777216,33554432,5,cycle,post,879,33554432,1.00000000000000000,-0.000000000
4,6,4096,16777216,33554432,5,cycle,post,880,33554432,1.00000000000000000,-0.000000000
4,6,4096,16777216,33554432,5,cycle,post,881,33554432,1.00000000000000000,-0.000000000
4,6,4096,16777216,33554432,5,cycle,post,882,33554432,1.00000000000000000,-0.000000000
4,6,4096,16777216,33554432,5,cycle,post,883,33554432,1.00000000000000000,-0.000000000
4,6,4096,16777216,33554432,5,cycle,post,884,33554432,1.00000000000000000,-0.000000000
4,6,4096,16777216,33554432,5,cycle,post,885,33554432,1.00000000000000000,-0.000000000
4,6,4096,16777216,33554432,5,cycle,post,886,33554432,1.00000000000000000,-0.000000000
4,6,4096,16777216,33554432,5,cycle,post,887,33554432,1.00000000000000000,-0.000000000
4,6,4096,16777216,33554432,5,cycle,post,888,33554432,1.00000000000000000,-0.000000000
4,6,4096,16777216,33554432,5,cycle,post,889,33554432,1.00000000000000000,-0.000000000
4,6,4096,16777216,33554432,5,cycle,post,890,33554432,1.00000000000000000,-0.000000000
4,6,4096,16777216,33554432,5,cycle,post,891,33554432,1.00000000000000000,-0.000000000
4,6,4096,16777216,33554432,5,cycle,post,892,33554432,1.00000000000000000,-0.000000000
4,6,4096,16777216,33554432,5,cycle,post,893,33554432,1.00000000000000000,-0.000000000
4,6,4096,16777216,33554432,5,cycle,post,894,33554432,1.00000000000000000,-0.000000000
4,6,4096,16777216,33554432,5,cycle,post,895,33554432,1.00000000000000000,-0.000000000
4,6,4096,16777216,33554432,5,cycle,post,896,33554432,1.00000000000000000,-0.000000000
4,6,4096,16777216,33554432,5,cycle,post,897,33554432,1.00000000000000000,-0.000000000
4,6,4096,16777216,33554432,5,cycle,post,898,33554432,1.00000000000000000,-0.000000000
4,6,4096,16777216,33554432,5,cycle,post,899,33554432,1.00000000000000000,-0.000000000
4,6,4096,16777216,33554432,5,cycle,post,900,33554432,1.00000000000000000,-0.000000000
4,6,4096,16777216,33554432,5,cycle,post,901,33554432,1.00000000000000000,-0.000000000
4,6,4096,16777216,33554432,5,cycle,post,902,33554432,1.00000000000000000,-0.000000000
4,6,4096,16777216,33554432,5,cycle,post,903,33554432,1.00000000000000000,-0.000000000
4,6,4096,16777216,33554432,5,cycle,post,904,33554432,1.00000000000000000,-0.000000000
4,6,4096,16777216,33554432,5,cycle,post,905,33554432,1.00000000000000000,-0.000000000
4,6,4096,16777216,33554432,5,cycle,post,906,33554432,1.00000000000000000,-0.000000000
4,6,4096,16777216,33554432,5,cycle,post,907,33554432,1.00000000000000000,-0.000000000
4,6,4096,16777216,33554432,5,cycle,post,908,33554432,1.00000000000000000,-0.000000000
4,6,4096,16777216,33554432,5,cycle,post,909,33554432,1.00000000000000000,-0.000000000
4,6,4096,16777216,33554432,5,cycle,post,910,33554432,1.00000000000000000,-0.000000000
4,6,4096,16777216,33554432,5,cycle,post,911,33554432,1.00000000000000000,-0.000000000
4,6,4096,16777216,33554432,5,cycle,post,912,33554432,1.00000000000000000,-0.000000000
4,6,4096,16777216,33554432,5,cycle,post,913,33554432,1.00000000000000000,-0.000000000
4,6,4096,16777216,33554432,5,cycle,post,914,33554432,1.00000000000000000,-0.000000000
4,6,4096,16777216,33554432,5,cycle,post,915,33554432,1.00000000000000000,-0.000000000
4,6,4096,16777216,33554432,5,cycle,post,916,33554432,1.00000000000000000,-0.000000000
4,6,4096,16777216,33554432,5,cycle,post,917,33554432,1.00000000000000000,-0.000000000
4,6,4096,16777216,33554432,5,cycle,post,918,33554432,1.00000000000000000,-0.000000000
4,6,4096,16777216,33554432,5,cycle,post,919,33554432,1.00000000000000000,-0.000000000
4,6,4096,16777216,33554432,5,cycle,post,920,33554432,1.00000000000000000,-0.000000000
4,6,4096,16777216,33554432,5,cycle,post,921,33554432,1.00000000000000000,-0.000000000
4,6,4096,16777216,33554432,5,cycle,post,922,33554432,1.00000000000000000,-0.000000000
4,6,4096,16777216,33554432,5,cycle,post,923,33554432,1.00000000000000000,-0.000000000
4,6,4096,16777216,33554432,5,cycle,post,924,33554432,1.00000000000000000,-0.000000000
4,6,4096,16777216,33554432,5,cycle,post,925,33554432,1.00000000000000000,-0.000000000
4,6,4096,16777216,33554432,5,cycle,post,926,33554432,1.00000000000000000,-0.000000000
4,6,4096,16777216,33554432,5,cycle,post,927,33554432,1.00000000000000000,-0.000000000
4,6,4096,16777216,33554432,5,cycle,post,928,33554432,1.00000000000000000,-0.000000000
4,6,4096,16777216,33554432,5,cycle,post,929,33554432,1.00000000000000000,-0.000000000
4,6,4096,16777216,33554432,5,cycle,post,930,33554432,1.00000000000000000,-0.000000000
4,6,4096,16777216,33554432,5,cycle,post,931,33554432,1.00000000000000000,-0.000000000
4,6,4096,16777216,33554432,5,cycle,post,932,33554432,1.00000000000000000,-0.000000000
4,6,4096,16777216,33554432,5,cycle,post,933,33554432,1.00000000000000000,-0.000000000
4,6,4096,16777216,33554432,5,cycle,post,934,33554432,1.00000000000000000,-0.000000000
4,6,4096,16777216,33554432,5,cycle,post,935,33554432,1.00000000000000000,-0.000000000
4,6,4096,16777216,33554432,5,cycle,post,936,33554432,1.00000000000000000,-0.000000000
4,6,4096,16777216,33554432,5,cycle,post,937,33554432,1.00000000000000000,-0.000000000
4,6,4096,16777216,33554432,5,cycle,post,938,33554432,1.00000000000000000,-0.000000000
4,6,4096,16777216,33554432,5,cycle,post,939,33554432,1.00000000000000000,-0.000000000
4,6,4096,16777216,33554432,5,cycle,post,940,33554432,1.00000000000000000,-0.000000000
4,6,4096,16777216,33554432,5,cycle,post,941,33554432,1.00000000000000000,-0.000000000
4,6,4096,16777216,33554432,5,cycle,post,942,33554432,1.00000000000000000,-0.000000000
4,6,4096,16777216,33554432,5,cycle,post,943,33554432,1.00000000000000000,-0.000000000
4,6,4096,16777216,33554432,5,cycle,post,944,33554432,1.00000000000000000,-0.000000000
4,6,4096,16777216,33554432,5,cycle,post,945,33554432,1.00000000000000000,-0.000000000
4,6,4096,16777216,33554432,5,cycle,post,946,33554432,1.00000000000000000,-0.000000000
4,6,4096,16777216,33554432,5,cycle,post,947,33554432,1.00000000000000000,-0.000000000
4,6,4096,16777216,33554432,5,cycle,post,948,33554432,1.00000000000000000,-0.000000000
4,6,4096,16777216,33554432,5,cycle,post,949,33554432,1.00000000000000000,-0.000000000
4,6,4096,16777216,33554432,5,cycle,post,950,33554432,1.00000000000000000,-0.000000000
4,6,4096,16777216,33554432,5,cycle,post,951,33554432,1.00000000000000000,-0.000000000
4,6,4096,16777216,33554432,5,cycle,post,952,33554432,1.00000000000000000,-0.000000000
4,6,4096,16777216,33554432,5,cycle,post,953,33554432,1.00000000000000000,-0.000000000
4,6,4096,16777216,33554432,5,cycle,post,954,33554432,1.00000000000000000,-0.000000000
4,6,4096,16777216,33554432,5,cycle,post,955,33554432,1.00000000000000000,-0.000000000
4,6,4096,16777216,33554432,5,cycle,post,956,33554432,1.00000000000000000,-0.000000000
4,6,4096,16777216,33554432,5,cycle,post,957,33554432,1.00000000000000000,-0.000000000
4,6,4096,16777216,33554432,5,cycle,post,958,33554432,1.00000000000000000,-0.000000000
4,6,4096,16777216,33554432,5,cycle,post,959,33554432,1.00000000000000000,-0.000000000
4,6,4096,16777216,33554432,5,cycle,post,960,33554432,1.00000000000000000,-0.000000000
4,6,4096,16777216,33554432,5,cycle,post,961,33554432,1.00000000000000000,-0.000000000
4,6,4096,16777216,33554432,5,cycle,post,962,33554432,1.00000000000000000,-0.000000000
4,6,4096,16777216,33554432,5,cycle,post,963,33554432,1.00000000000000000,-0.000000000
4,6,4096,16777216,33554432,5,cycle,post,964,33554432,1.00000000000000000,-0.000000000
4,6,4096,16777216,33554432,5,cycle,post,965,33554432,1.00000000000000000,-0.000000000
4,6,4096,16777216,33554432,5,cycle,post,966,33554432,1.00000000000000000,-0.000000000
4,6,4096,16777216,33554432,5,cycle,post,967,33554432,1.00000000000000000,-0.000000000
4,6,4096,16777216,33554432,5,cycle,post,968,33554432,1.00000000000000000,-0.000000000
4,6,4096,16777216,33554432,5,cycle,post,969,33554432,1.00000000000000000,-0.000000000
4,6,4096,16777216,33554432,5,cycle,post,970,33554432,1.00000000000000000,-0.000000000
4,6,4096,16777216,33554432,5,cycle,post,971,33554432,1.00000000000000000,-0.000000000
4,6,4096,16777216,33554432,5,cycle,post,972,33554432,1.00000000000000000,-0.000000000
4,6,4096,16777216,33554432,5,cycle,post,973,33554432,1.00000000000000000,-0.000000000
4,6,4096,16777216,33554432,5,cycle,post,974,33554432,1.00000000000000000,-0.000000000
4,6,4096,16777216,33554432,5,cycle,post,975,33554432,1.00000000000000000,-0.000000000
4,6,4096,16777216,33554432,5,cycle,post,976,33554432,1.00000000000000000,-0.000000000
4,6,4096,16777216,33554432,5,cycle,post,977,33554432,1.00000000000000000,-0.000000000
4,6,4096,16777216,33554432,5,cycle,post,978,33554432,1.00000000000000000,-0.000000000
4,6,4096,16777216,33554432,5,cycle,post,979,33554432,1.00000000000000000,-0.000000000
4,6,4096,16777216,33554432,5,cycle,post,980,33554432,1.00000000000000000,-0.000000000
4,6,4096,16777216,33554432,5,cycle,post,981,33554432,1.00000000000000000,-0.000000000
4,6,4096,16777216,33554432,5,cycle,post,982,33554432,1.00000000000000000,-0.000000000
4,6,4096,16777216,33554432,5,cycle,post,983,33554432,1.00000000000000000,-0.000000000
4,6,4096,16777216,33554432,5,cycle,post,984,33554432,1.00000000000000000,-0.000000000
4,6,4096,16777216,33554432,5,cycle,post,985,33554432,1.00000000000000000,-0.000000000
4,6,4096,16777216,33554432,5,cycle,post,986,33554432,1.00000000000000000,-0.000000000
4,6,4096,16777216,33554432,5,cycle,post,987,33554432,1.00000000000000000,-0.000000000
4,6,4096,16777216,33554432,5,cycle,post,988,33554432,1.00000000000000000,-0.000000000
4,6,4096,16777216,33554432,5,cycle,post,989,33554432,1.00000000000000000,-0.000000000
4,6,4096,16777216,33554432,5,cycle,post,990,33554432,1.00000000000000000,-0.000000000
4,6,4096,16777216,33554432,5,cycle,post,991,33554432,1.00000000000000000,-0.000000000
4,6,4096,16777216,33554432,5,cycle,post,992,33554432,1.00000000000000000,-0.000000000
4,6,4096,16777216,33554432,5,cycle,post,993,33554432,1.00000000000000000,-0.000000000
4,6,4096,16777216,33554432,5,cycle,post,994,33554432,1.00000000000000000,-0.000000000
4,6,4096,16777216,33554432,5,cycle,post,995,33554432,1.00000000000000000,-0.000000000
4,6,4096,16777216,33554432,5,cycle,post,996,33554432,1.00000000000000000,-0.000000000
4,6,4096,16777216,33554432,5,cycle,post,997,33554432,1.00000000000000000,-0.000000000
4,6,4096,16777216,33554432,5,cycle,post,998,33554432,1.00000000000000000,-0.000000000
4,6,4096,16777216,33554432,5,cycle,post,999,33554432,1.00000000000000000,-0.000000000
4,6,4096,16777216,33554432,5,cycle,post,1000,33554432,1.00000000000000000,-0.000000000
4,6,4096,16777216,33554432,5,cycle,post,1001,33554432,1.00000000000000000,-0.000000000
4,6,4096,16777216,33554432,5,cycle,post,1002,33554432,1.00000000000000000,-0.000000000
4,6,4096,16777216,33554432,5,cycle,post,1003,33554432,1.00000000000000000,-0.000000000
4,6,4096,16777216,33554432,5,cycle,post,1004,33554432,1.00000000000000000,-0.000000000
4,6,4096,16777216,33554432,5,cycle,post,1005,33554432,1.00000000000000000,-0.000000000
4,6,4096,16777216,33554432,5,cycle,post,1006,33554432,1.00000000000000000,-0.000000000
4,6,4096,16777216,33554432,5,cycle,post,1007,33554432,1.00000000000000000,-0.000000000
4,6,4096,16777216,33554432,5,cycle,post,1008,33554432,1.00000000000000000,-0.000000000
4,6,4096,16777216,33554432,5,cycle,post,1009,33554432,1.00000000000000000,-0.000000000
4,6,4096,16777216,33554432,5,cycle,post,1010,33554432,1.00000000000000000,-0.000000000
4,6,4096,16777216,33554432,5,cycle,post,1011,33554432,1.00000000000000000,-0.000000000
4,6,4096,16777216,33554432,5,cycle,post,1012,33554432,1.00000000000000000,-0.000000000
4,6,4096,16777216,33554432,5,cycle,post,1013,33554432,1.00000000000000000,-0.000000000
4,6,4096,16777216,33554432,5,cycle,post,1014,33554432,1.00000000000000000,-0.000000000
4,6,4096,16777216,33554432,5,cycle,post,1015,33554432,1.00000000000000000,-0.000000000
4,6,4096,16777216,33554432,5,cycle,post,1016,33554432,1.00000000000000000,-0.000000000
4,6,4096,16777216,33554432,5,cycle,post,1017,33554432,1.00000000000000000,-0.000000000
4,6,4096,16777216,33554432,5,cycle,post,1018,33554432,1.00000000000000000,-0.000000000
4,6,4096,16777216,33554432,5,cycle,post,1019,33554432,1.00000000000000000,-0.000000000
4,6,4096,16777216,33554432,5,cycle,post,1020,33554432,1.00000000000000000,-0.000000000
4,6,4096,16777216,33554432,5,cycle,post,1021,33554432,1.00000000000000000,-0.000000000
4,6,4096,16777216,33554432,5,cycle,post,1022,33554432,1.00000000000000000,-0.000000000
4,6,4096,16777216,33554432,5,cycle,post,1023,33554432,1.00000000000000000,-0.000000000
4,6,4096,16777216,33554432,5,cycle,post,1024,33554432,1.00000000000000000,-0.000000000
4,6,4096,16777216,33554432,5,cycle,post,1025,33554432,1.00000000000000000,-0.000000000
4,6,4096,16777216,33554432,5,cycle,post,1026,33554432,1.00000000000000000,-0.000000000
4,6,4096,16777216,33554432,5,cycle,post,1027,33554432,1.00000000000000000,-0.000000000
4,6,4096,16777216,33554432,5,cycle,post,1028,33554432,1.00000000000000000,-0.000000000
4,6,4096,16777216,33554432,5,cycle,post,1029,33554432,1.00000000000000000,-0.000000000
4,6,4096,16777216,33554432,5,cycle,post,1030,33554432,1.00000000000000000,-0.000000000
4,6,4096,16777216,33554432,5,cycle,post,1031,33554432,1.00000000000000000,-0.000000000
4,6,4096,16777216,33554432,5,cycle,post,1032,33554432,1.00000000000000000,-0.000000000
4,6,4096,16777216,33554432,5,cycle,post,1033,33554432,1.00000000000000000,-0.000000000
4,6,4096,16777216,33554432,5,cycle,post,1034,33554432,1.00000000000000000,-0.000000000
4,6,4096,16777216,33554432,5,cycle,post,1035,33554432,1.00000000000000000,-0.000000000
4,6,4096,16777216,33554432,5,cycle,post,1036,33554432,1.00000000000000000,-0.000000000
4,6,4096,16777216,33554432,5,cycle,post,1037,33554432,1.00000000000000000,-0.000000000
4,6,4096,16777216,33554432,5,cycle,post,1038,33554432,1.00000000000000000,-0.000000000
4,6,4096,16777216,33554432,5,cycle,post,1039,33554432,1.00000000000000000,-0.000000000
4,6,4096,16777216,33554432,5,cycle,post,1040,33554432,1.00000000000000000,-0.000000000
4,6,4096,16777216,33554432,5,cycle,post,1041,33554432,1.00000000000000000,-0.000000000
4,6,4096,16777216,33554432,5,cycle,post,1042,33554432,1.00000000000000000,-0.000000000
4,6,4096,16777216,33554432,5,cycle,post,1043,33554432,1.00000000000000000,-0.000000000
4,6,4096,16777216,33554432,5,cycle,post,1044,33554432,1.00000000000000000,-0.000000000
4,6,4096,16777216,33554432,5,cycle,post,1045,33554432,1.00000000000000000,-0.000000000
4,6,4096,16777216,33554432,5,cycle,post,1046,33554432,1.00000000000000000,-0.000000000
4,6,4096,16777216,33554432,5,cycle,post,1047,33554432,1.00000000000000000,-0.000000000
4,6,4096,16777216,33554432,5,cycle,post,1048,33554432,1.00000000000000000,-0.000000000
4,6,4096,16777216,33554432,5,cycle,post,1049,33554432,1.00000000000000000,-0.000000000
4,6,4096,16777216,33554432,5,cycle,post,1050,33554432,1.00000000000000000,-0.000000000
4,6,4096,16777216,33554432,5,cycle,post,1051,33554432,1.00000000000000000,-0.000000000
4,6,4096,16777216,33554432,5,cycle,post,1052,33554432,1.00000000000000000,-0.000000000
4,6,4096,16777216,33554432,5,cycle,post,1053,33554432,1.00000000000000000,-0.000000000
4,6,4096,16777216,33554432,5,cycle,post,1054,33554432,1.00000000000000000,-0.000000000
4,6,4096,16777216,33554432,5,cycle,post,1055,33554432,1.00000000000000000,-0.000000000
4,6,4096,16777216,33554432,5,cycle,post,1056,33554432,1.00000000000000000,-0.000000000
4,6,4096,16777216,33554432,5,cycle,post,1057,33554432,1.00000000000000000,-0.000000000
4,6,4096,16777216,33554432,5,cycle,post,1058,33554432,1.00000000000000000,-0.000000000
4,6,4096,16777216,33554432,5,cycle,post,1059,33554432,1.00000000000000000,-0.000000000
4,6,4096,16777216,33554432,5,cycle,post,1060,33554432,1.00000000000000000,-0.000000000
4,6,4096,16777216,33554432,5,cycle,post,1061,33554432,1.00000000000000000,-0.000000000
4,6,4096,16777216,33554432,5,cycle,post,1062,33554432,1.00000000000000000,-0.000000000
4,6,4096,16777216,33554432,5,cycle,post,1063,33554432,1.00000000000000000,-0.000000000
4,6,4096,16777216,33554432,5,cycle,post,1064,33554432,1.00000000000000000,-0.000000000
4,6,4096,16777216,33554432,5,cycle,post,1065,33554432,1.00000000000000000,-0.000000000
4,6,4096,16777216,33554432,5,cycle,post,1066,33554432,1.00000000000000000,-0.000000000
4,6,4096,16777216,33554432,5,cycle,post,1067,33554432,1.00000000000000000,-0.000000000
4,6,4096,16777216,33554432,5,cycle,post,1068,33554432,1.00000000000000000,-0.000000000
4,6,4096,16777216,33554432,5,cycle,post,1069,33554432,1.00000000000000000,-0.000000000
4,6,4096,16777216,33554432,5,cycle,post,1070,33554432,1.00000000000000000,-0.000000000
4,6,4096,16777216,33554432,5,cycle,post,1071,33554432,1.00000000000000000,-0.000000000
4,6,4096,16777216,33554432,5,cycle,post,1072,33554432,1.00000000000000000,-0.000000000
4,6,4096,16777216,33554432,5,cycle,post,1073,33554432,1.00000000000000000,-0.000000000
4,6,4096,16777216,33554432,5,cycle,post,1074,33554432,1.00000000000000000,-0.000000000
4,6,4096,16777216,33554432,5,cycle,post,1075,33554432,1.00000000000000000,-0.000000000
4,6,4096,16777216,33554432,5,cycle,post,1076,33554432,1.00000000000000000,-0.000000000
4,6,4096,16777216,33554432,5,cycle,post,1077,33554432,1.00000000000000000,-0.000000000
4,6,4096,16777216,33554432,5,cycle,post,1078,33554432,1.00000000000000000,-0.000000000
4,6,4096,16777216,33554432,5,cycle,post,1079,33554432,1.00000000000000000,-0.000000000
4,6,4096,16777216,33554432,5,cycle,post,1080,33554432,1.00000000000000000,-0.000000000
4,6,4096,16777216,33554432,5,cycle,post,1081,33554432,1.00000000000000000,-0.000000000
4,6,4096,16777216,33554432,5,cycle,post,1082,33554432,1.00000000000000000,-0.000000000
4,6,4096,16777216,33554432,5,cycle,post,1083,33554432,1.00000000000000000,-0.000000000
4,6,4096,16777216,33554432,5,cycle,post,1084,33554432,1.00000000000000000,-0.000000000
4,6,4096,16777216,33554432,5,cycle,post,1085,33554432,1.00000000000000000,-0.000000000
4,6,4096,16777216,33554432,5,cycle,post,1086,33554432,1.00000000000000000,-0.000000000
4,6,4096,16777216,33554432,5,cycle,post,1087,33554432,1.00000000000000000,-0.000000000
4,6,4096,16777216,33554432,5,cycle,post,1088,33554432,1.00000000000000000,-0.000000000
4,6,4096,16777216,33554432,5,cycle,post,1089,33554432,1.00000000000000000,-0.000000000
4,6,4096,16777216,33554432,5,cycle,post,1090,33554432,1.00000000000000000,-0.000000000
4,6,4096,16777216,33554432,5,cycle,post,1091,33554432,1.00000000000000000,-0.000000000
4,6,4096,16777216,33554432,5,cycle,post,1092,33554432,1.00000000000000000,-0.000000000
4,6,4096,16777216,33554432,5,cycle,post,1093,33554432,1.00000000000000000,-0.000000000
4,6,4096,16777216,33554432,5,cycle,post,1094,33554432,1.00000000000000000,-0.000000000
4,6,4096,16777216,33554432,5,cycle,post,1095,33554432,1.00000000000000000,-0.000000000
4,6,4096,16777216,33554432,5,cycle,post,1096,33554432,1.00000000000000000,-0.000000000
4,6,4096,16777216,33554432,5,cycle,post,1097,33554432,1.00000000000000000,-0.000000000
4,6,4096,16777216,33554432,5,cycle,post,1098,33554432,1.00000000000000000,-0.000000000
4,6,4096,16777216,33554432,5,cycle,post,1099,33554432,1.00000000000000000,-0.000000000
4,6,4096,16777216,33554432,5,cycle,post,1100,33554432,1.00000000000000000,-0.000000000
4,6,4096,16777216,33554432,5,cycle,post,1101,33554432,1.00000000000000000,-0.000000000
4,6,4096,16777216,33554432,5,cycle,post,1102,33554432,1.00000000000000000,-0.000000000
4,6,4096,16777216,33554432,5,cycle,post,1103,33554432,1.00000000000000000,-0.000000000
4,6,4096,16777216,33554432,5,cycle,post,1104,33554432,1.00000000000000000,-0.000000000
4,6,4096,16777216,33554432,5,cycle,post,1105,33554432,1.00000000000000000,-0.000000000
4,6,4096,16777216,33554432,5,cycle,post,1106,33554432,1.00000000000000000,-0.000000000
4,6,4096,16777216,33554432,5,cycle,post,1107,33554432,1.00000000000000000,-0.000000000
4,6,4096,16777216,33554432,5,cycle,post,1108,33554432,1.00000000000000000,-0.000000000
4,6,4096,16777216,33554432,5,cycle,post,1109,33554432,1.00000000000000000,-0.000000000
4,6,4096,16777216,33554432,5,cycle,post,1110,33554432,1.00000000000000000,-0.000000000
4,6,4096,16777216,33554432,5,cycle,post,1111,33554432,1.00000000000000000,-0.000000000
4,6,4096,16777216,33554432,5,cycle,post,1112,33554432,1.00000000000000000,-0.000000000
4,6,4096,16777216,33554432,5,cycle,post,1113,33554432,1.00000000000000000,-0.000000000
4,6,4096,16777216,33554432,5,cycle,post,1114,33554432,1.00000000000000000,-0.000000000
4,6,4096,16777216,33554432,5,cycle,post,1115,33554432,1.00000000000000000,-0.000000000
4,6,4096,16777216,33554432,5,cycle,post,1116,33554432,1.00000000000000000,-0.000000000
4,6,4096,16777216,33554432,5,cycle,post,1117,33554432,1.00000000000000000,-0.000000000
4,6,4096,16777216,33554432,5,cycle,post,1118,33554432,1.00000000000000000,-0.000000000
4,6,4096,16777216,33554432,5,cycle,post,1119,33554432,1.00000000000000000,-0.000000000
4,6,4096,16777216,33554432,5,cycle,post,1120,33554432,1.00000000000000000,-0.000000000
4,6,4096,16777216,33554432,5,cycle,post,1121,33554432,1.00000000000000000,-0.000000000
4,6,4096,16777216,33554432,5,cycle,post,1122,33554432,1.00000000000000000,-0.000000000
4,6,4096,16777216,33554432,5,cycle,post,1123,33554432,1.00000000000000000,-0.000000000
4,6,4096,16777216,33554432,5,cycle,post,1124,33554432,1.00000000000000000,-0.000000000
4,6,4096,16777216,33554432,5,cycle,post,1125,33554432,1.00000000000000000,-0.000000000
4,6,4096,16777216,33554432,5,cycle,post,1126,33554432,1.00000000000000000,-0.000000000
4,6,4096,16777216,33554432,5,cycle,post,1127,33554432,1.00000000000000000,-0.000000000
4,6,4096,16777216,33554432,5,cycle,post,1128,33554432,1.00000000000000000,-0.000000000
4,6,4096,16777216,33554432,5,cycle,post,1129,33554432,1.00000000000000000,-0.000000000
4,6,4096,16777216,33554432,5,cycle,post,1130,33554432,1.00000000000000000,-0.000000000
4,6,4096,16777216,33554432,5,cycle,post,1131,33554432,1.00000000000000000,-0.000000000
4,6,4096,16777216,33554432,5,cycle,post,1132,33554432,1.00000000000000000,-0.000000000
4,6,4096,16777216,33554432,5,cycle,post,1133,33554432,1.00000000000000000,-0.000000000
4,6,4096,16777216,33554432,5,cycle,post,1134,33554432,1.00000000000000000,-0.000000000
4,6,4096,16777216,33554432,5,cycle,post,1135,33554432,1.00000000000000000,-0.000000000
4,6,4096,16777216,33554432,5,cycle,post,1136,33554432,1.00000000000000000,-0.000000000
4,6,4096,16777216,33554432,5,cycle,post,1137,33554432,1.00000000000000000,-0.000000000
4,6,4096,16777216,33554432,5,cycle,post,1138,33554432,1.00000000000000000,-0.000000000
4,6,4096,16777216,33554432,5,cycle,post,1139,33554432,1.00000000000000000,-0.000000000
4,6,4096,16777216,33554432,5,cycle,post,1140,33554432,1.00000000000000000,-0.000000000
4,6,4096,16777216,33554432,5,cycle,post,1141,33554432,1.00000000000000000,-0.000000000
4,6,4096,16777216,33554432,5,cycle,post,1142,33554432,1.00000000000000000,-0.000000000
4,6,4096,16777216,33554432,5,cycle,post,1143,33554432,1.00000000000000000,-0.000000000
4,6,4096,16777216,33554432,5,cycle,post,1144,33554432,1.00000000000000000,-0.000000000
4,6,4096,16777216,33554432,5,cycle,post,1145,33554432,1.00000000000000000,-0.000000000
4,6,4096,16777216,33554432,5,cycle,post,1146,33554432,1.00000000000000000,-0.000000000
4,6,4096,16777216,33554432,5,cycle,post,1147,33554432,1.00000000000000000,-0.000000000
4,6,4096,16777216,33554432,5,cycle,post,1148,33554432,1.00000000000000000,-0.000000000
4,6,4096,16777216,33554432,5,cycle,post,1149,33554432,1.00000000000000000,-0.000000000
4,6,4096,16777216,33554432,5,cycle,post,1150,33554432,1.00000000000000000,-0.000000000
4,6,4096,16777216,33554432,5,cycle,post,1151,33554432,1.00000000000000000,-0.000000000
4,6,4096,16777216,33554432,5,cycle,post,1152,33554432,1.00000000000000000,-0.000000000
4,6,4096,16777216,33554432,5,cycle,post,1153,33554432,1.00000000000000000,-0.000000000
4,6,4096,16777216,33554432,5,cycle,post,1154,33554432,1.00000000000000000,-0.000000000
4,6,4096,16777216,33554432,5,cycle,post,1155,33554432,1.00000000000000000,-0.000000000
4,6,4096,16777216,33554432,5,cycle,post,1156,33554432,1.00000000000000000,-0.000000000
4,6,4096,16777216,33554432,5,cycle,post,1157,33554432,1.00000000000000000,-0.000000000
4,6,4096,16777216,33554432,5,cycle,post,1158,33554432,1.00000000000000000,-0.000000000
4,6,4096,16777216,33554432,5,cycle,post,1159,33554432,1.00000000000000000,-0.000000000
4,6,4096,16777216,33554432,5,cycle,post,1160,33554432,1.00000000000000000,-0.000000000
4,6,4096,16777216,33554432,5,cycle,post,1161,33554432,1.00000000000000000,-0.000000000
4,6,4096,16777216,33554432,5,cycle,post,1162,33554432,1.00000000000000000,-0.000000000
4,6,4096,16777216,33554432,5,cycle,post,1163,33554432,1.00000000000000000,-0.000000000
4,6,4096,16777216,33554432,5,cycle,post,1164,33554432,1.00000000000000000,-0.000000000
4,6,4096,16777216,33554432,5,cycle,post,1165,33554432,1.00000000000000000,-0.000000000
4,6,4096,16777216,33554432,5,cycle,post,1166,33554432,1.00000000000000000,-0.000000000
4,6,4096,16777216,33554432,5,cycle,post,1167,33554432,1.00000000000000000,-0.000000000
4,6,4096,16777216,33554432,5,cycle,post,1168,33554432,1.00000000000000000,-0.000000000
4,6,4096,16777216,33554432,5,cycle,post,1169,33554432,1.00000000000000000,-0.000000000
4,6,4096,16777216,33554432,5,cycle,post,1170,33554432,1.00000000000000000,-0.000000000
4,6,4096,16777216,33554432,5,cycle,post,1171,33554432,1.00000000000000000,-0.000000000
4,6,4096,16777216,33554432,5,cycle,post,1172,33554432,1.00000000000000000,-0.000000000
4,6,4096,16777216,33554432,5,cycle,post,1173,33554432,1.00000000000000000,-0.000000000
4,6,4096,16777216,33554432,5,cycle,post,1174,33554432,1.00000000000000000,-0.000000000
4,6,4096,16777216,33554432,5,cycle,post,1175,33554432,1.00000000000000000,-0.000000000
4,6,4096,16777216,33554432,5,cycle,post,1176,33554432,1.00000000000000000,-0.000000000
4,6,4096,16777216,33554432,5,cycle,post,1177,33554432,1.00000000000000000,-0.000000000
4,6,4096,16777216,33554432,5,cycle,post,1178,33554432,1.00000000000000000,-0.000000000
4,6,4096,16777216,33554432,5,cycle,post,1179,33554432,1.00000000000000000,-0.000000000
4,6,4096,16777216,33554432,5,cycle,post,1180,33554432,1.00000000000000000,-0.000000000
4,6,4096,16777216,33554432,5,cycle,post,1181,33554432,1.00000000000000000,-0.000000000
4,6,4096,16777216,33554432,5,cycle,post,1182,33554432,1.00000000000000000,-0.000000000
4,6,4096,16777216,33554432,5,cycle,post,1183,33554432,1.00000000000000000,-0.000000000
4,6,4096,16777216,33554432,5,cycle,post,1184,33554432,1.00000000000000000,-0.000000000
4,6,4096,16777216,33554432,5,cycle,post,1185,33554432,1.00000000000000000,-0.000000000
4,6,4096,16777216,33554432,5,cycle,post,1186,33554432,1.00000000000000000,-0.000000000
4,6,4096,16777216,33554432,5,cycle,post,1187,33554432,1.00000000000000000,-0.000000000
4,6,4096,16777216,33554432,5,cycle,post,1188,33554432,1.00000000000000000,-0.000000000
4,6,4096,16777216,33554432,5,cycle,post,1189,33554432,1.00000000000000000,-0.000000000
4,6,4096,16777216,33554432,5,cycle,post,1190,33554432,1.00000000000000000,-0.000000000
4,6,4096,16777216,33554432,5,cycle,post,1191,33554432,1.00000000000000000,-0.000000000
4,6,4096,16777216,33554432,5,cycle,post,1192,33554432,1.00000000000000000,-0.000000000
4,6,4096,16777216,33554432,5,cycle,post,1193,33554432,1.00000000000000000,-0.000000000
4,6,4096,16777216,33554432,5,cycle,post,1194,33554432,1.00000000000000000,-0.000000000
4,6,4096,16777216,33554432,5,cycle,post,1195,33554432,1.00000000000000000,-0.000000000
4,6,4096,16777216,33554432,5,cycle,post,1196,33554432,1.00000000000000000,-0.000000000
4,6,4096,16777216,33554432,5,cycle,post,1197,33554432,1.00000000000000000,-0.000000000
4,6,4096,16777216,33554432,5,cycle,post,1198,33554432,1.00000000000000000,-0.000000000
4,6,4096,16777216,33554432,5,cycle,post,1199,33554432,1.00000000000000000,-0.000000000
4,6,4096,16777216,33554432,5,cycle,post,1200,33554432,1.00000000000000000,-0.000000000
4,6,4096,16777216,33554432,5,cycle,post,1201,33554432,1.00000000000000000,-0.000000000
4,6,4096,16777216,33554432,5,cycle,post,1202,33554432,1.00000000000000000,-0.000000000
4,6,4096,16777216,33554432,5,cycle,post,1203,33554432,1.00000000000000000,-0.000000000
4,6,4096,16777216,33554432,5,cycle,post,1204,33554432,1.00000000000000000,-0.000000000
4,6,4096,16777216,33554432,5,cycle,post,1205,33554432,1.00000000000000000,-0.000000000
4,6,4096,16777216,33554432,5,cycle,post,1206,33554432,1.00000000000000000,-0.000000000
4,6,4096,16777216,33554432,5,cycle,post,1207,33554432,1.00000000000000000,-0.000000000
4,6,4096,16777216,33554432,5,cycle,post,1208,33554432,1.00000000000000000,-0.000000000
4,6,4096,16777216,33554432,5,cycle,post,1209,33554432,1.00000000000000000,-0.000000000
4,6,4096,16777216,33554432,5,cycle,post,1210,33554432,1.00000000000000000,-0.000000000
4,6,4096,16777216,33554432,5,cycle,post,1211,33554432,1.00000000000000000,-0.000000000
4,6,4096,16777216,33554432,5,cycle,post,1212,33554432,1.00000000000000000,-0.000000000
4,6,4096,16777216,33554432,5,cycle,post,1213,33554432,1.00000000000000000,-0.000000000
4,6,4096,16777216,33554432,5,cycle,post,1214,33554432,1.00000000000000000,-0.000000000
4,6,4096,16777216,33554432,5,cycle,post,1215,33554432,1.00000000000000000,-0.000000000
4,6,4096,16777216,33554432,5,cycle,post,1216,33554432,1.00000000000000000,-0.000000000
4,6,4096,16777216,33554432,5,cycle,post,1217,33554432,1.00000000000000000,-0.000000000
4,6,4096,16777216,33554432,5,cycle,post,1218,33554432,1.00000000000000000,-0.000000000
4,6,4096,16777216,33554432,5,cycle,post,1219,33554432,1.00000000000000000,-0.000000000
4,6,4096,16777216,33554432,5,cycle,post,1220,33554432,1.00000000000000000,-0.000000000
4,6,4096,16777216,33554432,5,cycle,post,1221,33554432,1.00000000000000000,-0.000000000
4,6,4096,16777216,33554432,5,cycle,post,1222,33554432,1.00000000000000000,-0.000000000
4,6,4096,16777216,33554432,5,cycle,post,1223,33554432,1.00000000000000000,-0.000000000
4,6,4096,16777216,33554432,5,cycle,post,1224,33554432,1.00000000000000000,-0.000000000
4,6,4096,16777216,33554432,5,cycle,post,1225,33554432,1.00000000000000000,-0.000000000
4,6,4096,16777216,33554432,5,cycle,post,1226,33554432,1.00000000000000000,-0.000000000
4,6,4096,16777216,33554432,5,cycle,post,1227,33554432,1.00000000000000000,-0.000000000
4,6,4096,16777216,33554432,5,cycle,post,1228,33554432,1.00000000000000000,-0.000000000
4,6,4096,16777216,33554432,5,cycle,post,1229,33554432,1.00000000000000000,-0.000000000
4,6,4096,16777216,33554432,5,cycle,post,1230,33554432,1.00000000000000000,-0.000000000
4,6,4096,16777216,33554432,5,cycle,post,1231,33554432,1.00000000000000000,-0.000000000
4,6,4096,16777216,33554432,5,cycle,post,1232,33554432,1.00000000000000000,-0.000000000
4,6,4096,16777216,33554432,5,cycle,post,1233,33554432,1.00000000000000000,-0.000000000
4,6,4096,16777216,33554432,5,cycle,post,1234,33554432,1.00000000000000000,-0.000000000
4,6,4096,16777216,33554432,5,cycle,post,1235,33554432,1.00000000000000000,-0.000000000
4,6,4096,16777216,33554432,5,cycle,post,1236,33554432,1.00000000000000000,-0.000000000
4,6,4096,16777216,33554432,5,cycle,post,1237,33554432,1.00000000000000000,-0.000000000
4,6,4096,16777216,33554432,5,cycle,post,1238,33554432,1.00000000000000000,-0.000000000
4,6,4096,16777216,33554432,5,cycle,post,1239,33554432,1.00000000000000000,-0.000000000
4,6,4096,16777216,33554432,5,cycle,post,1240,33554432,1.00000000000000000,-0.000000000
4,6,4096,16777216,33554432,5,cycle,post,1241,33554432,1.00000000000000000,-0.000000000
4,6,4096,16777216,33554432,5,cycle,post,1242,33554432,1.00000000000000000,-0.000000000
4,6,4096,16777216,33554432,5,cycle,post,1243,33554432,1.00000000000000000,-0.000000000
4,6,4096,16777216,33554432,5,cycle,post,1244,33554432,1.00000000000000000,-0.000000000
4,6,4096,16777216,33554432,5,cycle,post,1245,33554432,1.00000000000000000,-0.000000000
4,6,4096,16777216,33554432,5,cycle,post,1246,33554432,1.00000000000000000,-0.000000000
4,6,4096,16777216,33554432,5,cycle,post,1247,33554432,1.00000000000000000,-0.000000000
4,6,4096,16777216,33554432,5,cycle,post,1248,33554432,1.00000000000000000,-0.000000000
4,6,4096,16777216,33554432,5,cycle,post,1249,33554432,1.00000000000000000,-0.000000000
4,6,4096,16777216,33554432,5,cycle,post,1250,33554432,1.00000000000000000,-0.000000000
4,6,4096,16777216,33554432,5,cycle,post,1251,33554432,1.00000000000000000,-0.000000000
4,6,4096,16777216,33554432,5,cycle,post,1252,33554432,1.00000000000000000,-0.000000000
4,6,4096,16777216,33554432,5,cycle,post,1253,33554432,1.00000000000000000,-0.000000000
4,6,4096,16777216,33554432,5,cycle,post,1254,33554432,1.00000000000000000,-0.000000000
4,6,4096,16777216,33554432,5,cycle,post,1255,33554432,1.00000000000000000,-0.000000000
4,6,4096,16777216,33554432,5,cycle,post,1256,33554432,1.00000000000000000,-0.000000000
4,6,4096,16777216,33554432,5,cycle,post,1257,33554432,1.00000000000000000,-0.000000000
4,6,4096,16777216,33554432,5,cycle,post,1258,33554432,1.00000000000000000,-0.000000000
4,6,4096,16777216,33554432,5,cycle,post,1259,33554432,1.00000000000000000,-0.000000000
4,6,4096,16777216,33554432,5,cycle,post,1260,33554432,1.00000000000000000,-0.000000000
4,6,4096,16777216,33554432,5,cycle,post,1261,33554432,1.00000000000000000,-0.000000000
4,6,4096,16777216,33554432,5,cycle,post,1262,33554432,1.00000000000000000,-0.000000000
4,6,4096,16777216,33554432,5,cycle,post,1263,33554432,1.00000000000000000,-0.000000000
4,6,4096,16777216,33554432,5,cycle,post,1264,33554432,1.00000000000000000,-0.000000000
4,6,4096,16777216,33554432,5,cycle,post,1265,33554432,1.00000000000000000,-0.000000000
4,6,4096,16777216,33554432,5,cycle,post,1266,33554432,1.00000000000000000,-0.000000000
4,6,4096,16777216,33554432,5,cycle,post,1267,33554432,1.00000000000000000,-0.000000000
4,6,4096,16777216,33554432,5,cycle,post,1268,33554432,1.00000000000000000,-0.000000000
4,6,4096,16777216,33554432,5,cycle,post,1269,33554432,1.00000000000000000,-0.000000000
4,6,4096,16777216,33554432,5,cycle,post,1270,33554432,1.00000000000000000,-0.000000000
4,6,4096,16777216,33554432,5,cycle,post,1271,33554432,1.00000000000000000,-0.000000000
4,6,4096,16777216,33554432,5,cycle,post,1272,33554432,1.00000000000000000,-0.000000000
4,6,4096,16777216,33554432,5,cycle,post,1273,33554432,1.00000000000000000,-0.000000000
4,6,4096,16777216,33554432,5,cycle,post,1274,33554432,1.00000000000000000,-0.000000000
4,6,4096,16777216,33554432,5,cycle,post,1275,33554432,1.00000000000000000,-0.000000000
4,6,4096,16777216,33554432,5,cycle,post,1276,33554432,1.00000000000000000,-0.000000000
4,6,4096,16777216,33554432,5,cycle,post,1277,33554432,1.00000000000000000,-0.000000000
4,6,4096,16777216,33554432,5,cycle,post,1278,33554432,1.00000000000000000,-0.000000000
4,6,4096,16777216,33554432,5,cycle,post,1279,33554432,1.00000000000000000,-0.000000000
4,6,4096,16777216,33554432,5,cycle,post,1280,33554432,1.00000000000000000,-0.000000000
4,6,4096,16777216,33554432,5,cycle,post,1281,33554432,1.00000000000000000,-0.000000000
4,6,4096,16777216,33554432,5,cycle,post,1282,33554432,1.00000000000000000,-0.000000000
4,6,4096,16777216,33554432,5,cycle,post,1283,33554432,1.00000000000000000,-0.000000000
4,6,4096,16777216,33554432,5,cycle,post,1284,33554432,1.00000000000000000,-0.000000000
4,6,4096,16777216,33554432,5,cycle,post,1285,33554432,1.00000000000000000,-0.000000000
4,6,4096,16777216,33554432,5,cycle,post,1286,33554432,1.00000000000000000,-0.000000000
4,6,4096,16777216,33554432,5,cycle,post,1287,33554432,1.00000000000000000,-0.000000000
4,6,4096,16777216,33554432,5,cycle,post,1288,33554432,1.00000000000000000,-0.000000000
4,6,4096,16777216,33554432,5,cycle,post,1289,33554432,1.00000000000000000,-0.000000000
4,6,4096,16777216,33554432,5,cycle,post,1290,33554432,1.00000000000000000,-0.000000000
4,6,4096,16777216,33554432,5,cycle,post,1291,33554432,1.00000000000000000,-0.000000000
4,6,4096,16777216,33554432,5,cycle,post,1292,33554432,1.00000000000000000,-0.000000000
4,6,4096,16777216,33554432,5,cycle,post,1293,33554432,1.00000000000000000,-0.000000000
4,6,4096,16777216,33554432,5,cycle,post,1294,33554432,1.00000000000000000,-0.000000000
4,6,4096,16777216,33554432,5,cycle,post,1295,33554432,1.00000000000000000,-0.000000000
4,6,4096,16777216,33554432,5,cycle,post,1296,33554432,1.00000000000000000,-0.000000000
4,6,4096,16777216,33554432,5,cycle,post,1297,33554432,1.00000000000000000,-0.000000000
4,6,4096,16777216,33554432,5,cycle,post,1298,33554432,1.00000000000000000,-0.000000000
4,6,4096,16777216,33554432,5,cycle,post,1299,33554432,1.00000000000000000,-0.000000000
4,6,4096,16777216,33554432,5,cycle,post,1300,33554432,1.00000000000000000,-0.000000000
4,6,4096,16777216,33554432,5,cycle,post,1301,33554432,1.00000000000000000,-0.000000000
4,6,4096,16777216,33554432,5,cycle,post,1302,33554432,1.00000000000000000,-0.000000000
4,6,4096,16777216,33554432,5,cycle,post,1303,33554432,1.00000000000000000,-0.000000000
4,6,4096,16777216,33554432,5,cycle,post,1304,33554432,1.00000000000000000,-0.000000000
4,6,4096,16777216,33554432,5,cycle,post,1305,33554432,1.00000000000000000,-0.000000000
4,6,4096,16777216,33554432,5,cycle,post,1306,33554432,1.00000000000000000,-0.000000000
4,6,4096,16777216,33554432,5,cycle,post,1307,33554432,1.00000000000000000,-0.000000000
4,6,4096,16777216,33554432,5,cycle,post,1308,33554432,1.00000000000000000,-0.000000000
4,6,4096,16777216,33554432,5,cycle,post,1309,33554432,1.00000000000000000,-0.000000000
4,6,4096,16777216,33554432,5,cycle,post,1310,33554432,1.00000000000000000,-0.000000000
4,6,4096,16777216,33554432,5,cycle,post,1311,33554432,1.00000000000000000,-0.000000000
4,6,4096,16777216,33554432,5,cycle,post,1312,33554432,1.00000000000000000,-0.000000000
4,6,4096,16777216,33554432,5,cycle,post,1313,33554432,1.00000000000000000,-0.000000000
4,6,4096,16777216,33554432,5,cycle,post,1314,33554432,1.00000000000000000,-0.000000000
4,6,4096,16777216,33554432,5,cycle,post,1315,33554432,1.00000000000000000,-0.000000000
4,6,4096,16777216,33554432,5,cycle,post,1316,33554432,1.00000000000000000,-0.000000000
4,6,4096,16777216,33554432,5,cycle,post,1317,33554432,1.00000000000000000,-0.000000000
4,6,4096,16777216,33554432,5,cycle,post,1318,33554432,1.00000000000000000,-0.000000000
4,6,4096,16777216,33554432,5,cycle,post,1319,33554432,1.00000000000000000,-0.000000000
4,6,4096,16777216,33554432,5,cycle,post,1320,33554432,1.00000000000000000,-0.000000000
4,6,4096,16777216,33554432,5,cycle,post,1321,33554432,1.00000000000000000,-0.000000000
4,6,4096,16777216,33554432,5,cycle,post,1322,33554432,1.00000000000000000,-0.000000000
4,6,4096,16777216,33554432,5,cycle,post,1323,33554432,1.00000000000000000,-0.000000000
4,6,4096,16777216,33554432,5,cycle,post,1324,33554432,1.00000000000000000,-0.000000000
4,6,4096,16777216,33554432,5,cycle,post,1325,33554432,1.00000000000000000,-0.000000000
4,6,4096,16777216,33554432,5,cycle,post,1326,33554432,1.00000000000000000,-0.000000000
4,6,4096,16777216,33554432,5,cycle,post,1327,33554432,1.00000000000000000,-0.000000000
4,6,4096,16777216,33554432,5,cycle,post,1328,33554432,1.00000000000000000,-0.000000000
4,6,4096,16777216,33554432,5,cycle,post,1329,33554432,1.00000000000000000,-0.000000000
4,6,4096,16777216,33554432,5,cycle,post,1330,33554432,1.00000000000000000,-0.000000000
4,6,4096,16777216,33554432,5,cycle,post,1331,33554432,1.00000000000000000,-0.000000000
4,6,4096,16777216,33554432,5,cycle,post,1332,33554432,1.00000000000000000,-0.000000000
4,6,4096,16777216,33554432,5,cycle,post,1333,33554432,1.00000000000000000,-0.000000000
4,6,4096,16777216,33554432,5,cycle,post,1334,33554432,1.00000000000000000,-0.000000000
4,6,4096,16777216,33554432,5,cycle,post,1335,33554432,1.00000000000000000,-0.000000000
4,6,4096,16777216,33554432,5,cycle,post,1336,33554432,1.00000000000000000,-0.000000000
4,6,4096,16777216,33554432,5,cycle,post,1337,33554432,1.00000000000000000,-0.000000000
4,6,4096,16777216,33554432,5,cycle,post,1338,33554432,1.00000000000000000,-0.000000000
4,6,4096,16777216,33554432,5,cycle,post,1339,33554432,1.00000000000000000,-0.000000000
4,6,4096,16777216,33554432,5,cycle,post,1340,33554432,1.00000000000000000,-0.000000000
4,6,4096,16777216,33554432,5,cycle,post,1341,33554432,1.00000000000000000,-0.000000000
4,6,4096,16777216,33554432,5,cycle,post,1342,33554432,1.00000000000000000,-0.000000000
4,6,4096,16777216,33554432,5,cycle,post,1343,33554432,1.00000000000000000,-0.000000000
4,6,4096,16777216,33554432,5,cycle,post,1344,33554432,1.00000000000000000,-0.000000000
4,6,4096,16777216,33554432,5,cycle,post,1345,33554432,1.00000000000000000,-0.000000000
4,6,4096,16777216,33554432,5,cycle,post,1346,33554432,1.00000000000000000,-0.000000000
4,6,4096,16777216,33554432,5,cycle,post,1347,33554432,1.00000000000000000,-0.000000000
4,6,4096,16777216,33554432,5,cycle,post,1348,33554432,1.00000000000000000,-0.000000000
4,6,4096,16777216,33554432,5,cycle,post,1349,33554432,1.00000000000000000,-0.000000000
4,6,4096,16777216,33554432,5,cycle,post,1350,33554432,1.00000000000000000,-0.000000000
4,6,4096,16777216,33554432,5,cycle,post,1351,33554432,1.00000000000000000,-0.000000000
4,6,4096,16777216,33554432,5,cycle,post,1352,33554432,1.00000000000000000,-0.000000000
4,6,4096,16777216,33554432,5,cycle,post,1353,33554432,1.00000000000000000,-0.000000000
4,6,4096,16777216,33554432,5,cycle,post,1354,33554432,1.00000000000000000,-0.000000000
4,6,4096,16777216,33554432,5,cycle,post,1355,33554432,1.00000000000000000,-0.000000000
4,6,4096,16777216,33554432,5,cycle,post,1356,33554432,1.00000000000000000,-0.000000000
4,6,4096,16777216,33554432,5,cycle,post,1357,33554432,1.00000000000000000,-0.000000000
4,6,4096,16777216,33554432,5,cycle,post,1358,33554432,1.00000000000000000,-0.000000000
4,6,4096,16777216,33554432,5,cycle,post,1359,33554432,1.00000000000000000,-0.000000000
4,6,4096,16777216,33554432,5,cycle,post,1360,33554432,1.00000000000000000,-0.000000000
4,6,4096,16777216,33554432,5,cycle,post,1361,33554432,1.00000000000000000,-0.000000000
4,6,4096,16777216,33554432,5,cycle,post,1362,33554432,1.00000000000000000,-0.000000000
4,6,4096,16777216,33554432,5,cycle,post,1363,33554432,1.00000000000000000,-0.000000000
4,6,4096,16777216,33554432,5,cycle,post,1364,33554432,1.00000000000000000,-0.000000000
4,6,4096,16777216,33554432,5,cycle,post,1365,33554432,1.00000000000000000,-0.000000000
4,6,4096,16777216,33554432,5,cycle,post,1366,33554432,1.00000000000000000,-0.000000000
4,6,4096,16777216,33554432,5,cycle,post,1367,33554432,1.00000000000000000,-0.000000000
4,6,4096,16777216,33554432,5,cycle,post,1368,33554432,1.00000000000000000,-0.000000000
4,6,4096,16777216,33554432,5,cycle,post,1369,33554432,1.00000000000000000,-0.000000000
4,6,4096,16777216,33554432,5,cycle,post,1370,33554432,1.00000000000000000,-0.000000000
4,6,4096,16777216,33554432,5,cycle,post,1371,33554432,1.00000000000000000,-0.000000000
4,6,4096,16777216,33554432,5,cycle,post,1372,33554432,1.00000000000000000,-0.000000000
4,6,4096,16777216,33554432,5,cycle,post,1373,33554432,1.00000000000000000,-0.000000000
4,6,4096,16777216,33554432,5,cycle,post,1374,33554432,1.00000000000000000,-0.000000000
4,6,4096,16777216,33554432,5,cycle,post,1375,33554432,1.00000000000000000,-0.000000000
4,6,4096,16777216,33554432,5,cycle,post,1376,33554432,1.00000000000000000,-0.000000000
4,6,4096,16777216,33554432,5,cycle,post,1377,33554432,1.00000000000000000,-0.000000000
4,6,4096,16777216,33554432,5,cycle,post,1378,33554432,1.00000000000000000,-0.000000000
4,6,4096,16777216,33554432,5,cycle,post,1379,33554432,1.00000000000000000,-0.000000000
4,6,4096,16777216,33554432,5,cycle,post,1380,33554432,1.00000000000000000,-0.000000000
4,6,4096,16777216,33554432,5,cycle,post,1381,33554432,1.00000000000000000,-0.000000000
4,6,4096,16777216,33554432,5,cycle,post,1382,33554432,1.00000000000000000,-0.000000000
4,6,4096,16777216,33554432,5,cycle,post,1383,33554432,1.00000000000000000,-0.000000000
4,6,4096,16777216,33554432,5,cycle,post,1384,33554432,1.00000000000000000,-0.000000000
4,6,4096,16777216,33554432,5,cycle,post,1385,33554432,1.00000000000000000,-0.000000000
4,6,4096,16777216,33554432,5,cycle,post,1386,33554432,1.00000000000000000,-0.000000000
4,6,4096,16777216,33554432,5,cycle,post,1387,33554432,1.00000000000000000,-0.000000000
4,6,4096,16777216,33554432,5,cycle,post,1388,33554432,1.00000000000000000,-0.000000000
4,6,4096,16777216,33554432,5,cycle,post,1389,33554432,1.00000000000000000,-0.000000000
4,6,4096,16777216,33554432,5,cycle,post,1390,33554432,1.00000000000000000,-0.000000000
4,6,4096,16777216,33554432,5,cycle,post,1391,33554432,1.00000000000000000,-0.000000000
4,6,4096,16777216,33554432,5,cycle,post,1392,33554432,1.00000000000000000,-0.000000000
4,6,4096,16777216,33554432,5,cycle,post,1393,33554432,1.00000000000000000,-0.000000000
4,6,4096,16777216,33554432,5,cycle,post,1394,33554432,1.00000000000000000,-0.000000000
4,6,4096,16777216,33554432,5,cycle,post,1395,33554432,1.00000000000000000,-0.000000000
4,6,4096,16777216,33554432,5,cycle,post,1396,33554432,1.00000000000000000,-0.000000000
4,6,4096,16777216,33554432,5,cycle,post,1397,33554432,1.00000000000000000,-0.000000000
4,6,4096,16777216,33554432,5,cycle,post,1398,33554432,1.00000000000000000,-0.000000000
4,6,4096,16777216,33554432,5,cycle,post,1399,33554432,1.00000000000000000,-0.000000000
4,6,4096,16777216,33554432,5,cycle,post,1400,33554432,1.00000000000000000,-0.000000000
4,6,4096,16777216,33554432,5,cycle,post,1401,33554432,1.00000000000000000,-0.000000000
4,6,4096,16777216,33554432,5,cycle,post,1402,33554432,1.00000000000000000,-0.000000000
4,6,4096,16777216,33554432,5,cycle,post,1403,33554432,1.00000000000000000,-0.000000000
4,6,4096,16777216,33554432,5,cycle,post,1404,33554432,1.00000000000000000,-0.000000000
4,6,4096,16777216,33554432,5,cycle,post,1405,33554432,1.00000000000000000,-0.000000000
4,6,4096,16777216,33554432,5,cycle,post,1406,33554432,1.00000000000000000,-0.000000000
4,6,4096,16777216,33554432,5,cycle,post,1407,33554432,1.00000000000000000,-0.000000000
4,6,4096,16777216,33554432,5,cycle,post,1408,33554432,1.00000000000000000,-0.000000000
4,6,4096,16777216,33554432,5,cycle,post,1409,33554432,1.00000000000000000,-0.000000000
4,6,4096,16777216,33554432,5,cycle,post,1410,33554432,1.00000000000000000,-0.000000000
4,6,4096,16777216,33554432,5,cycle,post,1411,33554432,1.00000000000000000,-0.000000000
4,6,4096,16777216,33554432,5,cycle,post,1412,33554432,1.00000000000000000,-0.000000000
4,6,4096,16777216,33554432,5,cycle,post,1413,33554432,1.00000000000000000,-0.000000000
4,6,4096,16777216,33554432,5,cycle,post,1414,33554432,1.00000000000000000,-0.000000000
4,6,4096,16777216,33554432,5,cycle,post,1415,33554432,1.00000000000000000,-0.000000000
4,6,4096,16777216,33554432,5,cycle,post,1416,33554432,1.00000000000000000,-0.000000000
4,6,4096,16777216,33554432,5,cycle,post,1417,33554432,1.00000000000000000,-0.000000000
4,6,4096,16777216,33554432,5,cycle,post,1418,33554432,1.00000000000000000,-0.000000000
4,6,4096,16777216,33554432,5,cycle,post,1419,33554432,1.00000000000000000,-0.000000000
4,6,4096,16777216,33554432,5,cycle,post,1420,33554432,1.00000000000000000,-0.000000000
4,6,4096,16777216,33554432,5,cycle,post,1421,33554432,1.00000000000000000,-0.000000000
4,6,4096,16777216,33554432,5,cycle,post,1422,33554432,1.00000000000000000,-0.000000000
4,6,4096,16777216,33554432,5,cycle,post,1423,33554432,1.00000000000000000,-0.000000000
4,6,4096,16777216,33554432,5,cycle,post,1424,33554432,1.00000000000000000,-0.000000000
4,6,4096,16777216,33554432,5,cycle,post,1425,33554432,1.00000000000000000,-0.000000000
4,6,4096,16777216,33554432,5,cycle,post,1426,33554432,1.00000000000000000,-0.000000000
4,6,4096,16777216,33554432,5,cycle,post,1427,33554432,1.00000000000000000,-0.000000000
4,6,4096,16777216,33554432,5,cycle,post,1428,33554432,1.00000000000000000,-0.000000000
4,6,4096,16777216,33554432,5,cycle,post,1429,33554432,1.00000000000000000,-0.000000000
4,6,4096,16777216,33554432,5,cycle,post,1430,33554432,1.00000000000000000,-0.000000000
4,6,4096,16777216,33554432,5,cycle,post,1431,33554432,1.00000000000000000,-0.000000000
4,6,4096,16777216,33554432,5,cycle,post,1432,33554432,1.00000000000000000,-0.000000000
4,6,4096,16777216,33554432,5,cycle,post,1433,33554432,1.00000000000000000,-0.000000000
4,6,4096,16777216,33554432,5,cycle,post,1434,33554432,1.00000000000000000,-0.000000000
4,6,4096,16777216,33554432,5,cycle,post,1435,33554432,1.00000000000000000,-0.000000000
4,6,4096,16777216,33554432,5,cycle,post,1436,33554432,1.00000000000000000,-0.000000000
4,6,4096,16777216,33554432,5,cycle,post,1437,33554432,1.00000000000000000,-0.000000000
4,6,4096,16777216,33554432,5,cycle,post,1438,33554432,1.00000000000000000,-0.000000000
4,6,4096,16777216,33554432,5,cycle,post,1439,33554432,1.00000000000000000,-0.000000000
4,6,4096,16777216,33554432,5,cycle,post,1440,33554432,1.00000000000000000,-0.000000000
4,6,4096,16777216,33554432,5,cycle,post,1441,33554432,1.00000000000000000,-0.000000000
4,6,4096,16777216,33554432,5,cycle,post,1442,33554432,1.00000000000000000,-0.000000000
4,6,4096,16777216,33554432,5,cycle,post,1443,33554432,1.00000000000000000,-0.000000000
4,6,4096,16777216,33554432,5,cycle,post,1444,33554432,1.00000000000000000,-0.000000000
4,6,4096,16777216,33554432,5,cycle,post,1445,33554432,1.00000000000000000,-0.000000000
4,6,4096,16777216,33554432,5,cycle,post,1446,33554432,1.00000000000000000,-0.000000000
4,6,4096,16777216,33554432,5,cycle,post,1447,33554432,1.00000000000000000,-0.000000000
4,6,4096,16777216,33554432,5,cycle,post,1448,33554432,1.00000000000000000,-0.000000000
4,6,4096,16777216,33554432,5,cycle,post,1449,33554432,1.00000000000000000,-0.000000000
4,6,4096,16777216,33554432,5,cycle,post,1450,33554432,1.00000000000000000,-0.000000000
4,6,4096,16777216,33554432,5,cycle,post,1451,33554432,1.00000000000000000,-0.000000000
4,6,4096,16777216,33554432,5,cycle,post,1452,33554432,1.00000000000000000,-0.000000000
4,6,4096,16777216,33554432,5,cycle,post,1453,33554432,1.00000000000000000,-0.000000000
4,6,4096,16777216,33554432,5,cycle,post,1454,33554432,1.00000000000000000,-0.000000000
4,6,4096,16777216,33554432,5,cycle,post,1455,33554432,1.00000000000000000,-0.000000000
4,6,4096,16777216,33554432,5,cycle,post,1456,33554432,1.00000000000000000,-0.000000000
4,6,4096,16777216,33554432,5,cycle,post,1457,33554432,1.00000000000000000,-0.000000000
4,6,4096,16777216,33554432,5,cycle,post,1458,33554432,1.00000000000000000,-0.000000000
4,6,4096,16777216,33554432,5,cycle,post,1459,33554432,1.00000000000000000,-0.000000000
4,6,4096,16777216,33554432,5,cycle,post,1460,33554432,1.00000000000000000,-0.000000000
4,6,4096,16777216,33554432,5,cycle,post,1461,33554432,1.00000000000000000,-0.000000000
4,6,4096,16777216,33554432,5,cycle,post,1462,33554432,1.00000000000000000,-0.000000000
4,6,4096,16777216,33554432,5,cycle,post,1463,33554432,1.00000000000000000,-0.000000000
4,6,4096,16777216,33554432,5,cycle,post,1464,33554432,1.00000000000000000,-0.000000000
4,6,4096,16777216,33554432,5,cycle,post,1465,33554432,1.00000000000000000,-0.000000000
4,6,4096,16777216,33554432,5,cycle,post,1466,33554432,1.00000000000000000,-0.000000000
4,6,4096,16777216,33554432,5,cycle,post,1467,33554432,1.00000000000000000,-0.000000000
4,6,4096,16777216,33554432,5,cycle,post,1468,33554432,1.00000000000000000,-0.000000000
4,6,4096,16777216,33554432,5,cycle,post,1469,33554432,1.00000000000000000,-0.000000000
4,6,4096,16777216,33554432,5,cycle,post,1470,33554432,1.00000000000000000,-0.000000000
4,6,4096,16777216,33554432,5,cycle,post,1471,33554432,1.00000000000000000,-0.000000000
4,6,4096,16777216,33554432,5,cycle,post,1472,33554432,1.00000000000000000,-0.000000000
4,6,4096,16777216,33554432,5,cycle,post,1473,33554432,1.00000000000000000,-0.000000000
4,6,4096,16777216,33554432,5,cycle,post,1474,33554432,1.00000000000000000,-0.000000000
4,6,4096,16777216,33554432,5,cycle,post,1475,33554432,1.00000000000000000,-0.000000000
4,6,4096,16777216,33554432,5,cycle,post,1476,33554432,1.00000000000000000,-0.000000000
4,6,4096,16777216,33554432,5,cycle,post,1477,33554432,1.00000000000000000,-0.000000000
4,6,4096,16777216,33554432,5,cycle,post,1478,33554432,1.00000000000000000,-0.000000000
4,6,4096,16777216,33554432,5,cycle,post,1479,33554432,1.00000000000000000,-0.000000000
4,6,4096,16777216,33554432,5,cycle,post,1480,33554432,1.00000000000000000,-0.000000000
4,6,4096,16777216,33554432,5,cycle,post,1481,33554432,1.00000000000000000,-0.000000000
4,6,4096,16777216,33554432,5,cycle,post,1482,33554432,1.00000000000000000,-0.000000000
4,6,4096,16777216,33554432,5,cycle,post,1483,33554432,1.00000000000000000,-0.000000000
4,6,4096,16777216,33554432,5,cycle,post,1484,33554432,1.00000000000000000,-0.000000000
4,6,4096,16777216,33554432,5,cycle,post,1485,33554432,1.00000000000000000,-0.000000000
4,6,4096,16777216,33554432,5,cycle,post,1486,33554432,1.00000000000000000,-0.000000000
4,6,4096,16777216,33554432,5,cycle,post,1487,33554432,1.00000000000000000,-0.000000000
4,6,4096,16777216,33554432,5,cycle,post,1488,33554432,1.00000000000000000,-0.000000000
4,6,4096,16777216,33554432,5,cycle,post,1489,33554432,1.00000000000000000,-0.000000000
4,6,4096,16777216,33554432,5,cycle,post,1490,33554432,1.00000000000000000,-0.000000000
4,6,4096,16777216,33554432,5,cycle,post,1491,33554432,1.00000000000000000,-0.000000000
4,6,4096,16777216,33554432,5,cycle,post,1492,33554432,1.00000000000000000,-0.000000000
4,6,4096,16777216,33554432,5,cycle,post,1493,33554432,1.00000000000000000,-0.000000000
4,6,4096,16777216,33554432,5,cycle,post,1494,33554432,1.00000000000000000,-0.000000000
4,6,4096,16777216,33554432,5,cycle,post,1495,33554432,1.00000000000000000,-0.000000000
4,6,4096,16777216,33554432,5,cycle,post,1496,33554432,1.00000000000000000,-0.000000000
4,6,4096,16777216,33554432,5,cycle,post,1497,33554432,1.00000000000000000,-0.000000000
4,6,4096,16777216,33554432,5,cycle,post,1498,33554432,1.00000000000000000,-0.000000000
4,6,4096,16777216,33554432,5,cycle,post,1499,33554432,1.00000000000000000,-0.000000000
4,6,4096,16777216,33554432,5,cycle,post,1500,33554432,1.00000000000000000,-0.000000000
4,6,4096,16777216,33554432,5,cycle,post,1501,33554432,1.00000000000000000,-0.000000000
4,6,4096,16777216,33554432,5,cycle,post,1502,33554432,1.00000000000000000,-0.000000000
4,6,4096,16777216,33554432,5,cycle,post,1503,33554432,1.00000000000000000,-0.000000000
4,6,4096,16777216,33554432,5,cycle,post,1504,33554432,1.00000000000000000,-0.000000000
4,6,4096,16777216,33554432,5,cycle,post,1505,33554432,1.00000000000000000,-0.000000000
4,6,4096,16777216,33554432,5,cycle,post,1506,33554432,1.00000000000000000,-0.000000000
4,6,4096,16777216,33554432,5,cycle,post,1507,33554432,1.00000000000000000,-0.000000000
4,6,4096,16777216,33554432,5,cycle,post,1508,33554432,1.00000000000000000,-0.000000000
4,6,4096,16777216,33554432,5,cycle,post,1509,33554432,1.00000000000000000,-0.000000000
4,6,4096,16777216,33554432,5,cycle,post,1510,33554432,1.00000000000000000,-0.000000000
4,6,4096,16777216,33554432,5,cycle,post,1511,33554432,1.00000000000000000,-0.000000000
4,6,4096,16777216,33554432,5,cycle,post,1512,33554432,1.00000000000000000,-0.000000000
4,6,4096,16777216,33554432,5,cycle,post,1513,33554432,1.00000000000000000,-0.000000000
4,6,4096,16777216,33554432,5,cycle,post,1514,33554432,1.00000000000000000,-0.000000000
4,6,4096,16777216,33554432,5,cycle,post,1515,33554432,1.00000000000000000,-0.000000000
4,6,4096,16777216,33554432,5,cycle,post,1516,33554432,1.00000000000000000,-0.000000000
4,6,4096,16777216,33554432,5,cycle,post,1517,33554432,1.00000000000000000,-0.000000000
4,6,4096,16777216,33554432,5,cycle,post,1518,33554432,1.00000000000000000,-0.000000000
4,6,4096,16777216,33554432,5,cycle,post,1519,33554432,1.00000000000000000,-0.000000000
4,6,4096,16777216,33554432,5,cycle,post,1520,33554432,1.00000000000000000,-0.000000000
4,6,4096,16777216,33554432,5,cycle,post,1521,33554432,1.00000000000000000,-0.000000000
4,6,4096,16777216,33554432,5,cycle,post,1522,33554432,1.00000000000000000,-0.000000000
4,6,4096,16777216,33554432,5,cycle,post,1523,33554432,1.00000000000000000,-0.000000000
4,6,4096,16777216,33554432,5,cycle,post,1524,33554432,1.00000000000000000,-0.000000000
4,6,4096,16777216,33554432,5,cycle,post,1525,33554432,1.00000000000000000,-0.000000000
4,6,4096,16777216,33554432,5,cycle,post,1526,33554432,1.00000000000000000,-0.000000000
4,6,4096,16777216,33554432,5,cycle,post,1527,33554432,1.00000000000000000,-0.000000000
4,6,4096,16777216,33554432,5,cycle,post,1528,33554432,1.00000000000000000,-0.000000000
4,6,4096,16777216,33554432,5,cycle,post,1529,33554432,1.00000000000000000,-0.000000000
4,6,4096,16777216,33554432,5,cycle,post,1530,33554432,1.00000000000000000,-0.000000000
4,6,4096,16777216,33554432,5,cycle,post,1531,33554432,1.00000000000000000,-0.000000000
4,6,4096,16777216,33554432,5,cycle,post,1532,33554432,1.00000000000000000,-0.000000000
4,6,4096,16777216,33554432,5,cycle,post,1533,33554432,1.00000000000000000,-0.000000000
4,6,4096,16777216,33554432,5,cycle,post,1534,33554432,1.00000000000000000,-0.000000000
4,6,4096,16777216,33554432,5,cycle,post,1535,33554432,1.00000000000000000,-0.000000000
4,6,4096,16777216,33554432,5,cycle,post,1536,33554432,1.00000000000000000,-0.000000000
4,6,4096,16777216,33554432,5,cycle,post,1537,33554432,1.00000000000000000,-0.000000000
4,6,4096,16777216,33554432,5,cycle,post,1538,33554432,1.00000000000000000,-0.000000000
4,6,4096,16777216,33554432,5,cycle,post,1539,33554432,1.00000000000000000,-0.000000000
4,6,4096,16777216,33554432,5,cycle,post,1540,33554432,1.00000000000000000,-0.000000000
4,6,4096,16777216,33554432,5,cycle,post,1541,33554432,1.00000000000000000,-0.000000000
4,6,4096,16777216,33554432,5,cycle,post,1542,33554432,1.00000000000000000,-0.000000000
4,6,4096,16777216,33554432,5,cycle,post,1543,33554432,1.00000000000000000,-0.000000000
4,6,4096,16777216,33554432,5,cycle,post,1544,33554432,1.00000000000000000,-0.000000000
4,6,4096,16777216,33554432,5,cycle,post,1545,33554432,1.00000000000000000,-0.000000000
4,6,4096,16777216,33554432,5,cycle,post,1546,33554432,1.00000000000000000,-0.000000000
4,6,4096,16777216,33554432,5,cycle,post,1547,33554432,1.00000000000000000,-0.000000000
4,6,4096,16777216,33554432,5,cycle,post,1548,33554432,1.00000000000000000,-0.000000000
4,6,4096,16777216,33554432,5,cycle,post,1549,33554432,1.00000000000000000,-0.000000000
4,6,4096,16777216,33554432,5,cycle,post,1550,33554432,1.00000000000000000,-0.000000000
4,6,4096,16777216,33554432,5,cycle,post,1551,33554432,1.00000000000000000,-0.000000000
4,6,4096,16777216,33554432,5,cycle,post,1552,33554432,1.00000000000000000,-0.000000000
4,6,4096,16777216,33554432,5,cycle,post,1553,33554432,1.00000000000000000,-0.000000000
4,6,4096,16777216,33554432,5,cycle,post,1554,33554432,1.00000000000000000,-0.000000000
4,6,4096,16777216,33554432,5,cycle,post,1555,33554432,1.00000000000000000,-0.000000000
4,6,4096,16777216,33554432,5,cycle,post,1556,33554432,1.00000000000000000,-0.000000000
4,6,4096,16777216,33554432,5,cycle,post,1557,33554432,1.00000000000000000,-0.000000000
4,6,4096,16777216,33554432,5,cycle,post,1558,33554432,1.00000000000000000,-0.000000000
4,6,4096,16777216,33554432,5,cycle,post,1559,33554432,1.00000000000000000,-0.000000000
4,6,4096,16777216,33554432,5,cycle,post,1560,33554432,1.00000000000000000,-0.000000000
4,6,4096,16777216,33554432,5,cycle,post,1561,33554432,1.00000000000000000,-0.000000000
4,6,4096,16777216,33554432,5,cycle,post,1562,33554432,1.00000000000000000,-0.000000000
4,6,4096,16777216,33554432,5,cycle,post,1563,33554432,1.00000000000000000,-0.000000000
4,6,4096,16777216,33554432,5,cycle,post,1564,33554432,1.00000000000000000,-0.000000000
4,6,4096,16777216,33554432,5,cycle,post,1565,33554432,1.00000000000000000,-0.000000000
4,6,4096,16777216,33554432,5,cycle,post,1566,33554432,1.00000000000000000,-0.000000000
4,6,4096,16777216,33554432,5,cycle,post,1567,33554432,1.00000000000000000,-0.000000000
4,6,4096,16777216,33554432,5,cycle,post,1568,33554432,1.00000000000000000,-0.000000000
4,6,4096,16777216,33554432,5,cycle,post,1569,33554432,1.00000000000000000,-0.000000000
4,6,4096,16777216,33554432,5,cycle,post,1570,33554432,1.00000000000000000,-0.000000000
4,6,4096,16777216,33554432,5,cycle,post,1571,33554432,1.00000000000000000,-0.000000000
4,6,4096,16777216,33554432,5,cycle,post,1572,33554432,1.00000000000000000,-0.000000000
4,6,4096,16777216,33554432,5,cycle,post,1573,33554432,1.00000000000000000,-0.000000000
4,6,4096,16777216,33554432,5,cycle,post,1574,33554432,1.00000000000000000,-0.000000000
4,6,4096,16777216,33554432,5,cycle,post,1575,33554432,1.00000000000000000,-0.000000000
4,6,4096,16777216,33554432,5,cycle,post,1576,33554432,1.00000000000000000,-0.000000000
4,6,4096,16777216,33554432,5,cycle,post,1577,33554432,1.00000000000000000,-0.000000000
4,6,4096,16777216,33554432,5,cycle,post,1578,33554432,1.00000000000000000,-0.000000000
4,6,4096,16777216,33554432,5,cycle,post,1579,33554432,1.00000000000000000,-0.000000000
4,6,4096,16777216,33554432,5,cycle,post,1580,33554432,1.00000000000000000,-0.000000000
4,6,4096,16777216,33554432,5,cycle,post,1581,33554432,1.00000000000000000,-0.000000000
4,6,4096,16777216,33554432,5,cycle,post,1582,33554432,1.00000000000000000,-0.000000000
4,6,4096,16777216,33554432,5,cycle,post,1583,33554432,1.00000000000000000,-0.000000000
4,6,4096,16777216,33554432,5,cycle,post,1584,33554432,1.00000000000000000,-0.000000000
4,6,4096,16777216,33554432,5,cycle,post,1585,33554432,1.00000000000000000,-0.000000000
4,6,4096,16777216,33554432,5,cycle,post,1586,33554432,1.00000000000000000,-0.000000000
4,6,4096,16777216,33554432,5,cycle,post,1587,33554432,1.00000000000000000,-0.000000000
4,6,4096,16777216,33554432,5,cycle,post,1588,33554432,1.00000000000000000,-0.000000000
4,6,4096,16777216,33554432,5,cycle,post,1589,33554432,1.00000000000000000,-0.000000000
4,6,4096,16777216,33554432,5,cycle,post,1590,33554432,1.00000000000000000,-0.000000000
4,6,4096,16777216,33554432,5,cycle,post,1591,33554432,1.00000000000000000,-0.000000000
4,6,4096,16777216,33554432,5,cycle,post,1592,33554432,1.00000000000000000,-0.000000000
4,6,4096,16777216,33554432,5,cycle,post,1593,33554432,1.00000000000000000,-0.000000000
4,6,4096,16777216,33554432,5,cycle,post,1594,33554432,1.00000000000000000,-0.000000000
4,6,4096,16777216,33554432,5,cycle,post,1595,33554432,1.00000000000000000,-0.000000000
4,6,4096,16777216,33554432,5,cycle,post,1596,33554432,1.00000000000000000,-0.000000000
4,6,4096,16777216,33554432,5,cycle,post,1597,33554432,1.00000000000000000,-0.000000000
4,6,4096,16777216,33554432,5,cycle,post,1598,33554432,1.00000000000000000,-0.000000000
4,6,4096,16777216,33554432,5,cycle,post,1599,33554432,1.00000000000000000,-0.000000000
4,6,4096,16777216,33554432,5,cycle,post,1600,33554432,1.00000000000000000,-0.000000000
4,6,4096,16777216,33554432,5,cycle,post,1601,33554432,1.00000000000000000,-0.000000000
4,6,4096,16777216,33554432,5,cycle,post,1602,33554432,1.00000000000000000,-0.000000000
4,6,4096,16777216,33554432,5,cycle,post,1603,33554432,1.00000000000000000,-0.000000000
4,6,4096,16777216,33554432,5,cycle,post,1604,33554432,1.00000000000000000,-0.000000000
4,6,4096,16777216,33554432,5,cycle,post,1605,33554432,1.00000000000000000,-0.000000000
4,6,4096,16777216,33554432,5,cycle,post,1606,33554432,1.00000000000000000,-0.000000000
4,6,4096,16777216,33554432,5,cycle,post,1607,33554432,1.00000000000000000,-0.000000000
4,6,4096,16777216,33554432,5,cycle,post,1608,33554432,1.00000000000000000,-0.000000000
4,6,4096,16777216,33554432,5,cycle,post,1609,33554432,1.00000000000000000,-0.000000000
4,6,4096,16777216,33554432,5,cycle,post,1610,33554432,1.00000000000000000,-0.000000000
4,6,4096,16777216,33554432,5,cycle,post,1611,33554432,1.00000000000000000,-0.000000000
4,6,4096,16777216,33554432,5,cycle,post,1612,33554432,1.00000000000000000,-0.000000000
4,6,4096,16777216,33554432,5,cycle,post,1613,33554432,1.00000000000000000,-0.000000000
4,6,4096,16777216,33554432,5,cycle,post,1614,33554432,1.00000000000000000,-0.000000000
4,6,4096,16777216,33554432,5,cycle,post,1615,33554432,1.00000000000000000,-0.000000000
4,6,4096,16777216,33554432,5,cycle,post,1616,33554432,1.00000000000000000,-0.000000000
4,6,4096,16777216,33554432,5,cycle,post,1617,33554432,1.00000000000000000,-0.000000000
4,6,4096,16777216,33554432,5,cycle,post,1618,33554432,1.00000000000000000,-0.000000000
4,6,4096,16777216,33554432,5,cycle,post,1619,33554432,1.00000000000000000,-0.000000000
4,6,4096,16777216,33554432,5,cycle,post,1620,33554432,1.00000000000000000,-0.000000000
4,6,4096,16777216,33554432,5,cycle,post,1621,33554432,1.00000000000000000,-0.000000000
4,6,4096,16777216,33554432,5,cycle,post,1622,33554432,1.00000000000000000,-0.000000000
4,6,4096,16777216,33554432,5,cycle,post,1623,33554432,1.00000000000000000,-0.000000000
4,6,4096,16777216,33554432,5,cycle,post,1624,33554432,1.00000000000000000,-0.000000000
4,6,4096,16777216,33554432,5,cycle,post,1625,33554432,1.00000000000000000,-0.000000000
4,6,4096,16777216,33554432,5,cycle,post,1626,33554432,1.00000000000000000,-0.000000000
4,6,4096,16777216,33554432,5,cycle,post,1627,33554432,1.00000000000000000,-0.000000000
4,6,4096,16777216,33554432,5,cycle,post,1628,33554432,1.00000000000000000,-0.000000000
4,6,4096,16777216,33554432,5,cycle,post,1629,33554432,1.00000000000000000,-0.000000000
4,6,4096,16777216,33554432,5,cycle,post,1630,33554432,1.00000000000000000,-0.000000000
4,6,4096,16777216,33554432,5,cycle,post,1631,33554432,1.00000000000000000,-0.000000000
4,6,4096,16777216,33554432,5,cycle,post,1632,33554432,1.00000000000000000,-0.000000000
4,6,4096,16777216,33554432,5,cycle,post,1633,33554432,1.00000000000000000,-0.000000000
4,6,4096,16777216,33554432,5,cycle,post,1634,33554432,1.00000000000000000,-0.000000000
4,6,4096,16777216,33554432,5,cycle,post,1635,33554432,1.00000000000000000,-0.000000000
4,6,4096,16777216,33554432,5,cycle,post,1636,33554432,1.00000000000000000,-0.000000000
4,6,4096,16777216,33554432,5,cycle,post,1637,33554432,1.00000000000000000,-0.000000000
4,6,4096,16777216,33554432,5,cycle,post,1638,33554432,1.00000000000000000,-0.000000000
4,6,4096,16777216,33554432,5,cycle,post,1639,33554432,1.00000000000000000,-0.000000000
4,6,4096,16777216,33554432,5,cycle,post,1640,33554432,1.00000000000000000,-0.000000000
4,6,4096,16777216,33554432,5,cycle,post,1641,33554432,1.00000000000000000,-0.000000000
4,6,4096,16777216,33554432,5,cycle,post,1642,33554432,1.00000000000000000,-0.000000000
4,6,4096,16777216,33554432,5,cycle,post,1643,33554432,1.00000000000000000,-0.000000000
4,6,4096,16777216,33554432,5,cycle,post,1644,33554432,1.00000000000000000,-0.000000000
4,6,4096,16777216,33554432,5,cycle,post,1645,33554432,1.00000000000000000,-0.000000000
4,6,4096,16777216,33554432,5,cycle,post,1646,33554432,1.00000000000000000,-0.000000000
4,6,4096,16777216,33554432,5,cycle,post,1647,33554432,1.00000000000000000,-0.000000000
4,6,4096,16777216,33554432,5,cycle,post,1648,33554432,1.00000000000000000,-0.000000000
4,6,4096,16777216,33554432,5,cycle,post,1649,33554432,1.00000000000000000,-0.000000000
4,6,4096,16777216,33554432,5,cycle,post,1650,33554432,1.00000000000000000,-0.000000000
4,6,4096,16777216,33554432,5,cycle,post,1651,33554432,1.00000000000000000,-0.000000000
4,6,4096,16777216,33554432,5,cycle,post,1652,33554432,1.00000000000000000,-0.000000000
4,6,4096,16777216,33554432,5,cycle,post,1653,33554432,1.00000000000000000,-0.000000000
4,6,4096,16777216,33554432,5,cycle,post,1654,33554432,1.00000000000000000,-0.000000000
4,6,4096,16777216,33554432,5,cycle,post,1655,33554432,1.00000000000000000,-0.000000000
4,6,4096,16777216,33554432,5,cycle,post,1656,33554432,1.00000000000000000,-0.000000000
4,6,4096,16777216,33554432,5,cycle,post,1657,33554432,1.00000000000000000,-0.000000000
4,6,4096,16777216,33554432,5,cycle,post,1658,33554432,1.00000000000000000,-0.000000000
4,6,4096,16777216,33554432,5,cycle,post,1659,33554432,1.00000000000000000,-0.000000000
4,6,4096,16777216,33554432,5,cycle,post,1660,33554432,1.00000000000000000,-0.000000000
4,6,4096,16777216,33554432,5,cycle,post,1661,33554432,1.00000000000000000,-0.000000000
4,6,4096,16777216,33554432,5,cycle,post,1662,33554432,1.00000000000000000,-0.000000000
4,6,4096,16777216,33554432,5,cycle,post,1663,33554432,1.00000000000000000,-0.000000000
4,6,4096,16777216,33554432,5,cycle,post,1664,33554432,1.00000000000000000,-0.000000000
4,6,4096,16777216,33554432,5,cycle,post,1665,33554432,1.00000000000000000,-0.000000000
4,6,4096,16777216,33554432,5,cycle,post,1666,33554432,1.00000000000000000,-0.000000000
4,6,4096,16777216,33554432,5,cycle,post,1667,33554432,1.00000000000000000,-0.000000000
4,6,4096,16777216,33554432,5,cycle,post,1668,33554432,1.00000000000000000,-0.000000000
4,6,4096,16777216,33554432,5,cycle,post,1669,33554432,1.00000000000000000,-0.000000000
4,6,4096,16777216,33554432,5,cycle,post,1670,33554432,1.00000000000000000,-0.000000000
4,6,4096,16777216,33554432,5,cycle,post,1671,33554432,1.00000000000000000,-0.000000000
4,6,4096,16777216,33554432,5,cycle,post,1672,33554432,1.00000000000000000,-0.000000000
4,6,4096,16777216,33554432,5,cycle,post,1673,33554432,1.00000000000000000,-0.000000000
4,6,4096,16777216,33554432,5,cycle,post,1674,33554432,1.00000000000000000,-0.000000000
4,6,4096,16777216,33554432,5,cycle,post,1675,33554432,1.00000000000000000,-0.000000000
4,6,4096,16777216,33554432,5,cycle,post,1676,33554432,1.00000000000000000,-0.000000000
4,6,4096,16777216,33554432,5,cycle,post,1677,33554432,1.00000000000000000,-0.000000000
4,6,4096,16777216,33554432,5,cycle,post,1678,33554432,1.00000000000000000,-0.000000000
4,6,4096,16777216,33554432,5,cycle,post,1679,33554432,1.00000000000000000,-0.000000000
4,6,4096,16777216,33554432,5,cycle,post,1680,33554432,1.00000000000000000,-0.000000000
4,6,4096,16777216,33554432,5,cycle,post,1681,33554432,1.00000000000000000,-0.000000000
4,6,4096,16777216,33554432,5,cycle,post,1682,33554432,1.00000000000000000,-0.000000000
4,6,4096,16777216,33554432,5,cycle,post,1683,33554432,1.00000000000000000,-0.000000000
4,6,4096,16777216,33554432,5,cycle,post,1684,33554432,1.00000000000000000,-0.000000000
4,6,4096,16777216,33554432,5,cycle,post,1685,33554432,1.00000000000000000,-0.000000000
4,6,4096,16777216,33554432,5,cycle,post,1686,33554432,1.00000000000000000,-0.000000000
4,6,4096,16777216,33554432,5,cycle,post,1687,33554432,1.00000000000000000,-0.000000000
4,6,4096,16777216,33554432,5,cycle,post,1688,33554432,1.00000000000000000,-0.000000000
4,6,4096,16777216,33554432,5,cycle,post,1689,33554432,1.00000000000000000,-0.000000000
4,6,4096,16777216,33554432,5,cycle,post,1690,33554432,1.00000000000000000,-0.000000000
4,6,4096,16777216,33554432,5,cycle,post,1691,33554432,1.00000000000000000,-0.000000000
4,6,4096,16777216,33554432,5,cycle,post,1692,33554432,1.00000000000000000,-0.000000000
4,6,4096,16777216,33554432,5,cycle,post,1693,33554432,1.00000000000000000,-0.000000000
4,6,4096,16777216,33554432,5,cycle,post,1694,33554432,1.00000000000000000,-0.000000000
4,6,4096,16777216,33554432,5,cycle,post,1695,33554432,1.00000000000000000,-0.000000000
4,6,4096,16777216,33554432,5,cycle,post,1696,33554432,1.00000000000000000,-0.000000000
4,6,4096,16777216,33554432,5,cycle,post,1697,33554432,1.00000000000000000,-0.000000000
4,6,4096,16777216,33554432,5,cycle,post,1698,33554432,1.00000000000000000,-0.000000000
4,6,4096,16777216,33554432,5,cycle,post,1699,33554432,1.00000000000000000,-0.000000000
4,6,4096,16777216,33554432,5,cycle,post,1700,33554432,1.00000000000000000,-0.000000000
4,6,4096,16777216,33554432,5,cycle,post,1701,33554432,1.00000000000000000,-0.000000000
4,6,4096,16777216,33554432,5,cycle,post,1702,33554432,1.00000000000000000,-0.000000000
4,6,4096,16777216,33554432,5,cycle,post,1703,33554432,1.00000000000000000,-0.000000000
4,6,4096,16777216,33554432,5,cycle,post,1704,33554432,1.00000000000000000,-0.000000000
4,6,4096,16777216,33554432,5,cycle,post,1705,33554432,1.00000000000000000,-0.000000000
4,6,4096,16777216,33554432,5,cycle,post,1706,33554432,1.00000000000000000,-0.000000000
4,6,4096,16777216,33554432,5,cycle,post,1707,33554432,1.00000000000000000,-0.000000000
4,6,4096,16777216,33554432,5,cycle,post,1708,33554432,1.00000000000000000,-0.000000000
4,6,4096,16777216,33554432,5,cycle,post,1709,33554432,1.00000000000000000,-0.000000000
4,6,4096,16777216,33554432,5,cycle,post,1710,33554432,1.00000000000000000,-0.000000000
4,6,4096,16777216,33554432,5,cycle,post,1711,33554432,1.00000000000000000,-0.000000000
4,6,4096,16777216,33554432,5,cycle,post,1712,33554432,1.00000000000000000,-0.000000000
4,6,4096,16777216,33554432,5,cycle,post,1713,33554432,1.00000000000000000,-0.000000000
4,6,4096,16777216,33554432,5,cycle,post,1714,33554432,1.00000000000000000,-0.000000000
4,6,4096,16777216,33554432,5,cycle,post,1715,33554432,1.00000000000000000,-0.000000000
4,6,4096,16777216,33554432,5,cycle,post,1716,33554432,1.00000000000000000,-0.000000000
4,6,4096,16777216,33554432,5,cycle,post,1717,33554432,1.00000000000000000,-0.000000000
4,6,4096,16777216,33554432,5,cycle,post,1718,33554432,1.00000000000000000,-0.000000000
4,6,4096,16777216,33554432,5,cycle,post,1719,33554432,1.00000000000000000,-0.000000000
4,6,4096,16777216,33554432,5,cycle,post,1720,33554432,1.00000000000000000,-0.000000000
4,6,4096,16777216,33554432,5,cycle,post,1721,33554432,1.00000000000000000,-0.000000000
4,6,4096,16777216,33554432,5,cycle,post,1722,33554432,1.00000000000000000,-0.000000000
4,6,4096,16777216,33554432,5,cycle,post,1723,33554432,1.00000000000000000,-0.000000000
4,6,4096,16777216,33554432,5,cycle,post,1724,33554432,1.00000000000000000,-0.000000000
4,6,4096,16777216,33554432,5,cycle,post,1725,33554432,1.00000000000000000,-0.000000000
4,6,4096,16777216,33554432,5,cycle,post,1726,33554432,1.00000000000000000,-0.000000000
4,6,4096,16777216,33554432,5,cycle,post,1727,33554432,1.00000000000000000,-0.000000000
4,6,4096,16777216,33554432,5,cycle,post,1728,33554432,1.00000000000000000,-0.000000000
4,6,4096,16777216,33554432,5,cycle,post,1729,33554432,1.00000000000000000,-0.000000000
4,6,4096,16777216,33554432,5,cycle,post,1730,33554432,1.00000000000000000,-0.000000000
4,6,4096,16777216,33554432,5,cycle,post,1731,33554432,1.00000000000000000,-0.000000000
4,6,4096,16777216,33554432,5,cycle,post,1732,33554432,1.00000000000000000,-0.000000000
4,6,4096,16777216,33554432,5,cycle,post,1733,33554432,1.00000000000000000,-0.000000000
4,6,4096,16777216,33554432,5,cycle,post,1734,33554432,1.00000000000000000,-0.000000000
4,6,4096,16777216,33554432,5,cycle,post,1735,33554432,1.00000000000000000,-0.000000000
4,6,4096,16777216,33554432,5,cycle,post,1736,33554432,1.00000000000000000,-0.000000000
4,6,4096,16777216,33554432,5,cycle,post,1737,33554432,1.00000000000000000,-0.000000000
4,6,4096,16777216,33554432,5,cycle,post,1738,33554432,1.00000000000000000,-0.000000000
4,6,4096,16777216,33554432,5,cycle,post,1739,33554432,1.00000000000000000,-0.000000000
4,6,4096,16777216,33554432,5,cycle,post,1740,33554432,1.00000000000000000,-0.000000000
4,6,4096,16777216,33554432,5,cycle,post,1741,33554432,1.00000000000000000,-0.000000000
4,6,4096,16777216,33554432,5,cycle,post,1742,33554432,1.00000000000000000,-0.000000000
4,6,4096,16777216,33554432,5,cycle,post,1743,33554432,1.00000000000000000,-0.000000000
4,6,4096,16777216,33554432,5,cycle,post,1744,33554432,1.00000000000000000,-0.000000000
4,6,4096,16777216,33554432,5,cycle,post,1745,33554432,1.00000000000000000,-0.000000000
4,6,4096,16777216,33554432,5,cycle,post,1746,33554432,1.00000000000000000,-0.000000000
4,6,4096,16777216,33554432,5,cycle,post,1747,33554432,1.00000000000000000,-0.000000000
4,6,4096,16777216,33554432,5,cycle,post,1748,33554432,1.00000000000000000,-0.000000000
4,6,4096,16777216,33554432,5,cycle,post,1749,33554432,1.00000000000000000,-0.000000000
4,6,4096,16777216,33554432,5,cycle,post,1750,33554432,1.00000000000000000,-0.000000000
4,6,4096,16777216,33554432,5,cycle,post,1751,33554432,1.00000000000000000,-0.000000000
4,6,4096,16777216,33554432,5,cycle,post,1752,33554432,1.00000000000000000,-0.000000000
4,6,4096,16777216,33554432,5,cycle,post,1753,33554432,1.00000000000000000,-0.000000000
4,6,4096,16777216,33554432,5,cycle,post,1754,33554432,1.00000000000000000,-0.000000000
4,6,4096,16777216,33554432,5,cycle,post,1755,33554432,1.00000000000000000,-0.000000000
4,6,4096,16777216,33554432,5,cycle,post,1756,33554432,1.00000000000000000,-0.000000000
4,6,4096,16777216,33554432,5,cycle,post,1757,33554432,1.00000000000000000,-0.000000000
4,6,4096,16777216,33554432,5,cycle,post,1758,33554432,1.00000000000000000,-0.000000000
4,6,4096,16777216,33554432,5,cycle,post,1759,33554432,1.00000000000000000,-0.000000000
4,6,4096,16777216,33554432,5,cycle,post,1760,33554432,1.00000000000000000,-0.000000000
4,6,4096,16777216,33554432,5,cycle,post,1761,33554432,1.00000000000000000,-0.000000000
4,6,4096,16777216,33554432,5,cycle,post,1762,33554432,1.00000000000000000,-0.000000000
4,6,4096,16777216,33554432,5,cycle,post,1763,33554432,1.00000000000000000,-0.000000000
4,6,4096,16777216,33554432,5,cycle,post,1764,33554432,1.00000000000000000,-0.000000000
4,6,4096,16777216,33554432,5,cycle,post,1765,33554432,1.00000000000000000,-0.000000000
4,6,4096,16777216,33554432,5,cycle,post,1766,33554432,1.00000000000000000,-0.000000000
4,6,4096,16777216,33554432,5,cycle,post,1767,33554432,1.00000000000000000,-0.000000000
4,6,4096,16777216,33554432,5,cycle,post,1768,33554432,1.00000000000000000,-0.000000000
4,6,4096,16777216,33554432,5,cycle,post,1769,33554432,1.00000000000000000,-0.000000000
4,6,4096,16777216,33554432,5,cycle,post,1770,33554432,1.00000000000000000,-0.000000000
4,6,4096,16777216,33554432,5,cycle,post,1771,33554432,1.00000000000000000,-0.000000000
4,6,4096,16777216,33554432,5,cycle,post,1772,33554432,1.00000000000000000,-0.000000000
4,6,4096,16777216,33554432,5,cycle,post,1773,33554432,1.00000000000000000,-0.000000000
4,6,4096,16777216,33554432,5,cycle,post,1774,33554432,1.00000000000000000,-0.000000000
4,6,4096,16777216,33554432,5,cycle,post,1775,33554432,1.00000000000000000,-0.000000000
4,6,4096,16777216,33554432,5,cycle,post,1776,33554432,1.00000000000000000,-0.000000000
4,6,4096,16777216,33554432,5,cycle,post,1777,33554432,1.00000000000000000,-0.000000000
4,6,4096,16777216,33554432,5,cycle,post,1778,33554432,1.00000000000000000,-0.000000000
4,6,4096,16777216,33554432,5,cycle,post,1779,33554432,1.00000000000000000,-0.000000000
4,6,4096,16777216,33554432,5,cycle,post,1780,33554432,1.00000000000000000,-0.000000000
4,6,4096,16777216,33554432,5,cycle,post,1781,33554432,1.00000000000000000,-0.000000000
4,6,4096,16777216,33554432,5,cycle,post,1782,33554432,1.00000000000000000,-0.000000000
4,6,4096,16777216,33554432,5,cycle,post,1783,33554432,1.00000000000000000,-0.000000000
4,6,4096,16777216,33554432,5,cycle,post,1784,33554432,1.00000000000000000,-0.000000000
4,6,4096,16777216,33554432,5,cycle,post,1785,33554432,1.00000000000000000,-0.000000000
4,6,4096,16777216,33554432,5,cycle,post,1786,33554432,1.00000000000000000,-0.000000000
4,6,4096,16777216,33554432,5,cycle,post,1787,33554432,1.00000000000000000,-0.000000000
4,6,4096,16777216,33554432,5,cycle,post,1788,33554432,1.00000000000000000,-0.000000000
4,6,4096,16777216,33554432,5,cycle,post,1789,33554432,1.00000000000000000,-0.000000000
4,6,4096,16777216,33554432,5,cycle,post,1790,33554432,1.00000000000000000,-0.000000000
4,6,4096,16777216,33554432,5,cycle,post,1791,33554432,1.00000000000000000,-0.000000000
4,6,4096,16777216,33554432,5,cycle,post,1792,33554432,1.00000000000000000,-0.000000000
4,6,4096,16777216,33554432,5,cycle,post,1793,33554432,1.00000000000000000,-0.000000000
4,6,4096,16777216,33554432,5,cycle,post,1794,33554432,1.00000000000000000,-0.000000000
4,6,4096,16777216,33554432,5,cycle,post,1795,33554432,1.00000000000000000,-0.000000000
4,6,4096,16777216,33554432,5,cycle,post,1796,33554432,1.00000000000000000,-0.000000000
4,6,4096,16777216,33554432,5,cycle,post,1797,33554432,1.00000000000000000,-0.000000000
4,6,4096,16777216,33554432,5,cycle,post,1798,33554432,1.00000000000000000,-0.000000000
4,6,4096,16777216,33554432,5,cycle,post,1799,33554432,1.00000000000000000,-0.000000000
4,6,4096,16777216,33554432,5,cycle,post,1800,33554432,1.00000000000000000,-0.000000000
4,6,4096,16777216,33554432,5,cycle,post,1801,33554432,1.00000000000000000,-0.000000000
4,6,4096,16777216,33554432,5,cycle,post,1802,33554432,1.00000000000000000,-0.000000000
4,6,4096,16777216,33554432,5,cycle,post,1803,33554432,1.00000000000000000,-0.000000000
4,6,4096,16777216,33554432,5,cycle,post,1804,33554432,1.00000000000000000,-0.000000000
4,6,4096,16777216,33554432,5,cycle,post,1805,33554432,1.00000000000000000,-0.000000000
4,6,4096,16777216,33554432,5,cycle,post,1806,33554432,1.00000000000000000,-0.000000000
4,6,4096,16777216,33554432,5,cycle,post,1807,33554432,1.00000000000000000,-0.000000000
4,6,4096,16777216,33554432,5,cycle,post,1808,33554432,1.00000000000000000,-0.000000000
4,6,4096,16777216,33554432,5,cycle,post,1809,33554432,1.00000000000000000,-0.000000000
4,6,4096,16777216,33554432,5,cycle,post,1810,33554432,1.00000000000000000,-0.000000000
4,6,4096,16777216,33554432,5,cycle,post,1811,33554432,1.00000000000000000,-0.000000000
4,6,4096,16777216,33554432,5,cycle,post,1812,33554432,1.00000000000000000,-0.000000000
4,6,4096,16777216,33554432,5,cycle,post,1813,33554432,1.00000000000000000,-0.000000000
4,6,4096,16777216,33554432,5,cycle,post,1814,33554432,1.00000000000000000,-0.000000000
4,6,4096,16777216,33554432,5,cycle,post,1815,33554432,1.00000000000000000,-0.000000000
4,6,4096,16777216,33554432,5,cycle,post,1816,33554432,1.00000000000000000,-0.000000000
4,6,4096,16777216,33554432,5,cycle,post,1817,33554432,1.00000000000000000,-0.000000000
4,6,4096,16777216,33554432,5,cycle,post,1818,33554432,1.00000000000000000,-0.000000000
4,6,4096,16777216,33554432,5,cycle,post,1819,33554432,1.00000000000000000,-0.000000000
4,6,4096,16777216,33554432,5,cycle,post,1820,33554432,1.00000000000000000,-0.000000000
4,6,4096,16777216,33554432,5,cycle,post,1821,33554432,1.00000000000000000,-0.000000000
4,6,4096,16777216,33554432,5,cycle,post,1822,33554432,1.00000000000000000,-0.000000000
4,6,4096,16777216,33554432,5,cycle,post,1823,33554432,1.00000000000000000,-0.000000000
4,6,4096,16777216,33554432,5,cycle,post,1824,33554432,1.00000000000000000,-0.000000000
4,6,4096,16777216,33554432,5,cycle,post,1825,33554432,1.00000000000000000,-0.000000000
4,6,4096,16777216,33554432,5,cycle,post,1826,33554432,1.00000000000000000,-0.000000000
4,6,4096,16777216,33554432,5,cycle,post,1827,33554432,1.00000000000000000,-0.000000000
4,6,4096,16777216,33554432,5,cycle,post,1828,33554432,1.00000000000000000,-0.000000000
4,6,4096,16777216,33554432,5,cycle,post,1829,33554432,1.00000000000000000,-0.000000000
4,6,4096,16777216,33554432,5,cycle,post,1830,33554432,1.00000000000000000,-0.000000000
4,6,4096,16777216,33554432,5,cycle,post,1831,33554432,1.00000000000000000,-0.000000000
4,6,4096,16777216,33554432,5,cycle,post,1832,33554432,1.00000000000000000,-0.000000000
4,6,4096,16777216,33554432,5,cycle,post,1833,33554432,1.00000000000000000,-0.000000000
4,6,4096,16777216,33554432,5,cycle,post,1834,33554432,1.00000000000000000,-0.000000000
4,6,4096,16777216,33554432,5,cycle,post,1835,33554432,1.00000000000000000,-0.000000000
4,6,4096,16777216,33554432,5,cycle,post,1836,33554432,1.00000000000000000,-0.000000000
4,6,4096,16777216,33554432,5,cycle,post,1837,33554432,1.00000000000000000,-0.000000000
4,6,4096,16777216,33554432,5,cycle,post,1838,33554432,1.00000000000000000,-0.000000000
4,6,4096,16777216,33554432,5,cycle,post,1839,33554432,1.00000000000000000,-0.000000000
4,6,4096,16777216,33554432,5,cycle,post,1840,33554432,1.00000000000000000,-0.000000000
4,6,4096,16777216,33554432,5,cycle,post,1841,33554432,1.00000000000000000,-0.000000000
4,6,4096,16777216,33554432,5,cycle,post,1842,33554432,1.00000000000000000,-0.000000000
4,6,4096,16777216,33554432,5,cycle,post,1843,33554432,1.00000000000000000,-0.000000000
4,6,4096,16777216,33554432,5,cycle,post,1844,33554432,1.00000000000000000,-0.000000000
4,6,4096,16777216,33554432,5,cycle,post,1845,33554432,1.00000000000000000,-0.000000000
4,6,4096,16777216,33554432,5,cycle,post,1846,33554432,1.00000000000000000,-0.000000000
4,6,4096,16777216,33554432,5,cycle,post,1847,33554432,1.00000000000000000,-0.000000000
4,6,4096,16777216,33554432,5,cycle,post,1848,33554432,1.00000000000000000,-0.000000000
4,6,4096,16777216,33554432,5,cycle,post,1849,33554432,1.00000000000000000,-0.000000000
4,6,4096,16777216,33554432,5,cycle,post,1850,33554432,1.00000000000000000,-0.000000000
4,6,4096,16777216,33554432,5,cycle,post,1851,33554432,1.00000000000000000,-0.000000000
4,6,4096,16777216,33554432,5,cycle,post,1852,33554432,1.00000000000000000,-0.000000000
4,6,4096,16777216,33554432,5,cycle,post,1853,33554432,1.00000000000000000,-0.000000000
4,6,4096,16777216,33554432,5,cycle,post,1854,33554432,1.00000000000000000,-0.000000000
4,6,4096,16777216,33554432,5,cycle,post,1855,33554432,1.00000000000000000,-0.000000000
4,6,4096,16777216,33554432,5,cycle,post,1856,33554432,1.00000000000000000,-0.000000000
4,6,4096,16777216,33554432,5,cycle,post,1857,33554432,1.00000000000000000,-0.000000000
4,6,4096,16777216,33554432,5,cycle,post,1858,33554432,1.00000000000000000,-0.000000000
4,6,4096,16777216,33554432,5,cycle,post,1859,33554432,1.00000000000000000,-0.000000000
4,6,4096,16777216,33554432,5,cycle,post,1860,33554432,1.00000000000000000,-0.000000000
4,6,4096,16777216,33554432,5,cycle,post,1861,33554432,1.00000000000000000,-0.000000000
4,6,4096,16777216,33554432,5,cycle,post,1862,33554432,1.00000000000000000,-0.000000000
4,6,4096,16777216,33554432,5,cycle,post,1863,33554432,1.00000000000000000,-0.000000000
4,6,4096,16777216,33554432,5,cycle,post,1864,33554432,1.00000000000000000,-0.000000000
4,6,4096,16777216,33554432,5,cycle,post,1865,33554432,1.00000000000000000,-0.000000000
4,6,4096,16777216,33554432,5,cycle,post,1866,33554432,1.00000000000000000,-0.000000000
4,6,4096,16777216,33554432,5,cycle,post,1867,33554432,1.00000000000000000,-0.000000000
4,6,4096,16777216,33554432,5,cycle,post,1868,33554432,1.00000000000000000,-0.000000000
4,6,4096,16777216,33554432,5,cycle,post,1869,33554432,1.00000000000000000,-0.000000000
4,6,4096,16777216,33554432,5,cycle,post,1870,33554432,1.00000000000000000,-0.000000000
4,6,4096,16777216,33554432,5,cycle,post,1871,33554432,1.00000000000000000,-0.000000000
4,6,4096,16777216,33554432,5,cycle,post,1872,33554432,1.00000000000000000,-0.000000000
4,6,4096,16777216,33554432,5,cycle,post,1873,33554432,1.00000000000000000,-0.000000000
4,6,4096,16777216,33554432,5,cycle,post,1874,33554432,1.00000000000000000,-0.000000000
4,6,4096,16777216,33554432,5,cycle,post,1875,33554432,1.00000000000000000,-0.000000000
4,6,4096,16777216,33554432,5,cycle,post,1876,33554432,1.00000000000000000,-0.000000000
4,6,4096,16777216,33554432,5,cycle,post,1877,33554432,1.00000000000000000,-0.000000000
4,6,4096,16777216,33554432,5,cycle,post,1878,33554432,1.00000000000000000,-0.000000000
4,6,4096,16777216,33554432,5,cycle,post,1879,33554432,1.00000000000000000,-0.000000000
4,6,4096,16777216,33554432,5,cycle,post,1880,33554432,1.00000000000000000,-0.000000000
4,6,4096,16777216,33554432,5,cycle,post,1881,33554432,1.00000000000000000,-0.000000000
4,6,4096,16777216,33554432,5,cycle,post,1882,33554432,1.00000000000000000,-0.000000000
4,6,4096,16777216,33554432,5,cycle,post,1883,33554432,1.00000000000000000,-0.000000000
4,6,4096,16777216,33554432,5,cycle,post,1884,33554432,1.00000000000000000,-0.000000000
4,6,4096,16777216,33554432,5,cycle,post,1885,33554432,1.00000000000000000,-0.000000000
4,6,4096,16777216,33554432,5,cycle,post,1886,33554432,1.00000000000000000,-0.000000000
4,6,4096,16777216,33554432,5,cycle,post,1887,33554432,1.00000000000000000,-0.000000000
4,6,4096,16777216,33554432,5,cycle,post,1888,33554432,1.00000000000000000,-0.000000000
4,6,4096,16777216,33554432,5,cycle,post,1889,33554432,1.00000000000000000,-0.000000000
4,6,4096,16777216,33554432,5,cycle,post,1890,33554432,1.00000000000000000,-0.000000000
4,6,4096,16777216,33554432,5,cycle,post,1891,33554432,1.00000000000000000,-0.000000000
4,6,4096,16777216,33554432,5,cycle,post,1892,33554432,1.00000000000000000,-0.000000000
4,6,4096,16777216,33554432,5,cycle,post,1893,33554432,1.00000000000000000,-0.000000000
4,6,4096,16777216,33554432,5,cycle,post,1894,33554432,1.00000000000000000,-0.000000000
4,6,4096,16777216,33554432,5,cycle,post,1895,33554432,1.00000000000000000,-0.000000000
4,6,4096,16777216,33554432,5,cycle,post,1896,33554432,1.00000000000000000,-0.000000000
4,6,4096,16777216,33554432,5,cycle,post,1897,33554432,1.00000000000000000,-0.000000000
4,6,4096,16777216,33554432,5,cycle,post,1898,33554432,1.00000000000000000,-0.000000000
4,6,4096,16777216,33554432,5,cycle,post,1899,33554432,1.00000000000000000,-0.000000000
4,6,4096,16777216,33554432,5,cycle,post,1900,33554432,1.00000000000000000,-0.000000000
4,6,4096,16777216,33554432,5,cycle,post,1901,33554432,1.00000000000000000,-0.000000000
4,6,4096,16777216,33554432,5,cycle,post,1902,33554432,1.00000000000000000,-0.000000000
4,6,4096,16777216,33554432,5,cycle,post,1903,33554432,1.00000000000000000,-0.000000000
4,6,4096,16777216,33554432,5,cycle,post,1904,33554432,1.00000000000000000,-0.000000000
4,6,4096,16777216,33554432,5,cycle,post,1905,33554432,1.00000000000000000,-0.000000000
4,6,4096,16777216,33554432,5,cycle,post,1906,33554432,1.00000000000000000,-0.000000000
4,6,4096,16777216,33554432,5,cycle,post,1907,33554432,1.00000000000000000,-0.000000000
4,6,4096,16777216,33554432,5,cycle,post,1908,33554432,1.00000000000000000,-0.000000000
4,6,4096,16777216,33554432,5,cycle,post,1909,33554432,1.00000000000000000,-0.000000000
4,6,4096,16777216,33554432,5,cycle,post,1910,33554432,1.00000000000000000,-0.000000000
4,6,4096,16777216,33554432,5,cycle,post,1911,33554432,1.00000000000000000,-0.000000000
4,6,4096,16777216,33554432,5,cycle,post,1912,33554432,1.00000000000000000,-0.000000000
4,6,4096,16777216,33554432,5,cycle,post,1913,33554432,1.00000000000000000,-0.000000000
4,6,4096,16777216,33554432,5,cycle,post,1914,33554432,1.00000000000000000,-0.000000000
4,6,4096,16777216,33554432,5,cycle,post,1915,33554432,1.00000000000000000,-0.000000000
4,6,4096,16777216,33554432,5,cycle,post,1916,33554432,1.00000000000000000,-0.000000000
4,6,4096,16777216,33554432,5,cycle,post,1917,33554432,1.00000000000000000,-0.000000000
4,6,4096,16777216,33554432,5,cycle,post,1918,33554432,1.00000000000000000,-0.000000000
4,6,4096,16777216,33554432,5,cycle,post,1919,33554432,1.00000000000000000,-0.000000000
4,6,4096,16777216,33554432,5,cycle,post,1920,33554432,1.00000000000000000,-0.000000000
4,6,4096,16777216,33554432,5,cycle,post,1921,33554432,1.00000000000000000,-0.000000000
4,6,4096,16777216,33554432,5,cycle,post,1922,33554432,1.00000000000000000,-0.000000000
4,6,4096,16777216,33554432,5,cycle,post,1923,33554432,1.00000000000000000,-0.000000000
4,6,4096,16777216,33554432,5,cycle,post,1924,33554432,1.00000000000000000,-0.000000000
4,6,4096,16777216,33554432,5,cycle,post,1925,33554432,1.00000000000000000,-0.000000000
4,6,4096,16777216,33554432,5,cycle,post,1926,33554432,1.00000000000000000,-0.000000000
4,6,4096,16777216,33554432,5,cycle,post,1927,33554432,1.00000000000000000,-0.000000000
4,6,4096,16777216,33554432,5,cycle,post,1928,33554432,1.00000000000000000,-0.000000000
4,6,4096,16777216,33554432,5,cycle,post,1929,33554432,1.00000000000000000,-0.000000000
4,6,4096,16777216,33554432,5,cycle,post,1930,33554432,1.00000000000000000,-0.000000000
4,6,4096,16777216,33554432,5,cycle,post,1931,33554432,1.00000000000000000,-0.000000000
4,6,4096,16777216,33554432,5,cycle,post,1932,33554432,1.00000000000000000,-0.000000000
4,6,4096,16777216,33554432,5,cycle,post,1933,33554432,1.00000000000000000,-0.000000000
4,6,4096,16777216,33554432,5,cycle,post,1934,33554432,1.00000000000000000,-0.000000000
4,6,4096,16777216,33554432,5,cycle,post,1935,33554432,1.00000000000000000,-0.000000000
4,6,4096,16777216,33554432,5,cycle,post,1936,33554432,1.00000000000000000,-0.000000000
4,6,4096,16777216,33554432,5,cycle,post,1937,33554432,1.00000000000000000,-0.000000000
4,6,4096,16777216,33554432,5,cycle,post,1938,33554432,1.00000000000000000,-0.000000000
4,6,4096,16777216,33554432,5,cycle,post,1939,33554432,1.00000000000000000,-0.000000000
4,6,4096,16777216,33554432,5,cycle,post,1940,33554432,1.00000000000000000,-0.000000000
4,6,4096,16777216,33554432,5,cycle,post,1941,33554432,1.00000000000000000,-0.000000000
4,6,4096,16777216,33554432,5,cycle,post,1942,33554432,1.00000000000000000,-0.000000000
4,6,4096,16777216,33554432,5,cycle,post,1943,33554432,1.00000000000000000,-0.000000000
4,6,4096,16777216,33554432,5,cycle,post,1944,33554432,1.00000000000000000,-0.000000000
4,6,4096,16777216,33554432,5,cycle,post,1945,33554432,1.00000000000000000,-0.000000000
4,6,4096,16777216,33554432,5,cycle,post,1946,33554432,1.00000000000000000,-0.000000000
4,6,4096,16777216,33554432,5,cycle,post,1947,33554432,1.00000000000000000,-0.000000000
4,6,4096,16777216,33554432,5,cycle,post,1948,33554432,1.00000000000000000,-0.000000000
4,6,4096,16777216,33554432,5,cycle,post,1949,33554432,1.00000000000000000,-0.000000000
4,6,4096,16777216,33554432,5,cycle,post,1950,33554432,1.00000000000000000,-0.000000000
4,6,4096,16777216,33554432,5,cycle,post,1951,33554432,1.00000000000000000,-0.000000000
4,6,4096,16777216,33554432,5,cycle,post,1952,33554432,1.00000000000000000,-0.000000000
4,6,4096,16777216,33554432,5,cycle,post,1953,33554432,1.00000000000000000,-0.000000000
4,6,4096,16777216,33554432,5,cycle,post,1954,33554432,1.00000000000000000,-0.000000000
4,6,4096,16777216,33554432,5,cycle,post,1955,33554432,1.00000000000000000,-0.000000000
4,6,4096,16777216,33554432,5,cycle,post,1956,33554432,1.00000000000000000,-0.000000000
4,6,4096,16777216,33554432,5,cycle,post,1957,33554432,1.00000000000000000,-0.000000000
4,6,4096,16777216,33554432,5,cycle,post,1958,33554432,1.00000000000000000,-0.000000000
4,6,4096,16777216,33554432,5,cycle,post,1959,33554432,1.00000000000000000,-0.000000000
4,6,4096,16777216,33554432,5,cycle,post,1960,33554432,1.00000000000000000,-0.000000000
4,6,4096,16777216,33554432,5,cycle,post,1961,33554432,1.00000000000000000,-0.000000000
4,6,4096,16777216,33554432,5,cycle,post,1962,33554432,1.00000000000000000,-0.000000000
4,6,4096,16777216,33554432,5,cycle,post,1963,33554432,1.00000000000000000,-0.000000000
4,6,4096,16777216,33554432,5,cycle,post,1964,33554432,1.00000000000000000,-0.000000000
4,6,4096,16777216,33554432,5,cycle,post,1965,33554432,1.00000000000000000,-0.000000000
4,6,4096,16777216,33554432,5,cycle,post,1966,33554432,1.00000000000000000,-0.000000000
4,6,4096,16777216,33554432,5,cycle,post,1967,33554432,1.00000000000000000,-0.000000000
4,6,4096,16777216,33554432,5,cycle,post,1968,33554432,1.00000000000000000,-0.000000000
4,6,4096,16777216,33554432,5,cycle,post,1969,33554432,1.00000000000000000,-0.000000000
4,6,4096,16777216,33554432,5,cycle,post,1970,33554432,1.00000000000000000,-0.000000000
4,6,4096,16777216,33554432,5,cycle,post,1971,33554432,1.00000000000000000,-0.000000000
4,6,4096,16777216,33554432,5,cycle,post,1972,33554432,1.00000000000000000,-0.000000000
4,6,4096,16777216,33554432,5,cycle,post,1973,33554432,1.00000000000000000,-0.000000000
4,6,4096,16777216,33554432,5,cycle,post,1974,33554432,1.00000000000000000,-0.000000000
4,6,4096,16777216,33554432,5,cycle,post,1975,33554432,1.00000000000000000,-0.000000000
4,6,4096,16777216,33554432,5,cycle,post,1976,33554432,1.00000000000000000,-0.000000000
4,6,4096,16777216,33554432,5,cycle,post,1977,33554432,1.00000000000000000,-0.000000000
4,6,4096,16777216,33554432,5,cycle,post,1978,33554432,1.00000000000000000,-0.000000000
4,6,4096,16777216,33554432,5,cycle,post,1979,33554432,1.00000000000000000,-0.000000000
4,6,4096,16777216,33554432,5,cycle,post,1980,33554432,1.00000000000000000,-0.000000000
4,6,4096,16777216,33554432,5,cycle,post,1981,33554432,1.00000000000000000,-0.000000000
4,6,4096,16777216,33554432,5,cycle,post,1982,33554432,1.00000000000000000,-0.000000000
4,6,4096,16777216,33554432,5,cycle,post,1983,33554432,1.00000000000000000,-0.000000000
4,6,4096,16777216,33554432,5,cycle,post,1984,33554432,1.00000000000000000,-0.000000000
4,6,4096,16777216,33554432,5,cycle,post,1985,33554432,1.00000000000000000,-0.000000000
4,6,4096,16777216,33554432,5,cycle,post,1986,33554432,1.00000000000000000,-0.000000000
4,6,4096,16777216,33554432,5,cycle,post,1987,33554432,1.00000000000000000,-0.000000000
4,6,4096,16777216,33554432,5,cycle,post,1988,33554432,1.00000000000000000,-0.000000000
4,6,4096,16777216,33554432,5,cycle,post,1989,33554432,1.00000000000000000,-0.000000000
4,6,4096,16777216,33554432,5,cycle,post,1990,33554432,1.00000000000000000,-0.000000000
4,6,4096,16777216,33554432,5,cycle,post,1991,33554432,1.00000000000000000,-0.000000000
4,6,4096,16777216,33554432,5,cycle,post,1992,33554432,1.00000000000000000,-0.000000000
4,6,4096,16777216,33554432,5,cycle,post,1993,33554432,1.00000000000000000,-0.000000000
4,6,4096,16777216,33554432,5,cycle,post,1994,33554432,1.00000000000000000,-0.000000000
4,6,4096,16777216,33554432,5,cycle,post,1995,33554432,1.00000000000000000,-0.000000000
4,6,4096,16777216,33554432,5,cycle,post,1996,33554432,1.00000000000000000,-0.000000000
4,6,4096,16777216,33554432,5,cycle,post,1997,33554432,1.00000000000000000,-0.000000000
4,6,4096,16777216,33554432,5,cycle,post,1998,33554432,1.00000000000000000,-0.000000000
4,6,4096,16777216,33554432,5,cycle,post,1999,33554432,1.00000000000000000,-0.000000000
4,6,4096,16777216,33554432,5,cycle,post,2000,33554432,1.00000000000000000,-0.000000000
4,6,4096,16777216,33554432,5,cycle,post,2001,33554432,1.00000000000000000,-0.000000000
4,6,4096,16777216,33554432,5,cycle,post,2002,33554432,1.00000000000000000,-0.000000000
4,6,4096,16777216,33554432,5,cycle,post,2003,33554432,1.00000000000000000,-0.000000000
4,6,4096,16777216,33554432,5,cycle,post,2004,33554432,1.00000000000000000,-0.000000000
4,6,4096,16777216,33554432,5,cycle,post,2005,33554432,1.00000000000000000,-0.000000000
4,6,4096,16777216,33554432,5,cycle,post,2006,33554432,1.00000000000000000,-0.000000000
4,6,4096,16777216,33554432,5,cycle,post,2007,33554432,1.00000000000000000,-0.000000000
4,6,4096,16777216,33554432,5,cycle,post,2008,33554432,1.00000000000000000,-0.000000000
4,6,4096,16777216,33554432,5,cycle,post,2009,33554432,1.00000000000000000,-0.000000000
4,6,4096,16777216,33554432,5,cycle,post,2010,33554432,1.00000000000000000,-0.000000000
4,6,4096,16777216,33554432,5,cycle,post,2011,33554432,1.00000000000000000,-0.000000000
4,6,4096,16777216,33554432,5,cycle,post,2012,33554432,1.00000000000000000,-0.000000000
4,6,4096,16777216,33554432,5,cycle,post,2013,33554432,1.00000000000000000,-0.000000000
4,6,4096,16777216,33554432,5,cycle,post,2014,33554432,1.00000000000000000,-0.000000000
4,6,4096,16777216,33554432,5,cycle,post,2015,33554432,1.00000000000000000,-0.000000000
4,6,4096,16777216,33554432,5,cycle,post,2016,33554432,1.00000000000000000,-0.000000000
4,6,4096,16777216,33554432,5,cycle,post,2017,33554432,1.00000000000000000,-0.000000000
4,6,4096,16777216,33554432,5,cycle,post,2018,33554432,1.00000000000000000,-0.000000000
4,6,4096,16777216,33554432,5,cycle,post,2019,33554432,1.00000000000000000,-0.000000000
4,6,4096,16777216,33554432,5,cycle,post,2020,33554432,1.00000000000000000,-0.000000000
4,6,4096,16777216,33554432,5,cycle,post,2021,33554432,1.00000000000000000,-0.000000000
4,6,4096,16777216,33554432,5,cycle,post,2022,33554432,1.00000000000000000,-0.000000000
4,6,4096,16777216,33554432,5,cycle,post,2023,33554432,1.00000000000000000,-0.000000000
4,6,4096,16777216,33554432,5,cycle,post,2024,33554432,1.00000000000000000,-0.000000000
4,6,4096,16777216,33554432,5,cycle,post,2025,33554432,1.00000000000000000,-0.000000000
4,6,4096,16777216,33554432,5,cycle,post,2026,33554432,1.00000000000000000,-0.000000000
4,6,4096,16777216,33554432,5,cycle,post,2027,33554432,1.00000000000000000,-0.000000000
4,6,4096,16777216,33554432,5,cycle,post,2028,33554432,1.00000000000000000,-0.000000000
4,6,4096,16777216,33554432,5,cycle,post,2029,33554432,1.00000000000000000,-0.000000000
4,6,4096,16777216,33554432,5,cycle,post,2030,33554432,1.00000000000000000,-0.000000000
4,6,4096,16777216,33554432,5,cycle,post,2031,33554432,1.00000000000000000,-0.000000000
4,6,4096,16777216,33554432,5,cycle,post,2032,33554432,1.00000000000000000,-0.000000000
4,6,4096,16777216,33554432,5,cycle,post,2033,33554432,1.00000000000000000,-0.000000000
4,6,4096,16777216,33554432,5,cycle,post,2034,33554432,1.00000000000000000,-0.000000000
4,6,4096,16777216,33554432,5,cycle,post,2035,33554432,1.00000000000000000,-0.000000000
4,6,4096,16777216,33554432,5,cycle,post,2036,33554432,1.00000000000000000,-0.000000000
4,6,4096,16777216,33554432,5,cycle,post,2037,33554432,1.00000000000000000,-0.000000000
4,6,4096,16777216,33554432,5,cycle,post,2038,33554432,1.00000000000000000,-0.000000000
4,6,4096,16777216,33554432,5,cycle,post,2039,33554432,1.00000000000000000,-0.000000000
4,6,4096,16777216,33554432,5,cycle,post,2040,33554432,1.00000000000000000,-0.000000000
4,6,4096,16777216,33554432,5,cycle,post,2041,33554432,1.00000000000000000,-0.000000000
4,6,4096,16777216,33554432,5,cycle,post,2042,33554432,1.00000000000000000,-0.000000000
4,6,4096,16777216,33554432,5,cycle,post,2043,33554432,1.00000000000000000,-0.000000000
4,6,4096,16777216,33554432,5,cycle,post,2044,33554432,1.00000000000000000,-0.000000000
4,6,4096,16777216,33554432,5,cycle,post,2045,33554432,1.00000000000000000,-0.000000000
4,6,4096,16777216,33554432,5,cycle,post,2046,33554432,1.00000000000000000,-0.000000000
4,6,4096,16777216,33554432,5,cycle,post,2047,33554432,1.00000000000000000,-0.000000000
4,6,4096,16777216,33554432,5,cycle,post,2048,33554432,1.00000000000000000,-0.000000000
4,6,4096,16777216,33554432,5,cycle,post,2049,33554432,1.00000000000000000,-0.000000000
4,6,4096,16777216,33554432,5,cycle,post,2050,33554432,1.00000000000000000,-0.000000000
4,6,4096,16777216,33554432,5,cycle,post,2051,33554432,1.00000000000000000,-0.000000000
4,6,4096,16777216,33554432,5,cycle,post,2052,33554432,1.00000000000000000,-0.000000000
4,6,4096,16777216,33554432,5,cycle,post,2053,33554432,1.00000000000000000,-0.000000000
4,6,4096,16777216,33554432,5,cycle,post,2054,33554432,1.00000000000000000,-0.000000000
4,6,4096,16777216,33554432,5,cycle,post,2055,33554432,1.00000000000000000,-0.000000000
4,6,4096,16777216,33554432,5,cycle,post,2056,33554432,1.00000000000000000,-0.000000000
4,6,4096,16777216,33554432,5,cycle,post,2057,33554432,1.00000000000000000,-0.000000000
4,6,4096,16777216,33554432,5,cycle,post,2058,33554432,1.00000000000000000,-0.000000000
4,6,4096,16777216,33554432,5,cycle,post,2059,33554432,1.00000000000000000,-0.000000000
4,6,4096,16777216,33554432,5,cycle,post,2060,33554432,1.00000000000000000,-0.000000000
4,6,4096,16777216,33554432,5,cycle,post,2061,33554432,1.00000000000000000,-0.000000000
4,6,4096,16777216,33554432,5,cycle,post,2062,33554432,1.00000000000000000,-0.000000000
4,6,4096,16777216,33554432,5,cycle,post,2063,33554432,1.00000000000000000,-0.000000000
4,6,4096,16777216,33554432,5,cycle,post,2064,33554432,1.00000000000000000,-0.000000000
4,6,4096,16777216,33554432,5,cycle,post,2065,33554432,1.00000000000000000,-0.000000000
4,6,4096,16777216,33554432,5,cycle,post,2066,33554432,1.00000000000000000,-0.000000000
4,6,4096,16777216,33554432,5,cycle,post,2067,33554432,1.00000000000000000,-0.000000000
4,6,4096,16777216,33554432,5,cycle,post,2068,33554432,1.00000000000000000,-0.000000000
4,6,4096,16777216,33554432,5,cycle,post,2069,33554432,1.00000000000000000,-0.000000000
4,6,4096,16777216,33554432,5,cycle,post,2070,33554432,1.00000000000000000,-0.000000000
4,6,4096,16777216,33554432,5,cycle,post,2071,33554432,1.00000000000000000,-0.000000000
4,6,4096,16777216,33554432,5,cycle,post,2072,33554432,1.00000000000000000,-0.000000000
4,6,4096,16777216,33554432,5,cycle,post,2073,33554432,1.00000000000000000,-0.000000000
4,6,4096,16777216,33554432,5,cycle,post,2074,33554432,1.00000000000000000,-0.000000000
4,6,4096,16777216,33554432,5,cycle,post,2075,33554432,1.00000000000000000,-0.000000000
4,6,4096,16777216,33554432,5,cycle,post,2076,33554432,1.00000000000000000,-0.000000000
4,6,4096,16777216,33554432,5,cycle,post,2077,33554432,1.00000000000000000,-0.000000000
4,6,4096,16777216,33554432,5,cycle,post,2078,33554432,1.00000000000000000,-0.000000000
4,6,4096,16777216,33554432,5,cycle,post,2079,33554432,1.00000000000000000,-0.000000000
4,6,4096,16777216,33554432,5,cycle,post,2080,33554432,1.00000000000000000,-0.000000000
4,6,4096,16777216,33554432,5,cycle,post,2081,33554432,1.00000000000000000,-0.000000000
4,6,4096,16777216,33554432,5,cycle,post,2082,33554432,1.00000000000000000,-0.000000000
4,6,4096,16777216,33554432,5,cycle,post,2083,33554432,1.00000000000000000,-0.000000000
4,6,4096,16777216,33554432,5,cycle,post,2084,33554432,1.00000000000000000,-0.000000000
4,6,4096,16777216,33554432,5,cycle,post,2085,33554432,1.00000000000000000,-0.000000000
4,6,4096,16777216,33554432,5,cycle,post,2086,33554432,1.00000000000000000,-0.000000000
4,6,4096,16777216,33554432,5,cycle,post,2087,33554432,1.00000000000000000,-0.000000000
4,6,4096,16777216,33554432,5,cycle,post,2088,33554432,1.00000000000000000,-0.000000000
4,6,4096,16777216,33554432,5,cycle,post,2089,33554432,1.00000000000000000,-0.000000000
4,6,4096,16777216,33554432,5,cycle,post,2090,33554432,1.00000000000000000,-0.000000000
4,6,4096,16777216,33554432,5,cycle,post,2091,33554432,1.00000000000000000,-0.000000000
4,6,4096,16777216,33554432,5,cycle,post,2092,33554432,1.00000000000000000,-0.000000000
4,6,4096,16777216,33554432,5,cycle,post,2093,33554432,1.00000000000000000,-0.000000000
4,6,4096,16777216,33554432,5,cycle,post,2094,33554432,1.00000000000000000,-0.000000000
4,6,4096,16777216,33554432,5,cycle,post,2095,33554432,1.00000000000000000,-0.000000000
4,6,4096,16777216,33554432,5,cycle,post,2096,33554432,1.00000000000000000,-0.000000000
4,6,4096,16777216,33554432,5,cycle,post,2097,33554432,1.00000000000000000,-0.000000000
4,6,4096,16777216,33554432,5,cycle,post,2098,33554432,1.00000000000000000,-0.000000000
4,6,4096,16777216,33554432,5,cycle,post,2099,33554432,1.00000000000000000,-0.000000000
4,6,4096,16777216,33554432,5,cycle,post,2100,33554432,1.00000000000000000,-0.000000000
4,6,4096,16777216,33554432,5,cycle,post,2101,33554432,1.00000000000000000,-0.000000000
4,6,4096,16777216,33554432,5,cycle,post,2102,33554432,1.00000000000000000,-0.000000000
4,6,4096,16777216,33554432,5,cycle,post,2103,33554432,1.00000000000000000,-0.000000000
4,6,4096,16777216,33554432,5,cycle,post,2104,33554432,1.00000000000000000,-0.000000000
4,6,4096,16777216,33554432,5,cycle,post,2105,33554432,1.00000000000000000,-0.000000000
4,6,4096,16777216,33554432,5,cycle,post,2106,33554432,1.00000000000000000,-0.000000000
4,6,4096,16777216,33554432,5,cycle,post,2107,33554432,1.00000000000000000,-0.000000000
4,6,4096,16777216,33554432,5,cycle,post,2108,33554432,1.00000000000000000,-0.000000000
4,6,4096,16777216,33554432,5,cycle,post,2109,33554432,1.00000000000000000,-0.000000000
4,6,4096,16777216,33554432,5,cycle,post,2110,33554432,1.00000000000000000,-0.000000000
4,6,4096,16777216,33554432,5,cycle,post,2111,33554432,1.00000000000000000,-0.000000000
4,6,4096,16777216,33554432,5,cycle,post,2112,33554432,1.00000000000000000,-0.000000000
4,6,4096,16777216,33554432,5,cycle,post,2113,33554432,1.00000000000000000,-0.000000000
4,6,4096,16777216,33554432,5,cycle,post,2114,33554432,1.00000000000000000,-0.000000000
4,6,4096,16777216,33554432,5,cycle,post,2115,33554432,1.00000000000000000,-0.000000000
4,6,4096,16777216,33554432,5,cycle,post,2116,33554432,1.00000000000000000,-0.000000000
4,6,4096,16777216,33554432,5,cycle,post,2117,33554432,1.00000000000000000,-0.000000000
4,6,4096,16777216,33554432,5,cycle,post,2118,33554432,1.00000000000000000,-0.000000000
4,6,4096,16777216,33554432,5,cycle,post,2119,33554432,1.00000000000000000,-0.000000000
4,6,4096,16777216,33554432,5,cycle,post,2120,33554432,1.00000000000000000,-0.000000000
4,6,4096,16777216,33554432,5,cycle,post,2121,33554432,1.00000000000000000,-0.000000000
4,6,4096,16777216,33554432,5,cycle,post,2122,33554432,1.00000000000000000,-0.000000000
4,6,4096,16777216,33554432,5,cycle,post,2123,33554432,1.00000000000000000,-0.000000000
4,6,4096,16777216,33554432,5,cycle,post,2124,33554432,1.00000000000000000,-0.000000000
4,6,4096,16777216,33554432,5,cycle,post,2125,33554432,1.00000000000000000,-0.000000000
4,6,4096,16777216,33554432,5,cycle,post,2126,33554432,1.00000000000000000,-0.000000000
4,6,4096,16777216,33554432,5,cycle,post,2127,33554432,1.00000000000000000,-0.000000000
4,6,4096,16777216,33554432,5,cycle,post,2128,33554432,1.00000000000000000,-0.000000000
4,6,4096,16777216,33554432,5,cycle,post,2129,33554432,1.00000000000000000,-0.000000000
4,6,4096,16777216,33554432,5,cycle,post,2130,33554432,1.00000000000000000,-0.000000000
4,6,4096,16777216,33554432,5,cycle,post,2131,33554432,1.00000000000000000,-0.000000000
4,6,4096,16777216,33554432,5,cycle,post,2132,33554432,1.00000000000000000,-0.000000000
4,6,4096,16777216,33554432,5,cycle,post,2133,33554432,1.00000000000000000,-0.000000000
4,6,4096,16777216,33554432,5,cycle,post,2134,33554432,1.00000000000000000,-0.000000000
4,6,4096,16777216,33554432,5,cycle,post,2135,33554432,1.00000000000000000,-0.000000000
4,6,4096,16777216,33554432,5,cycle,post,2136,33554432,1.00000000000000000,-0.000000000
4,6,4096,16777216,33554432,5,cycle,post,2137,33554432,1.00000000000000000,-0.000000000
4,6,4096,16777216,33554432,5,cycle,post,2138,33554432,1.00000000000000000,-0.000000000
4,6,4096,16777216,33554432,5,cycle,post,2139,33554432,1.00000000000000000,-0.000000000
4,6,4096,16777216,33554432,5,cycle,post,2140,33554432,1.00000000000000000,-0.000000000
4,6,4096,16777216,33554432,5,cycle,post,2141,33554432,1.00000000000000000,-0.000000000
4,6,4096,16777216,33554432,5,cycle,post,2142,33554432,1.00000000000000000,-0.000000000
4,6,4096,16777216,33554432,5,cycle,post,2143,33554432,1.00000000000000000,-0.000000000
4,6,4096,16777216,33554432,5,cycle,post,2144,33554432,1.00000000000000000,-0.000000000
4,6,4096,16777216,33554432,5,cycle,post,2145,33554432,1.00000000000000000,-0.000000000
4,6,4096,16777216,33554432,5,cycle,post,2146,33554432,1.00000000000000000,-0.000000000
4,6,4096,16777216,33554432,5,cycle,post,2147,33554432,1.00000000000000000,-0.000000000
4,6,4096,16777216,33554432,5,cycle,post,2148,33554432,1.00000000000000000,-0.000000000
4,6,4096,16777216,33554432,5,cycle,post,2149,33554432,1.00000000000000000,-0.000000000
4,6,4096,16777216,33554432,5,cycle,post,2150,33554432,1.00000000000000000,-0.000000000
4,6,4096,16777216,33554432,5,cycle,post,2151,33554432,1.00000000000000000,-0.000000000
4,6,4096,16777216,33554432,5,cycle,post,2152,33554432,1.00000000000000000,-0.000000000
4,6,4096,16777216,33554432,5,cycle,post,2153,33554432,1.00000000000000000,-0.000000000
4,6,4096,16777216,33554432,5,cycle,post,2154,33554432,1.00000000000000000,-0.000000000
4,6,4096,16777216,33554432,5,cycle,post,2155,33554432,1.00000000000000000,-0.000000000
4,6,4096,16777216,33554432,5,cycle,post,2156,33554432,1.00000000000000000,-0.000000000
4,6,4096,16777216,33554432,5,cycle,post,2157,33554432,1.00000000000000000,-0.000000000
4,6,4096,16777216,33554432,5,cycle,post,2158,33554432,1.00000000000000000,-0.000000000
4,6,4096,16777216,33554432,5,cycle,post,2159,33554432,1.00000000000000000,-0.000000000
4,6,4096,16777216,33554432,5,cycle,post,2160,33554432,1.00000000000000000,-0.000000000
4,6,4096,16777216,33554432,5,cycle,post,2161,33554432,1.00000000000000000,-0.000000000
4,6,4096,16777216,33554432,5,cycle,post,2162,33554432,1.00000000000000000,-0.000000000
4,6,4096,16777216,33554432,5,cycle,post,2163,33554432,1.00000000000000000,-0.000000000
4,6,4096,16777216,33554432,5,cycle,post,2164,33554432,1.00000000000000000,-0.000000000
4,6,4096,16777216,33554432,5,cycle,post,2165,33554432,1.00000000000000000,-0.000000000
4,6,4096,16777216,33554432,5,cycle,post,2166,33554432,1.00000000000000000,-0.000000000
4,6,4096,16777216,33554432,5,cycle,post,2167,33554432,1.00000000000000000,-0.000000000
4,6,4096,16777216,33554432,5,cycle,post,2168,33554432,1.00000000000000000,-0.000000000
4,6,4096,16777216,33554432,5,cycle,post,2169,33554432,1.00000000000000000,-0.000000000
4,6,4096,16777216,33554432,5,cycle,post,2170,33554432,1.00000000000000000,-0.000000000
4,6,4096,16777216,33554432,5,cycle,post,2171,33554432,1.00000000000000000,-0.000000000
4,6,4096,16777216,33554432,5,cycle,post,2172,33554432,1.00000000000000000,-0.000000000
4,6,4096,16777216,33554432,5,cycle,post,2173,33554432,1.00000000000000000,-0.000000000
4,6,4096,16777216,33554432,5,cycle,post,2174,33554432,1.00000000000000000,-0.000000000
4,6,4096,16777216,33554432,5,cycle,post,2175,33554432,1.00000000000000000,-0.000000000
4,6,4096,16777216,33554432,5,cycle,post,2176,33554432,1.00000000000000000,-0.000000000
4,6,4096,16777216,33554432,5,cycle,post,2177,33554432,1.00000000000000000,-0.000000000
4,6,4096,16777216,33554432,5,cycle,post,2178,33554432,1.00000000000000000,-0.000000000
4,6,4096,16777216,33554432,5,cycle,post,2179,33554432,1.00000000000000000,-0.000000000
4,6,4096,16777216,33554432,5,cycle,post,2180,33554432,1.00000000000000000,-0.000000000
4,6,4096,16777216,33554432,5,cycle,post,2181,33554432,1.00000000000000000,-0.000000000
4,6,4096,16777216,33554432,5,cycle,post,2182,33554432,1.00000000000000000,-0.000000000
4,6,4096,16777216,33554432,5,cycle,post,2183,33554432,1.00000000000000000,-0.000000000
4,6,4096,16777216,33554432,5,cycle,post,2184,33554432,1.00000000000000000,-0.000000000
4,6,4096,16777216,33554432,5,cycle,post,2185,33554432,1.00000000000000000,-0.000000000
4,6,4096,16777216,33554432,5,cycle,post,2186,33554432,1.00000000000000000,-0.000000000
4,6,4096,16777216,33554432,5,cycle,post,2187,33554432,1.00000000000000000,-0.000000000
4,6,4096,16777216,33554432,5,cycle,post,2188,33554432,1.00000000000000000,-0.000000000
4,6,4096,16777216,33554432,5,cycle,post,2189,33554432,1.00000000000000000,-0.000000000
4,6,4096,16777216,33554432,5,cycle,post,2190,33554432,1.00000000000000000,-0.000000000
4,6,4096,16777216,33554432,5,cycle,post,2191,33554432,1.00000000000000000,-0.000000000
4,6,4096,16777216,33554432,5,cycle,post,2192,33554432,1.00000000000000000,-0.000000000
4,6,4096,16777216,33554432,5,cycle,post,2193,33554432,1.00000000000000000,-0.000000000
4,6,4096,16777216,33554432,5,cycle,post,2194,33554432,1.00000000000000000,-0.000000000
4,6,4096,16777216,33554432,5,cycle,post,2195,33554432,1.00000000000000000,-0.000000000
4,6,4096,16777216,33554432,5,cycle,post,2196,33554432,1.00000000000000000,-0.000000000
4,6,4096,16777216,33554432,5,cycle,post,2197,33554432,1.00000000000000000,-0.000000000
4,6,4096,16777216,33554432,5,cycle,post,2198,33554432,1.00000000000000000,-0.000000000
4,6,4096,16777216,33554432,5,cycle,post,2199,33554432,1.00000000000000000,-0.000000000
4,6,4096,16777216,33554432,5,cycle,post,2200,33554432,1.00000000000000000,-0.000000000
4,6,4096,16777216,33554432,5,cycle,post,2201,33554432,1.00000000000000000,-0.000000000
4,6,4096,16777216,33554432,5,cycle,post,2202,33554432,1.00000000000000000,-0.000000000
4,6,4096,16777216,33554432,5,cycle,post,2203,33554432,1.00000000000000000,-0.000000000
4,6,4096,16777216,33554432,5,cycle,post,2204,33554432,1.00000000000000000,-0.000000000
4,6,4096,16777216,33554432,5,cycle,post,2205,33554432,1.00000000000000000,-0.000000000
4,6,4096,16777216,33554432,5,cycle,post,2206,33554432,1.00000000000000000,-0.000000000
4,6,4096,16777216,33554432,5,cycle,post,2207,33554432,1.00000000000000000,-0.000000000
4,6,4096,16777216,33554432,5,cycle,post,2208,33554432,1.00000000000000000,-0.000000000
4,6,4096,16777216,33554432,5,cycle,post,2209,33554432,1.00000000000000000,-0.000000000
4,6,4096,16777216,33554432,5,cycle,post,2210,33554432,1.00000000000000000,-0.000000000
4,6,4096,16777216,33554432,5,cycle,post,2211,33554432,1.00000000000000000,-0.000000000
4,6,4096,16777216,33554432,5,cycle,post,2212,33554432,1.00000000000000000,-0.000000000
4,6,4096,16777216,33554432,5,cycle,post,2213,33554432,1.00000000000000000,-0.000000000
4,6,4096,16777216,33554432,5,cycle,post,2214,33554432,1.00000000000000000,-0.000000000
4,6,4096,16777216,33554432,5,cycle,post,2215,33554432,1.00000000000000000,-0.000000000
4,6,4096,16777216,33554432,5,cycle,post,2216,33554432,1.00000000000000000,-0.000000000
4,6,4096,16777216,33554432,5,cycle,post,2217,33554432,1.00000000000000000,-0.000000000
4,6,4096,16777216,33554432,5,cycle,post,2218,33554432,1.00000000000000000,-0.000000000
4,6,4096,16777216,33554432,5,cycle,post,2219,33554432,1.00000000000000000,-0.000000000
4,6,4096,16777216,33554432,5,cycle,post,2220,33554432,1.00000000000000000,-0.000000000
4,6,4096,16777216,33554432,5,cycle,post,2221,33554432,1.00000000000000000,-0.000000000
4,6,4096,16777216,33554432,5,cycle,post,2222,33554432,1.00000000000000000,-0.000000000
4,6,4096,16777216,33554432,5,cycle,post,2223,33554432,1.00000000000000000,-0.000000000
4,6,4096,16777216,33554432,5,cycle,post,2224,33554432,1.00000000000000000,-0.000000000
4,6,4096,16777216,33554432,5,cycle,post,2225,33554432,1.00000000000000000,-0.000000000
4,6,4096,16777216,33554432,5,cycle,post,2226,33554432,1.00000000000000000,-0.000000000
4,6,4096,16777216,33554432,5,cycle,post,2227,33554432,1.00000000000000000,-0.000000000
4,6,4096,16777216,33554432,5,cycle,post,2228,33554432,1.00000000000000000,-0.000000000
4,6,4096,16777216,33554432,5,cycle,post,2229,33554432,1.00000000000000000,-0.000000000
4,6,4096,16777216,33554432,5,cycle,post,2230,33554432,1.00000000000000000,-0.000000000
4,6,4096,16777216,33554432,5,cycle,post,2231,33554432,1.00000000000000000,-0.000000000
4,6,4096,16777216,33554432,5,cycle,post,2232,33554432,1.00000000000000000,-0.000000000
4,6,4096,16777216,33554432,5,cycle,post,2233,33554432,1.00000000000000000,-0.000000000
4,6,4096,16777216,33554432,5,cycle,post,2234,33554432,1.00000000000000000,-0.000000000
4,6,4096,16777216,33554432,5,cycle,post,2235,33554432,1.00000000000000000,-0.000000000
4,6,4096,16777216,33554432,5,cycle,post,2236,33554432,1.00000000000000000,-0.000000000
4,6,4096,16777216,33554432,5,cycle,post,2237,33554432,1.00000000000000000,-0.000000000
4,6,4096,16777216,33554432,5,cycle,post,2238,33554432,1.00000000000000000,-0.000000000
4,6,4096,16777216,33554432,5,cycle,post,2239,33554432,1.00000000000000000,-0.000000000
4,6,4096,16777216,33554432,5,cycle,post,2240,33554432,1.00000000000000000,-0.000000000
4,6,4096,16777216,33554432,5,cycle,post,2241,33554432,1.00000000000000000,-0.000000000
4,6,4096,16777216,33554432,5,cycle,post,2242,33554432,1.00000000000000000,-0.000000000
4,6,4096,16777216,33554432,5,cycle,post,2243,33554432,1.00000000000000000,-0.000000000
4,6,4096,16777216,33554432,5,cycle,post,2244,33554432,1.00000000000000000,-0.000000000
4,6,4096,16777216,33554432,5,cycle,post,2245,33554432,1.00000000000000000,-0.000000000
4,6,4096,16777216,33554432,5,cycle,post,2246,33554432,1.00000000000000000,-0.000000000
4,6,4096,16777216,33554432,5,cycle,post,2247,33554432,1.00000000000000000,-0.000000000
4,6,4096,16777216,33554432,5,cycle,post,2248,33554432,1.00000000000000000,-0.000000000
4,6,4096,16777216,33554432,5,cycle,post,2249,33554432,1.00000000000000000,-0.000000000
4,6,4096,16777216,33554432,5,cycle,post,2250,33554432,1.00000000000000000,-0.000000000
4,6,4096,16777216,33554432,5,cycle,post,2251,33554432,1.00000000000000000,-0.000000000
4,6,4096,16777216,33554432,5,cycle,post,2252,33554432,1.00000000000000000,-0.000000000
4,6,4096,16777216,33554432,5,cycle,post,2253,33554432,1.00000000000000000,-0.000000000
4,6,4096,16777216,33554432,5,cycle,post,2254,33554432,1.00000000000000000,-0.000000000
4,6,4096,16777216,33554432,5,cycle,post,2255,33554432,1.00000000000000000,-0.000000000
4,6,4096,16777216,33554432,5,cycle,post,2256,33554432,1.00000000000000000,-0.000000000
4,6,4096,16777216,33554432,5,cycle,post,2257,33554432,1.00000000000000000,-0.000000000
4,6,4096,16777216,33554432,5,cycle,post,2258,33554432,1.00000000000000000,-0.000000000
4,6,4096,16777216,33554432,5,cycle,post,2259,33554432,1.00000000000000000,-0.000000000
4,6,4096,16777216,33554432,5,cycle,post,2260,33554432,1.00000000000000000,-0.000000000
4,6,4096,16777216,33554432,5,cycle,post,2261,33554432,1.00000000000000000,-0.000000000
4,6,4096,16777216,33554432,5,cycle,post,2262,33554432,1.00000000000000000,-0.000000000
4,6,4096,16777216,33554432,5,cycle,post,2263,33554432,1.00000000000000000,-0.000000000
4,6,4096,16777216,33554432,5,cycle,post,2264,33554432,1.00000000000000000,-0.000000000
4,6,4096,16777216,33554432,5,cycle,post,2265,33554432,1.00000000000000000,-0.000000000
4,6,4096,16777216,33554432,5,cycle,post,2266,33554432,1.00000000000000000,-0.000000000
4,6,4096,16777216,33554432,5,cycle,post,2267,33554432,1.00000000000000000,-0.000000000
4,6,4096,16777216,33554432,5,cycle,post,2268,33554432,1.00000000000000000,-0.000000000
4,6,4096,16777216,33554432,5,cycle,post,2269,33554432,1.00000000000000000,-0.000000000
4,6,4096,16777216,33554432,5,cycle,post,2270,33554432,1.00000000000000000,-0.000000000
4,6,4096,16777216,33554432,5,cycle,post,2271,33554432,1.00000000000000000,-0.000000000
4,6,4096,16777216,33554432,5,cycle,post,2272,33554432,1.00000000000000000,-0.000000000
4,6,4096,16777216,33554432,5,cycle,post,2273,33554432,1.00000000000000000,-0.000000000
4,6,4096,16777216,33554432,5,cycle,post,2274,33554432,1.00000000000000000,-0.000000000
4,6,4096,16777216,33554432,5,cycle,post,2275,33554432,1.00000000000000000,-0.000000000
4,6,4096,16777216,33554432,5,cycle,post,2276,33554432,1.00000000000000000,-0.000000000
4,6,4096,16777216,33554432,5,cycle,post,2277,33554432,1.00000000000000000,-0.000000000
4,6,4096,16777216,33554432,5,cycle,post,2278,33554432,1.00000000000000000,-0.000000000
4,6,4096,16777216,33554432,5,cycle,post,2279,33554432,1.00000000000000000,-0.000000000
4,6,4096,16777216,33554432,5,cycle,post,2280,33554432,1.00000000000000000,-0.000000000
4,6,4096,16777216,33554432,5,cycle,post,2281,33554432,1.00000000000000000,-0.000000000
4,6,4096,16777216,33554432,5,cycle,post,2282,33554432,1.00000000000000000,-0.000000000
4,6,4096,16777216,33554432,5,cycle,post,2283,33554432,1.00000000000000000,-0.000000000
4,6,4096,16777216,33554432,5,cycle,post,2284,33554432,1.00000000000000000,-0.000000000
4,6,4096,16777216,33554432,5,cycle,post,2285,33554432,1.00000000000000000,-0.000000000
4,6,4096,16777216,33554432,5,cycle,post,2286,33554432,1.00000000000000000,-0.000000000
4,6,4096,16777216,33554432,5,cycle,post,2287,33554432,1.00000000000000000,-0.000000000
4,6,4096,16777216,33554432,5,cycle,post,2288,33554432,1.00000000000000000,-0.000000000
4,6,4096,16777216,33554432,5,cycle,post,2289,33554432,1.00000000000000000,-0.000000000
4,6,4096,16777216,33554432,5,cycle,post,2290,33554432,1.00000000000000000,-0.000000000
4,6,4096,16777216,33554432,5,cycle,post,2291,33554432,1.00000000000000000,-0.000000000
4,6,4096,16777216,33554432,5,cycle,post,2292,33554432,1.00000000000000000,-0.000000000
4,6,4096,16777216,33554432,5,cycle,post,2293,33554432,1.00000000000000000,-0.000000000
4,6,4096,16777216,33554432,5,cycle,post,2294,33554432,1.00000000000000000,-0.000000000
4,6,4096,16777216,33554432,5,cycle,post,2295,33554432,1.00000000000000000,-0.000000000
4,6,4096,16777216,33554432,5,cycle,post,2296,33554432,1.00000000000000000,-0.000000000
4,6,4096,16777216,33554432,5,cycle,post,2297,33554432,1.00000000000000000,-0.000000000
4,6,4096,16777216,33554432,5,cycle,post,2298,33554432,1.00000000000000000,-0.000000000
4,6,4096,16777216,33554432,5,cycle,post,2299,33554432,1.00000000000000000,-0.000000000
4,6,4096,16777216,33554432,5,cycle,post,2300,33554432,1.00000000000000000,-0.000000000
4,6,4096,16777216,33554432,5,cycle,post,2301,33554432,1.00000000000000000,-0.000000000
4,6,4096,16777216,33554432,5,cycle,post,2302,33554432,1.00000000000000000,-0.000000000
4,6,4096,16777216,33554432,5,cycle,post,2303,33554432,1.00000000000000000,-0.000000000
4,6,4096,16777216,33554432,5,cycle,post,2304,33554432,1.00000000000000000,-0.000000000
4,6,4096,16777216,33554432,5,cycle,post,2305,33554432,1.00000000000000000,-0.000000000
4,6,4096,16777216,33554432,5,cycle,post,2306,33554432,1.00000000000000000,-0.000000000
4,6,4096,16777216,33554432,5,cycle,post,2307,33554432,1.00000000000000000,-0.000000000
4,6,4096,16777216,33554432,5,cycle,post,2308,33554432,1.00000000000000000,-0.000000000
4,6,4096,16777216,33554432,5,cycle,post,2309,33554432,1.00000000000000000,-0.000000000
4,6,4096,16777216,33554432,5,cycle,post,2310,33554432,1.00000000000000000,-0.000000000
4,6,4096,16777216,33554432,5,cycle,post,2311,33554432,1.00000000000000000,-0.000000000
4,6,4096,16777216,33554432,5,cycle,post,2312,33554432,1.00000000000000000,-0.000000000
4,6,4096,16777216,33554432,5,cycle,post,2313,33554432,1.00000000000000000,-0.000000000
4,6,4096,16777216,33554432,5,cycle,post,2314,33554432,1.00000000000000000,-0.000000000
4,6,4096,16777216,33554432,5,cycle,post,2315,33554432,1.00000000000000000,-0.000000000
4,6,4096,16777216,33554432,5,cycle,post,2316,33554432,1.00000000000000000,-0.000000000
4,6,4096,16777216,33554432,5,cycle,post,2317,33554432,1.00000000000000000,-0.000000000
4,6,4096,16777216,33554432,5,cycle,post,2318,33554432,1.00000000000000000,-0.000000000
4,6,4096,16777216,33554432,5,cycle,post,2319,33554432,1.00000000000000000,-0.000000000
4,6,4096,16777216,33554432,5,cycle,post,2320,33554432,1.00000000000000000,-0.000000000
4,6,4096,16777216,33554432,5,cycle,post,2321,33554432,1.00000000000000000,-0.000000000
4,6,4096,16777216,33554432,5,cycle,post,2322,33554432,1.00000000000000000,-0.000000000
4,6,4096,16777216,33554432,5,cycle,post,2323,33554432,1.00000000000000000,-0.000000000
4,6,4096,16777216,33554432,5,cycle,post,2324,33554432,1.00000000000000000,-0.000000000
4,6,4096,16777216,33554432,5,cycle,post,2325,33554432,1.00000000000000000,-0.000000000
4,6,4096,16777216,33554432,5,cycle,post,2326,33554432,1.00000000000000000,-0.000000000
4,6,4096,16777216,33554432,5,cycle,post,2327,33554432,1.00000000000000000,-0.000000000
4,6,4096,16777216,33554432,5,cycle,post,2328,33554432,1.00000000000000000,-0.000000000
4,6,4096,16777216,33554432,5,cycle,post,2329,33554432,1.00000000000000000,-0.000000000
4,6,4096,16777216,33554432,5,cycle,post,2330,33554432,1.00000000000000000,-0.000000000
4,6,4096,16777216,33554432,5,cycle,post,2331,33554432,1.00000000000000000,-0.000000000
4,6,4096,16777216,33554432,5,cycle,post,2332,33554432,1.00000000000000000,-0.000000000
4,6,4096,16777216,33554432,5,cycle,post,2333,33554432,1.00000000000000000,-0.000000000
4,6,4096,16777216,33554432,5,cycle,post,2334,33554432,1.00000000000000000,-0.000000000
4,6,4096,16777216,33554432,5,cycle,post,2335,33554432,1.00000000000000000,-0.000000000
4,6,4096,16777216,33554432,5,cycle,post,2336,33554432,1.00000000000000000,-0.000000000
4,6,4096,16777216,33554432,5,cycle,post,2337,33554432,1.00000000000000000,-0.000000000
4,6,4096,16777216,33554432,5,cycle,post,2338,33554432,1.00000000000000000,-0.000000000
4,6,4096,16777216,33554432,5,cycle,post,2339,33554432,1.00000000000000000,-0.000000000
4,6,4096,16777216,33554432,5,cycle,post,2340,33554432,1.00000000000000000,-0.000000000
4,6,4096,16777216,33554432,5,cycle,post,2341,33554432,1.00000000000000000,-0.000000000
4,6,4096,16777216,33554432,5,cycle,post,2342,33554432,1.00000000000000000,-0.000000000
4,6,4096,16777216,33554432,5,cycle,post,2343,33554432,1.00000000000000000,-0.000000000
4,6,4096,16777216,33554432,5,cycle,post,2344,33554432,1.00000000000000000,-0.000000000
4,6,4096,16777216,33554432,5,cycle,post,2345,33554432,1.00000000000000000,-0.000000000
4,6,4096,16777216,33554432,5,cycle,post,2346,33554432,1.00000000000000000,-0.000000000
4,6,4096,16777216,33554432,5,cycle,post,2347,33554427,0.99999985098838806,0.000000215
4,6,4096,16777216,33554432,5,cycle,post,2348,33554424,0.99999976158142090,0.000000344
4,6,4096,16777216,33554432,5,cycle,post,2349,33554415,0.99999949336051941,0.000000731
4,6,4096,16777216,33554432,5,cycle,post,2350,33554411,0.99999937415122986,0.000000903
4,6,4096,16777216,33554432,5,cycle,post,2351,33554409,0.99999931454658508,0.000000989
4,6,4096,16777216,33554432,5,cycle,post,2352,33554404,0.99999916553497314,0.000001204
4,6,4096,16777216,33554432,5,cycle,post,2353,33554399,0.99999901652336121,0.000001419
4,6,4096,16777216,33554432,5,cycle,post,2354,33554396,0.99999892711639404,0.000001548
4,6,4096,16777216,33554432,5,cycle,post,2355,33554394,0.99999886751174927,0.000001634
4,6,4096,16777216,33554432,5,cycle,post,2356,33554385,0.99999859929084778,0.000002021
4,6,4096,16777216,33554432,5,cycle,post,2357,33554379,0.99999842047691345,0.000002279
4,6,4096,16777216,33554432,5,cycle,post,2358,33554363,0.99999794363975525,0.000002967
4,6,4096,16777216,33554432,5,cycle,post,2359,33554340,0.99999725818634033,0.000003956
4,6,4096,16777216,33554432,5,cycle,post,2360,33554320,0.99999666213989258,0.000004816
4,6,4096,16777216,33554432,5,cycle,post,2361,33554284,0.99999558925628662,0.000006363
4,6,4096,16777216,33554432,5,cycle,post,2362,33554255,0.99999472498893738,0.000007610
4,6,4096,16777216,33554432,5,cycle,post,2363,33554224,0.99999380111694336,0.000008943
4,6,4096,16777216,33554432,5,cycle,post,2364,33554186,0.99999266862869263,0.000010577
4,6,4096,16777216,33554432,5,cycle,post,2365,33554139,0.99999126791954041,0.000012598
4,6,4096,16777216,33554432,5,cycle,post,2366,33554091,0.99998983740806580,0.000014662
4,6,4096,16777216,33554432,5,cycle,post,2367,33553992,0.99998688697814941,0.000018918
4,6,4096,16777216,33554432,5,cycle,post,2368,33553887,0.99998375773429871,0.000023433
4,6,4096,16777216,33554432,5,cycle,post,2369,33553776,0.99998044967651367,0.000028205
4,6,4096,16777216,33554432,5,cycle,post,2370,33553678,0.99997752904891968,0.000032419
4,6,4096,16777216,33554432,5,cycle,post,2371,33553547,0.99997362494468689,0.000038052
4,6,4096,16777216,33554432,5,cycle,post,2372,33553425,0.99996998906135559,0.000043297
4,6,4096,16777216,33554432,5,cycle,post,2373,33553316,0.99996674060821533,0.000047984
4,6,4096,16777216,33554432,5,cycle,post,2374,33553210,0.99996358156204224,0.000052542
4,6,4096,16777216,33554432,5,cycle,post,2375,33553083,0.99995979666709900,0.000058002
4,6,4096,16777216,33554432,5,cycle,post,2376,33552907,0.99995455145835876,0.000065570
4,6,4096,16777216,33554432,5,cycle,post,2377,33552725,0.99994912743568420,0.000073395
4,6,4096,16777216,33554432,5,cycle,post,2378,33552531,0.99994334578514099,0.000081737
4,6,4096,16777216,33554432,5,cycle,post,2379,33552339,0.99993762373924255,0.000089993
4,6,4096,16777216,33554432,5,cycle,post,2380,33552182,0.99993294477462769,0.000096743
4,6,4096,16777216,33554432,5,cycle,post,2381,33551973,0.99992671608924866,0.000105730
4,6,4096,16777216,33554432,5,cycle,post,2382,33551741,0.99991980195045471,0.000115706
4,6,4096,16777216,33554432,5,cycle,post,2383,33551532,0.99991357326507568,0.000124693
4,6,4096,16777216,33554432,5,cycle,post,2384,33551310,0.99990695714950562,0.000134239
4,6,4096,16777216,33554432,5,cycle,post,2385,33551011,0.99989804625511169,0.000147096
4,6,4096,16777216,33554432,5,cycle,post,2386,33550616,0.99988627433776855,0.000164081
4,6,4096,16777216,33554432,5,cycle,post,2387,33550176,0.99987316131591797,0.000183001
4,6,4096,16777216,33554432,5,cycle,post,2388,33549734,0.99985998868942261,0.000202008
4,6,4096,16777216,33554432,5,cycle,post,2389,33549319,0.99984762072563171,0.000219854
4,6,4096,16777216,33554432,5,cycle,post,2390,33548912,0.99983549118041992,0.000237356
4,6,4096,16777216,33554432,5,cycle,post,2391,33548472,0.99982237815856934,0.000256277
4,6,4096,16777216,33554432,5,cycle,post,2392,33548012,0.99980866909027100,0.000276059
4,6,4096,16777216,33554432,5,cycle,post,2393,33547507,0.99979361891746521,0.000297776
4,6,4096,16777216,33554432,5,cycle,post,2394,33546969,0.99977758526802063,0.000320912
4,6,4096,16777216,33554432,5,cycle,post,2395,33546320,0.99975824356079102,0.000348823
4,6,4096,16777216,33554432,5,cycle,post,2396,33545658,0.99973851442337036,0.000377293
4,6,4096,16777216,33554432,5,cycle,post,2397,33544934,0.99971693754196167,0.000408431
4,6,4096,16777216,33554432,5,cycle,post,2398,33544183,0.99969455599784851,0.000440730
4,6,4096,16777216,33554432,5,cycle,post,2399,33543406,0.99967139959335327,0.000474148
4,6,4096,16777216,33554432,5,cycle,post,2400,33542472,0.99964356422424316,0.000514320
4,6,4096,16777216,33554432,5,cycle,post,2401,33541576,0.99961686134338379,0.000552858
4,6,4096,16777216,33554432,5,cycle,post,2402,33540622,0.99958842992782593,0.000593892
4,6,4096,16777216,33554432,5,cycle,post,2403,33539508,0.99955523014068604,0.000641810
4,6,4096,16777216,33554432,5,cycle,post,2404,33538397,0.99952211976051331,0.000689600
4,6,4096,16777216,33554432,5,cycle,post,2405,33537432,0.99949336051940918,0.000731111
4,6,4096,16777216,33554432,5,cycle,post,2406,33536431,0.99946352839469910,0.000774173
4,6,4096,16777216,33554432,5,cycle,post,2407,33535170,0.99942594766616821,0.000828420
4,6,4096,16777216,33554432,5,cycle,post,2408,33533868,0.99938714504241943,0.000884434
4,6,4096,16777216,33554432,5,cycle,post,2409,33532499,0.99934634566307068,0.000943332
4,6,4096,16777216,33554432,5,cycle,post,2410,33531067,0.99930366873741150,0.001004944
4,6,4096,16777216,33554432,5,cycle,post,2411,33529573,0.99925914406776428,0.001069225
4,6,4096,16777216,33554432,5,cycle,post,2412,33527998,0.99921220541000366,0.001136995
4,6,4096,16777216,33554432,5,cycle,post,2413,33526458,0.99916630983352661,0.001203262
4,6,4096,16777216,33554432,5,cycle,post,2414,33524742,0.99911516904830933,0.001277106
4,6,4096,16777216,33554432,5,cycle,post,2415,33522880,0.99905967712402344,0.001357237
4,6,4096,16777216,33554432,5,cycle,post,2416,33521130,0.99900752305984497,0.001432553
4,6,4096,16777216,33554432,5,cycle,post,2417,33519317,0.99895349144935608,0.001510583
4,6,4096,16777216,33554432,5,cycle,post,2418,33517320,0.99889397621154785,0.001596538
4,6,4096,16777216,33554432,5,cycle,post,2419,33515113,0.99882820248603821,0.001691538
4,6,4096,16777216,33554432,5,cycle,post,2420,33512811,0.99875959753990173,0.001790633
4,6,4096,16777216,33554432,5,cycle,post,2421,33510475,0.99868997931480408,0.001891199
4,6,4096,16777216,33554432,5,cycle,post,2422,33507912,0.99861359596252441,0.002001546
4,6,4096,16777216,33554432,5,cycle,post,2423,33505294,0.99853557348251343,0.002114269
4,6,4096,16777216,33554432,5,cycle,post,2424,33502443,0.99845060706138611,0.002237035
4,6,4096,16777216,33554432,5,cycle,post,2425,33499892,0.99837458133697510,0.002346891
4,6,4096,16777216,33554432,5,cycle,post,2426,33497136,0.99829244613647461,0.002465585
4,6,4096,16777216,33554432,5,cycle,post,2427,33494287,0.99820753931999207,0.002588295
4,6,4096,16777216,33554432,5,cycle,post,2428,33491098,0.99811249971389771,0.002725660
4,6,4096,16777216,33554432,5,cycle,post,2429,33487525,0.99800601601600647,0.002879583
4,6,4096,16777216,33554432,5,cycle,post,2430,33483861,0.99789682030677795,0.003037442
4,6,4096,16777216,33554432,5,cycle,post,2431,33480207,0.99778792262077332,0.003194888
4,6,4096,16777216,33554432,5,cycle,post,2432,33476248,0.99766993522644043,0.003365495
4,6,4096,16777216,33554432,5,cycle,post,2433,33472137,0.99754741787910461,0.003542674
4,6,4096,16777216,33554432,5,cycle,post,2434,33467724,0.99741590023040771,0.003732893
4,6,4096,16777216,33554432,5,cycle,post,2435,33463166,0.99728006124496460,0.003929388
4,6,4096,16777216,33554432,5,cycle,post,2436,33458358,0.99713677167892456,0.004136690
4,6,4096,16777216,33554432,5,cycle,post,2437,33453119,0.99698063731193542,0.004362609
4,6,4096,16777216,33554432,5,cycle,post,2438,33447924,0.99682581424713135,0.004586665
4,6,4096,16777216,33554432,5,cycle,post,2439,33442443,0.99666246771812439,0.004823094
4,6,4096,16777216,33554432,5,cycle,post,2440,33436758,0.99649304151535034,0.005068364
4,6,4096,16777216,33554432,5,cycle,post,2441,33430843,0.99631676077842712,0.005323601
4,6,4096,16777216,33554432,5,cycle,post,2442,33424785,0.99613621830940247,0.005585055
4,6,4096,16777216,33554432,5,cycle,post,2443,33418330,0.99594384431838989,0.005863696
4,6,4096,16777216,33554432,5,cycle,post,2444,33411334,0.99573534727096558,0.006165750
4,6,4096,16777216,33554432,5,cycle,post,2445,33404194,0.99552255868911743,0.006474087
4,6,4096,16777216,33554432,5,cycle,post,2446,33396605,0.99529638886451721,0.006801886
4,6,4096,16777216,33554432,5,cycle,post,2447,33388837,0.99506488442420959,0.007137493
4,6,4096,16777216,33554432,5,cycle,post,2448,33380825,0.99482610821723938,0.007483725
4,6,4096,16777216,33554432,5,cycle,post,2449,33372331,0.99457296729087830,0.007850876
4,6,4096,16777216,33554432,5,cycle,post,2450,33363637,0.99431386590003967,0.008226769
4,6,4096,16777216,33554432,5,cycle,post,2451,33354357,0.99403730034828186,0.008628106
4,6,4096,16777216,33554432,5,cycle,post,2452,33344475,0.99374279379844666,0.009055601
4,6,4096,16777216,33554432,5,cycle,post,2453,33334544,0.99344682693481445,0.009485344
4,6,4096,16777216,33554432,5,cycle,post,2454,33324056,0.99313426017761230,0.009939328
4,6,4096,16777216,33554432,5,cycle,post,2455,33313134,0.99280875921249390,0.010412251
4,6,4096,16777216,33554432,5,cycle,post,2456,33301953,0.99247553944587708,0.010896549
4,6,4096,16777216,33554432,5,cycle,post,2457,33290321,0.99212887883186340,0.011400554
4,6,4096,16777216,33554432,5,cycle,post,2458,33278397,0.99177351593971252,0.011917394
4,6,4096,16777216,33554432,5,cycle,post,2459,33265856,0.99139976501464844,0.012461178
4,6,4096,16777216,33554432,5,cycle,post,2460,33252657,0.99100640416145325,0.013033714
4,6,4096,16777216,33554432,5,cycle,post,2461,33238644,0.99058878421783447,0.013641809
4,6,4096,16777216,33554432,5,cycle,post,2462,33224304,0.99016141891479492,0.014264358
4,6,4096,16777216,33554432,5,cycle,post,2463,33209269,0.98971334099769592,0.014917369
4,6,4096,16777216,33554432,5,cycle,post,2464,33193979,0.98925766348838806,0.015581759
4,6,4096,16777216,33554432,5,cycle,post,2465,33178165,0.98878636956214905,0.016269239
4,6,4096,16777216,33554432,5,cycle,post,2466,33161611,0.98829302191734314,0.016989241
4,6,4096,16777216,33554432,5,cycle,post,2467,33144626,0.98778682947158813,0.017728362
4,6,4096,16777216,33554432,5,cycle,post,2468,33127321,0.98727110028266907,0.018481798
4,6,4096,16777216,33554432,5,cycle,post,2469,33109209,0.98673132061958313,0.019270792
4,6,4096,16777216,33554432,5,cycle,post,2470,33090058,0.98616057634353638,0.020105515
4,6,4096,16777216,33554432,5,cycle,post,2471,33070511,0.98557803034782410,0.020957998
4,6,4096,16777216,33554432,5,cycle,post,2472,33050354,0.98497730493545532,0.021837611
4,6,4096,16777216,33554432,5,cycle,post,2473,33029493,0.98435559868812561,0.022748511
4,6,4096,16777216,33554432,5,cycle,post,2474,33007957,0.98371377587318420,0.023689489
4,6,4096,16777216,33554432,5,cycle,post,2475,32986014,0.98305982351303101,0.024648881
4,6,4096,16777216,33554432,5,cycle,post,2476,32963136,0.98237800598144531,0.025649834
4,6,4096,16777216,33554432,5,cycle,post,2477,32939403,0.98167070746421814,0.026688928
4,6,4096,16777216,33554432,5,cycle,post,2478,32914770,0.98093658685684204,0.027768219
4,6,4096,16777216,33554432,5,cycle,post,2479,32889203,0.98017463088035583,0.028889288
4,6,4096,16777216,33554432,5,cycle,post,2480,32863009,0.97939398884773254,0.030038754
4,6,4096,16777216,33554432,5,cycle,post,2481,32836519,0.97860452532768250,0.031202141
4,6,4096,16777216,33554432,5,cycle,post,2482,32808905,0.97778156399726868,0.032415891
4,6,4096,16777216,33554432,5,cycle,post,2483,32781032,0.97695088386535645,0.033642062
4,6,4096,16777216,33554432,5,cycle,post,2484,32752626,0.97610431909561157,0.034892754
4,6,4096,16777216,33554432,5,cycle,post,2485,32723360,0.97523212432861328,0.036182446
4,6,4096,16777216,33554432,5,cycle,post,2486,32693230,0.97433418035507202,0.037511417
4,6,4096,16777216,33554432,5,cycle,post,2487,32662012,0.97340381145477295,0.038889671
4,6,4096,16777216,33554432,5,cycle,post,2488,32629916,0.97244727611541748,0.040308062
4,6,4096,16777216,33554432,5,cycle,post,2489,32596294,0.97144526243209839,0.041795388
4,6,4096,16777216,33554432,5,cycle,post,2490,32561419,0.97040590643882751,0.043339763
4,6,4096,16777216,33554432,5,cycle,post,2491,32525531,0.96933636069297791,0.044930726
4,6,4096,16777216,33554432,5,cycle,post,2492,32488162,0.96822267770767212,0.046589209
4,6,4096,16777216,33554432,5,cycle,post,2493,32449994,0.96708518266677856,0.048285124
4,6,4096,16777216,33554432,5,cycle,post,2494,32411538,0.96593910455703735,0.049995854
4,6,4096,16777216,33554432,5,cycle,post,2495,32371899,0.96475777029991150,0.051761336
4,6,4096,16777216,33554432,5,cycle,post,2496,32330758,0.96353167295455933,0.053596004
4,6,4096,16777216,33554432,5,cycle,post,2497,32288873,0.96228340268135071,0.055466249
4,6,4096,16777216,33554432,5,cycle,post,2498,32245495,0.96099063754081726,0.057405719
4,6,4096,16777216,33554432,5,cycle,post,2499,32200583,0.95965215563774109,0.059416527
4,6,4096,16777216,33554432,5,cycle,post,2500,32154779,0.95828709006309509,0.061470162
4,6,4096,16777216,33554432,5,cycle,post,2501,32107164,0.95686805248260498,0.063608097
4,6,4096,16777216,33554432,5,cycle,post,2502,32058807,0.95542690157890320,0.065782596
4,6,4096,16777216,33554432,5,cycle,post,2503,32008210,0.95391899347305298,0.068061337
4,6,4096,16777216,33554432,5,cycle,post,2504,31956181,0.95236840844154358,0.070408330
4,6,4096,16777216,33554432,5,cycle,post,2505,31903197,0.95078936219215393,0.072802333
4,6,4096,16777216,33554432,5,cycle,post,2506,31849578,0.94919139146804810,0.075229079
4,6,4096,16777216,33554432,5,cycle,post,2507,31794089,0.94753769040107727,0.077744764
4,6,4096,16777216,33554432,5,cycle,post,2508,31737218,0.94584280252456665,0.080327665
4,6,4096,16777216,33554432,5,cycle,post,2509,31679281,0.94411614537239075,0.082963744
4,6,4096,16777216,33554432,5,cycle,post,2510,31619856,0.94234514236450195,0.085672538
4,6,4096,16777216,33554432,5,cycle,post,2511,31558509,0.94051685929298401,0.088474290
4,6,4096,16777216,33554432,5,cycle,post,2512,31494313,0.93860366940498352,0.091411994
4,6,4096,16777216,33554432,5,cycle,post,2513,31429144,0.93666148185729980,0.094400356
4,6,4096,16777216,33554432,5,cycle,post,2514,31363187,0.93469581007957458,0.097431168
4,6,4096,16777216,33554432,5,cycle,post,2515,31296809,0.93271759152412415,0.100487767
4,6,4096,16777216,33554432,5,cycle,post,2516,31229535,0.93071267008781433,0.103592248
4,6,4096,16777216,33554432,5,cycle,post,2517,31160716,0.92866170406341553,0.106774952
4,6,4096,16777216,33554432,5,cycle,post,2518,31090578,0.92657142877578735,0.110025898
4,6,4096,16777216,33554432,5,cycle,post,2519,31017997,0.92440834641456604,0.113397809
4,6,4096,16777216,33554432,5,cycle,post,2520,30942844,0.92216861248016357,0.116897533
4,6,4096,16777216,33554432,5,cycle,post,2521,30866549,0.91989484429359436,0.120459143
4,6,4096,16777216,33554432,5,cycle,post,2522,30788898,0.91758066415786743,0.124093105
4,6,4096,16777216,33554432,5,cycle,post,2523,30710224,0.91523599624633789,0.127784300
4,6,4096,16777216,33554432,5,cycle,post,2524,30629228,0.91282212734222412,0.131594331
4,6,4096,16777216,33554432,5,cycle,post,2525,30546074,0.91034394502639771,0.135516369
4,6,4096,16777216,33554432,5,cycle,post,2526,30461641,0.90782764554023743,0.139509672
4,6,4096,16777216,33554432,5,cycle,post,2527,30375415,0.90525791049003601,0.143599216
4,6,4096,16777216,33554432,5,cycle,post,2528,30287539,0.90263900160789490,0.147778978
4,6,4096,16777216,33554432,5,cycle,post,2529,30198304,0.89997959136962891,0.152035809
4,6,4096,16777216,33554432,5,cycle,post,2530,30106892,0.89725530147552490,0.156409553
4,6,4096,16777216,33554432,5,cycle,post,2531,30014060,0.89448869228363037,0.160864850
4,6,4096,16777216,33554432,5,cycle,post,2532,29919893,0.89168229699134827,0.165398320
4,6,4096,16777216,33554432,5,cycle,post,2533,29822782,0.88878816366195679,0.170088491
4,6,4096,16777216,33554432,5,cycle,post,2534,29724764,0.88586699962615967,0.174837980
4,6,4096,16777216,33554432,5,cycle,post,2535,29624947,0.88289222121238708,0.179690763
4,6,4096,16777216,33554432,5,cycle,post,2536,29523170,0.87985903024673462,0.184655699
4,6,4096,16777216,33554432,5,cycle,post,2537,29419499,0.87676939368247986,0.189730657
4,6,4096,16777216,33554432,5,cycle,post,2538,29314138,0.87362939119338989,0.194906702
4,6,4096,16777216,33554432,5,cycle,post,2539,29207515,0.87045177817344666,0.200163718
4,6,4096,16777216,33554432,5,cycle,post,2540,29099148,0.86722218990325928,0.205526423
4,6,4096,16777216,33554432,5,cycle,post,2541,28988816,0.86393404006958008,0.211006926
4,6,4096,16777216,33554432,5,cycle,post,2542,28876359,0.86058256030082703,0.216614491
4,6,4096,16777216,33554432,5,cycle,post,2543,28762015,0.85717484354972839,0.222338585
4,6,4096,16777216,33554432,5,cycle,post,2544,28646718,0.85373872518539429,0.228133474
4,6,4096,16777216,33554432,5,cycle,post,2545,28529531,0.85024628043174744,0.234047305
4,6,4096,16777216,33554432,5,cycle,post,2546,28409744,0.84667634963989258,0.240117504
4,6,4096,16777216,33554432,5,cycle,post,2547,28287030,0.84301918745040894,0.246362627
4,6,4096,16777216,33554432,5,cycle,post,2548,28162829,0.83931770920753479,0.252711074
4,6,4096,16777216,33554432,5,cycle,post,2549,28037312,0.83557701110839844,0.259155294
4,6,4096,16777216,33554432,5,cycle,post,2550,27910303,0.83179184794425964,0.265705549
4,6,4096,16777216,33554432,5,cycle,post,2551,27780340,0.82791864871978760,0.272439079
4,6,4096,16777216,33554432,5,cycle,post,2552,27646116,0.82391846179962158,0.279426525
4,6,4096,16777216,33554432,5,cycle,post,2553,27510892,0.81988847255706787,0.286500418
4,6,4096,16777216,33554432,5,cycle,post,2554,27373791,0.81580254435539246,0.293708088
4,6,4096,16777216,33554432,5,cycle,post,2555,27235183,0.81167170405387878,0.301031775
4,6,4096,16777216,33554432,5,cycle,post,2556,27094982,0.80749338865280151,0.308477647
4,6,4096,16777216,33554432,5,cycle,post,2557,26953054,0.80326360464096069,0.316054584
4,6,4096,16777216,33554432,5,cycle,post,2558,26809921,0.79899790883064270,0.323736368
4,6,4096,16777216,33554432,5,cycle,post,2559,26664357,0.79465976357460022,0.331590797
4,6,4096,16777216,33554432,5,cycle,post,2560,26516427,0.79025110602378845,0.339616946
4,6,4096,16777216,33554432,5,cycle,post,2561,26366370,0.78577905893325806,0.347804375
4,6,4096,16777216,33554432,5,cycle,post,2562,26214982,0.78126734495162964,0.356111781
4,6,4096,16777216,33554432,5,cycle,post,2563,26062632,0.77672696113586426,0.364520550
4,6,4096,16777216,33554432,5,cycle,post,2564,25909107,0.77215155959129333,0.373044044
4,6,4096,16777216,33554432,5,cycle,post,2565,25753509,0.76751437783241272,0.381734318
4,6,4096,16777216,33554432,5,cycle,post,2566,25593963,0.76275953650474548,0.390699782
4,6,4096,16777216,33554432,5,cycle,post,2567,25434638,0.75801128149032593,0.399708775
4,6,4096,16777216,33554432,5,cycle,post,2568,25273084,0.75319659709930420,0.408901613
4,6,4096,16777216,33554432,5,cycle,post,2569,25110479,0.74835059046745300,0.418213786
4,6,4096,16777216,33554432,5,cycle,post,2570,24946766,0.74347156286239624,0.427650533
4,6,4096,16777216,33554432,5,cycle,post,2571,24781182,0.73853677511215210,0.437258334
4,6,4096,16777216,33554432,5,cycle,post,2572,24614895,0.73358103632926941,0.446971750
4,6,4096,16777216,33554432,5,cycle,post,2573,24445480,0.72853207588195801,0.456935602
4,6,4096,16777216,33554432,5,cycle,post,2574,24276032,0.72348213195800781,0.466970708
4,6,4096,16777216,33554432,5,cycle,post,2575,24106578,0.71843200922012329,0.477076465
4,6,4096,16777216,33554432,5,cycle,post,2576,23936989,0.71337786316871643,0.487261647
4,6,4096,16777216,33554432,5,cycle,post,2577,23767253,0.70831933617591858,0.497528168
4,6,4096,16777216,33554432,5,cycle,post,2578,23595868,0.70321166515350342,0.507969092
4,6,4096,16777216,33554432,5,cycle,post,2579,23422810,0.69805413484573364,0.518589172
4,6,4096,16777216,33554432,5,cycle,post,2580,23248373,0.69285550713539124,0.529373581
4,6,4096,16777216,33554432,5,cycle,post,2581,23071047,0.68757078051567078,0.540419859
4,6,4096,16777216,33554432,5,cycle,post,2582,22892282,0.68224316835403442,0.551642052
4,6,4096,16777216,33554432,5,cycle,post,2583,22711956,0.67686903476715088,0.563051377
4,6,4096,16777216,33554432,5,cycle,post,2584,22531273,0.67148426175117493,0.574574509
4,6,4096,16777216,33554432,5,cycle,post,2585,22348766,0.66604512929916382,0.586308161
4,6,4096,16777216,33554432,5,cycle,post,2586,22165768,0.66059136390686035,0.598169986
4,6,4096,16777216,33554432,5,cycle,post,2587,21981731,0.65510663390159607,0.610198337
4,6,4096,16777216,33554432,5,cycle,post,2588,21797163,0.64960607886314392,0.622362962
4,6,4096,16777216,33554432,5,cycle,post,2589,21611920,0.64408540725708008,0.634676089
4,6,4096,16777216,33554432,5,cycle,post,2590,21428222,0.63861078023910522,0.646991188
4,6,4096,16777216,33554432,5,cycle,post,2591,21242770,0.63308387994766235,0.659531434
4,6,4096,16777216,33554432,5,cycle,post,2592,21056919,0.62754508852958679,0.672208976
4,6,4096,16777216,33554432,5,cycle,post,2593,20870337,0.62198451161384583,0.685049439
4,6,4096,16777216,33554432,5,cycle,post,2594,20683900,0.61642825603485107,0.697995101
4,6,4096,16777216,33554432,5,cycle,post,2595,20497377,0.61086943745613098,0.711064032
4,6,4096,16777216,33554432,5,cycle,post,2596,20309017,0.60525587201118469,0.724382924
4,6,4096,16777216,33554432,5,cycle,post,2597,20120326,0.59963244199752808,0.737849655
4,6,4096,16777216,33554432,5,cycle,post,2598,19932528,0.59403562545776367,0.751378640
4,6,4096,16777216,33554432,5,cycle,post,2599,19744502,0.58843201398849487,0.765052355
4,6,4096,16777216,33554432,5,cycle,post,2600,19556149,0.58281865715980530,0.778881033
4,6,4096,16777216,33554432,5,cycle,post,2601,19366956,0.57718026638031006,0.792906120
4,6,4096,16777216,33554432,5,cycle,post,2602,19177130,0.57152301073074341,0.807116509
4,6,4096,16777216,33554432,5,cycle,post,2603,18984577,0.56578448414802551,0.821675482
4,6,4096,16777216,33554432,5,cycle,post,2604,18791738,0.56003743410110474,0.836404832
4,6,4096,16777216,33554432,5,cycle,post,2605,18598608,0.55428171157836914,0.851308688
4,6,4096,16777216,33554432,5,cycle,post,2606,18403153,0.54845669865608215,0.866550372
4,6,4096,16777216,33554432,5,cycle,post,2607,18207789,0.54263439774513245,0.881947592
4,6,4096,16777216,33554432,5,cycle,post,2608,18013200,0.53683519363403320,0.897448841
4,6,4096,16777216,33554432,5,cycle,post,2609,17817562,0.53100472688674927,0.913203391
4,6,4096,16777216,33554432,5,cycle,post,2610,17620763,0.52513965964317322,0.929226940
4,6,4096,16777216,33554432,5,cycle,post,2611,17424606,0.51929372549057007,0.945377301
4,6,4096,16777216,33554432,5,cycle,post,2612,17227773,0.51342764496803284,0.961767116
4,6,4096,16777216,33554432,5,cycle,post,2613,17030949,0.50756183266639709,0.978344509
4,6,4096,16777216,33554432,5,cycle,post,2614,16834004,0.50169241428375244,0.995124971
4,6,4096,16777216,33554432,5,cycle,post,2615,16635965,0.49579039216041565,1.012197781
4,6,4096,16777216,33554432,5,cycle,post,2616,16438395,0.48990234732627869,1.029433891
4,6,4096,16777216,33554432,5,cycle,post,2617,16241867,0.48404535651206970,1.046785856
4,6,4096,16777216,33554432,5,cycle,post,2618,16046565,0.47822490334510803,1.064238835
4,6,4096,16777216,33554432,5,cycle,post,2619,15851028,0.47239744663238525,1.081926928
4,6,4096,16777216,33554432,5,cycle,post,2620,15655202,0.46656137704849243,1.099861212
4,6,4096,16777216,33554432,5,cycle,post,2621,15461125,0.46077743172645569,1.117858038
4,6,4096,16777216,33554432,5,cycle,post,2622,15266397,0.45497408509254456,1.136143722
4,6,4096,16777216,33554432,5,cycle,post,2623,15072790,0.44920414686203003,1.154556849
4,6,4096,16777216,33554432,5,cycle,post,2624,14877808,0.44339323043823242,1.173341351
4,6,4096,16777216,33554432,5,cycle,post,2625,14683217,0.43759396672248840,1.192335248
4,6,4096,16777216,33554432,5,cycle,post,2626,14488359,0.43178674578666687,1.211609136
4,6,4096,16777216,33554432,5,cycle,post,2627,14296385,0.42606547474861145,1.230852944
4,6,4096,16777216,33554432,5,cycle,post,2628,14103778,0.42032533884048462,1.250421665
4,6,4096,16777216,33554432,5,cycle,post,2629,13912954,0.41463834047317505,1.270074570
4,6,4096,16777216,33554432,5,cycle,post,2630,13722125,0.40895119309425354,1.289999422
4,6,4096,16777216,33554432,5,cycle,post,2631,13533622,0.40333336591720581,1.309955337
4,6,4096,16777216,33554432,5,cycle,post,2632,13345824,0.39773654937744141,1.330114952
4,6,4096,16777216,33554432,5,cycle,post,2633,13159678,0.39218896627426147,1.350379147
4,6,4096,16777216,33554432,5,cycle,post,2634,12974765,0.38667812943458557,1.370794927
4,6,4096,16777216,33554432,5,cycle,post,2635,12792214,0.38123768568038940,1.391237357
4,6,4096,16777216,33554432,5,cycle,post,2636,12608792,0.37577128410339355,1.412073273
4,6,4096,16777216,33554432,5,cycle,post,2637,12427257,0.37036111950874329,1.432995442
4,6,4096,16777216,33554432,5,cycle,post,2638,12247055,0.36499068140983582,1.454068464
4,6,4096,16777216,33554432,5,cycle,post,2639,12068056,0.35965609550476074,1.475310040
4,6,4096,16777216,33554432,5,cycle,post,2640,11890733,0.35437145829200745,1.496665684
4,6,4096,16777216,33554432,5,cycle,post,2641,11715025,0.34913495182991028,1.518143303
4,6,4096,16777216,33554432,5,cycle,post,2642,11541678,0.34396880865097046,1.539650349
4,6,4096,16777216,33554432,5,cycle,post,2643,11368884,0.33881914615631104,1.561412693
4,6,4096,16777216,33554432,5,cycle,post,2644,11196619,0.33368524909019470,1.583440183
4,6,4096,16777216,33554432,5,cycle,post,2645,11026890,0.32862693071365356,1.605477382
4,6,4096,16777216,33554432,5,cycle,post,2646,10858756,0.32361614704132080,1.627644501
4,6,4096,16777216,33554432,5,cycle,post,2647,10691506,0.31863170862197876,1.650038251
4,6,4096,16777216,33554432,5,cycle,post,2648,10525081,0.31367185711860657,1.672672000
4,6,4096,16777216,33554432,5,cycle,post,2649,10359050,0.30872374773025513,1.695611632
4,6,4096,16777216,33554432,5,cycle,post,2650,10193642,0.30379420518875122,1.718833744
4,6,4096,16777216,33554432,5,cycle,post,2651,10030280,0.29892563819885254,1.742141456
4,6,4096,16777216,33554432,5,cycle,post,2652,9870959,0.29417750239372253,1.765241176
4,6,4096,16777216,33554432,5,cycle,post,2653,9711723,0.28943189978599548,1.788704157
4,6,4096,16777216,33554432,5,cycle,post,2654,9554530,0.28474718332290649,1.812246524
4,6,4096,16777216,33554432,5,cycle,post,2655,9398414,0.28009456396102905,1.836014111
4,6,4096,16777216,33554432,5,cycle,post,2656,9244355,0.27550324797630310,1.859858768
4,6,4096,16777216,33554432,5,cycle,post,2657,9091279,0.27094122767448425,1.883948157
4,6,4096,16777216,33554432,5,cycle,post,2658,8939300,0.26641190052032471,1.908269566
4,6,4096,16777216,33554432,5,cycle,post,2659,8788013,0.26190319657325745,1.932894427
4,6,4096,16777216,33554432,5,cycle,post,2660,8636751,0.25739523768424988,1.957942734
4,6,4096,16777216,33554432,5,cycle,post,2661,8486157,0.25290718674659729,1.983320061
4,6,4096,16777216,33554432,5,cycle,post,2662,8338314,0.24850112199783325,2.008675729
4,6,4096,16777216,33554432,5,cycle,post,2663,8192190,0.24414628744125366,2.034182255
4,6,4096,16777216,33554432,5,cycle,post,2664,8048021,0.23984971642494202,2.059797361
4,6,4096,16777216,33554432,5,cycle,post,2665,7904989,0.23558703064918518,2.085667976
4,6,4096,16777216,33554432,5,cycle,post,2666,7763884,0.23138177394866943,2.111652868
4,6,4096,16777216,33554432,5,cycle,post,2667,7624020,0.22721350193023682,2.137879527
4,6,4096,16777216,33554432,5,cycle,post,2668,7486802,0.22312408685684204,2.164081830
4,6,4096,16777216,33554432,5,cycle,post,2669,7350265,0.21905496716499329,2.190635166
4,6,4096,16777216,33554432,5,cycle,post,2670,7215884,0.21505010128021240,2.217255284
4,6,4096,16777216,33554432,5,cycle,post,2671,7082774,0.21108311414718628,2.244116922
4,6,4096,16777216,33554432,5,cycle,post,2672,6949689,0.20711687207221985,2.271483012
4,6,4096,16777216,33554432,5,cycle,post,2673,6818107,0.20319542288780212,2.299060190
4,6,4096,16777216,33554432,5,cycle,post,2674,6689184,0.19935321807861328,2.326601201
4,6,4096,16777216,33554432,5,cycle,post,2675,6562228,0.19556963443756104,2.354245711
4,6,4096,16777216,33554432,5,cycle,post,2676,6437806,0.19186156988143921,2.381862328
4,6,4096,16777216,33554432,5,cycle,post,2677,6314082,0.18817430734634399,2.409858434
4,6,4096,16777216,33554432,5,cycle,post,2678,6190924,0.18450391292572021,2.438276682
4,6,4096,16777216,33554432,5,cycle,post,2679,6069776,0.18089342117309570,2.466788155
4,6,4096,16777216,33554432,5,cycle,post,2680,5950267,0.17733177542686462,2.495477024
4,6,4096,16777216,33554432,5,cycle,post,2681,5833261,0.17384472489356995,2.524128804
4,6,4096,16777216,33554432,5,cycle,post,2682,5717233,0.17038682103157043,2.553114344
4,6,4096,16777216,33554432,5,cycle,post,2683,5602846,0.16697782278060913,2.582271592
4,6,4096,16777216,33554432,5,cycle,post,2684,5490855,0.16364023089408875,2.611400617
4,6,4096,16777216,33554432,5,cycle,post,2685,5380169,0.16034153103828430,2.640779940
4,6,4096,16777216,33554432,5,cycle,post,2686,5270303,0.15706726908683777,2.670545523
4,6,4096,16777216,33554432,5,cycle,post,2687,5161746,0.15383201837539673,2.700572280
4,6,4096,16777216,33554432,5,cycle,post,2688,5054241,0.15062811970710754,2.730936973
4,6,4096,16777216,33554432,5,cycle,post,2689,4948698,0.14748269319534302,2.761382428
4,6,4096,16777216,33554432,5,cycle,post,2690,4845169,0.14439728856086731,2.791884443
4,6,4096,16777216,33554432,5,cycle,post,2691,4743068,0.14135444164276123,2.822610879
4,6,4096,16777216,33554432,5,cycle,post,2692,4642238,0.13834947347640991,2.853610941
4,6,4096,16777216,33554432,5,cycle,post,2693,4543550,0.13540834188461304,2.884611475
4,6,4096,16777216,33554432,5,cycle,post,2694,4445743,0.13249346613883972,2.916006879
4,6,4096,16777216,33554432,5,cycle,post,2695,4349767,0.12963315844535828,2.947493307
4,6,4096,16777216,33554432,5,cycle,post,2696,4254842,0.12680417299270630,2.979325871
4,6,4096,16777216,33554432,5,cycle,post,2697,4161175,0.12401267886161804,3.011440468
4,6,4096,16777216,33554432,5,cycle,post,2698,4068629,0.12125459313392639,3.043888697
4,6,4096,16777216,33554432,5,cycle,post,2699,3977174,0.11852902173995972,3.076687750
4,6,4096,16777216,33554432,5,cycle,post,2700,3888369,0.11588242650032043,3.109266296
4,6,4096,16777216,33554432,5,cycle,post,2701,3800483,0.11326321959495544,3.142248650
4,6,4096,16777216,33554432,5,cycle,post,2702,3714155,0.11069044470787048,3.175397407
4,6,4096,16777216,33554432,5,cycle,post,2703,3628776,0.10814595222473145,3.208948427
4,6,4096,16777216,33554432,5,cycle,post,2704,3544857,0.10564497113227844,3.242704001
4,6,4096,16777216,33554432,5,cycle,post,2705,3463438,0.10321849584579468,3.276226583
4,6,4096,16777216,33554432,5,cycle,post,2706,3382117,0.10079494118690491,3.310504862
4,6,4096,16777216,33554432,5,cycle,post,2707,3303227,0.09844383597373962,3.344555315
4,6,4096,16777216,33554432,5,cycle,post,2708,3224611,0.09610089659690857,3.379306299
4,6,4096,16777216,33554432,5,cycle,post,2709,3146620,0.09377658367156982,3.414628468
4,6,4096,16777216,33554432,5,cycle,post,2710,3071661,0.09154263138771057,3.449412427
4,6,4096,16777216,33554432,5,cycle,post,2711,2998139,0.08935150504112244,3.484364159
4,6,4096,16777216,33554432,5,cycle,post,2712,2925817,0.08719614148139954,3.519591894
4,6,4096,16777216,33554432,5,cycle,post,2713,2855906,0.08511263132095337,3.554482936
4,6,4096,16777216,33554432,5,cycle,post,2714,2786630,0.08304804563522339,3.589909972
4,6,4096,16777216,33554432,5,cycle,post,2715,2718447,0.08101603388786316,3.625648730
4,6,4096,16777216,33554432,5,cycle,post,2716,2652947,0.07906398177146912,3.660835577
4,6,4096,16777216,33554432,5,cycle,post,2717,2589047,0.07715961337089539,3.696010275
4,6,4096,16777216,33554432,5,cycle,post,2718,2526486,0.07529515027999878,3.731299245
4,6,4096,16777216,33554432,5,cycle,post,2719,2465493,0.07347741723060608,3.766555274
4,6,4096,16777216,33554432,5,cycle,post,2720,2404940,0.07167279720306396,3.802430530
4,6,4096,16777216,33554432,5,cycle,post,2721,2345506,0.06990152597427368,3.838532239
4,6,4096,16777216,33554432,5,cycle,post,2722,2288060,0.06818950176239014,3.874306546
4,6,4096,16777216,33554432,5,cycle,post,2723,2231120,0.06649255752563477,3.910663320
4,6,4096,16777216,33554432,5,cycle,post,2724,2175454,0.06483358144760132,3.947114919
4,6,4096,16777216,33554432,5,cycle,post,2725,2120299,0.06318983435630798,3.984163706
4,6,4096,16777216,33554432,5,cycle,post,2726,2067318,0.06161087751388550,4.020671106
4,6,4096,16777216,33554432,5,cycle,post,2727,2014474,0.06003600358963013,4.058028245
4,6,4096,16777216,33554432,5,cycle,post,2728,1962942,0.05850023031234741,4.095413885
4,6,4096,16777216,33554432,5,cycle,post,2729,1912810,0.05700618028640747,4.132737853
4,6,4096,16777216,33554432,5,cycle,post,2730,1863247,0.05552908778190613,4.170612494
4,6,4096,16777216,33554432,5,cycle,post,2731,1814531,0.05407723784446716,4.208834726
4,6,4096,16777216,33554432,5,cycle,post,2732,1766779,0.05265411734580994,4.247309841
4,6,4096,16777216,33554432,5,cycle,post,2733,1720230,0.05126684904098511,4.285829960
4,6,4096,16777216,33554432,5,cycle,post,2734,1675200,0.04992485046386719,4.324098083
4,6,4096,16777216,33554432,5,cycle,post,2735,1630890,0.04860430955886841,4.362771952
4,6,4096,16777216,33554432,5,cycle,post,2736,1586725,0.04728808999061584,4.402379319
4,6,4096,16777216,33554432,5,cycle,post,2737,1543902,0.04601186513900757,4.441850251
4,6,4096,16777216,33554432,5,cycle,post,2738,1502012,0.04476344585418701,4.481535092
4,6,4096,16777216,33554432,5,cycle,post,2739,1461223,0.04354783892631531,4.521255063
4,6,4096,16777216,33554432,5,cycle,post,2740,1421134,0.04235309362411499,4.561388837
4,6,4096,16777216,33554432,5,cycle,post,2741,1382088,0.04118943214416504,4.601581953
4,6,4096,16777216,33554432,5,cycle,post,2742,1343841,0.04004958271980286,4.642068979
4,6,4096,16777216,33554432,5,cycle,post,2743,1306192,0.03892755508422852,4.683064453
4,6,4096,16777216,33554432,5,cycle,post,2744,1268785,0.03781273961067200,4.724983810
4,6,4096,16777216,33554432,5,cycle,post,2745,1232146,0.03672081232070923,4.767258216
4,6,4096,16777216,33554432,5,cycle,post,2746,1196818,0.03566795587539673,4.809227652
4,6,4096,16777216,33554432,5,cycle,post,2747,1162544,0.03464651107788086,4.851146110
4,6,4096,16777216,33554432,5,cycle,post,2748,1129697,0.03366759419441223,4.892495556
4,6,4096,16777216,33554432,5,cycle,post,2749,1097394,0.03270488977432251,4.934349838
4,6,4096,16777216,33554432,5,cycle,post,2750,1065254,0.03174704313278198,4.977233962
4,6,4096,16777216,33554432,5,cycle,post,2751,1034572,0.03083264827728271,5.019397379
4,6,4096,16777216,33554432,5,cycle,post,2752,1004755,0.02994403243064880,5.061587674
4,6,4096,16777216,33554432,5,cycle,post,2753,975785,0.02908065915107727,5.103796220
4,6,4096,16777216,33554432,5,cycle,post,2754,947455,0.02823635935783386,5.146302102
4,6,4096,16777216,33554432,5,cycle,post,2755,919405,0.02740040421485901,5.189659014
4,6,4096,16777216,33554432,5,cycle,post,2756,892629,0.02660241723060608,5.232298848
4,6,4096,16777216,33554432,5,cycle,post,2757,866914,0.02583605051040649,5.274470644
4,6,4096,16777216,33554432,5,cycle,post,2758,841515,0.02507910132408142,5.317370538
4,6,4096,16777216,33554432,5,cycle,post,2759,816909,0.02434578537940979,5.360184148
4,6,4096,16777216,33554432,5,cycle,post,2760,793144,0.02363753318786621,5.402776706
4,6,4096,16777216,33554432,5,cycle,post,2761,770385,0.02295926213264465,5.444779913
4,6,4096,16777216,33554432,5,cycle,post,2762,748749,0.02231445908546448,5.485877354
4,6,4096,16777216,33554432,5,cycle,post,2763,727829,0.02169099450111389,5.526759990
4,6,4096,16777216,33554432,5,cycle,post,2764,706657,0.02106001973152161,5.569349402
4,6,4096,16777216,33554432,5,cycle,post,2765,685898,0.02044135332107544,5.612365477
4,6,4096,16777216,33554432,5,cycle,post,2766,665437,0.01983156800270081,5.656057440
4,6,4096,16777216,33554432,5,cycle,post,2767,645556,0.01923906803131104,5.699817275
4,6,4096,16777216,33554432,5,cycle,post,2768,626200,0.01866221427917480,5.743736017
4,6,4096,16777216,33554432,5,cycle,post,2769,607455,0.01810356974601746,5.787581987
4,6,4096,16777216,33554432,5,cycle,post,2770,589150,0.01755803823471069,5.831724529
4,6,4096,16777216,33554432,5,cycle,post,2771,571538,0.01703315973281860,5.875510103
4,6,4096,16777216,33554432,5,cycle,post,2772,554556,0.01652705669403076,5.919026372
4,6,4096,16777216,33554432,5,cycle,post,2773,537931,0.01603159308433533,5.962938394
4,6,4096,16777216,33554432,5,cycle,post,2774,521835,0.01555189490318298,6.006765815
4,6,4096,16777216,33554432,5,cycle,post,2775,505749,0.01507249474525452,6.051937963
4,6,4096,16777216,33554432,5,cycle,post,2776,490220,0.01460969448089600,6.096930181
4,6,4096,16777216,33554432,5,cycle,post,2777,475707,0.01417717337608337,6.140286271
4,6,4096,16777216,33554432,5,cycle,post,2778,461562,0.01375561952590942,6.183835073
4,6,4096,16777216,33554432,5,cycle,post,2779,447976,0.01335072517395020,6.226938083
4,6,4096,16777216,33554432,5,cycle,post,2780,434780,0.01295745372772217,6.270073948
4,6,4096,16777216,33554432,5,cycle,post,2781,422136,0.01258063316345215,6.312651657
4,6,4096,16777216,33554432,5,cycle,post,2782,409560,0.01220583915710449,6.356284705
4,6,4096,16777216,33554432,5,cycle,post,2783,397189,0.01183715462684631,6.400533857
4,6,4096,16777216,33554432,5,cycle,post,2784,384857,0.01146963238716125,6.446037037
4,6,4096,16777216,33554432,5,cycle,post,2785,372871,0.01111242175102234,6.491682930
4,6,4096,16777216,33554432,5,cycle,post,2786,361355,0.01076921820640564,6.536942669
4,6,4096,16777216,33554432,5,cycle,post,2787,350333,0.01044073700904846,6.581632635
4,6,4096,16777216,33554432,5,cycle,post,2788,339702,0.01012390851974487,6.626089813
4,6,4096,16777216,33554432,5,cycle,post,2789,329592,0.00982260704040527,6.669678300
4,6,4096,16777216,33554432,5,cycle,post,2790,319403,0.00951895117759705,6.714981662
4,6,4096,16777216,33554432,5,cycle,post,2791,309440,0.00922203063964844,6.760699826
4,6,4096,16777216,33554432,5,cycle,post,2792,299653,0.00893035531044006,6.807066708
4,6,4096,16777216,33554432,5,cycle,post,2793,290337,0.00865271687507629,6.852631088
4,6,4096,16777216,33554432,5,cycle,post,2794,281286,0.00838297605514526,6.898321776
4,6,4096,16777216,33554432,5,cycle,post,2795,272383,0.00811764597892761,6.944722861
4,6,4096,16777216,33554432,5,cycle,post,2796,263767,0.00786086916923523,6.991095446
4,6,4096,16777216,33554432,5,cycle,post,2797,255298,0.00760847330093384,7.038177290
4,6,4096,16777216,33554432,5,cycle,post,2798,247039,0.00736233592033386,7.085620708
4,6,4096,16777216,33554432,5,cycle,post,2799,239026,0.00712352991104126,7.133191970
4,6,4096,16777216,33554432,5,cycle,post,2800,231195,0.00689014792442322,7.181249328
4,6,4096,16777216,33554432,5,cycle,post,2801,223692,0.00666654109954834,7.228845864
4,6,4096,16777216,33554432,5,cycle,post,2802,216284,0.00644576549530029,7.277432582
4,6,4096,16777216,33554432,5,cycle,post,2803,209368,0.00623965263366699,7.324318569
4,6,4096,16777216,33554432,5,cycle,post,2804,202450,0.00603348016738892,7.372793883
4,6,4096,16777216,33554432,5,cycle,post,2805,195877,0.00583758950233459,7.420411520
4,6,4096,16777216,33554432,5,cycle,post,2806,189326,0.00564235448837280,7.469486977
4,6,4096,16777216,33554432,5,cycle,post,2807,183111,0.00545713305473328,7.517641065
4,6,4096,16777216,33554432,5,cycle,post,2808,176914,0.00527244806289673,7.567311306
4,6,4096,16777216,33554432,5,cycle,post,2809,170916,0.00509369373321533,7.617072067
4,6,4096,16777216,33554432,5,cycle,post,2810,165194,0.00492316484451294,7.666198238
4,6,4096,16777216,33554432,5,cycle,post,2811,159684,0.00475895404815674,7.715139761
4,6,4096,16777216,33554432,5,cycle,post,2812,154393,0.00460126996040344,7.763752182
4,6,4096,16777216,33554432,5,cycle,post,2813,149270,0.00444859266281128,7.812435281
4,6,4096,16777216,33554432,5,cycle,post,2814,144452,0.00430500507354736,7.859769347
4,6,4096,16777216,33554432,5,cycle,post,2815,139934,0.00417035818099976,7.905612986
4,6,4096,16777216,33554432,5,cycle,post,2816,135620,0.00404179096221924,7.950789576
4,6,4096,16777216,33554432,5,cycle,post,2817,131188,0.00390970706939697,7.998723765
4,6,4096,16777216,33554432,5,cycle,post,2818,126742,0.00377720594406128,8.048464839
4,6,4096,16777216,33554432,5,cycle,post,2819,122328,0.00364565849304199,8.099604861
4,6,4096,16777216,33554432,5,cycle,post,2820,118189,0.00352230668067932,8.149263757
4,6,4096,16777216,33554432,5,cycle,post,2821,114576,0.00341463088989258,8.194054648
4,6,4096,16777216,33554432,5,cycle,post,2822,110949,0.00330653786659241,8.240462861
4,6,4096,16777216,33554432,5,cycle,post,2823,107433,0.00320175290107727,8.286922314
4,6,4096,16777216,33554432,5,cycle,post,2824,103858,0.00309520959854126,8.335747177
4,6,4096,16777216,33554432,5,cycle,post,2825,100375,0.00299140810966492,8.384959538
4,6,4096,16777216,33554432,5,cycle,post,2826,96898,0.00288778543472290,8.435820732
4,6,4096,16777216,33554432,5,cycle,post,2827,93482,0.00278598070144653,8.487599020
4,6,4096,16777216,33554432,5,cycle,post,2828,90242,0.00268942117691040,8.538488578
4,6,4096,16777216,33554432,5,cycle,post,2829,87102,0.00259584188461304,8.589581775
4,6,4096,16777216,33554432,5,cycle,post,2830,84065,0.00250533223152161,8.640782353
4,6,4096,16777216,33554432,5,cycle,post,2831,80898,0.00241094827651978,8.696183584
4,6,4096,16777216,33554432,5,cycle,post,2832,77990,0.00232428312301636,8.748998469
4,6,4096,16777216,33554432,5,cycle,post,2833,74786,0.00222879648208618,8.809519399
4,6,4096,16777216,33554432,5,cycle,post,2834,71906,0.00214296579360962,8.866175463
4,6,4096,16777216,33554432,5,cycle,post,2835,68981,0.00205579400062561,8.926088577
4,6,4096,16777216,33554432,5,cycle,post,2836,66219,0.00197347998619080,8.985042396
4,6,4096,16777216,33554432,5,cycle,post,2837,63502,0.00189250707626343,9.045485590
4,6,4096,16777216,33554432,5,cycle,post,2838,61143,0.00182220339775085,9.100100280
4,6,4096,16777216,33554432,5,cycle,post,2839,58807,0.00175258517265320,9.156299726
4,6,4096,16777216,33554432,5,cycle,post,2840,56537,0.00168493390083313,9.213092288
4,6,4096,16777216,33554432,5,cycle,post,2841,54298,0.00161820650100708,9.271388561
4,6,4096,16777216,33554432,5,cycle,post,2842,52362,0.00156050920486450,9.323767417
4,6,4096,16777216,33554432,5,cycle,post,2843,50446,0.00150340795516968,9.377547742
4,6,4096,16777216,33554432,5,cycle,post,2844,48485,0.00144496560096741,9.434749137
4,6,4096,16777216,33554432,5,cycle,post,2845,46659,0.00139054656028748,9.490132233
4,6,4096,16777216,33554432,5,cycle,post,2846,44914,0.00133854150772095,9.545122408
4,6,4096,16777216,33554432,5,cycle,post,2847,43110,0.00128477811813354,9.604265058
4,6,4096,16777216,33554432,5,cycle,post,2848,41219,0.00122842192649841,9.668978116
4,6,4096,16777216,33554432,5,cycle,post,2849,39433,0.00117519497871399,9.732884148
4,6,4096,16777216,33554432,5,cycle,post,2850,37656,0.00112223625183105,9.799407862
4,6,4096,16777216,33554432,5,cycle,post,2851,35982,0.00107234716415405,9.865012242
4,6,4096,16777216,33554432,5,cycle,post,2852,34305,0.00102236866950989,9.933868754
4,6,4096,16777216,33554432,5,cycle,post,2853,32726,0.00097531080245972,10.001850344
4,6,4096,16777216,33554432,5,cycle,post,2854,31285,0.00093236565589905,10.066816516
4,6,4096,16777216,33554432,5,cycle,post,2855,29950,0.00089257955551147,10.129731617
4,6,4096,16777216,33554432,5,cycle,post,2856,28687,0.00085493922233582,10.191890517
4,6,4096,16777216,33554432,5,cycle,post,2857,27395,0.00081643462181091,10.258375017
4,6,4096,16777216,33554432,5,cycle,post,2858,26208,0.00078105926513672,10.322280358
4,6,4096,16777216,33554432,5,cycle,post,2859,25085,0.00074759125709534,10.385462682
4,6,4096,16777216,33554432,5,cycle,post,2860,24004,0.00071537494659424,10.449012785
4,6,4096,16777216,33554432,5,cycle,post,2861,22941,0.00068369507789612,10.514359341
4,6,4096,16777216,33554432,5,cycle,post,2862,21931,0.00065359473228455,10.579316024
4,6,4096,16777216,33554432,5,cycle,post,2863,21003,0.00062593817710876,10.641692208
4,6,4096,16777216,33554432,5,cycle,post,2864,20107,0.00059923529624939,10.704589775
4,6,4096,16777216,33554432,5,cycle,post,2865,19349,0.00057664513587952,10.760028614
4,6,4096,16777216,33554432,5,cycle,post,2866,18580,0.00055372714996338,10.818537119
4,6,4096,16777216,33554432,5,cycle,post,2867,17813,0.00053086876869202,10.879357110
4,6,4096,16777216,33554432,5,cycle,post,2868,17169,0.00051167607307434,10.932481608
4,6,4096,16777216,33554432,5,cycle,post,2869,16524,0.00049245357513428,10.987724655
4,6,4096,16777216,33554432,5,cycle,post,2870,15817,0.00047138333320618,11.050811630
4,6,4096,16777216,33554432,5,cycle,post,2871,15145,0.00045135617256165,11.113446042
4,6,4096,16777216,33554432,5,cycle,post,2872,14508,0.00043237209320068,11.175438970
4,6,4096,16777216,33554432,5,cycle,post,2873,13853,0.00041285157203674,11.242089181
4,6,4096,16777216,33554432,5,cycle,post,2874,13252,0.00039494037628174,11.306077512
4,6,4096,16777216,33554432,5,cycle,post,2875,12650,0.00037699937820435,11.373150236
4,6,4096,16777216,33554432,5,cycle,post,2876,12114,0.00036102533340454,11.435612304
4,6,4096,16777216,33554432,5,cycle,post,2877,11583,0.00034520030021667,11.500278660
4,6,4096,16777216,33554432,5,cycle,post,2878,11107,0.00033101439476013,11.560818423
4,6,4096,16777216,33554432,5,cycle,post,2879,10572,0.00031507015228271,11.632039290
4,6,4096,16777216,33554432,5,cycle,post,2880,10065,0.00029996037483215,11.702940448
4,6,4096,16777216,33554432,5,cycle,post,2881,9590,0.00028580427169800,11.772684900
4,6,4096,16777216,33554432,5,cycle,post,2882,9149,0.00027266144752502,11.840601652
4,6,4096,16777216,33554432,5,cycle,post,2883,8721,0.00025990605354309,11.909722143
4,6,4096,16777216,33554432,5,cycle,post,2884,8364,0.00024926662445068,11.970022653
4,6,4096,16777216,33554432,5,cycle,post,2885,7950,0.00023692846298218,12.043260855
4,6,4096,16777216,33554432,5,cycle,post,2886,7549,0.00022497773170471,12.117930169
4,6,4096,16777216,33554432,5,cycle,post,2887,7153,0.00021317601203918,12.195667274
4,6,4096,16777216,33554432,5,cycle,post,2888,6757,0.00020137429237366,12.277832860
4,6,4096,16777216,33554432,5,cycle,post,2889,6412,0.00019109249114990,12.353441290
4,6,4096,16777216,33554432,5,cycle,post,2890,6068,0.00018084049224854,12.432994630
4,6,4096,16777216,33554432,5,cycle,post,2891,5688,0.00016951560974121,12.526294250
4,6,4096,16777216,33554432,5,cycle,post,2892,5367,0.00015994906425476,12.610099827
4,6,4096,16777216,33554432,5,cycle,post,2893,5059,0.00015076994895935,12.695363476
4,6,4096,16777216,33554432,5,cycle,post,2894,4807,0.00014325976371765,12.769078912
4,6,4096,16777216,33554432,5,cycle,post,2895,4550,0.00013560056686401,12.848349170
4,6,4096,16777216,33554432,5,cycle,post,2896,4291,0.00012788176536560,12.932901814
4,6,4096,16777216,33554432,5,cycle,post,2897,4046,0.00012058019638062,13.017719395
4,6,4096,16777216,33554432,5,cycle,post,2898,3847,0.00011464953422546,13.090481886
4,6,4096,16777216,33554432,5,cycle,post,2899,3657,0.00010898709297180,13.163555089
4,6,4096,16777216,33554432,5,cycle,post,2900,3474,0.00010353326797485,13.237617961
4,6,4096,16777216,33554432,5,cycle,post,2901,3317,0.00009885430335999,13.304336703
4,6,4096,16777216,33554432,5,cycle,post,2902,3172,0.00009453296661377,13.368822944
4,6,4096,16777216,33554432,5,cycle,post,2903,3068,0.00009143352508545,13.416917232
4,6,4096,16777216,33554432,5,cycle,post,2904,2970,0.00008851289749146,13.463752784
4,6,4096,16777216,33554432,5,cycle,post,2905,2845,0.00008478760719299,13.525787063
4,6,4096,16777216,33554432,5,cycle,post,2906,2679,0.00007984042167664,13.612521134
4,6,4096,16777216,33554432,5,cycle,post,2907,2484,0.00007402896881104,13.721550542
4,6,4096,16777216,33554432,5,cycle,post,2908,2326,0.00006932020187378,13.816364619
4,6,4096,16777216,33554432,5,cycle,post,2909,2172,0.00006473064422607,13.915191612
4,6,4096,16777216,33554432,5,cycle,post,2910,2021,0.00006023049354553,14.019146394
4,6,4096,16777216,33554432,5,cycle,post,2911,1876,0.00005590915679932,14.126555887
4,6,4096,16777216,33554432,5,cycle,post,2912,1754,0.00005227327346802,14.223566968
4,6,4096,16777216,33554432,5,cycle,post,2913,1681,0.00005009770393372,14.284895991
4,6,4096,16777216,33554432,5,cycle,post,2914,1615,0.00004813075065613,14.342681550
4,6,4096,16777216,33554432,5,cycle,post,2915,1540,0.00004589557647705,14.411285364
4,6,4096,16777216,33554432,5,cycle,post,2916,1490,0.00004440546035767,14.458903385
4,6,4096,16777216,33554432,5,cycle,post,2917,1434,0.00004273653030396,14.514170691
4,6,4096,16777216,33554432,5,cycle,post,2918,1378,0.00004106760025024,14.571639827
4,6,4096,16777216,33554432,5,cycle,post,2919,1318,0.00003927946090698,14.635865345
4,6,4096,16777216,33554432,5,cycle,post,2920,1251,0.00003728270530701,14.711133926
4,6,4096,16777216,33554432,5,cycle,post,2921,1213,0.00003615021705627,14.755636165
4,6,4096,16777216,33554432,5,cycle,post,2922,1187,0.00003537535667419,14.786895780
4,6,4096,16777216,33554432,5,cycle,post,2923,1163,0.00003466010093689,14.816364619
4,6,4096,16777216,33554432,5,cycle,post,2924,1153,0.00003436207771301,14.828823202
4,6,4096,16777216,33554432,5,cycle,post,2925,1130,0.00003367662429810,14.857892943
4,6,4096,16777216,33554432,5,cycle,post,2926,1098,0.00003272294998169,14.899337661
4,6,4096,16777216,33554432,5,cycle,post,2927,1074,0.00003200769424438,14.931221722
4,6,4096,16777216,33554432,5,cycle,post,2928,1060,0.00003159046173096,14.950151451
4,6,4096,16777216,33554432,5,cycle,post,2929,1031,0.00003072619438171,14.990171383
4,6,4096,16777216,33554432,5,cycle,post,2930,1004,0.00002992153167725,15.028456446
4,6,4096,16777216,33554432,5,cycle,post,2931,984,0.00002932548522949,15.057485495
4,6,4096,16777216,33554432,5,cycle,post,2932,948,0.00002825260162354,15.111256751
4,6,4096,16777216,33554432,5,cycle,post,2933,934,0.00002783536911011,15.132721260
4,6,4096,16777216,33554432,5,cycle,post,2934,896,0.00002670288085938,15.192645078
4,6,4096,16777216,33554432,5,cycle,post,2935,872,0.00002598762512207,15.231815675
4,6,4096,16777216,33554432,5,cycle,post,2936,847,0.00002524256706238,15.273781841
4,6,4096,16777216,33554432,5,cycle,post,2937,818,0.00002437829971313,15.324042967
4,6,4096,16777216,33554432,5,cycle,post,2938,785,0.00002339482307434,15.383451156
4,6,4096,16777216,33554432,5,cycle,post,2939,753,0.00002244114875793,15.443493945
4,6,4096,16777216,33554432,5,cycle,post,2940,734,0.00002187490463257,15.480363747
4,6,4096,16777216,33554432,5,cycle,post,2941,705,0.00002101063728333,15.538520553
4,6,4096,16777216,33554432,5,cycle,post,2942,681,0.00002029538154602,15.588489012
4,6,4096,16777216,33554432,5,cycle,post,2943,653,0.00001946091651917,15.649060818
4,6,4096,16777216,33554432,5,cycle,post,2944,635,0.00001892447471619,15.689387218
4,6,4096,16777216,33554432,5,cycle,post,2945,612,0.00001823902130127,15.742612157
4,6,4096,16777216,33554432,5,cycle,post,2946,590,0.00001758337020874,15.795428856
4,6,4096,16777216,33554432,5,cycle,post,2947,572,0.00001704692840576,15.840128663
4,6,4096,16777216,33554432,5,cycle,post,2948,549,0.00001636147499084,15.899337661
4,6,4096,16777216,33554432,5,cycle,post,2949,536,0.00001597404479980,15.933910810
4,6,4096,16777216,33554432,5,cycle,post,2950,505,0.00001505017280579,16.019860422
4,6,4096,16777216,33554432,5,cycle,post,2951,456,0.00001358985900879,16.167109986
4,6,4096,16777216,33554432,5,cycle,post,2952,424,0.00001263618469238,16.272079545
4,6,4096,16777216,33554432,5,cycle,post,2953,369,0.00001099705696106,16.472522994
4,6,4096,16777216,33554432,5,cycle,post,2954,338,0.00001007318496704,16.599120564
4,6,4096,16777216,33554432,5,cycle,post,2955,316,0.00000941753387451,16.696219252
4,6,4096,16777216,33554432,5,cycle,post,2956,288,0.00000858306884766,16.830074999
4,6,4096,16777216,33554432,5,cycle,post,2957,257,0.00000765919685364,16.994375451
4,6,4096,16777216,33554432,5,cycle,post,2958,243,0.00000724196434021,17.075187496
4,6,4096,16777216,33554432,5,cycle,post,2959,238,0.00000709295272827,17.105182237
4,6,4096,16777216,33554432,5,cycle,post,2960,231,0.00000688433647156,17.148250959
4,6,4096,16777216,33554432,5,cycle,post,2961,221,0.00000658631324768,17.212097441
4,6,4096,16777216,33554432,5,cycle,post,2962,219,0.00000652670860291,17.225212940
4,6,4096,16777216,33554432,5,cycle,post,2963,217,0.00000646710395813,17.238448768
4,6,4096,16777216,33554432,5,cycle,post,2964,209,0.00000622868537903,17.292640868
4,6,4096,16777216,33554432,5,cycle,post,2965,196,0.00000584125518799,17.385290156
4,6,4096,16777216,33554432,5,cycle,post,2966,182,0.00000542402267456,17.492205360
4,6,4096,16777216,33554432,5,cycle,post,2967,163,0.00000485777854919,17.651271846
4,6,4096,16777216,33554432,5,cycle,post,2968,141,0.00000420212745667,17.860448648
4,6,4096,16777216,33554432,5,cycle,post,2969,104,0.00000309944152832,18.299560282
4,6,4096,16777216,33554432,5,cycle,post,2970,53,0.00000157952308655,19.272079545
4,6,4096,16777216,33554432,5,cycle,post,2971,30,0.00000089406967163,20.093109404
4,6,4096,16777216,33554432,5,cycle,post,2972,20,0.00000059604644775,20.678071905
4,6,4096,16777216,33554432,5,cycle,post,2973,10,0.00000029802322388,21.678071905
4,6,4096,16777216,33554432,5,cycle,post,2974,0,0.00000000000000000,inf
4,6,4096,16777216,33554432,5,cycle,insertion,0,33554432,1.00000000000000000,-0.000000000
4,6,4096,16777216,33554432,5,cycle,insertion,1,33554432,1.00000000000000000,-0.000000000
4,6,4096,16777216,33554432,5,cycle,insertion,2,33554432,1.00000000000000000,-0.000000000
4,6,4096,16777216,33554432,5,cycle,insertion,3,33554432,1.00000000000000000,-0.000000000
4,6,4096,16777216,33554432,5,cycle,insertion,4,33554432,1.00000000000000000,-0.000000000
4,6,4096,16777216,33554432,5,cycle,insertion,5,33554432,1.00000000000000000,-0.000000000
4,6,4096,16777216,33554432,5,cycle,insertion,6,33554432,1.00000000000000000,-0.000000000
4,6,4096,16777216,33554432,5,cycle,insertion,7,33554432,1.00000000000000000,-0.000000000
4,6,4096,16777216,33554432,5,cycle,insertion,8,33554432,1.00000000000000000,-0.000000000
4,6,4096,16777216,33554432,5,cycle,insertion,9,33554432,1.00000000000000000,-0.000000000
4,6,4096,16777216,33554432,5,cycle,insertion,10,33554432,1.00000000000000000,-0.000000000
4,6,4096,16777216,33554432,5,cycle,insertion,11,33554432,1.00000000000000000,-0.000000000
4,6,4096,16777216,33554432,5,cycle,insertion,12,33554432,1.00000000000000000,-0.000000000
4,6,4096,16777216,33554432,5,cycle,insertion,13,33554432,1.00000000000000000,-0.000000000
4,6,4096,16777216,33554432,5,cycle,insertion,14,33554432,1.00000000000000000,-0.000000000
4,6,4096,16777216,33554432,5,cycle,insertion,15,33554432,1.00000000000000000,-0.000000000
4,6,4096,16777216,33554432,5,cycle,insertion,16,33554432,1.00000000000000000,-0.000000000
4,6,4096,16777216,33554432,5,cycle,insertion,17,33554432,1.00000000000000000,-0.000000000
4,6,4096,16777216,33554432,5,cycle,insertion,18,33554432,1.00000000000000000,-0.000000000
4,6,4096,16777216,33554432,5,cycle,insertion,19,33554432,1.00000000000000000,-0.000000000
4,6,4096,16777216,33554432,5,cycle,insertion,20,33554432,1.00000000000000000,-0.000000000
4,6,4096,16777216,33554432,5,cycle,insertion,21,33554432,1.00000000000000000,-0.000000000
4,6,4096,16777216,33554432,5,cycle,insertion,22,33554432,1.00000000000000000,-0.000000000
4,6,4096,16777216,33554432,5,cycle,insertion,23,33554432,1.00000000000000000,-0.000000000
4,6,4096,16777216,33554432,5,cycle,insertion,24,33554432,1.00000000000000000,-0.000000000
4,6,4096,16777216,33554432,5,cycle,insertion,25,33554432,1.00000000000000000,-0.000000000
4,6,4096,16777216,33554432,5,cycle,insertion,26,33554432,1.00000000000000000,-0.000000000
4,6,4096,16777216,33554432,5,cycle,insertion,27,33554432,1.00000000000000000,-0.000000000
4,6,4096,16777216,33554432,5,cycle,insertion,28,33554432,1.00000000000000000,-0.000000000
4,6,4096,16777216,33554432,5,cycle,insertion,29,33554432,1.00000000000000000,-0.000000000
4,6,4096,16777216,33554432,5,cycle,insertion,30,33554432,1.00000000000000000,-0.000000000
4,6,4096,16777216,33554432,5,cycle,insertion,31,33554432,1.00000000000000000,-0.000000000
4,6,4096,16777216,33554432,5,cycle,insertion,32,33554432,1.00000000000000000,-0.000000000
4,6,4096,16777216,33554432,5,cycle,insertion,33,33554432,1.00000000000000000,-0.000000000
4,6,4096,16777216,33554432,5,cycle,insertion,34,33554432,1.00000000000000000,-0.000000000
4,6,4096,16777216,33554432,5,cycle,insertion,35,33554432,1.00000000000000000,-0.000000000
4,6,4096,16777216,33554432,5,cycle,insertion,36,33554432,1.00000000000000000,-0.000000000
4,6,4096,16777216,33554432,5,cycle,insertion,37,33554432,1.00000000000000000,-0.000000000
4,6,4096,16777216,33554432,5,cycle,insertion,38,33554432,1.00000000000000000,-0.000000000
4,6,4096,16777216,33554432,5,cycle,insertion,39,33554432,1.00000000000000000,-0.000000000
4,6,4096,16777216,33554432,5,cycle,insertion,40,33554432,1.00000000000000000,-0.000000000
4,6,4096,16777216,33554432,5,cycle,insertion,41,33554432,1.00000000000000000,-0.000000000
4,6,4096,16777216,33554432,5,cycle,insertion,42,33554432,1.00000000000000000,-0.000000000
4,6,4096,16777216,33554432,5,cycle,insertion,43,33554432,1.00000000000000000,-0.000000000
4,6,4096,16777216,33554432,5,cycle,insertion,44,33554432,1.00000000000000000,-0.000000000
4,6,4096,16777216,33554432,5,cycle,insertion,45,33554432,1.00000000000000000,-0.000000000
4,6,4096,16777216,33554432,5,cycle,insertion,46,33554432,1.00000000000000000,-0.000000000
4,6,4096,16777216,33554432,5,cycle,insertion,47,33554432,1.00000000000000000,-0.000000000
4,6,4096,16777216,33554432,5,cycle,insertion,48,33554432,1.00000000000000000,-0.000000000
4,6,4096,16777216,33554432,5,cycle,insertion,49,33554432,1.00000000000000000,-0.000000000
4,6,4096,16777216,33554432,5,cycle,insertion,50,33554432,1.00000000000000000,-0.000000000
4,6,4096,16777216,33554432,5,cycle,insertion,51,33554432,1.00000000000000000,-0.000000000
4,6,4096,16777216,33554432,5,cycle,insertion,52,33554432,1.00000000000000000,-0.000000000
4,6,4096,16777216,33554432,5,cycle,insertion,53,33554432,1.00000000000000000,-0.000000000
4,6,4096,16777216,33554432,5,cycle,insertion,54,33554432,1.00000000000000000,-0.000000000
4,6,4096,16777216,33554432,5,cycle,insertion,55,33554432,1.00000000000000000,-0.000000000
4,6,4096,16777216,33554432,5,cycle,insertion,56,33554432,1.00000000000000000,-0.000000000
4,6,4096,16777216,33554432,5,cycle,insertion,57,33554432,1.00000000000000000,-0.000000000
4,6,4096,16777216,33554432,5,cycle,insertion,58,33554432,1.00000000000000000,-0.000000000
4,6,4096,16777216,33554432,5,cycle,insertion,59,33554432,1.00000000000000000,-0.000000000
4,6,4096,16777216,33554432,5,cycle,insertion,60,33554432,1.00000000000000000,-0.000000000
4,6,4096,16777216,33554432,5,cycle,insertion,61,33554432,1.00000000000000000,-0.000000000
4,6,4096,16777216,33554432,5,cycle,insertion,62,33554432,1.00000000000000000,-0.000000000
4,6,4096,16777216,33554432,5,cycle,insertion,63,33554432,1.00000000000000000,-0.000000000
4,6,4096,16777216,33554432,5,cycle,insertion,64,33554432,1.00000000000000000,-0.000000000
4,6,4096,16777216,33554432,5,cycle,insertion,65,33554432,1.00000000000000000,-0.000000000
4,6,4096,16777216,33554432,5,cycle,insertion,66,33554432,1.00000000000000000,-0.000000000
4,6,4096,16777216,33554432,5,cycle,insertion,67,33554432,1.00000000000000000,-0.000000000
4,6,4096,16777216,33554432,5,cycle,insertion,68,33554432,1.00000000000000000,-0.000000000
4,6,4096,16777216,33554432,5,cycle,insertion,69,33554432,1.00000000000000000,-0.000000000
4,6,4096,16777216,33554432,5,cycle,insertion,70,33554432,1.00000000000000000,-0.000000000
4,6,4096,16777216,33554432,5,cycle,insertion,71,33554432,1.00000000000000000,-0.000000000
4,6,4096,16777216,33554432,5,cycle,insertion,72,33554432,1.00000000000000000,-0.000000000
4,6,4096,16777216,33554432,5,cycle,insertion,73,33554432,1.00000000000000000,-0.000000000
4,6,4096,16777216,33554432,5,cycle,insertion,74,33554432,1.00000000000000000,-0.000000000
4,6,4096,16777216,33554432,5,cycle,insertion,75,33554432,1.00000000000000000,-0.000000000
4,6,4096,16777216,33554432,5,cycle,insertion,76,33554432,1.00000000000000000,-0.000000000
4,6,4096,16777216,33554432,5,cycle,insertion,77,33554432,1.00000000000000000,-0.000000000
4,6,4096,16777216,33554432,5,cycle,insertion,78,33554432,1.00000000000000000,-0.000000000
4,6,4096,16777216,33554432,5,cycle,insertion,79,33554432,1.00000000000000000,-0.000000000
4,6,4096,16777216,33554432,5,cycle,insertion,80,33554432,1.00000000000000000,-0.000000000
4,6,4096,16777216,33554432,5,cycle,insertion,81,33554432,1.00000000000000000,-0.000000000
4,6,4096,16777216,33554432,5,cycle,insertion,82,33554432,1.00000000000000000,-0.000000000
4,6,4096,16777216,33554432,5,cycle,insertion,83,33554432,1.00000000000000000,-0.000000000
4,6,4096,16777216,33554432,5,cycle,insertion,84,33554432,1.00000000000000000,-0.000000000
4,6,4096,16777216,33554432,5,cycle,insertion,85,33554432,1.00000000000000000,-0.000000000
4,6,4096,16777216,33554432,5,cycle,insertion,86,33554432,1.00000000000000000,-0.000000000
4,6,4096,16777216,33554432,5,cycle,insertion,87,33554432,1.00000000000000000,-0.000000000
4,6,4096,16777216,33554432,5,cycle,insertion,88,33554432,1.00000000000000000,-0.000000000
4,6,4096,16777216,33554432,5,cycle,insertion,89,33554432,1.00000000000000000,-0.000000000
4,6,4096,16777216,33554432,5,cycle,insertion,90,33554432,1.00000000000000000,-0.000000000
4,6,4096,16777216,33554432,5,cycle,insertion,91,33554432,1.00000000000000000,-0.000000000
4,6,4096,16777216,33554432,5,cycle,insertion,92,33554432,1.00000000000000000,-0.000000000
4,6,4096,16777216,33554432,5,cycle,insertion,93,33554432,1.00000000000000000,-0.000000000
4,6,4096,16777216,33554432,5,cycle,insertion,94,33554432,1.00000000000000000,-0.000000000
4,6,4096,16777216,33554432,5,cycle,insertion,95,33554432,1.00000000000000000,-0.000000000
4,6,4096,16777216,33554432,5,cycle,insertion,96,33554432,1.00000000000000000,-0.000000000
4,6,4096,16777216,33554432,5,cycle,insertion,97,33554432,1.00000000000000000,-0.000000000
4,6,4096,16777216,33554432,5,cycle,insertion,98,33554432,1.00000000000000000,-0.000000000
4,6,4096,16777216,33554432,5,cycle,insertion,99,33554432,1.00000000000000000,-0.000000000
4,6,4096,16777216,33554432,5,cycle,insertion,100,33554432,1.00000000000000000,-0.000000000
4,6,4096,16777216,33554432,5,cycle,insertion,101,33554432,1.00000000000000000,-0.000000000
4,6,4096,16777216,33554432,5,cycle,insertion,102,33554432,1.00000000000000000,-0.000000000
4,6,4096,16777216,33554432,5,cycle,insertion,103,33554432,1.00000000000000000,-0.000000000
4,6,4096,16777216,33554432,5,cycle,insertion,104,33554432,1.00000000000000000,-0.000000000
4,6,4096,16777216,33554432,5,cycle,insertion,105,33554432,1.00000000000000000,-0.000000000
4,6,4096,16777216,33554432,5,cycle,insertion,106,33554432,1.00000000000000000,-0.000000000
4,6,4096,16777216,33554432,5,cycle,insertion,107,33554432,1.00000000000000000,-0.000000000
4,6,4096,16777216,33554432,5,cycle,insertion,108,33554432,1.00000000000000000,-0.000000000
4,6,4096,16777216,33554432,5,cycle,insertion,109,33554432,1.00000000000000000,-0.000000000
4,6,4096,16777216,33554432,5,cycle,insertion,110,33554432,1.00000000000000000,-0.000000000
4,6,4096,16777216,33554432,5,cycle,insertion,111,33554432,1.00000000000000000,-0.000000000
4,6,4096,16777216,33554432,5,cycle,insertion,112,33554432,1.00000000000000000,-0.000000000
4,6,4096,16777216,33554432,5,cycle,insertion,113,33554432,1.00000000000000000,-0.000000000
4,6,4096,16777216,33554432,5,cycle,insertion,114,33554432,1.00000000000000000,-0.000000000
4,6,4096,16777216,33554432,5,cycle,insertion,115,33554432,1.00000000000000000,-0.000000000
4,6,4096,16777216,33554432,5,cycle,insertion,116,33554432,1.00000000000000000,-0.000000000
4,6,4096,16777216,33554432,5,cycle,insertion,117,33554432,1.00000000000000000,-0.000000000
4,6,4096,16777216,33554432,5,cycle,insertion,118,33554432,1.00000000000000000,-0.000000000
4,6,4096,16777216,33554432,5,cycle,insertion,119,33554432,1.00000000000000000,-0.000000000
4,6,4096,16777216,33554432,5,cycle,insertion,120,33554432,1.00000000000000000,-0.000000000
4,6,4096,16777216,33554432,5,cycle,insertion,121,33554432,1.00000000000000000,-0.000000000
4,6,4096,16777216,33554432,5,cycle,insertion,122,33554432,1.00000000000000000,-0.000000000
4,6,4096,16777216,33554432,5,cycle,insertion,123,33554432,1.00000000000000000,-0.000000000
4,6,4096,16777216,33554432,5,cycle,insertion,124,33554432,1.00000000000000000,-0.000000000
4,6,4096,16777216,33554432,5,cycle,insertion,125,33554432,1.00000000000000000,-0.000000000
4,6,4096,16777216,33554432,5,cycle,insertion,126,33554432,1.00000000000000000,-0.000000000
4,6,4096,16777216,33554432,5,cycle,insertion,127,33554432,1.00000000000000000,-0.000000000
4,6,4096,16777216,33554432,5,cycle,insertion,128,33554432,1.00000000000000000,-0.000000000
4,6,4096,16777216,33554432,5,cycle,insertion,129,33554432,1.00000000000000000,-0.000000000
4,6,4096,16777216,33554432,5,cycle,insertion,130,33554432,1.00000000000000000,-0.000000000
4,6,4096,16777216,33554432,5,cycle,insertion,131,33554432,1.00000000000000000,-0.000000000
4,6,4096,16777216,33554432,5,cycle,insertion,132,33554432,1.00000000000000000,-0.000000000
4,6,4096,16777216,33554432,5,cycle,insertion,133,33554432,1.00000000000000000,-0.000000000
4,6,4096,16777216,33554432,5,cycle,insertion,134,33554432,1.00000000000000000,-0.000000000
4,6,4096,16777216,33554432,5,cycle,insertion,135,33554432,1.00000000000000000,-0.000000000
4,6,4096,16777216,33554432,5,cycle,insertion,136,33554432,1.00000000000000000,-0.000000000
4,6,4096,16777216,33554432,5,cycle,insertion,137,33554432,1.00000000000000000,-0.000000000
4,6,4096,16777216,33554432,5,cycle,insertion,138,33554432,1.00000000000000000,-0.000000000
4,6,4096,16777216,33554432,5,cycle,insertion,139,33554432,1.00000000000000000,-0.000000000
4,6,4096,16777216,33554432,5,cycle,insertion,140,33554432,1.00000000000000000,-0.000000000
4,6,4096,16777216,33554432,5,cycle,insertion,141,33554432,1.00000000000000000,-0.000000000
4,6,4096,16777216,33554432,5,cycle,insertion,142,33554432,1.00000000000000000,-0.000000000
4,6,4096,16777216,33554432,5,cycle,insertion,143,33554432,1.00000000000000000,-0.000000000
4,6,4096,16777216,33554432,5,cycle,insertion,144,33554432,1.00000000000000000,-0.000000000
4,6,4096,16777216,33554432,5,cycle,insertion,145,33554432,1.00000000000000000,-0.000000000
4,6,4096,16777216,33554432,5,cycle,insertion,146,33554432,1.00000000000000000,-0.000000000
4,6,4096,16777216,33554432,5,cycle,insertion,147,33554432,1.00000000000000000,-0.000000000
4,6,4096,16777216,33554432,5,cycle,insertion,148,33554432,1.00000000000000000,-0.000000000
4,6,4096,16777216,33554432,5,cycle,insertion,149,33554432,1.00000000000000000,-0.000000000
4,6,4096,16777216,33554432,5,cycle,insertion,150,33554432,1.00000000000000000,-0.000000000
4,6,4096,16777216,33554432,5,cycle,insertion,151,33554432,1.00000000000000000,-0.000000000
4,6,4096,16777216,33554432,5,cycle,insertion,152,33554432,1.00000000000000000,-0.000000000
4,6,4096,16777216,33554432,5,cycle,insertion,153,33554432,1.00000000000000000,-0.000000000
4,6,4096,16777216,33554432,5,cycle,insertion,154,33554432,1.00000000000000000,-0.000000000
4,6,4096,16777216,33554432,5,cycle,insertion,155,33554432,1.00000000000000000,-0.000000000
4,6,4096,16777216,33554432,5,cycle,insertion,156,33554432,1.00000000000000000,-0.000000000
4,6,4096,16777216,33554432,5,cycle,insertion,157,33554432,1.00000000000000000,-0.000000000
4,6,4096,16777216,33554432,5,cycle,insertion,158,33554432,1.00000000000000000,-0.000000000
4,6,4096,16777216,33554432,5,cycle,insertion,159,33554432,1.00000000000000000,-0.000000000
4,6,4096,16777216,33554432,5,cycle,insertion,160,33554432,1.00000000000000000,-0.000000000
4,6,4096,16777216,33554432,5,cycle,insertion,161,33554432,1.00000000000000000,-0.000000000
4,6,4096,16777216,33554432,5,cycle,insertion,162,33554432,1.00000000000000000,-0.000000000
4,6,4096,16777216,33554432,5,cycle,insertion,163,33554432,1.00000000000000000,-0.000000000
4,6,4096,16777216,33554432,5,cycle,insertion,164,33554432,1.00000000000000000,-0.000000000
4,6,4096,16777216,33554432,5,cycle,insertion,165,33554432,1.00000000000000000,-0.000000000
4,6,4096,16777216,33554432,5,cycle,insertion,166,33554432,1.00000000000000000,-0.000000000
4,6,4096,16777216,33554432,5,cycle,insertion,167,33554432,1.00000000000000000,-0.000000000
4,6,4096,16777216,33554432,5,cycle,insertion,168,33554432,1.00000000000000000,-0.000000000
4,6,4096,16777216,33554432,5,cycle,insertion,169,33554432,1.00000000000000000,-0.000000000
4,6,4096,16777216,33554432,5,cycle,insertion,170,33554432,1.00000000000000000,-0.000000000
4,6,4096,16777216,33554432,5,cycle,insertion,171,33554432,1.00000000000000000,-0.000000000
4,6,4096,16777216,33554432,5,cycle,insertion,172,33554432,1.00000000000000000,-0.000000000
4,6,4096,16777216,33554432,5,cycle,insertion,173,33554432,1.00000000000000000,-0.000000000
4,6,4096,16777216,33554432,5,cycle,insertion,174,33554432,1.00000000000000000,-0.000000000
4,6,4096,16777216,33554432,5,cycle,insertion,175,33554432,1.00000000000000000,-0.000000000
4,6,4096,16777216,33554432,5,cycle,insertion,176,33554432,1.00000000000000000,-0.000000000
4,6,4096,16777216,33554432,5,cycle,insertion,177,33554432,1.00000000000000000,-0.000000000
4,6,4096,16777216,33554432,5,cycle,insertion,178,33554432,1.00000000000000000,-0.000000000
4,6,4096,16777216,33554432,5,cycle,insertion,179,33554432,1.00000000000000000,-0.000000000
4,6,4096,16777216,33554432,5,cycle,insertion,180,33554432,1.00000000000000000,-0.000000000
4,6,4096,16777216,33554432,5,cycle,insertion,181,33554432,1.00000000000000000,-0.000000000
4,6,4096,16777216,33554432,5,cycle,insertion,182,33554432,1.00000000000000000,-0.000000000
4,6,4096,16777216,33554432,5,cycle,insertion,183,33554432,1.00000000000000000,-0.000000000
4,6,4096,16777216,33554432,5,cycle,insertion,184,33554432,1.00000000000000000,-0.000000000
4,6,4096,16777216,33554432,5,cycle,insertion,185,33554432,1.00000000000000000,-0.000000000
4,6,4096,16777216,33554432,5,cycle,insertion,186,33554432,1.00000000000000000,-0.000000000
4,6,4096,16777216,33554432,5,cycle,insertion,187,33554432,1.00000000000000000,-0.000000000
4,6,4096,16777216,33554432,5,cycle,insertion,188,33554432,1.00000000000000000,-0.000000000
4,6,4096,16777216,33554432,5,cycle,insertion,189,33554432,1.00000000000000000,-0.000000000
4,6,4096,16777216,33554432,5,cycle,insertion,190,33554432,1.00000000000000000,-0.000000000
4,6,4096,16777216,33554432,5,cycle,insertion,191,33554432,1.00000000000000000,-0.000000000
4,6,4096,16777216,33554432,5,cycle,insertion,192,33554432,1.00000000000000000,-0.000000000
4,6,4096,16777216,33554432,5,cycle,insertion,193,33554432,1.00000000000000000,-0.000000000
4,6,4096,16777216,33554432,5,cycle,insertion,194,33554432,1.00000000000000000,-0.000000000
4,6,4096,16777216,33554432,5,cycle,insertion,195,33554432,1.00000000000000000,-0.000000000
4,6,4096,16777216,33554432,5,cycle,insertion,196,33554432,1.00000000000000000,-0.000000000
4,6,4096,16777216,33554432,5,cycle,insertion,197,33554432,1.00000000000000000,-0.000000000
4,6,4096,16777216,33554432,5,cycle,insertion,198,33554432,1.00000000000000000,-0.000000000
4,6,4096,16777216,33554432,5,cycle,insertion,199,33554432,1.00000000000000000,-0.000000000
4,6,4096,16777216,33554432,5,cycle,insertion,200,33554432,1.00000000000000000,-0.000000000
4,6,4096,16777216,33554432,5,cycle,insertion,201,33554432,1.00000000000000000,-0.000000000
4,6,4096,16777216,33554432,5,cycle,insertion,202,33554432,1.00000000000000000,-0.000000000
4,6,4096,16777216,33554432,5,cycle,insertion,203,33554432,1.00000000000000000,-0.000000000
4,6,4096,16777216,33554432,5,cycle,insertion,204,33554432,1.00000000000000000,-0.000000000
4,6,4096,16777216,33554432,5,cycle,insertion,205,33554432,1.00000000000000000,-0.000000000
4,6,4096,16777216,33554432,5,cycle,insertion,206,33554432,1.00000000000000000,-0.000000000
4,6,4096,16777216,33554432,5,cycle,insertion,207,33554432,1.00000000000000000,-0.000000000
4,6,4096,16777216,33554432,5,cycle,insertion,208,33554432,1.00000000000000000,-0.000000000
4,6,4096,16777216,33554432,5,cycle,insertion,209,33554432,1.00000000000000000,-0.000000000
4,6,4096,16777216,33554432,5,cycle,insertion,210,33554432,1.00000000000000000,-0.000000000
4,6,4096,16777216,33554432,5,cycle,insertion,211,33554432,1.00000000000000000,-0.000000000
4,6,4096,16777216,33554432,5,cycle,insertion,212,33554432,1.00000000000000000,-0.000000000
4,6,4096,16777216,33554432,5,cycle,insertion,213,33554432,1.00000000000000000,-0.000000000
4,6,4096,16777216,33554432,5,cycle,insertion,214,33554432,1.00000000000000000,-0.000000000
4,6,4096,16777216,33554432,5,cycle,insertion,215,33554432,1.00000000000000000,-0.000000000
4,6,4096,16777216,33554432,5,cycle,insertion,216,33554432,1.00000000000000000,-0.000000000
4,6,4096,16777216,33554432,5,cycle,insertion,217,33554432,1.00000000000000000,-0.000000000
4,6,4096,16777216,33554432,5,cycle,insertion,218,33554432,1.00000000000000000,-0.000000000
4,6,4096,16777216,33554432,5,cycle,insertion,219,33554432,1.00000000000000000,-0.000000000
4,6,4096,16777216,33554432,5,cycle,insertion,220,33554432,1.00000000000000000,-0.000000000
4,6,4096,16777216,33554432,5,cycle,insertion,221,33554432,1.00000000000000000,-0.000000000
4,6,4096,16777216,33554432,5,cycle,insertion,222,33554432,1.00000000000000000,-0.000000000
4,6,4096,16777216,33554432,5,cycle,insertion,223,33554432,1.00000000000000000,-0.000000000
4,6,4096,16777216,33554432,5,cycle,insertion,224,33554432,1.00000000000000000,-0.000000000
4,6,4096,16777216,33554432,5,cycle,insertion,225,33554432,1.00000000000000000,-0.000000000
4,6,4096,16777216,33554432,5,cycle,insertion,226,33554432,1.00000000000000000,-0.000000000
4,6,4096,16777216,33554432,5,cycle,insertion,227,33554432,1.00000000000000000,-0.000000000
4,6,4096,16777216,33554432,5,cycle,insertion,228,33554432,1.00000000000000000,-0.000000000
4,6,4096,16777216,33554432,5,cycle,insertion,229,33554432,1.00000000000000000,-0.000000000
4,6,4096,16777216,33554432,5,cycle,insertion,230,33554432,1.00000000000000000,-0.000000000
4,6,4096,16777216,33554432,5,cycle,insertion,231,33554432,1.00000000000000000,-0.000000000
4,6,4096,16777216,33554432,5,cycle,insertion,232,33554432,1.00000000000000000,-0.000000000
4,6,4096,16777216,33554432,5,cycle,insertion,233,33554432,1.00000000000000000,-0.000000000
4,6,4096,16777216,33554432,5,cycle,insertion,234,33554432,1.00000000000000000,-0.000000000
4,6,4096,16777216,33554432,5,cycle,insertion,235,33554432,1.00000000000000000,-0.000000000
4,6,4096,16777216,33554432,5,cycle,insertion,236,33554432,1.00000000000000000,-0.000000000
4,6,4096,16777216,33554432,5,cycle,insertion,237,33554432,1.00000000000000000,-0.000000000
4,6,4096,16777216,33554432,5,cycle,insertion,238,33554432,1.00000000000000000,-0.000000000
4,6,4096,16777216,33554432,5,cycle,insertion,239,33554432,1.00000000000000000,-0.000000000
4,6,4096,16777216,33554432,5,cycle,insertion,240,33554432,1.00000000000000000,-0.000000000
4,6,4096,16777216,33554432,5,cycle,insertion,241,33554432,1.00000000000000000,-0.000000000
4,6,4096,16777216,33554432,5,cycle,insertion,242,33554432,1.00000000000000000,-0.000000000
4,6,4096,16777216,33554432,5,cycle,insertion,243,33554432,1.00000000000000000,-0.000000000
4,6,4096,16777216,33554432,5,cycle,insertion,244,33554432,1.00000000000000000,-0.000000000
4,6,4096,16777216,33554432,5,cycle,insertion,245,33554432,1.00000000000000000,-0.000000000
4,6,4096,16777216,33554432,5,cycle,insertion,246,33554432,1.00000000000000000,-0.000000000
4,6,4096,16777216,33554432,5,cycle,insertion,247,33554432,1.00000000000000000,-0.000000000
4,6,4096,16777216,33554432,5,cycle,insertion,248,33554432,1.00000000000000000,-0.000000000
4,6,4096,16777216,33554432,5,cycle,insertion,249,33554432,1.00000000000000000,-0.000000000
4,6,4096,16777216,33554432,5,cycle,insertion,250,33554432,1.00000000000000000,-0.000000000
4,6,4096,16777216,33554432,5,cycle,insertion,251,33554432,1.00000000000000000,-0.000000000
4,6,4096,16777216,33554432,5,cycle,insertion,252,33554432,1.00000000000000000,-0.000000000
4,6,4096,16777216,33554432,5,cycle,insertion,253,33554432,1.00000000000000000,-0.000000000
4,6,4096,16777216,33554432,5,cycle,insertion,254,33554432,1.00000000000000000,-0.000000000
4,6,4096,16777216,33554432,5,cycle,insertion,255,33554432,1.00000000000000000,-0.000000000
4,6,4096,16777216,33554432,5,cycle,insertion,256,33554432,1.00000000000000000,-0.000000000
4,6,4096,16777216,33554432,5,cycle,insertion,257,33554432,1.00000000000000000,-0.000000000
4,6,4096,16777216,33554432,5,cycle,insertion,258,33554432,1.00000000000000000,-0.000000000
4,6,4096,16777216,33554432,5,cycle,insertion,259,33554432,1.00000000000000000,-0.000000000
4,6,4096,16777216,33554432,5,cycle,insertion,260,33554432,1.00000000000000000,-0.000000000
4,6,4096,16777216,33554432,5,cycle,insertion,261,33554432,1.00000000000000000,-0.000000000
4,6,4096,16777216,33554432,5,cycle,insertion,262,33554432,1.00000000000000000,-0.000000000
4,6,4096,16777216,33554432,5,cycle,insertion,263,33554432,1.00000000000000000,-0.000000000
4,6,4096,16777216,33554432,5,cycle,insertion,264,33554432,1.00000000000000000,-0.000000000
4,6,4096,16777216,33554432,5,cycle,insertion,265,33554432,1.00000000000000000,-0.000000000
4,6,4096,16777216,33554432,5,cycle,insertion,266,33554432,1.00000000000000000,-0.000000000
4,6,4096,16777216,33554432,5,cycle,insertion,267,33554432,1.00000000000000000,-0.000000000
4,6,4096,16777216,33554432,5,cycle,insertion,268,33554432,1.00000000000000000,-0.000000000
4,6,4096,16777216,33554432,5,cycle,insertion,269,33554432,1.00000000000000000,-0.000000000
4,6,4096,16777216,33554432,5,cycle,insertion,270,33554432,1.00000000000000000,-0.000000000
4,6,4096,16777216,33554432,5,cycle,insertion,271,33554432,1.00000000000000000,-0.000000000
4,6,4096,16777216,33554432,5,cycle,insertion,272,33554432,1.00000000000000000,-0.000000000
4,6,4096,16777216,33554432,5,cycle,insertion,273,33554432,1.00000000000000000,-0.000000000
4,6,4096,16777216,33554432,5,cycle,insertion,274,33554432,1.00000000000000000,-0.000000000
4,6,4096,16777216,33554432,5,cycle,insertion,275,33554432,1.00000000000000000,-0.000000000
4,6,4096,16777216,33554432,5,cycle,insertion,276,33554432,1.00000000000000000,-0.000000000
4,6,4096,16777216,33554432,5,cycle,insertion,277,33554432,1.00000000000000000,-0.000000000
4,6,4096,16777216,33554432,5,cycle,insertion,278,33554432,1.00000000000000000,-0.000000000
4,6,4096,16777216,33554432,5,cycle,insertion,279,33554432,1.00000000000000000,-0.000000000
4,6,4096,16777216,33554432,5,cycle,insertion,280,33554432,1.00000000000000000,-0.000000000
4,6,4096,16777216,33554432,5,cycle,insertion,281,33554432,1.00000000000000000,-0.000000000
4,6,4096,16777216,33554432,5,cycle,insertion,282,33554432,1.00000000000000000,-0.000000000
4,6,4096,16777216,33554432,5,cycle,insertion,283,33554432,1.00000000000000000,-0.000000000
4,6,4096,16777216,33554432,5,cycle,insertion,284,33554432,1.00000000000000000,-0.000000000
4,6,4096,16777216,33554432,5,cycle,insertion,285,33554432,1.00000000000000000,-0.000000000
4,6,4096,16777216,33554432,5,cycle,insertion,286,33554432,1.00000000000000000,-0.000000000
4,6,4096,16777216,33554432,5,cycle,insertion,287,33554432,1.00000000000000000,-0.000000000
4,6,4096,16777216,33554432,5,cycle,insertion,288,33554432,1.00000000000000000,-0.000000000
4,6,4096,16777216,33554432,5,cycle,insertion,289,33554432,1.00000000000000000,-0.000000000
4,6,4096,16777216,33554432,5,cycle,insertion,290,33554432,1.00000000000000000,-0.000000000
4,6,4096,16777216,33554432,5,cycle,insertion,291,33554432,1.00000000000000000,-0.000000000
4,6,4096,16777216,33554432,5,cycle,insertion,292,33554432,1.00000000000000000,-0.000000000
4,6,4096,16777216,33554432,5,cycle,insertion,293,33554432,1.00000000000000000,-0.000000000
4,6,4096,16777216,33554432,5,cycle,insertion,294,33554432,1.00000000000000000,-0.000000000
4,6,4096,16777216,33554432,5,cycle,insertion,295,33554432,1.00000000000000000,-0.000000000
4,6,4096,16777216,33554432,5,cycle,insertion,296,33554432,1.00000000000000000,-0.000000000
4,6,4096,16777216,33554432,5,cycle,insertion,297,33554432,1.00000000000000000,-0.000000000
4,6,4096,16777216,33554432,5,cycle,insertion,298,33554432,1.00000000000000000,-0.000000000
4,6,4096,16777216,33554432,5,cycle,insertion,299,33554432,1.00000000000000000,-0.000000000
4,6,4096,16777216,33554432,5,cycle,insertion,300,33554432,1.00000000000000000,-0.000000000
4,6,4096,16777216,33554432,5,cycle,insertion,301,33554432,1.00000000000000000,-0.000000000
4,6,4096,16777216,33554432,5,cycle,insertion,302,33554432,1.00000000000000000,-0.000000000
4,6,4096,16777216,33554432,5,cycle,insertion,303,33554432,1.00000000000000000,-0.000000000
4,6,4096,16777216,33554432,5,cycle,insertion,304,33554432,1.00000000000000000,-0.000000000
4,6,4096,16777216,33554432,5,cycle,insertion,305,33554432,1.00000000000000000,-0.000000000
4,6,4096,16777216,33554432,5,cycle,insertion,306,33554432,1.00000000000000000,-0.000000000
4,6,4096,16777216,33554432,5,cycle,insertion,307,33554432,1.00000000000000000,-0.000000000
4,6,4096,16777216,33554432,5,cycle,insertion,308,33554432,1.00000000000000000,-0.000000000
4,6,4096,16777216,33554432,5,cycle,insertion,309,33554432,1.00000000000000000,-0.000000000
4,6,4096,16777216,33554432,5,cycle,insertion,310,33554432,1.00000000000000000,-0.000000000
4,6,4096,16777216,33554432,5,cycle,insertion,311,33554432,1.00000000000000000,-0.000000000
4,6,4096,16777216,33554432,5,cycle,insertion,312,33554432,1.00000000000000000,-0.000000000
4,6,4096,16777216,33554432,5,cycle,insertion,313,33554432,1.00000000000000000,-0.000000000
4,6,4096,16777216,33554432,5,cycle,insertion,314,33554432,1.00000000000000000,-0.000000000
4,6,4096,16777216,33554432,5,cycle,insertion,315,33554432,1.00000000000000000,-0.000000000
4,6,4096,16777216,33554432,5,cycle,insertion,316,33554432,1.00000000000000000,-0.000000000
4,6,4096,16777216,33554432,5,cycle,insertion,317,33554432,1.00000000000000000,-0.000000000
4,6,4096,16777216,33554432,5,cycle,insertion,318,33554432,1.00000000000000000,-0.000000000
4,6,4096,16777216,33554432,5,cycle,insertion,319,33554432,1.00000000000000000,-0.000000000
4,6,4096,16777216,33554432,5,cycle,insertion,320,33554432,1.00000000000000000,-0.000000000
4,6,4096,16777216,33554432,5,cycle,insertion,321,33554432,1.00000000000000000,-0.000000000
4,6,4096,16777216,33554432,5,cycle,insertion,322,33554432,1.00000000000000000,-0.000000000
4,6,4096,16777216,33554432,5,cycle,insertion,323,33554432,1.00000000000000000,-0.000000000
4,6,4096,16777216,33554432,5,cycle,insertion,324,33554432,1.00000000000000000,-0.000000000
4,6,4096,16777216,33554432,5,cycle,insertion,325,33554432,1.00000000000000000,-0.000000000
4,6,4096,16777216,33554432,5,cycle,insertion,326,33554432,1.00000000000000000,-0.000000000
4,6,4096,16777216,33554432,5,cycle,insertion,327,33554432,1.00000000000000000,-0.000000000
4,6,4096,16777216,33554432,5,cycle,insertion,328,33554432,1.00000000000000000,-0.000000000
4,6,4096,16777216,33554432,5,cycle,insertion,329,33554432,1.00000000000000000,-0.000000000
4,6,4096,16777216,33554432,5,cycle,insertion,330,33554432,1.00000000000000000,-0.000000000
4,6,4096,16777216,33554432,5,cycle,insertion,331,33554432,1.00000000000000000,-0.000000000
4,6,4096,16777216,33554432,5,cycle,insertion,332,33554432,1.00000000000000000,-0.000000000
4,6,4096,16777216,33554432,5,cycle,insertion,333,33554432,1.00000000000000000,-0.000000000
4,6,4096,16777216,33554432,5,cycle,insertion,334,33554432,1.00000000000000000,-0.000000000
4,6,4096,16777216,33554432,5,cycle,insertion,335,33554432,1.00000000000000000,-0.000000000
4,6,4096,16777216,33554432,5,cycle,insertion,336,33554432,1.00000000000000000,-0.000000000
4,6,4096,16777216,33554432,5,cycle,insertion,337,33554432,1.00000000000000000,-0.000000000
4,6,4096,16777216,33554432,5,cycle,insertion,338,33554432,1.00000000000000000,-0.000000000
4,6,4096,16777216,33554432,5,cycle,insertion,339,33554432,1.00000000000000000,-0.000000000
4,6,4096,16777216,33554432,5,cycle,insertion,340,33554432,1.00000000000000000,-0.000000000
4,6,4096,16777216,33554432,5,cycle,insertion,341,33554432,1.00000000000000000,-0.000000000
4,6,4096,16777216,33554432,5,cycle,insertion,342,33554432,1.00000000000000000,-0.000000000
4,6,4096,16777216,33554432,5,cycle,insertion,343,33554432,1.00000000000000000,-0.000000000
4,6,4096,16777216,33554432,5,cycle,insertion,344,33554432,1.00000000000000000,-0.000000000
4,6,4096,16777216,33554432,5,cycle,insertion,345,33554432,1.00000000000000000,-0.000000000
4,6,4096,16777216,33554432,5,cycle,insertion,346,33554432,1.00000000000000000,-0.000000000
4,6,4096,16777216,33554432,5,cycle,insertion,347,33554432,1.00000000000000000,-0.000000000
4,6,4096,16777216,33554432,5,cycle,insertion,348,33554432,1.00000000000000000,-0.000000000
4,6,4096,16777216,33554432,5,cycle,insertion,349,33554432,1.00000000000000000,-0.000000000
4,6,4096,16777216,33554432,5,cycle,insertion,350,33554432,1.00000000000000000,-0.000000000
4,6,4096,16777216,33554432,5,cycle,insertion,351,33554432,1.00000000000000000,-0.000000000
4,6,4096,16777216,33554432,5,cycle,insertion,352,33554432,1.00000000000000000,-0.000000000
4,6,4096,16777216,33554432,5,cycle,insertion,353,33554432,1.00000000000000000,-0.000000000
4,6,4096,16777216,33554432,5,cycle,insertion,354,33554432,1.00000000000000000,-0.000000000
4,6,4096,16777216,33554432,5,cycle,insertion,355,33554432,1.00000000000000000,-0.000000000
4,6,4096,16777216,33554432,5,cycle,insertion,356,33554432,1.00000000000000000,-0.000000000
4,6,4096,16777216,33554432,5,cycle,insertion,357,33554432,1.00000000000000000,-0.000000000
4,6,4096,16777216,33554432,5,cycle,insertion,358,33554432,1.00000000000000000,-0.000000000
4,6,4096,16777216,33554432,5,cycle,insertion,359,33554432,1.00000000000000000,-0.000000000
4,6,4096,16777216,33554432,5,cycle,insertion,360,33554432,1.00000000000000000,-0.000000000
4,6,4096,16777216,33554432,5,cycle,insertion,361,33554432,1.00000000000000000,-0.000000000
4,6,4096,16777216,33554432,5,cycle,insertion,362,33554432,1.00000000000000000,-0.000000000
4,6,4096,16777216,33554432,5,cycle,insertion,363,33554432,1.00000000000000000,-0.000000000
4,6,4096,16777216,33554432,5,cycle,insertion,364,33554432,1.00000000000000000,-0.000000000
4,6,4096,16777216,33554432,5,cycle,insertion,365,33554432,1.00000000000000000,-0.000000000
4,6,4096,16777216,33554432,5,cycle,insertion,366,33554432,1.00000000000000000,-0.000000000
4,6,4096,16777216,33554432,5,cycle,insertion,367,33554432,1.00000000000000000,-0.000000000
4,6,4096,16777216,33554432,5,cycle,insertion,368,33554432,1.00000000000000000,-0.000000000
4,6,4096,16777216,33554432,5,cycle,insertion,369,33554432,1.00000000000000000,-0.000000000
4,6,4096,16777216,33554432,5,cycle,insertion,370,33554432,1.00000000000000000,-0.000000000
4,6,4096,16777216,33554432,5,cycle,insertion,371,33554432,1.00000000000000000,-0.000000000
4,6,4096,16777216,33554432,5,cycle,insertion,372,33554432,1.00000000000000000,-0.000000000
4,6,4096,16777216,33554432,5,cycle,insertion,373,33554432,1.00000000000000000,-0.000000000
4,6,4096,16777216,33554432,5,cycle,insertion,374,33554432,1.00000000000000000,-0.000000000
4,6,4096,16777216,33554432,5,cycle,insertion,375,33554432,1.00000000000000000,-0.000000000
4,6,4096,16777216,33554432,5,cycle,insertion,376,33554432,1.00000000000000000,-0.000000000
4,6,4096,16777216,33554432,5,cycle,insertion,377,33554432,1.00000000000000000,-0.000000000
4,6,4096,16777216,33554432,5,cycle,insertion,378,33554432,1.00000000000000000,-0.000000000
4,6,4096,16777216,33554432,5,cycle,insertion,379,33554432,1.00000000000000000,-0.000000000
4,6,4096,16777216,33554432,5,cycle,insertion,380,33554432,1.00000000000000000,-0.000000000
4,6,4096,16777216,33554432,5,cycle,insertion,381,33554432,1.00000000000000000,-0.000000000
4,6,4096,16777216,33554432,5,cycle,insertion,382,33554432,1.00000000000000000,-0.000000000
4,6,4096,16777216,33554432,5,cycle,insertion,383,33554432,1.00000000000000000,-0.000000000
4,6,4096,16777216,33554432,5,cycle,insertion,384,33554432,1.00000000000000000,-0.000000000
4,6,4096,16777216,33554432,5,cycle,insertion,385,33554432,1.00000000000000000,-0.000000000
4,6,4096,16777216,33554432,5,cycle,insertion,386,33554432,1.00000000000000000,-0.000000000
4,6,4096,16777216,33554432,5,cycle,insertion,387,33554432,1.00000000000000000,-0.000000000
4,6,4096,16777216,33554432,5,cycle,insertion,388,33554432,1.00000000000000000,-0.000000000
4,6,4096,16777216,33554432,5,cycle,insertion,389,33554432,1.00000000000000000,-0.000000000
4,6,4096,16777216,33554432,5,cycle,insertion,390,33554432,1.00000000000000000,-0.000000000
4,6,4096,16777216,33554432,5,cycle,insertion,391,33554432,1.00000000000000000,-0.000000000
4,6,4096,16777216,33554432,5,cycle,insertion,392,33554432,1.00000000000000000,-0.000000000
4,6,4096,16777216,33554432,5,cycle,insertion,393,33554432,1.00000000000000000,-0.000000000
4,6,4096,16777216,33554432,5,cycle,insertion,394,33554432,1.00000000000000000,-0.000000000
4,6,4096,16777216,33554432,5,cycle,insertion,395,33554432,1.00000000000000000,-0.000000000
4,6,4096,16777216,33554432,5,cycle,insertion,396,33554432,1.00000000000000000,-0.000000000
4,6,4096,16777216,33554432,5,cycle,insertion,397,33554432,1.00000000000000000,-0.000000000
4,6,4096,16777216,33554432,5,cycle,insertion,398,33554432,1.00000000000000000,-0.000000000
4,6,4096,16777216,33554432,5,cycle,insertion,399,33554432,1.00000000000000000,-0.000000000
4,6,4096,16777216,33554432,5,cycle,insertion,400,33554432,1.00000000000000000,-0.000000000
4,6,4096,16777216,33554432,5,cycle,insertion,401,33554432,1.00000000000000000,-0.000000000
4,6,4096,16777216,33554432,5,cycle,insertion,402,33554432,1.00000000000000000,-0.000000000
4,6,4096,16777216,33554432,5,cycle,insertion,403,33554432,1.00000000000000000,-0.000000000
4,6,4096,16777216,33554432,5,cycle,insertion,404,33554432,1.00000000000000000,-0.000000000
4,6,4096,16777216,33554432,5,cycle,insertion,405,33554432,1.00000000000000000,-0.000000000
4,6,4096,16777216,33554432,5,cycle,insertion,406,33554432,1.00000000000000000,-0.000000000
4,6,4096,16777216,33554432,5,cycle,insertion,407,33554432,1.00000000000000000,-0.000000000
4,6,4096,16777216,33554432,5,cycle,insertion,408,33554432,1.00000000000000000,-0.000000000
4,6,4096,16777216,33554432,5,cycle,insertion,409,33554432,1.00000000000000000,-0.000000000
4,6,4096,16777216,33554432,5,cycle,insertion,410,33554432,1.00000000000000000,-0.000000000
4,6,4096,16777216,33554432,5,cycle,insertion,411,33554432,1.00000000000000000,-0.000000000
4,6,4096,16777216,33554432,5,cycle,insertion,412,33554432,1.00000000000000000,-0.000000000
4,6,4096,16777216,33554432,5,cycle,insertion,413,33554432,1.00000000000000000,-0.000000000
4,6,4096,16777216,33554432,5,cycle,insertion,414,33554432,1.00000000000000000,-0.000000000
4,6,4096,16777216,33554432,5,cycle,insertion,415,33554432,1.00000000000000000,-0.000000000
4,6,4096,16777216,33554432,5,cycle,insertion,416,33554432,1.00000000000000000,-0.000000000
4,6,4096,16777216,33554432,5,cycle,insertion,417,33554432,1.00000000000000000,-0.000000000
4,6,4096,16777216,33554432,5,cycle,insertion,418,33554432,1.00000000000000000,-0.000000000
4,6,4096,16777216,33554432,5,cycle,insertion,419,33554432,1.00000000000000000,-0.000000000
4,6,4096,16777216,33554432,5,cycle,insertion,420,33554432,1.00000000000000000,-0.000000000
4,6,4096,16777216,33554432,5,cycle,insertion,421,33554432,1.00000000000000000,-0.000000000
4,6,4096,16777216,33554432,5,cycle,insertion,422,33554432,1.00000000000000000,-0.000000000
4,6,4096,16777216,33554432,5,cycle,insertion,423,33554432,1.00000000000000000,-0.000000000
4,6,4096,16777216,33554432,5,cycle,insertion,424,33554432,1.00000000000000000,-0.000000000
4,6,4096,16777216,33554432,5,cycle,insertion,425,33554432,1.00000000000000000,-0.000000000
4,6,4096,16777216,33554432,5,cycle,insertion,426,33554432,1.00000000000000000,-0.000000000
4,6,4096,16777216,33554432,5,cycle,insertion,427,33554432,1.00000000000000000,-0.000000000
4,6,4096,16777216,33554432,5,cycle,insertion,428,33554432,1.00000000000000000,-0.000000000
4,6,4096,16777216,33554432,5,cycle,insertion,429,33554432,1.00000000000000000,-0.000000000
4,6,4096,16777216,33554432,5,cycle,insertion,430,33554432,1.00000000000000000,-0.000000000
4,6,4096,16777216,33554432,5,cycle,insertion,431,33554432,1.00000000000000000,-0.000000000
4,6,4096,16777216,33554432,5,cycle,insertion,432,33554432,1.00000000000000000,-0.000000000
4,6,4096,16777216,33554432,5,cycle,insertion,433,33554432,1.00000000000000000,-0.000000000
4,6,4096,16777216,33554432,5,cycle,insertion,434,33554432,1.00000000000000000,-0.000000000
4,6,4096,16777216,33554432,5,cycle,insertion,435,33554432,1.00000000000000000,-0.000000000
4,6,4096,16777216,33554432,5,cycle,insertion,436,33554432,1.00000000000000000,-0.000000000
4,6,4096,16777216,33554432,5,cycle,insertion,437,33554432,1.00000000000000000,-0.000000000
4,6,4096,16777216,33554432,5,cycle,insertion,438,33554432,1.00000000000000000,-0.000000000
4,6,4096,16777216,33554432,5,cycle,insertion,439,33554432,1.00000000000000000,-0.000000000
4,6,4096,16777216,33554432,5,cycle,insertion,440,33554432,1.00000000000000000,-0.000000000
4,6,4096,16777216,33554432,5,cycle,insertion,441,33554432,1.00000000000000000,-0.000000000
4,6,4096,16777216,33554432,5,cycle,insertion,442,33554432,1.00000000000000000,-0.000000000
4,6,4096,16777216,33554432,5,cycle,insertion,443,33554432,1.00000000000000000,-0.000000000
4,6,4096,16777216,33554432,5,cycle,insertion,444,33554432,1.00000000000000000,-0.000000000
4,6,4096,16777216,33554432,5,cycle,insertion,445,33554432,1.00000000000000000,-0.000000000
4,6,4096,16777216,33554432,5,cycle,insertion,446,33554432,1.00000000000000000,-0.000000000
4,6,4096,16777216,33554432,5,cycle,insertion,447,33554432,1.00000000000000000,-0.000000000
4,6,4096,16777216,33554432,5,cycle,insertion,448,33554432,1.00000000000000000,-0.000000000
4,6,4096,16777216,33554432,5,cycle,insertion,449,33554432,1.00000000000000000,-0.000000000
4,6,4096,16777216,33554432,5,cycle,insertion,450,33554432,1.00000000000000000,-0.000000000
4,6,4096,16777216,33554432,5,cycle,insertion,451,33554432,1.00000000000000000,-0.000000000
4,6,4096,16777216,33554432,5,cycle,insertion,452,33554432,1.00000000000000000,-0.000000000
4,6,4096,16777216,33554432,5,cycle,insertion,453,33554432,1.00000000000000000,-0.000000000
4,6,4096,16777216,33554432,5,cycle,insertion,454,33554432,1.00000000000000000,-0.000000000
4,6,4096,16777216,33554432,5,cycle,insertion,455,33554432,1.00000000000000000,-0.000000000
4,6,4096,16777216,33554432,5,cycle,insertion,456,33554432,1.00000000000000000,-0.000000000
4,6,4096,16777216,33554432,5,cycle,insertion,457,33554432,1.00000000000000000,-0.000000000
4,6,4096,16777216,33554432,5,cycle,insertion,458,33554432,1.00000000000000000,-0.000000000
4,6,4096,16777216,33554432,5,cycle,insertion,459,33554432,1.00000000000000000,-0.000000000
4,6,4096,16777216,33554432,5,cycle,insertion,460,33554432,1.00000000000000000,-0.000000000
4,6,4096,16777216,33554432,5,cycle,insertion,461,33554432,1.00000000000000000,-0.000000000
4,6,4096,16777216,33554432,5,cycle,insertion,462,33554432,1.00000000000000000,-0.000000000
4,6,4096,16777216,33554432,5,cycle,insertion,463,33554432,1.00000000000000000,-0.000000000
4,6,4096,16777216,33554432,5,cycle,insertion,464,33554432,1.00000000000000000,-0.000000000
4,6,4096,16777216,33554432,5,cycle,insertion,465,33554432,1.00000000000000000,-0.000000000
4,6,4096,16777216,33554432,5,cycle,insertion,466,33554432,1.00000000000000000,-0.000000000
4,6,4096,16777216,33554432,5,cycle,insertion,467,33554432,1.00000000000000000,-0.000000000
4,6,4096,16777216,33554432,5,cycle,insertion,468,33554432,1.00000000000000000,-0.000000000
4,6,4096,16777216,33554432,5,cycle,insertion,469,33554432,1.00000000000000000,-0.000000000
4,6,4096,16777216,33554432,5,cycle,insertion,470,33554432,1.00000000000000000,-0.000000000
4,6,4096,16777216,33554432,5,cycle,insertion,471,33554432,1.00000000000000000,-0.000000000
4,6,4096,16777216,33554432,5,cycle,insertion,472,33554432,1.00000000000000000,-0.000000000
4,6,4096,16777216,33554432,5,cycle,insertion,473,33554432,1.00000000000000000,-0.000000000
4,6,4096,16777216,33554432,5,cycle,insertion,474,33554432,1.00000000000000000,-0.000000000
4,6,4096,16777216,33554432,5,cycle,insertion,475,33554432,1.00000000000000000,-0.000000000
4,6,4096,16777216,33554432,5,cycle,insertion,476,33554432,1.00000000000000000,-0.000000000
4,6,4096,16777216,33554432,5,cycle,insertion,477,33554432,1.00000000000000000,-0.000000000
4,6,4096,16777216,33554432,5,cycle,insertion,478,33554432,1.00000000000000000,-0.000000000
4,6,4096,16777216,33554432,5,cycle,insertion,479,33554432,1.00000000000000000,-0.000000000
4,6,4096,16777216,33554432,5,cycle,insertion,480,33554432,1.00000000000000000,-0.000000000
4,6,4096,16777216,33554432,5,cycle,insertion,481,33554432,1.00000000000000000,-0.000000000
4,6,4096,16777216,33554432,5,cycle,insertion,482,33554432,1.00000000000000000,-0.000000000
4,6,4096,16777216,33554432,5,cycle,insertion,483,33554432,1.00000000000000000,-0.000000000
4,6,4096,16777216,33554432,5,cycle,insertion,484,33554432,1.00000000000000000,-0.000000000
4,6,4096,16777216,33554432,5,cycle,insertion,485,33554432,1.00000000000000000,-0.000000000
4,6,4096,16777216,33554432,5,cycle,insertion,486,33554432,1.00000000000000000,-0.000000000
4,6,4096,16777216,33554432,5,cycle,insertion,487,33554432,1.00000000000000000,-0.000000000
4,6,4096,16777216,33554432,5,cycle,insertion,488,33554432,1.00000000000000000,-0.000000000
4,6,4096,16777216,33554432,5,cycle,insertion,489,33554432,1.00000000000000000,-0.000000000
4,6,4096,16777216,33554432,5,cycle,insertion,490,33554432,1.00000000000000000,-0.000000000
4,6,4096,16777216,33554432,5,cycle,insertion,491,33554432,1.00000000000000000,-0.000000000
4,6,4096,16777216,33554432,5,cycle,insertion,492,33554432,1.00000000000000000,-0.000000000
4,6,4096,16777216,33554432,5,cycle,insertion,493,33554432,1.00000000000000000,-0.000000000
4,6,4096,16777216,33554432,5,cycle,insertion,494,33554432,1.00000000000000000,-0.000000000
4,6,4096,16777216,33554432,5,cycle,insertion,495,33554432,1.00000000000000000,-0.000000000
4,6,4096,16777216,33554432,5,cycle,insertion,496,33554432,1.00000000000000000,-0.000000000
4,6,4096,16777216,33554432,5,cycle,insertion,497,33554432,1.00000000000000000,-0.000000000
4,6,4096,16777216,33554432,5,cycle,insertion,498,33554432,1.00000000000000000,-0.000000000
4,6,4096,16777216,33554432,5,cycle,insertion,499,33554432,1.00000000000000000,-0.000000000
4,6,4096,16777216,33554432,5,cycle,insertion,500,33554432,1.00000000000000000,-0.000000000
4,6,4096,16777216,33554432,5,cycle,insertion,501,33554432,1.00000000000000000,-0.000000000
4,6,4096,16777216,33554432,5,cycle,insertion,502,33554432,1.00000000000000000,-0.000000000
4,6,4096,16777216,33554432,5,cycle,insertion,503,33554432,1.00000000000000000,-0.000000000
4,6,4096,16777216,33554432,5,cycle,insertion,504,33554432,1.00000000000000000,-0.000000000
4,6,4096,16777216,33554432,5,cycle,insertion,505,33554432,1.00000000000000000,-0.000000000
4,6,4096,16777216,33554432,5,cycle,insertion,506,33554432,1.00000000000000000,-0.000000000
4,6,4096,16777216,33554432,5,cycle,insertion,507,33554432,1.00000000000000000,-0.000000000
4,6,4096,16777216,33554432,5,cycle,insertion,508,33554432,1.00000000000000000,-0.000000000
4,6,4096,16777216,33554432,5,cycle,insertion,509,33554432,1.00000000000000000,-0.000000000
4,6,4096,16777216,33554432,5,cycle,insertion,510,33554432,1.00000000000000000,-0.000000000
4,6,4096,16777216,33554432,5,cycle,insertion,511,33554432,1.00000000000000000,-0.000000000
4,6,4096,16777216,33554432,5,cycle,insertion,512,33554432,1.00000000000000000,-0.000000000
4,6,4096,16777216,33554432,5,cycle,insertion,513,33554432,1.00000000000000000,-0.000000000
4,6,4096,16777216,33554432,5,cycle,insertion,514,33554432,1.00000000000000000,-0.000000000
4,6,4096,16777216,33554432,5,cycle,insertion,515,33554432,1.00000000000000000,-0.000000000
4,6,4096,16777216,33554432,5,cycle,insertion,516,33554432,1.00000000000000000,-0.000000000
4,6,4096,16777216,33554432,5,cycle,insertion,517,33554432,1.00000000000000000,-0.000000000
4,6,4096,16777216,33554432,5,cycle,insertion,518,33554432,1.00000000000000000,-0.000000000
4,6,4096,16777216,33554432,5,cycle,insertion,519,33554432,1.00000000000000000,-0.000000000
4,6,4096,16777216,33554432,5,cycle,insertion,520,33554432,1.00000000000000000,-0.000000000
4,6,4096,16777216,33554432,5,cycle,insertion,521,33554432,1.00000000000000000,-0.000000000
4,6,4096,16777216,33554432,5,cycle,insertion,522,33554432,1.00000000000000000,-0.000000000
4,6,4096,16777216,33554432,5,cycle,insertion,523,33554432,1.00000000000000000,-0.000000000
4,6,4096,16777216,33554432,5,cycle,insertion,524,33554432,1.00000000000000000,-0.000000000
4,6,4096,16777216,33554432,5,cycle,insertion,525,33554432,1.00000000000000000,-0.000000000
4,6,4096,16777216,33554432,5,cycle,insertion,526,33554432,1.00000000000000000,-0.000000000
4,6,4096,16777216,33554432,5,cycle,insertion,527,33554432,1.00000000000000000,-0.000000000
4,6,4096,16777216,33554432,5,cycle,insertion,528,33554432,1.00000000000000000,-0.000000000
4,6,4096,16777216,33554432,5,cycle,insertion,529,33554432,1.00000000000000000,-0.000000000
4,6,4096,16777216,33554432,5,cycle,insertion,530,33554432,1.00000000000000000,-0.000000000
4,6,4096,16777216,33554432,5,cycle,insertion,531,33554432,1.00000000000000000,-0.000000000
4,6,4096,16777216,33554432,5,cycle,insertion,532,33554432,1.00000000000000000,-0.000000000
4,6,4096,16777216,33554432,5,cycle,insertion,533,33554432,1.00000000000000000,-0.000000000
4,6,4096,16777216,33554432,5,cycle,insertion,534,33554432,1.00000000000000000,-0.000000000
4,6,4096,16777216,33554432,5,cycle,insertion,535,33554432,1.00000000000000000,-0.000000000
4,6,4096,16777216,33554432,5,cycle,insertion,536,33554432,1.00000000000000000,-0.000000000
4,6,4096,16777216,33554432,5,cycle,insertion,537,33554432,1.00000000000000000,-0.000000000
4,6,4096,16777216,33554432,5,cycle,insertion,538,33554432,1.00000000000000000,-0.000000000
4,6,4096,16777216,33554432,5,cycle,insertion,539,33554432,1.00000000000000000,-0.000000000
4,6,4096,16777216,33554432,5,cycle,insertion,540,33554432,1.00000000000000000,-0.000000000
4,6,4096,16777216,33554432,5,cycle,insertion,541,33554432,1.00000000000000000,-0.000000000
4,6,4096,16777216,33554432,5,cycle,insertion,542,33554432,1.00000000000000000,-0.000000000
4,6,4096,16777216,33554432,5,cycle,insertion,543,33554432,1.00000000000000000,-0.000000000
4,6,4096,16777216,33554432,5,cycle,insertion,544,33554432,1.00000000000000000,-0.000000000
4,6,4096,16777216,33554432,5,cycle,insertion,545,33554432,1.00000000000000000,-0.000000000
4,6,4096,16777216,33554432,5,cycle,insertion,546,33554432,1.00000000000000000,-0.000000000
4,6,4096,16777216,33554432,5,cycle,insertion,547,33554432,1.00000000000000000,-0.000000000
4,6,4096,16777216,33554432,5,cycle,insertion,548,33554432,1.00000000000000000,-0.000000000
4,6,4096,16777216,33554432,5,cycle,insertion,549,33554432,1.00000000000000000,-0.000000000
4,6,4096,16777216,33554432,5,cycle,insertion,550,33554432,1.00000000000000000,-0.000000000
4,6,4096,16777216,33554432,5,cycle,insertion,551,33554432,1.00000000000000000,-0.000000000
4,6,4096,16777216,33554432,5,cycle,insertion,552,33554432,1.00000000000000000,-0.000000000
4,6,4096,16777216,33554432,5,cycle,insertion,553,33554432,1.00000000000000000,-0.000000000
4,6,4096,16777216,33554432,5,cycle,insertion,554,33554432,1.00000000000000000,-0.000000000
4,6,4096,16777216,33554432,5,cycle,insertion,555,33554432,1.00000000000000000,-0.000000000
4,6,4096,16777216,33554432,5,cycle,insertion,556,33554432,1.00000000000000000,-0.000000000
4,6,4096,16777216,33554432,5,cycle,insertion,557,33554432,1.00000000000000000,-0.000000000
4,6,4096,16777216,33554432,5,cycle,insertion,558,33554432,1.00000000000000000,-0.000000000
4,6,4096,16777216,33554432,5,cycle,insertion,559,33554432,1.00000000000000000,-0.000000000
4,6,4096,16777216,33554432,5,cycle,insertion,560,33554432,1.00000000000000000,-0.000000000
4,6,4096,16777216,33554432,5,cycle,insertion,561,33554432,1.00000000000000000,-0.000000000
4,6,4096,16777216,33554432,5,cycle,insertion,562,33554432,1.00000000000000000,-0.000000000
4,6,4096,16777216,33554432,5,cycle,insertion,563,33554432,1.00000000000000000,-0.000000000
4,6,4096,16777216,33554432,5,cycle,insertion,564,33554432,1.00000000000000000,-0.000000000
4,6,4096,16777216,33554432,5,cycle,insertion,565,33554432,1.00000000000000000,-0.000000000
4,6,4096,16777216,33554432,5,cycle,insertion,566,33554432,1.00000000000000000,-0.000000000
4,6,4096,16777216,33554432,5,cycle,insertion,567,33554432,1.00000000000000000,-0.000000000
4,6,4096,16777216,33554432,5,cycle,insertion,568,33554432,1.00000000000000000,-0.000000000
4,6,4096,16777216,33554432,5,cycle,insertion,569,33554432,1.00000000000000000,-0.000000000
4,6,4096,16777216,33554432,5,cycle,insertion,570,33554432,1.00000000000000000,-0.000000000
4,6,4096,16777216,33554432,5,cycle,insertion,571,33554432,1.00000000000000000,-0.000000000
4,6,4096,16777216,33554432,5,cycle,insertion,572,33554432,1.00000000000000000,-0.000000000
4,6,4096,16777216,33554432,5,cycle,insertion,573,33554432,1.00000000000000000,-0.000000000
4,6,4096,16777216,33554432,5,cycle,insertion,574,33554432,1.00000000000000000,-0.000000000
4,6,4096,16777216,33554432,5,cycle,insertion,575,33554432,1.00000000000000000,-0.000000000
4,6,4096,16777216,33554432,5,cycle,insertion,576,33554432,1.00000000000000000,-0.000000000
4,6,4096,16777216,33554432,5,cycle,insertion,577,33554432,1.00000000000000000,-0.000000000
4,6,4096,16777216,33554432,5,cycle,insertion,578,33554432,1.00000000000000000,-0.000000000
4,6,4096,16777216,33554432,5,cycle,insertion,579,33554432,1.00000000000000000,-0.000000000
4,6,4096,16777216,33554432,5,cycle,insertion,580,33554432,1.00000000000000000,-0.000000000
4,6,4096,16777216,33554432,5,cycle,insertion,581,33554432,1.00000000000000000,-0.000000000
4,6,4096,16777216,33554432,5,cycle,insertion,582,33554432,1.00000000000000000,-0.000000000
4,6,4096,16777216,33554432,5,cycle,insertion,583,33554432,1.00000000000000000,-0.000000000
4,6,4096,16777216,33554432,5,cycle,insertion,584,33554432,1.00000000000000000,-0.000000000
4,6,4096,16777216,33554432,5,cycle,insertion,585,33554432,1.00000000000000000,-0.000000000
4,6,4096,16777216,33554432,5,cycle,insertion,586,33554432,1.00000000000000000,-0.000000000
4,6,4096,16777216,33554432,5,cycle,insertion,587,33554432,1.00000000000000000,-0.000000000
4,6,4096,16777216,33554432,5,cycle,insertion,588,33554432,1.00000000000000000,-0.000000000
4,6,4096,16777216,33554432,5,cycle,insertion,589,33554432,1.00000000000000000,-0.000000000
4,6,4096,16777216,33554432,5,cycle,insertion,590,33554432,1.00000000000000000,-0.000000000
4,6,4096,16777216,33554432,5,cycle,insertion,591,33554432,1.00000000000000000,-0.000000000
4,6,4096,16777216,33554432,5,cycle,insertion,592,33554432,1.00000000000000000,-0.000000000
4,6,4096,16777216,33554432,5,cycle,insertion,593,33554432,1.00000000000000000,-0.000000000
4,6,4096,16777216,33554432,5,cycle,insertion,594,33554432,1.00000000000000000,-0.000000000
4,6,4096,16777216,33554432,5,cycle,insertion,595,33554432,1.00000000000000000,-0.000000000
4,6,4096,16777216,33554432,5,cycle,insertion,596,33554432,1.00000000000000000,-0.000000000
4,6,4096,16777216,33554432,5,cycle,insertion,597,33554432,1.00000000000000000,-0.000000000
4,6,4096,16777216,33554432,5,cycle,insertion,598,33554432,1.00000000000000000,-0.000000000
4,6,4096,16777216,33554432,5,cycle,insertion,599,33554432,1.00000000000000000,-0.000000000
4,6,4096,16777216,33554432,5,cycle,insertion,600,33554432,1.00000000000000000,-0.000000000
4,6,4096,16777216,33554432,5,cycle,insertion,601,33554432,1.00000000000000000,-0.000000000
4,6,4096,16777216,33554432,5,cycle,insertion,602,33554432,1.00000000000000000,-0.000000000
4,6,4096,16777216,33554432,5,cycle,insertion,603,33554432,1.00000000000000000,-0.000000000
4,6,4096,16777216,33554432,5,cycle,insertion,604,33554432,1.00000000000000000,-0.000000000
4,6,4096,16777216,33554432,5,cycle,insertion,605,33554432,1.00000000000000000,-0.000000000
4,6,4096,16777216,33554432,5,cycle,insertion,606,33554432,1.00000000000000000,-0.000000000
4,6,4096,16777216,33554432,5,cycle,insertion,607,33554432,1.00000000000000000,-0.000000000
4,6,4096,16777216,33554432,5,cycle,insertion,608,33554432,1.00000000000000000,-0.000000000
4,6,4096,16777216,33554432,5,cycle,insertion,609,33554432,1.00000000000000000,-0.000000000
4,6,4096,16777216,33554432,5,cycle,insertion,610,33554432,1.00000000000000000,-0.000000000
4,6,4096,16777216,33554432,5,cycle,insertion,611,33554432,1.00000000000000000,-0.000000000
4,6,4096,16777216,33554432,5,cycle,insertion,612,33554432,1.00000000000000000,-0.000000000
4,6,4096,16777216,33554432,5,cycle,insertion,613,33554432,1.00000000000000000,-0.000000000
4,6,4096,16777216,33554432,5,cycle,insertion,614,33554432,1.00000000000000000,-0.000000000
4,6,4096,16777216,33554432,5,cycle,insertion,615,33554432,1.00000000000000000,-0.000000000
4,6,4096,16777216,33554432,5,cycle,insertion,616,33554432,1.00000000000000000,-0.000000000
4,6,4096,16777216,33554432,5,cycle,insertion,617,33554432,1.00000000000000000,-0.000000000
4,6,4096,16777216,33554432,5,cycle,insertion,618,33554432,1.00000000000000000,-0.000000000
4,6,4096,16777216,33554432,5,cycle,insertion,619,33554432,1.00000000000000000,-0.000000000
4,6,4096,16777216,33554432,5,cycle,insertion,620,33554432,1.00000000000000000,-0.000000000
4,6,4096,16777216,33554432,5,cycle,insertion,621,33554432,1.00000000000000000,-0.000000000
4,6,4096,16777216,33554432,5,cycle,insertion,622,33554432,1.00000000000000000,-0.000000000
4,6,4096,16777216,33554432,5,cycle,insertion,623,33554432,1.00000000000000000,-0.000000000
4,6,4096,16777216,33554432,5,cycle,insertion,624,33554432,1.00000000000000000,-0.000000000
4,6,4096,16777216,33554432,5,cycle,insertion,625,33554432,1.00000000000000000,-0.000000000
4,6,4096,16777216,33554432,5,cycle,insertion,626,33554432,1.00000000000000000,-0.000000000
4,6,4096,16777216,33554432,5,cycle,insertion,627,33554432,1.00000000000000000,-0.000000000
4,6,4096,16777216,33554432,5,cycle,insertion,628,33554432,1.00000000000000000,-0.000000000
4,6,4096,16777216,33554432,5,cycle,insertion,629,33554432,1.00000000000000000,-0.000000000
4,6,4096,16777216,33554432,5,cycle,insertion,630,33554432,1.00000000000000000,-0.000000000
4,6,4096,16777216,33554432,5,cycle,insertion,631,33554432,1.00000000000000000,-0.000000000
4,6,4096,16777216,33554432,5,cycle,insertion,632,33554432,1.00000000000000000,-0.000000000
4,6,4096,16777216,33554432,5,cycle,insertion,633,33554432,1.00000000000000000,-0.000000000
4,6,4096,16777216,33554432,5,cycle,insertion,634,33554432,1.00000000000000000,-0.000000000
4,6,4096,16777216,33554432,5,cycle,insertion,635,33554432,1.00000000000000000,-0.000000000
4,6,4096,16777216,33554432,5,cycle,insertion,636,33554432,1.00000000000000000,-0.000000000
4,6,4096,16777216,33554432,5,cycle,insertion,637,33554432,1.00000000000000000,-0.000000000
4,6,4096,16777216,33554432,5,cycle,insertion,638,33554432,1.00000000000000000,-0.000000000
4,6,4096,16777216,33554432,5,cycle,insertion,639,33554432,1.00000000000000000,-0.000000000
4,6,4096,16777216,33554432,5,cycle,insertion,640,33554432,1.00000000000000000,-0.000000000
4,6,4096,16777216,33554432,5,cycle,insertion,641,33554432,1.00000000000000000,-0.000000000
4,6,4096,16777216,33554432,5,cycle,insertion,642,33554432,1.00000000000000000,-0.000000000
4,6,4096,16777216,33554432,5,cycle,insertion,643,33554432,1.00000000000000000,-0.000000000
4,6,4096,16777216,33554432,5,cycle,insertion,644,33554432,1.00000000000000000,-0.000000000
4,6,4096,16777216,33554432,5,cycle,insertion,645,33554432,1.00000000000000000,-0.000000000
4,6,4096,16777216,33554432,5,cycle,insertion,646,33554432,1.00000000000000000,-0.000000000
4,6,4096,16777216,33554432,5,cycle,insertion,647,33554432,1.00000000000000000,-0.000000000
4,6,4096,16777216,33554432,5,cycle,insertion,648,33554432,1.00000000000000000,-0.000000000
4,6,4096,16777216,33554432,5,cycle,insertion,649,33554432,1.00000000000000000,-0.000000000
4,6,4096,16777216,33554432,5,cycle,insertion,650,33554432,1.00000000000000000,-0.000000000
4,6,4096,16777216,33554432,5,cycle,insertion,651,33554432,1.00000000000000000,-0.000000000
4,6,4096,16777216,33554432,5,cycle,insertion,652,33554432,1.00000000000000000,-0.000000000
4,6,4096,16777216,33554432,5,cycle,insertion,653,33554432,1.00000000000000000,-0.000000000
4,6,4096,16777216,33554432,5,cycle,insertion,654,33554432,1.00000000000000000,-0.000000000
4,6,4096,16777216,33554432,5,cycle,insertion,655,33554432,1.00000000000000000,-0.000000000
4,6,4096,16777216,33554432,5,cycle,insertion,656,33554432,1.00000000000000000,-0.000000000
4,6,4096,16777216,33554432,5,cycle,insertion,657,33554432,1.00000000000000000,-0.000000000
4,6,4096,16777216,33554432,5,cycle,insertion,658,33554432,1.00000000000000000,-0.000000000
4,6,4096,16777216,33554432,5,cycle,insertion,659,33554432,1.00000000000000000,-0.000000000
4,6,4096,16777216,33554432,5,cycle,insertion,660,33554432,1.00000000000000000,-0.000000000
4,6,4096,16777216,33554432,5,cycle,insertion,661,33554432,1.00000000000000000,-0.000000000
4,6,4096,16777216,33554432,5,cycle,insertion,662,33554432,1.00000000000000000,-0.000000000
4,6,4096,16777216,33554432,5,cycle,insertion,663,33554432,1.00000000000000000,-0.000000000
4,6,4096,16777216,33554432,5,cycle,insertion,664,33554432,1.00000000000000000,-0.000000000
4,6,4096,16777216,33554432,5,cycle,insertion,665,33554432,1.00000000000000000,-0.000000000
4,6,4096,16777216,33554432,5,cycle,insertion,666,33554432,1.00000000000000000,-0.000000000
4,6,4096,16777216,33554432,5,cycle,insertion,667,33554432,1.00000000000000000,-0.000000000
4,6,4096,16777216,33554432,5,cycle,insertion,668,33554432,1.00000000000000000,-0.000000000
4,6,4096,16777216,33554432,5,cycle,insertion,669,33554432,1.00000000000000000,-0.000000000
4,6,4096,16777216,33554432,5,cycle,insertion,670,33554432,1.00000000000000000,-0.000000000
4,6,4096,16777216,33554432,5,cycle,insertion,671,33554432,1.00000000000000000,-0.000000000
4,6,4096,16777216,33554432,5,cycle,insertion,672,33554432,1.00000000000000000,-0.000000000
4,6,4096,16777216,33554432,5,cycle,insertion,673,33554432,1.00000000000000000,-0.000000000
4,6,4096,16777216,33554432,5,cycle,insertion,674,33554432,1.00000000000000000,-0.000000000
4,6,4096,16777216,33554432,5,cycle,insertion,675,33554432,1.00000000000000000,-0.000000000
4,6,4096,16777216,33554432,5,cycle,insertion,676,33554432,1.00000000000000000,-0.000000000
4,6,4096,16777216,33554432,5,cycle,insertion,677,33554432,1.00000000000000000,-0.000000000
4,6,4096,16777216,33554432,5,cycle,insertion,678,33554432,1.00000000000000000,-0.000000000
4,6,4096,16777216,33554432,5,cycle,insertion,679,33554432,1.00000000000000000,-0.000000000
4,6,4096,16777216,33554432,5,cycle,insertion,680,33554432,1.00000000000000000,-0.000000000
4,6,4096,16777216,33554432,5,cycle,insertion,681,33554432,1.00000000000000000,-0.000000000
4,6,4096,16777216,33554432,5,cycle,insertion,682,33554432,1.00000000000000000,-0.000000000
4,6,4096,16777216,33554432,5,cycle,insertion,683,33554432,1.00000000000000000,-0.000000000
4,6,4096,16777216,33554432,5,cycle,insertion,684,33554432,1.00000000000000000,-0.000000000
4,6,4096,16777216,33554432,5,cycle,insertion,685,33554432,1.00000000000000000,-0.000000000
4,6,4096,16777216,33554432,5,cycle,insertion,686,33554432,1.00000000000000000,-0.000000000
4,6,4096,16777216,33554432,5,cycle,insertion,687,33554432,1.00000000000000000,-0.000000000
4,6,4096,16777216,33554432,5,cycle,insertion,688,33554432,1.00000000000000000,-0.000000000
4,6,4096,16777216,33554432,5,cycle,insertion,689,33554432,1.00000000000000000,-0.000000000
4,6,4096,16777216,33554432,5,cycle,insertion,690,33554432,1.00000000000000000,-0.000000000
4,6,4096,16777216,33554432,5,cycle,insertion,691,33554432,1.00000000000000000,-0.000000000
4,6,4096,16777216,33554432,5,cycle,insertion,692,33554432,1.00000000000000000,-0.000000000
4,6,4096,16777216,33554432,5,cycle,insertion,693,33554432,1.00000000000000000,-0.000000000
4,6,4096,16777216,33554432,5,cycle,insertion,694,33554432,1.00000000000000000,-0.000000000
4,6,4096,16777216,33554432,5,cycle,insertion,695,33554432,1.00000000000000000,-0.000000000
4,6,4096,16777216,33554432,5,cycle,insertion,696,33554432,1.00000000000000000,-0.000000000
4,6,4096,16777216,33554432,5,cycle,insertion,697,33554432,1.00000000000000000,-0.000000000
4,6,4096,16777216,33554432,5,cycle,insertion,698,33554432,1.00000000000000000,-0.000000000
4,6,4096,16777216,33554432,5,cycle,insertion,699,33554432,1.00000000000000000,-0.000000000
4,6,4096,16777216,33554432,5,cycle,insertion,700,33554432,1.00000000000000000,-0.000000000
4,6,4096,16777216,33554432,5,cycle,insertion,701,33554432,1.00000000000000000,-0.000000000
4,6,4096,16777216,33554432,5,cycle,insertion,702,33554432,1.00000000000000000,-0.000000000
4,6,4096,16777216,33554432,5,cycle,insertion,703,33554432,1.00000000000000000,-0.000000000
4,6,4096,16777216,33554432,5,cycle,insertion,704,33554432,1.00000000000000000,-0.000000000
4,6,4096,16777216,33554432,5,cycle,insertion,705,33554432,1.00000000000000000,-0.000000000
4,6,4096,16777216,33554432,5,cycle,insertion,706,33554432,1.00000000000000000,-0.000000000
4,6,4096,16777216,33554432,5,cycle,insertion,707,33554432,1.00000000000000000,-0.000000000
4,6,4096,16777216,33554432,5,cycle,insertion,708,33554432,1.00000000000000000,-0.000000000
4,6,4096,16777216,33554432,5,cycle,insertion,709,33554432,1.00000000000000000,-0.000000000
4,6,4096,16777216,33554432,5,cycle,insertion,710,33554432,1.00000000000000000,-0.000000000
4,6,4096,16777216,33554432,5,cycle,insertion,711,33554432,1.00000000000000000,-0.000000000
4,6,4096,16777216,33554432,5,cycle,insertion,712,33554432,1.00000000000000000,-0.000000000
4,6,4096,16777216,33554432,5,cycle,insertion,713,33554432,1.00000000000000000,-0.000000000
4,6,4096,16777216,33554432,5,cycle,insertion,714,33554432,1.00000000000000000,-0.000000000
4,6,4096,16777216,33554432,5,cycle,insertion,715,33554432,1.00000000000000000,-0.000000000
4,6,4096,16777216,33554432,5,cycle,insertion,716,33554432,1.00000000000000000,-0.000000000
4,6,4096,16777216,33554432,5,cycle,insertion,717,33554432,1.00000000000000000,-0.000000000
4,6,4096,16777216,33554432,5,cycle,insertion,718,33554432,1.00000000000000000,-0.000000000
4,6,4096,16777216,33554432,5,cycle,insertion,719,33554432,1.00000000000000000,-0.000000000
4,6,4096,16777216,33554432,5,cycle,insertion,720,33554432,1.00000000000000000,-0.000000000
4,6,4096,16777216,33554432,5,cycle,insertion,721,33554432,1.00000000000000000,-0.000000000
4,6,4096,16777216,33554432,5,cycle,insertion,722,33554432,1.00000000000000000,-0.000000000
4,6,4096,16777216,33554432,5,cycle,insertion,723,33554432,1.00000000000000000,-0.000000000
4,6,4096,16777216,33554432,5,cycle,insertion,724,33554432,1.00000000000000000,-0.000000000
4,6,4096,16777216,33554432,5,cycle,insertion,725,33554432,1.00000000000000000,-0.000000000
4,6,4096,16777216,33554432,5,cycle,insertion,726,33554432,1.00000000000000000,-0.000000000
4,6,4096,16777216,33554432,5,cycle,insertion,727,33554432,1.00000000000000000,-0.000000000
4,6,4096,16777216,33554432,5,cycle,insertion,728,33554432,1.00000000000000000,-0.000000000
4,6,4096,16777216,33554432,5,cycle,insertion,729,33554432,1.00000000000000000,-0.000000000
4,6,4096,16777216,33554432,5,cycle,insertion,730,33554432,1.00000000000000000,-0.000000000
4,6,4096,16777216,33554432,5,cycle,insertion,731,33554432,1.00000000000000000,-0.000000000
4,6,4096,16777216,33554432,5,cycle,insertion,732,33554432,1.00000000000000000,-0.000000000
4,6,4096,16777216,33554432,5,cycle,insertion,733,33554432,1.00000000000000000,-0.000000000
4,6,4096,16777216,33554432,5,cycle,insertion,734,33554432,1.00000000000000000,-0.000000000
4,6,4096,16777216,33554432,5,cycle,insertion,735,33554432,1.00000000000000000,-0.000000000
4,6,4096,16777216,33554432,5,cycle,insertion,736,33554432,1.00000000000000000,-0.000000000
4,6,4096,16777216,33554432,5,cycle,insertion,737,33554432,1.00000000000000000,-0.000000000
4,6,4096,16777216,33554432,5,cycle,insertion,738,33554432,1.00000000000000000,-0.000000000
4,6,4096,16777216,33554432,5,cycle,insertion,739,33554432,1.00000000000000000,-0.000000000
4,6,4096,16777216,33554432,5,cycle,insertion,740,33554432,1.00000000000000000,-0.000000000
4,6,4096,16777216,33554432,5,cycle,insertion,741,33554432,1.00000000000000000,-0.000000000
4,6,4096,16777216,33554432,5,cycle,insertion,742,33554432,1.00000000000000000,-0.000000000
4,6,4096,16777216,33554432,5,cycle,insertion,743,33554432,1.00000000000000000,-0.000000000
4,6,4096,16777216,33554432,5,cycle,insertion,744,33554432,1.00000000000000000,-0.000000000
4,6,4096,16777216,33554432,5,cycle,insertion,745,33554432,1.00000000000000000,-0.000000000
4,6,4096,16777216,33554432,5,cycle,insertion,746,33554432,1.00000000000000000,-0.000000000
4,6,4096,16777216,33554432,5,cycle,insertion,747,33554432,1.00000000000000000,-0.000000000
4,6,4096,16777216,33554432,5,cycle,insertion,748,33554432,1.00000000000000000,-0.000000000
4,6,4096,16777216,33554432,5,cycle,insertion,749,33554432,1.00000000000000000,-0.000000000
4,6,4096,16777216,33554432,5,cycle,insertion,750,33554432,1.00000000000000000,-0.000000000
4,6,4096,16777216,33554432,5,cycle,insertion,751,33554432,1.00000000000000000,-0.000000000
4,6,4096,16777216,33554432,5,cycle,insertion,752,33554432,1.00000000000000000,-0.000000000
4,6,4096,16777216,33554432,5,cycle,insertion,753,33554432,1.00000000000000000,-0.000000000
4,6,4096,16777216,33554432,5,cycle,insertion,754,33554432,1.00000000000000000,-0.000000000
4,6,4096,16777216,33554432,5,cycle,insertion,755,33554432,1.00000000000000000,-0.000000000
4,6,4096,16777216,33554432,5,cycle,insertion,756,33554432,1.00000000000000000,-0.000000000
4,6,4096,16777216,33554432,5,cycle,insertion,757,33554432,1.00000000000000000,-0.000000000
4,6,4096,16777216,33554432,5,cycle,insertion,758,33554432,1.00000000000000000,-0.000000000
4,6,4096,16777216,33554432,5,cycle,insertion,759,33554432,1.00000000000000000,-0.000000000
4,6,4096,16777216,33554432,5,cycle,insertion,760,33554432,1.00000000000000000,-0.000000000
4,6,4096,16777216,33554432,5,cycle,insertion,761,33554432,1.00000000000000000,-0.000000000
4,6,4096,16777216,33554432,5,cycle,insertion,762,33554432,1.00000000000000000,-0.000000000
4,6,4096,16777216,33554432,5,cycle,insertion,763,33554432,1.00000000000000000,-0.000000000
4,6,4096,16777216,33554432,5,cycle,insertion,764,33554432,1.00000000000000000,-0.000000000
4,6,4096,16777216,33554432,5,cycle,insertion,765,33554432,1.00000000000000000,-0.000000000
4,6,4096,16777216,33554432,5,cycle,insertion,766,33554432,1.00000000000000000,-0.000000000
4,6,4096,16777216,33554432,5,cycle,insertion,767,33554432,1.00000000000000000,-0.000000000
4,6,4096,16777216,33554432,5,cycle,insertion,768,33554432,1.00000000000000000,-0.000000000
4,6,4096,16777216,33554432,5,cycle,insertion,769,33554432,1.00000000000000000,-0.000000000
4,6,4096,16777216,33554432,5,cycle,insertion,770,33554432,1.00000000000000000,-0.000000000
4,6,4096,16777216,33554432,5,cycle,insertion,771,33554432,1.00000000000000000,-0.000000000
4,6,4096,16777216,33554432,5,cycle,insertion,772,33554432,1.00000000000000000,-0.000000000
4,6,4096,16777216,33554432,5,cycle,insertion,773,33554432,1.00000000000000000,-0.000000000
4,6,4096,16777216,33554432,5,cycle,insertion,774,33554432,1.00000000000000000,-0.000000000
4,6,4096,16777216,33554432,5,cycle,insertion,775,33554432,1.00000000000000000,-0.000000000
4,6,4096,16777216,33554432,5,cycle,insertion,776,33554432,1.00000000000000000,-0.000000000
4,6,4096,16777216,33554432,5,cycle,insertion,777,33554432,1.00000000000000000,-0.000000000
4,6,4096,16777216,33554432,5,cycle,insertion,778,33554432,1.00000000000000000,-0.000000000
4,6,4096,16777216,33554432,5,cycle,insertion,779,33554432,1.00000000000000000,-0.000000000
4,6,4096,16777216,33554432,5,cycle,insertion,780,33554432,1.00000000000000000,-0.000000000
4,6,4096,16777216,33554432,5,cycle,insertion,781,33554432,1.00000000000000000,-0.000000000
4,6,4096,16777216,33554432,5,cycle,insertion,782,33554432,1.00000000000000000,-0.000000000
4,6,4096,16777216,33554432,5,cycle,insertion,783,33554432,1.00000000000000000,-0.000000000
4,6,4096,16777216,33554432,5,cycle,insertion,784,33554432,1.00000000000000000,-0.000000000
4,6,4096,16777216,33554432,5,cycle,insertion,785,33554432,1.00000000000000000,-0.000000000
4,6,4096,16777216,33554432,5,cycle,insertion,786,33554432,1.00000000000000000,-0.000000000
4,6,4096,16777216,33554432,5,cycle,insertion,787,33554432,1.00000000000000000,-0.000000000
4,6,4096,16777216,33554432,5,cycle,insertion,788,33554432,1.00000000000000000,-0.000000000
4,6,4096,16777216,33554432,5,cycle,insertion,789,33554432,1.00000000000000000,-0.000000000
4,6,4096,16777216,33554432,5,cycle,insertion,790,33554432,1.00000000000000000,-0.000000000
4,6,4096,16777216,33554432,5,cycle,insertion,791,33554432,1.00000000000000000,-0.000000000
4,6,4096,16777216,33554432,5,cycle,insertion,792,33554432,1.00000000000000000,-0.000000000
4,6,4096,16777216,33554432,5,cycle,insertion,793,33554432,1.00000000000000000,-0.000000000
4,6,4096,16777216,33554432,5,cycle,insertion,794,33554432,1.00000000000000000,-0.000000000
4,6,4096,16777216,33554432,5,cycle,insertion,795,33554432,1.00000000000000000,-0.000000000
4,6,4096,16777216,33554432,5,cycle,insertion,796,33554432,1.00000000000000000,-0.000000000
4,6,4096,16777216,33554432,5,cycle,insertion,797,33554432,1.00000000000000000,-0.000000000
4,6,4096,16777216,33554432,5,cycle,insertion,798,33554432,1.00000000000000000,-0.000000000
4,6,4096,16777216,33554432,5,cycle,insertion,799,33554432,1.00000000000000000,-0.000000000
4,6,4096,16777216,33554432,5,cycle,insertion,800,33554432,1.00000000000000000,-0.000000000
4,6,4096,16777216,33554432,5,cycle,insertion,801,33554432,1.00000000000000000,-0.000000000
4,6,4096,16777216,33554432,5,cycle,insertion,802,33554432,1.00000000000000000,-0.000000000
4,6,4096,16777216,33554432,5,cycle,insertion,803,33554432,1.00000000000000000,-0.000000000
4,6,4096,16777216,33554432,5,cycle,insertion,804,33554432,1.00000000000000000,-0.000000000
4,6,4096,16777216,33554432,5,cycle,insertion,805,33554432,1.00000000000000000,-0.000000000
4,6,4096,16777216,33554432,5,cycle,insertion,806,33554432,1.00000000000000000,-0.000000000
4,6,4096,16777216,33554432,5,cycle,insertion,807,33554432,1.00000000000000000,-0.000000000
4,6,4096,16777216,33554432,5,cycle,insertion,808,33554432,1.00000000000000000,-0.000000000
4,6,4096,16777216,33554432,5,cycle,insertion,809,33554432,1.00000000000000000,-0.000000000
4,6,4096,16777216,33554432,5,cycle,insertion,810,33554432,1.00000000000000000,-0.000000000
4,6,4096,16777216,33554432,5,cycle,insertion,811,33554432,1.00000000000000000,-0.000000000
4,6,4096,16777216,33554432,5,cycle,insertion,812,33554432,1.00000000000000000,-0.000000000
4,6,4096,16777216,33554432,5,cycle,insertion,813,33554432,1.00000000000000000,-0.000000000
4,6,4096,16777216,33554432,5,cycle,insertion,814,33554432,1.00000000000000000,-0.000000000
4,6,4096,16777216,33554432,5,cycle,insertion,815,33554432,1.00000000000000000,-0.000000000
4,6,4096,16777216,33554432,5,cycle,insertion,816,33554432,1.00000000000000000,-0.000000000
4,6,4096,16777216,33554432,5,cycle,insertion,817,33554432,1.00000000000000000,-0.000000000
4,6,4096,16777216,33554432,5,cycle,insertion,818,33554432,1.00000000000000000,-0.000000000
4,6,4096,16777216,33554432,5,cycle,insertion,819,33554432,1.00000000000000000,-0.000000000
4,6,4096,16777216,33554432,5,cycle,insertion,820,33554432,1.00000000000000000,-0.000000000
4,6,4096,16777216,33554432,5,cycle,insertion,821,33554432,1.00000000000000000,-0.000000000
4,6,4096,16777216,33554432,5,cycle,insertion,822,33554432,1.00000000000000000,-0.000000000
4,6,4096,16777216,33554432,5,cycle,insertion,823,33554432,1.00000000000000000,-0.000000000
4,6,4096,16777216,33554432,5,cycle,insertion,824,33554432,1.00000000000000000,-0.000000000
4,6,4096,16777216,33554432,5,cycle,insertion,825,33554432,1.00000000000000000,-0.000000000
4,6,4096,16777216,33554432,5,cycle,insertion,826,33554432,1.00000000000000000,-0.000000000
4,6,4096,16777216,33554432,5,cycle,insertion,827,33554432,1.00000000000000000,-0.000000000
4,6,4096,16777216,33554432,5,cycle,insertion,828,33554432,1.00000000000000000,-0.000000000
4,6,4096,16777216,33554432,5,cycle,insertion,829,33554432,1.00000000000000000,-0.000000000
4,6,4096,16777216,33554432,5,cycle,insertion,830,33554432,1.00000000000000000,-0.000000000
4,6,4096,16777216,33554432,5,cycle,insertion,831,33554432,1.00000000000000000,-0.000000000
4,6,4096,16777216,33554432,5,cycle,insertion,832,33554432,1.00000000000000000,-0.000000000
4,6,4096,16777216,33554432,5,cycle,insertion,833,33554432,1.00000000000000000,-0.000000000
4,6,4096,16777216,33554432,5,cycle,insertion,834,33554432,1.00000000000000000,-0.000000000
4,6,4096,16777216,33554432,5,cycle,insertion,835,33554432,1.00000000000000000,-0.000000000
4,6,4096,16777216,33554432,5,cycle,insertion,836,33554432,1.00000000000000000,-0.000000000
4,6,4096,16777216,33554432,5,cycle,insertion,837,33554432,1.00000000000000000,-0.000000000
4,6,4096,16777216,33554432,5,cycle,insertion,838,33554432,1.00000000000000000,-0.000000000
4,6,4096,16777216,33554432,5,cycle,insertion,839,33554432,1.00000000000000000,-0.000000000
4,6,4096,16777216,33554432,5,cycle,insertion,840,33554432,1.00000000000000000,-0.000000000
4,6,4096,16777216,33554432,5,cycle,insertion,841,33554432,1.00000000000000000,-0.000000000
4,6,4096,16777216,33554432,5,cycle,insertion,842,33554432,1.00000000000000000,-0.000000000
4,6,4096,16777216,33554432,5,cycle,insertion,843,33554432,1.00000000000000000,-0.000000000
4,6,4096,16777216,33554432,5,cycle,insertion,844,33554432,1.00000000000000000,-0.000000000
4,6,4096,16777216,33554432,5,cycle,insertion,845,33554432,1.00000000000000000,-0.000000000
4,6,4096,16777216,33554432,5,cycle,insertion,846,33554432,1.00000000000000000,-0.000000000
4,6,4096,16777216,33554432,5,cycle,insertion,847,33554432,1.00000000000000000,-0.000000000
4,6,4096,16777216,33554432,5,cycle,insertion,848,33554432,1.00000000000000000,-0.000000000
4,6,4096,16777216,33554432,5,cycle,insertion,849,33554432,1.00000000000000000,-0.000000000
4,6,4096,16777216,33554432,5,cycle,insertion,850,33554432,1.00000000000000000,-0.000000000
4,6,4096,16777216,33554432,5,cycle,insertion,851,33554432,1.00000000000000000,-0.000000000
4,6,4096,16777216,33554432,5,cycle,insertion,852,33554432,1.00000000000000000,-0.000000000
4,6,4096,16777216,33554432,5,cycle,insertion,853,33554432,1.00000000000000000,-0.000000000
4,6,4096,16777216,33554432,5,cycle,insertion,854,33554432,1.00000000000000000,-0.000000000
4,6,4096,16777216,33554432,5,cycle,insertion,855,33554432,1.00000000000000000,-0.000000000
4,6,4096,16777216,33554432,5,cycle,insertion,856,33554432,1.00000000000000000,-0.000000000
4,6,4096,16777216,33554432,5,cycle,insertion,857,33554432,1.00000000000000000,-0.000000000
4,6,4096,16777216,33554432,5,cycle,insertion,858,33554432,1.00000000000000000,-0.000000000
4,6,4096,16777216,33554432,5,cycle,insertion,859,33554432,1.00000000000000000,-0.000000000
4,6,4096,16777216,33554432,5,cycle,insertion,860,33554432,1.00000000000000000,-0.000000000
4,6,4096,16777216,33554432,5,cycle,insertion,861,33554432,1.00000000000000000,-0.000000000
4,6,4096,16777216,33554432,5,cycle,insertion,862,33554432,1.00000000000000000,-0.000000000
4,6,4096,16777216,33554432,5,cycle,insertion,863,33554432,1.00000000000000000,-0.000000000
4,6,4096,16777216,33554432,5,cycle,insertion,864,33554432,1.00000000000000000,-0.000000000
4,6,4096,16777216,33554432,5,cycle,insertion,865,33554432,1.00000000000000000,-0.000000000
4,6,4096,16777216,33554432,5,cycle,insertion,866,33554432,1.00000000000000000,-0.000000000
4,6,4096,16777216,33554432,5,cycle,insertion,867,33554432,1.00000000000000000,-0.000000000
4,6,4096,16777216,33554432,5,cycle,insertion,868,33554432,1.00000000000000000,-0.000000000
4,6,4096,16777216,33554432,5,cycle,insertion,869,33554432,1.00000000000000000,-0.000000000
4,6,4096,16777216,33554432,5,cycle,insertion,870,33554432,1.00000000000000000,-0.000000000
4,6,4096,16777216,33554432,5,cycle,insertion,871,33554432,1.00000000000000000,-0.000000000
4,6,4096,16777216,33554432,5,cycle,insertion,872,33554432,1.00000000000000000,-0.000000000
4,6,4096,16777216,33554432,5,cycle,insertion,873,33554432,1.00000000000000000,-0.000000000
4,6,4096,16777216,33554432,5,cycle,insertion,874,33554432,1.00000000000000000,-0.000000000
4,6,4096,16777216,33554432,5,cycle,insertion,875,33554432,1.00000000000000000,-0.000000000
4,6,4096,16777216,33554432,5,cycle,insertion,876,33554432,1.00000000000000000,-0.000000000
4,6,4096,16777216,33554432,5,cycle,insertion,877,33554432,1.00000000000000000,-0.000000000
4,6,4096,16777216,33554432,5,cycle,insertion,878,33554432,1.00000000000000000,-0.000000000
4,6,4096,16777216,33554432,5,cycle,insertion,879,33554432,1.00000000000000000,-0.000000000
4,6,4096,16777216,33554432,5,cycle,insertion,880,33554432,1.00000000000000000,-0.000000000
4,6,4096,16777216,33554432,5,cycle,insertion,881,33554432,1.00000000000000000,-0.000000000
4,6,4096,16777216,33554432,5,cycle,insertion,882,33554432,1.00000000000000000,-0.000000000
4,6,4096,16777216,33554432,5,cycle,insertion,883,33554432,1.00000000000000000,-0.000000000
4,6,4096,16777216,33554432,5,cycle,insertion,884,33554432,1.00000000000000000,-0.000000000
4,6,4096,16777216,33554432,5,cycle,insertion,885,33554432,1.00000000000000000,-0.000000000
4,6,4096,16777216,33554432,5,cycle,insertion,886,33554432,1.00000000000000000,-0.000000000
4,6,4096,16777216,33554432,5,cycle,insertion,887,33554432,1.00000000000000000,-0.000000000
4,6,4096,16777216,33554432,5,cycle,insertion,888,33554432,1.00000000000000000,-0.000000000
4,6,4096,16777216,33554432,5,cycle,insertion,889,33554432,1.00000000000000000,-0.000000000
4,6,4096,16777216,33554432,5,cycle,insertion,890,33554432,1.00000000000000000,-0.000000000
4,6,4096,16777216,33554432,5,cycle,insertion,891,33554432,1.00000000000000000,-0.000000000
4,6,4096,16777216,33554432,5,cycle,insertion,892,33554432,1.00000000000000000,-0.000000000
4,6,4096,16777216,33554432,5,cycle,insertion,893,33554432,1.00000000000000000,-0.000000000
4,6,4096,16777216,33554432,5,cycle,insertion,894,33554432,1.00000000000000000,-0.000000000
4,6,4096,16777216,33554432,5,cycle,insertion,895,33554432,1.00000000000000000,-0.000000000
4,6,4096,16777216,33554432,5,cycle,insertion,896,33554432,1.00000000000000000,-0.000000000
4,6,4096,16777216,33554432,5,cycle,insertion,897,33554432,1.00000000000000000,-0.000000000
4,6,4096,16777216,33554432,5,cycle,insertion,898,33554432,1.00000000000000000,-0.000000000
4,6,4096,16777216,33554432,5,cycle,insertion,899,33554432,1.00000000000000000,-0.000000000
4,6,4096,16777216,33554432,5,cycle,insertion,900,33554432,1.00000000000000000,-0.000000000
4,6,4096,16777216,33554432,5,cycle,insertion,901,33554432,1.00000000000000000,-0.000000000
4,6,4096,16777216,33554432,5,cycle,insertion,902,33554432,1.00000000000000000,-0.000000000
4,6,4096,16777216,33554432,5,cycle,insertion,903,33554432,1.00000000000000000,-0.000000000
4,6,4096,16777216,33554432,5,cycle,insertion,904,33554432,1.00000000000000000,-0.000000000
4,6,4096,16777216,33554432,5,cycle,insertion,905,33554432,1.00000000000000000,-0.000000000
4,6,4096,16777216,33554432,5,cycle,insertion,906,33554432,1.00000000000000000,-0.000000000
4,6,4096,16777216,33554432,5,cycle,insertion,907,33554432,1.00000000000000000,-0.000000000
4,6,4096,16777216,33554432,5,cycle,insertion,908,33554432,1.00000000000000000,-0.000000000
4,6,4096,16777216,33554432,5,cycle,insertion,909,33554432,1.00000000000000000,-0.000000000
4,6,4096,16777216,33554432,5,cycle,insertion,910,33554432,1.00000000000000000,-0.000000000
4,6,4096,16777216,33554432,5,cycle,insertion,911,33554432,1.00000000000000000,-0.000000000
4,6,4096,16777216,33554432,5,cycle,insertion,912,33554432,1.00000000000000000,-0.000000000
4,6,4096,16777216,33554432,5,cycle,insertion,913,33554432,1.00000000000000000,-0.000000000
4,6,4096,16777216,33554432,5,cycle,insertion,914,33554432,1.00000000000000000,-0.000000000
4,6,4096,16777216,33554432,5,cycle,insertion,915,33554432,1.00000000000000000,-0.000000000
4,6,4096,16777216,33554432,5,cycle,insertion,916,33554432,1.00000000000000000,-0.000000000
4,6,4096,16777216,33554432,5,cycle,insertion,917,33554432,1.00000000000000000,-0.000000000
4,6,4096,16777216,33554432,5,cycle,insertion,918,33554432,1.00000000000000000,-0.000000000
4,6,4096,16777216,33554432,5,cycle,insertion,919,33554432,1.00000000000000000,-0.000000000
4,6,4096,16777216,33554432,5,cycle,insertion,920,33554432,1.00000000000000000,-0.000000000
4,6,4096,16777216,33554432,5,cycle,insertion,921,33554432,1.00000000000000000,-0.000000000
4,6,4096,16777216,33554432,5,cycle,insertion,922,33554432,1.00000000000000000,-0.000000000
4,6,4096,16777216,33554432,5,cycle,insertion,923,33554432,1.00000000000000000,-0.000000000
4,6,4096,16777216,33554432,5,cycle,insertion,924,33554432,1.00000000000000000,-0.000000000
4,6,4096,16777216,33554432,5,cycle,insertion,925,33554432,1.00000000000000000,-0.000000000
4,6,4096,16777216,33554432,5,cycle,insertion,926,33554432,1.00000000000000000,-0.000000000
4,6,4096,16777216,33554432,5,cycle,insertion,927,33554432,1.00000000000000000,-0.000000000
4,6,4096,16777216,33554432,5,cycle,insertion,928,33554432,1.00000000000000000,-0.000000000
4,6,4096,16777216,33554432,5,cycle,insertion,929,33554432,1.00000000000000000,-0.000000000
4,6,4096,16777216,33554432,5,cycle,insertion,930,33554432,1.00000000000000000,-0.000000000
4,6,4096,16777216,33554432,5,cycle,insertion,931,33554432,1.00000000000000000,-0.000000000
4,6,4096,16777216,33554432,5,cycle,insertion,932,33554432,1.00000000000000000,-0.000000000
4,6,4096,16777216,33554432,5,cycle,insertion,933,33554432,1.00000000000000000,-0.000000000
4,6,4096,16777216,33554432,5,cycle,insertion,934,33554432,1.00000000000000000,-0.000000000
4,6,4096,16777216,33554432,5,cycle,insertion,935,33554432,1.00000000000000000,-0.000000000
4,6,4096,16777216,33554432,5,cycle,insertion,936,33554432,1.00000000000000000,-0.000000000
4,6,4096,16777216,33554432,5,cycle,insertion,937,33554432,1.00000000000000000,-0.000000000
4,6,4096,16777216,33554432,5,cycle,insertion,938,33554432,1.00000000000000000,-0.000000000
4,6,4096,16777216,33554432,5,cycle,insertion,939,33554432,1.00000000000000000,-0.000000000
4,6,4096,16777216,33554432,5,cycle,insertion,940,33554432,1.00000000000000000,-0.000000000
4,6,4096,16777216,33554432,5,cycle,insertion,941,33554432,1.00000000000000000,-0.000000000
4,6,4096,16777216,33554432,5,cycle,insertion,942,33554432,1.00000000000000000,-0.000000000
4,6,4096,16777216,33554432,5,cycle,insertion,943,33554432,1.00000000000000000,-0.000000000
4,6,4096,16777216,33554432,5,cycle,insertion,944,33554432,1.00000000000000000,-0.000000000
4,6,4096,16777216,33554432,5,cycle,insertion,945,33554432,1.00000000000000000,-0.000000000
4,6,4096,16777216,33554432,5,cycle,insertion,946,33554432,1.00000000000000000,-0.000000000
4,6,4096,16777216,33554432,5,cycle,insertion,947,33554432,1.00000000000000000,-0.000000000
4,6,4096,16777216,33554432,5,cycle,insertion,948,33554432,1.00000000000000000,-0.000000000
4,6,4096,16777216,33554432,5,cycle,insertion,949,33554432,1.00000000000000000,-0.000000000
4,6,4096,16777216,33554432,5,cycle,insertion,950,33554432,1.00000000000000000,-0.000000000
4,6,4096,16777216,33554432,5,cycle,insertion,951,33554432,1.00000000000000000,-0.000000000
4,6,4096,16777216,33554432,5,cycle,insertion,952,33554432,1.00000000000000000,-0.000000000
4,6,4096,16777216,33554432,5,cycle,insertion,953,33554432,1.00000000000000000,-0.000000000
4,6,4096,16777216,33554432,5,cycle,insertion,954,33554432,1.00000000000000000,-0.000000000
4,6,4096,16777216,33554432,5,cycle,insertion,955,33554432,1.00000000000000000,-0.000000000
4,6,4096,16777216,33554432,5,cycle,insertion,956,33554432,1.00000000000000000,-0.000000000
4,6,4096,16777216,33554432,5,cycle,insertion,957,33554432,1.00000000000000000,-0.000000000
4,6,4096,16777216,33554432,5,cycle,insertion,958,33554432,1.00000000000000000,-0.000000000
4,6,4096,16777216,33554432,5,cycle,insertion,959,33554432,1.00000000000000000,-0.000000000
4,6,4096,16777216,33554432,5,cycle,insertion,960,33554432,1.00000000000000000,-0.000000000
4,6,4096,16777216,33554432,5,cycle,insertion,961,33554432,1.00000000000000000,-0.000000000
4,6,4096,16777216,33554432,5,cycle,insertion,962,33554432,1.00000000000000000,-0.000000000
4,6,4096,16777216,33554432,5,cycle,insertion,963,33554432,1.00000000000000000,-0.000000000
4,6,4096,16777216,33554432,5,cycle,insertion,964,33554432,1.00000000000000000,-0.000000000
4,6,4096,16777216,33554432,5,cycle,insertion,965,33554432,1.00000000000000000,-0.000000000
4,6,4096,16777216,33554432,5,cycle,insertion,966,33554432,1.00000000000000000,-0.000000000
4,6,4096,16777216,33554432,5,cycle,insertion,967,33554432,1.00000000000000000,-0.000000000
4,6,4096,16777216,33554432,5,cycle,insertion,968,33554432,1.00000000000000000,-0.000000000
4,6,4096,16777216,33554432,5,cycle,insertion,969,33554432,1.00000000000000000,-0.000000000
4,6,4096,16777216,33554432,5,cycle,insertion,970,33554432,1.00000000000000000,-0.000000000
4,6,4096,16777216,33554432,5,cycle,insertion,971,33554432,1.00000000000000000,-0.000000000
4,6,4096,16777216,33554432,5,cycle,insertion,972,33554432,1.00000000000000000,-0.000000000
4,6,4096,16777216,33554432,5,cycle,insertion,973,33554432,1.00000000000000000,-0.000000000
4,6,4096,16777216,33554432,5,cycle,insertion,974,33554432,1.00000000000000000,-0.000000000
4,6,4096,16777216,33554432,5,cycle,insertion,975,33554432,1.00000000000000000,-0.000000000
4,6,4096,16777216,33554432,5,cycle,insertion,976,33554432,1.00000000000000000,-0.000000000
4,6,4096,16777216,33554432,5,cycle,insertion,977,33554432,1.00000000000000000,-0.000000000
4,6,4096,16777216,33554432,5,cycle,insertion,978,33554432,1.00000000000000000,-0.000000000
4,6,4096,16777216,33554432,5,cycle,insertion,979,33554432,1.00000000000000000,-0.000000000
4,6,4096,16777216,33554432,5,cycle,insertion,980,33554432,1.00000000000000000,-0.000000000
4,6,4096,16777216,33554432,5,cycle,insertion,981,33554432,1.00000000000000000,-0.000000000
4,6,4096,16777216,33554432,5,cycle,insertion,982,33554432,1.00000000000000000,-0.000000000
4,6,4096,16777216,33554432,5,cycle,insertion,983,33554432,1.00000000000000000,-0.000000000
4,6,4096,16777216,33554432,5,cycle,insertion,984,33554432,1.00000000000000000,-0.000000000
4,6,4096,16777216,33554432,5,cycle,insertion,985,33554432,1.00000000000000000,-0.000000000
4,6,4096,16777216,33554432,5,cycle,insertion,986,33554432,1.00000000000000000,-0.000000000
4,6,4096,16777216,33554432,5,cycle,insertion,987,33554432,1.00000000000000000,-0.000000000
4,6,4096,16777216,33554432,5,cycle,insertion,988,33554432,1.00000000000000000,-0.000000000
4,6,4096,16777216,33554432,5,cycle,insertion,989,33554432,1.00000000000000000,-0.000000000
4,6,4096,16777216,33554432,5,cycle,insertion,990,33554432,1.00000000000000000,-0.000000000
4,6,4096,16777216,33554432,5,cycle,insertion,991,33554432,1.00000000000000000,-0.000000000
4,6,4096,16777216,33554432,5,cycle,insertion,992,33554432,1.00000000000000000,-0.000000000
4,6,4096,16777216,33554432,5,cycle,insertion,993,33554432,1.00000000000000000,-0.000000000
4,6,4096,16777216,33554432,5,cycle,insertion,994,33554432,1.00000000000000000,-0.000000000
4,6,4096,16777216,33554432,5,cycle,insertion,995,33554432,1.00000000000000000,-0.000000000
4,6,4096,16777216,33554432,5,cycle,insertion,996,33554432,1.00000000000000000,-0.000000000
4,6,4096,16777216,33554432,5,cycle,insertion,997,33554432,1.00000000000000000,-0.000000000
4,6,4096,16777216,33554432,5,cycle,insertion,998,33554432,1.00000000000000000,-0.000000000
4,6,4096,16777216,33554432,5,cycle,insertion,999,33554432,1.00000000000000000,-0.000000000
4,6,4096,16777216,33554432,5,cycle,insertion,1000,33554432,1.00000000000000000,-0.000000000
4,6,4096,16777216,33554432,5,cycle,insertion,1001,33554432,1.00000000000000000,-0.000000000
4,6,4096,16777216,33554432,5,cycle,insertion,1002,33554432,1.00000000000000000,-0.000000000
4,6,4096,16777216,33554432,5,cycle,insertion,1003,33554432,1.00000000000000000,-0.000000000
4,6,4096,16777216,33554432,5,cycle,insertion,1004,33554432,1.00000000000000000,-0.000000000
4,6,4096,16777216,33554432,5,cycle,insertion,1005,33554432,1.00000000000000000,-0.000000000
4,6,4096,16777216,33554432,5,cycle,insertion,1006,33554432,1.00000000000000000,-0.000000000
4,6,4096,16777216,33554432,5,cycle,insertion,1007,33554432,1.00000000000000000,-0.000000000
4,6,4096,16777216,33554432,5,cycle,insertion,1008,33554432,1.00000000000000000,-0.000000000
4,6,4096,16777216,33554432,5,cycle,insertion,1009,33554432,1.00000000000000000,-0.000000000
4,6,4096,16777216,33554432,5,cycle,insertion,1010,33554432,1.00000000000000000,-0.000000000
4,6,4096,16777216,33554432,5,cycle,insertion,1011,33554432,1.00000000000000000,-0.000000000
4,6,4096,16777216,33554432,5,cycle,insertion,1012,33554432,1.00000000000000000,-0.000000000
4,6,4096,16777216,33554432,5,cycle,insertion,1013,33554432,1.00000000000000000,-0.000000000
4,6,4096,16777216,33554432,5,cycle,insertion,1014,33554432,1.00000000000000000,-0.000000000
4,6,4096,16777216,33554432,5,cycle,insertion,1015,33554432,1.00000000000000000,-0.000000000
4,6,4096,16777216,33554432,5,cycle,insertion,1016,33554432,1.00000000000000000,-0.000000000
4,6,4096,16777216,33554432,5,cycle,insertion,1017,33554432,1.00000000000000000,-0.000000000
4,6,4096,16777216,33554432,5,cycle,insertion,1018,33554432,1.00000000000000000,-0.000000000
4,6,4096,16777216,33554432,5,cycle,insertion,1019,33554432,1.00000000000000000,-0.000000000
4,6,4096,16777216,33554432,5,cycle,insertion,1020,33554432,1.00000000000000000,-0.000000000
4,6,4096,16777216,33554432,5,cycle,insertion,1021,33554432,1.00000000000000000,-0.000000000
4,6,4096,16777216,33554432,5,cycle,insertion,1022,33554432,1.00000000000000000,-0.000000000
4,6,4096,16777216,33554432,5,cycle,insertion,1023,33554432,1.00000000000000000,-0.000000000
4,6,4096,16777216,33554432,5,cycle,insertion,1024,33554432,1.00000000000000000,-0.000000000
4,6,4096,16777216,33554432,5,cycle,insertion,1025,33554432,1.00000000000000000,-0.000000000
4,6,4096,16777216,33554432,5,cycle,insertion,1026,33554432,1.00000000000000000,-0.000000000
4,6,4096,16777216,33554432,5,cycle,insertion,1027,33554432,1.00000000000000000,-0.000000000
4,6,4096,16777216,33554432,5,cycle,insertion,1028,33554432,1.00000000000000000,-0.000000000
4,6,4096,16777216,33554432,5,cycle,insertion,1029,33554432,1.00000000000000000,-0.000000000
4,6,4096,16777216,33554432,5,cycle,insertion,1030,33554432,1.00000000000000000,-0.000000000
4,6,4096,16777216,33554432,5,cycle,insertion,1031,33554432,1.00000000000000000,-0.000000000
4,6,4096,16777216,33554432,5,cycle,insertion,1032,33554432,1.00000000000000000,-0.000000000
4,6,4096,16777216,33554432,5,cycle,insertion,1033,33554432,1.00000000000000000,-0.000000000
4,6,4096,16777216,33554432,5,cycle,insertion,1034,33554432,1.00000000000000000,-0.000000000
4,6,4096,16777216,33554432,5,cycle,insertion,1035,33554432,1.00000000000000000,-0.000000000
4,6,4096,16777216,33554432,5,cycle,insertion,1036,33554432,1.00000000000000000,-0.000000000
4,6,4096,16777216,33554432,5,cycle,insertion,1037,33554432,1.00000000000000000,-0.000000000
4,6,4096,16777216,33554432,5,cycle,insertion,1038,33554432,1.00000000000000000,-0.000000000
4,6,4096,16777216,33554432,5,cycle,insertion,1039,33554432,1.00000000000000000,-0.000000000
4,6,4096,16777216,33554432,5,cycle,insertion,1040,33554432,1.00000000000000000,-0.000000000
4,6,4096,16777216,33554432,5,cycle,insertion,1041,33554432,1.00000000000000000,-0.000000000
4,6,4096,16777216,33554432,5,cycle,insertion,1042,33554432,1.00000000000000000,-0.000000000
4,6,4096,16777216,33554432,5,cycle,insertion,1043,33554432,1.00000000000000000,-0.000000000
4,6,4096,16777216,33554432,5,cycle,insertion,1044,33554432,1.00000000000000000,-0.000000000
4,6,4096,16777216,33554432,5,cycle,insertion,1045,33554432,1.00000000000000000,-0.000000000
4,6,4096,16777216,33554432,5,cycle,insertion,1046,33554432,1.00000000000000000,-0.000000000
4,6,4096,16777216,33554432,5,cycle,insertion,1047,33554432,1.00000000000000000,-0.000000000
4,6,4096,16777216,33554432,5,cycle,insertion,1048,33554432,1.00000000000000000,-0.000000000
4,6,4096,16777216,33554432,5,cycle,insertion,1049,33554432,1.00000000000000000,-0.000000000
4,6,4096,16777216,33554432,5,cycle,insertion,1050,33554432,1.00000000000000000,-0.000000000
4,6,4096,16777216,33554432,5,cycle,insertion,1051,33554432,1.00000000000000000,-0.000000000
4,6,4096,16777216,33554432,5,cycle,insertion,1052,33554432,1.00000000000000000,-0.000000000
4,6,4096,16777216,33554432,5,cycle,insertion,1053,33554432,1.00000000000000000,-0.000000000
4,6,4096,16777216,33554432,5,cycle,insertion,1054,33554432,1.00000000000000000,-0.000000000
4,6,4096,16777216,33554432,5,cycle,insertion,1055,33554432,1.00000000000000000,-0.000000000
4,6,4096,16777216,33554432,5,cycle,insertion,1056,33554432,1.00000000000000000,-0.000000000
4,6,4096,16777216,33554432,5,cycle,insertion,1057,33554432,1.00000000000000000,-0.000000000
4,6,4096,16777216,33554432,5,cycle,insertion,1058,33554432,1.00000000000000000,-0.000000000
4,6,4096,16777216,33554432,5,cycle,insertion,1059,33554432,1.00000000000000000,-0.000000000
4,6,4096,16777216,33554432,5,cycle,insertion,1060,33554432,1.00000000000000000,-0.000000000
4,6,4096,16777216,33554432,5,cycle,insertion,1061,33554432,1.00000000000000000,-0.000000000
4,6,4096,16777216,33554432,5,cycle,insertion,1062,33554432,1.00000000000000000,-0.000000000
4,6,4096,16777216,33554432,5,cycle,insertion,1063,33554432,1.00000000000000000,-0.000000000
4,6,4096,16777216,33554432,5,cycle,insertion,1064,33554432,1.00000000000000000,-0.000000000
4,6,4096,16777216,33554432,5,cycle,insertion,1065,33554432,1.00000000000000000,-0.000000000
4,6,4096,16777216,33554432,5,cycle,insertion,1066,33554432,1.00000000000000000,-0.000000000
4,6,4096,16777216,33554432,5,cycle,insertion,1067,33554432,1.00000000000000000,-0.000000000
4,6,4096,16777216,33554432,5,cycle,insertion,1068,33554432,1.00000000000000000,-0.000000000
4,6,4096,16777216,33554432,5,cycle,insertion,1069,33554432,1.00000000000000000,-0.000000000
4,6,4096,16777216,33554432,5,cycle,insertion,1070,33554432,1.00000000000000000,-0.000000000
4,6,4096,16777216,33554432,5,cycle,insertion,1071,33554432,1.00000000000000000,-0.000000000
4,6,4096,16777216,33554432,5,cycle,insertion,1072,33554432,1.00000000000000000,-0.000000000
4,6,4096,16777216,33554432,5,cycle,insertion,1073,33554432,1.00000000000000000,-0.000000000
4,6,4096,16777216,33554432,5,cycle,insertion,1074,33554432,1.00000000000000000,-0.000000000
4,6,4096,16777216,33554432,5,cycle,insertion,1075,33554432,1.00000000000000000,-0.000000000
4,6,4096,16777216,33554432,5,cycle,insertion,1076,33554432,1.00000000000000000,-0.000000000
4,6,4096,16777216,33554432,5,cycle,insertion,1077,33554432,1.00000000000000000,-0.000000000
4,6,4096,16777216,33554432,5,cycle,insertion,1078,33554432,1.00000000000000000,-0.000000000
4,6,4096,16777216,33554432,5,cycle,insertion,1079,33554432,1.00000000000000000,-0.000000000
4,6,4096,16777216,33554432,5,cycle,insertion,1080,33554432,1.00000000000000000,-0.000000000
4,6,4096,16777216,33554432,5,cycle,insertion,1081,33554432,1.00000000000000000,-0.000000000
4,6,4096,16777216,33554432,5,cycle,insertion,1082,33554432,1.00000000000000000,-0.000000000
4,6,4096,16777216,33554432,5,cycle,insertion,1083,33554432,1.00000000000000000,-0.000000000
4,6,4096,16777216,33554432,5,cycle,insertion,1084,33554432,1.00000000000000000,-0.000000000
4,6,4096,16777216,33554432,5,cycle,insertion,1085,33554432,1.00000000000000000,-0.000000000
4,6,4096,16777216,33554432,5,cycle,insertion,1086,33554432,1.00000000000000000,-0.000000000
4,6,4096,16777216,33554432,5,cycle,insertion,1087,33554432,1.00000000000000000,-0.000000000
4,6,4096,16777216,33554432,5,cycle,insertion,1088,33554432,1.00000000000000000,-0.000000000
4,6,4096,16777216,33554432,5,cycle,insertion,1089,33554432,1.00000000000000000,-0.000000000
4,6,4096,16777216,33554432,5,cycle,insertion,1090,33554432,1.00000000000000000,-0.000000000
4,6,4096,16777216,33554432,5,cycle,insertion,1091,33554432,1.00000000000000000,-0.000000000
4,6,4096,16777216,33554432,5,cycle,insertion,1092,33554432,1.00000000000000000,-0.000000000
4,6,4096,16777216,33554432,5,cycle,insertion,1093,33554432,1.00000000000000000,-0.000000000
4,6,4096,16777216,33554432,5,cycle,insertion,1094,33554432,1.00000000000000000,-0.000000000
4,6,4096,16777216,33554432,5,cycle,insertion,1095,33554432,1.00000000000000000,-0.000000000
4,6,4096,16777216,33554432,5,cycle,insertion,1096,33554432,1.00000000000000000,-0.000000000
4,6,4096,16777216,33554432,5,cycle,insertion,1097,33554432,1.00000000000000000,-0.000000000
4,6,4096,16777216,33554432,5,cycle,insertion,1098,33554432,1.00000000000000000,-0.000000000
4,6,4096,16777216,33554432,5,cycle,insertion,1099,33554432,1.00000000000000000,-0.000000000
4,6,4096,16777216,33554432,5,cycle,insertion,1100,33554432,1.00000000000000000,-0.000000000
4,6,4096,16777216,33554432,5,cycle,insertion,1101,33554432,1.00000000000000000,-0.000000000
4,6,4096,16777216,33554432,5,cycle,insertion,1102,33554432,1.00000000000000000,-0.000000000
4,6,4096,16777216,33554432,5,cycle,insertion,1103,33554432,1.00000000000000000,-0.000000000
4,6,4096,16777216,33554432,5,cycle,insertion,1104,33554432,1.00000000000000000,-0.000000000
4,6,4096,16777216,33554432,5,cycle,insertion,1105,33554432,1.00000000000000000,-0.000000000
4,6,4096,16777216,33554432,5,cycle,insertion,1106,33554432,1.00000000000000000,-0.000000000
4,6,4096,16777216,33554432,5,cycle,insertion,1107,33554432,1.00000000000000000,-0.000000000
4,6,4096,16777216,33554432,5,cycle,insertion,1108,33554432,1.00000000000000000,-0.000000000
4,6,4096,16777216,33554432,5,cycle,insertion,1109,33554432,1.00000000000000000,-0.000000000
4,6,4096,16777216,33554432,5,cycle,insertion,1110,33554432,1.00000000000000000,-0.000000000
4,6,4096,16777216,33554432,5,cycle,insertion,1111,33554432,1.00000000000000000,-0.000000000
4,6,4096,16777216,33554432,5,cycle,insertion,1112,33554432,1.00000000000000000,-0.000000000
4,6,4096,16777216,33554432,5,cycle,insertion,1113,33554432,1.00000000000000000,-0.000000000
4,6,4096,16777216,33554432,5,cycle,insertion,1114,33554432,1.00000000000000000,-0.000000000
4,6,4096,16777216,33554432,5,cycle,insertion,1115,33554432,1.00000000000000000,-0.000000000
4,6,4096,16777216,33554432,5,cycle,insertion,1116,33554432,1.00000000000000000,-0.000000000
4,6,4096,16777216,33554432,5,cycle,insertion,1117,33554432,1.00000000000000000,-0.000000000
4,6,4096,16777216,33554432,5,cycle,insertion,1118,33554432,1.00000000000000000,-0.000000000
4,6,4096,16777216,33554432,5,cycle,insertion,1119,33554432,1.00000000000000000,-0.000000000
4,6,4096,16777216,33554432,5,cycle,insertion,1120,33554432,1.00000000000000000,-0.000000000
4,6,4096,16777216,33554432,5,cycle,insertion,1121,33554432,1.00000000000000000,-0.000000000
4,6,4096,16777216,33554432,5,cycle,insertion,1122,33554432,1.00000000000000000,-0.000000000
4,6,4096,16777216,33554432,5,cycle,insertion,1123,33554432,1.00000000000000000,-0.000000000
4,6,4096,16777216,33554432,5,cycle,insertion,1124,33554432,1.00000000000000000,-0.000000000
4,6,4096,16777216,33554432,5,cycle,insertion,1125,33554432,1.00000000000000000,-0.000000000
4,6,4096,16777216,33554432,5,cycle,insertion,1126,33554432,1.00000000000000000,-0.000000000
4,6,4096,16777216,33554432,5,cycle,insertion,1127,33554432,1.00000000000000000,-0.000000000
4,6,4096,16777216,33554432,5,cycle,insertion,1128,33554432,1.00000000000000000,-0.000000000
4,6,4096,16777216,33554432,5,cycle,insertion,1129,33554432,1.00000000000000000,-0.000000000
4,6,4096,16777216,33554432,5,cycle,insertion,1130,33554432,1.00000000000000000,-0.000000000
4,6,4096,16777216,33554432,5,cycle,insertion,1131,33554432,1.00000000000000000,-0.000000000
4,6,4096,16777216,33554432,5,cycle,insertion,1132,33554432,1.00000000000000000,-0.000000000
4,6,4096,16777216,33554432,5,cycle,insertion,1133,33554432,1.00000000000000000,-0.000000000
4,6,4096,16777216,33554432,5,cycle,insertion,1134,33554432,1.00000000000000000,-0.000000000
4,6,4096,16777216,33554432,5,cycle,insertion,1135,33554432,1.00000000000000000,-0.000000000
4,6,4096,16777216,33554432,5,cycle,insertion,1136,33554432,1.00000000000000000,-0.000000000
4,6,4096,16777216,33554432,5,cycle,insertion,1137,33554432,1.00000000000000000,-0.000000000
4,6,4096,16777216,33554432,5,cycle,insertion,1138,33554432,1.00000000000000000,-0.000000000
4,6,4096,16777216,33554432,5,cycle,insertion,1139,33554432,1.00000000000000000,-0.000000000
4,6,4096,16777216,33554432,5,cycle,insertion,1140,33554432,1.00000000000000000,-0.000000000
4,6,4096,16777216,33554432,5,cycle,insertion,1141,33554432,1.00000000000000000,-0.000000000
4,6,4096,16777216,33554432,5,cycle,insertion,1142,33554432,1.00000000000000000,-0.000000000
4,6,4096,16777216,33554432,5,cycle,insertion,1143,33554432,1.00000000000000000,-0.000000000
4,6,4096,16777216,33554432,5,cycle,insertion,1144,33554432,1.00000000000000000,-0.000000000
4,6,4096,16777216,33554432,5,cycle,insertion,1145,33554432,1.00000000000000000,-0.000000000
4,6,4096,16777216,33554432,5,cycle,insertion,1146,33554432,1.00000000000000000,-0.000000000
4,6,4096,16777216,33554432,5,cycle,insertion,1147,33554432,1.00000000000000000,-0.000000000
4,6,4096,16777216,33554432,5,cycle,insertion,1148,33554432,1.00000000000000000,-0.000000000
4,6,4096,16777216,33554432,5,cycle,insertion,1149,33554432,1.00000000000000000,-0.000000000
4,6,4096,16777216,33554432,5,cycle,insertion,1150,33554432,1.00000000000000000,-0.000000000
4,6,4096,16777216,33554432,5,cycle,insertion,1151,33554432,1.00000000000000000,-0.000000000
4,6,4096,16777216,33554432,5,cycle,insertion,1152,33554432,1.00000000000000000,-0.000000000
4,6,4096,16777216,33554432,5,cycle,insertion,1153,33554432,1.00000000000000000,-0.000000000
4,6,4096,16777216,33554432,5,cycle,insertion,1154,33554432,1.00000000000000000,-0.000000000
4,6,4096,16777216,33554432,5,cycle,insertion,1155,33554432,1.00000000000000000,-0.000000000
4,6,4096,16777216,33554432,5,cycle,insertion,1156,33554432,1.00000000000000000,-0.000000000
4,6,4096,16777216,33554432,5,cycle,insertion,1157,33554432,1.00000000000000000,-0.000000000
4,6,4096,16777216,33554432,5,cycle,insertion,1158,33554432,1.00000000000000000,-0.000000000
4,6,4096,16777216,33554432,5,cycle,insertion,1159,33554432,1.00000000000000000,-0.000000000
4,6,4096,16777216,33554432,5,cycle,insertion,1160,33554432,1.00000000000000000,-0.000000000
4,6,4096,16777216,33554432,5,cycle,insertion,1161,33554432,1.00000000000000000,-0.000000000
4,6,4096,16777216,33554432,5,cycle,insertion,1162,33554432,1.00000000000000000,-0.000000000
4,6,4096,16777216,33554432,5,cycle,insertion,1163,33554432,1.00000000000000000,-0.000000000
4,6,4096,16777216,33554432,5,cycle,insertion,1164,33554432,1.00000000000000000,-0.000000000
4,6,4096,16777216,33554432,5,cycle,insertion,1165,33554432,1.00000000000000000,-0.000000000
4,6,4096,16777216,33554432,5,cycle,insertion,1166,33554432,1.00000000000000000,-0.000000000
4,6,4096,16777216,33554432,5,cycle,insertion,1167,33554432,1.00000000000000000,-0.000000000
4,6,4096,16777216,33554432,5,cycle,insertion,1168,33554432,1.00000000000000000,-0.000000000
4,6,4096,16777216,33554432,5,cycle,insertion,1169,33554432,1.00000000000000000,-0.000000000
4,6,4096,16777216,33554432,5,cycle,insertion,1170,33554432,1.00000000000000000,-0.000000000
4,6,4096,16777216,33554432,5,cycle,insertion,1171,33554432,1.00000000000000000,-0.000000000
4,6,4096,16777216,33554432,5,cycle,insertion,1172,33554432,1.00000000000000000,-0.000000000
4,6,4096,16777216,33554432,5,cycle,insertion,1173,33554432,1.00000000000000000,-0.000000000
4,6,4096,16777216,33554432,5,cycle,insertion,1174,33554432,1.00000000000000000,-0.000000000
4,6,4096,16777216,33554432,5,cycle,insertion,1175,33554432,1.00000000000000000,-0.000000000
4,6,4096,16777216,33554432,5,cycle,insertion,1176,33554432,1.00000000000000000,-0.000000000
4,6,4096,16777216,33554432,5,cycle,insertion,1177,33554432,1.00000000000000000,-0.000000000
4,6,4096,16777216,33554432,5,cycle,insertion,1178,33554432,1.00000000000000000,-0.000000000
4,6,4096,16777216,33554432,5,cycle,insertion,1179,33554432,1.00000000000000000,-0.000000000
4,6,4096,16777216,33554432,5,cycle,insertion,1180,33554432,1.00000000000000000,-0.000000000
4,6,4096,16777216,33554432,5,cycle,insertion,1181,33554432,1.00000000000000000,-0.000000000
4,6,4096,16777216,33554432,5,cycle,insertion,1182,33554432,1.00000000000000000,-0.000000000
4,6,4096,16777216,33554432,5,cycle,insertion,1183,33554432,1.00000000000000000,-0.000000000
4,6,4096,16777216,33554432,5,cycle,insertion,1184,33554432,1.00000000000000000,-0.000000000
4,6,4096,16777216,33554432,5,cycle,insertion,1185,33554432,1.00000000000000000,-0.000000000
4,6,4096,16777216,33554432,5,cycle,insertion,1186,33554432,1.00000000000000000,-0.000000000
4,6,4096,16777216,33554432,5,cycle,insertion,1187,33554432,1.00000000000000000,-0.000000000
4,6,4096,16777216,33554432,5,cycle,insertion,1188,33554432,1.00000000000000000,-0.000000000
4,6,4096,16777216,33554432,5,cycle,insertion,1189,33554432,1.00000000000000000,-0.000000000
4,6,4096,16777216,33554432,5,cycle,insertion,1190,33554432,1.00000000000000000,-0.000000000
4,6,4096,16777216,33554432,5,cycle,insertion,1191,33554432,1.00000000000000000,-0.000000000
4,6,4096,16777216,33554432,5,cycle,insertion,1192,33554432,1.00000000000000000,-0.000000000
4,6,4096,16777216,33554432,5,cycle,insertion,1193,33554432,1.00000000000000000,-0.000000000
4,6,4096,16777216,33554432,5,cycle,insertion,1194,33554432,1.00000000000000000,-0.000000000
4,6,4096,16777216,33554432,5,cycle,insertion,1195,33554432,1.00000000000000000,-0.000000000
4,6,4096,16777216,33554432,5,cycle,insertion,1196,33554432,1.00000000000000000,-0.000000000
4,6,4096,16777216,33554432,5,cycle,insertion,1197,33554432,1.00000000000000000,-0.000000000
4,6,4096,16777216,33554432,5,cycle,insertion,1198,33554432,1.00000000000000000,-0.000000000
4,6,4096,16777216,33554432,5,cycle,insertion,1199,33554432,1.00000000000000000,-0.000000000
4,6,4096,16777216,33554432,5,cycle,insertion,1200,33554432,1.00000000000000000,-0.000000000
4,6,4096,16777216,33554432,5,cycle,insertion,1201,33554432,1.00000000000000000,-0.000000000
4,6,4096,16777216,33554432,5,cycle,insertion,1202,33554432,1.00000000000000000,-0.000000000
4,6,4096,16777216,33554432,5,cycle,insertion,1203,33554432,1.00000000000000000,-0.000000000
4,6,4096,16777216,33554432,5,cycle,insertion,1204,33554432,1.00000000000000000,-0.000000000
4,6,4096,16777216,33554432,5,cycle,insertion,1205,33554432,1.00000000000000000,-0.000000000
4,6,4096,16777216,33554432,5,cycle,insertion,1206,33554432,1.00000000000000000,-0.000000000
4,6,4096,16777216,33554432,5,cycle,insertion,1207,33554432,1.00000000000000000,-0.000000000
4,6,4096,16777216,33554432,5,cycle,insertion,1208,33554432,1.00000000000000000,-0.000000000
4,6,4096,16777216,33554432,5,cycle,insertion,1209,33554432,1.00000000000000000,-0.000000000
4,6,4096,16777216,33554432,5,cycle,insertion,1210,33554432,1.00000000000000000,-0.000000000
4,6,4096,16777216,33554432,5,cycle,insertion,1211,33554432,1.00000000000000000,-0.000000000
4,6,4096,16777216,33554432,5,cycle,insertion,1212,33554432,1.00000000000000000,-0.000000000
4,6,4096,16777216,33554432,5,cycle,insertion,1213,33554432,1.00000000000000000,-0.000000000
4,6,4096,16777216,33554432,5,cycle,insertion,1214,33554432,1.00000000000000000,-0.000000000
4,6,4096,16777216,33554432,5,cycle,insertion,1215,33554432,1.00000000000000000,-0.000000000
4,6,4096,16777216,33554432,5,cycle,insertion,1216,33554432,1.00000000000000000,-0.000000000
4,6,4096,16777216,33554432,5,cycle,insertion,1217,33554432,1.00000000000000000,-0.000000000
4,6,4096,16777216,33554432,5,cycle,insertion,1218,33554432,1.00000000000000000,-0.000000000
4,6,4096,16777216,33554432,5,cycle,insertion,1219,33554432,1.00000000000000000,-0.000000000
4,6,4096,16777216,33554432,5,cycle,insertion,1220,33554432,1.00000000000000000,-0.000000000
4,6,4096,16777216,33554432,5,cycle,insertion,1221,33554432,1.00000000000000000,-0.000000000
4,6,4096,16777216,33554432,5,cycle,insertion,1222,33554432,1.00000000000000000,-0.000000000
4,6,4096,16777216,33554432,5,cycle,insertion,1223,33554432,1.00000000000000000,-0.000000000
4,6,4096,16777216,33554432,5,cycle,insertion,1224,33554432,1.00000000000000000,-0.000000000
4,6,4096,16777216,33554432,5,cycle,insertion,1225,33554432,1.00000000000000000,-0.000000000
4,6,4096,16777216,33554432,5,cycle,insertion,1226,33554432,1.00000000000000000,-0.000000000
4,6,4096,16777216,33554432,5,cycle,insertion,1227,33554432,1.00000000000000000,-0.000000000
4,6,4096,16777216,33554432,5,cycle,insertion,1228,33554432,1.00000000000000000,-0.000000000
4,6,4096,16777216,33554432,5,cycle,insertion,1229,33554432,1.00000000000000000,-0.000000000
4,6,4096,16777216,33554432,5,cycle,insertion,1230,33554432,1.00000000000000000,-0.000000000
4,6,4096,16777216,33554432,5,cycle,insertion,1231,33554432,1.00000000000000000,-0.000000000
4,6,4096,16777216,33554432,5,cycle,insertion,1232,33554432,1.00000000000000000,-0.000000000
4,6,4096,16777216,33554432,5,cycle,insertion,1233,33554432,1.00000000000000000,-0.000000000
4,6,4096,16777216,33554432,5,cycle,insertion,1234,33554432,1.00000000000000000,-0.000000000
4,6,4096,16777216,33554432,5,cycle,insertion,1235,33554432,1.00000000000000000,-0.000000000
4,6,4096,16777216,33554432,5,cycle,insertion,1236,33554432,1.00000000000000000,-0.000000000
4,6,4096,16777216,33554432,5,cycle,insertion,1237,33554432,1.00000000000000000,-0.000000000
4,6,4096,16777216,33554432,5,cycle,insertion,1238,33554432,1.00000000000000000,-0.000000000
4,6,4096,16777216,33554432,5,cycle,insertion,1239,33554432,1.00000000000000000,-0.000000000
4,6,4096,16777216,33554432,5,cycle,insertion,1240,33554432,1.00000000000000000,-0.000000000
4,6,4096,16777216,33554432,5,cycle,insertion,1241,33554432,1.00000000000000000,-0.000000000
4,6,4096,16777216,33554432,5,cycle,insertion,1242,33554432,1.00000000000000000,-0.000000000
4,6,4096,16777216,33554432,5,cycle,insertion,1243,33554432,1.00000000000000000,-0.000000000
4,6,4096,16777216,33554432,5,cycle,insertion,1244,33554432,1.00000000000000000,-0.000000000
4,6,4096,16777216,33554432,5,cycle,insertion,1245,33554432,1.00000000000000000,-0.000000000
4,6,4096,16777216,33554432,5,cycle,insertion,1246,33554432,1.00000000000000000,-0.000000000
4,6,4096,16777216,33554432,5,cycle,insertion,1247,33554432,1.00000000000000000,-0.000000000
4,6,4096,16777216,33554432,5,cycle,insertion,1248,33554432,1.00000000000000000,-0.000000000
4,6,4096,16777216,33554432,5,cycle,insertion,1249,33554432,1.00000000000000000,-0.000000000
4,6,4096,16777216,33554432,5,cycle,insertion,1250,33554432,1.00000000000000000,-0.000000000
4,6,4096,16777216,33554432,5,cycle,insertion,1251,33554432,1.00000000000000000,-0.000000000
4,6,4096,16777216,33554432,5,cycle,insertion,1252,33554432,1.00000000000000000,-0.000000000
4,6,4096,16777216,33554432,5,cycle,insertion,1253,33554432,1.00000000000000000,-0.000000000
4,6,4096,16777216,33554432,5,cycle,insertion,1254,33554432,1.00000000000000000,-0.000000000
4,6,4096,16777216,33554432,5,cycle,insertion,1255,33554432,1.00000000000000000,-0.000000000
4,6,4096,16777216,33554432,5,cycle,insertion,1256,33554432,1.00000000000000000,-0.000000000
4,6,4096,16777216,33554432,5,cycle,insertion,1257,33554432,1.00000000000000000,-0.000000000
4,6,4096,16777216,33554432,5,cycle,insertion,1258,33554432,1.00000000000000000,-0.000000000
4,6,4096,16777216,33554432,5,cycle,insertion,1259,33554432,1.00000000000000000,-0.000000000
4,6,4096,16777216,33554432,5,cycle,insertion,1260,33554432,1.00000000000000000,-0.000000000
4,6,4096,16777216,33554432,5,cycle,insertion,1261,33554432,1.00000000000000000,-0.000000000
4,6,4096,16777216,33554432,5,cycle,insertion,1262,33554432,1.00000000000000000,-0.000000000
4,6,4096,16777216,33554432,5,cycle,insertion,1263,33554432,1.00000000000000000,-0.000000000
4,6,4096,16777216,33554432,5,cycle,insertion,1264,33554432,1.00000000000000000,-0.000000000
4,6,4096,16777216,33554432,5,cycle,insertion,1265,33554432,1.00000000000000000,-0.000000000
4,6,4096,16777216,33554432,5,cycle,insertion,1266,33554432,1.00000000000000000,-0.000000000
4,6,4096,16777216,33554432,5,cycle,insertion,1267,33554432,1.00000000000000000,-0.000000000
4,6,4096,16777216,33554432,5,cycle,insertion,1268,33554432,1.00000000000000000,-0.000000000
4,6,4096,16777216,33554432,5,cycle,insertion,1269,33554432,1.00000000000000000,-0.000000000
4,6,4096,16777216,33554432,5,cycle,insertion,1270,33554432,1.00000000000000000,-0.000000000
4,6,4096,16777216,33554432,5,cycle,insertion,1271,33554432,1.00000000000000000,-0.000000000
4,6,4096,16777216,33554432,5,cycle,insertion,1272,33554432,1.00000000000000000,-0.000000000
4,6,4096,16777216,33554432,5,cycle,insertion,1273,33554432,1.00000000000000000,-0.000000000
4,6,4096,16777216,33554432,5,cycle,insertion,1274,33554432,1.00000000000000000,-0.000000000
4,6,4096,16777216,33554432,5,cycle,insertion,1275,33554432,1.00000000000000000,-0.000000000
4,6,4096,16777216,33554432,5,cycle,insertion,1276,33554432,1.00000000000000000,-0.000000000
4,6,4096,16777216,33554432,5,cycle,insertion,1277,33554432,1.00000000000000000,-0.000000000
4,6,4096,16777216,33554432,5,cycle,insertion,1278,33554432,1.00000000000000000,-0.000000000
4,6,4096,16777216,33554432,5,cycle,insertion,1279,33554432,1.00000000000000000,-0.000000000
4,6,4096,16777216,33554432,5,cycle,insertion,1280,33554432,1.00000000000000000,-0.000000000
4,6,4096,16777216,33554432,5,cycle,insertion,1281,33554432,1.00000000000000000,-0.000000000
4,6,4096,16777216,33554432,5,cycle,insertion,1282,33554432,1.00000000000000000,-0.000000000
4,6,4096,16777216,33554432,5,cycle,insertion,1283,33554432,1.00000000000000000,-0.000000000
4,6,4096,16777216,33554432,5,cycle,insertion,1284,33554432,1.00000000000000000,-0.000000000
4,6,4096,16777216,33554432,5,cycle,insertion,1285,33554432,1.00000000000000000,-0.000000000
4,6,4096,16777216,33554432,5,cycle,insertion,1286,33554432,1.00000000000000000,-0.000000000
4,6,4096,16777216,33554432,5,cycle,insertion,1287,33554432,1.00000000000000000,-0.000000000
4,6,4096,16777216,33554432,5,cycle,insertion,1288,33554432,1.00000000000000000,-0.000000000
4,6,4096,16777216,33554432,5,cycle,insertion,1289,33554432,1.00000000000000000,-0.000000000
4,6,4096,16777216,33554432,5,cycle,insertion,1290,33554432,1.00000000000000000,-0.000000000
4,6,4096,16777216,33554432,5,cycle,insertion,1291,33554432,1.00000000000000000,-0.000000000
4,6,4096,16777216,33554432,5,cycle,insertion,1292,33554432,1.00000000000000000,-0.000000000
4,6,4096,16777216,33554432,5,cycle,insertion,1293,33554432,1.00000000000000000,-0.000000000
4,6,4096,16777216,33554432,5,cycle,insertion,1294,33554432,1.00000000000000000,-0.000000000
4,6,4096,16777216,33554432,5,cycle,insertion,1295,33554432,1.00000000000000000,-0.000000000
4,6,4096,16777216,33554432,5,cycle,insertion,1296,33554432,1.00000000000000000,-0.000000000
4,6,4096,16777216,33554432,5,cycle,insertion,1297,33554432,1.00000000000000000,-0.000000000
4,6,4096,16777216,33554432,5,cycle,insertion,1298,33554432,1.00000000000000000,-0.000000000
4,6,4096,16777216,33554432,5,cycle,insertion,1299,33554432,1.00000000000000000,-0.000000000
4,6,4096,16777216,33554432,5,cycle,insertion,1300,33554432,1.00000000000000000,-0.000000000
4,6,4096,16777216,33554432,5,cycle,insertion,1301,33554432,1.00000000000000000,-0.000000000
4,6,4096,16777216,33554432,5,cycle,insertion,1302,33554432,1.00000000000000000,-0.000000000
4,6,4096,16777216,33554432,5,cycle,insertion,1303,33554432,1.00000000000000000,-0.000000000
4,6,4096,16777216,33554432,5,cycle,insertion,1304,33554432,1.00000000000000000,-0.000000000
4,6,4096,16777216,33554432,5,cycle,insertion,1305,33554432,1.00000000000000000,-0.000000000
4,6,4096,16777216,33554432,5,cycle,insertion,1306,33554432,1.00000000000000000,-0.000000000
4,6,4096,16777216,33554432,5,cycle,insertion,1307,33554432,1.00000000000000000,-0.000000000
4,6,4096,16777216,33554432,5,cycle,insertion,1308,33554432,1.00000000000000000,-0.000000000
4,6,4096,16777216,33554432,5,cycle,insertion,1309,33554432,1.00000000000000000,-0.000000000
4,6,4096,16777216,33554432,5,cycle,insertion,1310,33554432,1.00000000000000000,-0.000000000
4,6,4096,16777216,33554432,5,cycle,insertion,1311,33554432,1.00000000000000000,-0.000000000
4,6,4096,16777216,33554432,5,cycle,insertion,1312,33554432,1.00000000000000000,-0.000000000
4,6,4096,16777216,33554432,5,cycle,insertion,1313,33554432,1.00000000000000000,-0.000000000
4,6,4096,16777216,33554432,5,cycle,insertion,1314,33554432,1.00000000000000000,-0.000000000
4,6,4096,16777216,33554432,5,cycle,insertion,1315,33554432,1.00000000000000000,-0.000000000
4,6,4096,16777216,33554432,5,cycle,insertion,1316,33554432,1.00000000000000000,-0.000000000
4,6,4096,16777216,33554432,5,cycle,insertion,1317,33554432,1.00000000000000000,-0.000000000
4,6,4096,16777216,33554432,5,cycle,insertion,1318,33554432,1.00000000000000000,-0.000000000
4,6,4096,16777216,33554432,5,cycle,insertion,1319,33554432,1.00000000000000000,-0.000000000
4,6,4096,16777216,33554432,5,cycle,insertion,1320,33554432,1.00000000000000000,-0.000000000
4,6,4096,16777216,33554432,5,cycle,insertion,1321,33554432,1.00000000000000000,-0.000000000
4,6,4096,16777216,33554432,5,cycle,insertion,1322,33554432,1.00000000000000000,-0.000000000
4,6,4096,16777216,33554432,5,cycle,insertion,1323,33554432,1.00000000000000000,-0.000000000
4,6,4096,16777216,33554432,5,cycle,insertion,1324,33554432,1.00000000000000000,-0.000000000
4,6,4096,16777216,33554432,5,cycle,insertion,1325,33554432,1.00000000000000000,-0.000000000
4,6,4096,16777216,33554432,5,cycle,insertion,1326,33554432,1.00000000000000000,-0.000000000
4,6,4096,16777216,33554432,5,cycle,insertion,1327,33554432,1.00000000000000000,-0.000000000
4,6,4096,16777216,33554432,5,cycle,insertion,1328,33554432,1.00000000000000000,-0.000000000
4,6,4096,16777216,33554432,5,cycle,insertion,1329,33554432,1.00000000000000000,-0.000000000
4,6,4096,16777216,33554432,5,cycle,insertion,1330,33554432,1.00000000000000000,-0.000000000
4,6,4096,16777216,33554432,5,cycle,insertion,1331,33554432,1.00000000000000000,-0.000000000
4,6,4096,16777216,33554432,5,cycle,insertion,1332,33554432,1.00000000000000000,-0.000000000
4,6,4096,16777216,33554432,5,cycle,insertion,1333,33554432,1.00000000000000000,-0.000000000
4,6,4096,16777216,33554432,5,cycle,insertion,1334,33554432,1.00000000000000000,-0.000000000
4,6,4096,16777216,33554432,5,cycle,insertion,1335,33554432,1.00000000000000000,-0.000000000
4,6,4096,16777216,33554432,5,cycle,insertion,1336,33554432,1.00000000000000000,-0.000000000
4,6,4096,16777216,33554432,5,cycle,insertion,1337,33554432,1.00000000000000000,-0.000000000
4,6,4096,16777216,33554432,5,cycle,insertion,1338,33554432,1.00000000000000000,-0.000000000
4,6,4096,16777216,33554432,5,cycle,insertion,1339,33554432,1.00000000000000000,-0.000000000
4,6,4096,16777216,33554432,5,cycle,insertion,1340,33554432,1.00000000000000000,-0.000000000
4,6,4096,16777216,33554432,5,cycle,insertion,1341,33554432,1.00000000000000000,-0.000000000
4,6,4096,16777216,33554432,5,cycle,insertion,1342,33554432,1.00000000000000000,-0.000000000
4,6,4096,16777216,33554432,5,cycle,insertion,1343,33554432,1.00000000000000000,-0.000000000
4,6,4096,16777216,33554432,5,cycle,insertion,1344,33554432,1.00000000000000000,-0.000000000
4,6,4096,16777216,33554432,5,cycle,insertion,1345,33554432,1.00000000000000000,-0.000000000
4,6,4096,16777216,33554432,5,cycle,insertion,1346,33554432,1.00000000000000000,-0.000000000
4,6,4096,16777216,33554432,5,cycle,insertion,1347,33554432,1.00000000000000000,-0.000000000
4,6,4096,16777216,33554432,5,cycle,insertion,1348,33554432,1.00000000000000000,-0.000000000
4,6,4096,16777216,33554432,5,cycle,insertion,1349,33554432,1.00000000000000000,-0.000000000
4,6,4096,16777216,33554432,5,cycle,insertion,1350,33554432,1.00000000000000000,-0.000000000
4,6,4096,16777216,33554432,5,cycle,insertion,1351,33554432,1.00000000000000000,-0.000000000
4,6,4096,16777216,33554432,5,cycle,insertion,1352,33554432,1.00000000000000000,-0.000000000
4,6,4096,16777216,33554432,5,cycle,insertion,1353,33554432,1.00000000000000000,-0.000000000
4,6,4096,16777216,33554432,5,cycle,insertion,1354,33554432,1.00000000000000000,-0.000000000
4,6,4096,16777216,33554432,5,cycle,insertion,1355,33554432,1.00000000000000000,-0.000000000
4,6,4096,16777216,33554432,5,cycle,insertion,1356,33554432,1.00000000000000000,-0.000000000
4,6,4096,16777216,33554432,5,cycle,insertion,1357,33554432,1.00000000000000000,-0.000000000
4,6,4096,16777216,33554432,5,cycle,insertion,1358,33554432,1.00000000000000000,-0.000000000
4,6,4096,16777216,33554432,5,cycle,insertion,1359,33554432,1.00000000000000000,-0.000000000
4,6,4096,16777216,33554432,5,cycle,insertion,1360,33554432,1.00000000000000000,-0.000000000
4,6,4096,16777216,33554432,5,cycle,insertion,1361,33554432,1.00000000000000000,-0.000000000
4,6,4096,16777216,33554432,5,cycle,insertion,1362,33554432,1.00000000000000000,-0.000000000
4,6,4096,16777216,33554432,5,cycle,insertion,1363,33554432,1.00000000000000000,-0.000000000
4,6,4096,16777216,33554432,5,cycle,insertion,1364,33554432,1.00000000000000000,-0.000000000
4,6,4096,16777216,33554432,5,cycle,insertion,1365,33554432,1.00000000000000000,-0.000000000
4,6,4096,16777216,33554432,5,cycle,insertion,1366,33554432,1.00000000000000000,-0.000000000
4,6,4096,16777216,33554432,5,cycle,insertion,1367,33554432,1.00000000000000000,-0.000000000
4,6,4096,16777216,33554432,5,cycle,insertion,1368,33554432,1.00000000000000000,-0.000000000
4,6,4096,16777216,33554432,5,cycle,insertion,1369,33554432,1.00000000000000000,-0.000000000
4,6,4096,16777216,33554432,5,cycle,insertion,1370,33554432,1.00000000000000000,-0.000000000
4,6,4096,16777216,33554432,5,cycle,insertion,1371,33554432,1.00000000000000000,-0.000000000
4,6,4096,16777216,33554432,5,cycle,insertion,1372,33554432,1.00000000000000000,-0.000000000
4,6,4096,16777216,33554432,5,cycle,insertion,1373,33554432,1.00000000000000000,-0.000000000
4,6,4096,16777216,33554432,5,cycle,insertion,1374,33554432,1.00000000000000000,-0.000000000
4,6,4096,16777216,33554432,5,cycle,insertion,1375,33554432,1.00000000000000000,-0.000000000
4,6,4096,16777216,33554432,5,cycle,insertion,1376,33554432,1.00000000000000000,-0.000000000
4,6,4096,16777216,33554432,5,cycle,insertion,1377,33554432,1.00000000000000000,-0.000000000
4,6,4096,16777216,33554432,5,cycle,insertion,1378,33554432,1.00000000000000000,-0.000000000
4,6,4096,16777216,33554432,5,cycle,insertion,1379,33554432,1.00000000000000000,-0.000000000
4,6,4096,16777216,33554432,5,cycle,insertion,1380,33554432,1.00000000000000000,-0.000000000
4,6,4096,16777216,33554432,5,cycle,insertion,1381,33554432,1.00000000000000000,-0.000000000
4,6,4096,16777216,33554432,5,cycle,insertion,1382,33554432,1.00000000000000000,-0.000000000
4,6,4096,16777216,33554432,5,cycle,insertion,1383,33554432,1.00000000000000000,-0.000000000
4,6,4096,16777216,33554432,5,cycle,insertion,1384,33554432,1.00000000000000000,-0.000000000
4,6,4096,16777216,33554432,5,cycle,insertion,1385,33554432,1.00000000000000000,-0.000000000
4,6,4096,16777216,33554432,5,cycle,insertion,1386,33554432,1.00000000000000000,-0.000000000
4,6,4096,16777216,33554432,5,cycle,insertion,1387,33554432,1.00000000000000000,-0.000000000
4,6,4096,16777216,33554432,5,cycle,insertion,1388,33554432,1.00000000000000000,-0.000000000
4,6,4096,16777216,33554432,5,cycle,insertion,1389,33554432,1.00000000000000000,-0.000000000
4,6,4096,16777216,33554432,5,cycle,insertion,1390,33554432,1.00000000000000000,-0.000000000
4,6,4096,16777216,33554432,5,cycle,insertion,1391,33554432,1.00000000000000000,-0.000000000
4,6,4096,16777216,33554432,5,cycle,insertion,1392,33554432,1.00000000000000000,-0.000000000
4,6,4096,16777216,33554432,5,cycle,insertion,1393,33554432,1.00000000000000000,-0.000000000
4,6,4096,16777216,33554432,5,cycle,insertion,1394,33554432,1.00000000000000000,-0.000000000
4,6,4096,16777216,33554432,5,cycle,insertion,1395,33554432,1.00000000000000000,-0.000000000
4,6,4096,16777216,33554432,5,cycle,insertion,1396,33554432,1.00000000000000000,-0.000000000
4,6,4096,16777216,33554432,5,cycle,insertion,1397,33554432,1.00000000000000000,-0.000000000
4,6,4096,16777216,33554432,5,cycle,insertion,1398,33554432,1.00000000000000000,-0.000000000
4,6,4096,16777216,33554432,5,cycle,insertion,1399,33554432,1.00000000000000000,-0.000000000
4,6,4096,16777216,33554432,5,cycle,insertion,1400,33554432,1.00000000000000000,-0.000000000
4,6,4096,16777216,33554432,5,cycle,insertion,1401,33554432,1.00000000000000000,-0.000000000
4,6,4096,16777216,33554432,5,cycle,insertion,1402,33554432,1.00000000000000000,-0.000000000
4,6,4096,16777216,33554432,5,cycle,insertion,1403,33554432,1.00000000000000000,-0.000000000
4,6,4096,16777216,33554432,5,cycle,insertion,1404,33554432,1.00000000000000000,-0.000000000
4,6,4096,16777216,33554432,5,cycle,insertion,1405,33554432,1.00000000000000000,-0.000000000
4,6,4096,16777216,33554432,5,cycle,insertion,1406,33554432,1.00000000000000000,-0.000000000
4,6,4096,16777216,33554432,5,cycle,insertion,1407,33554432,1.00000000000000000,-0.000000000
4,6,4096,16777216,33554432,5,cycle,insertion,1408,33554432,1.00000000000000000,-0.000000000
4,6,4096,16777216,33554432,5,cycle,insertion,1409,33554432,1.00000000000000000,-0.000000000
4,6,4096,16777216,33554432,5,cycle,insertion,1410,33554432,1.00000000000000000,-0.000000000
4,6,4096,16777216,33554432,5,cycle,insertion,1411,33554432,1.00000000000000000,-0.000000000
4,6,4096,16777216,33554432,5,cycle,insertion,1412,33554432,1.00000000000000000,-0.000000000
4,6,4096,16777216,33554432,5,cycle,insertion,1413,33554432,1.00000000000000000,-0.000000000
4,6,4096,16777216,33554432,5,cycle,insertion,1414,33554432,1.00000000000000000,-0.000000000
4,6,4096,16777216,33554432,5,cycle,insertion,1415,33554432,1.00000000000000000,-0.000000000
4,6,4096,16777216,33554432,5,cycle,insertion,1416,33554432,1.00000000000000000,-0.000000000
4,6,4096,16777216,33554432,5,cycle,insertion,1417,33554432,1.00000000000000000,-0.000000000
4,6,4096,16777216,33554432,5,cycle,insertion,1418,33554432,1.00000000000000000,-0.000000000
4,6,4096,16777216,33554432,5,cycle,insertion,1419,33554432,1.00000000000000000,-0.000000000
4,6,4096,16777216,33554432,5,cycle,insertion,1420,33554432,1.00000000000000000,-0.000000000
4,6,4096,16777216,33554432,5,cycle,insertion,1421,33554432,1.00000000000000000,-0.000000000
4,6,4096,16777216,33554432,5,cycle,insertion,1422,33554432,1.00000000000000000,-0.000000000
4,6,4096,16777216,33554432,5,cycle,insertion,1423,33554432,1.00000000000000000,-0.000000000
4,6,4096,16777216,33554432,5,cycle,insertion,1424,33554432,1.00000000000000000,-0.000000000
4,6,4096,16777216,33554432,5,cycle,insertion,1425,33554432,1.00000000000000000,-0.000000000
4,6,4096,16777216,33554432,5,cycle,insertion,1426,33554432,1.00000000000000000,-0.000000000
4,6,4096,16777216,33554432,5,cycle,insertion,1427,33554432,1.00000000000000000,-0.000000000
4,6,4096,16777216,33554432,5,cycle,insertion,1428,33554432,1.00000000000000000,-0.000000000
4,6,4096,16777216,33554432,5,cycle,insertion,1429,33554432,1.00000000000000000,-0.000000000
4,6,4096,16777216,33554432,5,cycle,insertion,1430,33554432,1.00000000000000000,-0.000000000
4,6,4096,16777216,33554432,5,cycle,insertion,1431,33554432,1.00000000000000000,-0.000000000
4,6,4096,16777216,33554432,5,cycle,insertion,1432,33554432,1.00000000000000000,-0.000000000
4,6,4096,16777216,33554432,5,cycle,insertion,1433,33554432,1.00000000000000000,-0.000000000
4,6,4096,16777216,33554432,5,cycle,insertion,1434,33554432,1.00000000000000000,-0.000000000
4,6,4096,16777216,33554432,5,cycle,insertion,1435,33554432,1.00000000000000000,-0.000000000
4,6,4096,16777216,33554432,5,cycle,insertion,1436,33554432,1.00000000000000000,-0.000000000
4,6,4096,16777216,33554432,5,cycle,insertion,1437,33554432,1.00000000000000000,-0.000000000
4,6,4096,16777216,33554432,5,cycle,insertion,1438,33554432,1.00000000000000000,-0.000000000
4,6,4096,16777216,33554432,5,cycle,insertion,1439,33554432,1.00000000000000000,-0.000000000
4,6,4096,16777216,33554432,5,cycle,insertion,1440,33554432,1.00000000000000000,-0.000000000
4,6,4096,16777216,33554432,5,cycle,insertion,1441,33554432,1.00000000000000000,-0.000000000
4,6,4096,16777216,33554432,5,cycle,insertion,1442,33554432,1.00000000000000000,-0.000000000
4,6,4096,16777216,33554432,5,cycle,insertion,1443,33554432,1.00000000000000000,-0.000000000
4,6,4096,16777216,33554432,5,cycle,insertion,1444,33554432,1.00000000000000000,-0.000000000
4,6,4096,16777216,33554432,5,cycle,insertion,1445,33554432,1.00000000000000000,-0.000000000
4,6,4096,16777216,33554432,5,cycle,insertion,1446,33554432,1.00000000000000000,-0.000000000
4,6,4096,16777216,33554432,5,cycle,insertion,1447,33554432,1.00000000000000000,-0.000000000
4,6,4096,16777216,33554432,5,cycle,insertion,1448,33554432,1.00000000000000000,-0.000000000
4,6,4096,16777216,33554432,5,cycle,insertion,1449,33554432,1.00000000000000000,-0.000000000
4,6,4096,16777216,33554432,5,cycle,insertion,1450,33554432,1.00000000000000000,-0.000000000
4,6,4096,16777216,33554432,5,cycle,insertion,1451,33554432,1.00000000000000000,-0.000000000
4,6,4096,16777216,33554432,5,cycle,insertion,1452,33554432,1.00000000000000000,-0.000000000
4,6,4096,16777216,33554432,5,cycle,insertion,1453,33554432,1.00000000000000000,-0.000000000
4,6,4096,16777216,33554432,5,cycle,insertion,1454,33554432,1.00000000000000000,-0.000000000
4,6,4096,16777216,33554432,5,cycle,insertion,1455,33554432,1.00000000000000000,-0.000000000
4,6,4096,16777216,33554432,5,cycle,insertion,1456,33554432,1.00000000000000000,-0.000000000
4,6,4096,16777216,33554432,5,cycle,insertion,1457,33554432,1.00000000000000000,-0.000000000
4,6,4096,16777216,33554432,5,cycle,insertion,1458,33554432,1.00000000000000000,-0.000000000
4,6,4096,16777216,33554432,5,cycle,insertion,1459,33554432,1.00000000000000000,-0.000000000
4,6,4096,16777216,33554432,5,cycle,insertion,1460,33554432,1.00000000000000000,-0.000000000
4,6,4096,16777216,33554432,5,cycle,insertion,1461,33554432,1.00000000000000000,-0.000000000
4,6,4096,16777216,33554432,5,cycle,insertion,1462,33554432,1.00000000000000000,-0.000000000
4,6,4096,16777216,33554432,5,cycle,insertion,1463,33554432,1.00000000000000000,-0.000000000
4,6,4096,16777216,33554432,5,cycle,insertion,1464,33554432,1.00000000000000000,-0.000000000
4,6,4096,16777216,33554432,5,cycle,insertion,1465,33554432,1.00000000000000000,-0.000000000
4,6,4096,16777216,33554432,5,cycle,insertion,1466,33554432,1.00000000000000000,-0.000000000
4,6,4096,16777216,33554432,5,cycle,insertion,1467,33554432,1.00000000000000000,-0.000000000
4,6,4096,16777216,33554432,5,cycle,insertion,1468,33554432,1.00000000000000000,-0.000000000
4,6,4096,16777216,33554432,5,cycle,insertion,1469,33554432,1.00000000000000000,-0.000000000
4,6,4096,16777216,33554432,5,cycle,insertion,1470,33554432,1.00000000000000000,-0.000000000
4,6,4096,16777216,33554432,5,cycle,insertion,1471,33554432,1.00000000000000000,-0.000000000
4,6,4096,16777216,33554432,5,cycle,insertion,1472,33554432,1.00000000000000000,-0.000000000
4,6,4096,16777216,33554432,5,cycle,insertion,1473,33554432,1.00000000000000000,-0.000000000
4,6,4096,16777216,33554432,5,cycle,insertion,1474,33554432,1.00000000000000000,-0.000000000
4,6,4096,16777216,33554432,5,cycle,insertion,1475,33554432,1.00000000000000000,-0.000000000
4,6,4096,16777216,33554432,5,cycle,insertion,1476,33554432,1.00000000000000000,-0.000000000
4,6,4096,16777216,33554432,5,cycle,insertion,1477,33554432,1.00000000000000000,-0.000000000
4,6,4096,16777216,33554432,5,cycle,insertion,1478,33554432,1.00000000000000000,-0.000000000
4,6,4096,16777216,33554432,5,cycle,insertion,1479,33554432,1.00000000000000000,-0.000000000
4,6,4096,16777216,33554432,5,cycle,insertion,1480,33554432,1.00000000000000000,-0.000000000
4,6,4096,16777216,33554432,5,cycle,insertion,1481,33554432,1.00000000000000000,-0.000000000
4,6,4096,16777216,33554432,5,cycle,insertion,1482,33554432,1.00000000000000000,-0.000000000
4,6,4096,16777216,33554432,5,cycle,insertion,1483,33554432,1.00000000000000000,-0.000000000
4,6,4096,16777216,33554432,5,cycle,insertion,1484,33554432,1.00000000000000000,-0.000000000
4,6,4096,16777216,33554432,5,cycle,insertion,1485,33554432,1.00000000000000000,-0.000000000
4,6,4096,16777216,33554432,5,cycle,insertion,1486,33554432,1.00000000000000000,-0.000000000
4,6,4096,16777216,33554432,5,cycle,insertion,1487,33554432,1.00000000000000000,-0.000000000
4,6,4096,16777216,33554432,5,cycle,insertion,1488,33554432,1.00000000000000000,-0.000000000
4,6,4096,16777216,33554432,5,cycle,insertion,1489,33554432,1.00000000000000000,-0.000000000
4,6,4096,16777216,33554432,5,cycle,insertion,1490,33554432,1.00000000000000000,-0.000000000
4,6,4096,16777216,33554432,5,cycle,insertion,1491,33554432,1.00000000000000000,-0.000000000
4,6,4096,16777216,33554432,5,cycle,insertion,1492,33554432,1.00000000000000000,-0.000000000
4,6,4096,16777216,33554432,5,cycle,insertion,1493,33554432,1.00000000000000000,-0.000000000
4,6,4096,16777216,33554432,5,cycle,insertion,1494,33554432,1.00000000000000000,-0.000000000
4,6,4096,16777216,33554432,5,cycle,insertion,1495,33554432,1.00000000000000000,-0.000000000
4,6,4096,16777216,33554432,5,cycle,insertion,1496,33554432,1.00000000000000000,-0.000000000
4,6,4096,16777216,33554432,5,cycle,insertion,1497,33554432,1.00000000000000000,-0.000000000
4,6,4096,16777216,33554432,5,cycle,insertion,1498,33554432,1.00000000000000000,-0.000000000
4,6,4096,16777216,33554432,5,cycle,insertion,1499,33554432,1.00000000000000000,-0.000000000
4,6,4096,16777216,33554432,5,cycle,insertion,1500,33554432,1.00000000000000000,-0.000000000
4,6,4096,16777216,33554432,5,cycle,insertion,1501,33554432,1.00000000000000000,-0.000000000
4,6,4096,16777216,33554432,5,cycle,insertion,1502,33554432,1.00000000000000000,-0.000000000
4,6,4096,16777216,33554432,5,cycle,insertion,1503,33554432,1.00000000000000000,-0.000000000
4,6,4096,16777216,33554432,5,cycle,insertion,1504,33554432,1.00000000000000000,-0.000000000
4,6,4096,16777216,33554432,5,cycle,insertion,1505,33554432,1.00000000000000000,-0.000000000
4,6,4096,16777216,33554432,5,cycle,insertion,1506,33554432,1.00000000000000000,-0.000000000
4,6,4096,16777216,33554432,5,cycle,insertion,1507,33554432,1.00000000000000000,-0.000000000
4,6,4096,16777216,33554432,5,cycle,insertion,1508,33554432,1.00000000000000000,-0.000000000
4,6,4096,16777216,33554432,5,cycle,insertion,1509,33554432,1.00000000000000000,-0.000000000
4,6,4096,16777216,33554432,5,cycle,insertion,1510,33554432,1.00000000000000000,-0.000000000
4,6,4096,16777216,33554432,5,cycle,insertion,1511,33554432,1.00000000000000000,-0.000000000
4,6,4096,16777216,33554432,5,cycle,insertion,1512,33554432,1.00000000000000000,-0.000000000
4,6,4096,16777216,33554432,5,cycle,insertion,1513,33554432,1.00000000000000000,-0.000000000
4,6,4096,16777216,33554432,5,cycle,insertion,1514,33554432,1.00000000000000000,-0.000000000
4,6,4096,16777216,33554432,5,cycle,insertion,1515,33554432,1.00000000000000000,-0.000000000
4,6,4096,16777216,33554432,5,cycle,insertion,1516,33554432,1.00000000000000000,-0.000000000
4,6,4096,16777216,33554432,5,cycle,insertion,1517,33554432,1.00000000000000000,-0.000000000
4,6,4096,16777216,33554432,5,cycle,insertion,1518,33554432,1.00000000000000000,-0.000000000
4,6,4096,16777216,33554432,5,cycle,insertion,1519,33554432,1.00000000000000000,-0.000000000
4,6,4096,16777216,33554432,5,cycle,insertion,1520,33554432,1.00000000000000000,-0.000000000
4,6,4096,16777216,33554432,5,cycle,insertion,1521,33554432,1.00000000000000000,-0.000000000
4,6,4096,16777216,33554432,5,cycle,insertion,1522,33554432,1.00000000000000000,-0.000000000
4,6,4096,16777216,33554432,5,cycle,insertion,1523,33554432,1.00000000000000000,-0.000000000
4,6,4096,16777216,33554432,5,cycle,insertion,1524,33554432,1.00000000000000000,-0.000000000
4,6,4096,16777216,33554432,5,cycle,insertion,1525,33554432,1.00000000000000000,-0.000000000
4,6,4096,16777216,33554432,5,cycle,insertion,1526,33554432,1.00000000000000000,-0.000000000
4,6,4096,16777216,33554432,5,cycle,insertion,1527,33554432,1.00000000000000000,-0.000000000
4,6,4096,16777216,33554432,5,cycle,insertion,1528,33554432,1.00000000000000000,-0.000000000
4,6,4096,16777216,33554432,5,cycle,insertion,1529,33554432,1.00000000000000000,-0.000000000
4,6,4096,16777216,33554432,5,cycle,insertion,1530,33554432,1.00000000000000000,-0.000000000
4,6,4096,16777216,33554432,5,cycle,insertion,1531,33554432,1.00000000000000000,-0.000000000
4,6,4096,16777216,33554432,5,cycle,insertion,1532,33554432,1.00000000000000000,-0.000000000
4,6,4096,16777216,33554432,5,cycle,insertion,1533,33554432,1.00000000000000000,-0.000000000
4,6,4096,16777216,33554432,5,cycle,insertion,1534,33554432,1.00000000000000000,-0.000000000
4,6,4096,16777216,33554432,5,cycle,insertion,1535,33554432,1.00000000000000000,-0.000000000
4,6,4096,16777216,33554432,5,cycle,insertion,1536,33554432,1.00000000000000000,-0.000000000
4,6,4096,16777216,33554432,5,cycle,insertion,1537,33554432,1.00000000000000000,-0.000000000
4,6,4096,16777216,33554432,5,cycle,insertion,1538,33554432,1.00000000000000000,-0.000000000
4,6,4096,16777216,33554432,5,cycle,insertion,1539,33554432,1.00000000000000000,-0.000000000
4,6,4096,16777216,33554432,5,cycle,insertion,1540,33554432,1.00000000000000000,-0.000000000
4,6,4096,16777216,33554432,5,cycle,insertion,1541,33554432,1.00000000000000000,-0.000000000
4,6,4096,16777216,33554432,5,cycle,insertion,1542,33554432,1.00000000000000000,-0.000000000
4,6,4096,16777216,33554432,5,cycle,insertion,1543,33554432,1.00000000000000000,-0.000000000
4,6,4096,16777216,33554432,5,cycle,insertion,1544,33554432,1.00000000000000000,-0.000000000
4,6,4096,16777216,33554432,5,cycle,insertion,1545,33554432,1.00000000000000000,-0.000000000
4,6,4096,16777216,33554432,5,cycle,insertion,1546,33554432,1.00000000000000000,-0.000000000
4,6,4096,16777216,33554432,5,cycle,insertion,1547,33554432,1.00000000000000000,-0.000000000
4,6,4096,16777216,33554432,5,cycle,insertion,1548,33554432,1.00000000000000000,-0.000000000
4,6,4096,16777216,33554432,5,cycle,insertion,1549,33554432,1.00000000000000000,-0.000000000
4,6,4096,16777216,33554432,5,cycle,insertion,1550,33554432,1.00000000000000000,-0.000000000
4,6,4096,16777216,33554432,5,cycle,insertion,1551,33554432,1.00000000000000000,-0.000000000
4,6,4096,16777216,33554432,5,cycle,insertion,1552,33554432,1.00000000000000000,-0.000000000
4,6,4096,16777216,33554432,5,cycle,insertion,1553,33554432,1.00000000000000000,-0.000000000
4,6,4096,16777216,33554432,5,cycle,insertion,1554,33554432,1.00000000000000000,-0.000000000
4,6,4096,16777216,33554432,5,cycle,insertion,1555,33554432,1.00000000000000000,-0.000000000
4,6,4096,16777216,33554432,5,cycle,insertion,1556,33554432,1.00000000000000000,-0.000000000
4,6,4096,16777216,33554432,5,cycle,insertion,1557,33554432,1.00000000000000000,-0.000000000
4,6,4096,16777216,33554432,5,cycle,insertion,1558,33554432,1.00000000000000000,-0.000000000
4,6,4096,16777216,33554432,5,cycle,insertion,1559,33554432,1.00000000000000000,-0.000000000
4,6,4096,16777216,33554432,5,cycle,insertion,1560,33554432,1.00000000000000000,-0.000000000
4,6,4096,16777216,33554432,5,cycle,insertion,1561,33554432,1.00000000000000000,-0.000000000
4,6,4096,16777216,33554432,5,cycle,insertion,1562,33554432,1.00000000000000000,-0.000000000
4,6,4096,16777216,33554432,5,cycle,insertion,1563,33554432,1.00000000000000000,-0.000000000
4,6,4096,16777216,33554432,5,cycle,insertion,1564,33554432,1.00000000000000000,-0.000000000
4,6,4096,16777216,33554432,5,cycle,insertion,1565,33554432,1.00000000000000000,-0.000000000
4,6,4096,16777216,33554432,5,cycle,insertion,1566,33554432,1.00000000000000000,-0.000000000
4,6,4096,16777216,33554432,5,cycle,insertion,1567,33554432,1.00000000000000000,-0.000000000
4,6,4096,16777216,33554432,5,cycle,insertion,1568,33554432,1.00000000000000000,-0.000000000
4,6,4096,16777216,33554432,5,cycle,insertion,1569,33554432,1.00000000000000000,-0.000000000
4,6,4096,16777216,33554432,5,cycle,insertion,1570,33554432,1.00000000000000000,-0.000000000
4,6,4096,16777216,33554432,5,cycle,insertion,1571,33554432,1.00000000000000000,-0.000000000
4,6,4096,16777216,33554432,5,cycle,insertion,1572,33554432,1.00000000000000000,-0.000000000
4,6,4096,16777216,33554432,5,cycle,insertion,1573,33554432,1.00000000000000000,-0.000000000
4,6,4096,16777216,33554432,5,cycle,insertion,1574,33554432,1.00000000000000000,-0.000000000
4,6,4096,16777216,33554432,5,cycle,insertion,1575,33554432,1.00000000000000000,-0.000000000
4,6,4096,16777216,33554432,5,cycle,insertion,1576,33554432,1.00000000000000000,-0.000000000
4,6,4096,16777216,33554432,5,cycle,insertion,1577,33554432,1.00000000000000000,-0.000000000
4,6,4096,16777216,33554432,5,cycle,insertion,1578,33554432,1.00000000000000000,-0.000000000
4,6,4096,16777216,33554432,5,cycle,insertion,1579,33554432,1.00000000000000000,-0.000000000
4,6,4096,16777216,33554432,5,cycle,insertion,1580,33554432,1.00000000000000000,-0.000000000
4,6,4096,16777216,33554432,5,cycle,insertion,1581,33554432,1.00000000000000000,-0.000000000
4,6,4096,16777216,33554432,5,cycle,insertion,1582,33554432,1.00000000000000000,-0.000000000
4,6,4096,16777216,33554432,5,cycle,insertion,1583,33554432,1.00000000000000000,-0.000000000
4,6,4096,16777216,33554432,5,cycle,insertion,1584,33554432,1.00000000000000000,-0.000000000
4,6,4096,16777216,33554432,5,cycle,insertion,1585,33554432,1.00000000000000000,-0.000000000
4,6,4096,16777216,33554432,5,cycle,insertion,1586,33554432,1.00000000000000000,-0.000000000
4,6,4096,16777216,33554432,5,cycle,insertion,1587,33554432,1.00000000000000000,-0.000000000
4,6,4096,16777216,33554432,5,cycle,insertion,1588,33554432,1.00000000000000000,-0.000000000
4,6,4096,16777216,33554432,5,cycle,insertion,1589,33554432,1.00000000000000000,-0.000000000
4,6,4096,16777216,33554432,5,cycle,insertion,1590,33554432,1.00000000000000000,-0.000000000
4,6,4096,16777216,33554432,5,cycle,insertion,1591,33554432,1.00000000000000000,-0.000000000
4,6,4096,16777216,33554432,5,cycle,insertion,1592,33554432,1.00000000000000000,-0.000000000
4,6,4096,16777216,33554432,5,cycle,insertion,1593,33554432,1.00000000000000000,-0.000000000
4,6,4096,16777216,33554432,5,cycle,insertion,1594,33554432,1.00000000000000000,-0.000000000
4,6,4096,16777216,33554432,5,cycle,insertion,1595,33554432,1.00000000000000000,-0.000000000
4,6,4096,16777216,33554432,5,cycle,insertion,1596,33554432,1.00000000000000000,-0.000000000
4,6,4096,16777216,33554432,5,cycle,insertion,1597,33554432,1.00000000000000000,-0.000000000
4,6,4096,16777216,33554432,5,cycle,insertion,1598,33554432,1.00000000000000000,-0.000000000
4,6,4096,16777216,33554432,5,cycle,insertion,1599,33554432,1.00000000000000000,-0.000000000
4,6,4096,16777216,33554432,5,cycle,insertion,1600,33554432,1.00000000000000000,-0.000000000
4,6,4096,16777216,33554432,5,cycle,insertion,1601,33554432,1.00000000000000000,-0.000000000
4,6,4096,16777216,33554432,5,cycle,insertion,1602,33554432,1.00000000000000000,-0.000000000
4,6,4096,16777216,33554432,5,cycle,insertion,1603,33554432,1.00000000000000000,-0.000000000
4,6,4096,16777216,33554432,5,cycle,insertion,1604,33554432,1.00000000000000000,-0.000000000
4,6,4096,16777216,33554432,5,cycle,insertion,1605,33554432,1.00000000000000000,-0.000000000
4,6,4096,16777216,33554432,5,cycle,insertion,1606,33554432,1.00000000000000000,-0.000000000
4,6,4096,16777216,33554432,5,cycle,insertion,1607,33554432,1.00000000000000000,-0.000000000
4,6,4096,16777216,33554432,5,cycle,insertion,1608,33554432,1.00000000000000000,-0.000000000
4,6,4096,16777216,33554432,5,cycle,insertion,1609,33554432,1.00000000000000000,-0.000000000
4,6,4096,16777216,33554432,5,cycle,insertion,1610,33554432,1.00000000000000000,-0.000000000
4,6,4096,16777216,33554432,5,cycle,insertion,1611,33554432,1.00000000000000000,-0.000000000
4,6,4096,16777216,33554432,5,cycle,insertion,1612,33554432,1.00000000000000000,-0.000000000
4,6,4096,16777216,33554432,5,cycle,insertion,1613,33554432,1.00000000000000000,-0.000000000
4,6,4096,16777216,33554432,5,cycle,insertion,1614,33554432,1.00000000000000000,-0.000000000
4,6,4096,16777216,33554432,5,cycle,insertion,1615,33554432,1.00000000000000000,-0.000000000
4,6,4096,16777216,33554432,5,cycle,insertion,1616,33554432,1.00000000000000000,-0.000000000
4,6,4096,16777216,33554432,5,cycle,insertion,1617,33554432,1.00000000000000000,-0.000000000
4,6,4096,16777216,33554432,5,cycle,insertion,1618,33554432,1.00000000000000000,-0.000000000
4,6,4096,16777216,33554432,5,cycle,insertion,1619,33554432,1.00000000000000000,-0.000000000
4,6,4096,16777216,33554432,5,cycle,insertion,1620,33554432,1.00000000000000000,-0.000000000
4,6,4096,16777216,33554432,5,cycle,insertion,1621,33554432,1.00000000000000000,-0.000000000
4,6,4096,16777216,33554432,5,cycle,insertion,1622,33554432,1.00000000000000000,-0.000000000
4,6,4096,16777216,33554432,5,cycle,insertion,1623,33554432,1.00000000000000000,-0.000000000
4,6,4096,16777216,33554432,5,cycle,insertion,1624,33554432,1.00000000000000000,-0.000000000
4,6,4096,16777216,33554432,5,cycle,insertion,1625,33554432,1.00000000000000000,-0.000000000
4,6,4096,16777216,33554432,5,cycle,insertion,1626,33554432,1.00000000000000000,-0.000000000
4,6,4096,16777216,33554432,5,cycle,insertion,1627,33554432,1.00000000000000000,-0.000000000
4,6,4096,16777216,33554432,5,cycle,insertion,1628,33554432,1.00000000000000000,-0.000000000
4,6,4096,16777216,33554432,5,cycle,insertion,1629,33554432,1.00000000000000000,-0.000000000
4,6,4096,16777216,33554432,5,cycle,insertion,1630,33554432,1.00000000000000000,-0.000000000
4,6,4096,16777216,33554432,5,cycle,insertion,1631,33554432,1.00000000000000000,-0.000000000
4,6,4096,16777216,33554432,5,cycle,insertion,1632,33554432,1.00000000000000000,-0.000000000
4,6,4096,16777216,33554432,5,cycle,insertion,1633,33554432,1.00000000000000000,-0.000000000
4,6,4096,16777216,33554432,5,cycle,insertion,1634,33554432,1.00000000000000000,-0.000000000
4,6,4096,16777216,33554432,5,cycle,insertion,1635,33554432,1.00000000000000000,-0.000000000
4,6,4096,16777216,33554432,5,cycle,insertion,1636,33554432,1.00000000000000000,-0.000000000
4,6,4096,16777216,33554432,5,cycle,insertion,1637,33554432,1.00000000000000000,-0.000000000
4,6,4096,16777216,33554432,5,cycle,insertion,1638,33554432,1.00000000000000000,-0.000000000
4,6,4096,16777216,33554432,5,cycle,insertion,1639,33554432,1.00000000000000000,-0.000000000
4,6,4096,16777216,33554432,5,cycle,insertion,1640,33554432,1.00000000000000000,-0.000000000
4,6,4096,16777216,33554432,5,cycle,insertion,1641,33554432,1.00000000000000000,-0.000000000
4,6,4096,16777216,33554432,5,cycle,insertion,1642,33554432,1.00000000000000000,-0.000000000
4,6,4096,16777216,33554432,5,cycle,insertion,1643,33554432,1.00000000000000000,-0.000000000
4,6,4096,16777216,33554432,5,cycle,insertion,1644,33554432,1.00000000000000000,-0.000000000
4,6,4096,16777216,33554432,5,cycle,insertion,1645,33554432,1.00000000000000000,-0.000000000
4,6,4096,16777216,33554432,5,cycle,insertion,1646,33554432,1.00000000000000000,-0.000000000
4,6,4096,16777216,33554432,5,cycle,insertion,1647,33554432,1.00000000000000000,-0.000000000
4,6,4096,16777216,33554432,5,cycle,insertion,1648,33554432,1.00000000000000000,-0.000000000
4,6,4096,16777216,33554432,5,cycle,insertion,1649,33554432,1.00000000000000000,-0.000000000
4,6,4096,16777216,33554432,5,cycle,insertion,1650,33554432,1.00000000000000000,-0.000000000
4,6,4096,16777216,33554432,5,cycle,insertion,1651,33554432,1.00000000000000000,-0.000000000
4,6,4096,16777216,33554432,5,cycle,insertion,1652,33554432,1.00000000000000000,-0.000000000
4,6,4096,16777216,33554432,5,cycle,insertion,1653,33554432,1.00000000000000000,-0.000000000
4,6,4096,16777216,33554432,5,cycle,insertion,1654,33554432,1.00000000000000000,-0.000000000
4,6,4096,16777216,33554432,5,cycle,insertion,1655,33554432,1.00000000000000000,-0.000000000
4,6,4096,16777216,33554432,5,cycle,insertion,1656,33554432,1.00000000000000000,-0.000000000
4,6,4096,16777216,33554432,5,cycle,insertion,1657,33554432,1.00000000000000000,-0.000000000
4,6,4096,16777216,33554432,5,cycle,insertion,1658,33554432,1.00000000000000000,-0.000000000
4,6,4096,16777216,33554432,5,cycle,insertion,1659,33554432,1.00000000000000000,-0.000000000
4,6,4096,16777216,33554432,5,cycle,insertion,1660,33554432,1.00000000000000000,-0.000000000
4,6,4096,16777216,33554432,5,cycle,insertion,1661,33554432,1.00000000000000000,-0.000000000
4,6,4096,16777216,33554432,5,cycle,insertion,1662,33554432,1.00000000000000000,-0.000000000
4,6,4096,16777216,33554432,5,cycle,insertion,1663,33554432,1.00000000000000000,-0.000000000
4,6,4096,16777216,33554432,5,cycle,insertion,1664,33554432,1.00000000000000000,-0.000000000
4,6,4096,16777216,33554432,5,cycle,insertion,1665,33554432,1.00000000000000000,-0.000000000
4,6,4096,16777216,33554432,5,cycle,insertion,1666,33554432,1.00000000000000000,-0.000000000
4,6,4096,16777216,33554432,5,cycle,insertion,1667,33554432,1.00000000000000000,-0.000000000
4,6,4096,16777216,33554432,5,cycle,insertion,1668,33554432,1.00000000000000000,-0.000000000
4,6,4096,16777216,33554432,5,cycle,insertion,1669,33554432,1.00000000000000000,-0.000000000
4,6,4096,16777216,33554432,5,cycle,insertion,1670,33554432,1.00000000000000000,-0.000000000
4,6,4096,16777216,33554432,5,cycle,insertion,1671,33554432,1.00000000000000000,-0.000000000
4,6,4096,16777216,33554432,5,cycle,insertion,1672,33554432,1.00000000000000000,-0.000000000
4,6,4096,16777216,33554432,5,cycle,insertion,1673,33554432,1.00000000000000000,-0.000000000
4,6,4096,16777216,33554432,5,cycle,insertion,1674,33554432,1.00000000000000000,-0.000000000
4,6,4096,16777216,33554432,5,cycle,insertion,1675,33554432,1.00000000000000000,-0.000000000
4,6,4096,16777216,33554432,5,cycle,insertion,1676,33554432,1.00000000000000000,-0.000000000
4,6,4096,16777216,33554432,5,cycle,insertion,1677,33554432,1.00000000000000000,-0.000000000
4,6,4096,16777216,33554432,5,cycle,insertion,1678,33554432,1.00000000000000000,-0.000000000
4,6,4096,16777216,33554432,5,cycle,insertion,1679,33554432,1.00000000000000000,-0.000000000
4,6,4096,16777216,33554432,5,cycle,insertion,1680,33554432,1.00000000000000000,-0.000000000
4,6,4096,16777216,33554432,5,cycle,insertion,1681,33554432,1.00000000000000000,-0.000000000
4,6,4096,16777216,33554432,5,cycle,insertion,1682,33554432,1.00000000000000000,-0.000000000
4,6,4096,16777216,33554432,5,cycle,insertion,1683,33554432,1.00000000000000000,-0.000000000
4,6,4096,16777216,33554432,5,cycle,insertion,1684,33554432,1.00000000000000000,-0.000000000
4,6,4096,16777216,33554432,5,cycle,insertion,1685,33554432,1.00000000000000000,-0.000000000
4,6,4096,16777216,33554432,5,cycle,insertion,1686,33554432,1.00000000000000000,-0.000000000
4,6,4096,16777216,33554432,5,cycle,insertion,1687,33554432,1.00000000000000000,-0.000000000
4,6,4096,16777216,33554432,5,cycle,insertion,1688,33554432,1.00000000000000000,-0.000000000
4,6,4096,16777216,33554432,5,cycle,insertion,1689,33554432,1.00000000000000000,-0.000000000
4,6,4096,16777216,33554432,5,cycle,insertion,1690,33554432,1.00000000000000000,-0.000000000
4,6,4096,16777216,33554432,5,cycle,insertion,1691,33554432,1.00000000000000000,-0.000000000
4,6,4096,16777216,33554432,5,cycle,insertion,1692,33554432,1.00000000000000000,-0.000000000
4,6,4096,16777216,33554432,5,cycle,insertion,1693,33554432,1.00000000000000000,-0.000000000
4,6,4096,16777216,33554432,5,cycle,insertion,1694,33554432,1.00000000000000000,-0.000000000
4,6,4096,16777216,33554432,5,cycle,insertion,1695,33554432,1.00000000000000000,-0.000000000
4,6,4096,16777216,33554432,5,cycle,insertion,1696,33554432,1.00000000000000000,-0.000000000
4,6,4096,16777216,33554432,5,cycle,insertion,1697,33554432,1.00000000000000000,-0.000000000
4,6,4096,16777216,33554432,5,cycle,insertion,1698,33554432,1.00000000000000000,-0.000000000
4,6,4096,16777216,33554432,5,cycle,insertion,1699,33554432,1.00000000000000000,-0.000000000
4,6,4096,16777216,33554432,5,cycle,insertion,1700,33554432,1.00000000000000000,-0.000000000
4,6,4096,16777216,33554432,5,cycle,insertion,1701,33554432,1.00000000000000000,-0.000000000
4,6,4096,16777216,33554432,5,cycle,insertion,1702,33554432,1.00000000000000000,-0.000000000
4,6,4096,16777216,33554432,5,cycle,insertion,1703,33554432,1.00000000000000000,-0.000000000
4,6,4096,16777216,33554432,5,cycle,insertion,1704,33554432,1.00000000000000000,-0.000000000
4,6,4096,16777216,33554432,5,cycle,insertion,1705,33554432,1.00000000000000000,-0.000000000
4,6,4096,16777216,33554432,5,cycle,insertion,1706,33554432,1.00000000000000000,-0.000000000
4,6,4096,16777216,33554432,5,cycle,insertion,1707,33554432,1.00000000000000000,-0.000000000
4,6,4096,16777216,33554432,5,cycle,insertion,1708,33554432,1.00000000000000000,-0.000000000
4,6,4096,16777216,33554432,5,cycle,insertion,1709,33554432,1.00000000000000000,-0.000000000
4,6,4096,16777216,33554432,5,cycle,insertion,1710,33554432,1.00000000000000000,-0.000000000
4,6,4096,16777216,33554432,5,cycle,insertion,1711,33554432,1.00000000000000000,-0.000000000
4,6,4096,16777216,33554432,5,cycle,insertion,1712,33554432,1.00000000000000000,-0.000000000
4,6,4096,16777216,33554432,5,cycle,insertion,1713,33554432,1.00000000000000000,-0.000000000
4,6,4096,16777216,33554432,5,cycle,insertion,1714,33554432,1.00000000000000000,-0.000000000
4,6,4096,16777216,33554432,5,cycle,insertion,1715,33554432,1.00000000000000000,-0.000000000
4,6,4096,16777216,33554432,5,cycle,insertion,1716,33554432,1.00000000000000000,-0.000000000
4,6,4096,16777216,33554432,5,cycle,insertion,1717,33554432,1.00000000000000000,-0.000000000
4,6,4096,16777216,33554432,5,cycle,insertion,1718,33554432,1.00000000000000000,-0.000000000
4,6,4096,16777216,33554432,5,cycle,insertion,1719,33554432,1.00000000000000000,-0.000000000
4,6,4096,16777216,33554432,5,cycle,insertion,1720,33554432,1.00000000000000000,-0.000000000
4,6,4096,16777216,33554432,5,cycle,insertion,1721,33554432,1.00000000000000000,-0.000000000
4,6,4096,16777216,33554432,5,cycle,insertion,1722,33554432,1.00000000000000000,-0.000000000
4,6,4096,16777216,33554432,5,cycle,insertion,1723,33554432,1.00000000000000000,-0.000000000
4,6,4096,16777216,33554432,5,cycle,insertion,1724,33554432,1.00000000000000000,-0.000000000
4,6,4096,16777216,33554432,5,cycle,insertion,1725,33554432,1.00000000000000000,-0.000000000
4,6,4096,16777216,33554432,5,cycle,insertion,1726,33554432,1.00000000000000000,-0.000000000
4,6,4096,16777216,33554432,5,cycle,insertion,1727,33554432,1.00000000000000000,-0.000000000
4,6,4096,16777216,33554432,5,cycle,insertion,1728,33554432,1.00000000000000000,-0.000000000
4,6,4096,16777216,33554432,5,cycle,insertion,1729,33554432,1.00000000000000000,-0.000000000
4,6,4096,16777216,33554432,5,cycle,insertion,1730,33554432,1.00000000000000000,-0.000000000
4,6,4096,16777216,33554432,5,cycle,insertion,1731,33554432,1.00000000000000000,-0.000000000
4,6,4096,16777216,33554432,5,cycle,insertion,1732,33554432,1.00000000000000000,-0.000000000
4,6,4096,16777216,33554432,5,cycle,insertion,1733,33554432,1.00000000000000000,-0.000000000
4,6,4096,16777216,33554432,5,cycle,insertion,1734,33554432,1.00000000000000000,-0.000000000
4,6,4096,16777216,33554432,5,cycle,insertion,1735,33554432,1.00000000000000000,-0.000000000
4,6,4096,16777216,33554432,5,cycle,insertion,1736,33554432,1.00000000000000000,-0.000000000
4,6,4096,16777216,33554432,5,cycle,insertion,1737,33554432,1.00000000000000000,-0.000000000
4,6,4096,16777216,33554432,5,cycle,insertion,1738,33554432,1.00000000000000000,-0.000000000
4,6,4096,16777216,33554432,5,cycle,insertion,1739,33554432,1.00000000000000000,-0.000000000
4,6,4096,16777216,33554432,5,cycle,insertion,1740,33554432,1.00000000000000000,-0.000000000
4,6,4096,16777216,33554432,5,cycle,insertion,1741,33554432,1.00000000000000000,-0.000000000
4,6,4096,16777216,33554432,5,cycle,insertion,1742,33554432,1.00000000000000000,-0.000000000
4,6,4096,16777216,33554432,5,cycle,insertion,1743,33554432,1.00000000000000000,-0.000000000
4,6,4096,16777216,33554432,5,cycle,insertion,1744,33554432,1.00000000000000000,-0.000000000
4,6,4096,16777216,33554432,5,cycle,insertion,1745,33554432,1.00000000000000000,-0.000000000
4,6,4096,16777216,33554432,5,cycle,insertion,1746,33554432,1.00000000000000000,-0.000000000
4,6,4096,16777216,33554432,5,cycle,insertion,1747,33554432,1.00000000000000000,-0.000000000
4,6,4096,16777216,33554432,5,cycle,insertion,1748,33554432,1.00000000000000000,-0.000000000
4,6,4096,16777216,33554432,5,cycle,insertion,1749,33554432,1.00000000000000000,-0.000000000
4,6,4096,16777216,33554432,5,cycle,insertion,1750,33554432,1.00000000000000000,-0.000000000
4,6,4096,16777216,33554432,5,cycle,insertion,1751,33554432,1.00000000000000000,-0.000000000
4,6,4096,16777216,33554432,5,cycle,insertion,1752,33554432,1.00000000000000000,-0.000000000
4,6,4096,16777216,33554432,5,cycle,insertion,1753,33554432,1.00000000000000000,-0.000000000
4,6,4096,16777216,33554432,5,cycle,insertion,1754,33554432,1.00000000000000000,-0.000000000
4,6,4096,16777216,33554432,5,cycle,insertion,1755,33554432,1.00000000000000000,-0.000000000
4,6,4096,16777216,33554432,5,cycle,insertion,1756,33554432,1.00000000000000000,-0.000000000
4,6,4096,16777216,33554432,5,cycle,insertion,1757,33554432,1.00000000000000000,-0.000000000
4,6,4096,16777216,33554432,5,cycle,insertion,1758,33554432,1.00000000000000000,-0.000000000
4,6,4096,16777216,33554432,5,cycle,insertion,1759,33554432,1.00000000000000000,-0.000000000
4,6,4096,16777216,33554432,5,cycle,insertion,1760,33554432,1.00000000000000000,-0.000000000
4,6,4096,16777216,33554432,5,cycle,insertion,1761,33554432,1.00000000000000000,-0.000000000
4,6,4096,16777216,33554432,5,cycle,insertion,1762,33554432,1.00000000000000000,-0.000000000
4,6,4096,16777216,33554432,5,cycle,insertion,1763,33554432,1.00000000000000000,-0.000000000
4,6,4096,16777216,33554432,5,cycle,insertion,1764,33554432,1.00000000000000000,-0.000000000
4,6,4096,16777216,33554432,5,cycle,insertion,1765,33554432,1.00000000000000000,-0.000000000
4,6,4096,16777216,33554432,5,cycle,insertion,1766,33554432,1.00000000000000000,-0.000000000
4,6,4096,16777216,33554432,5,cycle,insertion,1767,33554432,1.00000000000000000,-0.000000000
4,6,4096,16777216,33554432,5,cycle,insertion,1768,33554432,1.00000000000000000,-0.000000000
4,6,4096,16777216,33554432,5,cycle,insertion,1769,33554432,1.00000000000000000,-0.000000000
4,6,4096,16777216,33554432,5,cycle,insertion,1770,33554432,1.00000000000000000,-0.000000000
4,6,4096,16777216,33554432,5,cycle,insertion,1771,33554432,1.00000000000000000,-0.000000000
4,6,4096,16777216,33554432,5,cycle,insertion,1772,33554432,1.00000000000000000,-0.000000000
4,6,4096,16777216,33554432,5,cycle,insertion,1773,33554432,1.00000000000000000,-0.000000000
4,6,4096,16777216,33554432,5,cycle,insertion,1774,33554432,1.00000000000000000,-0.000000000
4,6,4096,16777216,33554432,5,cycle,insertion,1775,33554432,1.00000000000000000,-0.000000000
4,6,4096,16777216,33554432,5,cycle,insertion,1776,33554432,1.00000000000000000,-0.000000000
4,6,4096,16777216,33554432,5,cycle,insertion,1777,33554432,1.00000000000000000,-0.000000000
4,6,4096,16777216,33554432,5,cycle,insertion,1778,33554432,1.00000000000000000,-0.000000000
4,6,4096,16777216,33554432,5,cycle,insertion,1779,33554432,1.00000000000000000,-0.000000000
4,6,4096,16777216,33554432,5,cycle,insertion,1780,33554432,1.00000000000000000,-0.000000000
4,6,4096,16777216,33554432,5,cycle,insertion,1781,33554432,1.00000000000000000,-0.000000000
4,6,4096,16777216,33554432,5,cycle,insertion,1782,33554432,1.00000000000000000,-0.000000000
4,6,4096,16777216,33554432,5,cycle,insertion,1783,33554432,1.00000000000000000,-0.000000000
4,6,4096,16777216,33554432,5,cycle,insertion,1784,33554432,1.00000000000000000,-0.000000000
4,6,4096,16777216,33554432,5,cycle,insertion,1785,33554432,1.00000000000000000,-0.000000000
4,6,4096,16777216,33554432,5,cycle,insertion,1786,33554432,1.00000000000000000,-0.000000000
4,6,4096,16777216,33554432,5,cycle,insertion,1787,33554432,1.00000000000000000,-0.000000000
4,6,4096,16777216,33554432,5,cycle,insertion,1788,33554432,1.00000000000000000,-0.000000000
4,6,4096,16777216,33554432,5,cycle,insertion,1789,33554432,1.00000000000000000,-0.000000000
4,6,4096,16777216,33554432,5,cycle,insertion,1790,33554432,1.00000000000000000,-0.000000000
4,6,4096,16777216,33554432,5,cycle,insertion,1791,33554432,1.00000000000000000,-0.000000000
4,6,4096,16777216,33554432,5,cycle,insertion,1792,33554432,1.00000000000000000,-0.000000000
4,6,4096,16777216,33554432,5,cycle,insertion,1793,33554432,1.00000000000000000,-0.000000000
4,6,4096,16777216,33554432,5,cycle,insertion,1794,33554432,1.00000000000000000,-0.000000000
4,6,4096,16777216,33554432,5,cycle,insertion,1795,33554432,1.00000000000000000,-0.000000000
4,6,4096,16777216,33554432,5,cycle,insertion,1796,33554432,1.00000000000000000,-0.000000000
4,6,4096,16777216,33554432,5,cycle,insertion,1797,33554432,1.00000000000000000,-0.000000000
4,6,4096,16777216,33554432,5,cycle,insertion,1798,33554432,1.00000000000000000,-0.000000000
4,6,4096,16777216,33554432,5,cycle,insertion,1799,33554432,1.00000000000000000,-0.000000000
4,6,4096,16777216,33554432,5,cycle,insertion,1800,33554432,1.00000000000000000,-0.000000000
4,6,4096,16777216,33554432,5,cycle,insertion,1801,33554432,1.00000000000000000,-0.000000000
4,6,4096,16777216,33554432,5,cycle,insertion,1802,33554432,1.00000000000000000,-0.000000000
4,6,4096,16777216,33554432,5,cycle,insertion,1803,33554432,1.00000000000000000,-0.000000000
4,6,4096,16777216,33554432,5,cycle,insertion,1804,33554432,1.00000000000000000,-0.000000000
4,6,4096,16777216,33554432,5,cycle,insertion,1805,33554432,1.00000000000000000,-0.000000000
4,6,4096,16777216,33554432,5,cycle,insertion,1806,33554432,1.00000000000000000,-0.000000000
4,6,4096,16777216,33554432,5,cycle,insertion,1807,33554432,1.00000000000000000,-0.000000000
4,6,4096,16777216,33554432,5,cycle,insertion,1808,33554432,1.00000000000000000,-0.000000000
4,6,4096,16777216,33554432,5,cycle,insertion,1809,33554432,1.00000000000000000,-0.000000000
4,6,4096,16777216,33554432,5,cycle,insertion,1810,33554432,1.00000000000000000,-0.000000000
4,6,4096,16777216,33554432,5,cycle,insertion,1811,33554432,1.00000000000000000,-0.000000000
4,6,4096,16777216,33554432,5,cycle,insertion,1812,33554432,1.00000000000000000,-0.000000000
4,6,4096,16777216,33554432,5,cycle,insertion,1813,33554432,1.00000000000000000,-0.000000000
4,6,4096,16777216,33554432,5,cycle,insertion,1814,33554432,1.00000000000000000,-0.000000000
4,6,4096,16777216,33554432,5,cycle,insertion,1815,33554432,1.00000000000000000,-0.000000000
4,6,4096,16777216,33554432,5,cycle,insertion,1816,33554432,1.00000000000000000,-0.000000000
4,6,4096,16777216,33554432,5,cycle,insertion,1817,33554432,1.00000000000000000,-0.000000000
4,6,4096,16777216,33554432,5,cycle,insertion,1818,33554432,1.00000000000000000,-0.000000000
4,6,4096,16777216,33554432,5,cycle,insertion,1819,33554432,1.00000000000000000,-0.000000000
4,6,4096,16777216,33554432,5,cycle,insertion,1820,33554432,1.00000000000000000,-0.000000000
4,6,4096,16777216,33554432,5,cycle,insertion,1821,33554432,1.00000000000000000,-0.000000000
4,6,4096,16777216,33554432,5,cycle,insertion,1822,33554432,1.00000000000000000,-0.000000000
4,6,4096,16777216,33554432,5,cycle,insertion,1823,33554432,1.00000000000000000,-0.000000000
4,6,4096,16777216,33554432,5,cycle,insertion,1824,33554432,1.00000000000000000,-0.000000000
4,6,4096,16777216,33554432,5,cycle,insertion,1825,33554432,1.00000000000000000,-0.000000000
4,6,4096,16777216,33554432,5,cycle,insertion,1826,33554432,1.00000000000000000,-0.000000000
4,6,4096,16777216,33554432,5,cycle,insertion,1827,33554432,1.00000000000000000,-0.000000000
4,6,4096,16777216,33554432,5,cycle,insertion,1828,33554432,1.00000000000000000,-0.000000000
4,6,4096,16777216,33554432,5,cycle,insertion,1829,33554432,1.00000000000000000,-0.000000000
4,6,4096,16777216,33554432,5,cycle,insertion,1830,33554432,1.00000000000000000,-0.000000000
4,6,4096,16777216,33554432,5,cycle,insertion,1831,33554432,1.00000000000000000,-0.000000000
4,6,4096,16777216,33554432,5,cycle,insertion,1832,33554432,1.00000000000000000,-0.000000000
4,6,4096,16777216,33554432,5,cycle,insertion,1833,33554432,1.00000000000000000,-0.000000000
4,6,4096,16777216,33554432,5,cycle,insertion,1834,33554432,1.00000000000000000,-0.000000000
4,6,4096,16777216,33554432,5,cycle,insertion,1835,33554432,1.00000000000000000,-0.000000000
4,6,4096,16777216,33554432,5,cycle,insertion,1836,33554432,1.00000000000000000,-0.000000000
4,6,4096,16777216,33554432,5,cycle,insertion,1837,33554432,1.00000000000000000,-0.000000000
4,6,4096,16777216,33554432,5,cycle,insertion,1838,33554432,1.00000000000000000,-0.000000000
4,6,4096,16777216,33554432,5,cycle,insertion,1839,33554432,1.00000000000000000,-0.000000000
4,6,4096,16777216,33554432,5,cycle,insertion,1840,33554432,1.00000000000000000,-0.000000000
4,6,4096,16777216,33554432,5,cycle,insertion,1841,33554432,1.00000000000000000,-0.000000000
4,6,4096,16777216,33554432,5,cycle,insertion,1842,33554432,1.00000000000000000,-0.000000000
4,6,4096,16777216,33554432,5,cycle,insertion,1843,33554432,1.00000000000000000,-0.000000000
4,6,4096,16777216,33554432,5,cycle,insertion,1844,33554432,1.00000000000000000,-0.000000000
4,6,4096,16777216,33554432,5,cycle,insertion,1845,33554432,1.00000000000000000,-0.000000000
4,6,4096,16777216,33554432,5,cycle,insertion,1846,33554432,1.00000000000000000,-0.000000000
4,6,4096,16777216,33554432,5,cycle,insertion,1847,33554432,1.00000000000000000,-0.000000000
4,6,4096,16777216,33554432,5,cycle,insertion,1848,33554432,1.00000000000000000,-0.000000000
4,6,4096,16777216,33554432,5,cycle,insertion,1849,33554432,1.00000000000000000,-0.000000000
4,6,4096,16777216,33554432,5,cycle,insertion,1850,33554432,1.00000000000000000,-0.000000000
4,6,4096,16777216,33554432,5,cycle,insertion,1851,33554432,1.00000000000000000,-0.000000000
4,6,4096,16777216,33554432,5,cycle,insertion,1852,33554432,1.00000000000000000,-0.000000000
4,6,4096,16777216,33554432,5,cycle,insertion,1853,33554432,1.00000000000000000,-0.000000000
4,6,4096,16777216,33554432,5,cycle,insertion,1854,33554432,1.00000000000000000,-0.000000000
4,6,4096,16777216,33554432,5,cycle,insertion,1855,33554432,1.00000000000000000,-0.000000000
4,6,4096,16777216,33554432,5,cycle,insertion,1856,33554432,1.00000000000000000,-0.000000000
4,6,4096,16777216,33554432,5,cycle,insertion,1857,33554432,1.00000000000000000,-0.000000000
4,6,4096,16777216,33554432,5,cycle,insertion,1858,33554432,1.00000000000000000,-0.000000000
4,6,4096,16777216,33554432,5,cycle,insertion,1859,33554432,1.00000000000000000,-0.000000000
4,6,4096,16777216,33554432,5,cycle,insertion,1860,33554432,1.00000000000000000,-0.000000000
4,6,4096,16777216,33554432,5,cycle,insertion,1861,33554432,1.00000000000000000,-0.000000000
4,6,4096,16777216,33554432,5,cycle,insertion,1862,33554432,1.00000000000000000,-0.000000000
4,6,4096,16777216,33554432,5,cycle,insertion,1863,33554432,1.00000000000000000,-0.000000000
4,6,4096,16777216,33554432,5,cycle,insertion,1864,33554432,1.00000000000000000,-0.000000000
4,6,4096,16777216,33554432,5,cycle,insertion,1865,33554432,1.00000000000000000,-0.000000000
4,6,4096,16777216,33554432,5,cycle,insertion,1866,33554432,1.00000000000000000,-0.000000000
4,6,4096,16777216,33554432,5,cycle,insertion,1867,33554432,1.00000000000000000,-0.000000000
4,6,4096,16777216,33554432,5,cycle,insertion,1868,33554432,1.00000000000000000,-0.000000000
4,6,4096,16777216,33554432,5,cycle,insertion,1869,33554432,1.00000000000000000,-0.000000000
4,6,4096,16777216,33554432,5,cycle,insertion,1870,33554432,1.00000000000000000,-0.000000000
4,6,4096,16777216,33554432,5,cycle,insertion,1871,33554432,1.00000000000000000,-0.000000000
4,6,4096,16777216,33554432,5,cycle,insertion,1872,33554432,1.00000000000000000,-0.000000000
4,6,4096,16777216,33554432,5,cycle,insertion,1873,33554432,1.00000000000000000,-0.000000000
4,6,4096,16777216,33554432,5,cycle,insertion,1874,33554432,1.00000000000000000,-0.000000000
4,6,4096,16777216,33554432,5,cycle,insertion,1875,33554432,1.00000000000000000,-0.000000000
4,6,4096,16777216,33554432,5,cycle,insertion,1876,33554432,1.00000000000000000,-0.000000000
4,6,4096,16777216,33554432,5,cycle,insertion,1877,33554432,1.00000000000000000,-0.000000000
4,6,4096,16777216,33554432,5,cycle,insertion,1878,33554432,1.00000000000000000,-0.000000000
4,6,4096,16777216,33554432,5,cycle,insertion,1879,33554432,1.00000000000000000,-0.000000000
4,6,4096,16777216,33554432,5,cycle,insertion,1880,33554432,1.00000000000000000,-0.000000000
4,6,4096,16777216,33554432,5,cycle,insertion,1881,33554432,1.00000000000000000,-0.000000000
4,6,4096,16777216,33554432,5,cycle,insertion,1882,33554432,1.00000000000000000,-0.000000000
4,6,4096,16777216,33554432,5,cycle,insertion,1883,33554432,1.00000000000000000,-0.000000000
4,6,4096,16777216,33554432,5,cycle,insertion,1884,33554432,1.00000000000000000,-0.000000000
4,6,4096,16777216,33554432,5,cycle,insertion,1885,33554432,1.00000000000000000,-0.000000000
4,6,4096,16777216,33554432,5,cycle,insertion,1886,33554432,1.00000000000000000,-0.000000000
4,6,4096,16777216,33554432,5,cycle,insertion,1887,33554432,1.00000000000000000,-0.000000000
4,6,4096,16777216,33554432,5,cycle,insertion,1888,33554432,1.00000000000000000,-0.000000000
4,6,4096,16777216,33554432,5,cycle,insertion,1889,33554432,1.00000000000000000,-0.000000000
4,6,4096,16777216,33554432,5,cycle,insertion,1890,33554432,1.00000000000000000,-0.000000000
4,6,4096,16777216,33554432,5,cycle,insertion,1891,33554432,1.00000000000000000,-0.000000000
4,6,4096,16777216,33554432,5,cycle,insertion,1892,33554432,1.00000000000000000,-0.000000000
4,6,4096,16777216,33554432,5,cycle,insertion,1893,33554432,1.00000000000000000,-0.000000000
4,6,4096,16777216,33554432,5,cycle,insertion,1894,33554432,1.00000000000000000,-0.000000000
4,6,4096,16777216,33554432,5,cycle,insertion,1895,33554432,1.00000000000000000,-0.000000000
4,6,4096,16777216,33554432,5,cycle,insertion,1896,33554432,1.00000000000000000,-0.000000000
4,6,4096,16777216,33554432,5,cycle,insertion,1897,33554432,1.00000000000000000,-0.000000000
4,6,4096,16777216,33554432,5,cycle,insertion,1898,33554432,1.00000000000000000,-0.000000000
4,6,4096,16777216,33554432,5,cycle,insertion,1899,33554432,1.00000000000000000,-0.000000000
4,6,4096,16777216,33554432,5,cycle,insertion,1900,33554432,1.00000000000000000,-0.000000000
4,6,4096,16777216,33554432,5,cycle,insertion,1901,33554432,1.00000000000000000,-0.000000000
4,6,4096,16777216,33554432,5,cycle,insertion,1902,33554432,1.00000000000000000,-0.000000000
4,6,4096,16777216,33554432,5,cycle,insertion,1903,33554432,1.00000000000000000,-0.000000000
4,6,4096,16777216,33554432,5,cycle,insertion,1904,33554432,1.00000000000000000,-0.000000000
4,6,4096,16777216,33554432,5,cycle,insertion,1905,33554432,1.00000000000000000,-0.000000000
4,6,4096,16777216,33554432,5,cycle,insertion,1906,33554432,1.00000000000000000,-0.000000000
4,6,4096,16777216,33554432,5,cycle,insertion,1907,33554432,1.00000000000000000,-0.000000000
4,6,4096,16777216,33554432,5,cycle,insertion,1908,33554432,1.00000000000000000,-0.000000000
4,6,4096,16777216,33554432,5,cycle,insertion,1909,33554432,1.00000000000000000,-0.000000000
4,6,4096,16777216,33554432,5,cycle,insertion,1910,33554432,1.00000000000000000,-0.000000000
4,6,4096,16777216,33554432,5,cycle,insertion,1911,33554432,1.00000000000000000,-0.000000000
4,6,4096,16777216,33554432,5,cycle,insertion,1912,33554432,1.00000000000000000,-0.000000000
4,6,4096,16777216,33554432,5,cycle,insertion,1913,33554432,1.00000000000000000,-0.000000000
4,6,4096,16777216,33554432,5,cycle,insertion,1914,33554432,1.00000000000000000,-0.000000000
4,6,4096,16777216,33554432,5,cycle,insertion,1915,33554432,1.00000000000000000,-0.000000000
4,6,4096,16777216,33554432,5,cycle,insertion,1916,33554432,1.00000000000000000,-0.000000000
4,6,4096,16777216,33554432,5,cycle,insertion,1917,33554432,1.00000000000000000,-0.000000000
4,6,4096,16777216,33554432,5,cycle,insertion,1918,33554432,1.00000000000000000,-0.000000000
4,6,4096,16777216,33554432,5,cycle,insertion,1919,33554432,1.00000000000000000,-0.000000000
4,6,4096,16777216,33554432,5,cycle,insertion,1920,33554432,1.00000000000000000,-0.000000000
4,6,4096,16777216,33554432,5,cycle,insertion,1921,33554432,1.00000000000000000,-0.000000000
4,6,4096,16777216,33554432,5,cycle,insertion,1922,33554432,1.00000000000000000,-0.000000000
4,6,4096,16777216,33554432,5,cycle,insertion,1923,33554432,1.00000000000000000,-0.000000000
4,6,4096,16777216,33554432,5,cycle,insertion,1924,33554432,1.00000000000000000,-0.000000000
4,6,4096,16777216,33554432,5,cycle,insertion,1925,33554432,1.00000000000000000,-0.000000000
4,6,4096,16777216,33554432,5,cycle,insertion,1926,33554432,1.00000000000000000,-0.000000000
4,6,4096,16777216,33554432,5,cycle,insertion,1927,33554432,1.00000000000000000,-0.000000000
4,6,4096,16777216,33554432,5,cycle,insertion,1928,33554432,1.00000000000000000,-0.000000000
4,6,4096,16777216,33554432,5,cycle,insertion,1929,33554432,1.00000000000000000,-0.000000000
4,6,4096,16777216,33554432,5,cycle,insertion,1930,33554432,1.00000000000000000,-0.000000000
4,6,4096,16777216,33554432,5,cycle,insertion,1931,33554432,1.00000000000000000,-0.000000000
4,6,4096,16777216,33554432,5,cycle,insertion,1932,33554432,1.00000000000000000,-0.000000000
4,6,4096,16777216,33554432,5,cycle,insertion,1933,33554432,1.00000000000000000,-0.000000000
4,6,4096,16777216,33554432,5,cycle,insertion,1934,33554432,1.00000000000000000,-0.000000000
4,6,4096,16777216,33554432,5,cycle,insertion,1935,33554432,1.00000000000000000,-0.000000000
4,6,4096,16777216,33554432,5,cycle,insertion,1936,33554432,1.00000000000000000,-0.000000000
4,6,4096,16777216,33554432,5,cycle,insertion,1937,33554432,1.00000000000000000,-0.000000000
4,6,4096,16777216,33554432,5,cycle,insertion,1938,33554432,1.00000000000000000,-0.000000000
4,6,4096,16777216,33554432,5,cycle,insertion,1939,33554432,1.00000000000000000,-0.000000000
4,6,4096,16777216,33554432,5,cycle,insertion,1940,33554432,1.00000000000000000,-0.000000000
4,6,4096,16777216,33554432,5,cycle,insertion,1941,33554432,1.00000000000000000,-0.000000000
4,6,4096,16777216,33554432,5,cycle,insertion,1942,33554432,1.00000000000000000,-0.000000000
4,6,4096,16777216,33554432,5,cycle,insertion,1943,33554432,1.00000000000000000,-0.000000000
4,6,4096,16777216,33554432,5,cycle,insertion,1944,33554432,1.00000000000000000,-0.000000000
4,6,4096,16777216,33554432,5,cycle,insertion,1945,33554432,1.00000000000000000,-0.000000000
4,6,4096,16777216,33554432,5,cycle,insertion,1946,33554432,1.00000000000000000,-0.000000000
4,6,4096,16777216,33554432,5,cycle,insertion,1947,33554432,1.00000000000000000,-0.000000000
4,6,4096,16777216,33554432,5,cycle,insertion,1948,33554432,1.00000000000000000,-0.000000000
4,6,4096,16777216,33554432,5,cycle,insertion,1949,33554432,1.00000000000000000,-0.000000000
4,6,4096,16777216,33554432,5,cycle,insertion,1950,33554432,1.00000000000000000,-0.000000000
4,6,4096,16777216,33554432,5,cycle,insertion,1951,33554432,1.00000000000000000,-0.000000000
4,6,4096,16777216,33554432,5,cycle,insertion,1952,33554432,1.00000000000000000,-0.000000000
4,6,4096,16777216,33554432,5,cycle,insertion,1953,33554432,1.00000000000000000,-0.000000000
4,6,4096,16777216,33554432,5,cycle,insertion,1954,33554432,1.00000000000000000,-0.000000000
4,6,4096,16777216,33554432,5,cycle,insertion,1955,33554432,1.00000000000000000,-0.000000000
4,6,4096,16777216,33554432,5,cycle,insertion,1956,33554432,1.00000000000000000,-0.000000000
4,6,4096,16777216,33554432,5,cycle,insertion,1957,33554432,1.00000000000000000,-0.000000000
4,6,4096,16777216,33554432,5,cycle,insertion,1958,33554432,1.00000000000000000,-0.000000000
4,6,4096,16777216,33554432,5,cycle,insertion,1959,33554432,1.00000000000000000,-0.000000000
4,6,4096,16777216,33554432,5,cycle,insertion,1960,33554432,1.00000000000000000,-0.000000000
4,6,4096,16777216,33554432,5,cycle,insertion,1961,33554432,1.00000000000000000,-0.000000000
4,6,4096,16777216,33554432,5,cycle,insertion,1962,33554432,1.00000000000000000,-0.000000000
4,6,4096,16777216,33554432,5,cycle,insertion,1963,33554432,1.00000000000000000,-0.000000000
4,6,4096,16777216,33554432,5,cycle,insertion,1964,33554432,1.00000000000000000,-0.000000000
4,6,4096,16777216,33554432,5,cycle,insertion,1965,33554432,1.00000000000000000,-0.000000000
4,6,4096,16777216,33554432,5,cycle,insertion,1966,33554432,1.00000000000000000,-0.000000000
4,6,4096,16777216,33554432,5,cycle,insertion,1967,33554432,1.00000000000000000,-0.000000000
4,6,4096,16777216,33554432,5,cycle,insertion,1968,33554432,1.00000000000000000,-0.000000000
4,6,4096,16777216,33554432,5,cycle,insertion,1969,33554432,1.00000000000000000,-0.000000000
4,6,4096,16777216,33554432,5,cycle,insertion,1970,33554432,1.00000000000000000,-0.000000000
4,6,4096,16777216,33554432,5,cycle,insertion,1971,33554432,1.00000000000000000,-0.000000000
4,6,4096,16777216,33554432,5,cycle,insertion,1972,33554432,1.00000000000000000,-0.000000000
4,6,4096,16777216,33554432,5,cycle,insertion,1973,33554432,1.00000000000000000,-0.000000000
4,6,4096,16777216,33554432,5,cycle,insertion,1974,33554432,1.00000000000000000,-0.000000000
4,6,4096,16777216,33554432,5,cycle,insertion,1975,33554432,1.00000000000000000,-0.000000000
4,6,4096,16777216,33554432,5,cycle,insertion,1976,33554432,1.00000000000000000,-0.000000000
4,6,4096,16777216,33554432,5,cycle,insertion,1977,33554432,1.00000000000000000,-0.000000000
4,6,4096,16777216,33554432,5,cycle,insertion,1978,33554432,1.00000000000000000,-0.000000000
4,6,4096,16777216,33554432,5,cycle,insertion,1979,33554432,1.00000000000000000,-0.000000000
4,6,4096,16777216,33554432,5,cycle,insertion,1980,33554432,1.00000000000000000,-0.000000000
4,6,4096,16777216,33554432,5,cycle,insertion,1981,33554432,1.00000000000000000,-0.000000000
4,6,4096,16777216,33554432,5,cycle,insertion,1982,33554432,1.00000000000000000,-0.000000000
4,6,4096,16777216,33554432,5,cycle,insertion,1983,33554432,1.00000000000000000,-0.000000000
4,6,4096,16777216,33554432,5,cycle,insertion,1984,33554432,1.00000000000000000,-0.000000000
4,6,4096,16777216,33554432,5,cycle,insertion,1985,33554432,1.00000000000000000,-0.000000000
4,6,4096,16777216,33554432,5,cycle,insertion,1986,33554432,1.00000000000000000,-0.000000000
4,6,4096,16777216,33554432,5,cycle,insertion,1987,33554432,1.00000000000000000,-0.000000000
4,6,4096,16777216,33554432,5,cycle,insertion,1988,33554432,1.00000000000000000,-0.000000000
4,6,4096,16777216,33554432,5,cycle,insertion,1989,33554432,1.00000000000000000,-0.000000000
4,6,4096,16777216,33554432,5,cycle,insertion,1990,33554432,1.00000000000000000,-0.000000000
4,6,4096,16777216,33554432,5,cycle,insertion,1991,33554432,1.00000000000000000,-0.000000000
4,6,4096,16777216,33554432,5,cycle,insertion,1992,33554432,1.00000000000000000,-0.000000000
4,6,4096,16777216,33554432,5,cycle,insertion,1993,33554432,1.00000000000000000,-0.000000000
4,6,4096,16777216,33554432,5,cycle,insertion,1994,33554432,1.00000000000000000,-0.000000000
4,6,4096,16777216,33554432,5,cycle,insertion,1995,33554432,1.00000000000000000,-0.000000000
4,6,4096,16777216,33554432,5,cycle,insertion,1996,33554432,1.00000000000000000,-0.000000000
4,6,4096,16777216,33554432,5,cycle,insertion,1997,33554432,1.00000000000000000,-0.000000000
4,6,4096,16777216,33554432,5,cycle,insertion,1998,33554432,1.00000000000000000,-0.000000000
4,6,4096,16777216,33554432,5,cycle,insertion,1999,33554432,1.00000000000000000,-0.000000000
4,6,4096,16777216,33554432,5,cycle,insertion,2000,33554432,1.00000000000000000,-0.000000000
4,6,4096,16777216,33554432,5,cycle,insertion,2001,33554432,1.00000000000000000,-0.000000000
4,6,4096,16777216,33554432,5,cycle,insertion,2002,33554432,1.00000000000000000,-0.000000000
4,6,4096,16777216,33554432,5,cycle,insertion,2003,33554432,1.00000000000000000,-0.000000000
4,6,4096,16777216,33554432,5,cycle,insertion,2004,33554432,1.00000000000000000,-0.000000000
4,6,4096,16777216,33554432,5,cycle,insertion,2005,33554432,1.00000000000000000,-0.000000000
4,6,4096,16777216,33554432,5,cycle,insertion,2006,33554432,1.00000000000000000,-0.000000000
4,6,4096,16777216,33554432,5,cycle,insertion,2007,33554432,1.00000000000000000,-0.000000000
4,6,4096,16777216,33554432,5,cycle,insertion,2008,33554432,1.00000000000000000,-0.000000000
4,6,4096,16777216,33554432,5,cycle,insertion,2009,33554432,1.00000000000000000,-0.000000000
4,6,4096,16777216,33554432,5,cycle,insertion,2010,33554432,1.00000000000000000,-0.000000000
4,6,4096,16777216,33554432,5,cycle,insertion,2011,33554432,1.00000000000000000,-0.000000000
4,6,4096,16777216,33554432,5,cycle,insertion,2012,33554432,1.00000000000000000,-0.000000000
4,6,4096,16777216,33554432,5,cycle,insertion,2013,33554432,1.00000000000000000,-0.000000000
4,6,4096,16777216,33554432,5,cycle,insertion,2014,33554432,1.00000000000000000,-0.000000000
4,6,4096,16777216,33554432,5,cycle,insertion,2015,33554432,1.00000000000000000,-0.000000000
4,6,4096,16777216,33554432,5,cycle,insertion,2016,33554432,1.00000000000000000,-0.000000000
4,6,4096,16777216,33554432,5,cycle,insertion,2017,33554432,1.00000000000000000,-0.000000000
4,6,4096,16777216,33554432,5,cycle,insertion,2018,33554432,1.00000000000000000,-0.000000000
4,6,4096,16777216,33554432,5,cycle,insertion,2019,33554432,1.00000000000000000,-0.000000000
4,6,4096,16777216,33554432,5,cycle,insertion,2020,33554432,1.00000000000000000,-0.000000000
4,6,4096,16777216,33554432,5,cycle,insertion,2021,33554432,1.00000000000000000,-0.000000000
4,6,4096,16777216,33554432,5,cycle,insertion,2022,33554432,1.00000000000000000,-0.000000000
4,6,4096,16777216,33554432,5,cycle,insertion,2023,33554432,1.00000000000000000,-0.000000000
4,6,4096,16777216,33554432,5,cycle,insertion,2024,33554432,1.00000000000000000,-0.000000000
4,6,4096,16777216,33554432,5,cycle,insertion,2025,33554432,1.00000000000000000,-0.000000000
4,6,4096,16777216,33554432,5,cycle,insertion,2026,33554432,1.00000000000000000,-0.000000000
4,6,4096,16777216,33554432,5,cycle,insertion,2027,33554432,1.00000000000000000,-0.000000000
4,6,4096,16777216,33554432,5,cycle,insertion,2028,33554432,1.00000000000000000,-0.000000000
4,6,4096,16777216,33554432,5,cycle,insertion,2029,33554432,1.00000000000000000,-0.000000000
4,6,4096,16777216,33554432,5,cycle,insertion,2030,33554432,1.00000000000000000,-0.000000000
4,6,4096,16777216,33554432,5,cycle,insertion,2031,33554432,1.00000000000000000,-0.000000000
4,6,4096,16777216,33554432,5,cycle,insertion,2032,33554432,1.00000000000000000,-0.000000000
4,6,4096,16777216,33554432,5,cycle,insertion,2033,33554432,1.00000000000000000,-0.000000000
4,6,4096,16777216,33554432,5,cycle,insertion,2034,33554432,1.00000000000000000,-0.000000000
4,6,4096,16777216,33554432,5,cycle,insertion,2035,33554432,1.00000000000000000,-0.000000000
4,6,4096,16777216,33554432,5,cycle,insertion,2036,33554432,1.00000000000000000,-0.000000000
4,6,4096,16777216,33554432,5,cycle,insertion,2037,33554432,1.00000000000000000,-0.000000000
4,6,4096,16777216,33554432,5,cycle,insertion,2038,33554432,1.00000000000000000,-0.000000000
4,6,4096,16777216,33554432,5,cycle,insertion,2039,33554432,1.00000000000000000,-0.000000000
4,6,4096,16777216,33554432,5,cycle,insertion,2040,33554432,1.00000000000000000,-0.000000000
4,6,4096,16777216,33554432,5,cycle,insertion,2041,33554432,1.00000000000000000,-0.000000000
4,6,4096,16777216,33554432,5,cycle,insertion,2042,33554432,1.00000000000000000,-0.000000000
4,6,4096,16777216,33554432,5,cycle,insertion,2043,33554432,1.00000000000000000,-0.000000000
4,6,4096,16777216,33554432,5,cycle,insertion,2044,33554432,1.00000000000000000,-0.000000000
4,6,4096,16777216,33554432,5,cycle,insertion,2045,33554432,1.00000000000000000,-0.000000000
4,6,4096,16777216,33554432,5,cycle,insertion,2046,33554432,1.00000000000000000,-0.000000000
4,6,4096,16777216,33554432,5,cycle,insertion,2047,33554432,1.00000000000000000,-0.000000000
4,6,4096,16777216,33554432,5,cycle,insertion,2048,33554432,1.00000000000000000,-0.000000000
4,6,4096,16777216,33554432,5,cycle,insertion,2049,33554432,1.00000000000000000,-0.000000000
4,6,4096,16777216,33554432,5,cycle,insertion,2050,33554432,1.00000000000000000,-0.000000000
4,6,4096,16777216,33554432,5,cycle,insertion,2051,33554432,1.00000000000000000,-0.000000000
4,6,4096,16777216,33554432,5,cycle,insertion,2052,33554432,1.00000000000000000,-0.000000000
4,6,4096,16777216,33554432,5,cycle,insertion,2053,33554432,1.00000000000000000,-0.000000000
4,6,4096,16777216,33554432,5,cycle,insertion,2054,33554432,1.00000000000000000,-0.000000000
4,6,4096,16777216,33554432,5,cycle,insertion,2055,33554432,1.00000000000000000,-0.000000000
4,6,4096,16777216,33554432,5,cycle,insertion,2056,33554432,1.00000000000000000,-0.000000000
4,6,4096,16777216,33554432,5,cycle,insertion,2057,33554432,1.00000000000000000,-0.000000000
4,6,4096,16777216,33554432,5,cycle,insertion,2058,33554432,1.00000000000000000,-0.000000000
4,6,4096,16777216,33554432,5,cycle,insertion,2059,33554432,1.00000000000000000,-0.000000000
4,6,4096,16777216,33554432,5,cycle,insertion,2060,33554432,1.00000000000000000,-0.000000000
4,6,4096,16777216,33554432,5,cycle,insertion,2061,33554432,1.00000000000000000,-0.000000000
4,6,4096,16777216,33554432,5,cycle,insertion,2062,33554432,1.00000000000000000,-0.000000000
4,6,4096,16777216,33554432,5,cycle,insertion,2063,33554432,1.00000000000000000,-0.000000000
4,6,4096,16777216,33554432,5,cycle,insertion,2064,33554432,1.00000000000000000,-0.000000000
4,6,4096,16777216,33554432,5,cycle,insertion,2065,33554432,1.00000000000000000,-0.000000000
4,6,4096,16777216,33554432,5,cycle,insertion,2066,33554432,1.00000000000000000,-0.000000000
4,6,4096,16777216,33554432,5,cycle,insertion,2067,33554432,1.00000000000000000,-0.000000000
4,6,4096,16777216,33554432,5,cycle,insertion,2068,33554432,1.00000000000000000,-0.000000000
4,6,4096,16777216,33554432,5,cycle,insertion,2069,33554432,1.00000000000000000,-0.000000000
4,6,4096,16777216,33554432,5,cycle,insertion,2070,33554432,1.00000000000000000,-0.000000000
4,6,4096,16777216,33554432,5,cycle,insertion,2071,33554432,1.00000000000000000,-0.000000000
4,6,4096,16777216,33554432,5,cycle,insertion,2072,33554432,1.00000000000000000,-0.000000000
4,6,4096,16777216,33554432,5,cycle,insertion,2073,33554432,1.00000000000000000,-0.000000000
4,6,4096,16777216,33554432,5,cycle,insertion,2074,33554432,1.00000000000000000,-0.000000000
4,6,4096,16777216,33554432,5,cycle,insertion,2075,33554432,1.00000000000000000,-0.000000000
4,6,4096,16777216,33554432,5,cycle,insertion,2076,33554432,1.00000000000000000,-0.000000000
4,6,4096,16777216,33554432,5,cycle,insertion,2077,33554432,1.00000000000000000,-0.000000000
4,6,4096,16777216,33554432,5,cycle,insertion,2078,33554432,1.00000000000000000,-0.000000000
4,6,4096,16777216,33554432,5,cycle,insertion,2079,33554432,1.00000000000000000,-0.000000000
4,6,4096,16777216,33554432,5,cycle,insertion,2080,33554432,1.00000000000000000,-0.000000000
4,6,4096,16777216,33554432,5,cycle,insertion,2081,33554432,1.00000000000000000,-0.000000000
4,6,4096,16777216,33554432,5,cycle,insertion,2082,33554432,1.00000000000000000,-0.000000000
4,6,4096,16777216,33554432,5,cycle,insertion,2083,33554432,1.00000000000000000,-0.000000000
4,6,4096,16777216,33554432,5,cycle,insertion,2084,33554432,1.00000000000000000,-0.000000000
4,6,4096,16777216,33554432,5,cycle,insertion,2085,33554432,1.00000000000000000,-0.000000000
4,6,4096,16777216,33554432,5,cycle,insertion,2086,33554432,1.00000000000000000,-0.000000000
4,6,4096,16777216,33554432,5,cycle,insertion,2087,33554432,1.00000000000000000,-0.000000000
4,6,4096,16777216,33554432,5,cycle,insertion,2088,33554432,1.00000000000000000,-0.000000000
4,6,4096,16777216,33554432,5,cycle,insertion,2089,33554432,1.00000000000000000,-0.000000000
4,6,4096,16777216,33554432,5,cycle,insertion,2090,33554432,1.00000000000000000,-0.000000000
4,6,4096,16777216,33554432,5,cycle,insertion,2091,33554432,1.00000000000000000,-0.000000000
4,6,4096,16777216,33554432,5,cycle,insertion,2092,33554432,1.00000000000000000,-0.000000000
4,6,4096,16777216,33554432,5,cycle,insertion,2093,33554432,1.00000000000000000,-0.000000000
4,6,4096,16777216,33554432,5,cycle,insertion,2094,33554432,1.00000000000000000,-0.000000000
4,6,4096,16777216,33554432,5,cycle,insertion,2095,33554432,1.00000000000000000,-0.000000000
4,6,4096,16777216,33554432,5,cycle,insertion,2096,33554432,1.00000000000000000,-0.000000000
4,6,4096,16777216,33554432,5,cycle,insertion,2097,33554432,1.00000000000000000,-0.000000000
4,6,4096,16777216,33554432,5,cycle,insertion,2098,33554432,1.00000000000000000,-0.000000000
4,6,4096,16777216,33554432,5,cycle,insertion,2099,33554432,1.00000000000000000,-0.000000000
4,6,4096,16777216,33554432,5,cycle,insertion,2100,33554432,1.00000000000000000,-0.000000000
4,6,4096,16777216,33554432,5,cycle,insertion,2101,33554432,1.00000000000000000,-0.000000000
4,6,4096,16777216,33554432,5,cycle,insertion,2102,33554432,1.00000000000000000,-0.000000000
4,6,4096,16777216,33554432,5,cycle,insertion,2103,33554432,1.00000000000000000,-0.000000000
4,6,4096,16777216,33554432,5,cycle,insertion,2104,33554432,1.00000000000000000,-0.000000000
4,6,4096,16777216,33554432,5,cycle,insertion,2105,33554432,1.00000000000000000,-0.000000000
4,6,4096,16777216,33554432,5,cycle,insertion,2106,33554432,1.00000000000000000,-0.000000000
4,6,4096,16777216,33554432,5,cycle,insertion,2107,33554432,1.00000000000000000,-0.000000000
4,6,4096,16777216,33554432,5,cycle,insertion,2108,33554432,1.00000000000000000,-0.000000000
4,6,4096,16777216,33554432,5,cycle,insertion,2109,33554432,1.00000000000000000,-0.000000000
4,6,4096,16777216,33554432,5,cycle,insertion,2110,33554432,1.00000000000000000,-0.000000000
4,6,4096,16777216,33554432,5,cycle,insertion,2111,33554432,1.00000000000000000,-0.000000000
4,6,4096,16777216,33554432,5,cycle,insertion,2112,33554432,1.00000000000000000,-0.000000000
4,6,4096,16777216,33554432,5,cycle,insertion,2113,33554432,1.00000000000000000,-0.000000000
4,6,4096,16777216,33554432,5,cycle,insertion,2114,33554432,1.00000000000000000,-0.000000000
4,6,4096,16777216,33554432,5,cycle,insertion,2115,33554432,1.00000000000000000,-0.000000000
4,6,4096,16777216,33554432,5,cycle,insertion,2116,33554432,1.00000000000000000,-0.000000000
4,6,4096,16777216,33554432,5,cycle,insertion,2117,33554432,1.00000000000000000,-0.000000000
4,6,4096,16777216,33554432,5,cycle,insertion,2118,33554432,1.00000000000000000,-0.000000000
4,6,4096,16777216,33554432,5,cycle,insertion,2119,33554432,1.00000000000000000,-0.000000000
4,6,4096,16777216,33554432,5,cycle,insertion,2120,33554432,1.00000000000000000,-0.000000000
4,6,4096,16777216,33554432,5,cycle,insertion,2121,33554432,1.00000000000000000,-0.000000000
4,6,4096,16777216,33554432,5,cycle,insertion,2122,33554432,1.00000000000000000,-0.000000000
4,6,4096,16777216,33554432,5,cycle,insertion,2123,33554432,1.00000000000000000,-0.000000000
4,6,4096,16777216,33554432,5,cycle,insertion,2124,33554432,1.00000000000000000,-0.000000000
4,6,4096,16777216,33554432,5,cycle,insertion,2125,33554432,1.00000000000000000,-0.000000000
4,6,4096,16777216,33554432,5,cycle,insertion,2126,33554432,1.00000000000000000,-0.000000000
4,6,4096,16777216,33554432,5,cycle,insertion,2127,33554432,1.00000000000000000,-0.000000000
4,6,4096,16777216,33554432,5,cycle,insertion,2128,33554432,1.00000000000000000,-0.000000000
4,6,4096,16777216,33554432,5,cycle,insertion,2129,33554432,1.00000000000000000,-0.000000000
4,6,4096,16777216,33554432,5,cycle,insertion,2130,33554432,1.00000000000000000,-0.000000000
4,6,4096,16777216,33554432,5,cycle,insertion,2131,33554432,1.00000000000000000,-0.000000000
4,6,4096,16777216,33554432,5,cycle,insertion,2132,33554432,1.00000000000000000,-0.000000000
4,6,4096,16777216,33554432,5,cycle,insertion,2133,33554432,1.00000000000000000,-0.000000000
4,6,4096,16777216,33554432,5,cycle,insertion,2134,33554432,1.00000000000000000,-0.000000000
4,6,4096,16777216,33554432,5,cycle,insertion,2135,33554432,1.00000000000000000,-0.000000000
4,6,4096,16777216,33554432,5,cycle,insertion,2136,33554432,1.00000000000000000,-0.000000000
4,6,4096,16777216,33554432,5,cycle,insertion,2137,33554432,1.00000000000000000,-0.000000000
4,6,4096,16777216,33554432,5,cycle,insertion,2138,33554432,1.00000000000000000,-0.000000000
4,6,4096,16777216,33554432,5,cycle,insertion,2139,33554432,1.00000000000000000,-0.000000000
4,6,4096,16777216,33554432,5,cycle,insertion,2140,33554432,1.00000000000000000,-0.000000000
4,6,4096,16777216,33554432,5,cycle,insertion,2141,33554432,1.00000000000000000,-0.000000000
4,6,4096,16777216,33554432,5,cycle,insertion,2142,33554432,1.00000000000000000,-0.000000000
4,6,4096,16777216,33554432,5,cycle,insertion,2143,33554432,1.00000000000000000,-0.000000000
4,6,4096,16777216,33554432,5,cycle,insertion,2144,33554432,1.00000000000000000,-0.000000000
4,6,4096,16777216,33554432,5,cycle,insertion,2145,33554432,1.00000000000000000,-0.000000000
4,6,4096,16777216,33554432,5,cycle,insertion,2146,33554432,1.00000000000000000,-0.000000000
4,6,4096,16777216,33554432,5,cycle,insertion,2147,33554432,1.00000000000000000,-0.000000000
4,6,4096,16777216,33554432,5,cycle,insertion,2148,33554432,1.00000000000000000,-0.000000000
4,6,4096,16777216,33554432,5,cycle,insertion,2149,33554432,1.00000000000000000,-0.000000000
4,6,4096,16777216,33554432,5,cycle,insertion,2150,33554432,1.00000000000000000,-0.000000000
4,6,4096,16777216,33554432,5,cycle,insertion,2151,33554432,1.00000000000000000,-0.000000000
4,6,4096,16777216,33554432,5,cycle,insertion,2152,33554432,1.00000000000000000,-0.000000000
4,6,4096,16777216,33554432,5,cycle,insertion,2153,33554432,1.00000000000000000,-0.000000000
4,6,4096,16777216,33554432,5,cycle,insertion,2154,33554432,1.00000000000000000,-0.000000000
4,6,4096,16777216,33554432,5,cycle,insertion,2155,33554432,1.00000000000000000,-0.000000000
4,6,4096,16777216,33554432,5,cycle,insertion,2156,33554432,1.00000000000000000,-0.000000000
4,6,4096,16777216,33554432,5,cycle,insertion,2157,33554432,1.00000000000000000,-0.000000000
4,6,4096,16777216,33554432,5,cycle,insertion,2158,33554432,1.00000000000000000,-0.000000000
4,6,4096,16777216,33554432,5,cycle,insertion,2159,33554432,1.00000000000000000,-0.000000000
4,6,4096,16777216,33554432,5,cycle,insertion,2160,33554432,1.00000000000000000,-0.000000000
4,6,4096,16777216,33554432,5,cycle,insertion,2161,33554432,1.00000000000000000,-0.000000000
4,6,4096,16777216,33554432,5,cycle,insertion,2162,33554432,1.00000000000000000,-0.000000000
4,6,4096,16777216,33554432,5,cycle,insertion,2163,33554432,1.00000000000000000,-0.000000000
4,6,4096,16777216,33554432,5,cycle,insertion,2164,33554432,1.00000000000000000,-0.000000000
4,6,4096,16777216,33554432,5,cycle,insertion,2165,33554432,1.00000000000000000,-0.000000000
4,6,4096,16777216,33554432,5,cycle,insertion,2166,33554432,1.00000000000000000,-0.000000000
4,6,4096,16777216,33554432,5,cycle,insertion,2167,33554432,1.00000000000000000,-0.000000000
4,6,4096,16777216,33554432,5,cycle,insertion,2168,33554432,1.00000000000000000,-0.000000000
4,6,4096,16777216,33554432,5,cycle,insertion,2169,33554432,1.00000000000000000,-0.000000000
4,6,4096,16777216,33554432,5,cycle,insertion,2170,33554432,1.00000000000000000,-0.000000000
4,6,4096,16777216,33554432,5,cycle,insertion,2171,33554432,1.00000000000000000,-0.000000000
4,6,4096,16777216,33554432,5,cycle,insertion,2172,33554432,1.00000000000000000,-0.000000000
4,6,4096,16777216,33554432,5,cycle,insertion,2173,33554432,1.00000000000000000,-0.000000000
4,6,4096,16777216,33554432,5,cycle,insertion,2174,33554432,1.00000000000000000,-0.000000000
4,6,4096,16777216,33554432,5,cycle,insertion,2175,33554432,1.00000000000000000,-0.000000000
4,6,4096,16777216,33554432,5,cycle,insertion,2176,33554432,1.00000000000000000,-0.000000000
4,6,4096,16777216,33554432,5,cycle,insertion,2177,33554432,1.00000000000000000,-0.000000000
4,6,4096,16777216,33554432,5,cycle,insertion,2178,33554432,1.00000000000000000,-0.000000000
4,6,4096,16777216,33554432,5,cycle,insertion,2179,33554432,1.00000000000000000,-0.000000000
4,6,4096,16777216,33554432,5,cycle,insertion,2180,33554432,1.00000000000000000,-0.000000000
4,6,4096,16777216,33554432,5,cycle,insertion,2181,33554432,1.00000000000000000,-0.000000000
4,6,4096,16777216,33554432,5,cycle,insertion,2182,33554432,1.00000000000000000,-0.000000000
4,6,4096,16777216,33554432,5,cycle,insertion,2183,33554432,1.00000000000000000,-0.000000000
4,6,4096,16777216,33554432,5,cycle,insertion,2184,33554432,1.00000000000000000,-0.000000000
4,6,4096,16777216,33554432,5,cycle,insertion,2185,33554432,1.00000000000000000,-0.000000000
4,6,4096,16777216,33554432,5,cycle,insertion,2186,33554432,1.00000000000000000,-0.000000000
4,6,4096,16777216,33554432,5,cycle,insertion,2187,33554432,1.00000000000000000,-0.000000000
4,6,4096,16777216,33554432,5,cycle,insertion,2188,33554432,1.00000000000000000,-0.000000000
4,6,4096,16777216,33554432,5,cycle,insertion,2189,33554432,1.00000000000000000,-0.000000000
4,6,4096,16777216,33554432,5,cycle,insertion,2190,33554432,1.00000000000000000,-0.000000000
4,6,4096,16777216,33554432,5,cycle,insertion,2191,33554432,1.00000000000000000,-0.000000000
4,6,4096,16777216,33554432,5,cycle,insertion,2192,33554432,1.00000000000000000,-0.000000000
4,6,4096,16777216,33554432,5,cycle,insertion,2193,33554432,1.00000000000000000,-0.000000000
4,6,4096,16777216,33554432,5,cycle,insertion,2194,33554432,1.00000000000000000,-0.000000000
4,6,4096,16777216,33554432,5,cycle,insertion,2195,33554432,1.00000000000000000,-0.000000000
4,6,4096,16777216,33554432,5,cycle,insertion,2196,33554432,1.00000000000000000,-0.000000000
4,6,4096,16777216,33554432,5,cycle,insertion,2197,33554432,1.00000000000000000,-0.000000000
4,6,4096,16777216,33554432,5,cycle,insertion,2198,33554432,1.00000000000000000,-0.000000000
4,6,4096,16777216,33554432,5,cycle,insertion,2199,33554432,1.00000000000000000,-0.000000000
4,6,4096,16777216,33554432,5,cycle,insertion,2200,33554432,1.00000000000000000,-0.000000000
4,6,4096,16777216,33554432,5,cycle,insertion,2201,33554432,1.00000000000000000,-0.000000000
4,6,4096,16777216,33554432,5,cycle,insertion,2202,33554432,1.00000000000000000,-0.000000000
4,6,4096,16777216,33554432,5,cycle,insertion,2203,33554432,1.00000000000000000,-0.000000000
4,6,4096,16777216,33554432,5,cycle,insertion,2204,33554432,1.00000000000000000,-0.000000000
4,6,4096,16777216,33554432,5,cycle,insertion,2205,33554432,1.00000000000000000,-0.000000000
4,6,4096,16777216,33554432,5,cycle,insertion,2206,33554432,1.00000000000000000,-0.000000000
4,6,4096,16777216,33554432,5,cycle,insertion,2207,33554432,1.00000000000000000,-0.000000000
4,6,4096,16777216,33554432,5,cycle,insertion,2208,33554432,1.00000000000000000,-0.000000000
4,6,4096,16777216,33554432,5,cycle,insertion,2209,33554432,1.00000000000000000,-0.000000000
4,6,4096,16777216,33554432,5,cycle,insertion,2210,33554432,1.00000000000000000,-0.000000000
4,6,4096,16777216,33554432,5,cycle,insertion,2211,33554432,1.00000000000000000,-0.000000000
4,6,4096,16777216,33554432,5,cycle,insertion,2212,33554432,1.00000000000000000,-0.000000000
4,6,4096,16777216,33554432,5,cycle,insertion,2213,33554432,1.00000000000000000,-0.000000000
4,6,4096,16777216,33554432,5,cycle,insertion,2214,33554432,1.00000000000000000,-0.000000000
4,6,4096,16777216,33554432,5,cycle,insertion,2215,33554432,1.00000000000000000,-0.000000000
4,6,4096,16777216,33554432,5,cycle,insertion,2216,33554432,1.00000000000000000,-0.000000000
4,6,4096,16777216,33554432,5,cycle,insertion,2217,33554432,1.00000000000000000,-0.000000000
4,6,4096,16777216,33554432,5,cycle,insertion,2218,33554432,1.00000000000000000,-0.000000000
4,6,4096,16777216,33554432,5,cycle,insertion,2219,33554432,1.00000000000000000,-0.000000000
4,6,4096,16777216,33554432,5,cycle,insertion,2220,33554432,1.00000000000000000,-0.000000000
4,6,4096,16777216,33554432,5,cycle,insertion,2221,33554432,1.00000000000000000,-0.000000000
4,6,4096,16777216,33554432,5,cycle,insertion,2222,33554432,1.00000000000000000,-0.000000000
4,6,4096,16777216,33554432,5,cycle,insertion,2223,33554432,1.00000000000000000,-0.000000000
4,6,4096,16777216,33554432,5,cycle,insertion,2224,33554432,1.00000000000000000,-0.000000000
4,6,4096,16777216,33554432,5,cycle,insertion,2225,33554432,1.00000000000000000,-0.000000000
4,6,4096,16777216,33554432,5,cycle,insertion,2226,33554432,1.00000000000000000,-0.000000000
4,6,4096,16777216,33554432,5,cycle,insertion,2227,33554432,1.00000000000000000,-0.000000000
4,6,4096,16777216,33554432,5,cycle,insertion,2228,33554432,1.00000000000000000,-0.000000000
4,6,4096,16777216,33554432,5,cycle,insertion,2229,33554432,1.00000000000000000,-0.000000000
4,6,4096,16777216,33554432,5,cycle,insertion,2230,33554432,1.00000000000000000,-0.000000000
4,6,4096,16777216,33554432,5,cycle,insertion,2231,33554432,1.00000000000000000,-0.000000000
4,6,4096,16777216,33554432,5,cycle,insertion,2232,33554432,1.00000000000000000,-0.000000000
4,6,4096,16777216,33554432,5,cycle,insertion,2233,33554432,1.00000000000000000,-0.000000000
4,6,4096,16777216,33554432,5,cycle,insertion,2234,33554432,1.00000000000000000,-0.000000000
4,6,4096,16777216,33554432,5,cycle,insertion,2235,33554432,1.00000000000000000,-0.000000000
4,6,4096,16777216,33554432,5,cycle,insertion,2236,33554432,1.00000000000000000,-0.000000000
4,6,4096,16777216,33554432,5,cycle,insertion,2237,33554432,1.00000000000000000,-0.000000000
4,6,4096,16777216,33554432,5,cycle,insertion,2238,33554432,1.00000000000000000,-0.000000000
4,6,4096,16777216,33554432,5,cycle,insertion,2239,33554432,1.00000000000000000,-0.000000000
4,6,4096,16777216,33554432,5,cycle,insertion,2240,33554432,1.00000000000000000,-0.000000000
4,6,4096,16777216,33554432,5,cycle,insertion,2241,33554432,1.00000000000000000,-0.000000000
4,6,4096,16777216,33554432,5,cycle,insertion,2242,33554432,1.00000000000000000,-0.000000000
4,6,4096,16777216,33554432,5,cycle,insertion,2243,33554432,1.00000000000000000,-0.000000000
4,6,4096,16777216,33554432,5,cycle,insertion,2244,33554432,1.00000000000000000,-0.000000000
4,6,4096,16777216,33554432,5,cycle,insertion,2245,33554432,1.00000000000000000,-0.000000000
4,6,4096,16777216,33554432,5,cycle,insertion,2246,33554432,1.00000000000000000,-0.000000000
4,6,4096,16777216,33554432,5,cycle,insertion,2247,33554432,1.00000000000000000,-0.000000000
4,6,4096,16777216,33554432,5,cycle,insertion,2248,33554432,1.00000000000000000,-0.000000000
4,6,4096,16777216,33554432,5,cycle,insertion,2249,33554432,1.00000000000000000,-0.000000000
4,6,4096,16777216,33554432,5,cycle,insertion,2250,33554432,1.00000000000000000,-0.000000000
4,6,4096,16777216,33554432,5,cycle,insertion,2251,33554432,1.00000000000000000,-0.000000000
4,6,4096,16777216,33554432,5,cycle,insertion,2252,33554432,1.00000000000000000,-0.000000000
4,6,4096,16777216,33554432,5,cycle,insertion,2253,33554432,1.00000000000000000,-0.000000000
4,6,4096,16777216,33554432,5,cycle,insertion,2254,33554432,1.00000000000000000,-0.000000000
4,6,4096,16777216,33554432,5,cycle,insertion,2255,33554432,1.00000000000000000,-0.000000000
4,6,4096,16777216,33554432,5,cycle,insertion,2256,33554432,1.00000000000000000,-0.000000000
4,6,4096,16777216,33554432,5,cycle,insertion,2257,33554432,1.00000000000000000,-0.000000000
4,6,4096,16777216,33554432,5,cycle,insertion,2258,33554432,1.00000000000000000,-0.000000000
4,6,4096,16777216,33554432,5,cycle,insertion,2259,33554432,1.00000000000000000,-0.000000000
4,6,4096,16777216,33554432,5,cycle,insertion,2260,33554432,1.00000000000000000,-0.000000000
4,6,4096,16777216,33554432,5,cycle,insertion,2261,33554432,1.00000000000000000,-0.000000000
4,6,4096,16777216,33554432,5,cycle,insertion,2262,33554432,1.00000000000000000,-0.000000000
4,6,4096,16777216,33554432,5,cycle,insertion,2263,33554432,1.00000000000000000,-0.000000000
4,6,4096,16777216,33554432,5,cycle,insertion,2264,33554432,1.00000000000000000,-0.000000000
4,6,4096,16777216,33554432,5,cycle,insertion,2265,33554432,1.00000000000000000,-0.000000000
4,6,4096,16777216,33554432,5,cycle,insertion,2266,33554432,1.00000000000000000,-0.000000000
4,6,4096,16777216,33554432,5,cycle,insertion,2267,33554432,1.00000000000000000,-0.000000000
4,6,4096,16777216,33554432,5,cycle,insertion,2268,33554432,1.00000000000000000,-0.000000000
4,6,4096,16777216,33554432,5,cycle,insertion,2269,33554432,1.00000000000000000,-0.000000000
4,6,4096,16777216,33554432,5,cycle,insertion,2270,33554432,1.00000000000000000,-0.000000000
4,6,4096,16777216,33554432,5,cycle,insertion,2271,33554432,1.00000000000000000,-0.000000000
4,6,4096,16777216,33554432,5,cycle,insertion,2272,33554432,1.00000000000000000,-0.000000000
4,6,4096,16777216,33554432,5,cycle,insertion,2273,33554432,1.00000000000000000,-0.000000000
4,6,4096,16777216,33554432,5,cycle,insertion,2274,33554432,1.00000000000000000,-0.000000000
4,6,4096,16777216,33554432,5,cycle,insertion,2275,33554432,1.00000000000000000,-0.000000000
4,6,4096,16777216,33554432,5,cycle,insertion,2276,33554432,1.00000000000000000,-0.000000000
4,6,4096,16777216,33554432,5,cycle,insertion,2277,33554432,1.00000000000000000,-0.000000000
4,6,4096,16777216,33554432,5,cycle,insertion,2278,33554432,1.00000000000000000,-0.000000000
4,6,4096,16777216,33554432,5,cycle,insertion,2279,33554432,1.00000000000000000,-0.000000000
4,6,4096,16777216,33554432,5,cycle,insertion,2280,33554432,1.00000000000000000,-0.000000000
4,6,4096,16777216,33554432,5,cycle,insertion,2281,33554432,1.00000000000000000,-0.000000000
4,6,4096,16777216,33554432,5,cycle,insertion,2282,33554432,1.00000000000000000,-0.000000000
4,6,4096,16777216,33554432,5,cycle,insertion,2283,33554432,1.00000000000000000,-0.000000000
4,6,4096,16777216,33554432,5,cycle,insertion,2284,33554432,1.00000000000000000,-0.000000000
4,6,4096,16777216,33554432,5,cycle,insertion,2285,33554432,1.00000000000000000,-0.000000000
4,6,4096,16777216,33554432,5,cycle,insertion,2286,33554432,1.00000000000000000,-0.000000000
4,6,4096,16777216,33554432,5,cycle,insertion,2287,33554432,1.00000000000000000,-0.000000000
4,6,4096,16777216,33554432,5,cycle,insertion,2288,33554432,1.00000000000000000,-0.000000000
4,6,4096,16777216,33554432,5,cycle,insertion,2289,33554432,1.00000000000000000,-0.000000000
4,6,4096,16777216,33554432,5,cycle,insertion,2290,33554432,1.00000000000000000,-0.000000000
4,6,4096,16777216,33554432,5,cycle,insertion,2291,33554432,1.00000000000000000,-0.000000000
4,6,4096,16777216,33554432,5,cycle,insertion,2292,33554432,1.00000000000000000,-0.000000000
4,6,4096,16777216,33554432,5,cycle,insertion,2293,33554432,1.00000000000000000,-0.000000000
4,6,4096,16777216,33554432,5,cycle,insertion,2294,33554432,1.00000000000000000,-0.000000000
4,6,4096,16777216,33554432,5,cycle,insertion,2295,33554432,1.00000000000000000,-0.000000000
4,6,4096,16777216,33554432,5,cycle,insertion,2296,33554432,1.00000000000000000,-0.000000000
4,6,4096,16777216,33554432,5,cycle,insertion,2297,33554432,1.00000000000000000,-0.000000000
4,6,4096,16777216,33554432,5,cycle,insertion,2298,33554432,1.00000000000000000,-0.000000000
4,6,4096,16777216,33554432,5,cycle,insertion,2299,33554432,1.00000000000000000,-0.000000000
4,6,4096,16777216,33554432,5,cycle,insertion,2300,33554432,1.00000000000000000,-0.000000000
4,6,4096,16777216,33554432,5,cycle,insertion,2301,33554432,1.00000000000000000,-0.000000000
4,6,4096,16777216,33554432,5,cycle,insertion,2302,33554432,1.00000000000000000,-0.000000000
4,6,4096,16777216,33554432,5,cycle,insertion,2303,33554432,1.00000000000000000,-0.000000000
4,6,4096,16777216,33554432,5,cycle,insertion,2304,33554432,1.00000000000000000,-0.000000000
4,6,4096,16777216,33554432,5,cycle,insertion,2305,33554432,1.00000000000000000,-0.000000000
4,6,4096,16777216,33554432,5,cycle,insertion,2306,33554432,1.00000000000000000,-0.000000000
4,6,4096,16777216,33554432,5,cycle,insertion,2307,33554432,1.00000000000000000,-0.000000000
4,6,4096,16777216,33554432,5,cycle,insertion,2308,33554432,1.00000000000000000,-0.000000000
4,6,4096,16777216,33554432,5,cycle,insertion,2309,33554432,1.00000000000000000,-0.000000000
4,6,4096,16777216,33554432,5,cycle,insertion,2310,33554432,1.00000000000000000,-0.000000000
4,6,4096,16777216,33554432,5,cycle,insertion,2311,33554432,1.00000000000000000,-0.000000000
4,6,4096,16777216,33554432,5,cycle,insertion,2312,33554432,1.00000000000000000,-0.000000000
4,6,4096,16777216,33554432,5,cycle,insertion,2313,33554432,1.00000000000000000,-0.000000000
4,6,4096,16777216,33554432,5,cycle,insertion,2314,33554432,1.00000000000000000,-0.000000000
4,6,4096,16777216,33554432,5,cycle,insertion,2315,33554432,1.00000000000000000,-0.000000000
4,6,4096,16777216,33554432,5,cycle,insertion,2316,33554432,1.00000000000000000,-0.000000000
4,6,4096,16777216,33554432,5,cycle,insertion,2317,33554432,1.00000000000000000,-0.000000000
4,6,4096,16777216,33554432,5,cycle,insertion,2318,33554432,1.00000000000000000,-0.000000000
4,6,4096,16777216,33554432,5,cycle,insertion,2319,33554432,1.00000000000000000,-0.000000000
4,6,4096,16777216,33554432,5,cycle,insertion,2320,33554432,1.00000000000000000,-0.000000000
4,6,4096,16777216,33554432,5,cycle,insertion,2321,33554432,1.00000000000000000,-0.000000000
4,6,4096,16777216,33554432,5,cycle,insertion,2322,33554432,1.00000000000000000,-0.000000000
4,6,4096,16777216,33554432,5,cycle,insertion,2323,33554432,1.00000000000000000,-0.000000000
4,6,4096,16777216,33554432,5,cycle,insertion,2324,33554432,1.00000000000000000,-0.000000000
4,6,4096,16777216,33554432,5,cycle,insertion,2325,33554432,1.00000000000000000,-0.000000000
4,6,4096,16777216,33554432,5,cycle,insertion,2326,33554432,1.00000000000000000,-0.000000000
4,6,4096,16777216,33554432,5,cycle,insertion,2327,33554432,1.00000000000000000,-0.000000000
4,6,4096,16777216,33554432,5,cycle,insertion,2328,33554432,1.00000000000000000,-0.000000000
4,6,4096,16777216,33554432,5,cycle,insertion,2329,33554432,1.00000000000000000,-0.000000000
4,6,4096,16777216,33554432,5,cycle,insertion,2330,33554432,1.00000000000000000,-0.000000000
4,6,4096,16777216,33554432,5,cycle,insertion,2331,33554432,1.00000000000000000,-0.000000000
4,6,4096,16777216,33554432,5,cycle,insertion,2332,33554432,1.00000000000000000,-0.000000000
4,6,4096,16777216,33554432,5,cycle,insertion,2333,33554432,1.00000000000000000,-0.000000000
4,6,4096,16777216,33554432,5,cycle,insertion,2334,33554432,1.00000000000000000,-0.000000000
4,6,4096,16777216,33554432,5,cycle,insertion,2335,33554432,1.00000000000000000,-0.000000000
4,6,4096,16777216,33554432,5,cycle,insertion,2336,33554432,1.00000000000000000,-0.000000000
4,6,4096,16777216,33554432,5,cycle,insertion,2337,33554432,1.00000000000000000,-0.000000000
4,6,4096,16777216,33554432,5,cycle,insertion,2338,33554432,1.00000000000000000,-0.000000000
4,6,4096,16777216,33554432,5,cycle,insertion,2339,33554432,1.00000000000000000,-0.000000000
4,6,4096,16777216,33554432,5,cycle,insertion,2340,33554432,1.00000000000000000,-0.000000000
4,6,4096,16777216,33554432,5,cycle,insertion,2341,33554432,1.00000000000000000,-0.000000000
4,6,4096,16777216,33554432,5,cycle,insertion,2342,33554432,1.00000000000000000,-0.000000000
4,6,4096,16777216,33554432,5,cycle,insertion,2343,33554432,1.00000000000000000,-0.000000000
4,6,4096,16777216,33554432,5,cycle,insertion,2344,33554432,1.00000000000000000,-0.000000000
4,6,4096,16777216,33554432,5,cycle,insertion,2345,33554432,1.00000000000000000,-0.000000000
4,6,4096,16777216,33554432,5,cycle,insertion,2346,33554432,1.00000000000000000,-0.000000000
4,6,4096,16777216,33554432,5,cycle,insertion,2347,33554428,0.99999988079071045,0.000000172
4,6,4096,16777216,33554432,5,cycle,insertion,2348,33554425,0.99999979138374329,0.000000301
4,6,4096,16777216,33554432,5,cycle,insertion,2349,33554418,0.99999958276748657,0.000000602
4,6,4096,16777216,33554432,5,cycle,insertion,2350,33554413,0.99999943375587463,0.000000817
4,6,4096,16777216,33554432,5,cycle,insertion,2351,33554410,0.99999934434890747,0.000000946
4,6,4096,16777216,33554432,5,cycle,insertion,2352,33554407,0.99999925494194031,0.000001075
4,6,4096,16777216,33554432,5,cycle,insertion,2353,33554402,0.99999910593032837,0.000001290
4,6,4096,16777216,33554432,5,cycle,insertion,2354,33554397,0.99999895691871643,0.000001505
4,6,4096,16777216,33554432,5,cycle,insertion,2355,33554395,0.99999889731407166,0.000001591
4,6,4096,16777216,33554432,5,cycle,insertion,2356,33554389,0.99999871850013733,0.000001849
4,6,4096,16777216,33554432,5,cycle,insertion,2357,33554381,0.99999848008155823,0.000002193
4,6,4096,16777216,33554432,5,cycle,insertion,2358,33554371,0.99999818205833435,0.000002623
4,6,4096,16777216,33554432,5,cycle,insertion,2359,33554352,0.99999761581420898,0.000003440
4,6,4096,16777216,33554432,5,cycle,insertion,2360,33554329,0.99999693036079407,0.000004429
4,6,4096,16777216,33554432,5,cycle,insertion,2361,33554296,0.99999594688415527,0.000005847
4,6,4096,16777216,33554432,5,cycle,insertion,2362,33554264,0.99999499320983887,0.000007223
4,6,4096,16777216,33554432,5,cycle,insertion,2363,33554237,0.99999418854713440,0.000008384
4,6,4096,16777216,33554432,5,cycle,insertion,2364,33554203,0.99999317526817322,0.000009846
4,6,4096,16777216,33554432,5,cycle,insertion,2365,33554155,0.99999174475669861,0.000011910
4,6,4096,16777216,33554432,5,cycle,insertion,2366,33554118,0.99999064207077026,0.000013501
4,6,4096,16777216,33554432,5,cycle,insertion,2367,33554021,0.99998775124549866,0.000017671
4,6,4096,16777216,33554432,5,cycle,insertion,2368,33553931,0.99998506903648376,0.000021541
4,6,4096,16777216,33554432,5,cycle,insertion,2369,33553811,0.99998149275779724,0.000026701
4,6,4096,16777216,33554432,5,cycle,insertion,2370,33553719,0.99997875094413757,0.000030656
4,6,4096,16777216,33554432,5,cycle,insertion,2371,33553599,0.99997517466545105,0.000035816
4,6,4096,16777216,33554432,5,cycle,insertion,2372,33553468,0.99997127056121826,0.000041448
4,6,4096,16777216,33554432,5,cycle,insertion,2373,33553368,0.99996829032897949,0.000045748
4,6,4096,16777216,33554432,5,cycle,insertion,2374,33553253,0.99996486306190491,0.000050693
4,6,4096,16777216,33554432,5,cycle,insertion,2375,33553133,0.99996128678321838,0.000055852
4,6,4096,16777216,33554432,5,cycle,insertion,2376,33552973,0.99995651841163635,0.000062732
4,6,4096,16777216,33554432,5,cycle,insertion,2377,33552804,0.99995148181915283,0.000069999
4,6,4096,16777216,33554432,5,cycle,insertion,2378,33552605,0.99994555115699768,0.000078555
4,6,4096,16777216,33554432,5,cycle,insertion,2379,33552407,0.99993965029716492,0.000087069
4,6,4096,16777216,33554432,5,cycle,insertion,2380,33552246,0.99993485212326050,0.000093992
4,6,4096,16777216,33554432,5,cycle,insertion,2381,33552057,0.99992921948432922,0.000102118
4,6,4096,16777216,33554432,5,cycle,insertion,2382,33551823,0.99992224574089050,0.000112180
4,6,4096,16777216,33554432,5,cycle,insertion,2383,33551622,0.99991625547409058,0.000120823
4,6,4096,16777216,33554432,5,cycle,insertion,2384,33551419,0.99991020560264587,0.000129552
4,6,4096,16777216,33554432,5,cycle,insertion,2385,33551137,0.99990180134773254,0.000141678
4,6,4096,16777216,33554432,5,cycle,insertion,2386,33550772,0.99989092350006104,0.000157373
4,6,4096,16777216,33554432,5,cycle,insertion,2387,33550346,0.99987822771072388,0.000175691
4,6,4096,16777216,33554432,5,cycle,insertion,2388,33549895,0.99986478686332703,0.000195085
4,6,4096,16777216,33554432,5,cycle,insertion,2389,33549482,0.99985247850418091,0.000212844
4,6,4096,16777216,33554432,5,cycle,insertion,2390,33549064,0.99984002113342285,0.000230819
4,6,4096,16777216,33554432,5,cycle,insertion,2391,33548653,0.99982777237892151,0.000248493
4,6,4096,16777216,33554432,5,cycle,insertion,2392,33548183,0.99981376528739929,0.000268705
4,6,4096,16777216,33554432,5,cycle,insertion,2393,33547703,0.99979946017265320,0.000289347
4,6,4096,16777216,33554432,5,cycle,insertion,2394,33547204,0.99978458881378174,0.000310806
4,6,4096,16777216,33554432,5,cycle,insertion,2395,33546553,0.99976518750190735,0.000338803
4,6,4096,16777216,33554432,5,cycle,insertion,2396,33545934,0.99974673986434937,0.000365423
4,6,4096,16777216,33554432,5,cycle,insertion,2397,33545232,0.99972581863403320,0.000395614
4,6,4096,16777216,33554432,5,cycle,insertion,2398,33544473,0.99970319867134094,0.000428257
4,6,4096,16777216,33554432,5,cycle,insertion,2399,33543734,0.99968117475509644,0.000460041
4,6,4096,16777216,33554432,5,cycle,insertion,2400,33542795,0.99965319037437439,0.000500427
4,6,4096,16777216,33554432,5,cycle,insertion,2401,33541938,0.99962764978408813,0.000537288
4,6,4096,16777216,33554432,5,cycle,insertion,2402,33541006,0.99959987401962280,0.000577375
4,6,4096,16777216,33554432,5,cycle,insertion,2403,33539952,0.99956846237182617,0.000622712
4,6,4096,16777216,33554432,5,cycle,insertion,2404,33538812,0.99953448772430420,0.000671749
4,6,4096,16777216,33554432,5,cycle,insertion,2405,33537818,0.99950486421585083,0.000714507
4,6,4096,16777216,33554432,5,cycle,insertion,2406,33536855,0.99947616457939148,0.000755933
4,6,4096,16777216,33554432,5,cycle,insertion,2407,33535652,0.99944031238555908,0.000807685
4,6,4096,16777216,33554432,5,cycle,insertion,2408,33534350,0.99940150976181030,0.000863697
4,6,4096,16777216,33554432,5,cycle,insertion,2409,33533002,0.99936133623123169,0.000921691
4,6,4096,16777216,33554432,5,cycle,insertion,2410,33531627,0.99932035803794861,0.000980849
4,6,4096,16777216,33554432,5,cycle,insertion,2411,33530130,0.99927574396133423,0.001045259
4,6,4096,16777216,33554432,5,cycle,insertion,2412,33528592,0.99922990798950195,0.001111436
4,6,4096,16777216,33554432,5,cycle,insertion,2413,33527065,0.99918439984321594,0.001177142
4,6,4096,16777216,33554432,5,cycle,insertion,2414,33525418,0.99913531541824341,0.001248016
4,6,4096,16777216,33554432,5,cycle,insertion,2415,33523555,0.99907979369163513,0.001328188
4,6,4096,16777216,33554432,5,cycle,insertion,2416,33521799,0.99902746081352234,0.001403760
4,6,4096,16777216,33554432,5,cycle,insertion,2417,33520064,0.99897575378417969,0.001478432
4,6,4096,16777216,33554432,5,cycle,insertion,2418,33518149,0.99891868233680725,0.001560856
4,6,4096,16777216,33554432,5,cycle,insertion,2419,33515950,0.99885314702987671,0.001655509
4,6,4096,16777216,33554432,5,cycle,insertion,2420,33513718,0.99878662824630737,0.001751588
4,6,4096,16777216,33554432,5,cycle,insertion,2421,33511409,0.99871781468391418,0.001850989
4,6,4096,16777216,33554432,5,cycle,insertion,2422,33508924,0.99864375591278076,0.001957975
4,6,4096,16777216,33554432,5,cycle,insertion,2423,33506319,0.99856612086296082,0.002070135
4,6,4096,16777216,33554432,5,cycle,insertion,2424,33503515,0.99848255515098572,0.002190873
4,6,4096,16777216,33554432,5,cycle,insertion,2425,33500913,0.99840500950813293,0.002302922
4,6,4096,16777216,33554432,5,cycle,insertion,2426,33498203,0.99832424521446228,0.002419631
4,6,4096,16777216,33554432,5,cycle,insertion,2427,33495447,0.99824211001396179,0.002538331
4,6,4096,16777216,33554432,5,cycle,insertion,2428,33492362,0.99815016984939575,0.002671212
4,6,4096,16777216,33554432,5,cycle,insertion,2429,33488938,0.99804812669754028,0.002818710
4,6,4096,16777216,33554432,5,cycle,insertion,2430,33485264,0.99793863296508789,0.002976993
4,6,4096,16777216,33554432,5,cycle,insertion,2431,33481662,0.99783128499984741,0.003132192
4,6,4096,16777216,33554432,5,cycle,insertion,2432,33477778,0.99771553277969360,0.003299560
4,6,4096,16777216,33554432,5,cycle,insertion,2433,33473768,0.99759602546691895,0.003472378
4,6,4096,16777216,33554432,5,cycle,insertion,2434,33469498,0.99746876955032349,0.003656423
4,6,4096,16777216,33554432,5,cycle,insertion,2435,33464892,0.99733150005340576,0.003854977
4,6,4096,16777216,33554432,5,cycle,insertion,2436,33460233,0.99719265103340149,0.004055844
4,6,4096,16777216,33554432,5,cycle,insertion,2437,33455166,0.99704164266586304,0.004274333
4,6,4096,16777216,33554432,5,cycle,insertion,2438,33449934,0.99688571691513062,0.004499971
4,6,4096,16777216,33554432,5,cycle,insertion,2439,33444583,0.99672624468803406,0.004730778
4,6,4096,16777216,33554432,5,cycle,insertion,2440,33438946,0.99655824899673462,0.004973962
4,6,4096,16777216,33554432,5,cycle,insertion,2441,33433129,0.99638488888740540,0.005224953
4,6,4096,16777216,33554432,5,cycle,insertion,2442,33427161,0.99620702862739563,0.005482505
4,6,4096,16777216,33554432,5,cycle,insertion,2443,33420873,0.99601963162422180,0.005753917
4,6,4096,16777216,33554432,5,cycle,insertion,2444,33414003,0.99581488966941833,0.006050508
4,6,4096,16777216,33554432,5,cycle,insertion,2445,33406983,0.99560567736625671,0.006353638
4,6,4096,16777216,33554432,5,cycle,insertion,2446,33399447,0.99538108706474304,0.006679120
4,6,4096,16777216,33554432,5,cycle,insertion,2447,33391828,0.99515402317047119,0.007008261
4,6,4096,16777216,33554432,5,cycle,insertion,2448,33383932,0.99491870403289795,0.007349449
4,6,4096,16777216,33554432,5,cycle,insertion,2449,33375587,0.99467000365257263,0.007710125
4,6,4096,16777216,33554432,5,cycle,insertion,2450,33367040,0.99441528320312500,0.008079625
4,6,4096,16777216,33554432,5,cycle,insertion,2451,33357987,0.99414548277854919,0.008471104
4,6,4096,16777216,33554432,5,cycle,insertion,2452,33348241,0.99385502934455872,0.008892669
4,6,4096,16777216,33554432,5,cycle,insertion,2453,33338369,0.99356082081794739,0.009319810
4,6,4096,16777216,33554432,5,cycle,insertion,2454,33328116,0.99325525760650635,0.009763570
4,6,4096,16777216,33554432,5,cycle,insertion,2455,33317380,0.99293529987335205,0.010228381
4,6,4096,16777216,33554432,5,cycle,insertion,2456,33306234,0.99260312318801880,0.010711101
4,6,4096,16777216,33554432,5,cycle,insertion,2457,33294778,0.99226170778274536,0.011207415
4,6,4096,16777216,33554432,5,cycle,insertion,2458,33282966,0.99190968275070190,0.011719331
4,6,4096,16777216,33554432,5,cycle,insertion,2459,33270655,0.99154278635978699,0.012253067
4,6,4096,16777216,33554432,5,cycle,insertion,2460,33257763,0.99115857481956482,0.012812203
4,6,4096,16777216,33554432,5,cycle,insertion,2461,33243996,0.99074828624725342,0.013409528
4,6,4096,16777216,33554432,5,cycle,insertion,2462,33229780,0.99032461643218994,0.014026594
4,6,4096,16777216,33554432,5,cycle,insertion,2463,33215047,0.98988553881645203,0.014666380
4,6,4096,16777216,33554432,5,cycle,insertion,2464,33199893,0.98943391442298889,0.015324744
4,6,4096,16777216,33554432,5,cycle,insertion,2465,33184292,0.98896896839141846,0.016002842
4,6,4096,16777216,33554432,5,cycle,insertion,2466,33167851,0.98847898840904236,0.016717795
4,6,4096,16777216,33554432,5,cycle,insertion,2467,33151044,0.98797810077667236,0.017449031
4,6,4096,16777216,33554432,5,cycle,insertion,2468,33134127,0.98747393488883972,0.018185427
4,6,4096,16777216,33554432,5,cycle,insertion,2469,33116120,0.98693728446960449,0.018969684
4,6,4096,16777216,33554432,5,cycle,insertion,2470,33097280,0.98637580871582031,0.019790677
4,6,4096,16777216,33554432,5,cycle,insertion,2471,33077927,0.98579904437065125,0.020634512
4,6,4096,16777216,33554432,5,cycle,insertion,2472,33057965,0.98520413041114807,0.021505419
4,6,4096,16777216,33554432,5,cycle,insertion,2473,33037400,0.98459124565124512,0.022403183
4,6,4096,16777216,33554432,5,cycle,insertion,2474,33016059,0.98395523428916931,0.023335414
4,6,4096,16777216,33554432,5,cycle,insertion,2475,32994318,0.98330730199813843,0.024285739
4,6,4096,16777216,33554432,5,cycle,insertion,2476,32971852,0.98263776302337646,0.025268412
4,6,4096,16777216,33554432,5,cycle,insertion,2477,32948446,0.98194020986557007,0.026292913
4,6,4096,16777216,33554432,5,cycle,insertion,2478,32924110,0.98121494054794312,0.027358894
4,6,4096,16777216,33554432,5,cycle,insertion,2479,32898916,0.98046410083770752,0.028463287
4,6,4096,16777216,33554432,5,cycle,insertion,2480,32872871,0.97968789935112000,0.029605874
4,6,4096,16777216,33554432,5,cycle,insertion,2481,32846652,0.97890651226043701,0.030757009
4,6,4096,16777216,33554432,5,cycle,insertion,2482,32819393,0.97809413075447083,0.031954780
4,6,4096,16777216,33554432,5,cycle,insertion,2483,32791607,0.97726604342460632,0.033176731
4,6,4096,16777216,33554432,5,cycle,insertion,2484,32763498,0.97642832994461060,0.034413941
4,6,4096,16777216,33554432,5,cycle,insertion,2485,32734459,0.97556290030479431,0.035693200
4,6,4096,16777216,33554432,5,cycle,insertion,2486,32704605,0.97467318177223206,0.037009546
4,6,4096,16777216,33554432,5,cycle,insertion,2487,32673836,0.97375619411468506,0.038367495
4,6,4096,16777216,33554432,5,cycle,insertion,2488,32642166,0.97281235456466675,0.039766544
4,6,4096,16777216,33554432,5,cycle,insertion,2489,32609174,0.97182911634445190,0.041225438
4,6,4096,16777216,33554432,5,cycle,insertion,2490,32574811,0.97080501914024353,0.042746528
4,6,4096,16777216,33554432,5,cycle,insertion,2491,32539124,0.96974146366119385,0.044327924
4,6,4096,16777216,33554432,5,cycle,insertion,2492,32502243,0.96864232420921326,0.045964053
4,6,4096,16777216,33554432,5,cycle,insertion,2493,32464467,0.96751651167869568,0.047641812
4,6,4096,16777216,33554432,5,cycle,insertion,2494,32426136,0.96637415885925293,0.049346218
4,6,4096,16777216,33554432,5,cycle,insertion,2495,32387011,0.96520814299583435,0.051088008
4,6,4096,16777216,33554432,5,cycle,insertion,2496,32346414,0.96399825811386108,0.052897555
4,6,4096,16777216,33554432,5,cycle,insertion,2497,32304681,0.96275451779365540,0.054760107
4,6,4096,16777216,33554432,5,cycle,insertion,2498,32261959,0.96148130297660828,0.056669292
4,6,4096,16777216,33554432,5,cycle,insertion,2499,32217331,0.96015128493309021,0.058666355
4,6,4096,16777216,33554432,5,cycle,insertion,2500,32172145,0.95880463719367981,0.060691208
4,6,4096,16777216,33554432,5,cycle,insertion,2501,32125052,0.95740115642547607,0.062804546
4,6,4096,16777216,33554432,5,cycle,insertion,2502,32077147,0.95597347617149353,0.064957504
4,6,4096,16777216,33554432,5,cycle,insertion,2503,32027109,0.95448222756385803,0.067209760
4,6,4096,16777216,33554432,5,cycle,insertion,2504,31975607,0.95294734835624695,0.069531589
4,6,4096,16777216,33554432,5,cycle,insertion,2505,31922923,0.95137724280357361,0.071910579
4,6,4096,16777216,33554432,5,cycle,insertion,2506,31869853,0.94979563355445862,0.074310971
4,6,4096,16777216,33554432,5,cycle,insertion,2507,31815018,0.94816142320632935,0.076795398
4,6,4096,16777216,33554432,5,cycle,insertion,2508,31758729,0.94648388028144836,0.079350160
4,6,4096,16777216,33554432,5,cycle,insertion,2509,31701086,0.94476598501205444,0.081971071
4,6,4096,16777216,33554432,5,cycle,insertion,2510,31642400,0.94301700592041016,0.084644307
4,6,4096,16777216,33554432,5,cycle,insertion,2511,31581750,0.94120949506759644,0.087412220
4,6,4096,16777216,33554432,5,cycle,insertion,2512,31518244,0.93931686878204346,0.090316177
4,6,4096,16777216,33554432,5,cycle,insertion,2513,31453666,0.93739229440689087,0.093275159
4,6,4096,16777216,33554432,5,cycle,insertion,2514,31388029,0.93543615937232971,0.096288898
4,6,4096,16777216,33554432,5,cycle,insertion,2515,31321847,0.93346378207206726,0.099334047
4,6,4096,16777216,33554432,5,cycle,insertion,2516,31254770,0.93146473169326782,0.102426950
4,6,4096,16777216,33554432,5,cycle,insertion,2517,31186465,0.92942908406257629,0.105583304
4,6,4096,16777216,33554432,5,cycle,insertion,2518,31116959,0.92735764384269714,0.108802260
4,6,4096,16777216,33554432,5,cycle,insertion,2519,31045200,0.92521905899047852,0.112133110
4,6,4096,16777216,33554432,5,cycle,insertion,2520,30970791,0.92300149798393250,0.115595106
4,6,4096,16777216,33554432,5,cycle,insertion,2521,30895161,0.92074754834175110,0.119122444
4,6,4096,16777216,33554432,5,cycle,insertion,2522,30817794,0.91844183206558228,0.122739741
4,6,4096,16777216,33554432,5,cycle,insertion,2523,30739855,0.91611906886100769,0.126392976
4,6,4096,16777216,33554432,5,cycle,insertion,2524,30659426,0.91372209787368774,0.130172648
4,6,4096,16777216,33554432,5,cycle,insertion,2525,30576977,0.91126492619514465,0.134057554
4,6,4096,16777216,33554432,5,cycle,insertion,2526,30493280,0.90877056121826172,0.138011994
4,6,4096,16777216,33554432,5,cycle,insertion,2527,30407576,0.90621638298034668,0.142072522
4,6,4096,16777216,33554432,5,cycle,insertion,2528,30320051,0.90360793471336365,0.146231156
4,6,4096,16777216,33554432,5,cycle,insertion,2529,30231826,0.90097862482070923,0.150435216
4,6,4096,16777216,33554432,5,cycle,insertion,2530,30141073,0.89827397465705872,0.154772559
4,6,4096,16777216,33554432,5,cycle,insertion,2531,30048518,0.89551562070846558,0.159209497
4,6,4096,16777216,33554432,5,cycle,insertion,2532,29955282,0.89273697137832642,0.163692921
4,6,4096,16777216,33554432,5,cycle,insertion,2533,29858787,0.88986119627952576,0.168347778
4,6,4096,16777216,33554432,5,cycle,insertion,2534,29761353,0.88695743680000305,0.173063221
4,6,4096,16777216,33554432,5,cycle,insertion,2535,29662274,0.88400465250015259,0.177874132
4,6,4096,16777216,33554432,5,cycle,insertion,2536,29560977,0.88098576664924622,0.182809384
4,6,4096,16777216,33554432,5,cycle,insertion,2537,29458072,0.87791895866394043,0.187840325
4,6,4096,16777216,33554432,5,cycle,insertion,2538,29353312,0.87479686737060547,0.192980041
4,6,4096,16777216,33554432,5,cycle,insertion,2539,29247473,0.87164261937141418,0.198191355
4,6,4096,16777216,33554432,5,cycle,insertion,2540,29139771,0.86843284964561462,0.203513796
4,6,4096,16777216,33554432,5,cycle,insertion,2541,29030098,0.86516433954238892,0.208953894
4,6,4096,16777216,33554432,5,cycle,insertion,2542,28918205,0.86182966828346252,0.214525331
4,6,4096,16777216,33554432,5,cycle,insertion,2543,28804421,0.85843864083290100,0.220213077
4,6,4096,16777216,33554432,5,cycle,insertion,2544,28689719,0.85502025485038757,0.225969498
4,6,4096,16777216,33554432,5,cycle,insertion,2545,28573221,0.85154834389686584,0.231839658
4,6,4096,16777216,33554432,5,cycle,insertion,2546,28454562,0.84801203012466431,0.237843363
4,6,4096,16777216,33554432,5,cycle,insertion,2547,28332693,0.84438005089759827,0.244035601
4,6,4096,16777216,33554432,5,cycle,insertion,2548,28209089,0.84069636464118958,0.250343260
4,6,4096,16777216,33554432,5,cycle,insertion,2549,28083898,0.83696538209915161,0.256760142
4,6,4096,16777216,33554432,5,cycle,insertion,2550,27957663,0.83320328593254089,0.263259566
4,6,4096,16777216,33554432,5,cycle,insertion,2551,27829129,0.82937267422676086,0.269907580
4,6,4096,16777216,33554432,5,cycle,insertion,2552,27695961,0.82540395855903625,0.276827737
4,6,4096,16777216,33554432,5,cycle,insertion,2553,27561194,0.82138758897781372,0.283864946
4,6,4096,16777216,33554432,5,cycle,insertion,2554,27424747,0.81732115149497986,0.291025024
4,6,4096,16777216,33554432,5,cycle,insertion,2555,27286503,0.81320115923881531,0.298315823
4,6,4096,16777216,33554432,5,cycle,insertion,2556,27147061,0.80904546380043030,0.305707319
4,6,4096,16777216,33554432,5,cycle,insertion,2557,27005447,0.80482503771781921,0.313252908
4,6,4096,16777216,33554432,5,cycle,insertion,2558,26863113,0.80058315396308899,0.320876836
4,6,4096,16777216,33554432,5,cycle,insertion,2559,26718184,0.79626393318176270,0.328681383
4,6,4096,16777216,33554432,5,cycle,insertion,2560,26570903,0.79187461733818054,0.336656078
4,6,4096,16777216,33554432,5,cycle,insertion,2561,26422117,0.78744044899940491,0.344757273
4,6,4096,16777216,33554432,5,cycle,insertion,2562,26270886,0.78293341398239136,0.353038479
4,6,4096,16777216,33554432,5,cycle,insertion,2563,26119209,0.77841308712959290,0.361392129
4,6,4096,16777216,33554432,5,cycle,insertion,2564,25965960,0.77384591102600098,0.369881771
4,6,4096,16777216,33554432,5,cycle,insertion,2565,25811026,0.76922851800918579,0.378515845
4,6,4096,16777216,33554432,5,cycle,insertion,2566,25652727,0.76451084017753601,0.387391137
4,6,4096,16777216,33554432,5,cycle,insertion,2567,25493815,0.75977489352226257,0.396356055
4,6,4096,16777216,33554432,5,cycle,insertion,2568,25332672,0.75497245788574219,0.405504080
4,6,4096,16777216,33554432,5,cycle,insertion,2569,25170256,0.75013208389282227,0.414783446
4,6,4096,16777216,33554432,5,cycle,insertion,2570,25007189,0.74527230858802795,0.424160439
4,6,4096,16777216,33554432,5,cycle,insertion,2571,24841933,0.74034729599952698,0.433725899
4,6,4096,16777216,33554432,5,cycle,insertion,2572,24676102,0.73540514707565308,0.443388821
4,6,4096,16777216,33554432,5,cycle,insertion,2573,24507657,0.73038509488105774,0.453270771
4,6,4096,16777216,33554432,5,cycle,insertion,2574,24337897,0.72532585263252258,0.463298823
4,6,4096,16777216,33554432,5,cycle,insertion,2575,24168949,0.72029080986976624,0.473348598
4,6,4096,16777216,33554432,5,cycle,insertion,2576,23999220,0.71523249149322510,0.483515818
4,6,4096,16777216,33554432,5,cycle,insertion,2577,23829454,0.71017307043075562,0.493757440
4,6,4096,16777216,33554432,5,cycle,insertion,2578,23659074,0.70509535074234009,0.504109727
4,6,4096,16777216,33554432,5,cycle,insertion,2579,23486595,0.69995507597923279,0.514665764
4,6,4096,16777216,33554432,5,cycle,insertion,2580,23312603,0.69476971030235291,0.525393236
4,6,4096,16777216,33554432,5,cycle,insertion,2581,23136226,0.68951326608657837,0.536349786
4,6,4096,16777216,33554432,5,cycle,insertion,2582,22957779,0.68419513106346130,0.547520257
4,6,4096,16777216,33554432,5,cycle,insertion,2583,22778219,0.67884382605552673,0.558848387
4,6,4096,16777216,33554432,5,cycle,insertion,2584,22597641,0.67346218228340149,0.570331160
4,6,4096,16777216,33554432,5,cycle,insertion,2585,22415704,0.66804003715515137,0.581993526
4,6,4096,16777216,33554432,5,cycle,insertion,2586,22232639,0.66258427500724792,0.593824130
4,6,4096,16777216,33554432,5,cycle,insertion,2587,22049154,0.65711599588394165,0.605780033
4,6,4096,16777216,33554432,5,cycle,insertion,2588,21864339,0.65160807967185974,0.617923602
4,6,4096,16777216,33554432,5,cycle,insertion,2589,21679330,0.64609438180923462,0.630183165
4,6,4096,16777216,33554432,5,cycle,insertion,2590,21495768,0.64062380790710449,0.642450680
4,6,4096,16777216,33554432,5,cycle,insertion,2591,21310359,0.63509818911552429,0.654948438
4,6,4096,16777216,33554432,5,cycle,insertion,2592,21124948,0.62957251071929932,0.667555546
4,6,4096,16777216,33554432,5,cycle,insertion,2593,20938471,0.62401506304740906,0.680347240
4,6,4096,16777216,33554432,5,cycle,insertion,2594,20751794,0.61845165491104126,0.693267272
4,6,4096,16777216,33554432,5,cycle,insertion,2595,20565298,0.61289364099502563,0.706291359
4,6,4096,16777216,33554432,5,cycle,insertion,2596,20377363,0.60729274153709412,0.719535969
4,6,4096,16777216,33554432,5,cycle,insertion,2597,20189005,0.60167923569679260,0.732933526
4,6,4096,16777216,33554432,5,cycle,insertion,2598,20001027,0.59607705473899841,0.746429255
4,6,4096,16777216,33554432,5,cycle,insertion,2599,19812899,0.59047040343284607,0.760063347
4,6,4096,16777216,33554432,5,cycle,insertion,2600,19624548,0.58485710620880127,0.773843910
4,6,4096,16777216,33554432,5,cycle,insertion,2601,19435541,0.57922425866127014,0.787806069
4,6,4096,16777216,33554432,5,cycle,insertion,2602,19246277,0.57358375191688538,0.801923938
4,6,4096,16777216,33554432,5,cycle,insertion,2603,19054533,0.56786933541297913,0.816369086
4,6,4096,16777216,33554432,5,cycle,insertion,2604,18861958,0.56213015317916870,0.831023890
4,6,4096,16777216,33554432,5,cycle,insertion,2605,18669178,0.55638486146926880,0.845844928
4,6,4096,16777216,33554432,5,cycle,insertion,2606,18474173,0.55057325959205627,0.860993552
4,6,4096,16777216,33554432,5,cycle,insertion,2607,18278755,0.54474934935569763,0.876335527
4,6,4096,16777216,33554432,5,cycle,insertion,2608,18083784,0.53893876075744629,0.891806745
4,6,4096,16777216,33554432,5,cycle,insertion,2609,17888657,0.53312352299690247,0.907458255
4,6,4096,16777216,33554432,5,cycle,insertion,2610,17692135,0.52726671099662781,0.923395180
4,6,4096,16777216,33554432,5,cycle,insertion,2611,17496034,0.52142244577407837,0.939475407
4,6,4096,16777216,33554432,5,cycle,insertion,2612,17298969,0.51554945111274719,0.955817278
4,6,4096,16777216,33554432,5,cycle,insertion,2613,17102196,0.50968515872955322,0.972321750
4,6,4096,16777216,33554432,5,cycle,insertion,2614,16905140,0.50381243228912354,0.989041372
4,6,4096,16777216,33554432,5,cycle,insertion,2615,16707472,0.49792146682739258,1.006009879
4,6,4096,16777216,33554432,5,cycle,insertion,2616,16509889,0.49203303456306458,1.023172915
4,6,4096,16777216,33554432,5,cycle,insertion,2617,16313054,0.48616689443588257,1.040476439
4,6,4096,16777216,33554432,5,cycle,insertion,2618,16117293,0.48033276200294495,1.057893881
4,6,4096,16777216,33554432,5,cycle,insertion,2619,15921785,0.47450616955757141,1.075501250
4,6,4096,16777216,33554432,5,cycle,insertion,2620,15725695,0.46866223216056824,1.093379557
4,6,4096,16777216,33554432,5,cycle,insertion,2621,15531375,0.46287104487419128,1.111317778
4,6,4096,16777216,33554432,5,cycle,insertion,2622,15336452,0.45706188678741455,1.129538574
4,6,4096,16777216,33554432,5,cycle,insertion,2623,15143143,0.45130082964897156,1.147838664
4,6,4096,16777216,33554432,5,cycle,insertion,2624,14948447,0.44549843668937683,1.166507726
4,6,4096,16777216,33554432,5,cycle,insertion,2625,14754085,0.43970599770545959,1.185388883
4,6,4096,16777216,33554432,5,cycle,insertion,2626,14558705,0.43388321995735168,1.204621303
4,6,4096,16777216,33554432,5,cycle,insertion,2627,14365861,0.42813602089881897,1.223858874
4,6,4096,16777216,33554432,5,cycle,insertion,2628,14173204,0.42239439487457275,1.243337404
4,6,4096,16777216,33554432,5,cycle,insertion,2629,13981752,0.41668868064880371,1.262958185
4,6,4096,16777216,33554432,5,cycle,insertion,2630,13790786,0.41099745035171509,1.282798651
4,6,4096,16777216,33554432,5,cycle,insertion,2631,13601468,0.40535533428192139,1.302740967
4,6,4096,16777216,33554432,5,cycle,insertion,2632,13413296,0.39974737167358398,1.322839547
4,6,4096,16777216,33554432,5,cycle,insertion,2633,13226742,0.39418762922286987,1.343045594
4,6,4096,16777216,33554432,5,cycle,insertion,2634,13041134,0.38865607976913452,1.363434010
4,6,4096,16777216,33554432,5,cycle,insertion,2635,12857936,0.38319635391235352,1.383844261
4,6,4096,16777216,33554432,5,cycle,insertion,2636,12674482,0.37772899866104126,1.404576550
4,6,4096,16777216,33554432,5,cycle,insertion,2637,12492357,0.37230125069618225,1.425457632
4,6,4096,16777216,33554432,5,cycle,insertion,2638,12311816,0.36692070960998535,1.446459760
4,6,4096,16777216,33554432,5,cycle,insertion,2639,12132402,0.36157375574111938,1.467638129
4,6,4096,16777216,33554432,5,cycle,insertion,2640,11954301,0.35626593232154846,1.488973562
4,6,4096,16777216,33554432,5,cycle,insertion,2641,11778219,0.35101827979087830,1.510381932
4,6,4096,16777216,33554432,5,cycle,insertion,2642,11603964,0.34582507610321045,1.531885611
4,6,4096,16777216,33554432,5,cycle,insertion,2643,11430771,0.34066352248191833,1.553580620
4,6,4096,16777216,33554432,5,cycle,insertion,2644,11258321,0.33552411198616028,1.575511647
4,6,4096,16777216,33554432,5,cycle,insertion,2645,11088036,0.33044922351837158,1.597499489
4,6,4096,16777216,33554432,5,cycle,insertion,2646,10919152,0.32541608810424805,1.619642517
4,6,4096,16777216,33554432,5,cycle,insertion,2647,10751060,0.32040655612945557,1.642024427
4,6,4096,16777216,33554432,5,cycle,insertion,2648,10584746,0.31545001268386841,1.664516686
4,6,4096,16777216,33554432,5,cycle,insertion,2649,10418592,0.31049823760986328,1.687343015
4,6,4096,16777216,33554432,5,cycle,insertion,2650,10252623,0.30555197596549988,1.710510284
4,6,4096,16777216,33554432,5,cycle,insertion,2651,10088533,0.30066171288490295,1.733786932
4,6,4096,16777216,33554432,5,cycle,insertion,2652,9928071,0.29587957262992859,1.756917998
4,6,4096,16777216,33554432,5,cycle,insertion,2653,9768558,0.29112571477890015,1.780285818
4,6,4096,16777216,33554432,5,cycle,insertion,2654,9610686,0.28642076253890991,1.803792018
4,6,4096,16777216,33554432,5,cycle,insertion,2655,9453901,0.28174820542335510,1.827521674
4,6,4096,16777216,33554432,5,cycle,insertion,2656,9299423,0.27714440226554871,1.851290226
4,6,4096,16777216,33554432,5,cycle,insertion,2657,9145698,0.27256304025650024,1.875338150
4,6,4096,16777216,33554432,5,cycle,insertion,2658,8993591,0.26802989840507507,1.899534154
4,6,4096,16777216,33554432,5,cycle,insertion,2659,8842342,0.26352232694625854,1.924002895
4,6,4096,16777216,33554432,5,cycle,insertion,2660,8690813,0.25900641083717346,1.948940287
4,6,4096,16777216,33554432,5,cycle,insertion,2661,8539844,0.25450718402862549,1.974221715
4,6,4096,16777216,33554432,5,cycle,insertion,2662,8391072,0.25007343292236328,1.999576297
4,6,4096,16777216,33554432,5,cycle,insertion,2663,8244138,0.24569445848464966,2.025062776
4,6,4096,16777216,33554432,5,cycle,insertion,2664,8099412,0.24138128757476807,2.050614255
4,6,4096,16777216,33554432,5,cycle,insertion,2665,7955689,0.23709800839424133,2.076444551
4,6,4096,16777216,33554432,5,cycle,insertion,2666,7813850,0.23287087678909302,2.102397870
4,6,4096,16777216,33554432,5,cycle,insertion,2667,7673736,0.22869515419006348,2.128502298
4,6,4096,16777216,33554432,5,cycle,insertion,2668,7535802,0.22458440065383911,2.154670371
4,6,4096,16777216,33554432,5,cycle,insertion,2669,7398801,0.22050145268440247,2.181139934
4,6,4096,16777216,33554432,5,cycle,insertion,2670,7263619,0.21647271513938904,2.207742900
4,6,4096,16777216,33554432,5,cycle,insertion,2671,7130295,0.21249935030937195,2.234469664
4,6,4096,16777216,33554432,5,cycle,insertion,2672,6996704,0.20851802825927734,2.261755972
4,6,4096,16777216,33554432,5,cycle,insertion,2673,6864617,0.20458152890205383,2.289252201
4,6,4096,16777216,33554432,5,cycle,insertion,2674,6734704,0.20070981979370117,2.316816892
4,6,4096,16777216,33554432,5,cycle,insertion,2675,6607340,0.19691407680511475,2.344361846
4,6,4096,16777216,33554432,5,cycle,insertion,2676,6482237,0.19318571686744690,2.371939662
4,6,4096,16777216,33554432,5,cycle,insertion,2677,6358157,0.18948784470558167,2.399822790
4,6,4096,16777216,33554432,5,cycle,insertion,2678,6234340,0.18579781055450439,2.428194594
4,6,4096,16777216,33554432,5,cycle,insertion,2679,6112787,0.18217524886131287,2.456601133
4,6,4096,16777216,33554432,5,cycle,insertion,2680,5992434,0.17858844995498657,2.485289316
4,6,4096,16777216,33554432,5,cycle,insertion,2681,5874717,0.17508020997047424,2.513912076
4,6,4096,16777216,33554432,5,cycle,insertion,2682,5758457,0.17161539196968079,2.542749143
4,6,4096,16777216,33554432,5,cycle,insertion,2683,5643455,0.16818806529045105,2.571852760
4,6,4096,16777216,33554432,5,cycle,insertion,2684,5530897,0.16483357548713684,2.600917955
4,6,4096,16777216,33554432,5,cycle,insertion,2685,5419472,0.16151285171508789,2.630279129
4,6,4096,16777216,33554432,5,cycle,insertion,2686,5308878,0.15821689367294312,2.660024443
4,6,4096,16777216,33554432,5,cycle,insertion,2687,5200277,0.15498033165931702,2.689842958
4,6,4096,16777216,33554432,5,cycle,insertion,2688,5092411,0.15176567435264587,2.720082569
4,6,4096,16777216,33554432,5,cycle,insertion,2689,4985855,0.14859005808830261,2.750590504
4,6,4096,16777216,33554432,5,cycle,insertion,2690,4881765,0.14548793435096741,2.781028583
4,6,4096,16777216,33554432,5,cycle,insertion,2691,4779312,0.14243459701538086,2.811628479
4,6,4096,16777216,33554432,5,cycle,insertion,2692,4677797,0.13940921425819397,2.842602176
4,6,4096,16777216,33554432,5,cycle,insertion,2693,4578290,0.13644367456436157,2.873622581
4,6,4096,16777216,33554432,5,cycle,insertion,2694,4480441,0.13352754712104797,2.904790690
4,6,4096,16777216,33554432,5,cycle,insertion,2695,4383882,0.13064986467361450,2.936222465
4,6,4096,16777216,33554432,5,cycle,insertion,2696,4288508,0.12780749797821045,2.967955619
4,6,4096,16777216,33554432,5,cycle,insertion,2697,4194130,0.12499481439590454,3.000059851
4,6,4096,16777216,33554432,5,cycle,insertion,2698,4101106,0.12222248315811157,3.032418398
4,6,4096,16777216,33554432,5,cycle,insertion,2699,4009193,0.11948326230049133,3.065119561
4,6,4096,16777216,33554432,5,cycle,insertion,2700,3919750,0.11681765317916870,3.097669788
4,6,4096,16777216,33554432,5,cycle,insertion,2701,3831500,0.11418759822845459,3.130522125
4,6,4096,16777216,33554432,5,cycle,insertion,2702,3744579,0.11159715056419373,3.163627904
4,6,4096,16777216,33554432,5,cycle,insertion,2703,3659005,0.10904684662818909,3.196980044
4,6,4096,16777216,33554432,5,cycle,insertion,2704,3574323,0.10652312636375427,3.230761419
4,6,4096,16777216,33554432,5,cycle,insertion,2705,3492199,0.10407564043998718,3.264295659
4,6,4096,16777216,33554432,5,cycle,insertion,2706,3410446,0.10163921117782593,3.298471011
4,6,4096,16777216,33554432,5,cycle,insertion,2707,3331061,0.09927335381507874,3.332449657
4,6,4096,16777216,33554432,5,cycle,insertion,2708,3251986,0.09691673517227173,3.367110384
4,6,4096,16777216,33554432,5,cycle,insertion,2709,3173578,0.09457999467849731,3.402321129
4,6,4096,16777216,33554432,5,cycle,insertion,2710,3097836,0.09232270717620850,3.437170661
4,6,4096,16777216,33554432,5,cycle,insertion,2711,3024017,0.09012272953987122,3.471965181
4,6,4096,16777216,33554432,5,cycle,insertion,2712,2950949,0.08794513344764709,3.507252443
4,6,4096,16777216,33554432,5,cycle,insertion,2713,2880521,0.08584621548652649,3.542101655
4,6,4096,16777216,33554432,5,cycle,insertion,2714,2810894,0.08377116918563843,3.577402381
4,6,4096,16777216,33554432,5,cycle,insertion,2715,2742390,0.08172959089279175,3.612997677
4,6,4096,16777216,33554432,5,cycle,insertion,2716,2676017,0.07975152134895325,3.648344150
4,6,4096,16777216,33554432,5,cycle,insertion,2717,2611597,0.07783165574073792,3.683499141
4,6,4096,16777216,33554432,5,cycle,insertion,2718,2548306,0.07594543695449829,3.718892904
4,6,4096,16777216,33554432,5,cycle,insertion,2719,2487065,0.07412031292915344,3.753987217
4,6,4096,16777216,33554432,5,cycle,insertion,2720,2426185,0.07230594754219055,3.789741869
4,6,4096,16777216,33554432,5,cycle,insertion,2721,2366005,0.07051244378089905,3.825978308
4,6,4096,16777216,33554432,5,cycle,insertion,2722,2308056,0.06878542900085449,3.861753202
4,6,4096,16777216,33554432,5,cycle,insertion,2723,2250949,0.06708350777626038,3.897898061
4,6,4096,16777216,33554432,5,cycle,insertion,2724,2195030,0.06541699171066284,3.934190773
4,6,4096,16777216,33554432,5,cycle,insertion,2725,2139539,0.06376323103904724,3.971131454
4,6,4096,16777216,33554432,5,cycle,insertion,2726,2085974,0.06216686964035034,4.007710255
4,6,4096,16777216,33554432,5,cycle,insertion,2727,2032999,0.06058809161186218,4.044821925
4,6,4096,16777216,33554432,5,cycle,insertion,2728,1980785,0.05903199315071106,4.082359136
4,6,4096,16777216,33554432,5,cycle,insertion,2729,1930342,0.05752867460250854,4.119574957
4,6,4096,16777216,33554432,5,cycle,insertion,2730,1880419,0.05604085326194763,4.157377268
4,6,4096,16777216,33554432,5,cycle,insertion,2731,1831539,0.05458411574363708,4.195375009
4,6,4096,16777216,33554432,5,cycle,insertion,2732,1783280,0.05314588546752930,4.233898187
4,6,4096,16777216,33554432,5,cycle,insertion,2733,1736386,0.05174833536148071,4.272343735
4,6,4096,16777216,33554432,5,cycle,insertion,2734,1690962,0.05039459466934204,4.310587191
4,6,4096,16777216,33554432,5,cycle,insertion,2735,1646304,0.04906368255615234,4.349200668
4,6,4096,16777216,33554432,5,cycle,insertion,2736,1601924,0.04774105548858643,4.388625727
4,6,4096,16777216,33554432,5,cycle,insertion,2737,1558840,0.04645705223083496,4.427958574
4,6,4096,16777216,33554432,5,cycle,insertion,2738,1516461,0.04519405961036682,4.467723035
4,6,4096,16777216,33554432,5,cycle,insertion,2739,1475490,0.04397302865982056,4.507237288
4,6,4096,16777216,33554432,5,cycle,insertion,2740,1435006,0.04276651144027710,4.547374662
4,6,4096,16777216,33554432,5,cycle,insertion,2741,1395635,0.04159316420555115,4.587509747
4,6,4096,16777216,33554432,5,cycle,insertion,2742,1357218,0.04044824838638306,4.627778962
4,6,4096,16777216,33554432,5,cycle,insertion,2743,1319406,0.03932136297225952,4.668542860
4,6,4096,16777216,33554432,5,cycle,insertion,2744,1281741,0.03819885849952698,4.710326663
4,6,4096,16777216,33554432,5,cycle,insertion,2745,1244886,0.03710049390792847,4.752417797
4,6,4096,16777216,33554432,5,cycle,insertion,2746,1209198,0.03603690862655640,4.794380933
4,6,4096,16777216,33554432,5,cycle,insertion,2747,1174350,0.03499835729598999,4.836568981
4,6,4096,16777216,33554432,5,cycle,insertion,2748,1141296,0.03401327133178711,4.877758421
4,6,4096,16777216,33554432,5,cycle,insertion,2749,1108545,0.03303721547126770,4.919764095
4,6,4096,16777216,33554432,5,cycle,insertion,2750,1076175,0.03207251429557800,4.962518733
4,6,4096,16777216,33554432,5,cycle,insertion,2751,1045148,0.03114783763885498,5.004724179
4,6,4096,16777216,33554432,5,cycle,insertion,2752,1015130,0.03025323152542114,5.046766936
4,6,4096,16777216,33554432,5,cycle,insertion,2753,985946,0.02938348054885864,5.088850893
4,6,4096,16777216,33554432,5,cycle,insertion,2754,957378,0.02853208780288696,5.131270871
4,6,4096,16777216,33554432,5,cycle,insertion,2755,929093,0.02768912911415100,5.174536511
4,6,4096,16777216,33554432,5,cycle,insertion,2756,901846,0.02687710523605347,5.217478427
4,6,4096,16777216,33554432,5,cycle,insertion,2757,875834,0.02610188722610474,5.259702069
4,6,4096,16777216,33554432,5,cycle,insertion,2758,850242,0.02533918619155884,5.302485999
4,6,4096,16777216,33554432,5,cycle,insertion,2759,825356,0.02459752559661865,5.345342996
4,6,4096,16777216,33554432,5,cycle,insertion,2760,801315,0.02388104796409607,5.387990042
4,6,4096,16777216,33554432,5,cycle,insertion,2761,778183,0.02319166064262390,5.430250062
4,6,4096,16777216,33554432,5,cycle,insertion,2762,756127,0.02253434062004089,5.471730954
4,6,4096,16777216,33554432,5,cycle,insertion,2763,735246,0.02191203832626343,5.512132495
4,6,4096,16777216,33554432,5,cycle,insertion,2764,713876,0.02127516269683838,5.554686025
4,6,4096,16777216,33554432,5,cycle,insertion,2765,693025,0.02065375447273254,5.597452129
4,6,4096,16777216,33554432,5,cycle,insertion,2766,672414,0.02003949880599976,5.641009763
4,6,4096,16777216,33554432,5,cycle,insertion,2767,652331,0.01944097876548767,5.684755336
4,6,4096,16777216,33554432,5,cycle,insertion,2768,632825,0.01885965466499329,5.728552930
4,6,4096,16777216,33554432,5,cycle,insertion,2769,613985,0.01829817891120911,5.772156115
4,6,4096,16777216,33554432,5,cycle,insertion,2770,595391,0.01774403452873230,5.816522112
4,6,4096,16777216,33554432,5,cycle,insertion,2771,577648,0.01721525192260742,5.860168897
4,6,4096,16777216,33554432,5,cycle,insertion,2772,560345,0.01669958233833313,5.904044169
4,6,4096,16777216,33554432,5,cycle,insertion,2773,543571,0.01619967818260193,5.947891036
4,6,4096,16777216,33554432,5,cycle,insertion,2774,527310,0.01571506261825562,5.991708169
4,6,4096,16777216,33554432,5,cycle,insertion,2775,511122,0.01523262262344360,6.036691836
4,6,4096,16777216,33554432,5,cycle,insertion,2776,495467,0.01476606726646423,6.081570554
4,6,4096,16777216,33554432,5,cycle,insertion,2777,480680,0.01432538032531738,6.125282748
4,6,4096,16777216,33554432,5,cycle,insertion,2778,466375,0.01389905810356140,6.168869071
4,6,4096,16777216,33554432,5,cycle,insertion,2779,452618,0.01348906755447388,6.212065566
4,6,4096,16777216,33554432,5,cycle,insertion,2780,439343,0.01309344172477722,6.255011818
4,6,4096,16777216,33554432,5,cycle,insertion,2781,426499,0.01271066069602966,6.297817167
4,6,4096,16777216,33554432,5,cycle,insertion,2782,413818,0.01233273744583130,6.341363126
4,6,4096,16777216,33554432,5,cycle,insertion,2783,401532,0.01196658611297607,6.384844558
4,6,4096,16777216,33554432,5,cycle,insertion,2784,389039,0.01159426569938660,6.430444737
4,6,4096,16777216,33554432,5,cycle,insertion,2785,376936,0.01123356819152832,6.476039937
4,6,4096,16777216,33554432,5,cycle,insertion,2786,365306,0.01088696718215942,6.521254076
4,6,4096,16777216,33554432,5,cycle,insertion,2787,354057,0.01055172085762024,6.566377886
4,6,4096,16777216,33554432,5,cycle,insertion,2788,343421,0.01023474335670471,6.610381264
4,6,4096,16777216,33554432,5,cycle,insertion,2789,333131,0.00992807745933533,6.654269913
4,6,4096,16777216,33554432,5,cycle,insertion,2790,322979,0.00962552428245544,6.698919161
4,6,4096,16777216,33554432,5,cycle,insertion,2791,312840,0.00932335853576660,6.744934537
4,6,4096,16777216,33554432,5,cycle,insertion,2792,302968,0.00902915000915527,6.791194104
4,6,4096,16777216,33554432,5,cycle,insertion,2793,293476,0.00874626636505127,6.837116999
4,6,4096,16777216,33554432,5,cycle,insertion,2794,284440,0.00847697257995605,6.882235164
4,6,4096,16777216,33554432,5,cycle,insertion,2795,275446,0.00820893049240112,6.928590013
4,6,4096,16777216,33554432,5,cycle,insertion,2796,266669,0.00794735550880432,6.975309403
4,6,4096,16777216,33554432,5,cycle,insertion,2797,258167,0.00769397616386414,7.022054925
4,6,4096,16777216,33554432,5,cycle,insertion,2798,249870,0.00744670629501343,7.069181827
4,6,4096,16777216,33554432,5,cycle,insertion,2799,241708,0.00720345973968506,7.117094302
4,6,4096,16777216,33554432,5,cycle,insertion,2800,233829,0.00696864724159241,7.164905658
4,6,4096,16777216,33554432,5,cycle,insertion,2801,226186,0.00674086809158325,7.212849890
4,6,4096,16777216,33554432,5,cycle,insertion,2802,218788,0.00652039051055908,7.260825914
4,6,4096,16777216,33554432,5,cycle,insertion,2803,211724,0.00630986690521240,7.308174710
4,6,4096,16777216,33554432,5,cycle,insertion,2804,204866,0.00610548257827759,7.355678954
4,6,4096,16777216,33554432,5,cycle,insertion,2805,198139,0.00590500235557556,7.403846650
4,6,4096,16777216,33554432,5,cycle,insertion,2806,191507,0.00570735335350037,7.452962399
4,6,4096,16777216,33554432,5,cycle,insertion,2807,185238,0.00552052259445190,7.500979440
4,6,4096,16777216,33554432,5,cycle,insertion,2808,179066,0.00533658266067505,7.549868093
4,6,4096,16777216,33554432,5,cycle,insertion,2809,172915,0.00515326857566833,7.600296500
4,6,4096,16777216,33554432,5,cycle,insertion,2810,167155,0.00498160719871521,7.649173016
4,6,4096,16777216,33554432,5,cycle,insertion,2811,161501,0.00481310486793518,7.698816428
4,6,4096,16777216,33554432,5,cycle,insertion,2812,156164,0.00465404987335205,7.747297614
4,6,4096,16777216,33554432,5,cycle,insertion,2813,150990,0.00449985265731812,7.795906522
4,6,4096,16777216,33554432,5,cycle,insertion,2814,146036,0.00435221195220947,7.844035467
4,6,4096,16777216,33554432,5,cycle,insertion,2815,141512,0.00421738624572754,7.889435129
4,6,4096,16777216,33554432,5,cycle,insertion,2816,137095,0.00408574938774109,7.935183570
4,6,4096,16777216,33554432,5,cycle,insertion,2817,132705,0.00395491719245911,7.982136797
4,6,4096,16777216,33554432,5,cycle,insertion,2818,128226,0.00382143259048462,8.031670703
4,6,4096,16777216,33554432,5,cycle,insertion,2819,123766,0.00368851423263550,8.082744482
4,6,4096,16777216,33554432,5,cycle,insertion,2820,119527,0.00356218218803406,8.133022980
4,6,4096,16777216,33554432,5,cycle,insertion,2821,115829,0.00345197319984436,8.178363021
4,6,4096,16777216,33554432,5,cycle,insertion,2822,112161,0.00334265828132629,8.224788408
4,6,4096,16777216,33554432,5,cycle,insertion,2823,108659,0.00323829054832458,8.270551851
4,6,4096,16777216,33554432,5,cycle,insertion,2824,105071,0.00313135981559753,8.318994991
4,6,4096,16777216,33554432,5,cycle,insertion,2825,101561,0.00302675366401672,8.368013020
4,6,4096,16777216,33554432,5,cycle,insertion,2826,98116,0.00292408466339111,8.417799201
4,6,4096,16777216,33554432,5,cycle,insertion,2827,94637,0.00282040238380432,8.469883280
4,6,4096,16777216,33554432,5,cycle,insertion,2828,91349,0.00272241234779358,8.520898685
4,6,4096,16777216,33554432,5,cycle,insertion,2829,88137,0.00262668728828430,8.572539829
4,6,4096,16777216,33554432,5,cycle,insertion,2830,85116,0.00253665447235107,8.622857267
4,6,4096,16777216,33554432,5,cycle,insertion,2831,81938,0.00244194269180298,8.677754942
4,6,4096,16777216,33554432,5,cycle,insertion,2832,79028,0.00235521793365479,8.729923723
4,6,4096,16777216,33554432,5,cycle,insertion,2833,75844,0.00226032733917236,8.789252567
4,6,4096,16777216,33554432,5,cycle,insertion,2834,72893,0.00217238068580627,8.846507343
4,6,4096,16777216,33554432,5,cycle,insertion,2835,69940,0.00208437442779541,8.906169824
4,6,4096,16777216,33554432,5,cycle,insertion,2836,67082,0.00199919939041138,8.966361918
4,6,4096,16777216,33554432,5,cycle,insertion,2837,64393,0.00191906094551086,9.025383755
4,6,4096,16777216,33554432,5,cycle,insertion,2838,61955,0.00184640288352966,9.081066903
4,6,4096,16777216,33554432,5,cycle,insertion,2839,59609,0.00177648663520813,9.136757450
4,6,4096,16777216,33554432,5,cycle,insertion,2840,57316,0.00170814990997314,9.193349691
4,6,4096,16777216,33554432,5,cycle,insertion,2841,55042,0.00164037942886353,9.251754728
4,6,4096,16777216,33554432,5,cycle,insertion,2842,53025,0.00158026814460754,9.305614905
4,6,4096,16777216,33554432,5,cycle,insertion,2843,51121,0.00152352452278137,9.358371563
4,6,4096,16777216,33554432,5,cycle,insertion,2844,49120,0.00146389007568359,9.415977060
4,6,4096,16777216,33554432,5,cycle,insertion,2845,47261,0.00140848755836487,9.471637465
4,6,4096,16777216,33554432,5,cycle,insertion,2846,45524,0.00135672092437744,9.525660294
4,6,4096,16777216,33554432,5,cycle,insertion,2847,43702,0.00130242109298706,9.584588315
4,6,4096,16777216,33554432,5,cycle,insertion,2848,41833,0.00124672055244446,9.647646158
4,6,4096,16777216,33554432,5,cycle,insertion,2849,40013,0.00119248032569885,9.711818821
4,6,4096,16777216,33554432,5,cycle,insertion,2850,38219,0.00113901495933533,9.777997590
4,6,4096,16777216,33554432,5,cycle,insertion,2851,36547,0.00108918547630310,9.842534635
4,6,4096,16777216,33554432,5,cycle,insertion,2852,34858,0.00103884935379028,9.910797824
4,6,4096,16777216,33554432,5,cycle,insertion,2853,33274,0.00099164247512817,9.977892312
4,6,4096,16777216,33554432,5,cycle,insertion,2854,31775,0.00094696879386902,10.044395495
4,6,4096,16777216,33554432,5,cycle,insertion,2855,30396,0.00090587139129639,10.108406138
4,6,4096,16777216,33554432,5,cycle,insertion,2856,29120,0.00086784362792969,10.170277265
4,6,4096,16777216,33554432,5,cycle,insertion,2857,27867,0.00083050131797791,10.233729922
4,6,4096,16777216,33554432,5,cycle,insertion,2858,26622,0.00079339742660522,10.299668661
4,6,4096,16777216,33554432,5,cycle,insertion,2859,25473,0.00075915455818176,10.363318742
4,6,4096,16777216,33554432,5,cycle,insertion,2860,24352,0.00072574615478516,10.428247356
4,6,4096,16777216,33554432,5,cycle,insertion,2861,23292,0.00069415569305420,10.492453097
4,6,4096,16777216,33554432,5,cycle,insertion,2862,22290,0.00066429376602173,10.555891004
4,6,4096,16777216,33554432,5,cycle,insertion,2863,21304,0.00063490867614746,10.621163287
4,6,4096,16777216,33554432,5,cycle,insertion,2864,20403,0.00060805678367615,10.683506323
4,6,4096,16777216,33554432,5,cycle,insertion,2865,19607,0.00058433413505554,10.740918810
4,6,4096,16777216,33554432,5,cycle,insertion,2866,18811,0.00056061148643494,10.800711075
4,6,4096,16777216,33554432,5,cycle,insertion,2867,18018,0.00053697824478149,10.862848740
4,6,4096,16777216,33554432,5,cycle,insertion,2868,17367,0.00051757693290710,10.915939058
4,6,4096,16777216,33554432,5,cycle,insertion,2869,16739,0.00049886107444763,10.969074278
4,6,4096,16777216,33554432,5,cycle,insertion,2870,16049,0.00047829747200012,11.029804213
4,6,4096,16777216,33554432,5,cycle,insertion,2871,15375,0.00045821070671082,11.091701210
4,6,4096,16777216,33554432,5,cycle,insertion,2872,14701,0.00043812394142151,11.156373326
4,6,4096,16777216,33554432,5,cycle,insertion,2873,14088,0.00041985511779785,11.217820806
4,6,4096,16777216,33554432,5,cycle,insertion,2874,13470,0.00040143728256226,11.282537770
4,6,4096,16777216,33554432,5,cycle,insertion,2875,12847,0.00038287043571472,11.350856116
4,6,4096,16777216,33554432,5,cycle,insertion,2876,12289,0.00036624073982239,11.414920097
4,6,4096,16777216,33554432,5,cycle,insertion,2877,11751,0.00035020709037781,11.479504086
4,6,4096,16777216,33554432,5,cycle,insertion,2878,11270,0.00033587217330933,11.539800105
4,6,4096,16777216,33554432,5,cycle,insertion,2879,10750,0.00032037496566772,11.607950961
4,6,4096,16777216,33554432,5,cycle,insertion,2880,10225,0.00030472874641418,11.680186777
4,6,4096,16777216,33554432,5,cycle,insertion,2881,9749,0.00029054284095764,11.748961473
4,6,4096,16777216,33554432,5,cycle,insertion,2882,9282,0.00027662515640259,11.819780018
4,6,4096,16777216,33554432,5,cycle,insertion,2883,8848,0.00026369094848633,11.888864330
4,6,4096,16777216,33554432,5,cycle,insertion,2884,8484,0.00025284290313721,11.949471094
4,6,4096,16777216,33554432,5,cycle,insertion,2885,8083,0.00024089217185974,12.019324868
4,6,4096,16777216,33554432,5,cycle,insertion,2886,7673,0.00022867321968079,12.094424960
4,6,4096,16777216,33554432,5,cycle,insertion,2887,7284,0.00021708011627197,12.169484793
4,6,4096,16777216,33554432,5,cycle,insertion,2888,6866,0.00020462274551392,12.254745858
4,6,4096,16777216,33554432,5,cycle,insertion,2889,6525,0.00019446015357971,12.328237814
4,6,4096,16777216,33554432,5,cycle,insertion,2890,6191,0.00018450617790222,12.404043256
4,6,4096,16777216,33554432,5,cycle,insertion,2891,5811,0.00017318129539490,12.495429261
4,6,4096,16777216,33554432,5,cycle,insertion,2892,5489,0.00016358494758606,12.577672376
4,6,4096,16777216,33554432,5,cycle,insertion,2893,5164,0.00015389919281006,12.665726715
4,6,4096,16777216,33554432,5,cycle,insertion,2894,4894,0.00014585256576538,12.743201614
4,6,4096,16777216,33554432,5,cycle,insertion,2895,4647,0.00013849139213562,12.817916070
4,6,4096,16777216,33554432,5,cycle,insertion,2896,4395,0.00013098120689392,12.898352550
4,6,4096,16777216,33554432,5,cycle,insertion,2897,4127,0.00012299418449402,12.989122277
4,6,4096,16777216,33554432,5,cycle,insertion,2898,3923,0.00011691451072693,13.062258380
4,6,4096,16777216,33554432,5,cycle,insertion,2899,3722,0.00011092424392700,13.138137660
4,6,4096,16777216,33554432,5,cycle,insertion,2900,3551,0.00010582804679871,13.205990355
4,6,4096,16777216,33554432,5,cycle,insertion,2901,3374,0.00010055303573608,13.279755742
4,6,4096,16777216,33554432,5,cycle,insertion,2902,3209,0.00009563565254211,13.352091926
4,6,4096,16777216,33554432,5,cycle,insertion,2903,3098,0.00009232759475708,13.402878571
4,6,4096,16777216,33554432,5,cycle,insertion,2904,3005,0.00008955597877502,13.446850724
4,6,4096,16777216,33554432,5,cycle,insertion,2905,2890,0.00008612871170044,13.503146223
4,6,4096,16777216,33554432,5,cycle,insertion,2906,2737,0.00008156895637512,13.581620281
4,6,4096,16777216,33554432,5,cycle,insertion,2907,2545,0.00007584691047668,13.686550059
4,6,4096,16777216,33554432,5,cycle,insertion,2908,2371,0.00007066130638123,13.788720053
4,6,4096,16777216,33554432,5,cycle,insertion,2909,2226,0.00006633996963501,13.879762123
4,6,4096,16777216,33554432,5,cycle,insertion,2910,2071,0.00006172060966492,13.983888162
4,6,4096,16777216,33554432,5,cycle,insertion,2911,1909,0.00005689263343811,14.101398613
4,6,4096,16777216,33554432,5,cycle,insertion,2912,1791,0.00005337595939636,14.193450378
4,6,4096,16777216,33554432,5,cycle,insertion,2913,1710,0.00005096197128296,14.260219390
4,6,4096,16777216,33554432,5,cycle,insertion,2914,1637,0.00004878640174866,14.323161394
4,6,4096,16777216,33554432,5,cycle,insertion,2915,1559,0.00004646182060242,14.393594787
4,6,4096,16777216,33554432,5,cycle,insertion,2916,1510,0.00004500150680542,14.439667166
4,6,4096,16777216,33554432,5,cycle,insertion,2917,1453,0.00004330277442932,14.495181012
4,6,4096,16777216,33554432,5,cycle,insertion,2918,1397,0.00004163384437561,14.551883695
4,6,4096,16777216,33554432,5,cycle,insertion,2919,1337,0.00003984570503235,14.615216250
4,6,4096,16777216,33554432,5,cycle,insertion,2920,1262,0.00003761053085327,14.698503805
4,6,4096,16777216,33554432,5,cycle,insertion,2921,1224,0.00003647804260254,14.742612157
4,6,4096,16777216,33554432,5,cycle,insertion,2922,1197,0.00003567337989807,14.774792563
4,6,4096,16777216,33554432,5,cycle,insertion,2923,1167,0.00003477931022644,14.811411154
4,6,4096,16777216,33554432,5,cycle,insertion,2924,1156,0.00003445148468018,14.825074317
4,6,4096,16777216,33554432,5,cycle,insertion,2925,1137,0.00003388524055481,14.848983461
4,6,4096,16777216,33554432,5,cycle,insertion,2926,1109,0.00003305077552795,14.884956350
4,6,4096,16777216,33554432,5,cycle,insertion,2927,1081,0.00003221631050110,14.921849192
4,6,4096,16777216,33554432,5,cycle,insertion,2928,1066,0.00003176927566528,14.942008277
4,6,4096,16777216,33554432,5,cycle,insertion,2929,1040,0.00003099441528320,14.977632187
4,6,4096,16777216,33554432,5,cycle,insertion,2930,1010,0.00003010034561157,15.019860422
4,6,4096,16777216,33554432,5,cycle,insertion,2931,992,0.00002956390380859,15.045803690
4,6,4096,16777216,33554432,5,cycle,insertion,2932,954,0.00002843141555786,15.102154544
4,6,4096,16777216,33554432,5,cycle,insertion,2933,939,0.00002798438072205,15.125018652
4,6,4096,16777216,33554432,5,cycle,insertion,2934,910,0.00002712011337280,15.170277265
4,6,4096,16777216,33554432,5,cycle,insertion,2935,879,0.00002619624137878,15.220280645
4,6,4096,16777216,33554432,5,cycle,insertion,2936,861,0.00002565979957581,15.250130573
4,6,4096,16777216,33554432,5,cycle,insertion,2937,824,0.00002455711364746,15.313499473
4,6,4096,16777216,33554432,5,cycle,insertion,2938,794,0.00002366304397583,15.367004803
4,6,4096,16777216,33554432,5,cycle,insertion,2939,760,0.00002264976501465,15.430144392
4,6,4096,16777216,33554432,5,cycle,insertion,2940,739,0.00002202391624451,15.470569446
4,6,4096,16777216,33554432,5,cycle,insertion,2941,713,0.00002124905586243,15.522241734
4,6,4096,16777216,33554432,5,cycle,insertion,2942,685,0.00002041459083557,15.580039822
4,6,4096,16777216,33554432,5,cycle,insertion,2943,661,0.00001969933509827,15.631493538
4,6,4096,16777216,33554432,5,cycle,insertion,2944,641,0.00001910328865051,15.675819453
4,6,4096,16777216,33554432,5,cycle,insertion,2945,618,0.00001841783523560,15.728536972
4,6,4096,16777216,33554432,5,cycle,insertion,2946,596,0.00001776218414307,15.780831480
4,6,4096,16777216,33554432,5,cycle,insertion,2947,577,0.00001719594001770,15.827572491
4,6,4096,16777216,33554432,5,cycle,insertion,2948,557,0.00001659989356995,15.878466483
4,6,4096,16777216,33554432,5,cycle,insertion,2949,542,0.00001615285873413,15.917850959
4,6,4096,16777216,33554432,5,cycle,insertion,2950,517,0.00001540780067444,15.985979530
4,6,4096,16777216,33554432,5,cycle,insertion,2951,469,0.00001397728919983,16.126555887
4,6,4096,16777216,33554432,5,cycle,insertion,2952,438,0.00001305341720581,16.225212940
4,6,4096,16777216,33554432,5,cycle,insertion,2953,385,0.00001147389411926,16.411285364
4,6,4096,16777216,33554432,5,cycle,insertion,2954,348,0.00001037120819092,16.557056504
4,6,4096,16777216,33554432,5,cycle,insertion,2955,328,0.00000977516174316,16.642447995
4,6,4096,16777216,33554432,5,cycle,insertion,2956,295,0.00000879168510437,16.795428856
4,6,4096,16777216,33554432,5,cycle,insertion,2957,266,0.00000792741775513,16.944717564
4,6,4096,16777216,33554432,5,cycle,insertion,2958,246,0.00000733137130737,17.057485495
4,6,4096,16777216,33554432,5,cycle,insertion,2959,240,0.00000715255737305,17.093109404
4,6,4096,16777216,33554432,5,cycle,insertion,2960,234,0.00000697374343872,17.129635280
4,6,4096,16777216,33554432,5,cycle,insertion,2961,224,0.00000667572021484,17.192645078
4,6,4096,16777216,33554432,5,cycle,insertion,2962,220,0.00000655651092529,17.218640286
4,6,4096,16777216,33554432,5,cycle,insertion,2963,218,0.00000649690628052,17.231815675
4,6,4096,16777216,33554432,5,cycle,insertion,2964,214,0.00000637769699097,17.258533014
4,6,4096,16777216,33554432,5,cycle,insertion,2965,201,0.00000599026679993,17.348948309
4,6,4096,16777216,33554432,5,cycle,insertion,2966,187,0.00000557303428650,17.453105540
4,6,4096,16777216,33554432,5,cycle,insertion,2967,168,0.00000500679016113,17.607682577
4,6,4096,16777216,33554432,5,cycle,insertion,2968,147,0.00000438094139099,17.800327655
4,6,4096,16777216,33554432,5,cycle,insertion,2969,116,0.00000345706939697,18.142019005
4,6,4096,16777216,33554432,5,cycle,insertion,2970,63,0.00000187754631042,19.022720077
4,6,4096,16777216,33554432,5,cycle,insertion,2971,35,0.00000104308128357,19.870716983
4,6,4096,16777216,33554432,5,cycle,insertion,2972,25,0.00000074505805969,20.356143810
4,6,4096,16777216,33554432,5,cycle,insertion,2973,14,0.00000041723251343,21.192645078
4,6,4096,16777216,33554432,5,cycle,insertion,2974,2,0.00000005960464478,24.000000000
4,6,4096,16777216,33554432,5,cycle,insertion,2975,0,0.00000000000000000,inf
