b,z,n,warmup,operations,seed,workload,metric,threshold,exceed_count,probability,log2_inverse
4,6,1024,8388608,4194304,11,cycle,post,0,4194304,1.00000000000000000,-0.000000000
4,6,1024,8388608,4194304,11,cycle,post,1,4194304,1.00000000000000000,-0.000000000
4,6,1024,8388608,4194304,11,cycle,post,2,4194304,1.00000000000000000,-0.000000000
4,6,1024,8388608,4194304,11,cycle,post,3,4194304,1.00000000000000000,-0.000000000
4,6,1024,8388608,4194304,11,cycle,post,4,4194304,1.00000000000000000,-0.000000000
4,6,1024,8388608,4194304,11,cycle,post,5,4194304,1.00000000000000000,-0.000000000
4,6,1024,8388608,4194304,11,cycle,post,6,4194304,1.00000000000000000,-0.000000000
4,6,1024,8388608,4194304,11,cycle,post,7,4194304,1.00000000000000000,-0.000000000
4,6,1024,8388608,4194304,11,cycle,post,8,4194304,1.00000000000000000,-0.000000000
4,6,1024,8388608,4194304,11,cycle,post,9,4194304,1.00000000000000000,-0.000000000
4,6,1024,8388608,4194304,11,cycle,post,10,4194304,1.00000000000000000,-0.000000000
4,6,1024,8388608,4194304,11,cycle,post,11,4194304,1.00000000000000000,-0.000000000
4,6,1024,8388608,4194304,11,cycle,post,12,4194304,1.00000000000000000,-0.000000000
4,6,1024,8388608,4194304,11,cycle,post,13,4194304,1.00000000000000000,-0.000000000
4,6,1024,8388608,4194304,11,cycle,post,14,4194304,1.00000000000000000,-0.000000000
4,6,1024,8388608,4194304,11,cycle,post,15,4194304,1.00000000000000000,-0.000000000
4,6,1024,8388608,4194304,11,cycle,post,16,4194304,1.00000000000000000,-0.000000000
4,6,1024,8388608,4194304,11,cycle,post,17,4194304,1.00000000000000000,-0.000000000
4,6,1024,8388608,4194304,11,cycle,post,18,4194304,1.00000000000000000,-0.000000000
4,6,1024,8388608,4194304,11,cycle,post,19,4194304,1.00000000000000000,-0.000000000
4,6,1024,8388608,4194304,11,cycle,post,20,4194304,1.00000000000000000,-0.000000000
4,6,1024,8388608,4194304,11,cycle,post,21,4194304,1.00000000000000000,-0.000000000
4,6,1024,8388608,4194304,11,cycle,post,22,4194304,1.00000000000000000,-0.000000000
4,6,1024,8388608,4194304,11,cycle,post,23,4194304,1.00000000000000000,-0.000000000
4,6,1024,8388608,4194304,11,cycle,post,24,4194304,1.00000000000000000,-0.000000000
4,6,1024,8388608,4194304,11,cycle,post,25,4194304,1.00000000000000000,-0.000000000
4,6,1024,8388608,4194304,11,cycle,post,26,4194304,1.00000000000000000,-0.000000000
4,6,1024,8388608,4194304,11,cycle,post,27,4194304,1.00000000000000000,-0.000000000
4,6,1024,8388608,4194304,11,cycle,post,28,4194304,1.00000000000000000,-0.000000000
4,6,1024,8388608,4194304,11,cycle,post,29,4194304,1.00000000000000000,-0.000000000
4,6,1024,8388608,4194304,11,cycle,post,30,4194304,1.00000000000000000,-0.000000000
4,6,1024,8388608,4194304,11,cycle,post,31,4194304,1.00000000000000000,-0.000000000
4,6,1024,8388608,4194304,11,cycle,post,32,4194304,1.00000000000000000,-0.000000000
4,6,1024,8388608,4194304,11,cycle,post,33,4194304,1.00000000000000000,-0.000000000
4,6,1024,8388608,4194304,11,cycle,post,34,4194304,1.00000000000000000,-0.000000000
4,6,1024,8388608,4194304,11,cycle,post,35,4194304,1.00000000000000000,-0.000000000
4,6,1024,8388608,4194304,11,cycle,post,36,4194304,1.00000000000000000,-0.000000000
4,6,1024,8388608,4194304,11,cycle,post,37,4194304,1.00000000000000000,-0.000000000
4,6,1024,8388608,4194304,11,cycle,post,38,4194304,1.00000000000000000,-0.000000000
4,6,1024,8388608,4194304,11,cycle,post,39,4194304,1.00000000000000000,-0.000000000
4,6,1024,8388608,4194304,11,cycle,post,40,4194304,1.00000000000000000,-0.000000000
4,6,1024,8388608,4194304,11,cycle,post,41,4194304,1.00000000000000000,-0.000000000
4,6,1024,8388608,4194304,11,cycle,post,42,4194304,1.00000000000000000,-0.000000000
4,6,1024,8388608,4194304,11,cycle,post,43,4194304,1.00000000000000000,-0.000000000
4,6,1024,8388608,4194304,11,cycle,post,44,4194304,1.00000000000000000,-0.000000000
4,6,1024,8388608,4194304,11,cycle,post,45,4194304,1.00000000000000000,-0.000000000
4,6,1024,8388608,4194304,11,cycle,post,46,4194304,1.00000000000000000,-0.000000000
4,6,1024,8388608,4194304,11,cycle,post,47,4194304,1.00000000000000000,-0.000000000
4,6,1024,8388608,4194304,11,cycle,post,48,4194304,1.00000000000000000,-0.000000000
4,6,1024,8388608,4194304,11,cycle,post,49,4194304,1.00000000000000000,-0.000000000
4,6,1024,8388608,4194304,11,cycle,post,50,4194304,1.00000000000000000,-0.000000000
4,6,1024,8388608,4194304,11,cycle,post,51,4194304,1.00000000000000000,-0.000000000
4,6,1024,8388608,4194304,11,cycle,post,52,4194304,1.00000000000000000,-0.000000000
4,6,1024,8388608,4194304,11,cycle,post,53,4194304,1.00000000000000000,-0.000000000
4,6,1024,8388608,4194304,11,cycle,post,54,4194304,1.00000000000000000,-0.000000000
4,6,1024,8388608,4194304,11,cycle,post,55,4194304,1.00000000000000000,-0.000000000
4,6,1024,8388608,4194304,11,cycle,post,56,4194304,1.00000000000000000,-0.000000000
4,6,1024,8388608,4194304,11,cycle,post,57,4194304,1.00000000000000000,-0.000000000
4,6,1024,8388608,4194304,11,cycle,post,58,4194304,1.00000000000000000,-0.000000000
4,6,1024,8388608,4194304,11,cycle,post,59,4194304,1.00000000000000000,-0.000000000
4,6,1024,8388608,4194304,11,cycle,post,60,4194304,1.00000000000000000,-0.000000000
4,6,1024,8388608,4194304,11,cycle,post,61,4194304,1.00000000000000000,-0.000000000
4,6,1024,8388608,4194304,11,cycle,post,62,4194304,1.00000000000000000,-0.000000000
4,6,1024,8388608,4194304,11,cycle,post,63,4194304,1.00000000000000000,-0.000000000
4,6,1024,8388608,4194304,11,cycle,post,64,4194304,1.00000000000000000,-0.000000000
4,6,1024,8388608,4194304,11,cycle,post,65,4194304,1.00000000000000000,-0.000000000
4,6,1024,8388608,4194304,11,cycle,post,66,4194304,1.00000000000000000,-0.000000000
4,6,1024,8388608,4194304,11,cycle,post,67,4194304,1.00000000000000000,-0.000000000
4,6,1024,8388608,4194304,11,cycle,post,68,4194304,1.00000000000000000,-0.000000000
4,6,1024,8388608,4194304,11,cycle,post,69,4194304,1.00000000000000000,-0.000000000
4,6,1024,8388608,4194304,11,cycle,post,70,4194304,1.00000000000000000,-0.000000000
4,6,1024,8388608,4194304,11,cycle,post,71,4194304,1.00000000000000000,-0.000000000
4,6,1024,8388608,4194304,11,cycle,post,72,4194304,1.00000000000000000,-0.000000000
4,6,1024,8388608,4194304,11,cycle,post,73,4194304,1.00000000000000000,-0.000000000
4,6,1024,8388608,4194304,11,cycle,post,74,4194304,1.00000000000000000,-0.000000000
4,6,1024,8388608,4194304,11,cycle,post,75,4194304,1.00000000000000000,-0.000000000
4,6,1024,8388608,4194304,11,cycle,post,76,4194304,1.00000000000000000,-0.000000000
4,6,1024,8388608,4194304,11,cycle,post,77,4194304,1.00000000000000000,-0.000000000
4,6,1024,8388608,4194304,11,cycle,post,78,4194304,1.00000000000000000,-0.000000000
4,6,1024,8388608,4194304,11,cycle,post,79,4194304,1.00000000000000000,-0.000000000
4,6,1024,8388608,4194304,11,cycle,post,80,4194304,1.00000000000000000,-0.000000000
4,6,1024,8388608,4194304,11,cycle,post,81,4194304,1.00000000000000000,-0.000000000
4,6,1024,8388608,4194304,11,cycle,post,82,4194304,1.00000000000000000,-0.000000000
4,6,1024,8388608,4194304,11,cycle,post,83,4194304,1.00000000000000000,-0.000000000
4,6,1024,8388608,4194304,11,cycle,post,84,4194304,1.00000000000000000,-0.000000000
4,6,1024,8388608,4194304,11,cycle,post,85,4194304,1.00000000000000000,-0.000000000
4,6,1024,8388608,4194304,11,cycle,post,86,4194304,1.00000000000000000,-0.000000000
4,6,1024,8388608,4194304,11,cycle,post,87,4194304,1.00000000000000000,-0.000000000
4,6,1024,8388608,4194304,11,cycle,post,88,4194304,1.00000000000000000,-0.000000000
4,6,1024,8388608,4194304,11,cycle,post,89,4194304,1.00000000000000000,-0.000000000
4,6,1024,8388608,4194304,11,cycle,post,90,4194304,1.00000000000000000,-0.000000000
4,6,1024,8388608,4194304,11,cycle,post,91,4194304,1.00000000000000000,-0.000000000
4,6,1024,8388608,4194304,11,cycle,post,92,4194304,1.00000000000000000,-0.000000000
4,6,1024,8388608,4194304,11,cycle,post,93,4194304,1.00000000000000000,-0.000000000
4,6,1024,8388608,4194304,11,cycle,post,94,4194304,1.00000000000000000,-0.000000000
4,6,1024,8388608,4194304,11,cycle,post,95,4194304,1.00000000000000000,-0.000000000
4,6,1024,8388608,4194304,11,cycle,post,96,4194304,1.00000000000000000,-0.000000000
4,6,1024,8388608,4194304,11,cycle,post,97,4194304,1.00000000000000000,-0.000000000
4,6,1024,8388608,4194304,11,cycle,post,98,4194304,1.00000000000000000,-0.000000000
4,6,1024,8388608,4194304,11,cycle,post,99,4194304,1.00000000000000000,-0.000000000
4,6,1024,8388608,4194304,11,cycle,post,100,4194304,1.00000000000000000,-0.000000000
4,6,1024,8388608,4194304,11,cycle,post,101,4194304,1.00000000000000000,-0.000000000
4,6,1024,8388608,4194304,11,cycle,post,102,4194304,1.00000000000000000,-0.000000000
4,6,1024,8388608,4194304,11,cycle,post,103,4194304,1.00000000000000000,-0.000000000
4,6,1024,8388608,4194304,11,cycle,post,104,4194304,1.00000000000000000,-0.000000000
4,6,1024,8388608,4194304,11,cycle,post,105,4194304,1.00000000000000000,-0.000000000
4,6,1024,8388608,4194304,11,cycle,post,106,4194304,1.00000000000000000,-0.000000000
4,6,1024,8388608,4194304,11,cycle,post,107,4194304,1.00000000000000000,-0.000000000
4,6,1024,8388608,4194304,11,cycle,post,108,4194304,1.00000000000000000,-0.000000000
4,6,1024,8388608,4194304,11,cycle,post,109,4194304,1.00000000000000000,-0.000000000
4,6,1024,8388608,4194304,11,cycle,post,110,4194304,1.00000000000000000,-0.000000000
4,6,1024,8388608,4194304,11,cycle,post,111,4194304,1.00000000000000000,-0.000000000
4,6,1024,8388608,4194304,11,cycle,post,112,4194304,1.00000000000000000,-0.000000000
4,6,1024,8388608,4194304,11,cycle,post,113,4194304,1.00000000000000000,-0.000000000
4,6,1024,8388608,4194304,11,cycle,post,114,4194304,1.00000000000000000,-0.000000000
4,6,1024,8388608,4194304,11,cycle,post,115,4194304,1.00000000000000000,-0.000000000
4,6,1024,8388608,4194304,11,cycle,post,116,4194304,1.00000000000000000,-0.000000000
4,6,1024,8388608,4194304,11,cycle,post,117,4194304,1.00000000000000000,-0.000000000
4,6,1024,8388608,4194304,11,cycle,post,118,4194304,1.00000000000000000,-0.000000000
4,6,1024,8388608,4194304,11,cycle,post,119,4194304,1.00000000000000000,-0.000000000
4,6,1024,8388608,4194304,11,cycle,post,120,4194304,1.00000000000000000,-0.000000000
4,6,1024,8388608,4194304,11,cycle,post,121,4194304,1.00000000000000000,-0.000000000
4,6,1024,8388608,4194304,11,cycle,post,122,4194304,1.00000000000000000,-0.000000000
4,6,1024,8388608,4194304,11,cycle,post,123,4194304,1.00000000000000000,-0.000000000
4,6,1024,8388608,4194304,11,cycle,post,124,4194304,1.00000000000000000,-0.000000000
4,6,1024,8388608,4194304,11,cycle,post,125,4194304,1.00000000000000000,-0.000000000
4,6,1024,8388608,4194304,11,cycle,post,126,4194304,1.00000000000000000,-0.000000000
4,6,1024,8388608,4194304,11,cycle,post,127,4194304,1.00000000000000000,-0.000000000
4,6,1024,8388608,4194304,11,cycle,post,128,4194304,1.00000000000000000,-0.000000000
4,6,1024,8388608,4194304,11,cycle,post,129,4194304,1.00000000000000000,-0.000000000
4,6,1024,8388608,4194304,11,cycle,post,130,4194304,1.00000000000000000,-0.000000000
4,6,1024,8388608,4194304,11,cycle,post,131,4194304,1.00000000000000000,-0.000000000
4,6,1024,8388608,4194304,11,cycle,post,132,4194304,1.00000000000000000,-0.000000000
4,6,1024,8388608,4194304,11,cycle,post,133,4194304,1.00000000000000000,-0.000000000
4,6,1024,8388608,4194304,11,cycle,post,134,4194304,1.00000000000000000,-0.000000000
4,6,1024,8388608,4194304,11,cycle,post,135,4194304,1.00000000000000000,-0.000000000
4,6,1024,8388608,4194304,11,cycle,post,136,4194304,1.00000000000000000,-0.000000000
4,6,1024,8388608,4194304,11,cycle,post,137,4194304,1.00000000000000000,-0.000000000
4,6,1024,8388608,4194304,11,cycle,post,138,4194304,1.00000000000000000,-0.000000000
4,6,1024,8388608,4194304,11,cycle,post,139,4194304,1.00000000000000000,-0.000000000
4,6,1024,8388608,4194304,11,cycle,post,140,4194304,1.00000000000000000,-0.000000000
4,6,1024,8388608,4194304,11,cycle,post,141,4194304,1.00000000000000000,-0.000000000
4,6,1024,8388608,4194304,11,cycle,post,142,4194304,1.00000000000000000,-0.000000000
4,6,1024,8388608,4194304,11,cycle,post,143,4194304,1.00000000000000000,-0.000000000
4,6,1024,8388608,4194304,11,cycle,post,144,4194304,1.00000000000000000,-0.000000000
4,6,1024,8388608,4194304,11,cycle,post,145,4194304,1.00000000000000000,-0.000000000
4,6,1024,8388608,4194304,11,cycle,post,146,4194304,1.00000000000000000,-0.000000000
4,6,1024,8388608,4194304,11,cycle,post,147,4194304,1.00000000000000000,-0.000000000
4,6,1024,8388608,4194304,11,cycle,post,148,4194304,1.00000000000000000,-0.000000000
4,6,1024,8388608,4194304,11,cycle,post,149,4194304,1.00000000000000000,-0.000000000
4,6,1024,8388608,4194304,11,cycle,post,150,4194304,1.00000000000000000,-0.000000000
4,6,1024,8388608,4194304,11,cycle,post,151,4194304,1.00000000000000000,-0.000000000
4,6,1024,8388608,4194304,11,cycle,post,152,4194304,1.00000000000000000,-0.000000000
4,6,1024,8388608,4194304,11,cycle,post,153,4194304,1.00000000000000000,-0.000000000
4,6,1024,8388608,4194304,11,cycle,post,154,4194304,1.00000000000000000,-0.000000000
4,6,1024,8388608,4194304,11,cycle,post,155,4194304,1.00000000000000000,-0.000000000
4,6,1024,8388608,4194304,11,cycle,post,156,4194304,1.00000000000000000,-0.000000000
4,6,1024,8388608,4194304,11,cycle,post,157,4194304,1.00000000000000000,-0.000000000
4,6,1024,8388608,4194304,11,cycle,post,158,4194304,1.00000000000000000,-0.000000000
4,6,1024,8388608,4194304,11,cycle,post,159,4194304,1.00000000000000000,-0.000000000
4,6,1024,8388608,4194304,11,cycle,post,160,4194304,1.00000000000000000,-0.000000000
4,6,1024,8388608,4194304,11,cycle,post,161,4194304,1.00000000000000000,-0.000000000
4,6,1024,8388608,4194304,11,cycle,post,162,4194304,1.00000000000000000,-0.000000000
4,6,1024,8388608,4194304,11,cycle,post,163,4194304,1.00000000000000000,-0.000000000
4,6,1024,8388608,4194304,11,cycle,post,164,4194304,1.00000000000000000,-0.000000000
4,6,1024,8388608,4194304,11,cycle,post,165,4194304,1.00000000000000000,-0.000000000
4,6,1024,8388608,4194304,11,cycle,post,166,4194304,1.00000000000000000,-0.000000000
4,6,1024,8388608,4194304,11,cycle,post,167,4194304,1.00000000000000000,-0.000000000
4,6,1024,8388608,4194304,11,cycle,post,168,4194304,1.00000000000000000,-0.000000000
4,6,1024,8388608,4194304,11,cycle,post,169,4194304,1.00000000000000000,-0.000000000
4,6,1024,8388608,4194304,11,cycle,post,170,4194304,1.00000000000000000,-0.000000000
4,6,1024,8388608,4194304,11,cycle,post,171,4194304,1.00000000000000000,-0.000000000
4,6,1024,8388608,4194304,11,cycle,post,172,4194304,1.00000000000000000,-0.000000000
4,6,1024,8388608,4194304,11,cycle,post,173,4194304,1.00000000000000000,-0.000000000
4,6,1024,8388608,4194304,11,cycle,post,174,4194304,1.00000000000000000,-0.000000000
4,6,1024,8388608,4194304,11,cycle,post,175,4194304,1.00000000000000000,-0.000000000
4,6,1024,8388608,4194304,11,cycle,post,176,4194304,1.00000000000000000,-0.000000000
4,6,1024,8388608,4194304,11,cycle,post,177,4194304,1.00000000000000000,-0.000000000
4,6,1024,8388608,4194304,11,cycle,post,178,4194304,1.00000000000000000,-0.000000000
4,6,1024,8388608,4194304,11,cycle,post,179,4194304,1.00000000000000000,-0.000000000
4,6,1024,8388608,4194304,11,cycle,post,180,4194304,1.00000000000000000,-0.000000000
4,6,1024,8388608,4194304,11,cycle,post,181,4194304,1.00000000000000000,-0.000000000
4,6,1024,8388608,4194304,11,cycle,post,182,4194304,1.00000000000000000,-0.000000000
4,6,1024,8388608,4194304,11,cycle,post,183,4194304,1.00000000000000000,-0.000000000
4,6,1024,8388608,4194304,11,cycle,post,184,4194304,1.00000000000000000,-0.000000000
4,6,1024,8388608,4194304,11,cycle,post,185,4194304,1.00000000000000000,-0.000000000
4,6,1024,8388608,4194304,11,cycle,post,186,4194304,1.00000000000000000,-0.000000000
4,6,1024,8388608,4194304,11,cycle,post,187,4194304,1.00000000000000000,-0.000000000
4,6,1024,8388608,4194304,11,cycle,post,188,4194304,1.00000000000000000,-0.000000000
4,6,1024,8388608,4194304,11,cycle,post,189,4194304,1.00000000000000000,-0.000000000
4,6,1024,8388608,4194304,11,cycle,post,190,4194304,1.00000000000000000,-0.000000000
4,6,1024,8388608,4194304,11,cycle,post,191,4194304,1.00000000000000000,-0.000000000
4,6,1024,8388608,4194304,11,cycle,post,192,4194304,1.00000000000000000,-0.000000000
4,6,1024,8388608,4194304,11,cycle,post,193,4194304,1.00000000000000000,-0.000000000
4,6,1024,8388608,4194304,11,cycle,post,194,4194304,1.00000000000000000,-0.000000000
4,6,1024,8388608,4194304,11,cycle,post,195,4194304,1.00000000000000000,-0.000000000
4,6,1024,8388608,4194304,11,cycle,post,196,4194304,1.00000000000000000,-0.000000000
4,6,1024,8388608,4194304,11,cycle,post,197,4194304,1.00000000000000000,-0.000000000
4,6,1024,8388608,4194304,11,cycle,post,198,4194304,1.00000000000000000,-0.000000000
4,6,1024,8388608,4194304,11,cycle,post,199,4194304,1.00000000000000000,-0.000000000
4,6,1024,8388608,4194304,11,cycle,post,200,4194304,1.00000000000000000,-0.000000000
4,6,1024,8388608,4194304,11,cycle,post,201,4194304,1.00000000000000000,-0.000000000
4,6,1024,8388608,4194304,11,cycle,post,202,4194304,1.00000000000000000,-0.000000000
4,6,1024,8388608,4194304,11,cycle,post,203,4194304,1.00000000000000000,-0.000000000
4,6,1024,8388608,4194304,11,cycle,post,204,4194304,1.00000000000000000,-0.000000000
4,6,1024,8388608,4194304,11,cycle,post,205,4194304,1.00000000000000000,-0.000000000
4,6,1024,8388608,4194304,11,cycle,post,206,4194304,1.00000000000000000,-0.000000000
4,6,1024,8388608,4194304,11,cycle,post,207,4194304,1.00000000000000000,-0.000000000
4,6,1024,8388608,4194304,11,cycle,post,208,4194304,1.00000000000000000,-0.000000000
4,6,1024,8388608,4194304,11,cycle,post,209,4194304,1.00000000000000000,-0.000000000
4,6,1024,8388608,4194304,11,cycle,post,210,4194304,1.00000000000000000,-0.000000000
4,6,1024,8388608,4194304,11,cycle,post,211,4194304,1.00000000000000000,-0.000000000
4,6,1024,8388608,4194304,11,cycle,post,212,4194304,1.00000000000000000,-0.000000000
4,6,1024,8388608,4194304,11,cycle,post,213,4194304,1.00000000000000000,-0.000000000
4,6,1024,8388608,4194304,11,cycle,post,214,4194304,1.00000000000000000,-0.000000000
4,6,1024,8388608,4194304,11,cycle,post,215,4194304,1.00000000000000000,-0.000000000
4,6,1024,8388608,4194304,11,cycle,post,216,4194304,1.00000000000000000,-0.000000000
4,6,1024,8388608,4194304,11,cycle,post,217,4194304,1.00000000000000000,-0.000000000
4,6,1024,8388608,4194304,11,cycle,post,218,4194304,1.00000000000000000,-0.000000000
4,6,1024,8388608,4194304,11,cycle,post,219,4194304,1.00000000000000000,-0.000000000
4,6,1024,8388608,4194304,11,cycle,post,220,4194304,1.00000000000000000,-0.000000000
4,6,1024,8388608,4194304,11,cycle,post,221,4194304,1.00000000000000000,-0.000000000
4,6,1024,8388608,4194304,11,cycle,post,222,4194304,1.00000000000000000,-0.000000000
4,6,1024,8388608,4194304,11,cycle,post,223,4194304,1.00000000000000000,-0.000000000
4,6,1024,8388608,4194304,11,cycle,post,224,4194304,1.00000000000000000,-0.000000000
4,6,1024,8388608,4194304,11,cycle,post,225,4194304,1.00000000000000000,-0.000000000
4,6,1024,8388608,4194304,11,cycle,post,226,4194304,1.00000000000000000,-0.000000000
4,6,1024,8388608,4194304,11,cycle,post,227,4194304,1.00000000000000000,-0.000000000
4,6,1024,8388608,4194304,11,cycle,post,228,4194304,1.00000000000000000,-0.000000000
4,6,1024,8388608,4194304,11,cycle,post,229,4194304,1.00000000000000000,-0.000000000
4,6,1024,8388608,4194304,11,cycle,post,230,4194304,1.00000000000000000,-0.000000000
4,6,1024,8388608,4194304,11,cycle,post,231,4194304,1.00000000000000000,-0.000000000
4,6,1024,8388608,4194304,11,cycle,post,232,4194304,1.00000000000000000,-0.000000000
4,6,1024,8388608,4194304,11,cycle,post,233,4194304,1.00000000000000000,-0.000000000
4,6,1024,8388608,4194304,11,cycle,post,234,4194304,1.00000000000000000,-0.000000000
4,6,1024,8388608,4194304,11,cycle,post,235,4194304,1.00000000000000000,-0.000000000
4,6,1024,8388608,4194304,11,cycle,post,236,4194304,1.00000000000000000,-0.000000000
4,6,1024,8388608,4194304,11,cycle,post,237,4194304,1.00000000000000000,-0.000000000
4,6,1024,8388608,4194304,11,cycle,post,238,4194304,1.00000000000000000,-0.000000000
4,6,1024,8388608,4194304,11,cycle,post,239,4194304,1.00000000000000000,-0.000000000
4,6,1024,8388608,4194304,11,cycle,post,240,4194304,1.00000000000000000,-0.000000000
4,6,1024,8388608,4194304,11,cycle,post,241,4194304,1.00000000000000000,-0.000000000
4,6,1024,8388608,4194304,11,cycle,post,242,4194304,1.00000000000000000,-0.000000000
4,6,1024,8388608,4194304,11,cycle,post,243,4194304,1.00000000000000000,-0.000000000
4,6,1024,8388608,4194304,11,cycle,post,244,4194304,1.00000000000000000,-0.000000000
4,6,1024,8388608,4194304,11,cycle,post,245,4194304,1.00000000000000000,-0.000000000
4,6,1024,8388608,4194304,11,cycle,post,246,4194304,1.00000000000000000,-0.000000000
4,6,1024,8388608,4194304,11,cycle,post,247,4194304,1.00000000000000000,-0.000000000
4,6,1024,8388608,4194304,11,cycle,post,248,4194304,1.00000000000000000,-0.000000000
4,6,1024,8388608,4194304,11,cycle,post,249,4194304,1.00000000000000000,-0.000000000
4,6,1024,8388608,4194304,11,cycle,post,250,4194304,1.00000000000000000,-0.000000000
4,6,1024,8388608,4194304,11,cycle,post,251,4194304,1.00000000000000000,-0.000000000
4,6,1024,8388608,4194304,11,cycle,post,252,4194304,1.00000000000000000,-0.000000000
4,6,1024,8388608,4194304,11,cycle,post,253,4194304,1.00000000000000000,-0.000000000
4,6,1024,8388608,4194304,11,cycle,post,254,4194304,1.00000000000000000,-0.000000000
4,6,1024,8388608,4194304,11,cycle,post,255,4194304,1.00000000000000000,-0.000000000
4,6,1024,8388608,4194304,11,cycle,post,256,4194304,1.00000000000000000,-0.000000000
4,6,1024,8388608,4194304,11,cycle,post,257,4194304,1.00000000000000000,-0.000000000
4,6,1024,8388608,4194304,11,cycle,post,258,4194304,1.00000000000000000,-0.000000000
4,6,1024,8388608,4194304,11,cycle,post,259,4194304,1.00000000000000000,-0.000000000
4,6,1024,8388608,4194304,11,cycle,post,260,4194304,1.00000000000000000,-0.000000000
4,6,1024,8388608,4194304,11,cycle,post,261,4194304,1.00000000000000000,-0.000000000
4,6,1024,8388608,4194304,11,cycle,post,262,4194304,1.00000000000000000,-0.000000000
4,6,1024,8388608,4194304,11,cycle,post,263,4194304,1.00000000000000000,-0.000000000
4,6,1024,8388608,4194304,11,cycle,post,264,4194304,1.00000000000000000,-0.000000000
4,6,1024,8388608,4194304,11,cycle,post,265,4194304,1.00000000000000000,-0.000000000
4,6,1024,8388608,4194304,11,cycle,post,266,4194304,1.00000000000000000,-0.000000000
4,6,1024,8388608,4194304,11,cycle,post,267,4194304,1.00000000000000000,-0.000000000
4,6,1024,8388608,4194304,11,cycle,post,268,4194304,1.00000000000000000,-0.000000000
4,6,1024,8388608,4194304,11,cycle,post,269,4194304,1.00000000000000000,-0.000000000
4,6,1024,8388608,4194304,11,cycle,post,270,4194304,1.00000000000000000,-0.000000000
4,6,1024,8388608,4194304,11,cycle,post,271,4194304,1.00000000000000000,-0.000000000
4,6,1024,8388608,4194304,11,cycle,post,272,4194304,1.00000000000000000,-0.000000000
4,6,1024,8388608,4194304,11,cycle,post,273,4194304,1.00000000000000000,-0.000000000
4,6,1024,8388608,4194304,11,cycle,post,274,4194304,1.00000000000000000,-0.000000000
4,6,1024,8388608,4194304,11,cycle,post,275,4194304,1.00000000000000000,-0.000000000
4,6,1024,8388608,4194304,11,cycle,post,276,4194304,1.00000000000000000,-0.000000000
4,6,1024,8388608,4194304,11,cycle,post,277,4194304,1.00000000000000000,-0.000000000
4,6,1024,8388608,4194304,11,cycle,post,278,4194304,1.00000000000000000,-0.000000000
4,6,1024,8388608,4194304,11,cycle,post,279,4194304,1.00000000000000000,-0.000000000
4,6,1024,8388608,4194304,11,cycle,post,280,4194304,1.00000000000000000,-0.000000000
4,6,1024,8388608,4194304,11,cycle,post,281,4194304,1.00000000000000000,-0.000000000
4,6,1024,8388608,4194304,11,cycle,post,282,4194304,1.00000000000000000,-0.000000000
4,6,1024,8388608,4194304,11,cycle,post,283,4194304,1.00000000000000000,-0.000000000
4,6,1024,8388608,4194304,11,cycle,post,284,4194304,1.00000000000000000,-0.000000000
4,6,1024,8388608,4194304,11,cycle,post,285,4194304,1.00000000000000000,-0.000000000
4,6,1024,8388608,4194304,11,cycle,post,286,4194304,1.00000000000000000,-0.000000000
4,6,1024,8388608,4194304,11,cycle,post,287,4194304,1.00000000000000000,-0.000000000
4,6,1024,8388608,4194304,11,cycle,post,288,4194304,1.00000000000000000,-0.000000000
4,6,1024,8388608,4194304,11,cycle,post,289,4194304,1.00000000000000000,-0.000000000
4,6,1024,8388608,4194304,11,cycle,post,290,4194304,1.00000000000000000,-0.000000000
4,6,1024,8388608,4194304,11,cycle,post,291,4194304,1.00000000000000000,-0.000000000
4,6,1024,8388608,4194304,11,cycle,post,292,4194304,1.00000000000000000,-0.000000000
4,6,1024,8388608,4194304,11,cycle,post,293,4194304,1.00000000000000000,-0.000000000
4,6,1024,8388608,4194304,11,cycle,post,294,4194304,1.00000000000000000,-0.000000000
4,6,1024,8388608,4194304,11,cycle,post,295,4194304,1.00000000000000000,-0.000000000
4,6,1024,8388608,4194304,11,cycle,post,296,4194304,1.00000000000000000,-0.000000000
4,6,1024,8388608,4194304,11,cycle,post,297,4194304,1.00000000000000000,-0.000000000
4,6,1024,8388608,4194304,11,cycle,post,298,4194304,1.00000000000000000,-0.000000000
4,6,1024,8388608,4194304,11,cycle,post,299,4194304,1.00000000000000000,-0.000000000
4,6,1024,8388608,4194304,11,cycle,post,300,4194304,1.00000000000000000,-0.000000000
4,6,1024,8388608,4194304,11,cycle,post,301,4194304,1.00000000000000000,-0.000000000
4,6,1024,8388608,4194304,11,cycle,post,302,4194304,1.00000000000000000,-0.000000000
4,6,1024,8388608,4194304,11,cycle,post,303,4194304,1.00000000000000000,-0.000000000
4,6,1024,8388608,4194304,11,cycle,post,304,4194304,1.00000000000000000,-0.000000000
4,6,1024,8388608,4194304,11,cycle,post,305,4194304,1.00000000000000000,-0.000000000
4,6,1024,8388608,4194304,11,cycle,post,306,4194304,1.00000000000000000,-0.000000000
4,6,1024,8388608,4194304,11,cycle,post,307,4194304,1.00000000000000000,-0.000000000
4,6,1024,8388608,4194304,11,cycle,post,308,4194304,1.00000000000000000,-0.000000000
4,6,1024,8388608,4194304,11,cycle,post,309,4194304,1.00000000000000000,-0.000000000
4,6,1024,8388608,4194304,11,cycle,post,310,4194304,1.00000000000000000,-0.000000000
4,6,1024,8388608,4194304,11,cycle,post,311,4194304,1.00000000000000000,-0.000000000
4,6,1024,8388608,4194304,11,cycle,post,312,4194304,1.00000000000000000,-0.000000000
4,6,1024,8388608,4194304,11,cycle,post,313,4194304,1.00000000000000000,-0.000000000
4,6,1024,8388608,4194304,11,cycle,post,314,4194304,1.00000000000000000,-0.000000000
4,6,1024,8388608,4194304,11,cycle,post,315,4194304,1.00000000000000000,-0.000000000
4,6,1024,8388608,4194304,11,cycle,post,316,4194304,1.00000000000000000,-0.000000000
4,6,1024,8388608,4194304,11,cycle,post,317,4194304,1.00000000000000000,-0.000000000
4,6,1024,8388608,4194304,11,cycle,post,318,4194304,1.00000000000000000,-0.000000000
4,6,1024,8388608,4194304,11,cycle,post,319,4194304,1.00000000000000000,-0.000000000
4,6,1024,8388608,4194304,11,cycle,post,320,4194304,1.00000000000000000,-0.000000000
4,6,1024,8388608,4194304,11,cycle,post,321,4194304,1.00000000000000000,-0.000000000
4,6,1024,8388608,4194304,11,cycle,post,322,4194304,1.00000000000000000,-0.000000000
4,6,1024,8388608,4194304,11,cycle,post,323,4194304,1.00000000000000000,-0.000000000
4,6,1024,8388608,4194304,11,cycle,post,324,4194304,1.00000000000000000,-0.000000000
4,6,1024,8388608,4194304,11,cycle,post,325,4194304,1.00000000000000000,-0.000000000
4,6,1024,8388608,4194304,11,cycle,post,326,4194304,1.00000000000000000,-0.000000000
4,6,1024,8388608,4194304,11,cycle,post,327,4194304,1.00000000000000000,-0.000000000
4,6,1024,8388608,4194304,11,cycle,post,328,4194304,1.00000000000000000,-0.000000000
4,6,1024,8388608,4194304,11,cycle,post,329,4194304,1.00000000000000000,-0.000000000
4,6,1024,8388608,4194304,11,cycle,post,330,4194304,1.00000000000000000,-0.000000000
4,6,1024,8388608,4194304,11,cycle,post,331,4194304,1.00000000000000000,-0.000000000
4,6,1024,8388608,4194304,11,cycle,post,332,4194304,1.00000000000000000,-0.000000000
4,6,1024,8388608,4194304,11,cycle,post,333,4194304,1.00000000000000000,-0.000000000
4,6,1024,8388608,4194304,11,cycle,post,334,4194304,1.00000000000000000,-0.000000000
4,6,1024,8388608,4194304,11,cycle,post,335,4194304,1.00000000000000000,-0.000000000
4,6,1024,8388608,4194304,11,cycle,post,336,4194304,1.00000000000000000,-0.000000000
4,6,1024,8388608,4194304,11,cycle,post,337,4194304,1.00000000000000000,-0.000000000
4,6,1024,8388608,4194304,11,cycle,post,338,4194304,1.00000000000000000,-0.000000000
4,6,1024,8388608,4194304,11,cycle,post,339,4194304,1.00000000000000000,-0.000000000
4,6,1024,8388608,4194304,11,cycle,post,340,4194304,1.00000000000000000,-0.000000000
4,6,1024,8388608,4194304,11,cycle,post,341,4194304,1.00000000000000000,-0.000000000
4,6,1024,8388608,4194304,11,cycle,post,342,4194304,1.00000000000000000,-0.000000000
4,6,1024,8388608,4194304,11,cycle,post,343,4194304,1.00000000000000000,-0.000000000
4,6,1024,8388608,4194304,11,cycle,post,344,4194304,1.00000000000000000,-0.000000000
4,6,1024,8388608,4194304,11,cycle,post,345,4194304,1.00000000000000000,-0.000000000
4,6,1024,8388608,4194304,11,cycle,post,346,4194304,1.00000000000000000,-0.000000000
4,6,1024,8388608,4194304,11,cycle,post,347,4194304,1.00000000000000000,-0.000000000
4,6,1024,8388608,4194304,11,cycle,post,348,4194304,1.00000000000000000,-0.000000000
4,6,1024,8388608,4194304,11,cycle,post,349,4194304,1.00000000000000000,-0.000000000
4,6,1024,8388608,4194304,11,cycle,post,350,4194304,1.00000000000000000,-0.000000000
4,6,1024,8388608,4194304,11,cycle,post,351,4194304,1.00000000000000000,-0.000000000
4,6,1024,8388608,4194304,11,cycle,post,352,4194304,1.00000000000000000,-0.000000000
4,6,1024,8388608,4194304,11,cycle,post,353,4194304,1.00000000000000000,-0.000000000
4,6,1024,8388608,4194304,11,cycle,post,354,4194304,1.00000000000000000,-0.000000000
4,6,1024,8388608,4194304,11,cycle,post,355,4194304,1.00000000000000000,-0.000000000
4,6,1024,8388608,4194304,11,cycle,post,356,4194304,1.00000000000000000,-0.000000000
4,6,1024,8388608,4194304,11,cycle,post,357,4194304,1.00000000000000000,-0.000000000
4,6,1024,8388608,4194304,11,cycle,post,358,4194304,1.00000000000000000,-0.000000000
4,6,1024,8388608,4194304,11,cycle,post,359,4194304,1.00000000000000000,-0.000000000
4,6,1024,8388608,4194304,11,cycle,post,360,4194304,1.00000000000000000,-0.000000000
4,6,1024,8388608,4194304,11,cycle,post,361,4194304,1.00000000000000000,-0.000000000
4,6,1024,8388608,4194304,11,cycle,post,362,4194304,1.00000000000000000,-0.000000000
4,6,1024,8388608,4194304,11,cycle,post,363,4194304,1.00000000000000000,-0.000000000
4,6,1024,8388608,4194304,11,cycle,post,364,4194304,1.00000000000000000,-0.000000000
4,6,1024,8388608,4194304,11,cycle,post,365,4194304,1.00000000000000000,-0.000000000
4,6,1024,8388608,4194304,11,cycle,post,366,4194304,1.00000000000000000,-0.000000000
4,6,1024,8388608,4194304,11,cycle,post,367,4194304,1.00000000000000000,-0.000000000
4,6,1024,8388608,4194304,11,cycle,post,368,4194304,1.00000000000000000,-0.000000000
4,6,1024,8388608,4194304,11,cycle,post,369,4194304,1.00000000000000000,-0.000000000
4,6,1024,8388608,4194304,11,cycle,post,370,4194304,1.00000000000000000,-0.000000000
4,6,1024,8388608,4194304,11,cycle,post,371,4194304,1.00000000000000000,-0.000000000
4,6,1024,8388608,4194304,11,cycle,post,372,4194304,1.00000000000000000,-0.000000000
4,6,1024,8388608,4194304,11,cycle,post,373,4194304,1.00000000000000000,-0.000000000
4,6,1024,8388608,4194304,11,cycle,post,374,4194304,1.00000000000000000,-0.000000000
4,6,1024,8388608,4194304,11,cycle,post,375,4194304,1.00000000000000000,-0.000000000
4,6,1024,8388608,4194304,11,cycle,post,376,4194304,1.00000000000000000,-0.000000000
4,6,1024,8388608,4194304,11,cycle,post,377,4194304,1.00000000000000000,-0.000000000
4,6,1024,8388608,4194304,11,cycle,post,378,4194304,1.00000000000000000,-0.000000000
4,6,1024,8388608,4194304,11,cycle,post,379,4194304,1.00000000000000000,-0.000000000
4,6,1024,8388608,4194304,11,cycle,post,380,4194304,1.00000000000000000,-0.000000000
4,6,1024,8388608,4194304,11,cycle,post,381,4194304,1.00000000000000000,-0.000000000
4,6,1024,8388608,4194304,11,cycle,post,382,4194304,1.00000000000000000,-0.000000000
4,6,1024,8388608,4194304,11,cycle,post,383,4194304,1.00000000000000000,-0.000000000
4,6,1024,8388608,4194304,11,cycle,post,384,4194304,1.00000000000000000,-0.000000000
4,6,1024,8388608,4194304,11,cycle,post,385,4194304,1.00000000000000000,-0.000000000
4,6,1024,8388608,4194304,11,cycle,post,386,4194304,1.00000000000000000,-0.000000000
4,6,1024,8388608,4194304,11,cycle,post,387,4194304,1.00000000000000000,-0.000000000
4,6,1024,8388608,4194304,11,cycle,post,388,4194304,1.00000000000000000,-0.000000000
4,6,1024,8388608,4194304,11,cycle,post,389,4194304,1.00000000000000000,-0.000000000
4,6,1024,8388608,4194304,11,cycle,post,390,4194304,1.00000000000000000,-0.000000000
4,6,1024,8388608,4194304,11,cycle,post,391,4194304,1.00000000000000000,-0.000000000
4,6,1024,8388608,4194304,11,cycle,post,392,4194304,1.00000000000000000,-0.000000000
4,6,1024,8388608,4194304,11,cycle,post,393,4194304,1.00000000000000000,-0.000000000
4,6,1024,8388608,4194304,11,cycle,post,394,4194304,1.00000000000000000,-0.000000000
4,6,1024,8388608,4194304,11,cycle,post,395,4194304,1.00000000000000000,-0.000000000
4,6,1024,8388608,4194304,11,cycle,post,396,4194304,1.00000000000000000,-0.000000000
4,6,1024,8388608,4194304,11,cycle,post,397,4194304,1.00000000000000000,-0.000000000
4,6,1024,8388608,4194304,11,cycle,post,398,4194304,1.00000000000000000,-0.000000000
4,6,1024,8388608,4194304,11,cycle,post,399,4194304,1.00000000000000000,-0.000000000
4,6,1024,8388608,4194304,11,cycle,post,400,4194304,1.00000000000000000,-0.000000000
4,6,1024,8388608,4194304,11,cycle,post,401,4194304,1.00000000000000000,-0.000000000
4,6,1024,8388608,4194304,11,cycle,post,402,4194304,1.00000000000000000,-0.000000000
4,6,1024,8388608,4194304,11,cycle,post,403,4194304,1.00000000000000000,-0.000000000
4,6,1024,8388608,4194304,11,cycle,post,404,4194304,1.00000000000000000,-0.000000000
4,6,1024,8388608,4194304,11,cycle,post,405,4194304,1.00000000000000000,-0.000000000
4,6,1024,8388608,4194304,11,cycle,post,406,4194304,1.00000000000000000,-0.000000000
4,6,1024,8388608,4194304,11,cycle,post,407,4194304,1.00000000000000000,-0.000000000
4,6,1024,8388608,4194304,11,cycle,post,408,4194304,1.00000000000000000,-0.000000000
4,6,1024,8388608,4194304,11,cycle,post,409,4194304,1.00000000000000000,-0.000000000
4,6,1024,8388608,4194304,11,cycle,post,410,4194304,1.00000000000000000,-0.000000000
4,6,1024,8388608,4194304,11,cycle,post,411,4194304,1.00000000000000000,-0.000000000
4,6,1024,8388608,4194304,11,cycle,post,412,4194304,1.00000000000000000,-0.000000000
4,6,1024,8388608,4194304,11,cycle,post,413,4194304,1.00000000000000000,-0.000000000
4,6,1024,8388608,4194304,11,cycle,post,414,4194304,1.00000000000000000,-0.000000000
4,6,1024,8388608,4194304,11,cycle,post,415,4194304,1.00000000000000000,-0.000000000
4,6,1024,8388608,4194304,11,cycle,post,416,4194304,1.00000000000000000,-0.000000000
4,6,1024,8388608,4194304,11,cycle,post,417,4194304,1.00000000000000000,-0.000000000
4,6,1024,8388608,4194304,11,cycle,post,418,4194304,1.00000000000000000,-0.000000000
4,6,1024,8388608,4194304,11,cycle,post,419,4194304,1.00000000000000000,-0.000000000
4,6,1024,8388608,4194304,11,cycle,post,420,4194304,1.00000000000000000,-0.000000000
4,6,1024,8388608,4194304,11,cycle,post,421,4194304,1.00000000000000000,-0.000000000
4,6,1024,8388608,4194304,11,cycle,post,422,4194304,1.00000000000000000,-0.000000000
4,6,1024,8388608,4194304,11,cycle,post,423,4194304,1.00000000000000000,-0.000000000
4,6,1024,8388608,4194304,11,cycle,post,424,4194304,1.00000000000000000,-0.000000000
4,6,1024,8388608,4194304,11,cycle,post,425,4194304,1.00000000000000000,-0.000000000
4,6,1024,8388608,4194304,11,cycle,post,426,4194304,1.00000000000000000,-0.000000000
4,6,1024,8388608,4194304,11,cycle,post,427,4194304,1.00000000000000000,-0.000000000
4,6,1024,8388608,4194304,11,cycle,post,428,4194304,1.00000000000000000,-0.000000000
4,6,1024,8388608,4194304,11,cycle,post,429,4194304,1.00000000000000000,-0.000000000
4,6,1024,8388608,4194304,11,cycle,post,430,4194304,1.00000000000000000,-0.000000000
4,6,1024,8388608,4194304,11,cycle,post,431,4194304,1.00000000000000000,-0.000000000
4,6,1024,8388608,4194304,11,cycle,post,432,4194304,1.00000000000000000,-0.000000000
4,6,1024,8388608,4194304,11,cycle,post,433,4194304,1.00000000000000000,-0.000000000
4,6,1024,8388608,4194304,11,cycle,post,434,4194304,1.00000000000000000,-0.000000000
4,6,1024,8388608,4194304,11,cycle,post,435,4194304,1.00000000000000000,-0.000000000
4,6,1024,8388608,4194304,11,cycle,post,436,4194304,1.00000000000000000,-0.000000000
4,6,1024,8388608,4194304,11,cycle,post,437,4194304,1.00000000000000000,-0.000000000
4,6,1024,8388608,4194304,11,cycle,post,438,4194304,1.00000000000000000,-0.000000000
4,6,1024,8388608,4194304,11,cycle,post,439,4194304,1.00000000000000000,-0.000000000
4,6,1024,8388608,4194304,11,cycle,post,440,4194304,1.00000000000000000,-0.000000000
4,6,1024,8388608,4194304,11,cycle,post,441,4194304,1.00000000000000000,-0.000000000
4,6,1024,8388608,4194304,11,cycle,post,442,4194304,1.00000000000000000,-0.000000000
4,6,1024,8388608,4194304,11,cycle,post,443,4194304,1.00000000000000000,-0.000000000
4,6,1024,8388608,4194304,11,cycle,post,444,4194304,1.00000000000000000,-0.000000000
4,6,1024,8388608,4194304,11,cycle,post,445,4194304,1.00000000000000000,-0.000000000
4,6,1024,8388608,4194304,11,cycle,post,446,4194304,1.00000000000000000,-0.000000000
4,6,1024,8388608,4194304,11,cycle,post,447,4194304,1.00000000000000000,-0.000000000
4,6,1024,8388608,4194304,11,cycle,post,448,4194304,1.00000000000000000,-0.000000000
4,6,1024,8388608,4194304,11,cycle,post,449,4194304,1.00000000000000000,-0.000000000
4,6,1024,8388608,4194304,11,cycle,post,450,4194304,1.00000000000000000,-0.000000000
4,6,1024,8388608,4194304,11,cycle,post,451,4194304,1.00000000000000000,-0.000000000
4,6,1024,8388608,4194304,11,cycle,post,452,4194304,1.00000000000000000,-0.000000000
4,6,1024,8388608,4194304,11,cycle,post,453,4194304,1.00000000000000000,-0.000000000
4,6,1024,8388608,4194304,11,cycle,post,454,4194304,1.00000000000000000,-0.000000000
4,6,1024,8388608,4194304,11,cycle,post,455,4194304,1.00000000000000000,-0.000000000
4,6,1024,8388608,4194304,11,cycle,post,456,4194304,1.00000000000000000,-0.000000000
4,6,1024,8388608,4194304,11,cycle,post,457,4194304,1.00000000000000000,-0.000000000
4,6,1024,8388608,4194304,11,cycle,post,458,4194304,1.00000000000000000,-0.000000000
4,6,1024,8388608,4194304,11,cycle,post,459,4194304,1.00000000000000000,-0.000000000
4,6,1024,8388608,4194304,11,cycle,post,460,4194304,1.00000000000000000,-0.000000000
4,6,1024,8388608,4194304,11,cycle,post,461,4194304,1.00000000000000000,-0.000000000
4,6,1024,8388608,4194304,11,cycle,post,462,4194304,1.00000000000000000,-0.000000000
4,6,1024,8388608,4194304,11,cycle,post,463,4194304,1.00000000000000000,-0.000000000
4,6,1024,8388608,4194304,11,cycle,post,464,4194304,1.00000000000000000,-0.000000000
4,6,1024,8388608,4194304,11,cycle,post,465,4194304,1.00000000000000000,-0.000000000
4,6,1024,8388608,4194304,11,cycle,post,466,4194304,1.00000000000000000,-0.000000000
4,6,1024,8388608,4194304,11,cycle,post,467,4194300,0.99999904632568359,0.000001376
4,6,1024,8388608,4194304,11,cycle,post,468,4194298,0.99999856948852539,0.000002064
4,6,1024,8388608,4194304,11,cycle,post,469,4194297,0.99999833106994629,0.000002408
4,6,1024,8388608,4194304,11,cycle,post,470,4194292,0.99999713897705078,0.000004128
4,6,1024,8388608,4194304,11,cycle,post,471,4194287,0.99999594688415527,0.000005847
4,6,1024,8388608,4194304,11,cycle,post,472,4194254,0.99998807907104492,0.000017198
4,6,1024,8388608,4194304,11,cycle,post,473,4194224,0.99998092651367188,0.000027517
4,6,1024,8388608,4194304,11,cycle,post,474,4194177,0.99996972084045410,0.000043684
4,6,1024,8388608,4194304,11,cycle,post,475,4194134,0.99995946884155273,0.000058475
4,6,1024,8388608,4194304,11,cycle,post,476,4194075,0.99994540214538574,0.000078770
4,6,1024,8388608,4194304,11,cycle,post,477,4193999,0.99992728233337402,0.000104913
4,6,1024,8388608,4194304,11,cycle,post,478,4193918,0.99990797042846680,0.000132777
4,6,1024,8388608,4194304,11,cycle,post,479,4193810,0.99988222122192383,0.000169929
4,6,1024,8388608,4194304,11,cycle,post,480,4193674,0.99984979629516602,0.000216714
4,6,1024,8388608,4194304,11,cycle,post,481,4193537,0.99981713294982910,0.000263846
4,6,1024,8388608,4194304,11,cycle,post,482,4193364,0.99977588653564453,0.000323364
4,6,1024,8388608,4194304,11,cycle,post,483,4193069,0.99970555305480957,0.000424860
4,6,1024,8388608,4194304,11,cycle,post,484,4192748,0.99962902069091797,0.000535309
4,6,1024,8388608,4194304,11,cycle,post,485,4192397,0.99954533576965332,0.000656091
4,6,1024,8388608,4194304,11,cycle,post,486,4192020,0.99945545196533203,0.000785831
4,6,1024,8388608,4194304,11,cycle,post,487,4191609,0.99935746192932129,0.000927284
4,6,1024,8388608,4194304,11,cycle,post,488,4191241,0.99926972389221191,0.001053951
4,6,1024,8388608,4194304,11,cycle,post,489,4190853,0.99917721748352051,0.001187513
4,6,1024,8388608,4194304,11,cycle,post,490,4190393,0.99906754493713379,0.001345876
4,6,1024,8388608,4194304,11,cycle,post,491,4189913,0.99895310401916504,0.001511143
4,6,1024,8388608,4194304,11,cycle,post,492,4189296,0.99880599975585938,0.001723607
4,6,1024,8388608,4194304,11,cycle,post,493,4188627,0.99864649772644043,0.001954014
4,6,1024,8388608,4194304,11,cycle,post,494,4187929,0.99848008155822754,0.002194447
4,6,1024,8388608,4194304,11,cycle,post,495,4187060,0.99827289581298828,0.002493839
4,6,1024,8388608,4194304,11,cycle,post,496,4185977,0.99801468849182129,0.002867046
4,6,1024,8388608,4194304,11,cycle,post,497,4184866,0.99774980545043945,0.003250002
4,6,1024,8388608,4194304,11,cycle,post,498,4183640,0.99745750427246094,0.003672717
4,6,1024,8388608,4194304,11,cycle,post,499,4182372,0.99715518951416016,0.004110043
4,6,1024,8388608,4194304,11,cycle,post,500,4180885,0.99680066108703613,0.004623070
4,6,1024,8388608,4194304,11,cycle,post,501,4179258,0.99641275405883789,0.005184607
4,6,1024,8388608,4194304,11,cycle,post,502,4177407,0.99597144126892090,0.005823720
4,6,1024,8388608,4194304,11,cycle,post,503,4175202,0.99544572830200195,0.006585433
4,6,1024,8388608,4194304,11,cycle,post,504,4172623,0.99483084678649902,0.007476853
4,6,1024,8388608,4194304,11,cycle,post,505,4169881,0.99417710304260254,0.008425218
4,6,1024,8388608,4194304,11,cycle,post,506,4166943,0.99347662925720215,0.009442065
4,6,1024,8388608,4194304,11,cycle,post,507,4163555,0.99266886711120605,0.010615549
4,6,1024,8388608,4194304,11,cycle,post,508,4160042,0.99183130264282227,0.011833337
4,6,1024,8388608,4194304,11,cycle,post,509,4156260,0.99092960357666016,0.013145524
4,6,1024,8388608,4194304,11,cycle,post,510,4152055,0.98992705345153809,0.014605876
4,6,1024,8388608,4194304,11,cycle,post,511,4147647,0.98887610435485840,0.016138317
4,6,1024,8388608,4194304,11,cycle,post,512,4142610,0.98767518997192383,0.017891424
4,6,1024,8388608,4194304,11,cycle,post,513,4137272,0.98640251159667969,0.019751622
4,6,1024,8388608,4194304,11,cycle,post,514,4131442,0.98501253128051758,0.021786016
4,6,1024,8388608,4194304,11,cycle,post,515,4124901,0.98345303535461426,0.024071936
4,6,1024,8388608,4194304,11,cycle,post,516,4118169,0.98184800148010254,0.026428395
4,6,1024,8388608,4194304,11,cycle,post,517,4110904,0.98011589050292969,0.028975749
4,6,1024,8388608,4194304,11,cycle,post,518,4103131,0.97826266288757324,0.031706215
4,6,1024,8388608,4194304,11,cycle,post,519,4094760,0.97626686096191406,0.034652535
4,6,1024,8388608,4194304,11,cycle,post,520,4085861,0.97414517402648926,0.037791306
4,6,1024,8388608,4194304,11,cycle,post,521,4076010,0.97179651260375977,0.041273840
4,6,1024,8388608,4194304,11,cycle,post,522,4065431,0.96927428245544434,0.045023122
4,6,1024,8388608,4194304,11,cycle,post,523,4054153,0.96658539772033691,0.049030895
4,6,1024,8388608,4194304,11,cycle,post,524,4042559,0.96382117271423340,0.053162601
4,6,1024,8388608,4194304,11,cycle,post,525,4030538,0.96095514297485352,0.057459007
4,6,1024,8388608,4194304,11,cycle,post,526,4017835,0.95792651176452637,0.062013112
4,6,1024,8388608,4194304,11,cycle,post,527,4004451,0.95473551750183105,0.066826964
4,6,1024,8388608,4194304,11,cycle,post,528,3990060,0.95130443572998047,0.072020990
4,6,1024,8388608,4194304,11,cycle,post,529,3974864,0.94768142700195312,0.077525931
4,6,1024,8388608,4194304,11,cycle,post,530,3958951,0.94388747215270996,0.083313219
4,6,1024,8388608,4194304,11,cycle,post,531,3942108,0.93987178802490234,0.089464129
4,6,1024,8388608,4194304,11,cycle,post,532,3924509,0.93567585945129395,0.095919263
4,6,1024,8388608,4194304,11,cycle,post,533,3905665,0.93118309974670410,0.102863220
4,6,1024,8388608,4194304,11,cycle,post,534,3886224,0.92654800415039062,0.110062371
4,6,1024,8388608,4194304,11,cycle,post,535,3865557,0.92162060737609863,0.117755119
4,6,1024,8388608,4194304,11,cycle,post,536,3844061,0.91649556159973145,0.125800201
4,6,1024,8388608,4194304,11,cycle,post,537,3821891,0.91120982170104980,0.134144797
4,6,1024,8388608,4194304,11,cycle,post,538,3798900,0.90572834014892578,0.142849695
4,6,1024,8388608,4194304,11,cycle,post,539,3774765,0.89997410774230957,0.152044599
4,6,1024,8388608,4194304,11,cycle,post,540,3748935,0.89381575584411621,0.161950619
4,6,1024,8388608,4194304,11,cycle,post,541,3722181,0.88743710517883301,0.172283219
4,6,1024,8388608,4194304,11,cycle,post,542,3694476,0.88083171844482422,0.183061674
4,6,1024,8388608,4194304,11,cycle,post,543,3665375,0.87389349937438965,0.194470624
4,6,1024,8388608,4194304,11,cycle,post,544,3634942,0.86663770675659180,0.206499086
4,6,1024,8388608,4194304,11,cycle,post,545,3603175,0.85906386375427246,0.219162708
4,6,1024,8388608,4194304,11,cycle,post,546,3570671,0.85131430625915527,0.232236220
4,6,1024,8388608,4194304,11,cycle,post,547,3537455,0.84339499473571777,0.245719635
4,6,1024,8388608,4194304,11,cycle,post,548,3503157,0.83521771430969238,0.259775784
4,6,1024,8388608,4194304,11,cycle,post,549,3466878,0.82656812667846680,0.274794362
4,6,1024,8388608,4194304,11,cycle,post,550,3429923,0.81775736808776855,0.290255242
4,6,1024,8388608,4194304,11,cycle,post,551,3391656,0.80863380432128906,0.306441579
4,6,1024,8388608,4194304,11,cycle,post,552,3353003,0.79941821098327637,0.322977657
4,6,1024,8388608,4194304,11,cycle,post,553,3313969,0.79011178016662598,0.339871324
4,6,1024,8388608,4194304,11,cycle,post,554,3273882,0.78055429458618164,0.357429107
4,6,1024,8388608,4194304,11,cycle,post,555,3231811,0.77052378654479980,0.376088601
4,6,1024,8388608,4194304,11,cycle,post,556,3188612,0.76022434234619141,0.395502874
4,6,1024,8388608,4194304,11,cycle,post,557,3144056,0.74960136413574219,0.415804516
4,6,1024,8388608,4194304,11,cycle,post,558,3098369,0.73870873451232910,0.436922459
4,6,1024,8388608,4194304,11,cycle,post,559,3051531,0.72754168510437012,0.458898184
4,6,1024,8388608,4194304,11,cycle,post,560,3004533,0.71633648872375488,0.481290663
4,6,1024,8388608,4194304,11,cycle,post,561,2957437,0.70510792732238770,0.504083994
4,6,1024,8388608,4194304,11,cycle,post,562,2909640,0.69371223449707031,0.527590766
4,6,1024,8388608,4194304,11,cycle,post,563,2860864,0.68208312988281250,0.551980514
4,6,1024,8388608,4194304,11,cycle,post,564,2811933,0.67041707038879395,0.576869211
4,6,1024,8388608,4194304,11,cycle,post,565,2762062,0.65852689743041992,0.602685727
4,6,1024,8388608,4194304,11,cycle,post,566,2711538,0.64648103713989258,0.629320042
4,6,1024,8388608,4194304,11,cycle,post,567,2660910,0.63441038131713867,0.656511716
4,6,1024,8388608,4194304,11,cycle,post,568,2609702,0.62220144271850586,0.684546355
4,6,1024,8388608,4194304,11,cycle,post,569,2557404,0.60973262786865234,0.713751346
4,6,1024,8388608,4194304,11,cycle,post,570,2504450,0.59710741043090820,0.743937621
4,6,1024,8388608,4194304,11,cycle,post,571,2451367,0.58445143699645996,0.774844941
4,6,1024,8388608,4194304,11,cycle,post,572,2397138,0.57152223587036133,0.807118465
4,6,1024,8388608,4194304,11,cycle,post,573,2342325,0.55845379829406738,0.840490166
4,6,1024,8388608,4194304,11,cycle,post,574,2286837,0.54522442817687988,0.875077893
4,6,1024,8388608,4194304,11,cycle,post,575,2232637,0.53230214118957520,0.909682725
4,6,1024,8388608,4194304,11,cycle,post,576,2178350,0.51935911178588867,0.945195657
4,6,1024,8388608,4194304,11,cycle,post,577,2123557,0.50629544258117676,0.981948597
4,6,1024,8388608,4194304,11,cycle,post,578,2069556,0.49342060089111328,1.019110144
4,6,1024,8388608,4194304,11,cycle,post,579,2015278,0.48047971725463867,1.057452564
4,6,1024,8388608,4194304,11,cycle,post,580,1960472,0.46741294860839844,1.097230394
4,6,1024,8388608,4194304,11,cycle,post,581,1906336,0.45450592041015625,1.137629008
4,6,1024,8388608,4194304,11,cycle,post,582,1851978,0.44154596328735352,1.179364470
4,6,1024,8388608,4194304,11,cycle,post,583,1798822,0.42887258529663086,1.221378997
4,6,1024,8388608,4194304,11,cycle,post,584,1745490,0.41615724563598633,1.264799339
4,6,1024,8388608,4194304,11,cycle,post,585,1692784,0.40359115600585938,1.309033534
4,6,1024,8388608,4194304,11,cycle,post,586,1640868,0.39121341705322266,1.353972245
4,6,1024,8388608,4194304,11,cycle,post,587,1589805,0.37903904914855957,1.399581610
4,6,1024,8388608,4194304,11,cycle,post,588,1539989,0.36716198921203613,1.445511385
4,6,1024,8388608,4194304,11,cycle,post,589,1490774,0.35542821884155273,1.492369868
4,6,1024,8388608,4194304,11,cycle,post,590,1441695,0.34372687339782715,1.540665445
4,6,1024,8388608,4194304,11,cycle,post,591,1393194,0.33216333389282227,1.590035266
4,6,1024,8388608,4194304,11,cycle,post,592,1345283,0.32074046134948730,1.640521734
4,6,1024,8388608,4194304,11,cycle,post,593,1298194,0.30951356887817383,1.691925437
4,6,1024,8388608,4194304,11,cycle,post,594,1251505,0.29838204383850098,1.744767376
4,6,1024,8388608,4194304,11,cycle,post,595,1205509,0.28741574287414551,1.798789009
4,6,1024,8388608,4194304,11,cycle,post,596,1160030,0.27657270431518555,1.854269315
4,6,1024,8388608,4194304,11,cycle,post,597,1116083,0.26609492301940918,1.909987110
4,6,1024,8388608,4194304,11,cycle,post,598,1073050,0.25583505630493164,1.966714129
4,6,1024,8388608,4194304,11,cycle,post,599,1031062,0.24582433700561523,2.024300343
4,6,1024,8388608,4194304,11,cycle,post,600,990221,0.23608708381652832,2.082608980
4,6,1024,8388608,4194304,11,cycle,post,601,949814,0.22645330429077148,2.142714504
4,6,1024,8388608,4194304,11,cycle,post,602,910562,0.21709489822387695,2.203602272
4,6,1024,8388608,4194304,11,cycle,post,603,872495,0.20801901817321777,2.265212662
4,6,1024,8388608,4194304,11,cycle,post,604,835607,0.19922423362731934,2.327534947
4,6,1024,8388608,4194304,11,cycle,post,605,799520,0.19062042236328125,2.391225402
4,6,1024,8388608,4194304,11,cycle,post,606,763529,0.18203949928283691,2.457676572
4,6,1024,8388608,4194304,11,cycle,post,607,729313,0.17388176918029785,2.523821415
4,6,1024,8388608,4194304,11,cycle,post,608,696018,0.16594362258911133,2.591234909
4,6,1024,8388608,4194304,11,cycle,post,609,663979,0.15830492973327637,2.659221912
4,6,1024,8388608,4194304,11,cycle,post,610,632968,0.15091133117675781,2.728226960
4,6,1024,8388608,4194304,11,cycle,post,611,603300,0.14383792877197266,2.797483943
4,6,1024,8388608,4194304,11,cycle,post,612,574318,0.13692808151245117,2.868509747
4,6,1024,8388608,4194304,11,cycle,post,613,545929,0.13015961647033691,2.941646190
4,6,1024,8388608,4194304,11,cycle,post,614,519358,0.12382459640502930,3.013630176
4,6,1024,8388608,4194304,11,cycle,post,615,493370,0.11762857437133789,3.087689532
4,6,1024,8388608,4194304,11,cycle,post,616,468209,0.11162972450256348,3.163206859
4,6,1024,8388608,4194304,11,cycle,post,617,444208,0.10590744018554688,3.239124150
4,6,1024,8388608,4194304,11,cycle,post,618,421149,0.10040974617004395,3.316028785
4,6,1024,8388608,4194304,11,cycle,post,619,399173,0.09517025947570801,3.393345385
4,6,1024,8388608,4194304,11,cycle,post,620,377874,0.09009218215942383,3.472454270
4,6,1024,8388608,4194304,11,cycle,post,621,357936,0.08533859252929688,3.550657873
4,6,1024,8388608,4194304,11,cycle,post,622,338743,0.08076262474060059,3.630168392
4,6,1024,8388608,4194304,11,cycle,post,623,319936,0.07627868652343750,3.712576188
4,6,1024,8388608,4194304,11,cycle,post,624,301786,0.07195138931274414,3.796833645
4,6,1024,8388608,4194304,11,cycle,post,625,284535,0.06783843040466309,3.881753399
4,6,1024,8388608,4194304,11,cycle,post,626,268132,0.06392765045166016,3.967416119
4,6,1024,8388608,4194304,11,cycle,post,627,252475,0.06019473075866699,4.054218986
4,6,1024,8388608,4194304,11,cycle,post,628,237343,0.05658698081970215,4.143386025
4,6,1024,8388608,4194304,11,cycle,post,629,223376,0.05325698852539062,4.230885338
4,6,1024,8388608,4194304,11,cycle,post,630,209958,0.05005788803100586,4.320258766
4,6,1024,8388608,4194304,11,cycle,post,631,196957,0.04695820808410645,4.412478833
4,6,1024,8388608,4194304,11,cycle,post,632,184564,0.04400348663330078,4.506238349
4,6,1024,8388608,4194304,11,cycle,post,633,172666,0.04116678237915039,4.602375499
4,6,1024,8388608,4194304,11,cycle,post,634,161483,0.03850054740905762,4.698977231
4,6,1024,8388608,4194304,11,cycle,post,635,150988,0.03599834442138672,4.795925632
4,6,1024,8388608,4194304,11,cycle,post,636,141035,0.03362536430358887,4.894306292
4,6,1024,8388608,4194304,11,cycle,post,637,131469,0.03134465217590332,4.995636869
4,6,1024,8388608,4194304,11,cycle,post,638,122275,0.02915263175964355,5.100230061
4,6,1024,8388608,4194304,11,cycle,post,639,113766,0.02712392807006836,5.204290066
4,6,1024,8388608,4194304,11,cycle,post,640,105829,0.02523159980773926,5.308624507
4,6,1024,8388608,4194304,11,cycle,post,641,98412,0.02346324920654297,5.413453377
4,6,1024,8388608,4194304,11,cycle,post,642,91420,0.02179622650146484,5.519777802
4,6,1024,8388608,4194304,11,cycle,post,643,84901,0.02024197578430176,5.626506074
4,6,1024,8388608,4194304,11,cycle,post,644,78847,0.01879858970642090,5.733231757
4,6,1024,8388608,4194304,11,cycle,post,645,73257,0.01746582984924316,5.839320999
4,6,1024,8388608,4194304,11,cycle,post,646,68089,0.01623368263244629,5.944865875
4,6,1024,8388608,4194304,11,cycle,post,647,63206,0.01506948471069336,6.052226104
4,6,1024,8388608,4194304,11,cycle,post,648,58589,0.01396870613098145,6.161657794
4,6,1024,8388608,4194304,11,cycle,post,649,54256,0.01293563842773438,6.272504931
4,6,1024,8388608,4194304,11,cycle,post,650,49984,0.01191711425781250,6.390821262
4,6,1024,8388608,4194304,11,cycle,post,651,45913,0.01094651222229004,6.513384918
4,6,1024,8388608,4194304,11,cycle,post,652,42159,0.01005148887634277,6.636446973
4,6,1024,8388608,4194304,11,cycle,post,653,38787,0.00924754142761230,6.756714426
4,6,1024,8388608,4194304,11,cycle,post,654,35602,0.00848817825317383,6.880329331
4,6,1024,8388608,4194304,11,cycle,post,655,32700,0.00779628753662109,7.002996985
4,6,1024,8388608,4194304,11,cycle,post,656,30038,0.00716161727905273,7.125498862
4,6,1024,8388608,4194304,11,cycle,post,657,27505,0.00655770301818848,7.252593717
4,6,1024,8388608,4194304,11,cycle,post,658,25102,0.00598478317260742,7.384485305
4,6,1024,8388608,4194304,11,cycle,post,659,22940,0.00546932220458984,7.514422229
4,6,1024,8388608,4194304,11,cycle,post,660,20909,0.00498509407043457,7.648163556
4,6,1024,8388608,4194304,11,cycle,post,661,19088,0.00455093383789062,7.779621672
4,6,1024,8388608,4194304,11,cycle,post,662,17447,0.00415968894958496,7.909308633
4,6,1024,8388608,4194304,11,cycle,post,663,15910,0.00379323959350586,8.042353785
4,6,1024,8388608,4194304,11,cycle,post,664,14567,0.00347304344177246,8.169583828
4,6,1024,8388608,4194304,11,cycle,post,665,13343,0.00318121910095215,8.296204546
4,6,1024,8388608,4194304,11,cycle,post,666,12146,0.00289583206176758,8.431806346
4,6,1024,8388608,4194304,11,cycle,post,667,11129,0.00265336036682129,8.557963656
4,6,1024,8388608,4194304,11,cycle,post,668,10172,0.00242519378662109,8.687684253
4,6,1024,8388608,4194304,11,cycle,post,669,9268,0.00220966339111328,8.821957671
4,6,1024,8388608,4194304,11,cycle,post,670,8404,0.00200366973876953,8.963139553
4,6,1024,8388608,4194304,11,cycle,post,671,7709,0.00183796882629395,9.087671987
4,6,1024,8388608,4194304,11,cycle,post,672,7149,0.00170445442199707,9.196474263
4,6,1024,8388608,4194304,11,cycle,post,673,6559,0.00156378746032715,9.320739840
4,6,1024,8388608,4194304,11,cycle,post,674,6049,0.00144219398498535,9.437519055
4,6,1024,8388608,4194304,11,cycle,post,675,5602,0.00133562088012695,9.548273732
4,6,1024,8388608,4194304,11,cycle,post,676,5185,0.00123620033264160,9.659871726
4,6,1024,8388608,4194304,11,cycle,post,677,4756,0.00113391876220703,9.784467000
4,6,1024,8388608,4194304,11,cycle,post,678,4367,0.00104117393493652,9.907573184
4,6,1024,8388608,4194304,11,cycle,post,679,4033,0.00096154212951660,10.022362310
4,6,1024,8388608,4194304,11,cycle,post,680,3744,0.00089263916015625,10.129635280
4,6,1024,8388608,4194304,11,cycle,post,681,3487,0.00083136558532715,10.232229351
4,6,1024,8388608,4194304,11,cycle,post,682,3241,0.00077271461486816,10.337776695
4,6,1024,8388608,4194304,11,cycle,post,683,3046,0.00072622299194336,10.427299774
4,6,1024,8388608,4194304,11,cycle,post,684,2881,0.00068688392639160,10.507646055
4,6,1024,8388608,4194304,11,cycle,post,685,2665,0.00063538551330566,10.620080182
4,6,1024,8388608,4194304,11,cycle,post,686,2480,0.00059127807617188,10.723875595
4,6,1024,8388608,4194304,11,cycle,post,687,2297,0.00054764747619629,10.834464859
4,6,1024,8388608,4194304,11,cycle,post,688,2089,0.00049805641174316,10.971403223
4,6,1024,8388608,4194304,11,cycle,post,689,1918,0.00045728683471680,11.094612995
4,6,1024,8388608,4194304,11,cycle,post,690,1781,0.00042462348937988,11.201528199
4,6,1024,8388608,4194304,11,cycle,post,691,1644,0.00039196014404297,11.317005416
4,6,1024,8388608,4194304,11,cycle,post,692,1577,0.00037598609924316,11.377033055
4,6,1024,8388608,4194304,11,cycle,post,693,1494,0.00035619735717773,11.455035567
4,6,1024,8388608,4194304,11,cycle,post,694,1401,0.00033402442932129,11.547758760
4,6,1024,8388608,4194304,11,cycle,post,695,1321,0.00031495094299316,11.632585249
4,6,1024,8388608,4194304,11,cycle,post,696,1241,0.00029587745666504,11.722712600
4,6,1024,8388608,4194304,11,cycle,post,697,1148,0.00027370452880859,11.835093073
4,6,1024,8388608,4194304,11,cycle,post,698,1040,0.00024795532226562,11.977632187
4,6,1024,8388608,4194304,11,cycle,post,699,946,0.00022554397583008,12.114303627
4,6,1024,8388608,4194304,11,cycle,post,700,847,0.00020194053649902,12.273781841
4,6,1024,8388608,4194304,11,cycle,post,701,759,0.00018095970153809,12.432043925
4,6,1024,8388608,4194304,11,cycle,post,702,704,0.00016784667968750,12.540568381
4,6,1024,8388608,4194304,11,cycle,post,703,659,0.00015711784362793,12.635865345
4,6,1024,8388608,4194304,11,cycle,post,704,616,0.00014686584472656,12.733213459
4,6,1024,8388608,4194304,11,cycle,post,705,585,0.00013947486877441,12.807707186
4,6,1024,8388608,4194304,11,cycle,post,706,548,0.00013065338134766,12.901967917
4,6,1024,8388608,4194304,11,cycle,post,707,509,0.00012135505676270,13.008478154
4,6,1024,8388608,4194304,11,cycle,post,708,467,0.00011134147644043,13.132721260
4,6,1024,8388608,4194304,11,cycle,post,709,425,0.00010132789611816,13.268680969
4,6,1024,8388608,4194304,11,cycle,post,710,378,0.00009012222290039,13.437757576
4,6,1024,8388608,4194304,11,cycle,post,711,332,0.00007915496826172,13.624960569
4,6,1024,8388608,4194304,11,cycle,post,712,281,0.00006699562072754,13.865573680
4,6,1024,8388608,4194304,11,cycle,post,713,223,0.00005316734313965,14.199100100
4,6,1024,8388608,4194304,11,cycle,post,714,170,0.00004053115844727,14.590609064
4,6,1024,8388608,4194304,11,cycle,post,715,150,0.00003576278686523,14.771181310
4,6,1024,8388608,4194304,11,cycle,post,716,110,0.00002622604370117,15.218640286
4,6,1024,8388608,4194304,11,cycle,post,717,77,0.00001835823059082,15.733213459
4,6,1024,8388608,4194304,11,cycle,post,718,63,0.00001502037048340,16.022720077
4,6,1024,8388608,4194304,11,cycle,post,719,44,0.00001049041748047,16.540568381
4,6,1024,8388608,4194304,11,cycle,post,720,23,0.00000548362731934,17.476438044
4,6,1024,8388608,4194304,11,cycle,post,721,6,0.00000143051147461,19.415037499
4,6,1024,8388608,4194304,11,cycle,post,722,0,0.00000000000000000,inf
4,6,1024,8388608,4194304,11,cycle,insertion,0,4194304,1.00000000000000000,-0.000000000
4,6,1024,8388608,4194304,11,cycle,insertion,1,4194304,1.00000000000000000,-0.000000000
4,6,1024,8388608,4194304,11,cycle,insertion,2,4194304,1.00000000000000000,-0.000000000
4,6,1024,8388608,4194304,11,cycle,insertion,3,4194304,1.00000000000000000,-0.000000000
4,6,1024,8388608,4194304,11,cycle,insertion,4,4194304,1.00000000000000000,-0.000000000
4,6,1024,8388608,4194304,11,cycle,insertion,5,4194304,1.00000000000000000,-0.000000000
4,6,1024,8388608,4194304,11,cycle,insertion,6,4194304,1.00000000000000000,-0.000000000
4,6,1024,8388608,4194304,11,cycle,insertion,7,4194304,1.00000000000000000,-0.000000000
4,6,1024,8388608,4194304,11,cycle,insertion,8,4194304,1.00000000000000000,-0.000000000
4,6,1024,8388608,4194304,11,cycle,insertion,9,4194304,1.00000000000000000,-0.000000000
4,6,1024,8388608,4194304,11,cycle,insertion,10,4194304,1.00000000000000000,-0.000000000
4,6,1024,8388608,4194304,11,cycle,insertion,11,4194304,1.00000000000000000,-0.000000000
4,6,1024,8388608,4194304,11,cycle,insertion,12,4194304,1.00000000000000000,-0.000000000
4,6,1024,8388608,4194304,11,cycle,insertion,13,4194304,1.00000000000000000,-0.000000000
4,6,1024,8388608,4194304,11,cycle,insertion,14,4194304,1.00000000000000000,-0.000000000
4,6,1024,8388608,4194304,11,cycle,insertion,15,4194304,1.00000000000000000,-0.000000000
4,6,1024,8388608,4194304,11,cycle,insertion,16,4194304,1.00000000000000000,-0.000000000
4,6,1024,8388608,4194304,11,cycle,insertion,17,4194304,1.00000000000000000,-0.000000000
4,6,1024,8388608,4194304,11,cycle,insertion,18,4194304,1.00000000000000000,-0.000000000
4,6,1024,8388608,4194304,11,cycle,insertion,19,4194304,1.00000000000000000,-0.000000000
4,6,1024,8388608,4194304,11,cycle,insertion,20,4194304,1.00000000000000000,-0.000000000
4,6,1024,8388608,4194304,11,cycle,insertion,21,4194304,1.00000000000000000,-0.000000000
4,6,1024,8388608,4194304,11,cycle,insertion,22,4194304,1.00000000000000000,-0.000000000
4,6,1024,8388608,4194304,11,cycle,insertion,23,4194304,1.00000000000000000,-0.000000000
4,6,1024,8388608,4194304,11,cycle,insertion,24,4194304,1.00000000000000000,-0.000000000
4,6,1024,8388608,4194304,11,cycle,insertion,25,4194304,1.00000000000000000,-0.000000000
4,6,1024,8388608,4194304,11,cycle,insertion,26,4194304,1.00000000000000000,-0.000000000
4,6,1024,8388608,4194304,11,cycle,insertion,27,4194304,1.00000000000000000,-0.000000000
4,6,1024,8388608,4194304,11,cycle,insertion,28,4194304,1.00000000000000000,-0.000000000
4,6,1024,8388608,4194304,11,cycle,insertion,29,4194304,1.00000000000000000,-0.000000000
4,6,1024,8388608,4194304,11,cycle,insertion,30,4194304,1.00000000000000000,-0.000000000
4,6,1024,8388608,4194304,11,cycle,insertion,31,4194304,1.00000000000000000,-0.000000000
4,6,1024,8388608,4194304,11,cycle,insertion,32,4194304,1.00000000000000000,-0.000000000
4,6,1024,8388608,4194304,11,cycle,insertion,33,4194304,1.00000000000000000,-0.000000000
4,6,1024,8388608,4194304,11,cycle,insertion,34,4194304,1.00000000000000000,-0.000000000
4,6,1024,8388608,4194304,11,cycle,insertion,35,4194304,1.00000000000000000,-0.000000000
4,6,1024,8388608,4194304,11,cycle,insertion,36,4194304,1.00000000000000000,-0.000000000
4,6,1024,8388608,4194304,11,cycle,insertion,37,4194304,1.00000000000000000,-0.000000000
4,6,1024,8388608,4194304,11,cycle,insertion,38,4194304,1.00000000000000000,-0.000000000
4,6,1024,8388608,4194304,11,cycle,insertion,39,4194304,1.00000000000000000,-0.000000000
4,6,1024,8388608,4194304,11,cycle,insertion,40,4194304,1.00000000000000000,-0.000000000
4,6,1024,8388608,4194304,11,cycle,insertion,41,4194304,1.00000000000000000,-0.000000000
4,6,1024,8388608,4194304,11,cycle,insertion,42,4194304,1.00000000000000000,-0.000000000
4,6,1024,8388608,4194304,11,cycle,insertion,43,4194304,1.00000000000000000,-0.000000000
4,6,1024,8388608,4194304,11,cycle,insertion,44,4194304,1.00000000000000000,-0.000000000
4,6,1024,8388608,4194304,11,cycle,insertion,45,4194304,1.00000000000000000,-0.000000000
4,6,1024,8388608,4194304,11,cycle,insertion,46,4194304,1.00000000000000000,-0.000000000
4,6,1024,8388608,4194304,11,cycle,insertion,47,4194304,1.00000000000000000,-0.000000000
4,6,1024,8388608,4194304,11,cycle,insertion,48,4194304,1.00000000000000000,-0.000000000
4,6,1024,8388608,4194304,11,cycle,insertion,49,4194304,1.00000000000000000,-0.000000000
4,6,1024,8388608,4194304,11,cycle,insertion,50,4194304,1.00000000000000000,-0.000000000
4,6,1024,8388608,4194304,11,cycle,insertion,51,4194304,1.00000000000000000,-0.000000000
4,6,1024,8388608,4194304,11,cycle,insertion,52,4194304,1.00000000000000000,-0.000000000
4,6,1024,8388608,4194304,11,cycle,insertion,53,4194304,1.00000000000000000,-0.000000000
4,6,1024,8388608,4194304,11,cycle,insertion,54,4194304,1.00000000000000000,-0.000000000
4,6,1024,8388608,4194304,11,cycle,insertion,55,4194304,1.00000000000000000,-0.000000000
4,6,1024,8388608,4194304,11,cycle,insertion,56,4194304,1.00000000000000000,-0.000000000
4,6,1024,8388608,4194304,11,cycle,insertion,57,4194304,1.00000000000000000,-0.000000000
4,6,1024,8388608,4194304,11,cycle,insertion,58,4194304,1.00000000000000000,-0.000000000
4,6,1024,8388608,4194304,11,cycle,insertion,59,4194304,1.00000000000000000,-0.000000000
4,6,1024,8388608,4194304,11,cycle,insertion,60,4194304,1.00000000000000000,-0.000000000
4,6,1024,8388608,4194304,11,cycle,insertion,61,4194304,1.00000000000000000,-0.000000000
4,6,1024,8388608,4194304,11,cycle,insertion,62,4194304,1.00000000000000000,-0.000000000
4,6,1024,8388608,4194304,11,cycle,insertion,63,4194304,1.00000000000000000,-0.000000000
4,6,1024,8388608,4194304,11,cycle,insertion,64,4194304,1.00000000000000000,-0.000000000
4,6,1024,8388608,4194304,11,cycle,insertion,65,4194304,1.00000000000000000,-0.000000000
4,6,1024,8388608,4194304,11,cycle,insertion,66,4194304,1.00000000000000000,-0.000000000
4,6,1024,8388608,4194304,11,cycle,insertion,67,4194304,1.00000000000000000,-0.000000000
4,6,1024,8388608,4194304,11,cycle,insertion,68,4194304,1.00000000000000000,-0.000000000
4,6,1024,8388608,4194304,11,cycle,insertion,69,4194304,1.00000000000000000,-0.000000000
4,6,1024,8388608,4194304,11,cycle,insertion,70,4194304,1.00000000000000000,-0.000000000
4,6,1024,8388608,4194304,11,cycle,insertion,71,4194304,1.00000000000000000,-0.000000000
4,6,1024,8388608,4194304,11,cycle,insertion,72,4194304,1.00000000000000000,-0.000000000
4,6,1024,8388608,4194304,11,cycle,insertion,73,4194304,1.00000000000000000,-0.000000000
4,6,1024,8388608,4194304,11,cycle,insertion,74,4194304,1.00000000000000000,-0.000000000
4,6,1024,8388608,4194304,11,cycle,insertion,75,4194304,1.00000000000000000,-0.000000000
4,6,1024,8388608,4194304,11,cycle,insertion,76,4194304,1.00000000000000000,-0.000000000
4,6,1024,8388608,4194304,11,cycle,insertion,77,4194304,1.00000000000000000,-0.000000000
4,6,1024,8388608,4194304,11,cycle,insertion,78,4194304,1.00000000000000000,-0.000000000
4,6,1024,8388608,4194304,11,cycle,insertion,79,4194304,1.00000000000000000,-0.000000000
4,6,1024,8388608,4194304,11,cycle,insertion,80,4194304,1.00000000000000000,-0.000000000
4,6,1024,8388608,4194304,11,cycle,insertion,81,4194304,1.00000000000000000,-0.000000000
4,6,1024,8388608,4194304,11,cycle,insertion,82,4194304,1.00000000000000000,-0.000000000
4,6,1024,8388608,4194304,11,cycle,insertion,83,4194304,1.00000000000000000,-0.000000000
4,6,1024,8388608,4194304,11,cycle,insertion,84,4194304,1.00000000000000000,-0.000000000
4,6,1024,8388608,4194304,11,cycle,insertion,85,4194304,1.00000000000000000,-0.000000000
4,6,1024,8388608,4194304,11,cycle,insertion,86,4194304,1.00000000000000000,-0.000000000
4,6,1024,8388608,4194304,11,cycle,insertion,87,4194304,1.00000000000000000,-0.000000000
4,6,1024,8388608,4194304,11,cycle,insertion,88,4194304,1.00000000000000000,-0.000000000
4,6,1024,8388608,4194304,11,cycle,insertion,89,4194304,1.00000000000000000,-0.000000000
4,6,1024,8388608,4194304,11,cycle,insertion,90,4194304,1.00000000000000000,-0.000000000
4,6,1024,8388608,4194304,11,cycle,insertion,91,4194304,1.00000000000000000,-0.000000000
4,6,1024,8388608,4194304,11,cycle,insertion,92,4194304,1.00000000000000000,-0.000000000
4,6,1024,8388608,4194304,11,cycle,insertion,93,4194304,1.00000000000000000,-0.000000000
4,6,1024,8388608,4194304,11,cycle,insertion,94,4194304,1.00000000000000000,-0.000000000
4,6,1024,8388608,4194304,11,cycle,insertion,95,4194304,1.00000000000000000,-0.000000000
4,6,1024,8388608,4194304,11,cycle,insertion,96,4194304,1.00000000000000000,-0.000000000
4,6,1024,8388608,4194304,11,cycle,insertion,97,4194304,1.00000000000000000,-0.000000000
4,6,1024,8388608,4194304,11,cycle,insertion,98,4194304,1.00000000000000000,-0.000000000
4,6,1024,8388608,4194304,11,cycle,insertion,99,4194304,1.00000000000000000,-0.000000000
4,6,1024,8388608,4194304,11,cycle,insertion,100,4194304,1.00000000000000000,-0.000000000
4,6,1024,8388608,4194304,11,cycle,insertion,101,4194304,1.00000000000000000,-0.000000000
4,6,1024,8388608,4194304,11,cycle,insertion,102,4194304,1.00000000000000000,-0.000000000
4,6,1024,8388608,4194304,11,cycle,insertion,103,4194304,1.00000000000000000,-0.000000000
4,6,1024,8388608,4194304,11,cycle,insertion,104,4194304,1.00000000000000000,-0.000000000
4,6,1024,8388608,4194304,11,cycle,insertion,105,4194304,1.00000000000000000,-0.000000000
4,6,1024,8388608,4194304,11,cycle,insertion,106,4194304,1.00000000000000000,-0.000000000
4,6,1024,8388608,4194304,11,cycle,insertion,107,4194304,1.00000000000000000,-0.000000000
4,6,1024,8388608,4194304,11,cycle,insertion,108,4194304,1.00000000000000000,-0.000000000
4,6,1024,8388608,4194304,11,cycle,insertion,109,4194304,1.00000000000000000,-0.000000000
4,6,1024,8388608,4194304,11,cycle,insertion,110,4194304,1.00000000000000000,-0.000000000
4,6,1024,8388608,4194304,11,cycle,insertion,111,4194304,1.00000000000000000,-0.000000000
4,6,1024,8388608,4194304,11,cycle,insertion,112,4194304,1.00000000000000000,-0.000000000
4,6,1024,8388608,4194304,11,cycle,insertion,113,4194304,1.00000000000000000,-0.000000000
4,6,1024,8388608,4194304,11,cycle,insertion,114,4194304,1.00000000000000000,-0.000000000
4,6,1024,8388608,4194304,11,cycle,insertion,115,4194304,1.00000000000000000,-0.000000000
4,6,1024,8388608,4194304,11,cycle,insertion,116,4194304,1.00000000000000000,-0.000000000
4,6,1024,8388608,4194304,11,cycle,insertion,117,4194304,1.00000000000000000,-0.000000000
4,6,1024,8388608,4194304,11,cycle,insertion,118,4194304,1.00000000000000000,-0.000000000
4,6,1024,8388608,4194304,11,cycle,insertion,119,4194304,1.00000000000000000,-0.000000000
4,6,1024,8388608,4194304,11,cycle,insertion,120,4194304,1.00000000000000000,-0.000000000
4,6,1024,8388608,4194304,11,cycle,insertion,121,4194304,1.00000000000000000,-0.000000000
4,6,1024,8388608,4194304,11,cycle,insertion,122,4194304,1.00000000000000000,-0.000000000
4,6,1024,8388608,4194304,11,cycle,insertion,123,4194304,1.00000000000000000,-0.000000000
4,6,1024,8388608,4194304,11,cycle,insertion,124,4194304,1.00000000000000000,-0.000000000
4,6,1024,8388608,4194304,11,cycle,insertion,125,4194304,1.00000000000000000,-0.000000000
4,6,1024,8388608,4194304,11,cycle,insertion,126,4194304,1.00000000000000000,-0.000000000
4,6,1024,8388608,4194304,11,cycle,insertion,127,4194304,1.00000000000000000,-0.000000000
4,6,1024,8388608,4194304,11,cycle,insertion,128,4194304,1.00000000000000000,-0.000000000
4,6,1024,8388608,4194304,11,cycle,insertion,129,4194304,1.00000000000000000,-0.000000000
4,6,1024,8388608,4194304,11,cycle,insertion,130,4194304,1.00000000000000000,-0.000000000
4,6,1024,8388608,4194304,11,cycle,insertion,131,4194304,1.00000000000000000,-0.000000000
4,6,1024,8388608,4194304,11,cycle,insertion,132,4194304,1.00000000000000000,-0.000000000
4,6,1024,8388608,4194304,11,cycle,insertion,133,4194304,1.00000000000000000,-0.000000000
4,6,1024,8388608,4194304,11,cycle,insertion,134,4194304,1.00000000000000000,-0.000000000
4,6,1024,8388608,4194304,11,cycle,insertion,135,4194304,1.00000000000000000,-0.000000000
4,6,1024,8388608,4194304,11,cycle,insertion,136,4194304,1.00000000000000000,-0.000000000
4,6,1024,8388608,4194304,11,cycle,insertion,137,4194304,1.00000000000000000,-0.000000000
4,6,1024,8388608,4194304,11,cycle,insertion,138,4194304,1.00000000000000000,-0.000000000
4,6,1024,8388608,4194304,11,cycle,insertion,139,4194304,1.00000000000000000,-0.000000000
4,6,1024,8388608,4194304,11,cycle,insertion,140,4194304,1.00000000000000000,-0.000000000
4,6,1024,8388608,4194304,11,cycle,insertion,141,4194304,1.00000000000000000,-0.000000000
4,6,1024,8388608,4194304,11,cycle,insertion,142,4194304,1.00000000000000000,-0.000000000
4,6,1024,8388608,4194304,11,cycle,insertion,143,4194304,1.00000000000000000,-0.000000000
4,6,1024,8388608,4194304,11,cycle,insertion,144,4194304,1.00000000000000000,-0.000000000
4,6,1024,8388608,4194304,11,cycle,insertion,145,4194304,1.00000000000000000,-0.000000000
4,6,1024,8388608,4194304,11,cycle,insertion,146,4194304,1.00000000000000000,-0.000000000
4,6,1024,8388608,4194304,11,cycle,insertion,147,4194304,1.00000000000000000,-0.000000000
4,6,1024,8388608,4194304,11,cycle,insertion,148,4194304,1.00000000000000000,-0.000000000
4,6,1024,8388608,4194304,11,cycle,insertion,149,4194304,1.00000000000000000,-0.000000000
4,6,1024,8388608,4194304,11,cycle,insertion,150,4194304,1.00000000000000000,-0.000000000
4,6,1024,8388608,4194304,11,cycle,insertion,151,4194304,1.00000000000000000,-0.000000000
4,6,1024,8388608,4194304,11,cycle,insertion,152,4194304,1.00000000000000000,-0.000000000
4,6,1024,8388608,4194304,11,cycle,insertion,153,4194304,1.00000000000000000,-0.000000000
4,6,1024,8388608,4194304,11,cycle,insertion,154,4194304,1.00000000000000000,-0.000000000
4,6,1024,8388608,4194304,11,cycle,insertion,155,4194304,1.00000000000000000,-0.000000000
4,6,1024,8388608,4194304,11,cycle,insertion,156,4194304,1.00000000000000000,-0.000000000
4,6,1024,8388608,4194304,11,cycle,insertion,157,4194304,1.00000000000000000,-0.000000000
4,6,1024,8388608,4194304,11,cycle,insertion,158,4194304,1.00000000000000000,-0.000000000
4,6,1024,8388608,4194304,11,cycle,insertion,159,4194304,1.00000000000000000,-0.000000000
4,6,1024,8388608,4194304,11,cycle,insertion,160,4194304,1.00000000000000000,-0.000000000
4,6,1024,8388608,4194304,11,cycle,insertion,161,4194304,1.00000000000000000,-0.000000000
4,6,1024,8388608,4194304,11,cycle,insertion,162,4194304,1.00000000000000000,-0.000000000
4,6,1024,8388608,4194304,11,cycle,insertion,163,4194304,1.00000000000000000,-0.000000000
4,6,1024,8388608,4194304,11,cycle,insertion,164,4194304,1.00000000000000000,-0.000000000
4,6,1024,8388608,4194304,11,cycle,insertion,165,4194304,1.00000000000000000,-0.000000000
4,6,1024,8388608,4194304,11,cycle,insertion,166,4194304,1.00000000000000000,-0.000000000
4,6,1024,8388608,4194304,11,cycle,insertion,167,4194304,1.00000000000000000,-0.000000000
4,6,1024,8388608,4194304,11,cycle,insertion,168,4194304,1.00000000000000000,-0.000000000
4,6,1024,8388608,4194304,11,cycle,insertion,169,4194304,1.00000000000000000,-0.000000000
4,6,1024,8388608,4194304,11,cycle,insertion,170,4194304,1.00000000000000000,-0.000000000
4,6,1024,8388608,4194304,11,cycle,insertion,171,4194304,1.00000000000000000,-0.000000000
4,6,1024,8388608,4194304,11,cycle,insertion,172,4194304,1.00000000000000000,-0.000000000
4,6,1024,8388608,4194304,11,cycle,insertion,173,4194304,1.00000000000000000,-0.000000000
4,6,1024,8388608,4194304,11,cycle,insertion,174,4194304,1.00000000000000000,-0.000000000
4,6,1024,8388608,4194304,11,cycle,insertion,175,4194304,1.00000000000000000,-0.000000000
4,6,1024,8388608,4194304,11,cycle,insertion,176,4194304,1.00000000000000000,-0.000000000
4,6,1024,8388608,4194304,11,cycle,insertion,177,4194304,1.00000000000000000,-0.000000000
4,6,1024,8388608,4194304,11,cycle,insertion,178,4194304,1.00000000000000000,-0.000000000
4,6,1024,8388608,4194304,11,cycle,insertion,179,4194304,1.00000000000000000,-0.000000000
4,6,1024,8388608,4194304,11,cycle,insertion,180,4194304,1.00000000000000000,-0.000000000
4,6,1024,8388608,4194304,11,cycle,insertion,181,4194304,1.00000000000000000,-0.000000000
4,6,1024,8388608,4194304,11,cycle,insertion,182,4194304,1.00000000000000000,-0.000000000
4,6,1024,8388608,4194304,11,cycle,insertion,183,4194304,1.00000000000000000,-0.000000000
4,6,1024,8388608,4194304,11,cycle,insertion,184,4194304,1.00000000000000000,-0.000000000
4,6,1024,8388608,4194304,11,cycle,insertion,185,4194304,1.00000000000000000,-0.000000000
4,6,1024,8388608,4194304,11,cycle,insertion,186,4194304,1.00000000000000000,-0.000000000
4,6,1024,8388608,4194304,11,cycle,insertion,187,4194304,1.00000000000000000,-0.000000000
4,6,1024,8388608,4194304,11,cycle,insertion,188,4194304,1.00000000000000000,-0.000000000
4,6,1024,8388608,4194304,11,cycle,insertion,189,4194304,1.00000000000000000,-0.000000000
4,6,1024,8388608,4194304,11,cycle,insertion,190,4194304,1.00000000000000000,-0.000000000
4,6,1024,8388608,4194304,11,cycle,insertion,191,4194304,1.00000000000000000,-0.000000000
4,6,1024,8388608,4194304,11,cycle,insertion,192,4194304,1.00000000000000000,-0.000000000
4,6,1024,8388608,4194304,11,cycle,insertion,193,4194304,1.00000000000000000,-0.000000000
4,6,1024,8388608,4194304,11,cycle,insertion,194,4194304,1.00000000000000000,-0.000000000
4,6,1024,8388608,4194304,11,cycle,insertion,195,4194304,1.00000000000000000,-0.000000000
4,6,1024,8388608,4194304,11,cycle,insertion,196,4194304,1.00000000000000000,-0.000000000
4,6,1024,8388608,4194304,11,cycle,insertion,197,4194304,1.00000000000000000,-0.000000000
4,6,1024,8388608,4194304,11,cycle,insertion,198,4194304,1.00000000000000000,-0.000000000
4,6,1024,8388608,4194304,11,cycle,insertion,199,4194304,1.00000000000000000,-0.000000000
4,6,1024,8388608,4194304,11,cycle,insertion,200,4194304,1.00000000000000000,-0.000000000
4,6,1024,8388608,4194304,11,cycle,insertion,201,4194304,1.00000000000000000,-0.000000000
4,6,1024,8388608,4194304,11,cycle,insertion,202,4194304,1.00000000000000000,-0.000000000
4,6,1024,8388608,4194304,11,cycle,insertion,203,4194304,1.00000000000000000,-0.000000000
4,6,1024,8388608,4194304,11,cycle,insertion,204,4194304,1.00000000000000000,-0.000000000
4,6,1024,8388608,4194304,11,cycle,insertion,205,4194304,1.00000000000000000,-0.000000000
4,6,1024,8388608,4194304,11,cycle,insertion,206,4194304,1.00000000000000000,-0.000000000
4,6,1024,8388608,4194304,11,cycle,insertion,207,4194304,1.00000000000000000,-0.000000000
4,6,1024,8388608,4194304,11,cycle,insertion,208,4194304,1.00000000000000000,-0.000000000
4,6,1024,8388608,4194304,11,cycle,insertion,209,4194304,1.00000000000000000,-0.000000000
4,6,1024,8388608,4194304,11,cycle,insertion,210,4194304,1.00000000000000000,-0.000000000
4,6,1024,8388608,4194304,11,cycle,insertion,211,4194304,1.00000000000000000,-0.000000000
4,6,1024,8388608,4194304,11,cycle,insertion,212,4194304,1.00000000000000000,-0.000000000
4,6,1024,8388608,4194304,11,cycle,insertion,213,4194304,1.00000000000000000,-0.000000000
4,6,1024,8388608,4194304,11,cycle,insertion,214,4194304,1.00000000000000000,-0.000000000
4,6,1024,8388608,4194304,11,cycle,insertion,215,4194304,1.00000000000000000,-0.000000000
4,6,1024,8388608,4194304,11,cycle,insertion,216,4194304,1.00000000000000000,-0.000000000
4,6,1024,8388608,4194304,11,cycle,insertion,217,4194304,1.00000000000000000,-0.000000000
4,6,1024,8388608,4194304,11,cycle,insertion,218,4194304,1.00000000000000000,-0.000000000
4,6,1024,8388608,4194304,11,cycle,insertion,219,4194304,1.00000000000000000,-0.000000000
4,6,1024,8388608,4194304,11,cycle,insertion,220,4194304,1.00000000000000000,-0.000000000
4,6,1024,8388608,4194304,11,cycle,insertion,221,4194304,1.00000000000000000,-0.000000000
4,6,1024,8388608,4194304,11,cycle,insertion,222,4194304,1.00000000000000000,-0.000000000
4,6,1024,8388608,4194304,11,cycle,insertion,223,4194304,1.00000000000000000,-0.000000000
4,6,1024,8388608,4194304,11,cycle,insertion,224,4194304,1.00000000000000000,-0.000000000
4,6,1024,8388608,4194304,11,cycle,insertion,225,4194304,1.00000000000000000,-0.000000000
4,6,1024,8388608,4194304,11,cycle,insertion,226,4194304,1.00000000000000000,-0.000000000
4,6,1024,8388608,4194304,11,cycle,insertion,227,4194304,1.00000000000000000,-0.000000000
4,6,1024,8388608,4194304,11,cycle,insertion,228,4194304,1.00000000000000000,-0.000000000
4,6,1024,8388608,4194304,11,cycle,insertion,229,4194304,1.00000000000000000,-0.000000000
4,6,1024,8388608,4194304,11,cycle,insertion,230,4194304,1.00000000000000000,-0.000000000
4,6,1024,8388608,4194304,11,cycle,insertion,231,4194304,1.00000000000000000,-0.000000000
4,6,1024,8388608,4194304,11,cycle,insertion,232,4194304,1.00000000000000000,-0.000000000
4,6,1024,8388608,4194304,11,cycle,insertion,233,4194304,1.00000000000000000,-0.000000000
4,6,1024,8388608,4194304,11,cycle,insertion,234,4194304,1.00000000000000000,-0.000000000
4,6,1024,8388608,4194304,11,cycle,insertion,235,4194304,1.00000000000000000,-0.000000000
4,6,1024,8388608,4194304,11,cycle,insertion,236,4194304,1.00000000000000000,-0.000000000
4,6,1024,8388608,4194304,11,cycle,insertion,237,4194304,1.00000000000000000,-0.000000000
4,6,1024,8388608,4194304,11,cycle,insertion,238,4194304,1.00000000000000000,-0.000000000
4,6,1024,8388608,4194304,11,cycle,insertion,239,4194304,1.00000000000000000,-0.000000000
4,6,1024,8388608,4194304,11,cycle,insertion,240,4194304,1.00000000000000000,-0.000000000
4,6,1024,8388608,4194304,11,cycle,insertion,241,4194304,1.00000000000000000,-0.000000000
4,6,1024,8388608,4194304,11,cycle,insertion,242,4194304,1.00000000000000000,-0.000000000
4,6,1024,8388608,4194304,11,cycle,insertion,243,4194304,1.00000000000000000,-0.000000000
4,6,1024,8388608,4194304,11,cycle,insertion,244,4194304,1.00000000000000000,-0.000000000
4,6,1024,8388608,4194304,11,cycle,insertion,245,4194304,1.00000000000000000,-0.000000000
4,6,1024,8388608,4194304,11,cycle,insertion,246,4194304,1.00000000000000000,-0.000000000
4,6,1024,8388608,4194304,11,cycle,insertion,247,4194304,1.00000000000000000,-0.000000000
4,6,1024,8388608,4194304,11,cycle,insertion,248,4194304,1.00000000000000000,-0.000000000
4,6,1024,8388608,4194304,11,cycle,insertion,249,4194304,1.00000000000000000,-0.000000000
4,6,1024,8388608,4194304,11,cycle,insertion,250,4194304,1.00000000000000000,-0.000000000
4,6,1024,8388608,4194304,11,cycle,insertion,251,4194304,1.00000000000000000,-0.000000000
4,6,1024,8388608,4194304,11,cycle,insertion,252,4194304,1.00000000000000000,-0.000000000
4,6,1024,8388608,4194304,11,cycle,insertion,253,4194304,1.00000000000000000,-0.000000000
4,6,1024,8388608,4194304,11,cycle,insertion,254,4194304,1.00000000000000000,-0.000000000
4,6,1024,8388608,4194304,11,cycle,insertion,255,4194304,1.00000000000000000,-0.000000000
4,6,1024,8388608,4194304,11,cycle,insertion,256,4194304,1.00000000000000000,-0.000000000
4,6,1024,8388608,4194304,11,cycle,insertion,257,4194304,1.00000000000000000,-0.000000000
4,6,1024,8388608,4194304,11,cycle,insertion,258,4194304,1.00000000000000000,-0.000000000
4,6,1024,8388608,4194304,11,cycle,insertion,259,4194304,1.00000000000000000,-0.000000000
4,6,1024,8388608,4194304,11,cycle,insertion,260,4194304,1.00000000000000000,-0.000000000
4,6,1024,8388608,4194304,11,cycle,insertion,261,4194304,1.00000000000000000,-0.000000000
4,6,1024,8388608,4194304,11,cycle,insertion,262,4194304,1.00000000000000000,-0.000000000
4,6,1024,8388608,4194304,11,cycle,insertion,263,4194304,1.00000000000000000,-0.000000000
4,6,1024,8388608,4194304,11,cycle,insertion,264,4194304,1.00000000000000000,-0.000000000
4,6,1024,8388608,4194304,11,cycle,insertion,265,4194304,1.00000000000000000,-0.000000000
4,6,1024,8388608,4194304,11,cycle,insertion,266,4194304,1.00000000000000000,-0.000000000
4,6,1024,8388608,4194304,11,cycle,insertion,267,4194304,1.00000000000000000,-0.000000000
4,6,1024,8388608,4194304,11,cycle,insertion,268,4194304,1.00000000000000000,-0.000000000
4,6,1024,8388608,4194304,11,cycle,insertion,269,4194304,1.00000000000000000,-0.000000000
4,6,1024,8388608,4194304,11,cycle,insertion,270,4194304,1.00000000000000000,-0.000000000
4,6,1024,8388608,4194304,11,cycle,insertion,271,4194304,1.00000000000000000,-0.000000000
4,6,1024,8388608,4194304,11,cycle,insertion,272,4194304,1.00000000000000000,-0.000000000
4,6,1024,8388608,4194304,11,cycle,insertion,273,4194304,1.00000000000000000,-0.000000000
4,6,1024,8388608,4194304,11,cycle,insertion,274,4194304,1.00000000000000000,-0.000000000
4,6,1024,8388608,4194304,11,cycle,insertion,275,4194304,1.00000000000000000,-0.000000000
4,6,1024,8388608,4194304,11,cycle,insertion,276,4194304,1.00000000000000000,-0.000000000
4,6,1024,8388608,4194304,11,cycle,insertion,277,4194304,1.00000000000000000,-0.000000000
4,6,1024,8388608,4194304,11,cycle,insertion,278,4194304,1.00000000000000000,-0.000000000
4,6,1024,8388608,4194304,11,cycle,insertion,279,4194304,1.00000000000000000,-0.000000000
4,6,1024,8388608,4194304,11,cycle,insertion,280,4194304,1.00000000000000000,-0.000000000
4,6,1024,8388608,4194304,11,cycle,insertion,281,4194304,1.00000000000000000,-0.000000000
4,6,1024,8388608,4194304,11,cycle,insertion,282,4194304,1.00000000000000000,-0.000000000
4,6,1024,8388608,4194304,11,cycle,insertion,283,4194304,1.00000000000000000,-0.000000000
4,6,1024,8388608,4194304,11,cycle,insertion,284,4194304,1.00000000000000000,-0.000000000
4,6,1024,8388608,4194304,11,cycle,insertion,285,4194304,1.00000000000000000,-0.000000000
4,6,1024,8388608,4194304,11,cycle,insertion,286,4194304,1.00000000000000000,-0.000000000
4,6,1024,8388608,4194304,11,cycle,insertion,287,4194304,1.00000000000000000,-0.000000000
4,6,1024,8388608,4194304,11,cycle,insertion,288,4194304,1.00000000000000000,-0.000000000
4,6,1024,8388608,4194304,11,cycle,insertion,289,4194304,1.00000000000000000,-0.000000000
4,6,1024,8388608,4194304,11,cycle,insertion,290,4194304,1.00000000000000000,-0.000000000
4,6,1024,8388608,4194304,11,cycle,insertion,291,4194304,1.00000000000000000,-0.000000000
4,6,1024,8388608,4194304,11,cycle,insertion,292,4194304,1.00000000000000000,-0.000000000
4,6,1024,8388608,4194304,11,cycle,insertion,293,4194304,1.00000000000000000,-0.000000000
4,6,1024,8388608,4194304,11,cycle,insertion,294,4194304,1.00000000000000000,-0.000000000
4,6,1024,8388608,4194304,11,cycle,insertion,295,4194304,1.00000000000000000,-0.000000000
4,6,1024,8388608,4194304,11,cycle,insertion,296,4194304,1.00000000000000000,-0.000000000
4,6,1024,8388608,4194304,11,cycle,insertion,297,4194304,1.00000000000000000,-0.000000000
4,6,1024,8388608,4194304,11,cycle,insertion,298,4194304,1.00000000000000000,-0.000000000
4,6,1024,8388608,4194304,11,cycle,insertion,299,4194304,1.00000000000000000,-0.000000000
4,6,1024,8388608,4194304,11,cycle,insertion,300,4194304,1.00000000000000000,-0.000000000
4,6,1024,8388608,4194304,11,cycle,insertion,301,4194304,1.00000000000000000,-0.000000000
4,6,1024,8388608,4194304,11,cycle,insertion,302,4194304,1.00000000000000000,-0.000000000
4,6,1024,8388608,4194304,11,cycle,insertion,303,4194304,1.00000000000000000,-0.000000000
4,6,1024,8388608,4194304,11,cycle,insertion,304,4194304,1.00000000000000000,-0.000000000
4,6,1024,8388608,4194304,11,cycle,insertion,305,4194304,1.00000000000000000,-0.000000000
4,6,1024,8388608,4194304,11,cycle,insertion,306,4194304,1.00000000000000000,-0.000000000
4,6,1024,8388608,4194304,11,cycle,insertion,307,4194304,1.00000000000000000,-0.000000000
4,6,1024,8388608,4194304,11,cycle,insertion,308,4194304,1.00000000000000000,-0.000000000
4,6,1024,8388608,4194304,11,cycle,insertion,309,4194304,1.00000000000000000,-0.000000000
4,6,1024,8388608,4194304,11,cycle,insertion,310,4194304,1.00000000000000000,-0.000000000
4,6,1024,8388608,4194304,11,cycle,insertion,311,4194304,1.00000000000000000,-0.000000000
4,6,1024,8388608,4194304,11,cycle,insertion,312,4194304,1.00000000000000000,-0.000000000
4,6,1024,8388608,4194304,11,cycle,insertion,313,4194304,1.00000000000000000,-0.000000000
4,6,1024,8388608,4194304,11,cycle,insertion,314,4194304,1.00000000000000000,-0.000000000
4,6,1024,8388608,4194304,11,cycle,insertion,315,4194304,1.00000000000000000,-0.000000000
4,6,1024,8388608,4194304,11,cycle,insertion,316,4194304,1.00000000000000000,-0.000000000
4,6,1024,8388608,4194304,11,cycle,insertion,317,4194304,1.00000000000000000,-0.000000000
4,6,1024,8388608,4194304,11,cycle,insertion,318,4194304,1.00000000000000000,-0.000000000
4,6,1024,8388608,4194304,11,cycle,insertion,319,4194304,1.00000000000000000,-0.000000000
4,6,1024,8388608,4194304,11,cycle,insertion,320,4194304,1.00000000000000000,-0.000000000
4,6,1024,8388608,4194304,11,cycle,insertion,321,4194304,1.00000000000000000,-0.000000000
4,6,1024,8388608,4194304,11,cycle,insertion,322,4194304,1.00000000000000000,-0.000000000
4,6,1024,8388608,4194304,11,cycle,insertion,323,4194304,1.00000000000000000,-0.000000000
4,6,1024,8388608,4194304,11,cycle,insertion,324,4194304,1.00000000000000000,-0.000000000
4,6,1024,8388608,4194304,11,cycle,insertion,325,4194304,1.00000000000000000,-0.000000000
4,6,1024,8388608,4194304,11,cycle,insertion,326,4194304,1.00000000000000000,-0.000000000
4,6,1024,8388608,4194304,11,cycle,insertion,327,4194304,1.00000000000000000,-0.000000000
4,6,1024,8388608,4194304,11,cycle,insertion,328,4194304,1.00000000000000000,-0.000000000
4,6,1024,8388608,4194304,11,cycle,insertion,329,4194304,1.00000000000000000,-0.000000000
4,6,1024,8388608,4194304,11,cycle,insertion,330,4194304,1.00000000000000000,-0.000000000
4,6,1024,8388608,4194304,11,cycle,insertion,331,4194304,1.00000000000000000,-0.000000000
4,6,1024,8388608,4194304,11,cycle,insertion,332,4194304,1.00000000000000000,-0.000000000
4,6,1024,8388608,4194304,11,cycle,insertion,333,4194304,1.00000000000000000,-0.000000000
4,6,1024,8388608,4194304,11,cycle,insertion,334,4194304,1.00000000000000000,-0.000000000
4,6,1024,8388608,4194304,11,cycle,insertion,335,4194304,1.00000000000000000,-0.000000000
4,6,1024,8388608,4194304,11,cycle,insertion,336,4194304,1.00000000000000000,-0.000000000
4,6,1024,8388608,4194304,11,cycle,insertion,337,4194304,1.00000000000000000,-0.000000000
4,6,1024,8388608,4194304,11,cycle,insertion,338,4194304,1.00000000000000000,-0.000000000
4,6,1024,8388608,4194304,11,cycle,insertion,339,4194304,1.00000000000000000,-0.000000000
4,6,1024,8388608,4194304,11,cycle,insertion,340,4194304,1.00000000000000000,-0.000000000
4,6,1024,8388608,4194304,11,cycle,insertion,341,4194304,1.00000000000000000,-0.000000000
4,6,1024,8388608,4194304,11,cycle,insertion,342,4194304,1.00000000000000000,-0.000000000
4,6,1024,8388608,4194304,11,cycle,insertion,343,4194304,1.00000000000000000,-0.000000000
4,6,1024,8388608,4194304,11,cycle,insertion,344,4194304,1.00000000000000000,-0.000000000
4,6,1024,8388608,4194304,11,cycle,insertion,345,4194304,1.00000000000000000,-0.000000000
4,6,1024,8388608,4194304,11,cycle,insertion,346,4194304,1.00000000000000000,-0.000000000
4,6,1024,8388608,4194304,11,cycle,insertion,347,4194304,1.00000000000000000,-0.000000000
4,6,1024,8388608,4194304,11,cycle,insertion,348,4194304,1.00000000000000000,-0.000000000
4,6,1024,8388608,4194304,11,cycle,insertion,349,4194304,1.00000000000000000,-0.000000000
4,6,1024,8388608,4194304,11,cycle,insertion,350,4194304,1.00000000000000000,-0.000000000
4,6,1024,8388608,4194304,11,cycle,insertion,351,4194304,1.00000000000000000,-0.000000000
4,6,1024,8388608,4194304,11,cycle,insertion,352,4194304,1.00000000000000000,-0.000000000
4,6,1024,8388608,4194304,11,cycle,insertion,353,4194304,1.00000000000000000,-0.000000000
4,6,1024,8388608,4194304,11,cycle,insertion,354,4194304,1.00000000000000000,-0.000000000
4,6,1024,8388608,4194304,11,cycle,insertion,355,4194304,1.00000000000000000,-0.000000000
4,6,1024,8388608,4194304,11,cycle,insertion,356,4194304,1.00000000000000000,-0.000000000
4,6,1024,8388608,4194304,11,cycle,insertion,357,4194304,1.00000000000000000,-0.000000000
4,6,1024,8388608,4194304,11,cycle,insertion,358,4194304,1.00000000000000000,-0.000000000
4,6,1024,8388608,4194304,11,cycle,insertion,359,4194304,1.00000000000000000,-0.000000000
4,6,1024,8388608,4194304,11,cycle,insertion,360,4194304,1.00000000000000000,-0.000000000
4,6,1024,8388608,4194304,11,cycle,insertion,361,4194304,1.00000000000000000,-0.000000000
4,6,1024,8388608,4194304,11,cycle,insertion,362,4194304,1.00000000000000000,-0.000000000
4,6,1024,8388608,4194304,11,cycle,insertion,363,4194304,1.00000000000000000,-0.000000000
4,6,1024,8388608,4194304,11,cycle,insertion,364,4194304,1.00000000000000000,-0.000000000
4,6,1024,8388608,4194304,11,cycle,insertion,365,4194304,1.00000000000000000,-0.000000000
4,6,1024,8388608,4194304,11,cycle,insertion,366,4194304,1.00000000000000000,-0.000000000
4,6,1024,8388608,4194304,11,cycle,insertion,367,4194304,1.00000000000000000,-0.000000000
4,6,1024,8388608,4194304,11,cycle,insertion,368,4194304,1.00000000000000000,-0.000000000
4,6,1024,8388608,4194304,11,cycle,insertion,369,4194304,1.00000000000000000,-0.000000000
4,6,1024,8388608,4194304,11,cycle,insertion,370,4194304,1.00000000000000000,-0.000000000
4,6,1024,8388608,4194304,11,cycle,insertion,371,4194304,1.00000000000000000,-0.000000000
4,6,1024,8388608,4194304,11,cycle,insertion,372,4194304,1.00000000000000000,-0.000000000
4,6,1024,8388608,4194304,11,cycle,insertion,373,4194304,1.00000000000000000,-0.000000000
4,6,1024,8388608,4194304,11,cycle,insertion,374,4194304,1.00000000000000000,-0.000000000
4,6,1024,8388608,4194304,11,cycle,insertion,375,4194304,1.00000000000000000,-0.000000000
4,6,1024,8388608,4194304,11,cycle,insertion,376,4194304,1.00000000000000000,-0.000000000
4,6,1024,8388608,4194304,11,cycle,insertion,377,4194304,1.00000000000000000,-0.000000000
4,6,1024,8388608,4194304,11,cycle,insertion,378,4194304,1.00000000000000000,-0.000000000
4,6,1024,8388608,4194304,11,cycle,insertion,379,4194304,1.00000000000000000,-0.000000000
4,6,1024,8388608,4194304,11,cycle,insertion,380,4194304,1.00000000000000000,-0.000000000
4,6,1024,8388608,4194304,11,cycle,insertion,381,4194304,1.00000000000000000,-0.000000000
4,6,1024,8388608,4194304,11,cycle,insertion,382,4194304,1.00000000000000000,-0.000000000
4,6,1024,8388608,4194304,11,cycle,insertion,383,4194304,1.00000000000000000,-0.000000000
4,6,1024,8388608,4194304,11,cycle,insertion,384,4194304,1.00000000000000000,-0.000000000
4,6,1024,8388608,4194304,11,cycle,insertion,385,4194304,1.00000000000000000,-0.000000000
4,6,1024,8388608,4194304,11,cycle,insertion,386,4194304,1.00000000000000000,-0.000000000
4,6,1024,8388608,4194304,11,cycle,insertion,387,4194304,1.00000000000000000,-0.000000000
4,6,1024,8388608,4194304,11,cycle,insertion,388,4194304,1.00000000000000000,-0.000000000
4,6,1024,8388608,4194304,11,cycle,insertion,389,4194304,1.00000000000000000,-0.000000000
4,6,1024,8388608,4194304,11,cycle,insertion,390,4194304,1.00000000000000000,-0.000000000
4,6,1024,8388608,4194304,11,cycle,insertion,391,4194304,1.00000000000000000,-0.000000000
4,6,1024,8388608,4194304,11,cycle,insertion,392,4194304,1.00000000000000000,-0.000000000
4,6,1024,8388608,4194304,11,cycle,insertion,393,4194304,1.00000000000000000,-0.000000000
4,6,1024,8388608,4194304,11,cycle,insertion,394,4194304,1.00000000000000000,-0.000000000
4,6,1024,8388608,4194304,11,cycle,insertion,395,4194304,1.00000000000000000,-0.000000000
4,6,1024,8388608,4194304,11,cycle,insertion,396,4194304,1.00000000000000000,-0.000000000
4,6,1024,8388608,4194304,11,cycle,insertion,397,4194304,1.00000000000000000,-0.000000000
4,6,1024,8388608,4194304,11,cycle,insertion,398,4194304,1.00000000000000000,-0.000000000
4,6,1024,8388608,4194304,11,cycle,insertion,399,4194304,1.00000000000000000,-0.000000000
4,6,1024,8388608,4194304,11,cycle,insertion,400,4194304,1.00000000000000000,-0.000000000
4,6,1024,8388608,4194304,11,cycle,insertion,401,4194304,1.00000000000000000,-0.000000000
4,6,1024,8388608,4194304,11,cycle,insertion,402,4194304,1.00000000000000000,-0.000000000
4,6,1024,8388608,4194304,11,cycle,insertion,403,4194304,1.00000000000000000,-0.000000000
4,6,1024,8388608,4194304,11,cycle,insertion,404,4194304,1.00000000000000000,-0.000000000
4,6,1024,8388608,4194304,11,cycle,insertion,405,4194304,1.00000000000000000,-0.000000000
4,6,1024,8388608,4194304,11,cycle,insertion,406,4194304,1.00000000000000000,-0.000000000
4,6,1024,8388608,4194304,11,cycle,insertion,407,4194304,1.00000000000000000,-0.000000000
4,6,1024,8388608,4194304,11,cycle,insertion,408,4194304,1.00000000000000000,-0.000000000
4,6,1024,8388608,4194304,11,cycle,insertion,409,4194304,1.00000000000000000,-0.000000000
4,6,1024,8388608,4194304,11,cycle,insertion,410,4194304,1.00000000000000000,-0.000000000
4,6,1024,8388608,4194304,11,cycle,insertion,411,4194304,1.00000000000000000,-0.000000000
4,6,1024,8388608,4194304,11,cycle,insertion,412,4194304,1.00000000000000000,-0.000000000
4,6,1024,8388608,4194304,11,cycle,insertion,413,4194304,1.00000000000000000,-0.000000000
4,6,1024,8388608,4194304,11,cycle,insertion,414,4194304,1.00000000000000000,-0.000000000
4,6,1024,8388608,4194304,11,cycle,insertion,415,4194304,1.00000000000000000,-0.000000000
4,6,1024,8388608,4194304,11,cycle,insertion,416,4194304,1.00000000000000000,-0.000000000
4,6,1024,8388608,4194304,11,cycle,insertion,417,4194304,1.00000000000000000,-0.000000000
4,6,1024,8388608,4194304,11,cycle,insertion,418,4194304,1.00000000000000000,-0.000000000
4,6,1024,8388608,4194304,11,cycle,insertion,419,4194304,1.00000000000000000,-0.000000000
4,6,1024,8388608,4194304,11,cycle,insertion,420,4194304,1.00000000000000000,-0.000000000
4,6,1024,8388608,4194304,11,cycle,insertion,421,4194304,1.00000000000000000,-0.000000000
4,6,1024,8388608,4194304,11,cycle,insertion,422,4194304,1.00000000000000000,-0.000000000
4,6,1024,8388608,4194304,11,cycle,insertion,423,4194304,1.00000000000000000,-0.000000000
4,6,1024,8388608,4194304,11,cycle,insertion,424,4194304,1.00000000000000000,-0.000000000
4,6,1024,8388608,4194304,11,cycle,insertion,425,4194304,1.00000000000000000,-0.000000000
4,6,1024,8388608,4194304,11,cycle,insertion,426,4194304,1.00000000000000000,-0.000000000
4,6,1024,8388608,4194304,11,cycle,insertion,427,4194304,1.00000000000000000,-0.000000000
4,6,1024,8388608,4194304,11,cycle,insertion,428,4194304,1.00000000000000000,-0.000000000
4,6,1024,8388608,4194304,11,cycle,insertion,429,4194304,1.00000000000000000,-0.000000000
4,6,1024,8388608,4194304,11,cycle,insertion,430,4194304,1.00000000000000000,-0.000000000
4,6,1024,8388608,4194304,11,cycle,insertion,431,4194304,1.00000000000000000,-0.000000000
4,6,1024,8388608,4194304,11,cycle,insertion,432,4194304,1.00000000000000000,-0.000000000
4,6,1024,8388608,4194304,11,cycle,insertion,433,4194304,1.00000000000000000,-0.000000000
4,6,1024,8388608,4194304,11,cycle,insertion,434,4194304,1.00000000000000000,-0.000000000
4,6,1024,8388608,4194304,11,cycle,insertion,435,4194304,1.00000000000000000,-0.000000000
4,6,1024,8388608,4194304,11,cycle,insertion,436,4194304,1.00000000000000000,-0.000000000
4,6,1024,8388608,4194304,11,cycle,insertion,437,4194304,1.00000000000000000,-0.000000000
4,6,1024,8388608,4194304,11,cycle,insertion,438,4194304,1.00000000000000000,-0.000000000
4,6,1024,8388608,4194304,11,cycle,insertion,439,4194304,1.00000000000000000,-0.000000000
4,6,1024,8388608,4194304,11,cycle,insertion,440,4194304,1.00000000000000000,-0.000000000
4,6,1024,8388608,4194304,11,cycle,insertion,441,4194304,1.00000000000000000,-0.000000000
4,6,1024,8388608,4194304,11,cycle,insertion,442,4194304,1.00000000000000000,-0.000000000
4,6,1024,8388608,4194304,11,cycle,insertion,443,4194304,1.00000000000000000,-0.000000000
4,6,1024,8388608,4194304,11,cycle,insertion,444,4194304,1.00000000000000000,-0.000000000
4,6,1024,8388608,4194304,11,cycle,insertion,445,4194304,1.00000000000000000,-0.000000000
4,6,1024,8388608,4194304,11,cycle,insertion,446,4194304,1.00000000000000000,-0.000000000
4,6,1024,8388608,4194304,11,cycle,insertion,447,4194304,1.00000000000000000,-0.000000000
4,6,1024,8388608,4194304,11,cycle,insertion,448,4194304,1.00000000000000000,-0.000000000
4,6,1024,8388608,4194304,11,cycle,insertion,449,4194304,1.00000000000000000,-0.000000000
4,6,1024,8388608,4194304,11,cycle,insertion,450,4194304,1.00000000000000000,-0.000000000
4,6,1024,8388608,4194304,11,cycle,insertion,451,4194304,1.00000000000000000,-0.000000000
4,6,1024,8388608,4194304,11,cycle,insertion,452,4194304,1.00000000000000000,-0.000000000
4,6,1024,8388608,4194304,11,cycle,insertion,453,4194304,1.00000000000000000,-0.000000000
4,6,1024,8388608,4194304,11,cycle,insertion,454,4194304,1.00000000000000000,-0.000000000
4,6,1024,8388608,4194304,11,cycle,insertion,455,4194304,1.00000000000000000,-0.000000000
4,6,1024,8388608,4194304,11,cycle,insertion,456,4194304,1.00000000000000000,-0.000000000
4,6,1024,8388608,4194304,11,cycle,insertion,457,4194304,1.00000000000000000,-0.000000000
4,6,1024,8388608,4194304,11,cycle,insertion,458,4194304,1.00000000000000000,-0.000000000
4,6,1024,8388608,4194304,11,cycle,insertion,459,4194304,1.00000000000000000,-0.000000000
4,6,1024,8388608,4194304,11,cycle,insertion,460,4194304,1.00000000000000000,-0.000000000
4,6,1024,8388608,4194304,11,cycle,insertion,461,4194304,1.00000000000000000,-0.000000000
4,6,1024,8388608,4194304,11,cycle,insertion,462,4194304,1.00000000000000000,-0.000000000
4,6,1024,8388608,4194304,11,cycle,insertion,463,4194304,1.00000000000000000,-0.000000000
4,6,1024,8388608,4194304,11,cycle,insertion,464,4194304,1.00000000000000000,-0.000000000
4,6,1024,8388608,4194304,11,cycle,insertion,465,4194304,1.00000000000000000,-0.000000000
4,6,1024,8388608,4194304,11,cycle,insertion,466,4194304,1.00000000000000000,-0.000000000
4,6,1024,8388608,4194304,11,cycle,insertion,467,4194301,0.99999928474426270,0.000001032
4,6,1024,8388608,4194304,11,cycle,insertion,468,4194299,0.99999880790710449,0.000001720
4,6,1024,8388608,4194304,11,cycle,insertion,469,4194298,0.99999856948852539,0.000002064
4,6,1024,8388608,4194304,11,cycle,insertion,470,4194295,0.99999785423278809,0.000003096
4,6,1024,8388608,4194304,11,cycle,insertion,471,4194292,0.99999713897705078,0.000004128
4,6,1024,8388608,4194304,11,cycle,insertion,472,4194273,0.99999260902404785,0.000010663
4,6,1024,8388608,4194304,11,cycle,insertion,473,4194245,0.99998593330383301,0.000020294
4,6,1024,8388608,4194304,11,cycle,insertion,474,4194200,0.99997520446777344,0.000035773
4,6,1024,8388608,4194304,11,cycle,insertion,475,4194156,0.99996471405029297,0.000050908
4,6,1024,8388608,4194304,11,cycle,insertion,476,4194104,0.99995231628417969,0.000068795
4,6,1024,8388608,4194304,11,cycle,insertion,477,4194035,0.99993586540222168,0.000092530
4,6,1024,8388608,4194304,11,cycle,insertion,478,4193959,0.99991774559020996,0.000118673
4,6,1024,8388608,4194304,11,cycle,insertion,479,4193861,0.99989438056945801,0.000152385
4,6,1024,8388608,4194304,11,cycle,insertion,480,4193738,0.99986505508422852,0.000194697
4,6,1024,8388608,4194304,11,cycle,insertion,481,4193606,0.99983358383178711,0.000240108
4,6,1024,8388608,4194304,11,cycle,insertion,482,4193459,0.99979853630065918,0.000290680
4,6,1024,8388608,4194304,11,cycle,insertion,483,4193203,0.99973750114440918,0.000378756
4,6,1024,8388608,4194304,11,cycle,insertion,484,4192902,0.99966573715209961,0.000482320
4,6,1024,8388608,4194304,11,cycle,insertion,485,4192569,0.99958634376525879,0.000596903
4,6,1024,8388608,4194304,11,cycle,insertion,486,4192208,0.99950027465820312,0.000721131
4,6,1024,8388608,4194304,11,cycle,insertion,487,4191804,0.99940395355224609,0.000860170
4,6,1024,8388608,4194304,11,cycle,insertion,488,4191437,0.99931645393371582,0.000986486
4,6,1024,8388608,4194304,11,cycle,insertion,489,4191043,0.99922251701354980,0.001122107
4,6,1024,8388608,4194304,11,cycle,insertion,490,4190609,0.99911904335021973,0.001271512
4,6,1024,8388608,4194304,11,cycle,insertion,491,4190150,0.99900960922241211,0.001429540
4,6,1024,8388608,4194304,11,cycle,insertion,492,4189608,0.99888038635253906,0.001616166
4,6,1024,8388608,4194304,11,cycle,insertion,493,4188945,0.99872231483459473,0.001844489
4,6,1024,8388608,4194304,11,cycle,insertion,494,4188284,0.99856472015380859,0.002072159
4,6,1024,8388608,4194304,11,cycle,insertion,495,4187482,0.99837350845336914,0.002348442
4,6,1024,8388608,4194304,11,cycle,insertion,496,4186499,0.99813914299011230,0.002687150
4,6,1024,8388608,4194304,11,cycle,insertion,497,4185409,0.99787926673889160,0.003062820
4,6,1024,8388608,4194304,11,cycle,insertion,498,4184218,0.99759531021118164,0.003473412
4,6,1024,8388608,4194304,11,cycle,insertion,499,4182992,0.99730300903320312,0.003896192
4,6,1024,8388608,4194304,11,cycle,insertion,500,4181598,0.99697065353393555,0.004377056
4,6,1024,8388608,4194304,11,cycle,insertion,501,4180064,0.99660491943359375,0.004906399
4,6,1024,8388608,4194304,11,cycle,insertion,502,4178304,0.99618530273437500,0.005513969
4,6,1024,8388608,4194304,11,cycle,insertion,503,4176290,0.99570512771606445,0.006209535
4,6,1024,8388608,4194304,11,cycle,insertion,504,4173861,0.99512600898742676,0.007048875
4,6,1024,8388608,4194304,11,cycle,insertion,505,4171139,0.99447703361511230,0.007990041
4,6,1024,8388608,4194304,11,cycle,insertion,506,4168402,0.99382448196411133,0.008937013
4,6,1024,8388608,4194304,11,cycle,insertion,507,4165162,0.99305200576782227,0.010058822
4,6,1024,8388608,4194304,11,cycle,insertion,508,4161675,0.99222064018249512,0.011267126
4,6,1024,8388608,4194304,11,cycle,insertion,509,4158023,0.99134993553161621,0.012533692
4,6,1024,8388608,4194304,11,cycle,insertion,510,4153999,0.99039053916931152,0.013930562
4,6,1024,8388608,4194304,11,cycle,insertion,511,4149766,0.98938131332397461,0.015401444
4,6,1024,8388608,4194304,11,cycle,insertion,512,4145013,0.98824810981750488,0.017054804
4,6,1024,8388608,4194304,11,cycle,insertion,513,4139865,0.98702073097229004,0.018847708
4,6,1024,8388608,4194304,11,cycle,insertion,514,4134257,0.98568367958068848,0.020803356
4,6,1024,8388608,4194304,11,cycle,insertion,515,4127973,0.98418545722961426,0.022997896
4,6,1024,8388608,4194304,11,cycle,insertion,516,4121384,0.98261451721191406,0.025302541
4,6,1024,8388608,4194304,11,cycle,insertion,517,4114432,0.98095703125000000,0.027738151
4,6,1024,8388608,4194304,11,cycle,insertion,518,4106860,0.97915172576904297,0.030395663
4,6,1024,8388608,4194304,11,cycle,insertion,519,4098708,0.97720813751220703,0.033262217
4,6,1024,8388608,4194304,11,cycle,insertion,520,4090147,0.97516703605651855,0.036278736
4,6,1024,8388608,4194304,11,cycle,insertion,521,4080752,0.97292709350585938,0.039596394
4,6,1024,8388608,4194304,11,cycle,insertion,522,4070316,0.97043895721435547,0.043290628
4,6,1024,8388608,4194304,11,cycle,insertion,523,4059403,0.96783709526062012,0.047163859
4,6,1024,8388608,4194304,11,cycle,insertion,524,4047976,0.96511268615722656,0.051230694
4,6,1024,8388608,4194304,11,cycle,insertion,525,4036242,0.96231508255004883,0.055418754
4,6,1024,8388608,4194304,11,cycle,insertion,526,4023748,0.95933628082275391,0.059891476
4,6,1024,8388608,4194304,11,cycle,insertion,527,4010748,0.95623683929443359,0.064560108
4,6,1024,8388608,4194304,11,cycle,insertion,528,3996794,0.95290994644165039,0.069588214
4,6,1024,8388608,4194304,11,cycle,insertion,529,3981892,0.94935703277587891,0.074977339
4,6,1024,8388608,4194304,11,cycle,insertion,530,3966384,0.94565963745117188,0.080607074
4,6,1024,8388608,4194304,11,cycle,insertion,531,3950045,0.94176411628723145,0.086562342
4,6,1024,8388608,4194304,11,cycle,insertion,532,3932732,0.93763637542724609,0.092899555
4,6,1024,8388608,4194304,11,cycle,insertion,533,3914525,0.93329548835754395,0.099594173
4,6,1024,8388608,4194304,11,cycle,insertion,534,3895455,0.92874884605407715,0.106639582
4,6,1024,8388608,4194304,11,cycle,insertion,535,3875069,0.92388844490051270,0.114209431
4,6,1024,8388608,4194304,11,cycle,insertion,536,3854111,0.91889166831970215,0.122033308
4,6,1024,8388608,4194304,11,cycle,insertion,537,3832189,0.91366505622863770,0.130262715
4,6,1024,8388608,4194304,11,cycle,insertion,538,3809540,0.90826511383056641,0.138814627
4,6,1024,8388608,4194304,11,cycle,insertion,539,3786003,0.90265345573425293,0.147755876
4,6,1024,8388608,4194304,11,cycle,insertion,540,3760810,0.89664697647094727,0.157388009
4,6,1024,8388608,4194304,11,cycle,insertion,541,3734594,0.89039659500122070,0.167480019
4,6,1024,8388608,4194304,11,cycle,insertion,542,3707240,0.88387489318847656,0.178085915
4,6,1024,8388608,4194304,11,cycle,insertion,543,3678692,0.87706851959228516,0.189238540
4,6,1024,8388608,4194304,11,cycle,insertion,544,3648824,0.86994743347167969,0.200999866
4,6,1024,8388608,4194304,11,cycle,insertion,545,3617500,0.86247920989990234,0.213438414
4,6,1024,8388608,4194304,11,cycle,insertion,546,3585376,0.85482025146484375,0.226307008
4,6,1024,8388608,4194304,11,cycle,insertion,547,3552397,0.84695744514465332,0.239638611
4,6,1024,8388608,4194304,11,cycle,insertion,548,3518934,0.83897924423217773,0.253292975
4,6,1024,8388608,4194304,11,cycle,insertion,549,3483269,0.83047604560852051,0.267989539
4,6,1024,8388608,4194304,11,cycle,insertion,550,3446547,0.82172083854675293,0.283279741
4,6,1024,8388608,4194304,11,cycle,insertion,551,3408831,0.81272864341735840,0.299154354
4,6,1024,8388608,4194304,11,cycle,insertion,552,3370349,0.80355381965637207,0.315533440
4,6,1024,8388608,4194304,11,cycle,insertion,553,3331412,0.79427051544189453,0.332297646
4,6,1024,8388608,4194304,11,cycle,insertion,554,3292140,0.78490734100341797,0.349405742
4,6,1024,8388608,4194304,11,cycle,insertion,555,3250833,0.77505898475646973,0.367621986
4,6,1024,8388608,4194304,11,cycle,insertion,556,3208070,0.76486349105834961,0.386725809
4,6,1024,8388608,4194304,11,cycle,insertion,557,3164228,0.75441074371337891,0.406577873
4,6,1024,8388608,4194304,11,cycle,insertion,558,3118892,0.74360179901123047,0.427397834
4,6,1024,8388608,4194304,11,cycle,insertion,559,3072552,0.73255348205566406,0.448994004
4,6,1024,8388608,4194304,11,cycle,insertion,560,3025706,0.72138452529907227,0.471159619
4,6,1024,8388608,4194304,11,cycle,insertion,561,2978477,0.71012425422668457,0.493856612
4,6,1024,8388608,4194304,11,cycle,insertion,562,2931109,0.69883084297180176,0.516984812
4,6,1024,8388608,4194304,11,cycle,insertion,563,2882657,0.68727898597717285,0.541032246
4,6,1024,8388608,4194304,11,cycle,insertion,564,2833840,0.67564010620117188,0.565673125
4,6,1024,8388608,4194304,11,cycle,insertion,565,2784167,0.66379714012145996,0.591185681
4,6,1024,8388608,4194304,11,cycle,insertion,566,2734050,0.65184831619262695,0.617391804
4,6,1024,8388608,4194304,11,cycle,insertion,567,2683619,0.63982462882995605,0.644251568
4,6,1024,8388608,4194304,11,cycle,insertion,568,2632517,0.62764096260070801,0.671988583
4,6,1024,8388608,4194304,11,cycle,insertion,569,2580885,0.61533093452453613,0.700565572
4,6,1024,8388608,4194304,11,cycle,insertion,570,2527954,0.60271120071411133,0.730461219
4,6,1024,8388608,4194304,11,cycle,insertion,571,2474843,0.59004855155944824,0.761094425
4,6,1024,8388608,4194304,11,cycle,insertion,572,2421188,0.57725620269775391,0.792716325
4,6,1024,8388608,4194304,11,cycle,insertion,573,2366534,0.56422567367553711,0.825655781
4,6,1024,8388608,4194304,11,cycle,insertion,574,2310979,0.55098032951354980,0.859927281
4,6,1024,8388608,4194304,11,cycle,insertion,575,2256483,0.53798747062683105,0.894355521
4,6,1024,8388608,4194304,11,cycle,insertion,576,2202401,0.52509331703186035,0.929354261
4,6,1024,8388608,4194304,11,cycle,insertion,577,2147668,0.51204395294189453,0.965660441
4,6,1024,8388608,4194304,11,cycle,insertion,578,2093540,0.49913883209228516,1.002486948
4,6,1024,8388608,4194304,11,cycle,insertion,579,2039315,0.48621058464050293,1.040346794
4,6,1024,8388608,4194304,11,cycle,insertion,580,1984379,0.47311282157897949,1.079743836
4,6,1024,8388608,4194304,11,cycle,insertion,581,1930001,0.46014809608459473,1.119829836
4,6,1024,8388608,4194304,11,cycle,insertion,582,1875522,0.44715929031372070,1.161139245
4,6,1024,8388608,4194304,11,cycle,insertion,583,1822180,0.43444156646728516,1.202765951
4,6,1024,8388608,4194304,11,cycle,insertion,584,1768916,0.42174243927001953,1.245565890
4,6,1024,8388608,4194304,11,cycle,insertion,585,1715728,0.40906143188476562,1.289610575
4,6,1024,8388608,4194304,11,cycle,insertion,586,1663471,0.39660239219665527,1.334234715
4,6,1024,8388608,4194304,11,cycle,insertion,587,1611834,0.38429117202758789,1.379728260
4,6,1024,8388608,4194304,11,cycle,insertion,588,1561659,0.37232851982116699,1.425351966
4,6,1024,8388608,4194304,11,cycle,insertion,589,1512236,0.36054515838623047,1.471748126
4,6,1024,8388608,4194304,11,cycle,insertion,590,1462978,0.34880113601684570,1.519523356
4,6,1024,8388608,4194304,11,cycle,insertion,591,1414450,0.33723115921020508,1.568190251
4,6,1024,8388608,4194304,11,cycle,insertion,592,1365880,0.32565116882324219,1.618600690
4,6,1024,8388608,4194304,11,cycle,insertion,593,1318491,0.31435275077819824,1.669543707
4,6,1024,8388608,4194304,11,cycle,insertion,594,1271719,0.30320143699645996,1.721651504
4,6,1024,8388608,4194304,11,cycle,insertion,595,1225451,0.29217028617858887,1.775118632
4,6,1024,8388608,4194304,11,cycle,insertion,596,1179574,0.28123235702514648,1.830165502
4,6,1024,8388608,4194304,11,cycle,insertion,597,1134952,0.27059364318847656,1.885800147
4,6,1024,8388608,4194304,11,cycle,insertion,598,1091491,0.26023173332214355,1.942131196
4,6,1024,8388608,4194304,11,cycle,insertion,599,1048867,0.25006937980651855,1.999599680
4,6,1024,8388608,4194304,11,cycle,insertion,600,1007808,0.24028015136718750,2.057210617
4,6,1024,8388608,4194304,11,cycle,insertion,601,967084,0.23057079315185547,2.116718319
4,6,1024,8388608,4194304,11,cycle,insertion,602,927257,0.22107529640197754,2.177390272
4,6,1024,8388608,4194304,11,cycle,insertion,603,888814,0.21190977096557617,2.238477984
4,6,1024,8388608,4194304,11,cycle,insertion,604,851353,0.20297837257385254,2.300602079
4,6,1024,8388608,4194304,11,cycle,insertion,605,814864,0.19427871704101562,2.363800231
4,6,1024,8388608,4194304,11,cycle,insertion,606,778758,0.18567037582397461,2.429184447
4,6,1024,8388608,4194304,11,cycle,insertion,607,743798,0.17733526229858398,2.495448657
4,6,1024,8388608,4194304,11,cycle,insertion,608,710042,0.16928720474243164,2.562455161
4,6,1024,8388608,4194304,11,cycle,insertion,609,677660,0.16156673431396484,2.629797909
4,6,1024,8388608,4194304,11,cycle,insertion,610,645939,0.15400385856628418,2.698961597
4,6,1024,8388608,4194304,11,cycle,insertion,611,615919,0.14684653282165527,2.767618892
4,6,1024,8388608,4194304,11,cycle,insertion,612,586498,0.13983201980590820,2.838233337
4,6,1024,8388608,4194304,11,cycle,insertion,613,557744,0.13297653198242188,2.910756437
4,6,1024,8388608,4194304,11,cycle,insertion,614,530513,0.12648415565490723,2.982971421
4,6,1024,8388608,4194304,11,cycle,insertion,615,504352,0.12024688720703125,3.055928547
4,6,1024,8388608,4194304,11,cycle,insertion,616,478723,0.11413645744323730,3.131168404
4,6,1024,8388608,4194304,11,cycle,insertion,617,454339,0.10832285881042480,3.206590375
4,6,1024,8388608,4194304,11,cycle,insertion,618,430661,0.10267758369445801,3.283806844
4,6,1024,8388608,4194304,11,cycle,insertion,619,408331,0.09735369682312012,3.360620426
4,6,1024,8388608,4194304,11,cycle,insertion,620,386707,0.09219813346862793,3.439118646
4,6,1024,8388608,4194304,11,cycle,insertion,621,366272,0.08732604980468750,3.517444108
4,6,1024,8388608,4194304,11,cycle,insertion,622,346855,0.08269667625427246,3.596026844
4,6,1024,8388608,4194304,11,cycle,insertion,623,327777,0.07814812660217285,3.677644901
4,6,1024,8388608,4194304,11,cycle,insertion,624,309510,0.07379293441772461,3.760373503
4,6,1024,8388608,4194304,11,cycle,insertion,625,291752,0.06955909729003906,3.845616980
4,6,1024,8388608,4194304,11,cycle,insertion,626,274903,0.06554198265075684,3.931436875
4,6,1024,8388608,4194304,11,cycle,insertion,627,259046,0.06176137924194336,4.017151219
4,6,1024,8388608,4194304,11,cycle,insertion,628,243578,0.05807352066040039,4.105975691
4,6,1024,8388608,4194304,11,cycle,insertion,629,229254,0.05465841293334961,4.193412620
4,6,1024,8388608,4194304,11,cycle,insertion,630,215457,0.05136895179748535,4.282959555
4,6,1024,8388608,4194304,11,cycle,insertion,631,202360,0.04824638366699219,4.373435381
4,6,1024,8388608,4194304,11,cycle,insertion,632,189671,0.04522109031677246,4.466860413
4,6,1024,8388608,4194304,11,cycle,insertion,633,177613,0.04234623908996582,4.561622345
4,6,1024,8388608,4194304,11,cycle,insertion,634,166067,0.03959345817565918,4.658594109
4,6,1024,8388608,4194304,11,cycle,insertion,635,155299,0.03702616691589355,4.755310986
4,6,1024,8388608,4194304,11,cycle,insertion,636,145153,0.03460717201232910,4.852785136
4,6,1024,8388608,4194304,11,cycle,insertion,637,135476,0.03229999542236328,4.952322229
4,6,1024,8388608,4194304,11,cycle,insertion,638,126016,0.03004455566406250,5.056752604
4,6,1024,8388608,4194304,11,cycle,insertion,639,117202,0.02794313430786133,5.161362337
4,6,1024,8388608,4194304,11,cycle,insertion,640,109063,0.02600264549255371,5.265197780
4,6,1024,8388608,4194304,11,cycle,insertion,641,101426,0.02418184280395508,5.369931999
4,6,1024,8388608,4194304,11,cycle,insertion,642,94200,0.02245903015136719,5.476560561
4,6,1024,8388608,4194304,11,cycle,insertion,643,87599,0.02088522911071777,5.581373220
4,6,1024,8388608,4194304,11,cycle,insertion,644,81260,0.01937389373779297,5.689742256
4,6,1024,8388608,4194304,11,cycle,insertion,645,75481,0.01799607276916504,5.796174084
4,6,1024,8388608,4194304,11,cycle,insertion,646,70223,0.01674246788024902,5.900343989
4,6,1024,8388608,4194304,11,cycle,insertion,647,65204,0.01554584503173828,6.007327150
4,6,1024,8388608,4194304,11,cycle,insertion,648,60430,0.01440763473510742,6.117022678
4,6,1024,8388608,4194304,11,cycle,insertion,649,56055,0.01336455345153809,6.225444556
4,6,1024,8388608,4194304,11,cycle,insertion,650,51763,0.01234126091003418,6.340366387
4,6,1024,8388608,4194304,11,cycle,insertion,651,47518,0.01132917404174805,6.463813505
4,6,1024,8388608,4194304,11,cycle,insertion,652,43676,0.01041316986083984,6.585446885
4,6,1024,8388608,4194304,11,cycle,insertion,653,40125,0.00956654548645020,6.707786228
4,6,1024,8388608,4194304,11,cycle,insertion,654,36922,0.00880289077758789,6.827806917
4,6,1024,8388608,4194304,11,cycle,insertion,655,33864,0.00807380676269531,6.952535227
4,6,1024,8388608,4194304,11,cycle,insertion,656,31101,0.00741505622863770,7.075326652
4,6,1024,8388608,4194304,11,cycle,insertion,657,28514,0.00679826736450195,7.200617183
4,6,1024,8388608,4194304,11,cycle,insertion,658,26031,0.00620627403259277,7.332056885
4,6,1024,8388608,4194304,11,cycle,insertion,659,23776,0.00566864013671875,7.462781599
4,6,1024,8388608,4194304,11,cycle,insertion,660,21711,0.00517630577087402,7.593861443
4,6,1024,8388608,4194304,11,cycle,insertion,661,19830,0.00472784042358398,7.724602943
4,6,1024,8388608,4194304,11,cycle,insertion,662,18083,0.00431132316589355,7.857653577
4,6,1024,8388608,4194304,11,cycle,insertion,663,16490,0.00393152236938477,7.990696222
4,6,1024,8388608,4194304,11,cycle,insertion,664,15127,0.00360655784606934,8.115161721
4,6,1024,8388608,4194304,11,cycle,insertion,665,13846,0.00330114364624023,8.242818367
4,6,1024,8388608,4194304,11,cycle,insertion,666,12607,0.00300574302673340,8.378062612
4,6,1024,8388608,4194304,11,cycle,insertion,667,11515,0.00274538993835449,8.508773209
4,6,1024,8388608,4194304,11,cycle,insertion,668,10557,0.00251698493957520,8.634087701
4,6,1024,8388608,4194304,11,cycle,insertion,669,9637,0.00229763984680176,8.765631610
4,6,1024,8388608,4194304,11,cycle,insertion,670,8704,0.00207519531250000,8.912537159
4,6,1024,8388608,4194304,11,cycle,insertion,671,7976,0.00190162658691406,9.038550306
4,6,1024,8388608,4194304,11,cycle,insertion,672,7385,0.00176072120666504,9.149617794
4,6,1024,8388608,4194304,11,cycle,insertion,673,6797,0.00162053108215332,9.269317593
4,6,1024,8388608,4194304,11,cycle,insertion,674,6250,0.00149011611938477,9.390359526
4,6,1024,8388608,4194304,11,cycle,insertion,675,5774,0.00137662887573242,9.504644608
4,6,1024,8388608,4194304,11,cycle,insertion,676,5354,0.00127649307250977,9.613598576
4,6,1024,8388608,4194304,11,cycle,insertion,677,4919,0.00117278099060059,9.735850660
4,6,1024,8388608,4194304,11,cycle,insertion,678,4515,0.00107645988464355,9.859489728
4,6,1024,8388608,4194304,11,cycle,insertion,679,4160,0.00099182128906250,9.977632187
4,6,1024,8388608,4194304,11,cycle,insertion,680,3861,0.00092053413391113,10.085241161
4,6,1024,8388608,4194304,11,cycle,insertion,681,3580,0.00085353851318359,10.194256128
4,6,1024,8388608,4194304,11,cycle,insertion,682,3336,0.00079536437988281,10.296096427
4,6,1024,8388608,4194304,11,cycle,insertion,683,3120,0.00074386596679688,10.392669686
4,6,1024,8388608,4194304,11,cycle,insertion,684,2954,0.00070428848266602,10.471545889
4,6,1024,8388608,4194304,11,cycle,insertion,685,2738,0.00065279006958008,10.581093269
4,6,1024,8388608,4194304,11,cycle,insertion,686,2542,0.00060606002807617,10.688251685
4,6,1024,8388608,4194304,11,cycle,insertion,687,2366,0.00056409835815430,10.791765642
4,6,1024,8388608,4194304,11,cycle,insertion,688,2162,0.00051546096801758,10.921849192
4,6,1024,8388608,4194304,11,cycle,insertion,689,1975,0.00047087669372559,11.052363062
4,6,1024,8388608,4194304,11,cycle,insertion,690,1829,0.00043606758117676,11.163160640
4,6,1024,8388608,4194304,11,cycle,insertion,691,1678,0.00040006637573242,11.287473000
4,6,1024,8388608,4194304,11,cycle,insertion,692,1607,0.00038313865661621,11.349845786
4,6,1024,8388608,4194304,11,cycle,insertion,693,1529,0.00036454200744629,11.421627309
4,6,1024,8388608,4194304,11,cycle,insertion,694,1432,0.00034141540527344,11.516184223
4,6,1024,8388608,4194304,11,cycle,insertion,695,1353,0.00032258033752441,11.598053876
4,6,1024,8388608,4194304,11,cycle,insertion,696,1275,0.00030398368835449,11.683718468
4,6,1024,8388608,4194304,11,cycle,insertion,697,1183,0.00028204917907715,11.791765642
4,6,1024,8388608,4194304,11,cycle,insertion,698,1076,0.00025653839111328,11.928537637
4,6,1024,8388608,4194304,11,cycle,insertion,699,983,0.00023436546325684,12.058952394
4,6,1024,8388608,4194304,11,cycle,insertion,700,876,0.00020885467529297,12.225212940
4,6,1024,8388608,4194304,11,cycle,insertion,701,784,0.00018692016601562,12.385290156
4,6,1024,8388608,4194304,11,cycle,insertion,702,726,0.00017309188842773,12.496174262
4,6,1024,8388608,4194304,11,cycle,insertion,703,675,0.00016093254089355,12.601256308
4,6,1024,8388608,4194304,11,cycle,insertion,704,635,0.00015139579772949,12.689387218
4,6,1024,8388608,4194304,11,cycle,insertion,705,596,0.00014209747314453,12.780831480
4,6,1024,8388608,4194304,11,cycle,insertion,706,560,0.00013351440429688,12.870716983
4,6,1024,8388608,4194304,11,cycle,insertion,707,528,0.00012588500976562,12.955605881
4,6,1024,8388608,4194304,11,cycle,insertion,708,481,0.00011467933654785,13.090106916
4,6,1024,8388608,4194304,11,cycle,insertion,709,445,0.00010609626770020,13.202338474
4,6,1024,8388608,4194304,11,cycle,insertion,710,391,0.00009322166442871,13.388975203
4,6,1024,8388608,4194304,11,cycle,insertion,711,351,0.00008368492126465,13.544672780
4,6,1024,8388608,4194304,11,cycle,insertion,712,303,0.00007224082946777,13.756826017
4,6,1024,8388608,4194304,11,cycle,insertion,713,245,0.00005841255187988,14.063362061
4,6,1024,8388608,4194304,11,cycle,insertion,714,183,0.00004363059997559,14.484300162
4,6,1024,8388608,4194304,11,cycle,insertion,715,159,0.00003790855407715,14.687117045
4,6,1024,8388608,4194304,11,cycle,insertion,716,121,0.00002884864807129,15.081136763
4,6,1024,8388608,4194304,11,cycle,insertion,717,90,0.00002145767211914,15.508146904
4,6,1024,8388608,4194304,11,cycle,insertion,718,69,0.00001645088195801,15.891475543
4,6,1024,8388608,4194304,11,cycle,insertion,719,56,0.00001335144042969,16.192645078
4,6,1024,8388608,4194304,11,cycle,insertion,720,33,0.00000786781311035,16.955605881
4,6,1024,8388608,4194304,11,cycle,insertion,721,13,0.00000309944152832,18.299560282
4,6,1024,8388608,4194304,11,cycle,insertion,722,0,0.00000000000000000,inf
