b,z,n,warmup,operations,seed,workload,metric,threshold,exceed_count,probability,log2_inverse
4,5,4096,8388608,4194304,11,cycle,post,0,4194304,1.00000000000000000,-0.000000000
4,5,4096,8388608,4194304,11,cycle,post,1,4194304,1.00000000000000000,-0.000000000
4,5,4096,8388608,4194304,11,cycle,post,2,4194304,1.00000000000000000,-0.000000000
4,5,4096,8388608,4194304,11,cycle,post,3,4194304,1.00000000000000000,-0.000000000
4,5,4096,8388608,4194304,11,cycle,post,4,4194304,1.00000000000000000,-0.000000000
4,5,4096,8388608,4194304,11,cycle,post,5,4194304,1.00000000000000000,-0.000000000
4,5,4096,8388608,4194304,11,cycle,post,6,4194304,1.00000000000000000,-0.000000000
4,5,4096,8388608,4194304,11,cycle,post,7,4194304,1.00000000000000000,-0.000000000
4,5,4096,8388608,4194304,11,cycle,post,8,4194304,1.00000000000000000,-0.000000000
4,5,4096,8388608,4194304,11,cycle,post,9,4194304,1.00000000000000000,-0.000000000
4,5,4096,8388608,4194304,11,cycle,post,10,4194304,1.00000000000000000,-0.000000000
4,5,4096,8388608,4194304,11,cycle,post,11,4194304,1.00000000000000000,-0.000000000
4,5,4096,8388608,4194304,11,cycle,post,12,4194304,1.00000000000000000,-0.000000000
4,5,4096,8388608,4194304,11,cycle,post,13,4194304,1.00000000000000000,-0.000000000
4,5,4096,8388608,4194304,11,cycle,post,14,4194304,1.00000000000000000,-0.000000000
4,5,4096,8388608,4194304,11,cycle,post,15,4194304,1.00000000000000000,-0.000000000
4,5,4096,8388608,4194304,11,cycle,post,16,4194304,1.00000000000000000,-0.000000000
4,5,4096,8388608,4194304,11,cycle,post,17,4194304,1.00000000000000000,-0.000000000
4,5,4096,8388608,4194304,11,cycle,post,18,4194304,1.00000000000000000,-0.000000000
4,5,4096,8388608,4194304,11,cycle,post,19,4194304,1.00000000000000000,-0.000000000
4,5,4096,8388608,4194304,11,cycle,post,20,4194304,1.00000000000000000,-0.000000000
4,5,4096,8388608,4194304,11,cycle,post,21,4194304,1.00000000000000000,-0.000000000
4,5,4096,8388608,4194304,11,cycle,post,22,4194304,1.00000000000000000,-0.000000000
4,5,4096,8388608,4194304,11,cycle,post,23,4194304,1.00000000000000000,-0.000000000
4,5,4096,8388608,4194304,11,cycle,post,24,4194304,1.00000000000000000,-0.000000000
4,5,4096,8388608,4194304,11,cycle,post,25,4194304,1.00000000000000000,-0.000000000
4,5,4096,8388608,4194304,11,cycle,post,26,4194304,1.00000000000000000,-0.000000000
4,5,4096,8388608,4194304,11,cycle,post,27,4194304,1.00000000000000000,-0.000000000
4,5,4096,8388608,4194304,11,cycle,post,28,4194304,1.00000000000000000,-0.000000000
4,5,4096,8388608,4194304,11,cycle,post,29,4194304,1.00000000000000000,-0.000000000
4,5,4096,8388608,4194304,11,cycle,post,30,4194304,1.00000000000000000,-0.000000000
4,5,4096,8388608,4194304,11,cycle,post,31,4194304,1.00000000000000000,-0.000000000
4,5,4096,8388608,4194304,11,cycle,post,32,4194304,1.00000000000000000,-0.000000000
4,5,4096,8388608,4194304,11,cycle,post,33,4194304,1.00000000000000000,-0.000000000
4,5,4096,8388608,4194304,11,cycle,post,34,4194304,1.00000000000000000,-0.000000000
4,5,4096,8388608,4194304,11,cycle,post,35,4194304,1.00000000000000000,-0.000000000
4,5,4096,8388608,4194304,11,cycle,post,36,4194304,1.00000000000000000,-0.000000000
4,5,4096,8388608,4194304,11,cycle,post,37,4194304,1.00000000000000000,-0.000000000
4,5,4096,8388608,4194304,11,cycle,post,38,4194304,1.00000000000000000,-0.000000000
4,5,4096,8388608,4194304,11,cycle,post,39,4194304,1.00000000000000000,-0.000000000
4,5,4096,8388608,4194304,11,cycle,post,40,4194304,1.00000000000000000,-0.000000000
4,5,4096,8388608,4194304,11,cycle,post,41,4194304,1.00000000000000000,-0.000000000
4,5,4096,8388608,4194304,11,cycle,post,42,4194304,1.00000000000000000,-0.000000000
4,5,4096,8388608,4194304,11,cycle,post,43,4194304,1.00000000000000000,-0.000000000
4,5,4096,8388608,4194304,11,cycle,post,44,4194304,1.00000000000000000,-0.000000000
4,5,4096,8388608,4194304,11,cycle,post,45,4194304,1.00000000000000000,-0.000000000
4,5,4096,8388608,4194304,11,cycle,post,46,4194304,1.00000000000000000,-0.000000000
4,5,4096,8388608,4194304,11,cycle,post,47,4194304,1.00000000000000000,-0.000000000
4,5,4096,8388608,4194304,11,cycle,post,48,4194304,1.00000000000000000,-0.000000000
4,5,4096,8388608,4194304,11,cycle,post,49,4194304,1.00000000000000000,-0.000000000
4,5,4096,8388608,4194304,11,cycle,post,50,4194304,1.00000000000000000,-0.000000000
4,5,4096,8388608,4194304,11,cycle,post,51,4194304,1.00000000000000000,-0.000000000
4,5,4096,8388608,4194304,11,cycle,post,52,4194304,1.00000000000000000,-0.000000000
4,5,4096,8388608,4194304,11,cycle,post,53,4194304,1.00000000000000000,-0.000000000
4,5,4096,8388608,4194304,11,cycle,post,54,4194304,1.00000000000000000,-0.000000000
4,5,4096,8388608,4194304,11,cycle,post,55,4194304,1.00000000000000000,-0.000000000
4,5,4096,8388608,4194304,11,cycle,post,56,4194304,1.00000000000000000,-0.000000000
4,5,4096,8388608,4194304,11,cycle,post,57,4194304,1.00000000000000000,-0.000000000
4,5,4096,8388608,4194304,11,cycle,post,58,4194304,1.00000000000000000,-0.000000000
4,5,4096,8388608,4194304,11,cycle,post,59,4194304,1.00000000000000000,-0.000000000
4,5,4096,8388608,4194304,11,cycle,post,60,4194304,1.00000000000000000,-0.000000000
4,5,4096,8388608,4194304,11,cycle,post,61,4194304,1.00000000000000000,-0.000000000
4,5,4096,8388608,4194304,11,cycle,post,62,4194304,1.00000000000000000,-0.000000000
4,5,4096,8388608,4194304,11,cycle,post,63,4194304,1.00000000000000000,-0.000000000
4,5,4096,8388608,4194304,11,cycle,post,64,4194304,1.00000000000000000,-0.000000000
4,5,4096,8388608,4194304,11,cycle,post,65,4194304,1.00000000000000000,-0.000000000
4,5,4096,8388608,4194304,11,cycle,post,66,4194304,1.00000000000000000,-0.000000000
4,5,4096,8388608,4194304,11,cycle,post,67,4194304,1.00000000000000000,-0.000000000
4,5,4096,8388608,4194304,11,cycle,post,68,4194304,1.00000000000000000,-0.000000000
4,5,4096,8388608,4194304,11,cycle,post,69,4194304,1.00000000000000000,-0.000000000
4,5,4096,8388608,4194304,11,cycle,post,70,4194304,1.00000000000000000,-0.000000000
4,5,4096,8388608,4194304,11,cycle,post,71,4194304,1.00000000000000000,-0.000000000
4,5,4096,8388608,4194304,11,cycle,post,72,4194304,1.00000000000000000,-0.000000000
4,5,4096,8388608,4194304,11,cycle,post,73,4194304,1.00000000000000000,-0.000000000
4,5,4096,8388608,4194304,11,cycle,post,74,4194304,1.00000000000000000,-0.000000000
4,5,4096,8388608,4194304,11,cycle,post,75,4194304,1.00000000000000000,-0.000000000
4,5,4096,8388608,4194304,11,cycle,post,76,4194304,1.00000000000000000,-0.000000000
4,5,4096,8388608,4194304,11,cycle,post,77,4194304,1.00000000000000000,-0.000000000
4,5,4096,8388608,4194304,11,cycle,post,78,4194304,1.00000000000000000,-0.000000000
4,5,4096,8388608,4194304,11,cycle,post,79,4194304,1.00000000000000000,-0.000000000
4,5,4096,8388608,4194304,11,cycle,post,80,4194304,1.00000000000000000,-0.000000000
4,5,4096,8388608,4194304,11,cycle,post,81,4194304,1.00000000000000000,-0.000000000
4,5,4096,8388608,4194304,11,cycle,post,82,4194304,1.00000000000000000,-0.000000000
4,5,4096,8388608,4194304,11,cycle,post,83,4194304,1.00000000000000000,-0.000000000
4,5,4096,8388608,4194304,11,cycle,post,84,4194304,1.00000000000000000,-0.000000000
4,5,4096,8388608,4194304,11,cycle,post,85,4194304,1.00000000000000000,-0.000000000
4,5,4096,8388608,4194304,11,cycle,post,86,4194304,1.00000000000000000,-0.000000000
4,5,4096,8388608,4194304,11,cycle,post,87,4194304,1.00000000000000000,-0.000000000
4,5,4096,8388608,4194304,11,cycle,post,88,4194304,1.00000000000000000,-0.000000000
4,5,4096,8388608,4194304,11,cycle,post,89,4194304,1.00000000000000000,-0.000000000
4,5,4096,8388608,4194304,11,cycle,post,90,4194304,1.00000000000000000,-0.000000000
4,5,4096,8388608,4194304,11,cycle,post,91,4194304,1.00000000000000000,-0.000000000
4,5,4096,8388608,4194304,11,cycle,post,92,4194304,1.00000000000000000,-0.000000000
4,5,4096,8388608,4194304,11,cycle,post,93,4194304,1.00000000000000000,-0.000000000
4,5,4096,8388608,4194304,11,cycle,post,94,4194304,1.00000000000000000,-0.000000000
4,5,4096,8388608,4194304,11,cycle,post,95,4194304,1.00000000000000000,-0.000000000
4,5,4096,8388608,4194304,11,cycle,post,96,4194304,1.00000000000000000,-0.000000000
4,5,4096,8388608,4194304,11,cycle,post,97,4194304,1.00000000000000000,-0.000000000
4,5,4096,8388608,4194304,11,cycle,post,98,4194304,1.00000000000000000,-0.000000000
4,5,4096,8388608,4194304,11,cycle,post,99,4194304,1.00000000000000000,-0.000000000
4,5,4096,8388608,4194304,11,cycle,post,100,4194304,1.00000000000000000,-0.000000000
4,5,4096,8388608,4194304,11,cycle,post,101,4194304,1.00000000000000000,-0.000000000
4,5,4096,8388608,4194304,11,cycle,post,102,4194304,1.00000000000000000,-0.000000000
4,5,4096,8388608,4194304,11,cycle,post,103,4194304,1.00000000000000000,-0.000000000
4,5,4096,8388608,4194304,11,cycle,post,104,4194304,1.00000000000000000,-0.000000000
4,5,4096,8388608,4194304,11,cycle,post,105,4194304,1.00000000000000000,-0.000000000
4,5,4096,8388608,4194304,11,cycle,post,106,4194304,1.00000000000000000,-0.000000000
4,5,4096,8388608,4194304,11,cycle,post,107,4194304,1.00000000000000000,-0.000000000
4,5,4096,8388608,4194304,11,cycle,post,108,4194304,1.00000000000000000,-0.000000000
4,5,4096,8388608,4194304,11,cycle,post,109,4194304,1.00000000000000000,-0.000000000
4,5,4096,8388608,4194304,11,cycle,post,110,4194304,1.00000000000000000,-0.000000000
4,5,4096,8388608,4194304,11,cycle,post,111,4194304,1.00000000000000000,-0.000000000
4,5,4096,8388608,4194304,11,cycle,post,112,4194304,1.00000000000000000,-0.000000000
4,5,4096,8388608,4194304,11,cycle,post,113,4194304,1.00000000000000000,-0.000000000
4,5,4096,8388608,4194304,11,cycle,post,114,4194304,1.00000000000000000,-0.000000000
4,5,4096,8388608,4194304,11,cycle,post,115,4194304,1.00000000000000000,-0.000000000
4,5,4096,8388608,4194304,11,cycle,post,116,4194304,1.00000000000000000,-0.000000000
4,5,4096,8388608,4194304,11,cycle,post,117,4194304,1.00000000000000000,-0.000000000
4,5,4096,8388608,4194304,11,cycle,post,118,4194304,1.00000000000000000,-0.000000000
4,5,4096,8388608,4194304,11,cycle,post,119,4194304,1.00000000000000000,-0.000000000
4,5,4096,8388608,4194304,11,cycle,post,120,4194304,1.00000000000000000,-0.000000000
4,5,4096,8388608,4194304,11,cycle,post,121,4194304,1.00000000000000000,-0.000000000
4,5,4096,8388608,4194304,11,cycle,post,122,4194304,1.00000000000000000,-0.000000000
4,5,4096,8388608,4194304,11,cycle,post,123,4194304,1.00000000000000000,-0.000000000
4,5,4096,8388608,4194304,11,cycle,post,124,4194304,1.00000000000000000,-0.000000000
4,5,4096,8388608,4194304,11,cycle,post,125,4194304,1.00000000000000000,-0.000000000
4,5,4096,8388608,4194304,11,cycle,post,126,4194304,1.00000000000000000,-0.000000000
4,5,4096,8388608,4194304,11,cycle,post,127,4194304,1.00000000000000000,-0.000000000
4,5,4096,8388608,4194304,11,cycle,post,128,4194304,1.00000000000000000,-0.000000000
4,5,4096,8388608,4194304,11,cycle,post,129,4194304,1.00000000000000000,-0.000000000
4,5,4096,8388608,4194304,11,cycle,post,130,4194304,1.00000000000000000,-0.000000000
4,5,4096,8388608,4194304,11,cycle,post,131,4194304,1.00000000000000000,-0.000000000
4,5,4096,8388608,4194304,11,cycle,post,132,4194304,1.00000000000000000,-0.000000000
4,5,4096,8388608,4194304,11,cycle,post,133,4194304,1.00000000000000000,-0.000000000
4,5,4096,8388608,4194304,11,cycle,post,134,4194304,1.00000000000000000,-0.000000000
4,5,4096,8388608,4194304,11,cycle,post,135,4194304,1.00000000000000000,-0.000000000
4,5,4096,8388608,4194304,11,cycle,post,136,4194304,1.00000000000000000,-0.000000000
4,5,4096,8388608,4194304,11,cycle,post,137,4194304,1.00000000000000000,-0.000000000
4,5,4096,8388608,4194304,11,cycle,post,138,4194304,1.00000000000000000,-0.000000000
4,5,4096,8388608,4194304,11,cycle,post,139,4194304,1.00000000000000000,-0.000000000
4,5,4096,8388608,4194304,11,cycle,post,140,4194304,1.00000000000000000,-0.000000000
4,5,4096,8388608,4194304,11,cycle,post,141,4194304,1.00000000000000000,-0.000000000
4,5,4096,8388608,4194304,11,cycle,post,142,4194304,1.00000000000000000,-0.000000000
4,5,4096,8388608,4194304,11,cycle,post,143,4194304,1.00000000000000000,-0.000000000
4,5,4096,8388608,4194304,11,cycle,post,144,4194304,1.00000000000000000,-0.000000000
4,5,4096,8388608,4194304,11,cycle,post,145,4194304,1.00000000000000000,-0.000000000
4,5,4096,8388608,4194304,11,cycle,post,146,4194304,1.00000000000000000,-0.000000000
4,5,4096,8388608,4194304,11,cycle,post,147,4194304,1.00000000000000000,-0.000000000
4,5,4096,8388608,4194304,11,cycle,post,148,4194304,1.00000000000000000,-0.000000000
4,5,4096,8388608,4194304,11,cycle,post,149,4194304,1.00000000000000000,-0.000000000
4,5,4096,8388608,4194304,11,cycle,post,150,4194304,1.00000000000000000,-0.000000000
4,5,4096,8388608,4194304,11,cycle,post,151,4194304,1.00000000000000000,-0.000000000
4,5,4096,8388608,4194304,11,cycle,post,152,4194304,1.00000000000000000,-0.000000000
4,5,4096,8388608,4194304,11,cycle,post,153,4194304,1.00000000000000000,-0.000000000
4,5,4096,8388608,4194304,11,cycle,post,154,4194304,1.00000000000000000,-0.000000000
4,5,4096,8388608,4194304,11,cycle,post,155,4194304,1.00000000000000000,-0.000000000
4,5,4096,8388608,4194304,11,cycle,post,156,4194304,1.00000000000000000,-0.000000000
4,5,4096,8388608,4194304,11,cycle,post,157,4194304,1.00000000000000000,-0.000000000
4,5,4096,8388608,4194304,11,cycle,post,158,4194304,1.00000000000000000,-0.000000000
4,5,4096,8388608,4194304,11,cycle,post,159,4194304,1.00000000000000000,-0.000000000
4,5,4096,8388608,4194304,11,cycle,post,160,4194304,1.00000000000000000,-0.000000000
4,5,4096,8388608,4194304,11,cycle,post,161,4194304,1.00000000000000000,-0.000000000
4,5,4096,8388608,4194304,11,cycle,post,162,4194304,1.00000000000000000,-0.000000000
4,5,4096,8388608,4194304,11,cycle,post,163,4194304,1.00000000000000000,-0.000000000
4,5,4096,8388608,4194304,11,cycle,post,164,4194304,1.00000000000000000,-0.000000000
4,5,4096,8388608,4194304,11,cycle,post,165,4194304,1.00000000000000000,-0.000000000
4,5,4096,8388608,4194304,11,cycle,post,166,4194304,1.00000000000000000,-0.000000000
4,5,4096,8388608,4194304,11,cycle,post,167,4194304,1.00000000000000000,-0.000000000
4,5,4096,8388608,4194304,11,cycle,post,168,4194304,1.00000000000000000,-0.000000000
4,5,4096,8388608,4194304,11,cycle,post,169,4194304,1.00000000000000000,-0.000000000
4,5,4096,8388608,4194304,11,cycle,post,170,4194304,1.00000000000000000,-0.000000000
4,5,4096,8388608,4194304,11,cycle,post,171,4194304,1.00000000000000000,-0.000000000
4,5,4096,8388608,4194304,11,cycle,post,172,4194304,1.00000000000000000,-0.000000000
4,5,4096,8388608,4194304,11,cycle,post,173,4194304,1.00000000000000000,-0.000000000
4,5,4096,8388608,4194304,11,cycle,post,174,4194304,1.00000000000000000,-0.000000000
4,5,4096,8388608,4194304,11,cycle,post,175,4194304,1.00000000000000000,-0.000000000
4,5,4096,8388608,4194304,11,cycle,post,176,4194304,1.00000000000000000,-0.000000000
4,5,4096,8388608,4194304,11,cycle,post,177,4194304,1.00000000000000000,-0.000000000
4,5,4096,8388608,4194304,11,cycle,post,178,4194304,1.00000000000000000,-0.000000000
4,5,4096,8388608,4194304,11,cycle,post,179,4194304,1.00000000000000000,-0.000000000
4,5,4096,8388608,4194304,11,cycle,post,180,4194304,1.00000000000000000,-0.000000000
4,5,4096,8388608,4194304,11,cycle,post,181,4194304,1.00000000000000000,-0.000000000
4,5,4096,8388608,4194304,11,cycle,post,182,4194304,1.00000000000000000,-0.000000000
4,5,4096,8388608,4194304,11,cycle,post,183,4194304,1.00000000000000000,-0.000000000
4,5,4096,8388608,4194304,11,cycle,post,184,4194304,1.00000000000000000,-0.000000000
4,5,4096,8388608,4194304,11,cycle,post,185,4194304,1.00000000000000000,-0.000000000
4,5,4096,8388608,4194304,11,cycle,post,186,4194304,1.00000000000000000,-0.000000000
4,5,4096,8388608,4194304,11,cycle,post,187,4194304,1.00000000000000000,-0.000000000
4,5,4096,8388608,4194304,11,cycle,post,188,4194304,1.00000000000000000,-0.000000000
4,5,4096,8388608,4194304,11,cycle,post,189,4194304,1.00000000000000000,-0.000000000
4,5,4096,8388608,4194304,11,cycle,post,190,4194304,1.00000000000000000,-0.000000000
4,5,4096,8388608,4194304,11,cycle,post,191,4194304,1.00000000000000000,-0.000000000
4,5,4096,8388608,4194304,11,cycle,post,192,4194304,1.00000000000000000,-0.000000000
4,5,4096,8388608,4194304,11,cycle,post,193,4194304,1.00000000000000000,-0.000000000
4,5,4096,8388608,4194304,11,cycle,post,194,4194304,1.00000000000000000,-0.000000000
4,5,4096,8388608,4194304,11,cycle,post,195,4194304,1.00000000000000000,-0.000000000
4,5,4096,8388608,4194304,11,cycle,post,196,4194304,1.00000000000000000,-0.000000000
4,5,4096,8388608,4194304,11,cycle,post,197,4194304,1.00000000000000000,-0.000000000
4,5,4096,8388608,4194304,11,cycle,post,198,4194304,1.00000000000000000,-0.000000000
4,5,4096,8388608,4194304,11,cycle,post,199,4194304,1.00000000000000000,-0.000000000
4,5,4096,8388608,4194304,11,cycle,post,200,4194304,1.00000000000000000,-0.000000000
4,5,4096,8388608,4194304,11,cycle,post,201,4194304,1.00000000000000000,-0.000000000
4,5,4096,8388608,4194304,11,cycle,post,202,4194304,1.00000000000000000,-0.000000000
4,5,4096,8388608,4194304,11,cycle,post,203,4194304,1.00000000000000000,-0.000000000
4,5,4096,8388608,4194304,11,cycle,post,204,4194304,1.00000000000000000,-0.000000000
4,5,4096,8388608,4194304,11,cycle,post,205,4194304,1.00000000000000000,-0.000000000
4,5,4096,8388608,4194304,11,cycle,post,206,4194304,1.00000000000000000,-0.000000000
4,5,4096,8388608,4194304,11,cycle,post,207,4194304,1.00000000000000000,-0.000000000
4,5,4096,8388608,4194304,11,cycle,post,208,4194304,1.00000000000000000,-0.000000000
4,5,4096,8388608,4194304,11,cycle,post,209,4194304,1.00000000000000000,-0.000000000
4,5,4096,8388608,4194304,11,cycle,post,210,4194304,1.00000000000000000,-0.000000000
4,5,4096,8388608,4194304,11,cycle,post,211,4194304,1.00000000000000000,-0.000000000
4,5,4096,8388608,4194304,11,cycle,post,212,4194304,1.00000000000000000,-0.000000000
4,5,4096,8388608,4194304,11,cycle,post,213,4194304,1.00000000000000000,-0.000000000
4,5,4096,8388608,4194304,11,cycle,post,214,4194304,1.00000000000000000,-0.000000000
4,5,4096,8388608,4194304,11,cycle,post,215,4194304,1.00000000000000000,-0.000000000
4,5,4096,8388608,4194304,11,cycle,post,216,4194304,1.00000000000000000,-0.000000000
4,5,4096,8388608,4194304,11,cycle,post,217,4194304,1.00000000000000000,-0.000000000
4,5,4096,8388608,4194304,11,cycle,post,218,4194304,1.00000000000000000,-0.000000000
4,5,4096,8388608,4194304,11,cycle,post,219,4194304,1.00000000000000000,-0.000000000
4,5,4096,8388608,4194304,11,cycle,post,220,4194304,1.00000000000000000,-0.000000000
4,5,4096,8388608,4194304,11,cycle,post,221,4194304,1.00000000000000000,-0.000000000
4,5,4096,8388608,4194304,11,cycle,post,222,4194304,1.00000000000000000,-0.000000000
4,5,4096,8388608,4194304,11,cycle,post,223,4194304,1.00000000000000000,-0.000000000
4,5,4096,8388608,4194304,11,cycle,post,224,4194304,1.00000000000000000,-0.000000000
4,5,4096,8388608,4194304,11,cycle,post,225,4194304,1.00000000000000000,-0.000000000
4,5,4096,8388608,4194304,11,cycle,post,226,4194304,1.00000000000000000,-0.000000000
4,5,4096,8388608,4194304,11,cycle,post,227,4194304,1.00000000000000000,-0.000000000
4,5,4096,8388608,4194304,11,cycle,post,228,4194304,1.00000000000000000,-0.000000000
4,5,4096,8388608,4194304,11,cycle,post,229,4194304,1.00000000000000000,-0.000000000
4,5,4096,8388608,4194304,11,cycle,post,230,4194304,1.00000000000000000,-0.000000000
4,5,4096,8388608,4194304,11,cycle,post,231,4194304,1.00000000000000000,-0.000000000
4,5,4096,8388608,4194304,11,cycle,post,232,4194304,1.00000000000000000,-0.000000000
4,5,4096,8388608,4194304,11,cycle,post,233,4194304,1.00000000000000000,-0.000000000
4,5,4096,8388608,4194304,11,cycle,post,234,4194304,1.00000000000000000,-0.000000000
4,5,4096,8388608,4194304,11,cycle,post,235,4194304,1.00000000000000000,-0.000000000
4,5,4096,8388608,4194304,11,cycle,post,236,4194304,1.00000000000000000,-0.000000000
4,5,4096,8388608,4194304,11,cycle,post,237,4194304,1.00000000000000000,-0.000000000
4,5,4096,8388608,4194304,11,cycle,post,238,4194304,1.00000000000000000,-0.000000000
4,5,4096,8388608,4194304,11,cycle,post,239,4194304,1.00000000000000000,-0.000000000
4,5,4096,8388608,4194304,11,cycle,post,240,4194304,1.00000000000000000,-0.000000000
4,5,4096,8388608,4194304,11,cycle,post,241,4194304,1.00000000000000000,-0.000000000
4,5,4096,8388608,4194304,11,cycle,post,242,4194304,1.00000000000000000,-0.000000000
4,5,4096,8388608,4194304,11,cycle,post,243,4194304,1.00000000000000000,-0.000000000
4,5,4096,8388608,4194304,11,cycle,post,244,4194304,1.00000000000000000,-0.000000000
4,5,4096,8388608,4194304,11,cycle,post,245,4194304,1.00000000000000000,-0.000000000
4,5,4096,8388608,4194304,11,cycle,post,246,4194304,1.00000000000000000,-0.000000000
4,5,4096,8388608,4194304,11,cycle,post,247,4194304,1.00000000000000000,-0.000000000
4,5,4096,8388608,4194304,11,cycle,post,248,4194304,1.00000000000000000,-0.000000000
4,5,4096,8388608,4194304,11,cycle,post,249,4194304,1.00000000000000000,-0.000000000
4,5,4096,8388608,4194304,11,cycle,post,250,4194304,1.00000000000000000,-0.000000000
4,5,4096,8388608,4194304,11,cycle,post,251,4194304,1.00000000000000000,-0.000000000
4,5,4096,8388608,4194304,11,cycle,post,252,4194304,1.00000000000000000,-0.000000000
4,5,4096,8388608,4194304,11,cycle,post,253,4194304,1.00000000000000000,-0.000000000
4,5,4096,8388608,4194304,11,cycle,post,254,4194304,1.00000000000000000,-0.000000000
4,5,4096,8388608,4194304,11,cycle,post,255,4194304,1.00000000000000000,-0.000000000
4,5,4096,8388608,4194304,11,cycle,post,256,4194304,1.00000000000000000,-0.000000000
4,5,4096,8388608,4194304,11,cycle,post,257,4194304,1.00000000000000000,-0.000000000
4,5,4096,8388608,4194304,11,cycle,post,258,4194304,1.00000000000000000,-0.000000000
4,5,4096,8388608,4194304,11,cycle,post,259,4194304,1.00000000000000000,-0.000000000
4,5,4096,8388608,4194304,11,cycle,post,260,4194304,1.00000000000000000,-0.000000000
4,5,4096,8388608,4194304,11,cycle,post,261,4194304,1.00000000000000000,-0.000000000
4,5,4096,8388608,4194304,11,cycle,post,262,4194304,1.00000000000000000,-0.000000000
4,5,4096,8388608,4194304,11,cycle,post,263,4194304,1.00000000000000000,-0.000000000
4,5,4096,8388608,4194304,11,cycle,post,264,4194304,1.00000000000000000,-0.000000000
4,5,4096,8388608,4194304,11,cycle,post,265,4194304,1.00000000000000000,-0.000000000
4,5,4096,8388608,4194304,11,cycle,post,266,4194304,1.00000000000000000,-0.000000000
4,5,4096,8388608,4194304,11,cycle,post,267,4194304,1.00000000000000000,-0.000000000
4,5,4096,8388608,4194304,11,cycle,post,268,4194304,1.00000000000000000,-0.000000000
4,5,4096,8388608,4194304,11,cycle,post,269,4194304,1.00000000000000000,-0.000000000
4,5,4096,8388608,4194304,11,cycle,post,270,4194304,1.00000000000000000,-0.000000000
4,5,4096,8388608,4194304,11,cycle,post,271,4194304,1.00000000000000000,-0.000000000
4,5,4096,8388608,4194304,11,cycle,post,272,4194304,1.00000000000000000,-0.000000000
4,5,4096,8388608,4194304,11,cycle,post,273,4194304,1.00000000000000000,-0.000000000
4,5,4096,8388608,4194304,11,cycle,post,274,4194304,1.00000000000000000,-0.000000000
4,5,4096,8388608,4194304,11,cycle,post,275,4194304,1.00000000000000000,-0.000000000
4,5,4096,8388608,4194304,11,cycle,post,276,4194304,1.00000000000000000,-0.000000000
4,5,4096,8388608,4194304,11,cycle,post,277,4194304,1.00000000000000000,-0.000000000
4,5,4096,8388608,4194304,11,cycle,post,278,4194304,1.00000000000000000,-0.000000000
4,5,4096,8388608,4194304,11,cycle,post,279,4194304,1.00000000000000000,-0.000000000
4,5,4096,8388608,4194304,11,cycle,post,280,4194304,1.00000000000000000,-0.000000000
4,5,4096,8388608,4194304,11,cycle,post,281,4194304,1.00000000000000000,-0.000000000
4,5,4096,8388608,4194304,11,cycle,post,282,4194304,1.00000000000000000,-0.000000000
4,5,4096,8388608,4194304,11,cycle,post,283,4194304,1.00000000000000000,-0.000000000
4,5,4096,8388608,4194304,11,cycle,post,284,4194304,1.00000000000000000,-0.000000000
4,5,4096,8388608,4194304,11,cycle,post,285,4194304,1.00000000000000000,-0.000000000
4,5,4096,8388608,4194304,11,cycle,post,286,4194304,1.00000000000000000,-0.000000000
4,5,4096,8388608,4194304,11,cycle,post,287,4194304,1.00000000000000000,-0.000000000
4,5,4096,8388608,4194304,11,cycle,post,288,4194304,1.00000000000000000,-0.000000000
4,5,4096,8388608,4194304,11,cycle,post,289,4194304,1.00000000000000000,-0.000000000
4,5,4096,8388608,4194304,11,cycle,post,290,4194304,1.00000000000000000,-0.000000000
4,5,4096,8388608,4194304,11,cycle,post,291,4194304,1.00000000000000000,-0.000000000
4,5,4096,8388608,4194304,11,cycle,post,292,4194304,1.00000000000000000,-0.000000000
4,5,4096,8388608,4194304,11,cycle,post,293,4194304,1.00000000000000000,-0.000000000
4,5,4096,8388608,4194304,11,cycle,post,294,4194304,1.00000000000000000,-0.000000000
4,5,4096,8388608,4194304,11,cycle,post,295,4194304,1.00000000000000000,-0.000000000
4,5,4096,8388608,4194304,11,cycle,post,296,4194304,1.00000000000000000,-0.000000000
4,5,4096,8388608,4194304,11,cycle,post,297,4194304,1.00000000000000000,-0.000000000
4,5,4096,8388608,4194304,11,cycle,post,298,4194304,1.00000000000000000,-0.000000000
4,5,4096,8388608,4194304,11,cycle,post,299,4194304,1.00000000000000000,-0.000000000
4,5,4096,8388608,4194304,11,cycle,post,300,4194304,1.00000000000000000,-0.000000000
4,5,4096,8388608,4194304,11,cycle,post,301,4194304,1.00000000000000000,-0.000000000
4,5,4096,8388608,4194304,11,cycle,post,302,4194304,1.00000000000000000,-0.000000000
4,5,4096,8388608,4194304,11,cycle,post,303,4194304,1.00000000000000000,-0.000000000
4,5,4096,8388608,4194304,11,cycle,post,304,4194304,1.00000000000000000,-0.000000000
4,5,4096,8388608,4194304,11,cycle,post,305,4194304,1.00000000000000000,-0.000000000
4,5,4096,8388608,4194304,11,cycle,post,306,4194304,1.00000000000000000,-0.000000000
4,5,4096,8388608,4194304,11,cycle,post,307,4194304,1.00000000000000000,-0.000000000
4,5,4096,8388608,4194304,11,cycle,post,308,4194304,1.00000000000000000,-0.000000000
4,5,4096,8388608,4194304,11,cycle,post,309,4194304,1.00000000000000000,-0.000000000
4,5,4096,8388608,4194304,11,cycle,post,310,4194304,1.00000000000000000,-0.000000000
4,5,4096,8388608,4194304,11,cycle,post,311,4194304,1.00000000000000000,-0.000000000
4,5,4096,8388608,4194304,11,cycle,post,312,4194304,1.00000000000000000,-0.000000000
4,5,4096,8388608,4194304,11,cycle,post,313,4194304,1.00000000000000000,-0.000000000
4,5,4096,8388608,4194304,11,cycle,post,314,4194304,1.00000000000000000,-0.000000000
4,5,4096,8388608,4194304,11,cycle,post,315,4194304,1.00000000000000000,-0.000000000
4,5,4096,8388608,4194304,11,cycle,post,316,4194304,1.00000000000000000,-0.000000000
4,5,4096,8388608,4194304,11,cycle,post,317,4194304,1.00000000000000000,-0.000000000
4,5,4096,8388608,4194304,11,cycle,post,318,4194304,1.00000000000000000,-0.000000000
4,5,4096,8388608,4194304,11,cycle,post,319,4194304,1.00000000000000000,-0.000000000
4,5,4096,8388608,4194304,11,cycle,post,320,4194304,1.00000000000000000,-0.000000000
4,5,4096,8388608,4194304,11,cycle,post,321,4194304,1.00000000000000000,-0.000000000
4,5,4096,8388608,4194304,11,cycle,post,322,4194304,1.00000000000000000,-0.000000000
4,5,4096,8388608,4194304,11,cycle,post,323,4194304,1.00000000000000000,-0.000000000
4,5,4096,8388608,4194304,11,cycle,post,324,4194304,1.00000000000000000,-0.000000000
4,5,4096,8388608,4194304,11,cycle,post,325,4194304,1.00000000000000000,-0.000000000
4,5,4096,8388608,4194304,11,cycle,post,326,4194304,1.00000000000000000,-0.000000000
4,5,4096,8388608,4194304,11,cycle,post,327,4194304,1.00000000000000000,-0.000000000
4,5,4096,8388608,4194304,11,cycle,post,328,4194304,1.00000000000000000,-0.000000000
4,5,4096,8388608,4194304,11,cycle,post,329,4194304,1.00000000000000000,-0.000000000
4,5,4096,8388608,4194304,11,cycle,post,330,4194304,1.00000000000000000,-0.000000000
4,5,4096,8388608,4194304,11,cycle,post,331,4194304,1.00000000000000000,-0.000000000
4,5,4096,8388608,4194304,11,cycle,post,332,4194304,1.00000000000000000,-0.000000000
4,5,4096,8388608,4194304,11,cycle,post,333,4194304,1.00000000000000000,-0.000000000
4,5,4096,8388608,4194304,11,cycle,post,334,4194304,1.00000000000000000,-0.000000000
4,5,4096,8388608,4194304,11,cycle,post,335,4194304,1.00000000000000000,-0.000000000
4,5,4096,8388608,4194304,11,cycle,post,336,4194304,1.00000000000000000,-0.000000000
4,5,4096,8388608,4194304,11,cycle,post,337,4194304,1.00000000000000000,-0.000000000
4,5,4096,8388608,4194304,11,cycle,post,338,4194304,1.00000000000000000,-0.000000000
4,5,4096,8388608,4194304,11,cycle,post,339,4194304,1.00000000000000000,-0.000000000
4,5,4096,8388608,4194304,11,cycle,post,340,4194304,1.00000000000000000,-0.000000000
4,5,4096,8388608,4194304,11,cycle,post,341,4194304,1.00000000000000000,-0.000000000
4,5,4096,8388608,4194304,11,cycle,post,342,4194304,1.00000000000000000,-0.000000000
4,5,4096,8388608,4194304,11,cycle,post,343,4194304,1.00000000000000000,-0.000000000
4,5,4096,8388608,4194304,11,cycle,post,344,4194304,1.00000000000000000,-0.000000000
4,5,4096,8388608,4194304,11,cycle,post,345,4194304,1.00000000000000000,-0.000000000
4,5,4096,8388608,4194304,11,cycle,post,346,4194304,1.00000000000000000,-0.000000000
4,5,4096,8388608,4194304,11,cycle,post,347,4194304,1.00000000000000000,-0.000000000
4,5,4096,8388608,4194304,11,cycle,post,348,4194304,1.00000000000000000,-0.000000000
4,5,4096,8388608,4194304,11,cycle,post,349,4194304,1.00000000000000000,-0.000000000
4,5,4096,8388608,4194304,11,cycle,post,350,4194304,1.00000000000000000,-0.000000000
4,5,4096,8388608,4194304,11,cycle,post,351,4194304,1.00000000000000000,-0.000000000
4,5,4096,8388608,4194304,11,cycle,post,352,4194304,1.00000000000000000,-0.000000000
4,5,4096,8388608,4194304,11,cycle,post,353,4194304,1.00000000000000000,-0.000000000
4,5,4096,8388608,4194304,11,cycle,post,354,4194304,1.00000000000000000,-0.000000000
4,5,4096,8388608,4194304,11,cycle,post,355,4194304,1.00000000000000000,-0.000000000
4,5,4096,8388608,4194304,11,cycle,post,356,4194304,1.00000000000000000,-0.000000000
4,5,4096,8388608,4194304,11,cycle,post,357,4194304,1.00000000000000000,-0.000000000
4,5,4096,8388608,4194304,11,cycle,post,358,4194304,1.00000000000000000,-0.000000000
4,5,4096,8388608,4194304,11,cycle,post,359,4194304,1.00000000000000000,-0.000000000
4,5,4096,8388608,4194304,11,cycle,post,360,4194304,1.00000000000000000,-0.000000000
4,5,4096,8388608,4194304,11,cycle,post,361,4194304,1.00000000000000000,-0.000000000
4,5,4096,8388608,4194304,11,cycle,post,362,4194304,1.00000000000000000,-0.000000000
4,5,4096,8388608,4194304,11,cycle,post,363,4194304,1.00000000000000000,-0.000000000
4,5,4096,8388608,4194304,11,cycle,post,364,4194304,1.00000000000000000,-0.000000000
4,5,4096,8388608,4194304,11,cycle,post,365,4194304,1.00000000000000000,-0.000000000
4,5,4096,8388608,4194304,11,cycle,post,366,4194304,1.00000000000000000,-0.000000000
4,5,4096,8388608,4194304,11,cycle,post,367,4194304,1.00000000000000000,-0.000000000
4,5,4096,8388608,4194304,11,cycle,post,368,4194304,1.00000000000000000,-0.000000000
4,5,4096,8388608,4194304,11,cycle,post,369,4194304,1.00000000000000000,-0.000000000
4,5,4096,8388608,4194304,11,cycle,post,370,4194304,1.00000000000000000,-0.000000000
4,5,4096,8388608,4194304,11,cycle,post,371,4194304,1.00000000000000000,-0.000000000
4,5,4096,8388608,4194304,11,cycle,post,372,4194304,1.00000000000000000,-0.000000000
4,5,4096,8388608,4194304,11,cycle,post,373,4194304,1.00000000000000000,-0.000000000
4,5,4096,8388608,4194304,11,cycle,post,374,4194304,1.00000000000000000,-0.000000000
4,5,4096,8388608,4194304,11,cycle,post,375,4194304,1.00000000000000000,-0.000000000
4,5,4096,8388608,4194304,11,cycle,post,376,4194304,1.00000000000000000,-0.000000000
4,5,4096,8388608,4194304,11,cycle,post,377,4194304,1.00000000000000000,-0.000000000
4,5,4096,8388608,4194304,11,cycle,post,378,4194304,1.00000000000000000,-0.000000000
4,5,4096,8388608,4194304,11,cycle,post,379,4194304,1.00000000000000000,-0.000000000
4,5,4096,8388608,4194304,11,cycle,post,380,4194304,1.00000000000000000,-0.000000000
4,5,4096,8388608,4194304,11,cycle,post,381,4194304,1.00000000000000000,-0.000000000
4,5,4096,8388608,4194304,11,cycle,post,382,4194304,1.00000000000000000,-0.000000000
4,5,4096,8388608,4194304,11,cycle,post,383,4194304,1.00000000000000000,-0.000000000
4,5,4096,8388608,4194304,11,cycle,post,384,4194304,1.00000000000000000,-0.000000000
4,5,4096,8388608,4194304,11,cycle,post,385,4194304,1.00000000000000000,-0.000000000
4,5,4096,8388608,4194304,11,cycle,post,386,4194304,1.00000000000000000,-0.000000000
4,5,4096,8388608,4194304,11,cycle,post,387,4194304,1.00000000000000000,-0.000000000
4,5,4096,8388608,4194304,11,cycle,post,388,4194304,1.00000000000000000,-0.000000000
4,5,4096,8388608,4194304,11,cycle,post,389,4194304,1.00000000000000000,-0.000000000
4,5,4096,8388608,4194304,11,cycle,post,390,4194304,1.00000000000000000,-0.000000000
4,5,4096,8388608,4194304,11,cycle,post,391,4194304,1.00000000000000000,-0.000000000
4,5,4096,8388608,4194304,11,cycle,post,392,4194304,1.00000000000000000,-0.000000000
4,5,4096,8388608,4194304,11,cycle,post,393,4194304,1.00000000000000000,-0.000000000
4,5,4096,8388608,4194304,11,cycle,post,394,4194304,1.00000000000000000,-0.000000000
4,5,4096,8388608,4194304,11,cycle,post,395,4194304,1.00000000000000000,-0.000000000
4,5,4096,8388608,4194304,11,cycle,post,396,4194304,1.00000000000000000,-0.000000000
4,5,4096,8388608,4194304,11,cycle,post,397,4194304,1.00000000000000000,-0.000000000
4,5,4096,8388608,4194304,11,cycle,post,398,4194304,1.00000000000000000,-0.000000000
4,5,4096,8388608,4194304,11,cycle,post,399,4194304,1.00000000000000000,-0.000000000
4,5,4096,8388608,4194304,11,cycle,post,400,4194304,1.00000000000000000,-0.000000000
4,5,4096,8388608,4194304,11,cycle,post,401,4194304,1.00000000000000000,-0.000000000
4,5,4096,8388608,4194304,11,cycle,post,402,4194304,1.00000000000000000,-0.000000000
4,5,4096,8388608,4194304,11,cycle,post,403,4194304,1.00000000000000000,-0.000000000
4,5,4096,8388608,4194304,11,cycle,post,404,4194304,1.00000000000000000,-0.000000000
4,5,4096,8388608,4194304,11,cycle,post,405,4194304,1.00000000000000000,-0.000000000
4,5,4096,8388608,4194304,11,cycle,post,406,4194304,1.00000000000000000,-0.000000000
4,5,4096,8388608,4194304,11,cycle,post,407,4194304,1.00000000000000000,-0.000000000
4,5,4096,8388608,4194304,11,cycle,post,408,4194304,1.00000000000000000,-0.000000000
4,5,4096,8388608,4194304,11,cycle,post,409,4194304,1.00000000000000000,-0.000000000
4,5,4096,8388608,4194304,11,cycle,post,410,4194304,1.00000000000000000,-0.000000000
4,5,4096,8388608,4194304,11,cycle,post,411,4194304,1.00000000000000000,-0.000000000
4,5,4096,8388608,4194304,11,cycle,post,412,4194304,1.00000000000000000,-0.000000000
4,5,4096,8388608,4194304,11,cycle,post,413,4194304,1.00000000000000000,-0.000000000
4,5,4096,8388608,4194304,11,cycle,post,414,4194304,1.00000000000000000,-0.000000000
4,5,4096,8388608,4194304,11,cycle,post,415,4194304,1.00000000000000000,-0.000000000
4,5,4096,8388608,4194304,11,cycle,post,416,4194304,1.00000000000000000,-0.000000000
4,5,4096,8388608,4194304,11,cycle,post,417,4194304,1.00000000000000000,-0.000000000
4,5,4096,8388608,4194304,11,cycle,post,418,4194304,1.00000000000000000,-0.000000000
4,5,4096,8388608,4194304,11,cycle,post,419,4194304,1.00000000000000000,-0.000000000
4,5,4096,8388608,4194304,11,cycle,post,420,4194304,1.00000000000000000,-0.000000000
4,5,4096,8388608,4194304,11,cycle,post,421,4194304,1.00000000000000000,-0.000000000
4,5,4096,8388608,4194304,11,cycle,post,422,4194304,1.00000000000000000,-0.000000000
4,5,4096,8388608,4194304,11,cycle,post,423,4194304,1.00000000000000000,-0.000000000
4,5,4096,8388608,4194304,11,cycle,post,424,4194304,1.00000000000000000,-0.000000000
4,5,4096,8388608,4194304,11,cycle,post,425,4194304,1.00000000000000000,-0.000000000
4,5,4096,8388608,4194304,11,cycle,post,426,4194304,1.00000000000000000,-0.000000000
4,5,4096,8388608,4194304,11,cycle,post,427,4194304,1.00000000000000000,-0.000000000
4,5,4096,8388608,4194304,11,cycle,post,428,4194304,1.00000000000000000,-0.000000000
4,5,4096,8388608,4194304,11,cycle,post,429,4194304,1.00000000000000000,-0.000000000
4,5,4096,8388608,4194304,11,cycle,post,430,4194304,1.00000000000000000,-0.000000000
4,5,4096,8388608,4194304,11,cycle,post,431,4194304,1.00000000000000000,-0.000000000
4,5,4096,8388608,4194304,11,cycle,post,432,4194304,1.00000000000000000,-0.000000000
4,5,4096,8388608,4194304,11,cycle,post,433,4194304,1.00000000000000000,-0.000000000
4,5,4096,8388608,4194304,11,cycle,post,434,4194304,1.00000000000000000,-0.000000000
4,5,4096,8388608,4194304,11,cycle,post,435,4194304,1.00000000000000000,-0.000000000
4,5,4096,8388608,4194304,11,cycle,post,436,4194304,1.00000000000000000,-0.000000000
4,5,4096,8388608,4194304,11,cycle,post,437,4194304,1.00000000000000000,-0.000000000
4,5,4096,8388608,4194304,11,cycle,post,438,4194304,1.00000000000000000,-0.000000000
4,5,4096,8388608,4194304,11,cycle,post,439,4194304,1.00000000000000000,-0.000000000
4,5,4096,8388608,4194304,11,cycle,post,440,4194304,1.00000000000000000,-0.000000000
4,5,4096,8388608,4194304,11,cycle,post,441,4194304,1.00000000000000000,-0.000000000
4,5,4096,8388608,4194304,11,cycle,post,442,4194304,1.00000000000000000,-0.000000000
4,5,4096,8388608,4194304,11,cycle,post,443,4194304,1.00000000000000000,-0.000000000
4,5,4096,8388608,4194304,11,cycle,post,444,4194304,1.00000000000000000,-0.000000000
4,5,4096,8388608,4194304,11,cycle,post,445,4194304,1.00000000000000000,-0.000000000
4,5,4096,8388608,4194304,11,cycle,post,446,4194304,1.00000000000000000,-0.000000000
4,5,4096,8388608,4194304,11,cycle,post,447,4194304,1.00000000000000000,-0.000000000
4,5,4096,8388608,4194304,11,cycle,post,448,4194304,1.00000000000000000,-0.000000000
4,5,4096,8388608,4194304,11,cycle,post,449,4194304,1.00000000000000000,-0.000000000
4,5,4096,8388608,4194304,11,cycle,post,450,4194304,1.00000000000000000,-0.000000000
4,5,4096,8388608,4194304,11,cycle,post,451,4194304,1.00000000000000000,-0.000000000
4,5,4096,8388608,4194304,11,cycle,post,452,4194304,1.00000000000000000,-0.000000000
4,5,4096,8388608,4194304,11,cycle,post,453,4194304,1.00000000000000000,-0.000000000
4,5,4096,8388608,4194304,11,cycle,post,454,4194304,1.00000000000000000,-0.000000000
4,5,4096,8388608,4194304,11,cycle,post,455,4194304,1.00000000000000000,-0.000000000
4,5,4096,8388608,4194304,11,cycle,post,456,4194304,1.00000000000000000,-0.000000000
4,5,4096,8388608,4194304,11,cycle,post,457,4194304,1.00000000000000000,-0.000000000
4,5,4096,8388608,4194304,11,cycle,post,458,4194304,1.00000000000000000,-0.000000000
4,5,4096,8388608,4194304,11,cycle,post,459,4194304,1.00000000000000000,-0.000000000
4,5,4096,8388608,4194304,11,cycle,post,460,4194304,1.00000000000000000,-0.000000000
4,5,4096,8388608,4194304,11,cycle,post,461,4194304,1.00000000000000000,-0.000000000
4,5,4096,8388608,4194304,11,cycle,post,462,4194304,1.00000000000000000,-0.000000000
4,5,4096,8388608,4194304,11,cycle,post,463,4194304,1.00000000000000000,-0.000000000
4,5,4096,8388608,4194304,11,cycle,post,464,4194304,1.00000000000000000,-0.000000000
4,5,4096,8388608,4194304,11,cycle,post,465,4194304,1.00000000000000000,-0.000000000
4,5,4096,8388608,4194304,11,cycle,post,466,4194304,1.00000000000000000,-0.000000000
4,5,4096,8388608,4194304,11,cycle,post,467,4194304,1.00000000000000000,-0.000000000
4,5,4096,8388608,4194304,11,cycle,post,468,4194304,1.00000000000000000,-0.000000000
4,5,4096,8388608,4194304,11,cycle,post,469,4194304,1.00000000000000000,-0.000000000
4,5,4096,8388608,4194304,11,cycle,post,470,4194304,1.00000000000000000,-0.000000000
4,5,4096,8388608,4194304,11,cycle,post,471,4194304,1.00000000000000000,-0.000000000
4,5,4096,8388608,4194304,11,cycle,post,472,4194304,1.00000000000000000,-0.000000000
4,5,4096,8388608,4194304,11,cycle,post,473,4194304,1.00000000000000000,-0.000000000
4,5,4096,8388608,4194304,11,cycle,post,474,4194304,1.00000000000000000,-0.000000000
4,5,4096,8388608,4194304,11,cycle,post,475,4194304,1.00000000000000000,-0.000000000
4,5,4096,8388608,4194304,11,cycle,post,476,4194304,1.00000000000000000,-0.000000000
4,5,4096,8388608,4194304,11,cycle,post,477,4194304,1.00000000000000000,-0.000000000
4,5,4096,8388608,4194304,11,cycle,post,478,4194304,1.00000000000000000,-0.000000000
4,5,4096,8388608,4194304,11,cycle,post,479,4194304,1.00000000000000000,-0.000000000
4,5,4096,8388608,4194304,11,cycle,post,480,4194304,1.00000000000000000,-0.000000000
4,5,4096,8388608,4194304,11,cycle,post,481,4194304,1.00000000000000000,-0.000000000
4,5,4096,8388608,4194304,11,cycle,post,482,4194304,1.00000000000000000,-0.000000000
4,5,4096,8388608,4194304,11,cycle,post,483,4194304,1.00000000000000000,-0.000000000
4,5,4096,8388608,4194304,11,cycle,post,484,4194304,1.00000000000000000,-0.000000000
4,5,4096,8388608,4194304,11,cycle,post,485,4194304,1.00000000000000000,-0.000000000
4,5,4096,8388608,4194304,11,cycle,post,486,4194304,1.00000000000000000,-0.000000000
4,5,4096,8388608,4194304,11,cycle,post,487,4194304,1.00000000000000000,-0.000000000
4,5,4096,8388608,4194304,11,cycle,post,488,4194304,1.00000000000000000,-0.000000000
4,5,4096,8388608,4194304,11,cycle,post,489,4194304,1.00000000000000000,-0.000000000
4,5,4096,8388608,4194304,11,cycle,post,490,4194304,1.00000000000000000,-0.000000000
4,5,4096,8388608,4194304,11,cycle,post,491,4194304,1.00000000000000000,-0.000000000
4,5,4096,8388608,4194304,11,cycle,post,492,4194304,1.00000000000000000,-0.000000000
4,5,4096,8388608,4194304,11,cycle,post,493,4194304,1.00000000000000000,-0.000000000
4,5,4096,8388608,4194304,11,cycle,post,494,4194304,1.00000000000000000,-0.000000000
4,5,4096,8388608,4194304,11,cycle,post,495,4194304,1.00000000000000000,-0.000000000
4,5,4096,8388608,4194304,11,cycle,post,496,4194304,1.00000000000000000,-0.000000000
4,5,4096,8388608,4194304,11,cycle,post,497,4194304,1.00000000000000000,-0.000000000
4,5,4096,8388608,4194304,11,cycle,post,498,4194304,1.00000000000000000,-0.000000000
4,5,4096,8388608,4194304,11,cycle,post,499,4194304,1.00000000000000000,-0.000000000
4,5,4096,8388608,4194304,11,cycle,post,500,4194304,1.00000000000000000,-0.000000000
4,5,4096,8388608,4194304,11,cycle,post,501,4194304,1.00000000000000000,-0.000000000
4,5,4096,8388608,4194304,11,cycle,post,502,4194304,1.00000000000000000,-0.000000000
4,5,4096,8388608,4194304,11,cycle,post,503,4194304,1.00000000000000000,-0.000000000
4,5,4096,8388608,4194304,11,cycle,post,504,4194304,1.00000000000000000,-0.000000000
4,5,4096,8388608,4194304,11,cycle,post,505,4194304,1.00000000000000000,-0.000000000
4,5,4096,8388608,4194304,11,cycle,post,506,4194304,1.00000000000000000,-0.000000000
4,5,4096,8388608,4194304,11,cycle,post,507,4194304,1.00000000000000000,-0.000000000
4,5,4096,8388608,4194304,11,cycle,post,508,4194304,1.00000000000000000,-0.000000000
4,5,4096,8388608,4194304,11,cycle,post,509,4194304,1.00000000000000000,-0.000000000
4,5,4096,8388608,4194304,11,cycle,post,510,4194304,1.00000000000000000,-0.000000000
4,5,4096,8388608,4194304,11,cycle,post,511,4194304,1.00000000000000000,-0.000000000
4,5,4096,8388608,4194304,11,cycle,post,512,4194304,1.00000000000000000,-0.000000000
4,5,4096,8388608,4194304,11,cycle,post,513,4194304,1.00000000000000000,-0.000000000
4,5,4096,8388608,4194304,11,cycle,post,514,4194304,1.00000000000000000,-0.000000000
4,5,4096,8388608,4194304,11,cycle,post,515,4194304,1.00000000000000000,-0.000000000
4,5,4096,8388608,4194304,11,cycle,post,516,4194304,1.00000000000000000,-0.000000000
4,5,4096,8388608,4194304,11,cycle,post,517,4194304,1.00000000000000000,-0.000000000
4,5,4096,8388608,4194304,11,cycle,post,518,4194304,1.00000000000000000,-0.000000000
4,5,4096,8388608,4194304,11,cycle,post,519,4194304,1.00000000000000000,-0.000000000
4,5,4096,8388608,4194304,11,cycle,post,520,4194304,1.00000000000000000,-0.000000000
4,5,4096,8388608,4194304,11,cycle,post,521,4194304,1.00000000000000000,-0.000000000
4,5,4096,8388608,4194304,11,cycle,post,522,4194304,1.00000000000000000,-0.000000000
4,5,4096,8388608,4194304,11,cycle,post,523,4194304,1.00000000000000000,-0.000000000
4,5,4096,8388608,4194304,11,cycle,post,524,4194304,1.00000000000000000,-0.000000000
4,5,4096,8388608,4194304,11,cycle,post,525,4194304,1.00000000000000000,-0.000000000
4,5,4096,8388608,4194304,11,cycle,post,526,4194304,1.00000000000000000,-0.000000000
4,5,4096,8388608,4194304,11,cycle,post,527,4194304,1.00000000000000000,-0.000000000
4,5,4096,8388608,4194304,11,cycle,post,528,4194304,1.00000000000000000,-0.000000000
4,5,4096,8388608,4194304,11,cycle,post,529,4194304,1.00000000000000000,-0.000000000
4,5,4096,8388608,4194304,11,cycle,post,530,4194304,1.00000000000000000,-0.000000000
4,5,4096,8388608,4194304,11,cycle,post,531,4194304,1.00000000000000000,-0.000000000
4,5,4096,8388608,4194304,11,cycle,post,532,4194304,1.00000000000000000,-0.000000000
4,5,4096,8388608,4194304,11,cycle,post,533,4194304,1.00000000000000000,-0.000000000
4,5,4096,8388608,4194304,11,cycle,post,534,4194304,1.00000000000000000,-0.000000000
4,5,4096,8388608,4194304,11,cycle,post,535,4194304,1.00000000000000000,-0.000000000
4,5,4096,8388608,4194304,11,cycle,post,536,4194304,1.00000000000000000,-0.000000000
4,5,4096,8388608,4194304,11,cycle,post,537,4194304,1.00000000000000000,-0.000000000
4,5,4096,8388608,4194304,11,cycle,post,538,4194304,1.00000000000000000,-0.000000000
4,5,4096,8388608,4194304,11,cycle,post,539,4194304,1.00000000000000000,-0.000000000
4,5,4096,8388608,4194304,11,cycle,post,540,4194304,1.00000000000000000,-0.000000000
4,5,4096,8388608,4194304,11,cycle,post,541,4194304,1.00000000000000000,-0.000000000
4,5,4096,8388608,4194304,11,cycle,post,542,4194304,1.00000000000000000,-0.000000000
4,5,4096,8388608,4194304,11,cycle,post,543,4194304,1.00000000000000000,-0.000000000
4,5,4096,8388608,4194304,11,cycle,post,544,4194304,1.00000000000000000,-0.000000000
4,5,4096,8388608,4194304,11,cycle,post,545,4194304,1.00000000000000000,-0.000000000
4,5,4096,8388608,4194304,11,cycle,post,546,4194304,1.00000000000000000,-0.000000000
4,5,4096,8388608,4194304,11,cycle,post,547,4194304,1.00000000000000000,-0.000000000
4,5,4096,8388608,4194304,11,cycle,post,548,4194304,1.00000000000000000,-0.000000000
4,5,4096,8388608,4194304,11,cycle,post,549,4194304,1.00000000000000000,-0.000000000
4,5,4096,8388608,4194304,11,cycle,post,550,4194304,1.00000000000000000,-0.000000000
4,5,4096,8388608,4194304,11,cycle,post,551,4194304,1.00000000000000000,-0.000000000
4,5,4096,8388608,4194304,11,cycle,post,552,4194304,1.00000000000000000,-0.000000000
4,5,4096,8388608,4194304,11,cycle,post,553,4194304,1.00000000000000000,-0.000000000
4,5,4096,8388608,4194304,11,cycle,post,554,4194304,1.00000000000000000,-0.000000000
4,5,4096,8388608,4194304,11,cycle,post,555,4194304,1.00000000000000000,-0.000000000
4,5,4096,8388608,4194304,11,cycle,post,556,4194304,1.00000000000000000,-0.000000000
4,5,4096,8388608,4194304,11,cycle,post,557,4194304,1.00000000000000000,-0.000000000
4,5,4096,8388608,4194304,11,cycle,post,558,4194304,1.00000000000000000,-0.000000000
4,5,4096,8388608,4194304,11,cycle,post,559,4194304,1.00000000000000000,-0.000000000
4,5,4096,8388608,4194304,11,cycle,post,560,4194304,1.00000000000000000,-0.000000000
4,5,4096,8388608,4194304,11,cycle,post,561,4194304,1.00000000000000000,-0.000000000
4,5,4096,8388608,4194304,11,cycle,post,562,4194304,1.00000000000000000,-0.000000000
4,5,4096,8388608,4194304,11,cycle,post,563,4194304,1.00000000000000000,-0.000000000
4,5,4096,8388608,4194304,11,cycle,post,564,4194304,1.00000000000000000,-0.000000000
4,5,4096,8388608,4194304,11,cycle,post,565,4194304,1.00000000000000000,-0.000000000
4,5,4096,8388608,4194304,11,cycle,post,566,4194304,1.00000000000000000,-0.000000000
4,5,4096,8388608,4194304,11,cycle,post,567,4194304,1.00000000000000000,-0.000000000
4,5,4096,8388608,4194304,11,cycle,post,568,4194304,1.00000000000000000,-0.000000000
4,5,4096,8388608,4194304,11,cycle,post,569,4194304,1.00000000000000000,-0.000000000
4,5,4096,8388608,4194304,11,cycle,post,570,4194304,1.00000000000000000,-0.000000000
4,5,4096,8388608,4194304,11,cycle,post,571,4194304,1.00000000000000000,-0.000000000
4,5,4096,8388608,4194304,11,cycle,post,572,4194304,1.00000000000000000,-0.000000000
4,5,4096,8388608,4194304,11,cycle,post,573,4194304,1.00000000000000000,-0.000000000
4,5,4096,8388608,4194304,11,cycle,post,574,4194304,1.00000000000000000,-0.000000000
4,5,4096,8388608,4194304,11,cycle,post,575,4194304,1.00000000000000000,-0.000000000
4,5,4096,8388608,4194304,11,cycle,post,576,4194304,1.00000000000000000,-0.000000000
4,5,4096,8388608,4194304,11,cycle,post,577,4194304,1.00000000000000000,-0.000000000
4,5,4096,8388608,4194304,11,cycle,post,578,4194304,1.00000000000000000,-0.000000000
4,5,4096,8388608,4194304,11,cycle,post,579,4194304,1.00000000000000000,-0.000000000
4,5,4096,8388608,4194304,11,cycle,post,580,4194304,1.00000000000000000,-0.000000000
4,5,4096,8388608,4194304,11,cycle,post,581,4194304,1.00000000000000000,-0.000000000
4,5,4096,8388608,4194304,11,cycle,post,582,4194304,1.00000000000000000,-0.000000000
4,5,4096,8388608,4194304,11,cycle,post,583,4194304,1.00000000000000000,-0.000000000
4,5,4096,8388608,4194304,11,cycle,post,584,4194304,1.00000000000000000,-0.000000000
4,5,4096,8388608,4194304,11,cycle,post,585,4194304,1.00000000000000000,-0.000000000
4,5,4096,8388608,4194304,11,cycle,post,586,4194304,1.00000000000000000,-0.000000000
4,5,4096,8388608,4194304,11,cycle,post,587,4194304,1.00000000000000000,-0.000000000
4,5,4096,8388608,4194304,11,cycle,post,588,4194304,1.00000000000000000,-0.000000000
4,5,4096,8388608,4194304,11,cycle,post,589,4194304,1.00000000000000000,-0.000000000
4,5,4096,8388608,4194304,11,cycle,post,590,4194304,1.00000000000000000,-0.000000000
4,5,4096,8388608,4194304,11,cycle,post,591,4194304,1.00000000000000000,-0.000000000
4,5,4096,8388608,4194304,11,cycle,post,592,4194304,1.00000000000000000,-0.000000000
4,5,4096,8388608,4194304,11,cycle,post,593,4194304,1.00000000000000000,-0.000000000
4,5,4096,8388608,4194304,11,cycle,post,594,4194304,1.00000000000000000,-0.000000000
4,5,4096,8388608,4194304,11,cycle,post,595,4194304,1.00000000000000000,-0.000000000
4,5,4096,8388608,4194304,11,cycle,post,596,4194304,1.00000000000000000,-0.000000000
4,5,4096,8388608,4194304,11,cycle,post,597,4194304,1.00000000000000000,-0.000000000
4,5,4096,8388608,4194304,11,cycle,post,598,4194304,1.00000000000000000,-0.000000000
4,5,4096,8388608,4194304,11,cycle,post,599,4194304,1.00000000000000000,-0.000000000
4,5,4096,8388608,4194304,11,cycle,post,600,4194304,1.00000000000000000,-0.000000000
4,5,4096,8388608,4194304,11,cycle,post,601,4194304,1.00000000000000000,-0.000000000
4,5,4096,8388608,4194304,11,cycle,post,602,4194304,1.00000000000000000,-0.000000000
4,5,4096,8388608,4194304,11,cycle,post,603,4194304,1.00000000000000000,-0.000000000
4,5,4096,8388608,4194304,11,cycle,post,604,4194304,1.00000000000000000,-0.000000000
4,5,4096,8388608,4194304,11,cycle,post,605,4194304,1.00000000000000000,-0.000000000
4,5,4096,8388608,4194304,11,cycle,post,606,4194304,1.00000000000000000,-0.000000000
4,5,4096,8388608,4194304,11,cycle,post,607,4194304,1.00000000000000000,-0.000000000
4,5,4096,8388608,4194304,11,cycle,post,608,4194304,1.00000000000000000,-0.000000000
4,5,4096,8388608,4194304,11,cycle,post,609,4194304,1.00000000000000000,-0.000000000
4,5,4096,8388608,4194304,11,cycle,post,610,4194304,1.00000000000000000,-0.000000000
4,5,4096,8388608,4194304,11,cycle,post,611,4194304,1.00000000000000000,-0.000000000
4,5,4096,8388608,4194304,11,cycle,post,612,4194304,1.00000000000000000,-0.000000000
4,5,4096,8388608,4194304,11,cycle,post,613,4194304,1.00000000000000000,-0.000000000
4,5,4096,8388608,4194304,11,cycle,post,614,4194304,1.00000000000000000,-0.000000000
4,5,4096,8388608,4194304,11,cycle,post,615,4194304,1.00000000000000000,-0.000000000
4,5,4096,8388608,4194304,11,cycle,post,616,4194304,1.00000000000000000,-0.000000000
4,5,4096,8388608,4194304,11,cycle,post,617,4194304,1.00000000000000000,-0.000000000
4,5,4096,8388608,4194304,11,cycle,post,618,4194304,1.00000000000000000,-0.000000000
4,5,4096,8388608,4194304,11,cycle,post,619,4194304,1.00000000000000000,-0.000000000
4,5,4096,8388608,4194304,11,cycle,post,620,4194304,1.00000000000000000,-0.000000000
4,5,4096,8388608,4194304,11,cycle,post,621,4194304,1.00000000000000000,-0.000000000
4,5,4096,8388608,4194304,11,cycle,post,622,4194304,1.00000000000000000,-0.000000000
4,5,4096,8388608,4194304,11,cycle,post,623,4194304,1.00000000000000000,-0.000000000
4,5,4096,8388608,4194304,11,cycle,post,624,4194304,1.00000000000000000,-0.000000000
4,5,4096,8388608,4194304,11,cycle,post,625,4194304,1.00000000000000000,-0.000000000
4,5,4096,8388608,4194304,11,cycle,post,626,4194304,1.00000000000000000,-0.000000000
4,5,4096,8388608,4194304,11,cycle,post,627,4194304,1.00000000000000000,-0.000000000
4,5,4096,8388608,4194304,11,cycle,post,628,4194304,1.00000000000000000,-0.000000000
4,5,4096,8388608,4194304,11,cycle,post,629,4194304,1.00000000000000000,-0.000000000
4,5,4096,8388608,4194304,11,cycle,post,630,4194304,1.00000000000000000,-0.000000000
4,5,4096,8388608,4194304,11,cycle,post,631,4194304,1.00000000000000000,-0.000000000
4,5,4096,8388608,4194304,11,cycle,post,632,4194304,1.00000000000000000,-0.000000000
4,5,4096,8388608,4194304,11,cycle,post,633,4194304,1.00000000000000000,-0.000000000
4,5,4096,8388608,4194304,11,cycle,post,634,4194304,1.00000000000000000,-0.000000000
4,5,4096,8388608,4194304,11,cycle,post,635,4194304,1.00000000000000000,-0.000000000
4,5,4096,8388608,4194304,11,cycle,post,636,4194304,1.00000000000000000,-0.000000000
4,5,4096,8388608,4194304,11,cycle,post,637,4194304,1.00000000000000000,-0.000000000
4,5,4096,8388608,4194304,11,cycle,post,638,4194304,1.00000000000000000,-0.000000000
4,5,4096,8388608,4194304,11,cycle,post,639,4194304,1.00000000000000000,-0.000000000
4,5,4096,8388608,4194304,11,cycle,post,640,4194304,1.00000000000000000,-0.000000000
4,5,4096,8388608,4194304,11,cycle,post,641,4194304,1.00000000000000000,-0.000000000
4,5,4096,8388608,4194304,11,cycle,post,642,4194304,1.00000000000000000,-0.000000000
4,5,4096,8388608,4194304,11,cycle,post,643,4194304,1.00000000000000000,-0.000000000
4,5,4096,8388608,4194304,11,cycle,post,644,4194304,1.00000000000000000,-0.000000000
4,5,4096,8388608,4194304,11,cycle,post,645,4194304,1.00000000000000000,-0.000000000
4,5,4096,8388608,4194304,11,cycle,post,646,4194304,1.00000000000000000,-0.000000000
4,5,4096,8388608,4194304,11,cycle,post,647,4194304,1.00000000000000000,-0.000000000
4,5,4096,8388608,4194304,11,cycle,post,648,4194304,1.00000000000000000,-0.000000000
4,5,4096,8388608,4194304,11,cycle,post,649,4194304,1.00000000000000000,-0.000000000
4,5,4096,8388608,4194304,11,cycle,post,650,4194304,1.00000000000000000,-0.000000000
4,5,4096,8388608,4194304,11,cycle,post,651,4194304,1.00000000000000000,-0.000000000
4,5,4096,8388608,4194304,11,cycle,post,652,4194304,1.00000000000000000,-0.000000000
4,5,4096,8388608,4194304,11,cycle,post,653,4194304,1.00000000000000000,-0.000000000
4,5,4096,8388608,4194304,11,cycle,post,654,4194304,1.00000000000000000,-0.000000000
4,5,4096,8388608,4194304,11,cycle,post,655,4194304,1.00000000000000000,-0.000000000
4,5,4096,8388608,4194304,11,cycle,post,656,4194304,1.00000000000000000,-0.000000000
4,5,4096,8388608,4194304,11,cycle,post,657,4194304,1.00000000000000000,-0.000000000
4,5,4096,8388608,4194304,11,cycle,post,658,4194304,1.00000000000000000,-0.000000000
4,5,4096,8388608,4194304,11,cycle,post,659,4194304,1.00000000000000000,-0.000000000
4,5,4096,8388608,4194304,11,cycle,post,660,4194304,1.00000000000000000,-0.000000000
4,5,4096,8388608,4194304,11,cycle,post,661,4194304,1.00000000000000000,-0.000000000
4,5,4096,8388608,4194304,11,cycle,post,662,4194304,1.00000000000000000,-0.000000000
4,5,4096,8388608,4194304,11,cycle,post,663,4194304,1.00000000000000000,-0.000000000
4,5,4096,8388608,4194304,11,cycle,post,664,4194304,1.00000000000000000,-0.000000000
4,5,4096,8388608,4194304,11,cycle,post,665,4194304,1.00000000000000000,-0.000000000
4,5,4096,8388608,4194304,11,cycle,post,666,4194304,1.00000000000000000,-0.000000000
4,5,4096,8388608,4194304,11,cycle,post,667,4194304,1.00000000000000000,-0.000000000
4,5,4096,8388608,4194304,11,cycle,post,668,4194304,1.00000000000000000,-0.000000000
4,5,4096,8388608,4194304,11,cycle,post,669,4194304,1.00000000000000000,-0.000000000
4,5,4096,8388608,4194304,11,cycle,post,670,4194304,1.00000000000000000,-0.000000000
4,5,4096,8388608,4194304,11,cycle,post,671,4194304,1.00000000000000000,-0.000000000
4,5,4096,8388608,4194304,11,cycle,post,672,4194304,1.00000000000000000,-0.000000000
4,5,4096,8388608,4194304,11,cycle,post,673,4194304,1.00000000000000000,-0.000000000
4,5,4096,8388608,4194304,11,cycle,post,674,4194304,1.00000000000000000,-0.000000000
4,5,4096,8388608,4194304,11,cycle,post,675,4194304,1.00000000000000000,-0.000000000
4,5,4096,8388608,4194304,11,cycle,post,676,4194304,1.00000000000000000,-0.000000000
4,5,4096,8388608,4194304,11,cycle,post,677,4194304,1.00000000000000000,-0.000000000
4,5,4096,8388608,4194304,11,cycle,post,678,4194304,1.00000000000000000,-0.000000000
4,5,4096,8388608,4194304,11,cycle,post,679,4194304,1.00000000000000000,-0.000000000
4,5,4096,8388608,4194304,11,cycle,post,680,4194304,1.00000000000000000,-0.000000000
4,5,4096,8388608,4194304,11,cycle,post,681,4194304,1.00000000000000000,-0.000000000
4,5,4096,8388608,4194304,11,cycle,post,682,4194304,1.00000000000000000,-0.000000000
4,5,4096,8388608,4194304,11,cycle,post,683,4194304,1.00000000000000000,-0.000000000
4,5,4096,8388608,4194304,11,cycle,post,684,4194304,1.00000000000000000,-0.000000000
4,5,4096,8388608,4194304,11,cycle,post,685,4194304,1.00000000000000000,-0.000000000
4,5,4096,8388608,4194304,11,cycle,post,686,4194304,1.00000000000000000,-0.000000000
4,5,4096,8388608,4194304,11,cycle,post,687,4194304,1.00000000000000000,-0.000000000
4,5,4096,8388608,4194304,11,cycle,post,688,4194304,1.00000000000000000,-0.000000000
4,5,4096,8388608,4194304,11,cycle,post,689,4194304,1.00000000000000000,-0.000000000
4,5,4096,8388608,4194304,11,cycle,post,690,4194304,1.00000000000000000,-0.000000000
4,5,4096,8388608,4194304,11,cycle,post,691,4194304,1.00000000000000000,-0.000000000
4,5,4096,8388608,4194304,11,cycle,post,692,4194304,1.00000000000000000,-0.000000000
4,5,4096,8388608,4194304,11,cycle,post,693,4194304,1.00000000000000000,-0.000000000
4,5,4096,8388608,4194304,11,cycle,post,694,4194304,1.00000000000000000,-0.000000000
4,5,4096,8388608,4194304,11,cycle,post,695,4194304,1.00000000000000000,-0.000000000
4,5,4096,8388608,4194304,11,cycle,post,696,4194304,1.00000000000000000,-0.000000000
4,5,4096,8388608,4194304,11,cycle,post,697,4194304,1.00000000000000000,-0.000000000
4,5,4096,8388608,4194304,11,cycle,post,698,4194304,1.00000000000000000,-0.000000000
4,5,4096,8388608,4194304,11,cycle,post,699,4194304,1.00000000000000000,-0.000000000
4,5,4096,8388608,4194304,11,cycle,post,700,4194304,1.00000000000000000,-0.000000000
4,5,4096,8388608,4194304,11,cycle,post,701,4194304,1.00000000000000000,-0.000000000
4,5,4096,8388608,4194304,11,cycle,post,702,4194304,1.00000000000000000,-0.000000000
4,5,4096,8388608,4194304,11,cycle,post,703,4194304,1.00000000000000000,-0.000000000
4,5,4096,8388608,4194304,11,cycle,post,704,4194304,1.00000000000000000,-0.000000000
4,5,4096,8388608,4194304,11,cycle,post,705,4194304,1.00000000000000000,-0.000000000
4,5,4096,8388608,4194304,11,cycle,post,706,4194304,1.00000000000000000,-0.000000000
4,5,4096,8388608,4194304,11,cycle,post,707,4194304,1.00000000000000000,-0.000000000
4,5,4096,8388608,4194304,11,cycle,post,708,4194304,1.00000000000000000,-0.000000000
4,5,4096,8388608,4194304,11,cycle,post,709,4194304,1.00000000000000000,-0.000000000
4,5,4096,8388608,4194304,11,cycle,post,710,4194304,1.00000000000000000,-0.000000000
4,5,4096,8388608,4194304,11,cycle,post,711,4194304,1.00000000000000000,-0.000000000
4,5,4096,8388608,4194304,11,cycle,post,712,4194304,1.00000000000000000,-0.000000000
4,5,4096,8388608,4194304,11,cycle,post,713,4194304,1.00000000000000000,-0.000000000
4,5,4096,8388608,4194304,11,cycle,post,714,4194304,1.00000000000000000,-0.000000000
4,5,4096,8388608,4194304,11,cycle,post,715,4194304,1.00000000000000000,-0.000000000
4,5,4096,8388608,4194304,11,cycle,post,716,4194304,1.00000000000000000,-0.000000000
4,5,4096,8388608,4194304,11,cycle,post,717,4194304,1.00000000000000000,-0.000000000
4,5,4096,8388608,4194304,11,cycle,post,718,4194304,1.00000000000000000,-0.000000000
4,5,4096,8388608,4194304,11,cycle,post,719,4194304,1.00000000000000000,-0.000000000
4,5,4096,8388608,4194304,11,cycle,post,720,4194304,1.00000000000000000,-0.000000000
4,5,4096,8388608,4194304,11,cycle,post,721,4194304,1.00000000000000000,-0.000000000
4,5,4096,8388608,4194304,11,cycle,post,722,4194304,1.00000000000000000,-0.000000000
4,5,4096,8388608,4194304,11,cycle,post,723,4194304,1.00000000000000000,-0.000000000
4,5,4096,8388608,4194304,11,cycle,post,724,4194304,1.00000000000000000,-0.000000000
4,5,4096,8388608,4194304,11,cycle,post,725,4194304,1.00000000000000000,-0.000000000
4,5,4096,8388608,4194304,11,cycle,post,726,4194304,1.00000000000000000,-0.000000000
4,5,4096,8388608,4194304,11,cycle,post,727,4194304,1.00000000000000000,-0.000000000
4,5,4096,8388608,4194304,11,cycle,post,728,4194304,1.00000000000000000,-0.000000000
4,5,4096,8388608,4194304,11,cycle,post,729,4194304,1.00000000000000000,-0.000000000
4,5,4096,8388608,4194304,11,cycle,post,730,4194304,1.00000000000000000,-0.000000000
4,5,4096,8388608,4194304,11,cycle,post,731,4194304,1.00000000000000000,-0.000000000
4,5,4096,8388608,4194304,11,cycle,post,732,4194304,1.00000000000000000,-0.000000000
4,5,4096,8388608,4194304,11,cycle,post,733,4194304,1.00000000000000000,-0.000000000
4,5,4096,8388608,4194304,11,cycle,post,734,4194304,1.00000000000000000,-0.000000000
4,5,4096,8388608,4194304,11,cycle,post,735,4194304,1.00000000000000000,-0.000000000
4,5,4096,8388608,4194304,11,cycle,post,736,4194304,1.00000000000000000,-0.000000000
4,5,4096,8388608,4194304,11,cycle,post,737,4194304,1.00000000000000000,-0.000000000
4,5,4096,8388608,4194304,11,cycle,post,738,4194304,1.00000000000000000,-0.000000000
4,5,4096,8388608,4194304,11,cycle,post,739,4194304,1.00000000000000000,-0.000000000
4,5,4096,8388608,4194304,11,cycle,post,740,4194304,1.00000000000000000,-0.000000000
4,5,4096,8388608,4194304,11,cycle,post,741,4194304,1.00000000000000000,-0.000000000
4,5,4096,8388608,4194304,11,cycle,post,742,4194304,1.00000000000000000,-0.000000000
4,5,4096,8388608,4194304,11,cycle,post,743,4194304,1.00000000000000000,-0.000000000
4,5,4096,8388608,4194304,11,cycle,post,744,4194304,1.00000000000000000,-0.000000000
4,5,4096,8388608,4194304,11,cycle,post,745,4194304,1.00000000000000000,-0.000000000
4,5,4096,8388608,4194304,11,cycle,post,746,4194304,1.00000000000000000,-0.000000000
4,5,4096,8388608,4194304,11,cycle,post,747,4194304,1.00000000000000000,-0.000000000
4,5,4096,8388608,4194304,11,cycle,post,748,4194304,1.00000000000000000,-0.000000000
4,5,4096,8388608,4194304,11,cycle,post,749,4194304,1.00000000000000000,-0.000000000
4,5,4096,8388608,4194304,11,cycle,post,750,4194304,1.00000000000000000,-0.000000000
4,5,4096,8388608,4194304,11,cycle,post,751,4194304,1.00000000000000000,-0.000000000
4,5,4096,8388608,4194304,11,cycle,post,752,4194304,1.00000000000000000,-0.000000000
4,5,4096,8388608,4194304,11,cycle,post,753,4194304,1.00000000000000000,-0.000000000
4,5,4096,8388608,4194304,11,cycle,post,754,4194304,1.00000000000000000,-0.000000000
4,5,4096,8388608,4194304,11,cycle,post,755,4194304,1.00000000000000000,-0.000000000
4,5,4096,8388608,4194304,11,cycle,post,756,4194304,1.00000000000000000,-0.000000000
4,5,4096,8388608,4194304,11,cycle,post,757,4194304,1.00000000000000000,-0.000000000
4,5,4096,8388608,4194304,11,cycle,post,758,4194304,1.00000000000000000,-0.000000000
4,5,4096,8388608,4194304,11,cycle,post,759,4194304,1.00000000000000000,-0.000000000
4,5,4096,8388608,4194304,11,cycle,post,760,4194304,1.00000000000000000,-0.000000000
4,5,4096,8388608,4194304,11,cycle,post,761,4194304,1.00000000000000000,-0.000000000
4,5,4096,8388608,4194304,11,cycle,post,762,4194304,1.00000000000000000,-0.000000000
4,5,4096,8388608,4194304,11,cycle,post,763,4194304,1.00000000000000000,-0.000000000
4,5,4096,8388608,4194304,11,cycle,post,764,4194304,1.00000000000000000,-0.000000000
4,5,4096,8388608,4194304,11,cycle,post,765,4194304,1.00000000000000000,-0.000000000
4,5,4096,8388608,4194304,11,cycle,post,766,4194304,1.00000000000000000,-0.000000000
4,5,4096,8388608,4194304,11,cycle,post,767,4194304,1.00000000000000000,-0.000000000
4,5,4096,8388608,4194304,11,cycle,post,768,4194304,1.00000000000000000,-0.000000000
4,5,4096,8388608,4194304,11,cycle,post,769,4194304,1.00000000000000000,-0.000000000
4,5,4096,8388608,4194304,11,cycle,post,770,4194304,1.00000000000000000,-0.000000000
4,5,4096,8388608,4194304,11,cycle,post,771,4194304,1.00000000000000000,-0.000000000
4,5,4096,8388608,4194304,11,cycle,post,772,4194304,1.00000000000000000,-0.000000000
4,5,4096,8388608,4194304,11,cycle,post,773,4194304,1.00000000000000000,-0.000000000
4,5,4096,8388608,4194304,11,cycle,post,774,4194304,1.00000000000000000,-0.000000000
4,5,4096,8388608,4194304,11,cycle,post,775,4194304,1.00000000000000000,-0.000000000
4,5,4096,8388608,4194304,11,cycle,post,776,4194304,1.00000000000000000,-0.000000000
4,5,4096,8388608,4194304,11,cycle,post,777,4194304,1.00000000000000000,-0.000000000
4,5,4096,8388608,4194304,11,cycle,post,778,4194304,1.00000000000000000,-0.000000000
4,5,4096,8388608,4194304,11,cycle,post,779,4194304,1.00000000000000000,-0.000000000
4,5,4096,8388608,4194304,11,cycle,post,780,4194304,1.00000000000000000,-0.000000000
4,5,4096,8388608,4194304,11,cycle,post,781,4194304,1.00000000000000000,-0.000000000
4,5,4096,8388608,4194304,11,cycle,post,782,4194304,1.00000000000000000,-0.000000000
4,5,4096,8388608,4194304,11,cycle,post,783,4194304,1.00000000000000000,-0.000000000
4,5,4096,8388608,4194304,11,cycle,post,784,4194304,1.00000000000000000,-0.000000000
4,5,4096,8388608,4194304,11,cycle,post,785,4194304,1.00000000000000000,-0.000000000
4,5,4096,8388608,4194304,11,cycle,post,786,4194304,1.00000000000000000,-0.000000000
4,5,4096,8388608,4194304,11,cycle,post,787,4194304,1.00000000000000000,-0.000000000
4,5,4096,8388608,4194304,11,cycle,post,788,4194304,1.00000000000000000,-0.000000000
4,5,4096,8388608,4194304,11,cycle,post,789,4194304,1.00000000000000000,-0.000000000
4,5,4096,8388608,4194304,11,cycle,post,790,4194304,1.00000000000000000,-0.000000000
4,5,4096,8388608,4194304,11,cycle,post,791,4194304,1.00000000000000000,-0.000000000
4,5,4096,8388608,4194304,11,cycle,post,792,4194304,1.00000000000000000,-0.000000000
4,5,4096,8388608,4194304,11,cycle,post,793,4194304,1.00000000000000000,-0.000000000
4,5,4096,8388608,4194304,11,cycle,post,794,4194304,1.00000000000000000,-0.000000000
4,5,4096,8388608,4194304,11,cycle,post,795,4194304,1.00000000000000000,-0.000000000
4,5,4096,8388608,4194304,11,cycle,post,796,4194304,1.00000000000000000,-0.000000000
4,5,4096,8388608,4194304,11,cycle,post,797,4194304,1.00000000000000000,-0.000000000
4,5,4096,8388608,4194304,11,cycle,post,798,4194304,1.00000000000000000,-0.000000000
4,5,4096,8388608,4194304,11,cycle,post,799,4194304,1.00000000000000000,-0.000000000
4,5,4096,8388608,4194304,11,cycle,post,800,4194304,1.00000000000000000,-0.000000000
4,5,4096,8388608,4194304,11,cycle,post,801,4194304,1.00000000000000000,-0.000000000
4,5,4096,8388608,4194304,11,cycle,post,802,4194304,1.00000000000000000,-0.000000000
4,5,4096,8388608,4194304,11,cycle,post,803,4194304,1.00000000000000000,-0.000000000
4,5,4096,8388608,4194304,11,cycle,post,804,4194304,1.00000000000000000,-0.000000000
4,5,4096,8388608,4194304,11,cycle,post,805,4194304,1.00000000000000000,-0.000000000
4,5,4096,8388608,4194304,11,cycle,post,806,4194304,1.00000000000000000,-0.000000000
4,5,4096,8388608,4194304,11,cycle,post,807,4194304,1.00000000000000000,-0.000000000
4,5,4096,8388608,4194304,11,cycle,post,808,4194304,1.00000000000000000,-0.000000000
4,5,4096,8388608,4194304,11,cycle,post,809,4194304,1.00000000000000000,-0.000000000
4,5,4096,8388608,4194304,11,cycle,post,810,4194304,1.00000000000000000,-0.000000000
4,5,4096,8388608,4194304,11,cycle,post,811,4194304,1.00000000000000000,-0.000000000
4,5,4096,8388608,4194304,11,cycle,post,812,4194304,1.00000000000000000,-0.000000000
4,5,4096,8388608,4194304,11,cycle,post,813,4194304,1.00000000000000000,-0.000000000
4,5,4096,8388608,4194304,11,cycle,post,814,4194304,1.00000000000000000,-0.000000000
4,5,4096,8388608,4194304,11,cycle,post,815,4194304,1.00000000000000000,-0.000000000
4,5,4096,8388608,4194304,11,cycle,post,816,4194304,1.00000000000000000,-0.000000000
4,5,4096,8388608,4194304,11,cycle,post,817,4194304,1.00000000000000000,-0.000000000
4,5,4096,8388608,4194304,11,cycle,post,818,4194304,1.00000000000000000,-0.000000000
4,5,4096,8388608,4194304,11,cycle,post,819,4194304,1.00000000000000000,-0.000000000
4,5,4096,8388608,4194304,11,cycle,post,820,4194304,1.00000000000000000,-0.000000000
4,5,4096,8388608,4194304,11,cycle,post,821,4194304,1.00000000000000000,-0.000000000
4,5,4096,8388608,4194304,11,cycle,post,822,4194304,1.00000000000000000,-0.000000000
4,5,4096,8388608,4194304,11,cycle,post,823,4194304,1.00000000000000000,-0.000000000
4,5,4096,8388608,4194304,11,cycle,post,824,4194304,1.00000000000000000,-0.000000000
4,5,4096,8388608,4194304,11,cycle,post,825,4194304,1.00000000000000000,-0.000000000
4,5,4096,8388608,4194304,11,cycle,post,826,4194304,1.00000000000000000,-0.000000000
4,5,4096,8388608,4194304,11,cycle,post,827,4194304,1.00000000000000000,-0.000000000
4,5,4096,8388608,4194304,11,cycle,post,828,4194304,1.00000000000000000,-0.000000000
4,5,4096,8388608,4194304,11,cycle,post,829,4194304,1.00000000000000000,-0.000000000
4,5,4096,8388608,4194304,11,cycle,post,830,4194304,1.00000000000000000,-0.000000000
4,5,4096,8388608,4194304,11,cycle,post,831,4194304,1.00000000000000000,-0.000000000
4,5,4096,8388608,4194304,11,cycle,post,832,4194304,1.00000000000000000,-0.000000000
4,5,4096,8388608,4194304,11,cycle,post,833,4194304,1.00000000000000000,-0.000000000
4,5,4096,8388608,4194304,11,cycle,post,834,4194304,1.00000000000000000,-0.000000000
4,5,4096,8388608,4194304,11,cycle,post,835,4194304,1.00000000000000000,-0.000000000
4,5,4096,8388608,4194304,11,cycle,post,836,4194304,1.00000000000000000,-0.000000000
4,5,4096,8388608,4194304,11,cycle,post,837,4194304,1.00000000000000000,-0.000000000
4,5,4096,8388608,4194304,11,cycle,post,838,4194304,1.00000000000000000,-0.000000000
4,5,4096,8388608,4194304,11,cycle,post,839,4194304,1.00000000000000000,-0.000000000
4,5,4096,8388608,4194304,11,cycle,post,840,4194304,1.00000000000000000,-0.000000000
4,5,4096,8388608,4194304,11,cycle,post,841,4194304,1.00000000000000000,-0.000000000
4,5,4096,8388608,4194304,11,cycle,post,842,4194304,1.00000000000000000,-0.000000000
4,5,4096,8388608,4194304,11,cycle,post,843,4194304,1.00000000000000000,-0.000000000
4,5,4096,8388608,4194304,11,cycle,post,844,4194304,1.00000000000000000,-0.000000000
4,5,4096,8388608,4194304,11,cycle,post,845,4194304,1.00000000000000000,-0.000000000
4,5,4096,8388608,4194304,11,cycle,post,846,4194304,1.00000000000000000,-0.000000000
4,5,4096,8388608,4194304,11,cycle,post,847,4194304,1.00000000000000000,-0.000000000
4,5,4096,8388608,4194304,11,cycle,post,848,4194304,1.00000000000000000,-0.000000000
4,5,4096,8388608,4194304,11,cycle,post,849,4194304,1.00000000000000000,-0.000000000
4,5,4096,8388608,4194304,11,cycle,post,850,4194304,1.00000000000000000,-0.000000000
4,5,4096,8388608,4194304,11,cycle,post,851,4194304,1.00000000000000000,-0.000000000
4,5,4096,8388608,4194304,11,cycle,post,852,4194304,1.00000000000000000,-0.000000000
4,5,4096,8388608,4194304,11,cycle,post,853,4194304,1.00000000000000000,-0.000000000
4,5,4096,8388608,4194304,11,cycle,post,854,4194304,1.00000000000000000,-0.000000000
4,5,4096,8388608,4194304,11,cycle,post,855,4194304,1.00000000000000000,-0.000000000
4,5,4096,8388608,4194304,11,cycle,post,856,4194304,1.00000000000000000,-0.000000000
4,5,4096,8388608,4194304,11,cycle,post,857,4194304,1.00000000000000000,-0.000000000
4,5,4096,8388608,4194304,11,cycle,post,858,4194304,1.00000000000000000,-0.000000000
4,5,4096,8388608,4194304,11,cycle,post,859,4194304,1.00000000000000000,-0.000000000
4,5,4096,8388608,4194304,11,cycle,post,860,4194304,1.00000000000000000,-0.000000000
4,5,4096,8388608,4194304,11,cycle,post,861,4194304,1.00000000000000000,-0.000000000
4,5,4096,8388608,4194304,11,cycle,post,862,4194304,1.00000000000000000,-0.000000000
4,5,4096,8388608,4194304,11,cycle,post,863,4194304,1.00000000000000000,-0.000000000
4,5,4096,8388608,4194304,11,cycle,post,864,4194304,1.00000000000000000,-0.000000000
4,5,4096,8388608,4194304,11,cycle,post,865,4194304,1.00000000000000000,-0.000000000
4,5,4096,8388608,4194304,11,cycle,post,866,4194304,1.00000000000000000,-0.000000000
4,5,4096,8388608,4194304,11,cycle,post,867,4194304,1.00000000000000000,-0.000000000
4,5,4096,8388608,4194304,11,cycle,post,868,4194304,1.00000000000000000,-0.000000000
4,5,4096,8388608,4194304,11,cycle,post,869,4194304,1.00000000000000000,-0.000000000
4,5,4096,8388608,4194304,11,cycle,post,870,4194304,1.00000000000000000,-0.000000000
4,5,4096,8388608,4194304,11,cycle,post,871,4194304,1.00000000000000000,-0.000000000
4,5,4096,8388608,4194304,11,cycle,post,872,4194304,1.00000000000000000,-0.000000000
4,5,4096,8388608,4194304,11,cycle,post,873,4194304,1.00000000000000000,-0.000000000
4,5,4096,8388608,4194304,11,cycle,post,874,4194304,1.00000000000000000,-0.000000000
4,5,4096,8388608,4194304,11,cycle,post,875,4194304,1.00000000000000000,-0.000000000
4,5,4096,8388608,4194304,11,cycle,post,876,4194304,1.00000000000000000,-0.000000000
4,5,4096,8388608,4194304,11,cycle,post,877,4194304,1.00000000000000000,-0.000000000
4,5,4096,8388608,4194304,11,cycle,post,878,4194304,1.00000000000000000,-0.000000000
4,5,4096,8388608,4194304,11,cycle,post,879,4194304,1.00000000000000000,-0.000000000
4,5,4096,8388608,4194304,11,cycle,post,880,4194304,1.00000000000000000,-0.000000000
4,5,4096,8388608,4194304,11,cycle,post,881,4194304,1.00000000000000000,-0.000000000
4,5,4096,8388608,4194304,11,cycle,post,882,4194304,1.00000000000000000,-0.000000000
4,5,4096,8388608,4194304,11,cycle,post,883,4194304,1.00000000000000000,-0.000000000
4,5,4096,8388608,4194304,11,cycle,post,884,4194304,1.00000000000000000,-0.000000000
4,5,4096,8388608,4194304,11,cycle,post,885,4194304,1.00000000000000000,-0.000000000
4,5,4096,8388608,4194304,11,cycle,post,886,4194304,1.00000000000000000,-0.000000000
4,5,4096,8388608,4194304,11,cycle,post,887,4194304,1.00000000000000000,-0.000000000
4,5,4096,8388608,4194304,11,cycle,post,888,4194304,1.00000000000000000,-0.000000000
4,5,4096,8388608,4194304,11,cycle,post,889,4194304,1.00000000000000000,-0.000000000
4,5,4096,8388608,4194304,11,cycle,post,890,4194304,1.00000000000000000,-0.000000000
4,5,4096,8388608,4194304,11,cycle,post,891,4194304,1.00000000000000000,-0.000000000
4,5,4096,8388608,4194304,11,cycle,post,892,4194304,1.00000000000000000,-0.000000000
4,5,4096,8388608,4194304,11,cycle,post,893,4194304,1.00000000000000000,-0.000000000
4,5,4096,8388608,4194304,11,cycle,post,894,4194304,1.00000000000000000,-0.000000000
4,5,4096,8388608,4194304,11,cycle,post,895,4194304,1.00000000000000000,-0.000000000
4,5,4096,8388608,4194304,11,cycle,post,896,4194304,1.00000000000000000,-0.000000000
4,5,4096,8388608,4194304,11,cycle,post,897,4194304,1.00000000000000000,-0.000000000
4,5,4096,8388608,4194304,11,cycle,post,898,4194304,1.00000000000000000,-0.000000000
4,5,4096,8388608,4194304,11,cycle,post,899,4194304,1.00000000000000000,-0.000000000
4,5,4096,8388608,4194304,11,cycle,post,900,4194304,1.00000000000000000,-0.000000000
4,5,4096,8388608,4194304,11,cycle,post,901,4194304,1.00000000000000000,-0.000000000
4,5,4096,8388608,4194304,11,cycle,post,902,4194304,1.00000000000000000,-0.000000000
4,5,4096,8388608,4194304,11,cycle,post,903,4194304,1.00000000000000000,-0.000000000
4,5,4096,8388608,4194304,11,cycle,post,904,4194304,1.00000000000000000,-0.000000000
4,5,4096,8388608,4194304,11,cycle,post,905,4194304,1.00000000000000000,-0.000000000
4,5,4096,8388608,4194304,11,cycle,post,906,4194304,1.00000000000000000,-0.000000000
4,5,4096,8388608,4194304,11,cycle,post,907,4194304,1.00000000000000000,-0.000000000
4,5,4096,8388608,4194304,11,cycle,post,908,4194304,1.00000000000000000,-0.000000000
4,5,4096,8388608,4194304,11,cycle,post,909,4194304,1.00000000000000000,-0.000000000
4,5,4096,8388608,4194304,11,cycle,post,910,4194304,1.00000000000000000,-0.000000000
4,5,4096,8388608,4194304,11,cycle,post,911,4194304,1.00000000000000000,-0.000000000
4,5,4096,8388608,4194304,11,cycle,post,912,4194304,1.00000000000000000,-0.000000000
4,5,4096,8388608,4194304,11,cycle,post,913,4194304,1.00000000000000000,-0.000000000
4,5,4096,8388608,4194304,11,cycle,post,914,4194304,1.00000000000000000,-0.000000000
4,5,4096,8388608,4194304,11,cycle,post,915,4194304,1.00000000000000000,-0.000000000
4,5,4096,8388608,4194304,11,cycle,post,916,4194304,1.00000000000000000,-0.000000000
4,5,4096,8388608,4194304,11,cycle,post,917,4194304,1.00000000000000000,-0.000000000
4,5,4096,8388608,4194304,11,cycle,post,918,4194304,1.00000000000000000,-0.000000000
4,5,4096,8388608,4194304,11,cycle,post,919,4194304,1.00000000000000000,-0.000000000
4,5,4096,8388608,4194304,11,cycle,post,920,4194304,1.00000000000000000,-0.000000000
4,5,4096,8388608,4194304,11,cycle,post,921,4194304,1.00000000000000000,-0.000000000
4,5,4096,8388608,4194304,11,cycle,post,922,4194304,1.00000000000000000,-0.000000000
4,5,4096,8388608,4194304,11,cycle,post,923,4194304,1.00000000000000000,-0.000000000
4,5,4096,8388608,4194304,11,cycle,post,924,4194304,1.00000000000000000,-0.000000000
4,5,4096,8388608,4194304,11,cycle,post,925,4194304,1.00000000000000000,-0.000000000
4,5,4096,8388608,4194304,11,cycle,post,926,4194304,1.00000000000000000,-0.000000000
4,5,4096,8388608,4194304,11,cycle,post,927,4194304,1.00000000000000000,-0.000000000
4,5,4096,8388608,4194304,11,cycle,post,928,4194304,1.00000000000000000,-0.000000000
4,5,4096,8388608,4194304,11,cycle,post,929,4194304,1.00000000000000000,-0.000000000
4,5,4096,8388608,4194304,11,cycle,post,930,4194304,1.00000000000000000,-0.000000000
4,5,4096,8388608,4194304,11,cycle,post,931,4194304,1.00000000000000000,-0.000000000
4,5,4096,8388608,4194304,11,cycle,post,932,4194304,1.00000000000000000,-0.000000000
4,5,4096,8388608,4194304,11,cycle,post,933,4194304,1.00000000000000000,-0.000000000
4,5,4096,8388608,4194304,11,cycle,post,934,4194304,1.00000000000000000,-0.000000000
4,5,4096,8388608,4194304,11,cycle,post,935,4194304,1.00000000000000000,-0.000000000
4,5,4096,8388608,4194304,11,cycle,post,936,4194304,1.00000000000000000,-0.000000000
4,5,4096,8388608,4194304,11,cycle,post,937,4194304,1.00000000000000000,-0.000000000
4,5,4096,8388608,4194304,11,cycle,post,938,4194304,1.00000000000000000,-0.000000000
4,5,4096,8388608,4194304,11,cycle,post,939,4194304,1.00000000000000000,-0.000000000
4,5,4096,8388608,4194304,11,cycle,post,940,4194304,1.00000000000000000,-0.000000000
4,5,4096,8388608,4194304,11,cycle,post,941,4194304,1.00000000000000000,-0.000000000
4,5,4096,8388608,4194304,11,cycle,post,942,4194304,1.00000000000000000,-0.000000000
4,5,4096,8388608,4194304,11,cycle,post,943,4194304,1.00000000000000000,-0.000000000
4,5,4096,8388608,4194304,11,cycle,post,944,4194304,1.00000000000000000,-0.000000000
4,5,4096,8388608,4194304,11,cycle,post,945,4194304,1.00000000000000000,-0.000000000
4,5,4096,8388608,4194304,11,cycle,post,946,4194304,1.00000000000000000,-0.000000000
4,5,4096,8388608,4194304,11,cycle,post,947,4194304,1.00000000000000000,-0.000000000
4,5,4096,8388608,4194304,11,cycle,post,948,4194304,1.00000000000000000,-0.000000000
4,5,4096,8388608,4194304,11,cycle,post,949,4194304,1.00000000000000000,-0.000000000
4,5,4096,8388608,4194304,11,cycle,post,950,4194304,1.00000000000000000,-0.000000000
4,5,4096,8388608,4194304,11,cycle,post,951,4194304,1.00000000000000000,-0.000000000
4,5,4096,8388608,4194304,11,cycle,post,952,4194304,1.00000000000000000,-0.000000000
4,5,4096,8388608,4194304,11,cycle,post,953,4194304,1.00000000000000000,-0.000000000
4,5,4096,8388608,4194304,11,cycle,post,954,4194304,1.00000000000000000,-0.000000000
4,5,4096,8388608,4194304,11,cycle,post,955,4194304,1.00000000000000000,-0.000000000
4,5,4096,8388608,4194304,11,cycle,post,956,4194304,1.00000000000000000,-0.000000000
4,5,4096,8388608,4194304,11,cycle,post,957,4194304,1.00000000000000000,-0.000000000
4,5,4096,8388608,4194304,11,cycle,post,958,4194304,1.00000000000000000,-0.000000000
4,5,4096,8388608,4194304,11,cycle,post,959,4194304,1.00000000000000000,-0.000000000
4,5,4096,8388608,4194304,11,cycle,post,960,4194304,1.00000000000000000,-0.000000000
4,5,4096,8388608,4194304,11,cycle,post,961,4194304,1.00000000000000000,-0.000000000
4,5,4096,8388608,4194304,11,cycle,post,962,4194304,1.00000000000000000,-0.000000000
4,5,4096,8388608,4194304,11,cycle,post,963,4194304,1.00000000000000000,-0.000000000
4,5,4096,8388608,4194304,11,cycle,post,964,4194304,1.00000000000000000,-0.000000000
4,5,4096,8388608,4194304,11,cycle,post,965,4194304,1.00000000000000000,-0.000000000
4,5,4096,8388608,4194304,11,cycle,post,966,4194304,1.00000000000000000,-0.000000000
4,5,4096,8388608,4194304,11,cycle,post,967,4194304,1.00000000000000000,-0.000000000
4,5,4096,8388608,4194304,11,cycle,post,968,4194304,1.00000000000000000,-0.000000000
4,5,4096,8388608,4194304,11,cycle,post,969,4194304,1.00000000000000000,-0.000000000
4,5,4096,8388608,4194304,11,cycle,post,970,4194304,1.00000000000000000,-0.000000000
4,5,4096,8388608,4194304,11,cycle,post,971,4194304,1.00000000000000000,-0.000000000
4,5,4096,8388608,4194304,11,cycle,post,972,4194304,1.00000000000000000,-0.000000000
4,5,4096,8388608,4194304,11,cycle,post,973,4194304,1.00000000000000000,-0.000000000
4,5,4096,8388608,4194304,11,cycle,post,974,4194304,1.00000000000000000,-0.000000000
4,5,4096,8388608,4194304,11,cycle,post,975,4194304,1.00000000000000000,-0.000000000
4,5,4096,8388608,4194304,11,cycle,post,976,4194304,1.00000000000000000,-0.000000000
4,5,4096,8388608,4194304,11,cycle,post,977,4194304,1.00000000000000000,-0.000000000
4,5,4096,8388608,4194304,11,cycle,post,978,4194304,1.00000000000000000,-0.000000000
4,5,4096,8388608,4194304,11,cycle,post,979,4194304,1.00000000000000000,-0.000000000
4,5,4096,8388608,4194304,11,cycle,post,980,4194304,1.00000000000000000,-0.000000000
4,5,4096,8388608,4194304,11,cycle,post,981,4194304,1.00000000000000000,-0.000000000
4,5,4096,8388608,4194304,11,cycle,post,982,4194304,1.00000000000000000,-0.000000000
4,5,4096,8388608,4194304,11,cycle,post,983,4194304,1.00000000000000000,-0.000000000
4,5,4096,8388608,4194304,11,cycle,post,984,4194304,1.00000000000000000,-0.000000000
4,5,4096,8388608,4194304,11,cycle,post,985,4194304,1.00000000000000000,-0.000000000
4,5,4096,8388608,4194304,11,cycle,post,986,4194304,1.00000000000000000,-0.000000000
4,5,4096,8388608,4194304,11,cycle,post,987,4194304,1.00000000000000000,-0.000000000
4,5,4096,8388608,4194304,11,cycle,post,988,4194304,1.00000000000000000,-0.000000000
4,5,4096,8388608,4194304,11,cycle,post,989,4194304,1.00000000000000000,-0.000000000
4,5,4096,8388608,4194304,11,cycle,post,990,4194304,1.00000000000000000,-0.000000000
4,5,4096,8388608,4194304,11,cycle,post,991,4194304,1.00000000000000000,-0.000000000
4,5,4096,8388608,4194304,11,cycle,post,992,4194304,1.00000000000000000,-0.000000000
4,5,4096,8388608,4194304,11,cycle,post,993,4194304,1.00000000000000000,-0.000000000
4,5,4096,8388608,4194304,11,cycle,post,994,4194304,1.00000000000000000,-0.000000000
4,5,4096,8388608,4194304,11,cycle,post,995,4194304,1.00000000000000000,-0.000000000
4,5,4096,8388608,4194304,11,cycle,post,996,4194304,1.00000000000000000,-0.000000000
4,5,4096,8388608,4194304,11,cycle,post,997,4194304,1.00000000000000000,-0.000000000
4,5,4096,8388608,4194304,11,cycle,post,998,4194304,1.00000000000000000,-0.000000000
4,5,4096,8388608,4194304,11,cycle,post,999,4194304,1.00000000000000000,-0.000000000
4,5,4096,8388608,4194304,11,cycle,post,1000,4194304,1.00000000000000000,-0.000000000
4,5,4096,8388608,4194304,11,cycle,post,1001,4194304,1.00000000000000000,-0.000000000
4,5,4096,8388608,4194304,11,cycle,post,1002,4194304,1.00000000000000000,-0.000000000
4,5,4096,8388608,4194304,11,cycle,post,1003,4194304,1.00000000000000000,-0.000000000
4,5,4096,8388608,4194304,11,cycle,post,1004,4194304,1.00000000000000000,-0.000000000
4,5,4096,8388608,4194304,11,cycle,post,1005,4194304,1.00000000000000000,-0.000000000
4,5,4096,8388608,4194304,11,cycle,post,1006,4194304,1.00000000000000000,-0.000000000
4,5,4096,8388608,4194304,11,cycle,post,1007,4194304,1.00000000000000000,-0.000000000
4,5,4096,8388608,4194304,11,cycle,post,1008,4194304,1.00000000000000000,-0.000000000
4,5,4096,8388608,4194304,11,cycle,post,1009,4194304,1.00000000000000000,-0.000000000
4,5,4096,8388608,4194304,11,cycle,post,1010,4194304,1.00000000000000000,-0.000000000
4,5,4096,8388608,4194304,11,cycle,post,1011,4194304,1.00000000000000000,-0.000000000
4,5,4096,8388608,4194304,11,cycle,post,1012,4194304,1.00000000000000000,-0.000000000
4,5,4096,8388608,4194304,11,cycle,post,1013,4194304,1.00000000000000000,-0.000000000
4,5,4096,8388608,4194304,11,cycle,post,1014,4194304,1.00000000000000000,-0.000000000
4,5,4096,8388608,4194304,11,cycle,post,1015,4194304,1.00000000000000000,-0.000000000
4,5,4096,8388608,4194304,11,cycle,post,1016,4194304,1.00000000000000000,-0.000000000
4,5,4096,8388608,4194304,11,cycle,post,1017,4194304,1.00000000000000000,-0.000000000
4,5,4096,8388608,4194304,11,cycle,post,1018,4194304,1.00000000000000000,-0.000000000
4,5,4096,8388608,4194304,11,cycle,post,1019,4194304,1.00000000000000000,-0.000000000
4,5,4096,8388608,4194304,11,cycle,post,1020,4194304,1.00000000000000000,-0.000000000
4,5,4096,8388608,4194304,11,cycle,post,1021,4194304,1.00000000000000000,-0.000000000
4,5,4096,8388608,4194304,11,cycle,post,1022,4194304,1.00000000000000000,-0.000000000
4,5,4096,8388608,4194304,11,cycle,post,1023,4194304,1.00000000000000000,-0.000000000
4,5,4096,8388608,4194304,11,cycle,post,1024,4194304,1.00000000000000000,-0.000000000
4,5,4096,8388608,4194304,11,cycle,post,1025,4194304,1.00000000000000000,-0.000000000
4,5,4096,8388608,4194304,11,cycle,post,1026,4194304,1.00000000000000000,-0.000000000
4,5,4096,8388608,4194304,11,cycle,post,1027,4194304,1.00000000000000000,-0.000000000
4,5,4096,8388608,4194304,11,cycle,post,1028,4194304,1.00000000000000000,-0.000000000
4,5,4096,8388608,4194304,11,cycle,post,1029,4194304,1.00000000000000000,-0.000000000
4,5,4096,8388608,4194304,11,cycle,post,1030,4194304,1.00000000000000000,-0.000000000
4,5,4096,8388608,4194304,11,cycle,post,1031,4194304,1.00000000000000000,-0.000000000
4,5,4096,8388608,4194304,11,cycle,post,1032,4194304,1.00000000000000000,-0.000000000
4,5,4096,8388608,4194304,11,cycle,post,1033,4194304,1.00000000000000000,-0.000000000
4,5,4096,8388608,4194304,11,cycle,post,1034,4194304,1.00000000000000000,-0.000000000
4,5,4096,8388608,4194304,11,cycle,post,1035,4194304,1.00000000000000000,-0.000000000
4,5,4096,8388608,4194304,11,cycle,post,1036,4194304,1.00000000000000000,-0.000000000
4,5,4096,8388608,4194304,11,cycle,post,1037,4194304,1.00000000000000000,-0.000000000
4,5,4096,8388608,4194304,11,cycle,post,1038,4194304,1.00000000000000000,-0.000000000
4,5,4096,8388608,4194304,11,cycle,post,1039,4194304,1.00000000000000000,-0.000000000
4,5,4096,8388608,4194304,11,cycle,post,1040,4194304,1.00000000000000000,-0.000000000
4,5,4096,8388608,4194304,11,cycle,post,1041,4194304,1.00000000000000000,-0.000000000
4,5,4096,8388608,4194304,11,cycle,post,1042,4194304,1.00000000000000000,-0.000000000
4,5,4096,8388608,4194304,11,cycle,post,1043,4194304,1.00000000000000000,-0.000000000
4,5,4096,8388608,4194304,11,cycle,post,1044,4194304,1.00000000000000000,-0.000000000
4,5,4096,8388608,4194304,11,cycle,post,1045,4194304,1.00000000000000000,-0.000000000
4,5,4096,8388608,4194304,11,cycle,post,1046,4194304,1.00000000000000000,-0.000000000
4,5,4096,8388608,4194304,11,cycle,post,1047,4194304,1.00000000000000000,-0.000000000
4,5,4096,8388608,4194304,11,cycle,post,1048,4194304,1.00000000000000000,-0.000000000
4,5,4096,8388608,4194304,11,cycle,post,1049,4194304,1.00000000000000000,-0.000000000
4,5,4096,8388608,4194304,11,cycle,post,1050,4194304,1.00000000000000000,-0.000000000
4,5,4096,8388608,4194304,11,cycle,post,1051,4194304,1.00000000000000000,-0.000000000
4,5,4096,8388608,4194304,11,cycle,post,1052,4194304,1.00000000000000000,-0.000000000
4,5,4096,8388608,4194304,11,cycle,post,1053,4194304,1.00000000000000000,-0.000000000
4,5,4096,8388608,4194304,11,cycle,post,1054,4194304,1.00000000000000000,-0.000000000
4,5,4096,8388608,4194304,11,cycle,post,1055,4194304,1.00000000000000000,-0.000000000
4,5,4096,8388608,4194304,11,cycle,post,1056,4194304,1.00000000000000000,-0.000000000
4,5,4096,8388608,4194304,11,cycle,post,1057,4194304,1.00000000000000000,-0.000000000
4,5,4096,8388608,4194304,11,cycle,post,1058,4194304,1.00000000000000000,-0.000000000
4,5,4096,8388608,4194304,11,cycle,post,1059,4194304,1.00000000000000000,-0.000000000
4,5,4096,8388608,4194304,11,cycle,post,1060,4194304,1.00000000000000000,-0.000000000
4,5,4096,8388608,4194304,11,cycle,post,1061,4194304,1.00000000000000000,-0.000000000
4,5,4096,8388608,4194304,11,cycle,post,1062,4194304,1.00000000000000000,-0.000000000
4,5,4096,8388608,4194304,11,cycle,post,1063,4194304,1.00000000000000000,-0.000000000
4,5,4096,8388608,4194304,11,cycle,post,1064,4194304,1.00000000000000000,-0.000000000
4,5,4096,8388608,4194304,11,cycle,post,1065,4194304,1.00000000000000000,-0.000000000
4,5,4096,8388608,4194304,11,cycle,post,1066,4194304,1.00000000000000000,-0.000000000
4,5,4096,8388608,4194304,11,cycle,post,1067,4194304,1.00000000000000000,-0.000000000
4,5,4096,8388608,4194304,11,cycle,post,1068,4194304,1.00000000000000000,-0.000000000
4,5,4096,8388608,4194304,11,cycle,post,1069,4194304,1.00000000000000000,-0.000000000
4,5,4096,8388608,4194304,11,cycle,post,1070,4194304,1.00000000000000000,-0.000000000
4,5,4096,8388608,4194304,11,cycle,post,1071,4194304,1.00000000000000000,-0.000000000
4,5,4096,8388608,4194304,11,cycle,post,1072,4194304,1.00000000000000000,-0.000000000
4,5,4096,8388608,4194304,11,cycle,post,1073,4194304,1.00000000000000000,-0.000000000
4,5,4096,8388608,4194304,11,cycle,post,1074,4194304,1.00000000000000000,-0.000000000
4,5,4096,8388608,4194304,11,cycle,post,1075,4194304,1.00000000000000000,-0.000000000
4,5,4096,8388608,4194304,11,cycle,post,1076,4194304,1.00000000000000000,-0.000000000
4,5,4096,8388608,4194304,11,cycle,post,1077,4194304,1.00000000000000000,-0.000000000
4,5,4096,8388608,4194304,11,cycle,post,1078,4194304,1.00000000000000000,-0.000000000
4,5,4096,8388608,4194304,11,cycle,post,1079,4194304,1.00000000000000000,-0.000000000
4,5,4096,8388608,4194304,11,cycle,post,1080,4194304,1.00000000000000000,-0.000000000
4,5,4096,8388608,4194304,11,cycle,post,1081,4194304,1.00000000000000000,-0.000000000
4,5,4096,8388608,4194304,11,cycle,post,1082,4194304,1.00000000000000000,-0.000000000
4,5,4096,8388608,4194304,11,cycle,post,1083,4194304,1.00000000000000000,-0.000000000
4,5,4096,8388608,4194304,11,cycle,post,1084,4194304,1.00000000000000000,-0.000000000
4,5,4096,8388608,4194304,11,cycle,post,1085,4194304,1.00000000000000000,-0.000000000
4,5,4096,8388608,4194304,11,cycle,post,1086,4194304,1.00000000000000000,-0.000000000
4,5,4096,8388608,4194304,11,cycle,post,1087,4194304,1.00000000000000000,-0.000000000
4,5,4096,8388608,4194304,11,cycle,post,1088,4194304,1.00000000000000000,-0.000000000
4,5,4096,8388608,4194304,11,cycle,post,1089,4194304,1.00000000000000000,-0.000000000
4,5,4096,8388608,4194304,11,cycle,post,1090,4194304,1.00000000000000000,-0.000000000
4,5,4096,8388608,4194304,11,cycle,post,1091,4194304,1.00000000000000000,-0.000000000
4,5,4096,8388608,4194304,11,cycle,post,1092,4194304,1.00000000000000000,-0.000000000
4,5,4096,8388608,4194304,11,cycle,post,1093,4194304,1.00000000000000000,-0.000000000
4,5,4096,8388608,4194304,11,cycle,post,1094,4194304,1.00000000000000000,-0.000000000
4,5,4096,8388608,4194304,11,cycle,post,1095,4194304,1.00000000000000000,-0.000000000
4,5,4096,8388608,4194304,11,cycle,post,1096,4194304,1.00000000000000000,-0.000000000
4,5,4096,8388608,4194304,11,cycle,post,1097,4194304,1.00000000000000000,-0.000000000
4,5,4096,8388608,4194304,11,cycle,post,1098,4194304,1.00000000000000000,-0.000000000
4,5,4096,8388608,4194304,11,cycle,post,1099,4194304,1.00000000000000000,-0.000000000
4,5,4096,8388608,4194304,11,cycle,post,1100,4194304,1.00000000000000000,-0.000000000
4,5,4096,8388608,4194304,11,cycle,post,1101,4194304,1.00000000000000000,-0.000000000
4,5,4096,8388608,4194304,11,cycle,post,1102,4194304,1.00000000000000000,-0.000000000
4,5,4096,8388608,4194304,11,cycle,post,1103,4194304,1.00000000000000000,-0.000000000
4,5,4096,8388608,4194304,11,cycle,post,1104,4194304,1.00000000000000000,-0.000000000
4,5,4096,8388608,4194304,11,cycle,post,1105,4194304,1.00000000000000000,-0.000000000
4,5,4096,8388608,4194304,11,cycle,post,1106,4194304,1.00000000000000000,-0.000000000
4,5,4096,8388608,4194304,11,cycle,post,1107,4194304,1.00000000000000000,-0.000000000
4,5,4096,8388608,4194304,11,cycle,post,1108,4194304,1.00000000000000000,-0.000000000
4,5,4096,8388608,4194304,11,cycle,post,1109,4194304,1.00000000000000000,-0.000000000
4,5,4096,8388608,4194304,11,cycle,post,1110,4194304,1.00000000000000000,-0.000000000
4,5,4096,8388608,4194304,11,cycle,post,1111,4194304,1.00000000000000000,-0.000000000
4,5,4096,8388608,4194304,11,cycle,post,1112,4194304,1.00000000000000000,-0.000000000
4,5,4096,8388608,4194304,11,cycle,post,1113,4194304,1.00000000000000000,-0.000000000
4,5,4096,8388608,4194304,11,cycle,post,1114,4194304,1.00000000000000000,-0.000000000
4,5,4096,8388608,4194304,11,cycle,post,1115,4194304,1.00000000000000000,-0.000000000
4,5,4096,8388608,4194304,11,cycle,post,1116,4194304,1.00000000000000000,-0.000000000
4,5,4096,8388608,4194304,11,cycle,post,1117,4194304,1.00000000000000000,-0.000000000
4,5,4096,8388608,4194304,11,cycle,post,1118,4194304,1.00000000000000000,-0.000000000
4,5,4096,8388608,4194304,11,cycle,post,1119,4194304,1.00000000000000000,-0.000000000
4,5,4096,8388608,4194304,11,cycle,post,1120,4194304,1.00000000000000000,-0.000000000
4,5,4096,8388608,4194304,11,cycle,post,1121,4194304,1.00000000000000000,-0.000000000
4,5,4096,8388608,4194304,11,cycle,post,1122,4194304,1.00000000000000000,-0.000000000
4,5,4096,8388608,4194304,11,cycle,post,1123,4194304,1.00000000000000000,-0.000000000
4,5,4096,8388608,4194304,11,cycle,post,1124,4194304,1.00000000000000000,-0.000000000
4,5,4096,8388608,4194304,11,cycle,post,1125,4194304,1.00000000000000000,-0.000000000
4,5,4096,8388608,4194304,11,cycle,post,1126,4194304,1.00000000000000000,-0.000000000
4,5,4096,8388608,4194304,11,cycle,post,1127,4194304,1.00000000000000000,-0.000000000
4,5,4096,8388608,4194304,11,cycle,post,1128,4194304,1.00000000000000000,-0.000000000
4,5,4096,8388608,4194304,11,cycle,post,1129,4194304,1.00000000000000000,-0.000000000
4,5,4096,8388608,4194304,11,cycle,post,1130,4194304,1.00000000000000000,-0.000000000
4,5,4096,8388608,4194304,11,cycle,post,1131,4194304,1.00000000000000000,-0.000000000
4,5,4096,8388608,4194304,11,cycle,post,1132,4194304,1.00000000000000000,-0.000000000
4,5,4096,8388608,4194304,11,cycle,post,1133,4194304,1.00000000000000000,-0.000000000
4,5,4096,8388608,4194304,11,cycle,post,1134,4194304,1.00000000000000000,-0.000000000
4,5,4096,8388608,4194304,11,cycle,post,1135,4194304,1.00000000000000000,-0.000000000
4,5,4096,8388608,4194304,11,cycle,post,1136,4194304,1.00000000000000000,-0.000000000
4,5,4096,8388608,4194304,11,cycle,post,1137,4194304,1.00000000000000000,-0.000000000
4,5,4096,8388608,4194304,11,cycle,post,1138,4194304,1.00000000000000000,-0.000000000
4,5,4096,8388608,4194304,11,cycle,post,1139,4194304,1.00000000000000000,-0.000000000
4,5,4096,8388608,4194304,11,cycle,post,1140,4194304,1.00000000000000000,-0.000000000
4,5,4096,8388608,4194304,11,cycle,post,1141,4194304,1.00000000000000000,-0.000000000
4,5,4096,8388608,4194304,11,cycle,post,1142,4194304,1.00000000000000000,-0.000000000
4,5,4096,8388608,4194304,11,cycle,post,1143,4194304,1.00000000000000000,-0.000000000
4,5,4096,8388608,4194304,11,cycle,post,1144,4194304,1.00000000000000000,-0.000000000
4,5,4096,8388608,4194304,11,cycle,post,1145,4194304,1.00000000000000000,-0.000000000
4,5,4096,8388608,4194304,11,cycle,post,1146,4194304,1.00000000000000000,-0.000000000
4,5,4096,8388608,4194304,11,cycle,post,1147,4194304,1.00000000000000000,-0.000000000
4,5,4096,8388608,4194304,11,cycle,post,1148,4194304,1.00000000000000000,-0.000000000
4,5,4096,8388608,4194304,11,cycle,post,1149,4194304,1.00000000000000000,-0.000000000
4,5,4096,8388608,4194304,11,cycle,post,1150,4194304,1.00000000000000000,-0.000000000
4,5,4096,8388608,4194304,11,cycle,post,1151,4194304,1.00000000000000000,-0.000000000
4,5,4096,8388608,4194304,11,cycle,post,1152,4194304,1.00000000000000000,-0.000000000
4,5,4096,8388608,4194304,11,cycle,post,1153,4194304,1.00000000000000000,-0.000000000
4,5,4096,8388608,4194304,11,cycle,post,1154,4194304,1.00000000000000000,-0.000000000
4,5,4096,8388608,4194304,11,cycle,post,1155,4194304,1.00000000000000000,-0.000000000
4,5,4096,8388608,4194304,11,cycle,post,1156,4194304,1.00000000000000000,-0.000000000
4,5,4096,8388608,4194304,11,cycle,post,1157,4194304,1.00000000000000000,-0.000000000
4,5,4096,8388608,4194304,11,cycle,post,1158,4194304,1.00000000000000000,-0.000000000
4,5,4096,8388608,4194304,11,cycle,post,1159,4194304,1.00000000000000000,-0.000000000
4,5,4096,8388608,4194304,11,cycle,post,1160,4194304,1.00000000000000000,-0.000000000
4,5,4096,8388608,4194304,11,cycle,post,1161,4194304,1.00000000000000000,-0.000000000
4,5,4096,8388608,4194304,11,cycle,post,1162,4194304,1.00000000000000000,-0.000000000
4,5,4096,8388608,4194304,11,cycle,post,1163,4194304,1.00000000000000000,-0.000000000
4,5,4096,8388608,4194304,11,cycle,post,1164,4194304,1.00000000000000000,-0.000000000
4,5,4096,8388608,4194304,11,cycle,post,1165,4194304,1.00000000000000000,-0.000000000
4,5,4096,8388608,4194304,11,cycle,post,1166,4194304,1.00000000000000000,-0.000000000
4,5,4096,8388608,4194304,11,cycle,post,1167,4194304,1.00000000000000000,-0.000000000
4,5,4096,8388608,4194304,11,cycle,post,1168,4194304,1.00000000000000000,-0.000000000
4,5,4096,8388608,4194304,11,cycle,post,1169,4194304,1.00000000000000000,-0.000000000
4,5,4096,8388608,4194304,11,cycle,post,1170,4194304,1.00000000000000000,-0.000000000
4,5,4096,8388608,4194304,11,cycle,post,1171,4194304,1.00000000000000000,-0.000000000
4,5,4096,8388608,4194304,11,cycle,post,1172,4194304,1.00000000000000000,-0.000000000
4,5,4096,8388608,4194304,11,cycle,post,1173,4194304,1.00000000000000000,-0.000000000
4,5,4096,8388608,4194304,11,cycle,post,1174,4194304,1.00000000000000000,-0.000000000
4,5,4096,8388608,4194304,11,cycle,post,1175,4194304,1.00000000000000000,-0.000000000
4,5,4096,8388608,4194304,11,cycle,post,1176,4194304,1.00000000000000000,-0.000000000
4,5,4096,8388608,4194304,11,cycle,post,1177,4194304,1.00000000000000000,-0.000000000
4,5,4096,8388608,4194304,11,cycle,post,1178,4194304,1.00000000000000000,-0.000000000
4,5,4096,8388608,4194304,11,cycle,post,1179,4194304,1.00000000000000000,-0.000000000
4,5,4096,8388608,4194304,11,cycle,post,1180,4194304,1.00000000000000000,-0.000000000
4,5,4096,8388608,4194304,11,cycle,post,1181,4194304,1.00000000000000000,-0.000000000
4,5,4096,8388608,4194304,11,cycle,post,1182,4194304,1.00000000000000000,-0.000000000
4,5,4096,8388608,4194304,11,cycle,post,1183,4194304,1.00000000000000000,-0.000000000
4,5,4096,8388608,4194304,11,cycle,post,1184,4194304,1.00000000000000000,-0.000000000
4,5,4096,8388608,4194304,11,cycle,post,1185,4194304,1.00000000000000000,-0.000000000
4,5,4096,8388608,4194304,11,cycle,post,1186,4194304,1.00000000000000000,-0.000000000
4,5,4096,8388608,4194304,11,cycle,post,1187,4194304,1.00000000000000000,-0.000000000
4,5,4096,8388608,4194304,11,cycle,post,1188,4194304,1.00000000000000000,-0.000000000
4,5,4096,8388608,4194304,11,cycle,post,1189,4194304,1.00000000000000000,-0.000000000
4,5,4096,8388608,4194304,11,cycle,post,1190,4194304,1.00000000000000000,-0.000000000
4,5,4096,8388608,4194304,11,cycle,post,1191,4194304,1.00000000000000000,-0.000000000
4,5,4096,8388608,4194304,11,cycle,post,1192,4194304,1.00000000000000000,-0.000000000
4,5,4096,8388608,4194304,11,cycle,post,1193,4194304,1.00000000000000000,-0.000000000
4,5,4096,8388608,4194304,11,cycle,post,1194,4194304,1.00000000000000000,-0.000000000
4,5,4096,8388608,4194304,11,cycle,post,1195,4194304,1.00000000000000000,-0.000000000
4,5,4096,8388608,4194304,11,cycle,post,1196,4194304,1.00000000000000000,-0.000000000
4,5,4096,8388608,4194304,11,cycle,post,1197,4194304,1.00000000000000000,-0.000000000
4,5,4096,8388608,4194304,11,cycle,post,1198,4194304,1.00000000000000000,-0.000000000
4,5,4096,8388608,4194304,11,cycle,post,1199,4194304,1.00000000000000000,-0.000000000
4,5,4096,8388608,4194304,11,cycle,post,1200,4194304,1.00000000000000000,-0.000000000
4,5,4096,8388608,4194304,11,cycle,post,1201,4194304,1.00000000000000000,-0.000000000
4,5,4096,8388608,4194304,11,cycle,post,1202,4194304,1.00000000000000000,-0.000000000
4,5,4096,8388608,4194304,11,cycle,post,1203,4194304,1.00000000000000000,-0.000000000
4,5,4096,8388608,4194304,11,cycle,post,1204,4194304,1.00000000000000000,-0.000000000
4,5,4096,8388608,4194304,11,cycle,post,1205,4194304,1.00000000000000000,-0.000000000
4,5,4096,8388608,4194304,11,cycle,post,1206,4194304,1.00000000000000000,-0.000000000
4,5,4096,8388608,4194304,11,cycle,post,1207,4194304,1.00000000000000000,-0.000000000
4,5,4096,8388608,4194304,11,cycle,post,1208,4194304,1.00000000000000000,-0.000000000
4,5,4096,8388608,4194304,11,cycle,post,1209,4194304,1.00000000000000000,-0.000000000
4,5,4096,8388608,4194304,11,cycle,post,1210,4194304,1.00000000000000000,-0.000000000
4,5,4096,8388608,4194304,11,cycle,post,1211,4194304,1.00000000000000000,-0.000000000
4,5,4096,8388608,4194304,11,cycle,post,1212,4194304,1.00000000000000000,-0.000000000
4,5,4096,8388608,4194304,11,cycle,post,1213,4194304,1.00000000000000000,-0.000000000
4,5,4096,8388608,4194304,11,cycle,post,1214,4194304,1.00000000000000000,-0.000000000
4,5,4096,8388608,4194304,11,cycle,post,1215,4194304,1.00000000000000000,-0.000000000
4,5,4096,8388608,4194304,11,cycle,post,1216,4194304,1.00000000000000000,-0.000000000
4,5,4096,8388608,4194304,11,cycle,post,1217,4194304,1.00000000000000000,-0.000000000
4,5,4096,8388608,4194304,11,cycle,post,1218,4194304,1.00000000000000000,-0.000000000
4,5,4096,8388608,4194304,11,cycle,post,1219,4194304,1.00000000000000000,-0.000000000
4,5,4096,8388608,4194304,11,cycle,post,1220,4194304,1.00000000000000000,-0.000000000
4,5,4096,8388608,4194304,11,cycle,post,1221,4194304,1.00000000000000000,-0.000000000
4,5,4096,8388608,4194304,11,cycle,post,1222,4194304,1.00000000000000000,-0.000000000
4,5,4096,8388608,4194304,11,cycle,post,1223,4194304,1.00000000000000000,-0.000000000
4,5,4096,8388608,4194304,11,cycle,post,1224,4194304,1.00000000000000000,-0.000000000
4,5,4096,8388608,4194304,11,cycle,post,1225,4194304,1.00000000000000000,-0.000000000
4,5,4096,8388608,4194304,11,cycle,post,1226,4194304,1.00000000000000000,-0.000000000
4,5,4096,8388608,4194304,11,cycle,post,1227,4194304,1.00000000000000000,-0.000000000
4,5,4096,8388608,4194304,11,cycle,post,1228,4194304,1.00000000000000000,-0.000000000
4,5,4096,8388608,4194304,11,cycle,post,1229,4194304,1.00000000000000000,-0.000000000
4,5,4096,8388608,4194304,11,cycle,post,1230,4194304,1.00000000000000000,-0.000000000
4,5,4096,8388608,4194304,11,cycle,post,1231,4194304,1.00000000000000000,-0.000000000
4,5,4096,8388608,4194304,11,cycle,post,1232,4194304,1.00000000000000000,-0.000000000
4,5,4096,8388608,4194304,11,cycle,post,1233,4194304,1.00000000000000000,-0.000000000
4,5,4096,8388608,4194304,11,cycle,post,1234,4194304,1.00000000000000000,-0.000000000
4,5,4096,8388608,4194304,11,cycle,post,1235,4194304,1.00000000000000000,-0.000000000
4,5,4096,8388608,4194304,11,cycle,post,1236,4194304,1.00000000000000000,-0.000000000
4,5,4096,8388608,4194304,11,cycle,post,1237,4194304,1.00000000000000000,-0.000000000
4,5,4096,8388608,4194304,11,cycle,post,1238,4194304,1.00000000000000000,-0.000000000
4,5,4096,8388608,4194304,11,cycle,post,1239,4194304,1.00000000000000000,-0.000000000
4,5,4096,8388608,4194304,11,cycle,post,1240,4194304,1.00000000000000000,-0.000000000
4,5,4096,8388608,4194304,11,cycle,post,1241,4194304,1.00000000000000000,-0.000000000
4,5,4096,8388608,4194304,11,cycle,post,1242,4194304,1.00000000000000000,-0.000000000
4,5,4096,8388608,4194304,11,cycle,post,1243,4194304,1.00000000000000000,-0.000000000
4,5,4096,8388608,4194304,11,cycle,post,1244,4194304,1.00000000000000000,-0.000000000
4,5,4096,8388608,4194304,11,cycle,post,1245,4194304,1.00000000000000000,-0.000000000
4,5,4096,8388608,4194304,11,cycle,post,1246,4194304,1.00000000000000000,-0.000000000
4,5,4096,8388608,4194304,11,cycle,post,1247,4194304,1.00000000000000000,-0.000000000
4,5,4096,8388608,4194304,11,cycle,post,1248,4194304,1.00000000000000000,-0.000000000
4,5,4096,8388608,4194304,11,cycle,post,1249,4194304,1.00000000000000000,-0.000000000
4,5,4096,8388608,4194304,11,cycle,post,1250,4194304,1.00000000000000000,-0.000000000
4,5,4096,8388608,4194304,11,cycle,post,1251,4194304,1.00000000000000000,-0.000000000
4,5,4096,8388608,4194304,11,cycle,post,1252,4194304,1.00000000000000000,-0.000000000
4,5,4096,8388608,4194304,11,cycle,post,1253,4194304,1.00000000000000000,-0.000000000
4,5,4096,8388608,4194304,11,cycle,post,1254,4194304,1.00000000000000000,-0.000000000
4,5,4096,8388608,4194304,11,cycle,post,1255,4194304,1.00000000000000000,-0.000000000
4,5,4096,8388608,4194304,11,cycle,post,1256,4194304,1.00000000000000000,-0.000000000
4,5,4096,8388608,4194304,11,cycle,post,1257,4194304,1.00000000000000000,-0.000000000
4,5,4096,8388608,4194304,11,cycle,post,1258,4194304,1.00000000000000000,-0.000000000
4,5,4096,8388608,4194304,11,cycle,post,1259,4194304,1.00000000000000000,-0.000000000
4,5,4096,8388608,4194304,11,cycle,post,1260,4194304,1.00000000000000000,-0.000000000
4,5,4096,8388608,4194304,11,cycle,post,1261,4194304,1.00000000000000000,-0.000000000
4,5,4096,8388608,4194304,11,cycle,post,1262,4194304,1.00000000000000000,-0.000000000
4,5,4096,8388608,4194304,11,cycle,post,1263,4194304,1.00000000000000000,-0.000000000
4,5,4096,8388608,4194304,11,cycle,post,1264,4194304,1.00000000000000000,-0.000000000
4,5,4096,8388608,4194304,11,cycle,post,1265,4194304,1.00000000000000000,-0.000000000
4,5,4096,8388608,4194304,11,cycle,post,1266,4194304,1.00000000000000000,-0.000000000
4,5,4096,8388608,4194304,11,cycle,post,1267,4194304,1.00000000000000000,-0.000000000
4,5,4096,8388608,4194304,11,cycle,post,1268,4194304,1.00000000000000000,-0.000000000
4,5,4096,8388608,4194304,11,cycle,post,1269,4194304,1.00000000000000000,-0.000000000
4,5,4096,8388608,4194304,11,cycle,post,1270,4194304,1.00000000000000000,-0.000000000
4,5,4096,8388608,4194304,11,cycle,post,1271,4194304,1.00000000000000000,-0.000000000
4,5,4096,8388608,4194304,11,cycle,post,1272,4194304,1.00000000000000000,-0.000000000
4,5,4096,8388608,4194304,11,cycle,post,1273,4194304,1.00000000000000000,-0.000000000
4,5,4096,8388608,4194304,11,cycle,post,1274,4194304,1.00000000000000000,-0.000000000
4,5,4096,8388608,4194304,11,cycle,post,1275,4194304,1.00000000000000000,-0.000000000
4,5,4096,8388608,4194304,11,cycle,post,1276,4194304,1.00000000000000000,-0.000000000
4,5,4096,8388608,4194304,11,cycle,post,1277,4194304,1.00000000000000000,-0.000000000
4,5,4096,8388608,4194304,11,cycle,post,1278,4194304,1.00000000000000000,-0.000000000
4,5,4096,8388608,4194304,11,cycle,post,1279,4194304,1.00000000000000000,-0.000000000
4,5,4096,8388608,4194304,11,cycle,post,1280,4194304,1.00000000000000000,-0.000000000
4,5,4096,8388608,4194304,11,cycle,post,1281,4194304,1.00000000000000000,-0.000000000
4,5,4096,8388608,4194304,11,cycle,post,1282,4194304,1.00000000000000000,-0.000000000
4,5,4096,8388608,4194304,11,cycle,post,1283,4194304,1.00000000000000000,-0.000000000
4,5,4096,8388608,4194304,11,cycle,post,1284,4194304,1.00000000000000000,-0.000000000
4,5,4096,8388608,4194304,11,cycle,post,1285,4194304,1.00000000000000000,-0.000000000
4,5,4096,8388608,4194304,11,cycle,post,1286,4194304,1.00000000000000000,-0.000000000
4,5,4096,8388608,4194304,11,cycle,post,1287,4194304,1.00000000000000000,-0.000000000
4,5,4096,8388608,4194304,11,cycle,post,1288,4194304,1.00000000000000000,-0.000000000
4,5,4096,8388608,4194304,11,cycle,post,1289,4194304,1.00000000000000000,-0.000000000
4,5,4096,8388608,4194304,11,cycle,post,1290,4194304,1.00000000000000000,-0.000000000
4,5,4096,8388608,4194304,11,cycle,post,1291,4194304,1.00000000000000000,-0.000000000
4,5,4096,8388608,4194304,11,cycle,post,1292,4194304,1.00000000000000000,-0.000000000
4,5,4096,8388608,4194304,11,cycle,post,1293,4194304,1.00000000000000000,-0.000000000
4,5,4096,8388608,4194304,11,cycle,post,1294,4194304,1.00000000000000000,-0.000000000
4,5,4096,8388608,4194304,11,cycle,post,1295,4194304,1.00000000000000000,-0.000000000
4,5,4096,8388608,4194304,11,cycle,post,1296,4194304,1.00000000000000000,-0.000000000
4,5,4096,8388608,4194304,11,cycle,post,1297,4194304,1.00000000000000000,-0.000000000
4,5,4096,8388608,4194304,11,cycle,post,1298,4194304,1.00000000000000000,-0.000000000
4,5,4096,8388608,4194304,11,cycle,post,1299,4194304,1.00000000000000000,-0.000000000
4,5,4096,8388608,4194304,11,cycle,post,1300,4194304,1.00000000000000000,-0.000000000
4,5,4096,8388608,4194304,11,cycle,post,1301,4194304,1.00000000000000000,-0.000000000
4,5,4096,8388608,4194304,11,cycle,post,1302,4194304,1.00000000000000000,-0.000000000
4,5,4096,8388608,4194304,11,cycle,post,1303,4194304,1.00000000000000000,-0.000000000
4,5,4096,8388608,4194304,11,cycle,post,1304,4194304,1.00000000000000000,-0.000000000
4,5,4096,8388608,4194304,11,cycle,post,1305,4194304,1.00000000000000000,-0.000000000
4,5,4096,8388608,4194304,11,cycle,post,1306,4194304,1.00000000000000000,-0.000000000
4,5,4096,8388608,4194304,11,cycle,post,1307,4194304,1.00000000000000000,-0.000000000
4,5,4096,8388608,4194304,11,cycle,post,1308,4194304,1.00000000000000000,-0.000000000
4,5,4096,8388608,4194304,11,cycle,post,1309,4194304,1.00000000000000000,-0.000000000
4,5,4096,8388608,4194304,11,cycle,post,1310,4194304,1.00000000000000000,-0.000000000
4,5,4096,8388608,4194304,11,cycle,post,1311,4194304,1.00000000000000000,-0.000000000
4,5,4096,8388608,4194304,11,cycle,post,1312,4194304,1.00000000000000000,-0.000000000
4,5,4096,8388608,4194304,11,cycle,post,1313,4194304,1.00000000000000000,-0.000000000
4,5,4096,8388608,4194304,11,cycle,post,1314,4194304,1.00000000000000000,-0.000000000
4,5,4096,8388608,4194304,11,cycle,post,1315,4194304,1.00000000000000000,-0.000000000
4,5,4096,8388608,4194304,11,cycle,post,1316,4194304,1.00000000000000000,-0.000000000
4,5,4096,8388608,4194304,11,cycle,post,1317,4194304,1.00000000000000000,-0.000000000
4,5,4096,8388608,4194304,11,cycle,post,1318,4194304,1.00000000000000000,-0.000000000
4,5,4096,8388608,4194304,11,cycle,post,1319,4194304,1.00000000000000000,-0.000000000
4,5,4096,8388608,4194304,11,cycle,post,1320,4194304,1.00000000000000000,-0.000000000
4,5,4096,8388608,4194304,11,cycle,post,1321,4194304,1.00000000000000000,-0.000000000
4,5,4096,8388608,4194304,11,cycle,post,1322,4194304,1.00000000000000000,-0.000000000
4,5,4096,8388608,4194304,11,cycle,post,1323,4194304,1.00000000000000000,-0.000000000
4,5,4096,8388608,4194304,11,cycle,post,1324,4194304,1.00000000000000000,-0.000000000
4,5,4096,8388608,4194304,11,cycle,post,1325,4194304,1.00000000000000000,-0.000000000
4,5,4096,8388608,4194304,11,cycle,post,1326,4194304,1.00000000000000000,-0.000000000
4,5,4096,8388608,4194304,11,cycle,post,1327,4194304,1.00000000000000000,-0.000000000
4,5,4096,8388608,4194304,11,cycle,post,1328,4194304,1.00000000000000000,-0.000000000
4,5,4096,8388608,4194304,11,cycle,post,1329,4194304,1.00000000000000000,-0.000000000
4,5,4096,8388608,4194304,11,cycle,post,1330,4194304,1.00000000000000000,-0.000000000
4,5,4096,8388608,4194304,11,cycle,post,1331,4194304,1.00000000000000000,-0.000000000
4,5,4096,8388608,4194304,11,cycle,post,1332,4194304,1.00000000000000000,-0.000000000
4,5,4096,8388608,4194304,11,cycle,post,1333,4194304,1.00000000000000000,-0.000000000
4,5,4096,8388608,4194304,11,cycle,post,1334,4194304,1.00000000000000000,-0.000000000
4,5,4096,8388608,4194304,11,cycle,post,1335,4194304,1.00000000000000000,-0.000000000
4,5,4096,8388608,4194304,11,cycle,post,1336,4194304,1.00000000000000000,-0.000000000
4,5,4096,8388608,4194304,11,cycle,post,1337,4194304,1.00000000000000000,-0.000000000
4,5,4096,8388608,4194304,11,cycle,post,1338,4194304,1.00000000000000000,-0.000000000
4,5,4096,8388608,4194304,11,cycle,post,1339,4194304,1.00000000000000000,-0.000000000
4,5,4096,8388608,4194304,11,cycle,post,1340,4194304,1.00000000000000000,-0.000000000
4,5,4096,8388608,4194304,11,cycle,post,1341,4194304,1.00000000000000000,-0.000000000
4,5,4096,8388608,4194304,11,cycle,post,1342,4194304,1.00000000000000000,-0.000000000
4,5,4096,8388608,4194304,11,cycle,post,1343,4194304,1.00000000000000000,-0.000000000
4,5,4096,8388608,4194304,11,cycle,post,1344,4194304,1.00000000000000000,-0.000000000
4,5,4096,8388608,4194304,11,cycle,post,1345,4194304,1.00000000000000000,-0.000000000
4,5,4096,8388608,4194304,11,cycle,post,1346,4194304,1.00000000000000000,-0.000000000
4,5,4096,8388608,4194304,11,cycle,post,1347,4194304,1.00000000000000000,-0.000000000
4,5,4096,8388608,4194304,11,cycle,post,1348,4194304,1.00000000000000000,-0.000000000
4,5,4096,8388608,4194304,11,cycle,post,1349,4194304,1.00000000000000000,-0.000000000
4,5,4096,8388608,4194304,11,cycle,post,1350,4194304,1.00000000000000000,-0.000000000
4,5,4096,8388608,4194304,11,cycle,post,1351,4194304,1.00000000000000000,-0.000000000
4,5,4096,8388608,4194304,11,cycle,post,1352,4194304,1.00000000000000000,-0.000000000
4,5,4096,8388608,4194304,11,cycle,post,1353,4194304,1.00000000000000000,-0.000000000
4,5,4096,8388608,4194304,11,cycle,post,1354,4194304,1.00000000000000000,-0.000000000
4,5,4096,8388608,4194304,11,cycle,post,1355,4194304,1.00000000000000000,-0.000000000
4,5,4096,8388608,4194304,11,cycle,post,1356,4194304,1.00000000000000000,-0.000000000
4,5,4096,8388608,4194304,11,cycle,post,1357,4194304,1.00000000000000000,-0.000000000
4,5,4096,8388608,4194304,11,cycle,post,1358,4194304,1.00000000000000000,-0.000000000
4,5,4096,8388608,4194304,11,cycle,post,1359,4194304,1.00000000000000000,-0.000000000
4,5,4096,8388608,4194304,11,cycle,post,1360,4194304,1.00000000000000000,-0.000000000
4,5,4096,8388608,4194304,11,cycle,post,1361,4194304,1.00000000000000000,-0.000000000
4,5,4096,8388608,4194304,11,cycle,post,1362,4194304,1.00000000000000000,-0.000000000
4,5,4096,8388608,4194304,11,cycle,post,1363,4194304,1.00000000000000000,-0.000000000
4,5,4096,8388608,4194304,11,cycle,post,1364,4194304,1.00000000000000000,-0.000000000
4,5,4096,8388608,4194304,11,cycle,post,1365,4194304,1.00000000000000000,-0.000000000
4,5,4096,8388608,4194304,11,cycle,post,1366,4194304,1.00000000000000000,-0.000000000
4,5,4096,8388608,4194304,11,cycle,post,1367,4194304,1.00000000000000000,-0.000000000
4,5,4096,8388608,4194304,11,cycle,post,1368,4194304,1.00000000000000000,-0.000000000
4,5,4096,8388608,4194304,11,cycle,post,1369,4194304,1.00000000000000000,-0.000000000
4,5,4096,8388608,4194304,11,cycle,post,1370,4194304,1.00000000000000000,-0.000000000
4,5,4096,8388608,4194304,11,cycle,post,1371,4194304,1.00000000000000000,-0.000000000
4,5,4096,8388608,4194304,11,cycle,post,1372,4194304,1.00000000000000000,-0.000000000
4,5,4096,8388608,4194304,11,cycle,post,1373,4194304,1.00000000000000000,-0.000000000
4,5,4096,8388608,4194304,11,cycle,post,1374,4194304,1.00000000000000000,-0.000000000
4,5,4096,8388608,4194304,11,cycle,post,1375,4194304,1.00000000000000000,-0.000000000
4,5,4096,8388608,4194304,11,cycle,post,1376,4194304,1.00000000000000000,-0.000000000
4,5,4096,8388608,4194304,11,cycle,post,1377,4194304,1.00000000000000000,-0.000000000
4,5,4096,8388608,4194304,11,cycle,post,1378,4194304,1.00000000000000000,-0.000000000
4,5,4096,8388608,4194304,11,cycle,post,1379,4194304,1.00000000000000000,-0.000000000
4,5,4096,8388608,4194304,11,cycle,post,1380,4194304,1.00000000000000000,-0.000000000
4,5,4096,8388608,4194304,11,cycle,post,1381,4194304,1.00000000000000000,-0.000000000
4,5,4096,8388608,4194304,11,cycle,post,1382,4194304,1.00000000000000000,-0.000000000
4,5,4096,8388608,4194304,11,cycle,post,1383,4194304,1.00000000000000000,-0.000000000
4,5,4096,8388608,4194304,11,cycle,post,1384,4194304,1.00000000000000000,-0.000000000
4,5,4096,8388608,4194304,11,cycle,post,1385,4194304,1.00000000000000000,-0.000000000
4,5,4096,8388608,4194304,11,cycle,post,1386,4194304,1.00000000000000000,-0.000000000
4,5,4096,8388608,4194304,11,cycle,post,1387,4194304,1.00000000000000000,-0.000000000
4,5,4096,8388608,4194304,11,cycle,post,1388,4194304,1.00000000000000000,-0.000000000
4,5,4096,8388608,4194304,11,cycle,post,1389,4194304,1.00000000000000000,-0.000000000
4,5,4096,8388608,4194304,11,cycle,post,1390,4194304,1.00000000000000000,-0.000000000
4,5,4096,8388608,4194304,11,cycle,post,1391,4194304,1.00000000000000000,-0.000000000
4,5,4096,8388608,4194304,11,cycle,post,1392,4194304,1.00000000000000000,-0.000000000
4,5,4096,8388608,4194304,11,cycle,post,1393,4194304,1.00000000000000000,-0.000000000
4,5,4096,8388608,4194304,11,cycle,post,1394,4194304,1.00000000000000000,-0.000000000
4,5,4096,8388608,4194304,11,cycle,post,1395,4194304,1.00000000000000000,-0.000000000
4,5,4096,8388608,4194304,11,cycle,post,1396,4194304,1.00000000000000000,-0.000000000
4,5,4096,8388608,4194304,11,cycle,post,1397,4194304,1.00000000000000000,-0.000000000
4,5,4096,8388608,4194304,11,cycle,post,1398,4194304,1.00000000000000000,-0.000000000
4,5,4096,8388608,4194304,11,cycle,post,1399,4194304,1.00000000000000000,-0.000000000
4,5,4096,8388608,4194304,11,cycle,post,1400,4194304,1.00000000000000000,-0.000000000
4,5,4096,8388608,4194304,11,cycle,post,1401,4194304,1.00000000000000000,-0.000000000
4,5,4096,8388608,4194304,11,cycle,post,1402,4194304,1.00000000000000000,-0.000000000
4,5,4096,8388608,4194304,11,cycle,post,1403,4194304,1.00000000000000000,-0.000000000
4,5,4096,8388608,4194304,11,cycle,post,1404,4194304,1.00000000000000000,-0.000000000
4,5,4096,8388608,4194304,11,cycle,post,1405,4194304,1.00000000000000000,-0.000000000
4,5,4096,8388608,4194304,11,cycle,post,1406,4194304,1.00000000000000000,-0.000000000
4,5,4096,8388608,4194304,11,cycle,post,1407,4194304,1.00000000000000000,-0.000000000
4,5,4096,8388608,4194304,11,cycle,post,1408,4194304,1.00000000000000000,-0.000000000
4,5,4096,8388608,4194304,11,cycle,post,1409,4194304,1.00000000000000000,-0.000000000
4,5,4096,8388608,4194304,11,cycle,post,1410,4194304,1.00000000000000000,-0.000000000
4,5,4096,8388608,4194304,11,cycle,post,1411,4194304,1.00000000000000000,-0.000000000
4,5,4096,8388608,4194304,11,cycle,post,1412,4194304,1.00000000000000000,-0.000000000
4,5,4096,8388608,4194304,11,cycle,post,1413,4194304,1.00000000000000000,-0.000000000
4,5,4096,8388608,4194304,11,cycle,post,1414,4194304,1.00000000000000000,-0.000000000
4,5,4096,8388608,4194304,11,cycle,post,1415,4194304,1.00000000000000000,-0.000000000
4,5,4096,8388608,4194304,11,cycle,post,1416,4194304,1.00000000000000000,-0.000000000
4,5,4096,8388608,4194304,11,cycle,post,1417,4194304,1.00000000000000000,-0.000000000
4,5,4096,8388608,4194304,11,cycle,post,1418,4194304,1.00000000000000000,-0.000000000
4,5,4096,8388608,4194304,11,cycle,post,1419,4194304,1.00000000000000000,-0.000000000
4,5,4096,8388608,4194304,11,cycle,post,1420,4194304,1.00000000000000000,-0.000000000
4,5,4096,8388608,4194304,11,cycle,post,1421,4194304,1.00000000000000000,-0.000000000
4,5,4096,8388608,4194304,11,cycle,post,1422,4194304,1.00000000000000000,-0.000000000
4,5,4096,8388608,4194304,11,cycle,post,1423,4194304,1.00000000000000000,-0.000000000
4,5,4096,8388608,4194304,11,cycle,post,1424,4194304,1.00000000000000000,-0.000000000
4,5,4096,8388608,4194304,11,cycle,post,1425,4194304,1.00000000000000000,-0.000000000
4,5,4096,8388608,4194304,11,cycle,post,1426,4194304,1.00000000000000000,-0.000000000
4,5,4096,8388608,4194304,11,cycle,post,1427,4194304,1.00000000000000000,-0.000000000
4,5,4096,8388608,4194304,11,cycle,post,1428,4194304,1.00000000000000000,-0.000000000
4,5,4096,8388608,4194304,11,cycle,post,1429,4194304,1.00000000000000000,-0.000000000
4,5,4096,8388608,4194304,11,cycle,post,1430,4194304,1.00000000000000000,-0.000000000
4,5,4096,8388608,4194304,11,cycle,post,1431,4194304,1.00000000000000000,-0.000000000
4,5,4096,8388608,4194304,11,cycle,post,1432,4194304,1.00000000000000000,-0.000000000
4,5,4096,8388608,4194304,11,cycle,post,1433,4194304,1.00000000000000000,-0.000000000
4,5,4096,8388608,4194304,11,cycle,post,1434,4194304,1.00000000000000000,-0.000000000
4,5,4096,8388608,4194304,11,cycle,post,1435,4194304,1.00000000000000000,-0.000000000
4,5,4096,8388608,4194304,11,cycle,post,1436,4194304,1.00000000000000000,-0.000000000
4,5,4096,8388608,4194304,11,cycle,post,1437,4194304,1.00000000000000000,-0.000000000
4,5,4096,8388608,4194304,11,cycle,post,1438,4194304,1.00000000000000000,-0.000000000
4,5,4096,8388608,4194304,11,cycle,post,1439,4194304,1.00000000000000000,-0.000000000
4,5,4096,8388608,4194304,11,cycle,post,1440,4194304,1.00000000000000000,-0.000000000
4,5,4096,8388608,4194304,11,cycle,post,1441,4194304,1.00000000000000000,-0.000000000
4,5,4096,8388608,4194304,11,cycle,post,1442,4194304,1.00000000000000000,-0.000000000
4,5,4096,8388608,4194304,11,cycle,post,1443,4194304,1.00000000000000000,-0.000000000
4,5,4096,8388608,4194304,11,cycle,post,1444,4194304,1.00000000000000000,-0.000000000
4,5,4096,8388608,4194304,11,cycle,post,1445,4194304,1.00000000000000000,-0.000000000
4,5,4096,8388608,4194304,11,cycle,post,1446,4194304,1.00000000000000000,-0.000000000
4,5,4096,8388608,4194304,11,cycle,post,1447,4194304,1.00000000000000000,-0.000000000
4,5,4096,8388608,4194304,11,cycle,post,1448,4194304,1.00000000000000000,-0.000000000
4,5,4096,8388608,4194304,11,cycle,post,1449,4194304,1.00000000000000000,-0.000000000
4,5,4096,8388608,4194304,11,cycle,post,1450,4194304,1.00000000000000000,-0.000000000
4,5,4096,8388608,4194304,11,cycle,post,1451,4194304,1.00000000000000000,-0.000000000
4,5,4096,8388608,4194304,11,cycle,post,1452,4194304,1.00000000000000000,-0.000000000
4,5,4096,8388608,4194304,11,cycle,post,1453,4194304,1.00000000000000000,-0.000000000
4,5,4096,8388608,4194304,11,cycle,post,1454,4194304,1.00000000000000000,-0.000000000
4,5,4096,8388608,4194304,11,cycle,post,1455,4194304,1.00000000000000000,-0.000000000
4,5,4096,8388608,4194304,11,cycle,post,1456,4194304,1.00000000000000000,-0.000000000
4,5,4096,8388608,4194304,11,cycle,post,1457,4194304,1.00000000000000000,-0.000000000
4,5,4096,8388608,4194304,11,cycle,post,1458,4194304,1.00000000000000000,-0.000000000
4,5,4096,8388608,4194304,11,cycle,post,1459,4194304,1.00000000000000000,-0.000000000
4,5,4096,8388608,4194304,11,cycle,post,1460,4194304,1.00000000000000000,-0.000000000
4,5,4096,8388608,4194304,11,cycle,post,1461,4194304,1.00000000000000000,-0.000000000
4,5,4096,8388608,4194304,11,cycle,post,1462,4194304,1.00000000000000000,-0.000000000
4,5,4096,8388608,4194304,11,cycle,post,1463,4194304,1.00000000000000000,-0.000000000
4,5,4096,8388608,4194304,11,cycle,post,1464,4194304,1.00000000000000000,-0.000000000
4,5,4096,8388608,4194304,11,cycle,post,1465,4194304,1.00000000000000000,-0.000000000
4,5,4096,8388608,4194304,11,cycle,post,1466,4194304,1.00000000000000000,-0.000000000
4,5,4096,8388608,4194304,11,cycle,post,1467,4194304,1.00000000000000000,-0.000000000
4,5,4096,8388608,4194304,11,cycle,post,1468,4194304,1.00000000000000000,-0.000000000
4,5,4096,8388608,4194304,11,cycle,post,1469,4194304,1.00000000000000000,-0.000000000
4,5,4096,8388608,4194304,11,cycle,post,1470,4194304,1.00000000000000000,-0.000000000
4,5,4096,8388608,4194304,11,cycle,post,1471,4194304,1.00000000000000000,-0.000000000
4,5,4096,8388608,4194304,11,cycle,post,1472,4194304,1.00000000000000000,-0.000000000
4,5,4096,8388608,4194304,11,cycle,post,1473,4194304,1.00000000000000000,-0.000000000
4,5,4096,8388608,4194304,11,cycle,post,1474,4194304,1.00000000000000000,-0.000000000
4,5,4096,8388608,4194304,11,cycle,post,1475,4194304,1.00000000000000000,-0.000000000
4,5,4096,8388608,4194304,11,cycle,post,1476,4194304,1.00000000000000000,-0.000000000
4,5,4096,8388608,4194304,11,cycle,post,1477,4194304,1.00000000000000000,-0.000000000
4,5,4096,8388608,4194304,11,cycle,post,1478,4194304,1.00000000000000000,-0.000000000
4,5,4096,8388608,4194304,11,cycle,post,1479,4194304,1.00000000000000000,-0.000000000
4,5,4096,8388608,4194304,11,cycle,post,1480,4194304,1.00000000000000000,-0.000000000
4,5,4096,8388608,4194304,11,cycle,post,1481,4194304,1.00000000000000000,-0.000000000
4,5,4096,8388608,4194304,11,cycle,post,1482,4194304,1.00000000000000000,-0.000000000
4,5,4096,8388608,4194304,11,cycle,post,1483,4194304,1.00000000000000000,-0.000000000
4,5,4096,8388608,4194304,11,cycle,post,1484,4194304,1.00000000000000000,-0.000000000
4,5,4096,8388608,4194304,11,cycle,post,1485,4194304,1.00000000000000000,-0.000000000
4,5,4096,8388608,4194304,11,cycle,post,1486,4194304,1.00000000000000000,-0.000000000
4,5,4096,8388608,4194304,11,cycle,post,1487,4194304,1.00000000000000000,-0.000000000
4,5,4096,8388608,4194304,11,cycle,post,1488,4194304,1.00000000000000000,-0.000000000
4,5,4096,8388608,4194304,11,cycle,post,1489,4194304,1.00000000000000000,-0.000000000
4,5,4096,8388608,4194304,11,cycle,post,1490,4194304,1.00000000000000000,-0.000000000
4,5,4096,8388608,4194304,11,cycle,post,1491,4194304,1.00000000000000000,-0.000000000
4,5,4096,8388608,4194304,11,cycle,post,1492,4194304,1.00000000000000000,-0.000000000
4,5,4096,8388608,4194304,11,cycle,post,1493,4194304,1.00000000000000000,-0.000000000
4,5,4096,8388608,4194304,11,cycle,post,1494,4194304,1.00000000000000000,-0.000000000
4,5,4096,8388608,4194304,11,cycle,post,1495,4194304,1.00000000000000000,-0.000000000
4,5,4096,8388608,4194304,11,cycle,post,1496,4194304,1.00000000000000000,-0.000000000
4,5,4096,8388608,4194304,11,cycle,post,1497,4194304,1.00000000000000000,-0.000000000
4,5,4096,8388608,4194304,11,cycle,post,1498,4194304,1.00000000000000000,-0.000000000
4,5,4096,8388608,4194304,11,cycle,post,1499,4194304,1.00000000000000000,-0.000000000
4,5,4096,8388608,4194304,11,cycle,post,1500,4194304,1.00000000000000000,-0.000000000
4,5,4096,8388608,4194304,11,cycle,post,1501,4194304,1.00000000000000000,-0.000000000
4,5,4096,8388608,4194304,11,cycle,post,1502,4194304,1.00000000000000000,-0.000000000
4,5,4096,8388608,4194304,11,cycle,post,1503,4194304,1.00000000000000000,-0.000000000
4,5,4096,8388608,4194304,11,cycle,post,1504,4194304,1.00000000000000000,-0.000000000
4,5,4096,8388608,4194304,11,cycle,post,1505,4194304,1.00000000000000000,-0.000000000
4,5,4096,8388608,4194304,11,cycle,post,1506,4194304,1.00000000000000000,-0.000000000
4,5,4096,8388608,4194304,11,cycle,post,1507,4194304,1.00000000000000000,-0.000000000
4,5,4096,8388608,4194304,11,cycle,post,1508,4194304,1.00000000000000000,-0.000000000
4,5,4096,8388608,4194304,11,cycle,post,1509,4194304,1.00000000000000000,-0.000000000
4,5,4096,8388608,4194304,11,cycle,post,1510,4194304,1.00000000000000000,-0.000000000
4,5,4096,8388608,4194304,11,cycle,post,1511,4194304,1.00000000000000000,-0.000000000
4,5,4096,8388608,4194304,11,cycle,post,1512,4194304,1.00000000000000000,-0.000000000
4,5,4096,8388608,4194304,11,cycle,post,1513,4194304,1.00000000000000000,-0.000000000
4,5,4096,8388608,4194304,11,cycle,post,1514,4194304,1.00000000000000000,-0.000000000
4,5,4096,8388608,4194304,11,cycle,post,1515,4194304,1.00000000000000000,-0.000000000
4,5,4096,8388608,4194304,11,cycle,post,1516,4194304,1.00000000000000000,-0.000000000
4,5,4096,8388608,4194304,11,cycle,post,1517,4194304,1.00000000000000000,-0.000000000
4,5,4096,8388608,4194304,11,cycle,post,1518,4194304,1.00000000000000000,-0.000000000
4,5,4096,8388608,4194304,11,cycle,post,1519,4194304,1.00000000000000000,-0.000000000
4,5,4096,8388608,4194304,11,cycle,post,1520,4194304,1.00000000000000000,-0.000000000
4,5,4096,8388608,4194304,11,cycle,post,1521,4194304,1.00000000000000000,-0.000000000
4,5,4096,8388608,4194304,11,cycle,post,1522,4194304,1.00000000000000000,-0.000000000
4,5,4096,8388608,4194304,11,cycle,post,1523,4194304,1.00000000000000000,-0.000000000
4,5,4096,8388608,4194304,11,cycle,post,1524,4194304,1.00000000000000000,-0.000000000
4,5,4096,8388608,4194304,11,cycle,post,1525,4194304,1.00000000000000000,-0.000000000
4,5,4096,8388608,4194304,11,cycle,post,1526,4194304,1.00000000000000000,-0.000000000
4,5,4096,8388608,4194304,11,cycle,post,1527,4194304,1.00000000000000000,-0.000000000
4,5,4096,8388608,4194304,11,cycle,post,1528,4194304,1.00000000000000000,-0.000000000
4,5,4096,8388608,4194304,11,cycle,post,1529,4194304,1.00000000000000000,-0.000000000
4,5,4096,8388608,4194304,11,cycle,post,1530,4194304,1.00000000000000000,-0.000000000
4,5,4096,8388608,4194304,11,cycle,post,1531,4194304,1.00000000000000000,-0.000000000
4,5,4096,8388608,4194304,11,cycle,post,1532,4194304,1.00000000000000000,-0.000000000
4,5,4096,8388608,4194304,11,cycle,post,1533,4194304,1.00000000000000000,-0.000000000
4,5,4096,8388608,4194304,11,cycle,post,1534,4194304,1.00000000000000000,-0.000000000
4,5,4096,8388608,4194304,11,cycle,post,1535,4194304,1.00000000000000000,-0.000000000
4,5,4096,8388608,4194304,11,cycle,post,1536,4194304,1.00000000000000000,-0.000000000
4,5,4096,8388608,4194304,11,cycle,post,1537,4194304,1.00000000000000000,-0.000000000
4,5,4096,8388608,4194304,11,cycle,post,1538,4194304,1.00000000000000000,-0.000000000
4,5,4096,8388608,4194304,11,cycle,post,1539,4194304,1.00000000000000000,-0.000000000
4,5,4096,8388608,4194304,11,cycle,post,1540,4194304,1.00000000000000000,-0.000000000
4,5,4096,8388608,4194304,11,cycle,post,1541,4194304,1.00000000000000000,-0.000000000
4,5,4096,8388608,4194304,11,cycle,post,1542,4194304,1.00000000000000000,-0.000000000
4,5,4096,8388608,4194304,11,cycle,post,1543,4194304,1.00000000000000000,-0.000000000
4,5,4096,8388608,4194304,11,cycle,post,1544,4194304,1.00000000000000000,-0.000000000
4,5,4096,8388608,4194304,11,cycle,post,1545,4194304,1.00000000000000000,-0.000000000
4,5,4096,8388608,4194304,11,cycle,post,1546,4194304,1.00000000000000000,-0.000000000
4,5,4096,8388608,4194304,11,cycle,post,1547,4194304,1.00000000000000000,-0.000000000
4,5,4096,8388608,4194304,11,cycle,post,1548,4194304,1.00000000000000000,-0.000000000
4,5,4096,8388608,4194304,11,cycle,post,1549,4194304,1.00000000000000000,-0.000000000
4,5,4096,8388608,4194304,11,cycle,post,1550,4194304,1.00000000000000000,-0.000000000
4,5,4096,8388608,4194304,11,cycle,post,1551,4194304,1.00000000000000000,-0.000000000
4,5,4096,8388608,4194304,11,cycle,post,1552,4194304,1.00000000000000000,-0.000000000
4,5,4096,8388608,4194304,11,cycle,post,1553,4194304,1.00000000000000000,-0.000000000
4,5,4096,8388608,4194304,11,cycle,post,1554,4194304,1.00000000000000000,-0.000000000
4,5,4096,8388608,4194304,11,cycle,post,1555,4194304,1.00000000000000000,-0.000000000
4,5,4096,8388608,4194304,11,cycle,post,1556,4194304,1.00000000000000000,-0.000000000
4,5,4096,8388608,4194304,11,cycle,post,1557,4194304,1.00000000000000000,-0.000000000
4,5,4096,8388608,4194304,11,cycle,post,1558,4194304,1.00000000000000000,-0.000000000
4,5,4096,8388608,4194304,11,cycle,post,1559,4194304,1.00000000000000000,-0.000000000
4,5,4096,8388608,4194304,11,cycle,post,1560,4194304,1.00000000000000000,-0.000000000
4,5,4096,8388608,4194304,11,cycle,post,1561,4194304,1.00000000000000000,-0.000000000
4,5,4096,8388608,4194304,11,cycle,post,1562,4194304,1.00000000000000000,-0.000000000
4,5,4096,8388608,4194304,11,cycle,post,1563,4194304,1.00000000000000000,-0.000000000
4,5,4096,8388608,4194304,11,cycle,post,1564,4194304,1.00000000000000000,-0.000000000
4,5,4096,8388608,4194304,11,cycle,post,1565,4194304,1.00000000000000000,-0.000000000
4,5,4096,8388608,4194304,11,cycle,post,1566,4194304,1.00000000000000000,-0.000000000
4,5,4096,8388608,4194304,11,cycle,post,1567,4194304,1.00000000000000000,-0.000000000
4,5,4096,8388608,4194304,11,cycle,post,1568,4194304,1.00000000000000000,-0.000000000
4,5,4096,8388608,4194304,11,cycle,post,1569,4194304,1.00000000000000000,-0.000000000
4,5,4096,8388608,4194304,11,cycle,post,1570,4194304,1.00000000000000000,-0.000000000
4,5,4096,8388608,4194304,11,cycle,post,1571,4194304,1.00000000000000000,-0.000000000
4,5,4096,8388608,4194304,11,cycle,post,1572,4194304,1.00000000000000000,-0.000000000
4,5,4096,8388608,4194304,11,cycle,post,1573,4194304,1.00000000000000000,-0.000000000
4,5,4096,8388608,4194304,11,cycle,post,1574,4194304,1.00000000000000000,-0.000000000
4,5,4096,8388608,4194304,11,cycle,post,1575,4194304,1.00000000000000000,-0.000000000
4,5,4096,8388608,4194304,11,cycle,post,1576,4194304,1.00000000000000000,-0.000000000
4,5,4096,8388608,4194304,11,cycle,post,1577,4194304,1.00000000000000000,-0.000000000
4,5,4096,8388608,4194304,11,cycle,post,1578,4194304,1.00000000000000000,-0.000000000
4,5,4096,8388608,4194304,11,cycle,post,1579,4194304,1.00000000000000000,-0.000000000
4,5,4096,8388608,4194304,11,cycle,post,1580,4194304,1.00000000000000000,-0.000000000
4,5,4096,8388608,4194304,11,cycle,post,1581,4194304,1.00000000000000000,-0.000000000
4,5,4096,8388608,4194304,11,cycle,post,1582,4194304,1.00000000000000000,-0.000000000
4,5,4096,8388608,4194304,11,cycle,post,1583,4194304,1.00000000000000000,-0.000000000
4,5,4096,8388608,4194304,11,cycle,post,1584,4194304,1.00000000000000000,-0.000000000
4,5,4096,8388608,4194304,11,cycle,post,1585,4194304,1.00000000000000000,-0.000000000
4,5,4096,8388608,4194304,11,cycle,post,1586,4194304,1.00000000000000000,-0.000000000
4,5,4096,8388608,4194304,11,cycle,post,1587,4194304,1.00000000000000000,-0.000000000
4,5,4096,8388608,4194304,11,cycle,post,1588,4194304,1.00000000000000000,-0.000000000
4,5,4096,8388608,4194304,11,cycle,post,1589,4194304,1.00000000000000000,-0.000000000
4,5,4096,8388608,4194304,11,cycle,post,1590,4194304,1.00000000000000000,-0.000000000
4,5,4096,8388608,4194304,11,cycle,post,1591,4194304,1.00000000000000000,-0.000000000
4,5,4096,8388608,4194304,11,cycle,post,1592,4194304,1.00000000000000000,-0.000000000
4,5,4096,8388608,4194304,11,cycle,post,1593,4194304,1.00000000000000000,-0.000000000
4,5,4096,8388608,4194304,11,cycle,post,1594,4194304,1.00000000000000000,-0.000000000
4,5,4096,8388608,4194304,11,cycle,post,1595,4194304,1.00000000000000000,-0.000000000
4,5,4096,8388608,4194304,11,cycle,post,1596,4194304,1.00000000000000000,-0.000000000
4,5,4096,8388608,4194304,11,cycle,post,1597,4194304,1.00000000000000000,-0.000000000
4,5,4096,8388608,4194304,11,cycle,post,1598,4194304,1.00000000000000000,-0.000000000
4,5,4096,8388608,4194304,11,cycle,post,1599,4194304,1.00000000000000000,-0.000000000
4,5,4096,8388608,4194304,11,cycle,post,1600,4194304,1.00000000000000000,-0.000000000
4,5,4096,8388608,4194304,11,cycle,post,1601,4194304,1.00000000000000000,-0.000000000
4,5,4096,8388608,4194304,11,cycle,post,1602,4194304,1.00000000000000000,-0.000000000
4,5,4096,8388608,4194304,11,cycle,post,1603,4194304,1.00000000000000000,-0.000000000
4,5,4096,8388608,4194304,11,cycle,post,1604,4194304,1.00000000000000000,-0.000000000
4,5,4096,8388608,4194304,11,cycle,post,1605,4194304,1.00000000000000000,-0.000000000
4,5,4096,8388608,4194304,11,cycle,post,1606,4194304,1.00000000000000000,-0.000000000
4,5,4096,8388608,4194304,11,cycle,post,1607,4194304,1.00000000000000000,-0.000000000
4,5,4096,8388608,4194304,11,cycle,post,1608,4194304,1.00000000000000000,-0.000000000
4,5,4096,8388608,4194304,11,cycle,post,1609,4194304,1.00000000000000000,-0.000000000
4,5,4096,8388608,4194304,11,cycle,post,1610,4194304,1.00000000000000000,-0.000000000
4,5,4096,8388608,4194304,11,cycle,post,1611,4194304,1.00000000000000000,-0.000000000
4,5,4096,8388608,4194304,11,cycle,post,1612,4194304,1.00000000000000000,-0.000000000
4,5,4096,8388608,4194304,11,cycle,post,1613,4194304,1.00000000000000000,-0.000000000
4,5,4096,8388608,4194304,11,cycle,post,1614,4194304,1.00000000000000000,-0.000000000
4,5,4096,8388608,4194304,11,cycle,post,1615,4194304,1.00000000000000000,-0.000000000
4,5,4096,8388608,4194304,11,cycle,post,1616,4194304,1.00000000000000000,-0.000000000
4,5,4096,8388608,4194304,11,cycle,post,1617,4194304,1.00000000000000000,-0.000000000
4,5,4096,8388608,4194304,11,cycle,post,1618,4194304,1.00000000000000000,-0.000000000
4,5,4096,8388608,4194304,11,cycle,post,1619,4194304,1.00000000000000000,-0.000000000
4,5,4096,8388608,4194304,11,cycle,post,1620,4194304,1.00000000000000000,-0.000000000
4,5,4096,8388608,4194304,11,cycle,post,1621,4194304,1.00000000000000000,-0.000000000
4,5,4096,8388608,4194304,11,cycle,post,1622,4194304,1.00000000000000000,-0.000000000
4,5,4096,8388608,4194304,11,cycle,post,1623,4194304,1.00000000000000000,-0.000000000
4,5,4096,8388608,4194304,11,cycle,post,1624,4194304,1.00000000000000000,-0.000000000
4,5,4096,8388608,4194304,11,cycle,post,1625,4194304,1.00000000000000000,-0.000000000
4,5,4096,8388608,4194304,11,cycle,post,1626,4194304,1.00000000000000000,-0.000000000
4,5,4096,8388608,4194304,11,cycle,post,1627,4194304,1.00000000000000000,-0.000000000
4,5,4096,8388608,4194304,11,cycle,post,1628,4194304,1.00000000000000000,-0.000000000
4,5,4096,8388608,4194304,11,cycle,post,1629,4194304,1.00000000000000000,-0.000000000
4,5,4096,8388608,4194304,11,cycle,post,1630,4194304,1.00000000000000000,-0.000000000
4,5,4096,8388608,4194304,11,cycle,post,1631,4194304,1.00000000000000000,-0.000000000
4,5,4096,8388608,4194304,11,cycle,post,1632,4194304,1.00000000000000000,-0.000000000
4,5,4096,8388608,4194304,11,cycle,post,1633,4194304,1.00000000000000000,-0.000000000
4,5,4096,8388608,4194304,11,cycle,post,1634,4194304,1.00000000000000000,-0.000000000
4,5,4096,8388608,4194304,11,cycle,post,1635,4194304,1.00000000000000000,-0.000000000
4,5,4096,8388608,4194304,11,cycle,post,1636,4194304,1.00000000000000000,-0.000000000
4,5,4096,8388608,4194304,11,cycle,post,1637,4194304,1.00000000000000000,-0.000000000
4,5,4096,8388608,4194304,11,cycle,post,1638,4194304,1.00000000000000000,-0.000000000
4,5,4096,8388608,4194304,11,cycle,post,1639,4194304,1.00000000000000000,-0.000000000
4,5,4096,8388608,4194304,11,cycle,post,1640,4194304,1.00000000000000000,-0.000000000
4,5,4096,8388608,4194304,11,cycle,post,1641,4194304,1.00000000000000000,-0.000000000
4,5,4096,8388608,4194304,11,cycle,post,1642,4194304,1.00000000000000000,-0.000000000
4,5,4096,8388608,4194304,11,cycle,post,1643,4194304,1.00000000000000000,-0.000000000
4,5,4096,8388608,4194304,11,cycle,post,1644,4194304,1.00000000000000000,-0.000000000
4,5,4096,8388608,4194304,11,cycle,post,1645,4194304,1.00000000000000000,-0.000000000
4,5,4096,8388608,4194304,11,cycle,post,1646,4194304,1.00000000000000000,-0.000000000
4,5,4096,8388608,4194304,11,cycle,post,1647,4194304,1.00000000000000000,-0.000000000
4,5,4096,8388608,4194304,11,cycle,post,1648,4194304,1.00000000000000000,-0.000000000
4,5,4096,8388608,4194304,11,cycle,post,1649,4194304,1.00000000000000000,-0.000000000
4,5,4096,8388608,4194304,11,cycle,post,1650,4194304,1.00000000000000000,-0.000000000
4,5,4096,8388608,4194304,11,cycle,post,1651,4194304,1.00000000000000000,-0.000000000
4,5,4096,8388608,4194304,11,cycle,post,1652,4194304,1.00000000000000000,-0.000000000
4,5,4096,8388608,4194304,11,cycle,post,1653,4194304,1.00000000000000000,-0.000000000
4,5,4096,8388608,4194304,11,cycle,post,1654,4194304,1.00000000000000000,-0.000000000
4,5,4096,8388608,4194304,11,cycle,post,1655,4194304,1.00000000000000000,-0.000000000
4,5,4096,8388608,4194304,11,cycle,post,1656,4194304,1.00000000000000000,-0.000000000
4,5,4096,8388608,4194304,11,cycle,post,1657,4194304,1.00000000000000000,-0.000000000
4,5,4096,8388608,4194304,11,cycle,post,1658,4194304,1.00000000000000000,-0.000000000
4,5,4096,8388608,4194304,11,cycle,post,1659,4194304,1.00000000000000000,-0.000000000
4,5,4096,8388608,4194304,11,cycle,post,1660,4194304,1.00000000000000000,-0.000000000
4,5,4096,8388608,4194304,11,cycle,post,1661,4194304,1.00000000000000000,-0.000000000
4,5,4096,8388608,4194304,11,cycle,post,1662,4194304,1.00000000000000000,-0.000000000
4,5,4096,8388608,4194304,11,cycle,post,1663,4194304,1.00000000000000000,-0.000000000
4,5,4096,8388608,4194304,11,cycle,post,1664,4194304,1.00000000000000000,-0.000000000
4,5,4096,8388608,4194304,11,cycle,post,1665,4194304,1.00000000000000000,-0.000000000
4,5,4096,8388608,4194304,11,cycle,post,1666,4194304,1.00000000000000000,-0.000000000
4,5,4096,8388608,4194304,11,cycle,post,1667,4194304,1.00000000000000000,-0.000000000
4,5,4096,8388608,4194304,11,cycle,post,1668,4194304,1.00000000000000000,-0.000000000
4,5,4096,8388608,4194304,11,cycle,post,1669,4194304,1.00000000000000000,-0.000000000
4,5,4096,8388608,4194304,11,cycle,post,1670,4194304,1.00000000000000000,-0.000000000
4,5,4096,8388608,4194304,11,cycle,post,1671,4194304,1.00000000000000000,-0.000000000
4,5,4096,8388608,4194304,11,cycle,post,1672,4194304,1.00000000000000000,-0.000000000
4,5,4096,8388608,4194304,11,cycle,post,1673,4194304,1.00000000000000000,-0.000000000
4,5,4096,8388608,4194304,11,cycle,post,1674,4194304,1.00000000000000000,-0.000000000
4,5,4096,8388608,4194304,11,cycle,post,1675,4194304,1.00000000000000000,-0.000000000
4,5,4096,8388608,4194304,11,cycle,post,1676,4194304,1.00000000000000000,-0.000000000
4,5,4096,8388608,4194304,11,cycle,post,1677,4194304,1.00000000000000000,-0.000000000
4,5,4096,8388608,4194304,11,cycle,post,1678,4194304,1.00000000000000000,-0.000000000
4,5,4096,8388608,4194304,11,cycle,post,1679,4194304,1.00000000000000000,-0.000000000
4,5,4096,8388608,4194304,11,cycle,post,1680,4194304,1.00000000000000000,-0.000000000
4,5,4096,8388608,4194304,11,cycle,post,1681,4194304,1.00000000000000000,-0.000000000
4,5,4096,8388608,4194304,11,cycle,post,1682,4194304,1.00000000000000000,-0.000000000
4,5,4096,8388608,4194304,11,cycle,post,1683,4194304,1.00000000000000000,-0.000000000
4,5,4096,8388608,4194304,11,cycle,post,1684,4194304,1.00000000000000000,-0.000000000
4,5,4096,8388608,4194304,11,cycle,post,1685,4194304,1.00000000000000000,-0.000000000
4,5,4096,8388608,4194304,11,cycle,post,1686,4194304,1.00000000000000000,-0.000000000
4,5,4096,8388608,4194304,11,cycle,post,1687,4194304,1.00000000000000000,-0.000000000
4,5,4096,8388608,4194304,11,cycle,post,1688,4194304,1.00000000000000000,-0.000000000
4,5,4096,8388608,4194304,11,cycle,post,1689,4194304,1.00000000000000000,-0.000000000
4,5,4096,8388608,4194304,11,cycle,post,1690,4194304,1.00000000000000000,-0.000000000
4,5,4096,8388608,4194304,11,cycle,post,1691,4194304,1.00000000000000000,-0.000000000
4,5,4096,8388608,4194304,11,cycle,post,1692,4194304,1.00000000000000000,-0.000000000
4,5,4096,8388608,4194304,11,cycle,post,1693,4194304,1.00000000000000000,-0.000000000
4,5,4096,8388608,4194304,11,cycle,post,1694,4194304,1.00000000000000000,-0.000000000
4,5,4096,8388608,4194304,11,cycle,post,1695,4194304,1.00000000000000000,-0.000000000
4,5,4096,8388608,4194304,11,cycle,post,1696,4194304,1.00000000000000000,-0.000000000
4,5,4096,8388608,4194304,11,cycle,post,1697,4194304,1.00000000000000000,-0.000000000
4,5,4096,8388608,4194304,11,cycle,post,1698,4194304,1.00000000000000000,-0.000000000
4,5,4096,8388608,4194304,11,cycle,post,1699,4194304,1.00000000000000000,-0.000000000
4,5,4096,8388608,4194304,11,cycle,post,1700,4194304,1.00000000000000000,-0.000000000
4,5,4096,8388608,4194304,11,cycle,post,1701,4194304,1.00000000000000000,-0.000000000
4,5,4096,8388608,4194304,11,cycle,post,1702,4194304,1.00000000000000000,-0.000000000
4,5,4096,8388608,4194304,11,cycle,post,1703,4194304,1.00000000000000000,-0.000000000
4,5,4096,8388608,4194304,11,cycle,post,1704,4194304,1.00000000000000000,-0.000000000
4,5,4096,8388608,4194304,11,cycle,post,1705,4194304,1.00000000000000000,-0.000000000
4,5,4096,8388608,4194304,11,cycle,post,1706,4194304,1.00000000000000000,-0.000000000
4,5,4096,8388608,4194304,11,cycle,post,1707,4194304,1.00000000000000000,-0.000000000
4,5,4096,8388608,4194304,11,cycle,post,1708,4194304,1.00000000000000000,-0.000000000
4,5,4096,8388608,4194304,11,cycle,post,1709,4194304,1.00000000000000000,-0.000000000
4,5,4096,8388608,4194304,11,cycle,post,1710,4194304,1.00000000000000000,-0.000000000
4,5,4096,8388608,4194304,11,cycle,post,1711,4194304,1.00000000000000000,-0.000000000
4,5,4096,8388608,4194304,11,cycle,post,1712,4194304,1.00000000000000000,-0.000000000
4,5,4096,8388608,4194304,11,cycle,post,1713,4194304,1.00000000000000000,-0.000000000
4,5,4096,8388608,4194304,11,cycle,post,1714,4194304,1.00000000000000000,-0.000000000
4,5,4096,8388608,4194304,11,cycle,post,1715,4194304,1.00000000000000000,-0.000000000
4,5,4096,8388608,4194304,11,cycle,post,1716,4194304,1.00000000000000000,-0.000000000
4,5,4096,8388608,4194304,11,cycle,post,1717,4194304,1.00000000000000000,-0.000000000
4,5,4096,8388608,4194304,11,cycle,post,1718,4194304,1.00000000000000000,-0.000000000
4,5,4096,8388608,4194304,11,cycle,post,1719,4194304,1.00000000000000000,-0.000000000
4,5,4096,8388608,4194304,11,cycle,post,1720,4194304,1.00000000000000000,-0.000000000
4,5,4096,8388608,4194304,11,cycle,post,1721,4194304,1.00000000000000000,-0.000000000
4,5,4096,8388608,4194304,11,cycle,post,1722,4194304,1.00000000000000000,-0.000000000
4,5,4096,8388608,4194304,11,cycle,post,1723,4194304,1.00000000000000000,-0.000000000
4,5,4096,8388608,4194304,11,cycle,post,1724,4194304,1.00000000000000000,-0.000000000
4,5,4096,8388608,4194304,11,cycle,post,1725,4194304,1.00000000000000000,-0.000000000
4,5,4096,8388608,4194304,11,cycle,post,1726,4194304,1.00000000000000000,-0.000000000
4,5,4096,8388608,4194304,11,cycle,post,1727,4194304,1.00000000000000000,-0.000000000
4,5,4096,8388608,4194304,11,cycle,post,1728,4194304,1.00000000000000000,-0.000000000
4,5,4096,8388608,4194304,11,cycle,post,1729,4194304,1.00000000000000000,-0.000000000
4,5,4096,8388608,4194304,11,cycle,post,1730,4194304,1.00000000000000000,-0.000000000
4,5,4096,8388608,4194304,11,cycle,post,1731,4194304,1.00000000000000000,-0.000000000
4,5,4096,8388608,4194304,11,cycle,post,1732,4194304,1.00000000000000000,-0.000000000
4,5,4096,8388608,4194304,11,cycle,post,1733,4194304,1.00000000000000000,-0.000000000
4,5,4096,8388608,4194304,11,cycle,post,1734,4194304,1.00000000000000000,-0.000000000
4,5,4096,8388608,4194304,11,cycle,post,1735,4194304,1.00000000000000000,-0.000000000
4,5,4096,8388608,4194304,11,cycle,post,1736,4194304,1.00000000000000000,-0.000000000
4,5,4096,8388608,4194304,11,cycle,post,1737,4194304,1.00000000000000000,-0.000000000
4,5,4096,8388608,4194304,11,cycle,post,1738,4194304,1.00000000000000000,-0.000000000
4,5,4096,8388608,4194304,11,cycle,post,1739,4194304,1.00000000000000000,-0.000000000
4,5,4096,8388608,4194304,11,cycle,post,1740,4194304,1.00000000000000000,-0.000000000
4,5,4096,8388608,4194304,11,cycle,post,1741,4194304,1.00000000000000000,-0.000000000
4,5,4096,8388608,4194304,11,cycle,post,1742,4194304,1.00000000000000000,-0.000000000
4,5,4096,8388608,4194304,11,cycle,post,1743,4194304,1.00000000000000000,-0.000000000
4,5,4096,8388608,4194304,11,cycle,post,1744,4194304,1.00000000000000000,-0.000000000
4,5,4096,8388608,4194304,11,cycle,post,1745,4194304,1.00000000000000000,-0.000000000
4,5,4096,8388608,4194304,11,cycle,post,1746,4194304,1.00000000000000000,-0.000000000
4,5,4096,8388608,4194304,11,cycle,post,1747,4194304,1.00000000000000000,-0.000000000
4,5,4096,8388608,4194304,11,cycle,post,1748,4194304,1.00000000000000000,-0.000000000
4,5,4096,8388608,4194304,11,cycle,post,1749,4194304,1.00000000000000000,-0.000000000
4,5,4096,8388608,4194304,11,cycle,post,1750,4194304,1.00000000000000000,-0.000000000
4,5,4096,8388608,4194304,11,cycle,post,1751,4194304,1.00000000000000000,-0.000000000
4,5,4096,8388608,4194304,11,cycle,post,1752,4194304,1.00000000000000000,-0.000000000
4,5,4096,8388608,4194304,11,cycle,post,1753,4194304,1.00000000000000000,-0.000000000
4,5,4096,8388608,4194304,11,cycle,post,1754,4194304,1.00000000000000000,-0.000000000
4,5,4096,8388608,4194304,11,cycle,post,1755,4194304,1.00000000000000000,-0.000000000
4,5,4096,8388608,4194304,11,cycle,post,1756,4194304,1.00000000000000000,-0.000000000
4,5,4096,8388608,4194304,11,cycle,post,1757,4194304,1.00000000000000000,-0.000000000
4,5,4096,8388608,4194304,11,cycle,post,1758,4194304,1.00000000000000000,-0.000000000
4,5,4096,8388608,4194304,11,cycle,post,1759,4194304,1.00000000000000000,-0.000000000
4,5,4096,8388608,4194304,11,cycle,post,1760,4194304,1.00000000000000000,-0.000000000
4,5,4096,8388608,4194304,11,cycle,post,1761,4194304,1.00000000000000000,-0.000000000
4,5,4096,8388608,4194304,11,cycle,post,1762,4194304,1.00000000000000000,-0.000000000
4,5,4096,8388608,4194304,11,cycle,post,1763,4194304,1.00000000000000000,-0.000000000
4,5,4096,8388608,4194304,11,cycle,post,1764,4194304,1.00000000000000000,-0.000000000
4,5,4096,8388608,4194304,11,cycle,post,1765,4194304,1.00000000000000000,-0.000000000
4,5,4096,8388608,4194304,11,cycle,post,1766,4194304,1.00000000000000000,-0.000000000
4,5,4096,8388608,4194304,11,cycle,post,1767,4194304,1.00000000000000000,-0.000000000
4,5,4096,8388608,4194304,11,cycle,post,1768,4194304,1.00000000000000000,-0.000000000
4,5,4096,8388608,4194304,11,cycle,post,1769,4194304,1.00000000000000000,-0.000000000
4,5,4096,8388608,4194304,11,cycle,post,1770,4194304,1.00000000000000000,-0.000000000
4,5,4096,8388608,4194304,11,cycle,post,1771,4194304,1.00000000000000000,-0.000000000
4,5,4096,8388608,4194304,11,cycle,post,1772,4194304,1.00000000000000000,-0.000000000
4,5,4096,8388608,4194304,11,cycle,post,1773,4194304,1.00000000000000000,-0.000000000
4,5,4096,8388608,4194304,11,cycle,post,1774,4194304,1.00000000000000000,-0.000000000
4,5,4096,8388608,4194304,11,cycle,post,1775,4194304,1.00000000000000000,-0.000000000
4,5,4096,8388608,4194304,11,cycle,post,1776,4194304,1.00000000000000000,-0.000000000
4,5,4096,8388608,4194304,11,cycle,post,1777,4194304,1.00000000000000000,-0.000000000
4,5,4096,8388608,4194304,11,cycle,post,1778,4194304,1.00000000000000000,-0.000000000
4,5,4096,8388608,4194304,11,cycle,post,1779,4194304,1.00000000000000000,-0.000000000
4,5,4096,8388608,4194304,11,cycle,post,1780,4194304,1.00000000000000000,-0.000000000
4,5,4096,8388608,4194304,11,cycle,post,1781,4194304,1.00000000000000000,-0.000000000
4,5,4096,8388608,4194304,11,cycle,post,1782,4194304,1.00000000000000000,-0.000000000
4,5,4096,8388608,4194304,11,cycle,post,1783,4194304,1.00000000000000000,-0.000000000
4,5,4096,8388608,4194304,11,cycle,post,1784,4194304,1.00000000000000000,-0.000000000
4,5,4096,8388608,4194304,11,cycle,post,1785,4194304,1.00000000000000000,-0.000000000
4,5,4096,8388608,4194304,11,cycle,post,1786,4194304,1.00000000000000000,-0.000000000
4,5,4096,8388608,4194304,11,cycle,post,1787,4194304,1.00000000000000000,-0.000000000
4,5,4096,8388608,4194304,11,cycle,post,1788,4194304,1.00000000000000000,-0.000000000
4,5,4096,8388608,4194304,11,cycle,post,1789,4194304,1.00000000000000000,-0.000000000
4,5,4096,8388608,4194304,11,cycle,post,1790,4194304,1.00000000000000000,-0.000000000
4,5,4096,8388608,4194304,11,cycle,post,1791,4194304,1.00000000000000000,-0.000000000
4,5,4096,8388608,4194304,11,cycle,post,1792,4194304,1.00000000000000000,-0.000000000
4,5,4096,8388608,4194304,11,cycle,post,1793,4194304,1.00000000000000000,-0.000000000
4,5,4096,8388608,4194304,11,cycle,post,1794,4194304,1.00000000000000000,-0.000000000
4,5,4096,8388608,4194304,11,cycle,post,1795,4194304,1.00000000000000000,-0.000000000
4,5,4096,8388608,4194304,11,cycle,post,1796,4194304,1.00000000000000000,-0.000000000
4,5,4096,8388608,4194304,11,cycle,post,1797,4194304,1.00000000000000000,-0.000000000
4,5,4096,8388608,4194304,11,cycle,post,1798,4194304,1.00000000000000000,-0.000000000
4,5,4096,8388608,4194304,11,cycle,post,1799,4194304,1.00000000000000000,-0.000000000
4,5,4096,8388608,4194304,11,cycle,post,1800,4194304,1.00000000000000000,-0.000000000
4,5,4096,8388608,4194304,11,cycle,post,1801,4194304,1.00000000000000000,-0.000000000
4,5,4096,8388608,4194304,11,cycle,post,1802,4194304,1.00000000000000000,-0.000000000
4,5,4096,8388608,4194304,11,cycle,post,1803,4194304,1.00000000000000000,-0.000000000
4,5,4096,8388608,4194304,11,cycle,post,1804,4194304,1.00000000000000000,-0.000000000
4,5,4096,8388608,4194304,11,cycle,post,1805,4194304,1.00000000000000000,-0.000000000
4,5,4096,8388608,4194304,11,cycle,post,1806,4194304,1.00000000000000000,-0.000000000
4,5,4096,8388608,4194304,11,cycle,post,1807,4194304,1.00000000000000000,-0.000000000
4,5,4096,8388608,4194304,11,cycle,post,1808,4194304,1.00000000000000000,-0.000000000
4,5,4096,8388608,4194304,11,cycle,post,1809,4194304,1.00000000000000000,-0.000000000
4,5,4096,8388608,4194304,11,cycle,post,1810,4194304,1.00000000000000000,-0.000000000
4,5,4096,8388608,4194304,11,cycle,post,1811,4194304,1.00000000000000000,-0.000000000
4,5,4096,8388608,4194304,11,cycle,post,1812,4194304,1.00000000000000000,-0.000000000
4,5,4096,8388608,4194304,11,cycle,post,1813,4194304,1.00000000000000000,-0.000000000
4,5,4096,8388608,4194304,11,cycle,post,1814,4194304,1.00000000000000000,-0.000000000
4,5,4096,8388608,4194304,11,cycle,post,1815,4194304,1.00000000000000000,-0.000000000
4,5,4096,8388608,4194304,11,cycle,post,1816,4194304,1.00000000000000000,-0.000000000
4,5,4096,8388608,4194304,11,cycle,post,1817,4194304,1.00000000000000000,-0.000000000
4,5,4096,8388608,4194304,11,cycle,post,1818,4194304,1.00000000000000000,-0.000000000
4,5,4096,8388608,4194304,11,cycle,post,1819,4194304,1.00000000000000000,-0.000000000
4,5,4096,8388608,4194304,11,cycle,post,1820,4194304,1.00000000000000000,-0.000000000
4,5,4096,8388608,4194304,11,cycle,post,1821,4194304,1.00000000000000000,-0.000000000
4,5,4096,8388608,4194304,11,cycle,post,1822,4194304,1.00000000000000000,-0.000000000
4,5,4096,8388608,4194304,11,cycle,post,1823,4194304,1.00000000000000000,-0.000000000
4,5,4096,8388608,4194304,11,cycle,post,1824,4194304,1.00000000000000000,-0.000000000
4,5,4096,8388608,4194304,11,cycle,post,1825,4194304,1.00000000000000000,-0.000000000
4,5,4096,8388608,4194304,11,cycle,post,1826,4194304,1.00000000000000000,-0.000000000
4,5,4096,8388608,4194304,11,cycle,post,1827,4194304,1.00000000000000000,-0.000000000
4,5,4096,8388608,4194304,11,cycle,post,1828,4194304,1.00000000000000000,-0.000000000
4,5,4096,8388608,4194304,11,cycle,post,1829,4194304,1.00000000000000000,-0.000000000
4,5,4096,8388608,4194304,11,cycle,post,1830,4194304,1.00000000000000000,-0.000000000
4,5,4096,8388608,4194304,11,cycle,post,1831,4194304,1.00000000000000000,-0.000000000
4,5,4096,8388608,4194304,11,cycle,post,1832,4194304,1.00000000000000000,-0.000000000
4,5,4096,8388608,4194304,11,cycle,post,1833,4194304,1.00000000000000000,-0.000000000
4,5,4096,8388608,4194304,11,cycle,post,1834,4194304,1.00000000000000000,-0.000000000
4,5,4096,8388608,4194304,11,cycle,post,1835,4194304,1.00000000000000000,-0.000000000
4,5,4096,8388608,4194304,11,cycle,post,1836,4194304,1.00000000000000000,-0.000000000
4,5,4096,8388608,4194304,11,cycle,post,1837,4194304,1.00000000000000000,-0.000000000
4,5,4096,8388608,4194304,11,cycle,post,1838,4194304,1.00000000000000000,-0.000000000
4,5,4096,8388608,4194304,11,cycle,post,1839,4194304,1.00000000000000000,-0.000000000
4,5,4096,8388608,4194304,11,cycle,post,1840,4194304,1.00000000000000000,-0.000000000
4,5,4096,8388608,4194304,11,cycle,post,1841,4194304,1.00000000000000000,-0.000000000
4,5,4096,8388608,4194304,11,cycle,post,1842,4194304,1.00000000000000000,-0.000000000
4,5,4096,8388608,4194304,11,cycle,post,1843,4194304,1.00000000000000000,-0.000000000
4,5,4096,8388608,4194304,11,cycle,post,1844,4194304,1.00000000000000000,-0.000000000
4,5,4096,8388608,4194304,11,cycle,post,1845,4194304,1.00000000000000000,-0.000000000
4,5,4096,8388608,4194304,11,cycle,post,1846,4194304,1.00000000000000000,-0.000000000
4,5,4096,8388608,4194304,11,cycle,post,1847,4194304,1.00000000000000000,-0.000000000
4,5,4096,8388608,4194304,11,cycle,post,1848,4194304,1.00000000000000000,-0.000000000
4,5,4096,8388608,4194304,11,cycle,post,1849,4194304,1.00000000000000000,-0.000000000
4,5,4096,8388608,4194304,11,cycle,post,1850,4194304,1.00000000000000000,-0.000000000
4,5,4096,8388608,4194304,11,cycle,post,1851,4194304,1.00000000000000000,-0.000000000
4,5,4096,8388608,4194304,11,cycle,post,1852,4194304,1.00000000000000000,-0.000000000
4,5,4096,8388608,4194304,11,cycle,post,1853,4194304,1.00000000000000000,-0.000000000
4,5,4096,8388608,4194304,11,cycle,post,1854,4194304,1.00000000000000000,-0.000000000
4,5,4096,8388608,4194304,11,cycle,post,1855,4194304,1.00000000000000000,-0.000000000
4,5,4096,8388608,4194304,11,cycle,post,1856,4194304,1.00000000000000000,-0.000000000
4,5,4096,8388608,4194304,11,cycle,post,1857,4194304,1.00000000000000000,-0.000000000
4,5,4096,8388608,4194304,11,cycle,post,1858,4194304,1.00000000000000000,-0.000000000
4,5,4096,8388608,4194304,11,cycle,post,1859,4194304,1.00000000000000000,-0.000000000
4,5,4096,8388608,4194304,11,cycle,post,1860,4194304,1.00000000000000000,-0.000000000
4,5,4096,8388608,4194304,11,cycle,post,1861,4194304,1.00000000000000000,-0.000000000
4,5,4096,8388608,4194304,11,cycle,post,1862,4194304,1.00000000000000000,-0.000000000
4,5,4096,8388608,4194304,11,cycle,post,1863,4194304,1.00000000000000000,-0.000000000
4,5,4096,8388608,4194304,11,cycle,post,1864,4194304,1.00000000000000000,-0.000000000
4,5,4096,8388608,4194304,11,cycle,post,1865,4194304,1.00000000000000000,-0.000000000
4,5,4096,8388608,4194304,11,cycle,post,1866,4194304,1.00000000000000000,-0.000000000
4,5,4096,8388608,4194304,11,cycle,post,1867,4194304,1.00000000000000000,-0.000000000
4,5,4096,8388608,4194304,11,cycle,post,1868,4194304,1.00000000000000000,-0.000000000
4,5,4096,8388608,4194304,11,cycle,post,1869,4194304,1.00000000000000000,-0.000000000
4,5,4096,8388608,4194304,11,cycle,post,1870,4194304,1.00000000000000000,-0.000000000
4,5,4096,8388608,4194304,11,cycle,post,1871,4194304,1.00000000000000000,-0.000000000
4,5,4096,8388608,4194304,11,cycle,post,1872,4194304,1.00000000000000000,-0.000000000
4,5,4096,8388608,4194304,11,cycle,post,1873,4194304,1.00000000000000000,-0.000000000
4,5,4096,8388608,4194304,11,cycle,post,1874,4194304,1.00000000000000000,-0.000000000
4,5,4096,8388608,4194304,11,cycle,post,1875,4194304,1.00000000000000000,-0.000000000
4,5,4096,8388608,4194304,11,cycle,post,1876,4194304,1.00000000000000000,-0.000000000
4,5,4096,8388608,4194304,11,cycle,post,1877,4194304,1.00000000000000000,-0.000000000
4,5,4096,8388608,4194304,11,cycle,post,1878,4194304,1.00000000000000000,-0.000000000
4,5,4096,8388608,4194304,11,cycle,post,1879,4194304,1.00000000000000000,-0.000000000
4,5,4096,8388608,4194304,11,cycle,post,1880,4194304,1.00000000000000000,-0.000000000
4,5,4096,8388608,4194304,11,cycle,post,1881,4194304,1.00000000000000000,-0.000000000
4,5,4096,8388608,4194304,11,cycle,post,1882,4194304,1.00000000000000000,-0.000000000
4,5,4096,8388608,4194304,11,cycle,post,1883,4194304,1.00000000000000000,-0.000000000
4,5,4096,8388608,4194304,11,cycle,post,1884,4194304,1.00000000000000000,-0.000000000
4,5,4096,8388608,4194304,11,cycle,post,1885,4194304,1.00000000000000000,-0.000000000
4,5,4096,8388608,4194304,11,cycle,post,1886,4194304,1.00000000000000000,-0.000000000
4,5,4096,8388608,4194304,11,cycle,post,1887,4194304,1.00000000000000000,-0.000000000
4,5,4096,8388608,4194304,11,cycle,post,1888,4194304,1.00000000000000000,-0.000000000
4,5,4096,8388608,4194304,11,cycle,post,1889,4194304,1.00000000000000000,-0.000000000
4,5,4096,8388608,4194304,11,cycle,post,1890,4194304,1.00000000000000000,-0.000000000
4,5,4096,8388608,4194304,11,cycle,post,1891,4194304,1.00000000000000000,-0.000000000
4,5,4096,8388608,4194304,11,cycle,post,1892,4194304,1.00000000000000000,-0.000000000
4,5,4096,8388608,4194304,11,cycle,post,1893,4194304,1.00000000000000000,-0.000000000
4,5,4096,8388608,4194304,11,cycle,post,1894,4194304,1.00000000000000000,-0.000000000
4,5,4096,8388608,4194304,11,cycle,post,1895,4194304,1.00000000000000000,-0.000000000
4,5,4096,8388608,4194304,11,cycle,post,1896,4194304,1.00000000000000000,-0.000000000
4,5,4096,8388608,4194304,11,cycle,post,1897,4194304,1.00000000000000000,-0.000000000
4,5,4096,8388608,4194304,11,cycle,post,1898,4194304,1.00000000000000000,-0.000000000
4,5,4096,8388608,4194304,11,cycle,post,1899,4194304,1.00000000000000000,-0.000000000
4,5,4096,8388608,4194304,11,cycle,post,1900,4194304,1.00000000000000000,-0.000000000
4,5,4096,8388608,4194304,11,cycle,post,1901,4194304,1.00000000000000000,-0.000000000
4,5,4096,8388608,4194304,11,cycle,post,1902,4194304,1.00000000000000000,-0.000000000
4,5,4096,8388608,4194304,11,cycle,post,1903,4194304,1.00000000000000000,-0.000000000
4,5,4096,8388608,4194304,11,cycle,post,1904,4194304,1.00000000000000000,-0.000000000
4,5,4096,8388608,4194304,11,cycle,post,1905,4194304,1.00000000000000000,-0.000000000
4,5,4096,8388608,4194304,11,cycle,post,1906,4194304,1.00000000000000000,-0.000000000
4,5,4096,8388608,4194304,11,cycle,post,1907,4194304,1.00000000000000000,-0.000000000
4,5,4096,8388608,4194304,11,cycle,post,1908,4194304,1.00000000000000000,-0.000000000
4,5,4096,8388608,4194304,11,cycle,post,1909,4194304,1.00000000000000000,-0.000000000
4,5,4096,8388608,4194304,11,cycle,post,1910,4194304,1.00000000000000000,-0.000000000
4,5,4096,8388608,4194304,11,cycle,post,1911,4194304,1.00000000000000000,-0.000000000
4,5,4096,8388608,4194304,11,cycle,post,1912,4194304,1.00000000000000000,-0.000000000
4,5,4096,8388608,4194304,11,cycle,post,1913,4194304,1.00000000000000000,-0.000000000
4,5,4096,8388608,4194304,11,cycle,post,1914,4194304,1.00000000000000000,-0.000000000
4,5,4096,8388608,4194304,11,cycle,post,1915,4194304,1.00000000000000000,-0.000000000
4,5,4096,8388608,4194304,11,cycle,post,1916,4194304,1.00000000000000000,-0.000000000
4,5,4096,8388608,4194304,11,cycle,post,1917,4194304,1.00000000000000000,-0.000000000
4,5,4096,8388608,4194304,11,cycle,post,1918,4194304,1.00000000000000000,-0.000000000
4,5,4096,8388608,4194304,11,cycle,post,1919,4194304,1.00000000000000000,-0.000000000
4,5,4096,8388608,4194304,11,cycle,post,1920,4194304,1.00000000000000000,-0.000000000
4,5,4096,8388608,4194304,11,cycle,post,1921,4194304,1.00000000000000000,-0.000000000
4,5,4096,8388608,4194304,11,cycle,post,1922,4194304,1.00000000000000000,-0.000000000
4,5,4096,8388608,4194304,11,cycle,post,1923,4194304,1.00000000000000000,-0.000000000
4,5,4096,8388608,4194304,11,cycle,post,1924,4194304,1.00000000000000000,-0.000000000
4,5,4096,8388608,4194304,11,cycle,post,1925,4194304,1.00000000000000000,-0.000000000
4,5,4096,8388608,4194304,11,cycle,post,1926,4194304,1.00000000000000000,-0.000000000
4,5,4096,8388608,4194304,11,cycle,post,1927,4194304,1.00000000000000000,-0.000000000
4,5,4096,8388608,4194304,11,cycle,post,1928,4194304,1.00000000000000000,-0.000000000
4,5,4096,8388608,4194304,11,cycle,post,1929,4194304,1.00000000000000000,-0.000000000
4,5,4096,8388608,4194304,11,cycle,post,1930,4194304,1.00000000000000000,-0.000000000
4,5,4096,8388608,4194304,11,cycle,post,1931,4194304,1.00000000000000000,-0.000000000
4,5,4096,8388608,4194304,11,cycle,post,1932,4194304,1.00000000000000000,-0.000000000
4,5,4096,8388608,4194304,11,cycle,post,1933,4194304,1.00000000000000000,-0.000000000
4,5,4096,8388608,4194304,11,cycle,post,1934,4194304,1.00000000000000000,-0.000000000
4,5,4096,8388608,4194304,11,cycle,post,1935,4194304,1.00000000000000000,-0.000000000
4,5,4096,8388608,4194304,11,cycle,post,1936,4194304,1.00000000000000000,-0.000000000
4,5,4096,8388608,4194304,11,cycle,post,1937,4194304,1.00000000000000000,-0.000000000
4,5,4096,8388608,4194304,11,cycle,post,1938,4194304,1.00000000000000000,-0.000000000
4,5,4096,8388608,4194304,11,cycle,post,1939,4194304,1.00000000000000000,-0.000000000
4,5,4096,8388608,4194304,11,cycle,post,1940,4194304,1.00000000000000000,-0.000000000
4,5,4096,8388608,4194304,11,cycle,post,1941,4194304,1.00000000000000000,-0.000000000
4,5,4096,8388608,4194304,11,cycle,post,1942,4194304,1.00000000000000000,-0.000000000
4,5,4096,8388608,4194304,11,cycle,post,1943,4194304,1.00000000000000000,-0.000000000
4,5,4096,8388608,4194304,11,cycle,post,1944,4194304,1.00000000000000000,-0.000000000
4,5,4096,8388608,4194304,11,cycle,post,1945,4194304,1.00000000000000000,-0.000000000
4,5,4096,8388608,4194304,11,cycle,post,1946,4194304,1.00000000000000000,-0.000000000
4,5,4096,8388608,4194304,11,cycle,post,1947,4194304,1.00000000000000000,-0.000000000
4,5,4096,8388608,4194304,11,cycle,post,1948,4194304,1.00000000000000000,-0.000000000
4,5,4096,8388608,4194304,11,cycle,post,1949,4194304,1.00000000000000000,-0.000000000
4,5,4096,8388608,4194304,11,cycle,post,1950,4194304,1.00000000000000000,-0.000000000
4,5,4096,8388608,4194304,11,cycle,post,1951,4194304,1.00000000000000000,-0.000000000
4,5,4096,8388608,4194304,11,cycle,post,1952,4194304,1.00000000000000000,-0.000000000
4,5,4096,8388608,4194304,11,cycle,post,1953,4194304,1.00000000000000000,-0.000000000
4,5,4096,8388608,4194304,11,cycle,post,1954,4194304,1.00000000000000000,-0.000000000
4,5,4096,8388608,4194304,11,cycle,post,1955,4194304,1.00000000000000000,-0.000000000
4,5,4096,8388608,4194304,11,cycle,post,1956,4194304,1.00000000000000000,-0.000000000
4,5,4096,8388608,4194304,11,cycle,post,1957,4194304,1.00000000000000000,-0.000000000
4,5,4096,8388608,4194304,11,cycle,post,1958,4194304,1.00000000000000000,-0.000000000
4,5,4096,8388608,4194304,11,cycle,post,1959,4194304,1.00000000000000000,-0.000000000
4,5,4096,8388608,4194304,11,cycle,post,1960,4194304,1.00000000000000000,-0.000000000
4,5,4096,8388608,4194304,11,cycle,post,1961,4194304,1.00000000000000000,-0.000000000
4,5,4096,8388608,4194304,11,cycle,post,1962,4194304,1.00000000000000000,-0.000000000
4,5,4096,8388608,4194304,11,cycle,post,1963,4194304,1.00000000000000000,-0.000000000
4,5,4096,8388608,4194304,11,cycle,post,1964,4194304,1.00000000000000000,-0.000000000
4,5,4096,8388608,4194304,11,cycle,post,1965,4194304,1.00000000000000000,-0.000000000
4,5,4096,8388608,4194304,11,cycle,post,1966,4194304,1.00000000000000000,-0.000000000
4,5,4096,8388608,4194304,11,cycle,post,1967,4194304,1.00000000000000000,-0.000000000
4,5,4096,8388608,4194304,11,cycle,post,1968,4194304,1.00000000000000000,-0.000000000
4,5,4096,8388608,4194304,11,cycle,post,1969,4194304,1.00000000000000000,-0.000000000
4,5,4096,8388608,4194304,11,cycle,post,1970,4194304,1.00000000000000000,-0.000000000
4,5,4096,8388608,4194304,11,cycle,post,1971,4194304,1.00000000000000000,-0.000000000
4,5,4096,8388608,4194304,11,cycle,post,1972,4194304,1.00000000000000000,-0.000000000
4,5,4096,8388608,4194304,11,cycle,post,1973,4194304,1.00000000000000000,-0.000000000
4,5,4096,8388608,4194304,11,cycle,post,1974,4194304,1.00000000000000000,-0.000000000
4,5,4096,8388608,4194304,11,cycle,post,1975,4194304,1.00000000000000000,-0.000000000
4,5,4096,8388608,4194304,11,cycle,post,1976,4194304,1.00000000000000000,-0.000000000
4,5,4096,8388608,4194304,11,cycle,post,1977,4194304,1.00000000000000000,-0.000000000
4,5,4096,8388608,4194304,11,cycle,post,1978,4194304,1.00000000000000000,-0.000000000
4,5,4096,8388608,4194304,11,cycle,post,1979,4194304,1.00000000000000000,-0.000000000
4,5,4096,8388608,4194304,11,cycle,post,1980,4194304,1.00000000000000000,-0.000000000
4,5,4096,8388608,4194304,11,cycle,post,1981,4194304,1.00000000000000000,-0.000000000
4,5,4096,8388608,4194304,11,cycle,post,1982,4194304,1.00000000000000000,-0.000000000
4,5,4096,8388608,4194304,11,cycle,post,1983,4194304,1.00000000000000000,-0.000000000
4,5,4096,8388608,4194304,11,cycle,post,1984,4194304,1.00000000000000000,-0.000000000
4,5,4096,8388608,4194304,11,cycle,post,1985,4194304,1.00000000000000000,-0.000000000
4,5,4096,8388608,4194304,11,cycle,post,1986,4194304,1.00000000000000000,-0.000000000
4,5,4096,8388608,4194304,11,cycle,post,1987,4194304,1.00000000000000000,-0.000000000
4,5,4096,8388608,4194304,11,cycle,post,1988,4194304,1.00000000000000000,-0.000000000
4,5,4096,8388608,4194304,11,cycle,post,1989,4194304,1.00000000000000000,-0.000000000
4,5,4096,8388608,4194304,11,cycle,post,1990,4194304,1.00000000000000000,-0.000000000
4,5,4096,8388608,4194304,11,cycle,post,1991,4194304,1.00000000000000000,-0.000000000
4,5,4096,8388608,4194304,11,cycle,post,1992,4194304,1.00000000000000000,-0.000000000
4,5,4096,8388608,4194304,11,cycle,post,1993,4194304,1.00000000000000000,-0.000000000
4,5,4096,8388608,4194304,11,cycle,post,1994,4194304,1.00000000000000000,-0.000000000
4,5,4096,8388608,4194304,11,cycle,post,1995,4194304,1.00000000000000000,-0.000000000
4,5,4096,8388608,4194304,11,cycle,post,1996,4194304,1.00000000000000000,-0.000000000
4,5,4096,8388608,4194304,11,cycle,post,1997,4194304,1.00000000000000000,-0.000000000
4,5,4096,8388608,4194304,11,cycle,post,1998,4194304,1.00000000000000000,-0.000000000
4,5,4096,8388608,4194304,11,cycle,post,1999,4194304,1.00000000000000000,-0.000000000
4,5,4096,8388608,4194304,11,cycle,post,2000,4194304,1.00000000000000000,-0.000000000
4,5,4096,8388608,4194304,11,cycle,post,2001,4194304,1.00000000000000000,-0.000000000
4,5,4096,8388608,4194304,11,cycle,post,2002,4194304,1.00000000000000000,-0.000000000
4,5,4096,8388608,4194304,11,cycle,post,2003,4194304,1.00000000000000000,-0.000000000
4,5,4096,8388608,4194304,11,cycle,post,2004,4194304,1.00000000000000000,-0.000000000
4,5,4096,8388608,4194304,11,cycle,post,2005,4194304,1.00000000000000000,-0.000000000
4,5,4096,8388608,4194304,11,cycle,post,2006,4194304,1.00000000000000000,-0.000000000
4,5,4096,8388608,4194304,11,cycle,post,2007,4194304,1.00000000000000000,-0.000000000
4,5,4096,8388608,4194304,11,cycle,post,2008,4194304,1.00000000000000000,-0.000000000
4,5,4096,8388608,4194304,11,cycle,post,2009,4194304,1.00000000000000000,-0.000000000
4,5,4096,8388608,4194304,11,cycle,post,2010,4194304,1.00000000000000000,-0.000000000
4,5,4096,8388608,4194304,11,cycle,post,2011,4194304,1.00000000000000000,-0.000000000
4,5,4096,8388608,4194304,11,cycle,post,2012,4194304,1.00000000000000000,-0.000000000
4,5,4096,8388608,4194304,11,cycle,post,2013,4194304,1.00000000000000000,-0.000000000
4,5,4096,8388608,4194304,11,cycle,post,2014,4194304,1.00000000000000000,-0.000000000
4,5,4096,8388608,4194304,11,cycle,post,2015,4194304,1.00000000000000000,-0.000000000
4,5,4096,8388608,4194304,11,cycle,post,2016,4194304,1.00000000000000000,-0.000000000
4,5,4096,8388608,4194304,11,cycle,post,2017,4194304,1.00000000000000000,-0.000000000
4,5,4096,8388608,4194304,11,cycle,post,2018,4194304,1.00000000000000000,-0.000000000
4,5,4096,8388608,4194304,11,cycle,post,2019,4194304,1.00000000000000000,-0.000000000
4,5,4096,8388608,4194304,11,cycle,post,2020,4194304,1.00000000000000000,-0.000000000
4,5,4096,8388608,4194304,11,cycle,post,2021,4194304,1.00000000000000000,-0.000000000
4,5,4096,8388608,4194304,11,cycle,post,2022,4194304,1.00000000000000000,-0.000000000
4,5,4096,8388608,4194304,11,cycle,post,2023,4194304,1.00000000000000000,-0.000000000
4,5,4096,8388608,4194304,11,cycle,post,2024,4194304,1.00000000000000000,-0.000000000
4,5,4096,8388608,4194304,11,cycle,post,2025,4194304,1.00000000000000000,-0.000000000
4,5,4096,8388608,4194304,11,cycle,post,2026,4194304,1.00000000000000000,-0.000000000
4,5,4096,8388608,4194304,11,cycle,post,2027,4194304,1.00000000000000000,-0.000000000
4,5,4096,8388608,4194304,11,cycle,post,2028,4194304,1.00000000000000000,-0.000000000
4,5,4096,8388608,4194304,11,cycle,post,2029,4194304,1.00000000000000000,-0.000000000
4,5,4096,8388608,4194304,11,cycle,post,2030,4194304,1.00000000000000000,-0.000000000
4,5,4096,8388608,4194304,11,cycle,post,2031,4194304,1.00000000000000000,-0.000000000
4,5,4096,8388608,4194304,11,cycle,post,2032,4194304,1.00000000000000000,-0.000000000
4,5,4096,8388608,4194304,11,cycle,post,2033,4194304,1.00000000000000000,-0.000000000
4,5,4096,8388608,4194304,11,cycle,post,2034,4194304,1.00000000000000000,-0.000000000
4,5,4096,8388608,4194304,11,cycle,post,2035,4194304,1.00000000000000000,-0.000000000
4,5,4096,8388608,4194304,11,cycle,post,2036,4194304,1.00000000000000000,-0.000000000
4,5,4096,8388608,4194304,11,cycle,post,2037,4194304,1.00000000000000000,-0.000000000
4,5,4096,8388608,4194304,11,cycle,post,2038,4194304,1.00000000000000000,-0.000000000
4,5,4096,8388608,4194304,11,cycle,post,2039,4194304,1.00000000000000000,-0.000000000
4,5,4096,8388608,4194304,11,cycle,post,2040,4194304,1.00000000000000000,-0.000000000
4,5,4096,8388608,4194304,11,cycle,post,2041,4194304,1.00000000000000000,-0.000000000
4,5,4096,8388608,4194304,11,cycle,post,2042,4194304,1.00000000000000000,-0.000000000
4,5,4096,8388608,4194304,11,cycle,post,2043,4194304,1.00000000000000000,-0.000000000
4,5,4096,8388608,4194304,11,cycle,post,2044,4194304,1.00000000000000000,-0.000000000
4,5,4096,8388608,4194304,11,cycle,post,2045,4194304,1.00000000000000000,-0.000000000
4,5,4096,8388608,4194304,11,cycle,post,2046,4194304,1.00000000000000000,-0.000000000
4,5,4096,8388608,4194304,11,cycle,post,2047,4194304,1.00000000000000000,-0.000000000
4,5,4096,8388608,4194304,11,cycle,post,2048,4194304,1.00000000000000000,-0.000000000
4,5,4096,8388608,4194304,11,cycle,post,2049,4194304,1.00000000000000000,-0.000000000
4,5,4096,8388608,4194304,11,cycle,post,2050,4194304,1.00000000000000000,-0.000000000
4,5,4096,8388608,4194304,11,cycle,post,2051,4194304,1.00000000000000000,-0.000000000
4,5,4096,8388608,4194304,11,cycle,post,2052,4194304,1.00000000000000000,-0.000000000
4,5,4096,8388608,4194304,11,cycle,post,2053,4194304,1.00000000000000000,-0.000000000
4,5,4096,8388608,4194304,11,cycle,post,2054,4194304,1.00000000000000000,-0.000000000
4,5,4096,8388608,4194304,11,cycle,post,2055,4194304,1.00000000000000000,-0.000000000
4,5,4096,8388608,4194304,11,cycle,post,2056,4194304,1.00000000000000000,-0.000000000
4,5,4096,8388608,4194304,11,cycle,post,2057,4194304,1.00000000000000000,-0.000000000
4,5,4096,8388608,4194304,11,cycle,post,2058,4194304,1.00000000000000000,-0.000000000
4,5,4096,8388608,4194304,11,cycle,post,2059,4194304,1.00000000000000000,-0.000000000
4,5,4096,8388608,4194304,11,cycle,post,2060,4194304,1.00000000000000000,-0.000000000
4,5,4096,8388608,4194304,11,cycle,post,2061,4194304,1.00000000000000000,-0.000000000
4,5,4096,8388608,4194304,11,cycle,post,2062,4194304,1.00000000000000000,-0.000000000
4,5,4096,8388608,4194304,11,cycle,post,2063,4194304,1.00000000000000000,-0.000000000
4,5,4096,8388608,4194304,11,cycle,post,2064,4194304,1.00000000000000000,-0.000000000
4,5,4096,8388608,4194304,11,cycle,post,2065,4194304,1.00000000000000000,-0.000000000
4,5,4096,8388608,4194304,11,cycle,post,2066,4194304,1.00000000000000000,-0.000000000
4,5,4096,8388608,4194304,11,cycle,post,2067,4194304,1.00000000000000000,-0.000000000
4,5,4096,8388608,4194304,11,cycle,post,2068,4194304,1.00000000000000000,-0.000000000
4,5,4096,8388608,4194304,11,cycle,post,2069,4194304,1.00000000000000000,-0.000000000
4,5,4096,8388608,4194304,11,cycle,post,2070,4194304,1.00000000000000000,-0.000000000
4,5,4096,8388608,4194304,11,cycle,post,2071,4194304,1.00000000000000000,-0.000000000
4,5,4096,8388608,4194304,11,cycle,post,2072,4194304,1.00000000000000000,-0.000000000
4,5,4096,8388608,4194304,11,cycle,post,2073,4194304,1.00000000000000000,-0.000000000
4,5,4096,8388608,4194304,11,cycle,post,2074,4194304,1.00000000000000000,-0.000000000
4,5,4096,8388608,4194304,11,cycle,post,2075,4194304,1.00000000000000000,-0.000000000
4,5,4096,8388608,4194304,11,cycle,post,2076,4194304,1.00000000000000000,-0.000000000
4,5,4096,8388608,4194304,11,cycle,post,2077,4194304,1.00000000000000000,-0.000000000
4,5,4096,8388608,4194304,11,cycle,post,2078,4194304,1.00000000000000000,-0.000000000
4,5,4096,8388608,4194304,11,cycle,post,2079,4194304,1.00000000000000000,-0.000000000
4,5,4096,8388608,4194304,11,cycle,post,2080,4194304,1.00000000000000000,-0.000000000
4,5,4096,8388608,4194304,11,cycle,post,2081,4194304,1.00000000000000000,-0.000000000
4,5,4096,8388608,4194304,11,cycle,post,2082,4194304,1.00000000000000000,-0.000000000
4,5,4096,8388608,4194304,11,cycle,post,2083,4194304,1.00000000000000000,-0.000000000
4,5,4096,8388608,4194304,11,cycle,post,2084,4194304,1.00000000000000000,-0.000000000
4,5,4096,8388608,4194304,11,cycle,post,2085,4194304,1.00000000000000000,-0.000000000
4,5,4096,8388608,4194304,11,cycle,post,2086,4194304,1.00000000000000000,-0.000000000
4,5,4096,8388608,4194304,11,cycle,post,2087,4194304,1.00000000000000000,-0.000000000
4,5,4096,8388608,4194304,11,cycle,post,2088,4194304,1.00000000000000000,-0.000000000
4,5,4096,8388608,4194304,11,cycle,post,2089,4194304,1.00000000000000000,-0.000000000
4,5,4096,8388608,4194304,11,cycle,post,2090,4194304,1.00000000000000000,-0.000000000
4,5,4096,8388608,4194304,11,cycle,post,2091,4194304,1.00000000000000000,-0.000000000
4,5,4096,8388608,4194304,11,cycle,post,2092,4194304,1.00000000000000000,-0.000000000
4,5,4096,8388608,4194304,11,cycle,post,2093,4194304,1.00000000000000000,-0.000000000
4,5,4096,8388608,4194304,11,cycle,post,2094,4194304,1.00000000000000000,-0.000000000
4,5,4096,8388608,4194304,11,cycle,post,2095,4194304,1.00000000000000000,-0.000000000
4,5,4096,8388608,4194304,11,cycle,post,2096,4194304,1.00000000000000000,-0.000000000
4,5,4096,8388608,4194304,11,cycle,post,2097,4194304,1.00000000000000000,-0.000000000
4,5,4096,8388608,4194304,11,cycle,post,2098,4194304,1.00000000000000000,-0.000000000
4,5,4096,8388608,4194304,11,cycle,post,2099,4194304,1.00000000000000000,-0.000000000
4,5,4096,8388608,4194304,11,cycle,post,2100,4194304,1.00000000000000000,-0.000000000
4,5,4096,8388608,4194304,11,cycle,post,2101,4194304,1.00000000000000000,-0.000000000
4,5,4096,8388608,4194304,11,cycle,post,2102,4194304,1.00000000000000000,-0.000000000
4,5,4096,8388608,4194304,11,cycle,post,2103,4194304,1.00000000000000000,-0.000000000
4,5,4096,8388608,4194304,11,cycle,post,2104,4194304,1.00000000000000000,-0.000000000
4,5,4096,8388608,4194304,11,cycle,post,2105,4194304,1.00000000000000000,-0.000000000
4,5,4096,8388608,4194304,11,cycle,post,2106,4194304,1.00000000000000000,-0.000000000
4,5,4096,8388608,4194304,11,cycle,post,2107,4194304,1.00000000000000000,-0.000000000
4,5,4096,8388608,4194304,11,cycle,post,2108,4194304,1.00000000000000000,-0.000000000
4,5,4096,8388608,4194304,11,cycle,post,2109,4194304,1.00000000000000000,-0.000000000
4,5,4096,8388608,4194304,11,cycle,post,2110,4194304,1.00000000000000000,-0.000000000
4,5,4096,8388608,4194304,11,cycle,post,2111,4194304,1.00000000000000000,-0.000000000
4,5,4096,8388608,4194304,11,cycle,post,2112,4194304,1.00000000000000000,-0.000000000
4,5,4096,8388608,4194304,11,cycle,post,2113,4194304,1.00000000000000000,-0.000000000
4,5,4096,8388608,4194304,11,cycle,post,2114,4194304,1.00000000000000000,-0.000000000
4,5,4096,8388608,4194304,11,cycle,post,2115,4194304,1.00000000000000000,-0.000000000
4,5,4096,8388608,4194304,11,cycle,post,2116,4194304,1.00000000000000000,-0.000000000
4,5,4096,8388608,4194304,11,cycle,post,2117,4194304,1.00000000000000000,-0.000000000
4,5,4096,8388608,4194304,11,cycle,post,2118,4194304,1.00000000000000000,-0.000000000
4,5,4096,8388608,4194304,11,cycle,post,2119,4194304,1.00000000000000000,-0.000000000
4,5,4096,8388608,4194304,11,cycle,post,2120,4194304,1.00000000000000000,-0.000000000
4,5,4096,8388608,4194304,11,cycle,post,2121,4194304,1.00000000000000000,-0.000000000
4,5,4096,8388608,4194304,11,cycle,post,2122,4194304,1.00000000000000000,-0.000000000
4,5,4096,8388608,4194304,11,cycle,post,2123,4194304,1.00000000000000000,-0.000000000
4,5,4096,8388608,4194304,11,cycle,post,2124,4194304,1.00000000000000000,-0.000000000
4,5,4096,8388608,4194304,11,cycle,post,2125,4194304,1.00000000000000000,-0.000000000
4,5,4096,8388608,4194304,11,cycle,post,2126,4194304,1.00000000000000000,-0.000000000
4,5,4096,8388608,4194304,11,cycle,post,2127,4194304,1.00000000000000000,-0.000000000
4,5,4096,8388608,4194304,11,cycle,post,2128,4194304,1.00000000000000000,-0.000000000
4,5,4096,8388608,4194304,11,cycle,post,2129,4194304,1.00000000000000000,-0.000000000
4,5,4096,8388608,4194304,11,cycle,post,2130,4194304,1.00000000000000000,-0.000000000
4,5,4096,8388608,4194304,11,cycle,post,2131,4194304,1.00000000000000000,-0.000000000
4,5,4096,8388608,4194304,11,cycle,post,2132,4194304,1.00000000000000000,-0.000000000
4,5,4096,8388608,4194304,11,cycle,post,2133,4194304,1.00000000000000000,-0.000000000
4,5,4096,8388608,4194304,11,cycle,post,2134,4194304,1.00000000000000000,-0.000000000
4,5,4096,8388608,4194304,11,cycle,post,2135,4194304,1.00000000000000000,-0.000000000
4,5,4096,8388608,4194304,11,cycle,post,2136,4194304,1.00000000000000000,-0.000000000
4,5,4096,8388608,4194304,11,cycle,post,2137,4194304,1.00000000000000000,-0.000000000
4,5,4096,8388608,4194304,11,cycle,post,2138,4194304,1.00000000000000000,-0.000000000
4,5,4096,8388608,4194304,11,cycle,post,2139,4194304,1.00000000000000000,-0.000000000
4,5,4096,8388608,4194304,11,cycle,post,2140,4194304,1.00000000000000000,-0.000000000
4,5,4096,8388608,4194304,11,cycle,post,2141,4194304,1.00000000000000000,-0.000000000
4,5,4096,8388608,4194304,11,cycle,post,2142,4194304,1.00000000000000000,-0.000000000
4,5,4096,8388608,4194304,11,cycle,post,2143,4194304,1.00000000000000000,-0.000000000
4,5,4096,8388608,4194304,11,cycle,post,2144,4194304,1.00000000000000000,-0.000000000
4,5,4096,8388608,4194304,11,cycle,post,2145,4194304,1.00000000000000000,-0.000000000
4,5,4096,8388608,4194304,11,cycle,post,2146,4194304,1.00000000000000000,-0.000000000
4,5,4096,8388608,4194304,11,cycle,post,2147,4194304,1.00000000000000000,-0.000000000
4,5,4096,8388608,4194304,11,cycle,post,2148,4194304,1.00000000000000000,-0.000000000
4,5,4096,8388608,4194304,11,cycle,post,2149,4194304,1.00000000000000000,-0.000000000
4,5,4096,8388608,4194304,11,cycle,post,2150,4194304,1.00000000000000000,-0.000000000
4,5,4096,8388608,4194304,11,cycle,post,2151,4194304,1.00000000000000000,-0.000000000
4,5,4096,8388608,4194304,11,cycle,post,2152,4194304,1.00000000000000000,-0.000000000
4,5,4096,8388608,4194304,11,cycle,post,2153,4194304,1.00000000000000000,-0.000000000
4,5,4096,8388608,4194304,11,cycle,post,2154,4194304,1.00000000000000000,-0.000000000
4,5,4096,8388608,4194304,11,cycle,post,2155,4194304,1.00000000000000000,-0.000000000
4,5,4096,8388608,4194304,11,cycle,post,2156,4194304,1.00000000000000000,-0.000000000
4,5,4096,8388608,4194304,11,cycle,post,2157,4194304,1.00000000000000000,-0.000000000
4,5,4096,8388608,4194304,11,cycle,post,2158,4194304,1.00000000000000000,-0.000000000
4,5,4096,8388608,4194304,11,cycle,post,2159,4194304,1.00000000000000000,-0.000000000
4,5,4096,8388608,4194304,11,cycle,post,2160,4194304,1.00000000000000000,-0.000000000
4,5,4096,8388608,4194304,11,cycle,post,2161,4194304,1.00000000000000000,-0.000000000
4,5,4096,8388608,4194304,11,cycle,post,2162,4194304,1.00000000000000000,-0.000000000
4,5,4096,8388608,4194304,11,cycle,post,2163,4194304,1.00000000000000000,-0.000000000
4,5,4096,8388608,4194304,11,cycle,post,2164,4194304,1.00000000000000000,-0.000000000
4,5,4096,8388608,4194304,11,cycle,post,2165,4194304,1.00000000000000000,-0.000000000
4,5,4096,8388608,4194304,11,cycle,post,2166,4194304,1.00000000000000000,-0.000000000
4,5,4096,8388608,4194304,11,cycle,post,2167,4194304,1.00000000000000000,-0.000000000
4,5,4096,8388608,4194304,11,cycle,post,2168,4194304,1.00000000000000000,-0.000000000
4,5,4096,8388608,4194304,11,cycle,post,2169,4194304,1.00000000000000000,-0.000000000
4,5,4096,8388608,4194304,11,cycle,post,2170,4194304,1.00000000000000000,-0.000000000
4,5,4096,8388608,4194304,11,cycle,post,2171,4194304,1.00000000000000000,-0.000000000
4,5,4096,8388608,4194304,11,cycle,post,2172,4194304,1.00000000000000000,-0.000000000
4,5,4096,8388608,4194304,11,cycle,post,2173,4194304,1.00000000000000000,-0.000000000
4,5,4096,8388608,4194304,11,cycle,post,2174,4194304,1.00000000000000000,-0.000000000
4,5,4096,8388608,4194304,11,cycle,post,2175,4194304,1.00000000000000000,-0.000000000
4,5,4096,8388608,4194304,11,cycle,post,2176,4194304,1.00000000000000000,-0.000000000
4,5,4096,8388608,4194304,11,cycle,post,2177,4194304,1.00000000000000000,-0.000000000
4,5,4096,8388608,4194304,11,cycle,post,2178,4194304,1.00000000000000000,-0.000000000
4,5,4096,8388608,4194304,11,cycle,post,2179,4194304,1.00000000000000000,-0.000000000
4,5,4096,8388608,4194304,11,cycle,post,2180,4194304,1.00000000000000000,-0.000000000
4,5,4096,8388608,4194304,11,cycle,post,2181,4194304,1.00000000000000000,-0.000000000
4,5,4096,8388608,4194304,11,cycle,post,2182,4194304,1.00000000000000000,-0.000000000
4,5,4096,8388608,4194304,11,cycle,post,2183,4194304,1.00000000000000000,-0.000000000
4,5,4096,8388608,4194304,11,cycle,post,2184,4194304,1.00000000000000000,-0.000000000
4,5,4096,8388608,4194304,11,cycle,post,2185,4194304,1.00000000000000000,-0.000000000
4,5,4096,8388608,4194304,11,cycle,post,2186,4194304,1.00000000000000000,-0.000000000
4,5,4096,8388608,4194304,11,cycle,post,2187,4194304,1.00000000000000000,-0.000000000
4,5,4096,8388608,4194304,11,cycle,post,2188,4194304,1.00000000000000000,-0.000000000
4,5,4096,8388608,4194304,11,cycle,post,2189,4194304,1.00000000000000000,-0.000000000
4,5,4096,8388608,4194304,11,cycle,post,2190,4194304,1.00000000000000000,-0.000000000
4,5,4096,8388608,4194304,11,cycle,post,2191,4194304,1.00000000000000000,-0.000000000
4,5,4096,8388608,4194304,11,cycle,post,2192,4194304,1.00000000000000000,-0.000000000
4,5,4096,8388608,4194304,11,cycle,post,2193,4194304,1.00000000000000000,-0.000000000
4,5,4096,8388608,4194304,11,cycle,post,2194,4194304,1.00000000000000000,-0.000000000
4,5,4096,8388608,4194304,11,cycle,post,2195,4194304,1.00000000000000000,-0.000000000
4,5,4096,8388608,4194304,11,cycle,post,2196,4194304,1.00000000000000000,-0.000000000
4,5,4096,8388608,4194304,11,cycle,post,2197,4194304,1.00000000000000000,-0.000000000
4,5,4096,8388608,4194304,11,cycle,post,2198,4194304,1.00000000000000000,-0.000000000
4,5,4096,8388608,4194304,11,cycle,post,2199,4194304,1.00000000000000000,-0.000000000
4,5,4096,8388608,4194304,11,cycle,post,2200,4194304,1.00000000000000000,-0.000000000
4,5,4096,8388608,4194304,11,cycle,post,2201,4194304,1.00000000000000000,-0.000000000
4,5,4096,8388608,4194304,11,cycle,post,2202,4194304,1.00000000000000000,-0.000000000
4,5,4096,8388608,4194304,11,cycle,post,2203,4194304,1.00000000000000000,-0.000000000
4,5,4096,8388608,4194304,11,cycle,post,2204,4194304,1.00000000000000000,-0.000000000
4,5,4096,8388608,4194304,11,cycle,post,2205,4194304,1.00000000000000000,-0.000000000
4,5,4096,8388608,4194304,11,cycle,post,2206,4194304,1.00000000000000000,-0.000000000
4,5,4096,8388608,4194304,11,cycle,post,2207,4194304,1.00000000000000000,-0.000000000
4,5,4096,8388608,4194304,11,cycle,post,2208,4194304,1.00000000000000000,-0.000000000
4,5,4096,8388608,4194304,11,cycle,post,2209,4194304,1.00000000000000000,-0.000000000
4,5,4096,8388608,4194304,11,cycle,post,2210,4194304,1.00000000000000000,-0.000000000
4,5,4096,8388608,4194304,11,cycle,post,2211,4194304,1.00000000000000000,-0.000000000
4,5,4096,8388608,4194304,11,cycle,post,2212,4194304,1.00000000000000000,-0.000000000
4,5,4096,8388608,4194304,11,cycle,post,2213,4194304,1.00000000000000000,-0.000000000
4,5,4096,8388608,4194304,11,cycle,post,2214,4194304,1.00000000000000000,-0.000000000
4,5,4096,8388608,4194304,11,cycle,post,2215,4194304,1.00000000000000000,-0.000000000
4,5,4096,8388608,4194304,11,cycle,post,2216,4194304,1.00000000000000000,-0.000000000
4,5,4096,8388608,4194304,11,cycle,post,2217,4194304,1.00000000000000000,-0.000000000
4,5,4096,8388608,4194304,11,cycle,post,2218,4194304,1.00000000000000000,-0.000000000
4,5,4096,8388608,4194304,11,cycle,post,2219,4194304,1.00000000000000000,-0.000000000
4,5,4096,8388608,4194304,11,cycle,post,2220,4194304,1.00000000000000000,-0.000000000
4,5,4096,8388608,4194304,11,cycle,post,2221,4194304,1.00000000000000000,-0.000000000
4,5,4096,8388608,4194304,11,cycle,post,2222,4194304,1.00000000000000000,-0.000000000
4,5,4096,8388608,4194304,11,cycle,post,2223,4194304,1.00000000000000000,-0.000000000
4,5,4096,8388608,4194304,11,cycle,post,2224,4194304,1.00000000000000000,-0.000000000
4,5,4096,8388608,4194304,11,cycle,post,2225,4194304,1.00000000000000000,-0.000000000
4,5,4096,8388608,4194304,11,cycle,post,2226,4194304,1.00000000000000000,-0.000000000
4,5,4096,8388608,4194304,11,cycle,post,2227,4194304,1.00000000000000000,-0.000000000
4,5,4096,8388608,4194304,11,cycle,post,2228,4194304,1.00000000000000000,-0.000000000
4,5,4096,8388608,4194304,11,cycle,post,2229,4194304,1.00000000000000000,-0.000000000
4,5,4096,8388608,4194304,11,cycle,post,2230,4194304,1.00000000000000000,-0.000000000
4,5,4096,8388608,4194304,11,cycle,post,2231,4194304,1.00000000000000000,-0.000000000
4,5,4096,8388608,4194304,11,cycle,post,2232,4194304,1.00000000000000000,-0.000000000
4,5,4096,8388608,4194304,11,cycle,post,2233,4194304,1.00000000000000000,-0.000000000
4,5,4096,8388608,4194304,11,cycle,post,2234,4194304,1.00000000000000000,-0.000000000
4,5,4096,8388608,4194304,11,cycle,post,2235,4194304,1.00000000000000000,-0.000000000
4,5,4096,8388608,4194304,11,cycle,post,2236,4194304,1.00000000000000000,-0.000000000
4,5,4096,8388608,4194304,11,cycle,post,2237,4194304,1.00000000000000000,-0.000000000
4,5,4096,8388608,4194304,11,cycle,post,2238,4194304,1.00000000000000000,-0.000000000
4,5,4096,8388608,4194304,11,cycle,post,2239,4194304,1.00000000000000000,-0.000000000
4,5,4096,8388608,4194304,11,cycle,post,2240,4194304,1.00000000000000000,-0.000000000
4,5,4096,8388608,4194304,11,cycle,post,2241,4194304,1.00000000000000000,-0.000000000
4,5,4096,8388608,4194304,11,cycle,post,2242,4194304,1.00000000000000000,-0.000000000
4,5,4096,8388608,4194304,11,cycle,post,2243,4194304,1.00000000000000000,-0.000000000
4,5,4096,8388608,4194304,11,cycle,post,2244,4194304,1.00000000000000000,-0.000000000
4,5,4096,8388608,4194304,11,cycle,post,2245,4194304,1.00000000000000000,-0.000000000
4,5,4096,8388608,4194304,11,cycle,post,2246,4194304,1.00000000000000000,-0.000000000
4,5,4096,8388608,4194304,11,cycle,post,2247,4194304,1.00000000000000000,-0.000000000
4,5,4096,8388608,4194304,11,cycle,post,2248,4194304,1.00000000000000000,-0.000000000
4,5,4096,8388608,4194304,11,cycle,post,2249,4194304,1.00000000000000000,-0.000000000
4,5,4096,8388608,4194304,11,cycle,post,2250,4194304,1.00000000000000000,-0.000000000
4,5,4096,8388608,4194304,11,cycle,post,2251,4194304,1.00000000000000000,-0.000000000
4,5,4096,8388608,4194304,11,cycle,post,2252,4194304,1.00000000000000000,-0.000000000
4,5,4096,8388608,4194304,11,cycle,post,2253,4194304,1.00000000000000000,-0.000000000
4,5,4096,8388608,4194304,11,cycle,post,2254,4194304,1.00000000000000000,-0.000000000
4,5,4096,8388608,4194304,11,cycle,post,2255,4194304,1.00000000000000000,-0.000000000
4,5,4096,8388608,4194304,11,cycle,post,2256,4194304,1.00000000000000000,-0.000000000
4,5,4096,8388608,4194304,11,cycle,post,2257,4194304,1.00000000000000000,-0.000000000
4,5,4096,8388608,4194304,11,cycle,post,2258,4194304,1.00000000000000000,-0.000000000
4,5,4096,8388608,4194304,11,cycle,post,2259,4194304,1.00000000000000000,-0.000000000
4,5,4096,8388608,4194304,11,cycle,post,2260,4194304,1.00000000000000000,-0.000000000
4,5,4096,8388608,4194304,11,cycle,post,2261,4194304,1.00000000000000000,-0.000000000
4,5,4096,8388608,4194304,11,cycle,post,2262,4194304,1.00000000000000000,-0.000000000
4,5,4096,8388608,4194304,11,cycle,post,2263,4194304,1.00000000000000000,-0.000000000
4,5,4096,8388608,4194304,11,cycle,post,2264,4194304,1.00000000000000000,-0.000000000
4,5,4096,8388608,4194304,11,cycle,post,2265,4194304,1.00000000000000000,-0.000000000
4,5,4096,8388608,4194304,11,cycle,post,2266,4194304,1.00000000000000000,-0.000000000
4,5,4096,8388608,4194304,11,cycle,post,2267,4194304,1.00000000000000000,-0.000000000
4,5,4096,8388608,4194304,11,cycle,post,2268,4194304,1.00000000000000000,-0.000000000
4,5,4096,8388608,4194304,11,cycle,post,2269,4194304,1.00000000000000000,-0.000000000
4,5,4096,8388608,4194304,11,cycle,post,2270,4194304,1.00000000000000000,-0.000000000
4,5,4096,8388608,4194304,11,cycle,post,2271,4194304,1.00000000000000000,-0.000000000
4,5,4096,8388608,4194304,11,cycle,post,2272,4194304,1.00000000000000000,-0.000000000
4,5,4096,8388608,4194304,11,cycle,post,2273,4194304,1.00000000000000000,-0.000000000
4,5,4096,8388608,4194304,11,cycle,post,2274,4194304,1.00000000000000000,-0.000000000
4,5,4096,8388608,4194304,11,cycle,post,2275,4194304,1.00000000000000000,-0.000000000
4,5,4096,8388608,4194304,11,cycle,post,2276,4194304,1.00000000000000000,-0.000000000
4,5,4096,8388608,4194304,11,cycle,post,2277,4194304,1.00000000000000000,-0.000000000
4,5,4096,8388608,4194304,11,cycle,post,2278,4194304,1.00000000000000000,-0.000000000
4,5,4096,8388608,4194304,11,cycle,post,2279,4194304,1.00000000000000000,-0.000000000
4,5,4096,8388608,4194304,11,cycle,post,2280,4194304,1.00000000000000000,-0.000000000
4,5,4096,8388608,4194304,11,cycle,post,2281,4194304,1.00000000000000000,-0.000000000
4,5,4096,8388608,4194304,11,cycle,post,2282,4194304,1.00000000000000000,-0.000000000
4,5,4096,8388608,4194304,11,cycle,post,2283,4194304,1.00000000000000000,-0.000000000
4,5,4096,8388608,4194304,11,cycle,post,2284,4194304,1.00000000000000000,-0.000000000
4,5,4096,8388608,4194304,11,cycle,post,2285,4194304,1.00000000000000000,-0.000000000
4,5,4096,8388608,4194304,11,cycle,post,2286,4194304,1.00000000000000000,-0.000000000
4,5,4096,8388608,4194304,11,cycle,post,2287,4194304,1.00000000000000000,-0.000000000
4,5,4096,8388608,4194304,11,cycle,post,2288,4194304,1.00000000000000000,-0.000000000
4,5,4096,8388608,4194304,11,cycle,post,2289,4194304,1.00000000000000000,-0.000000000
4,5,4096,8388608,4194304,11,cycle,post,2290,4194304,1.00000000000000000,-0.000000000
4,5,4096,8388608,4194304,11,cycle,post,2291,4194304,1.00000000000000000,-0.000000000
4,5,4096,8388608,4194304,11,cycle,post,2292,4194304,1.00000000000000000,-0.000000000
4,5,4096,8388608,4194304,11,cycle,post,2293,4194304,1.00000000000000000,-0.000000000
4,5,4096,8388608,4194304,11,cycle,post,2294,4194304,1.00000000000000000,-0.000000000
4,5,4096,8388608,4194304,11,cycle,post,2295,4194304,1.00000000000000000,-0.000000000
4,5,4096,8388608,4194304,11,cycle,post,2296,4194304,1.00000000000000000,-0.000000000
4,5,4096,8388608,4194304,11,cycle,post,2297,4194304,1.00000000000000000,-0.000000000
4,5,4096,8388608,4194304,11,cycle,post,2298,4194304,1.00000000000000000,-0.000000000
4,5,4096,8388608,4194304,11,cycle,post,2299,4194304,1.00000000000000000,-0.000000000
4,5,4096,8388608,4194304,11,cycle,post,2300,4194304,1.00000000000000000,-0.000000000
4,5,4096,8388608,4194304,11,cycle,post,2301,4194304,1.00000000000000000,-0.000000000
4,5,4096,8388608,4194304,11,cycle,post,2302,4194304,1.00000000000000000,-0.000000000
4,5,4096,8388608,4194304,11,cycle,post,2303,4194304,1.00000000000000000,-0.000000000
4,5,4096,8388608,4194304,11,cycle,post,2304,4194304,1.00000000000000000,-0.000000000
4,5,4096,8388608,4194304,11,cycle,post,2305,4194304,1.00000000000000000,-0.000000000
4,5,4096,8388608,4194304,11,cycle,post,2306,4194304,1.00000000000000000,-0.000000000
4,5,4096,8388608,4194304,11,cycle,post,2307,4194304,1.00000000000000000,-0.000000000
4,5,4096,8388608,4194304,11,cycle,post,2308,4194304,1.00000000000000000,-0.000000000
4,5,4096,8388608,4194304,11,cycle,post,2309,4194304,1.00000000000000000,-0.000000000
4,5,4096,8388608,4194304,11,cycle,post,2310,4194304,1.00000000000000000,-0.000000000
4,5,4096,8388608,4194304,11,cycle,post,2311,4194304,1.00000000000000000,-0.000000000
4,5,4096,8388608,4194304,11,cycle,post,2312,4194304,1.00000000000000000,-0.000000000
4,5,4096,8388608,4194304,11,cycle,post,2313,4194304,1.00000000000000000,-0.000000000
4,5,4096,8388608,4194304,11,cycle,post,2314,4194304,1.00000000000000000,-0.000000000
4,5,4096,8388608,4194304,11,cycle,post,2315,4194304,1.00000000000000000,-0.000000000
4,5,4096,8388608,4194304,11,cycle,post,2316,4194304,1.00000000000000000,-0.000000000
4,5,4096,8388608,4194304,11,cycle,post,2317,4194304,1.00000000000000000,-0.000000000
4,5,4096,8388608,4194304,11,cycle,post,2318,4194304,1.00000000000000000,-0.000000000
4,5,4096,8388608,4194304,11,cycle,post,2319,4194304,1.00000000000000000,-0.000000000
4,5,4096,8388608,4194304,11,cycle,post,2320,4194304,1.00000000000000000,-0.000000000
4,5,4096,8388608,4194304,11,cycle,post,2321,4194304,1.00000000000000000,-0.000000000
4,5,4096,8388608,4194304,11,cycle,post,2322,4194304,1.00000000000000000,-0.000000000
4,5,4096,8388608,4194304,11,cycle,post,2323,4194304,1.00000000000000000,-0.000000000
4,5,4096,8388608,4194304,11,cycle,post,2324,4194304,1.00000000000000000,-0.000000000
4,5,4096,8388608,4194304,11,cycle,post,2325,4194304,1.00000000000000000,-0.000000000
4,5,4096,8388608,4194304,11,cycle,post,2326,4194304,1.00000000000000000,-0.000000000
4,5,4096,8388608,4194304,11,cycle,post,2327,4194304,1.00000000000000000,-0.000000000
4,5,4096,8388608,4194304,11,cycle,post,2328,4194304,1.00000000000000000,-0.000000000
4,5,4096,8388608,4194304,11,cycle,post,2329,4194304,1.00000000000000000,-0.000000000
4,5,4096,8388608,4194304,11,cycle,post,2330,4194304,1.00000000000000000,-0.000000000
4,5,4096,8388608,4194304,11,cycle,post,2331,4194304,1.00000000000000000,-0.000000000
4,5,4096,8388608,4194304,11,cycle,post,2332,4194304,1.00000000000000000,-0.000000000
4,5,4096,8388608,4194304,11,cycle,post,2333,4194304,1.00000000000000000,-0.000000000
4,5,4096,8388608,4194304,11,cycle,post,2334,4194304,1.00000000000000000,-0.000000000
4,5,4096,8388608,4194304,11,cycle,post,2335,4194304,1.00000000000000000,-0.000000000
4,5,4096,8388608,4194304,11,cycle,post,2336,4194304,1.00000000000000000,-0.000000000
4,5,4096,8388608,4194304,11,cycle,post,2337,4194304,1.00000000000000000,-0.000000000
4,5,4096,8388608,4194304,11,cycle,post,2338,4194304,1.00000000000000000,-0.000000000
4,5,4096,8388608,4194304,11,cycle,post,2339,4194304,1.00000000000000000,-0.000000000
4,5,4096,8388608,4194304,11,cycle,post,2340,4194304,1.00000000000000000,-0.000000000
4,5,4096,8388608,4194304,11,cycle,post,2341,4194304,1.00000000000000000,-0.000000000
4,5,4096,8388608,4194304,11,cycle,post,2342,4194304,1.00000000000000000,-0.000000000
4,5,4096,8388608,4194304,11,cycle,post,2343,4194304,1.00000000000000000,-0.000000000
4,5,4096,8388608,4194304,11,cycle,post,2344,4194304,1.00000000000000000,-0.000000000
4,5,4096,8388608,4194304,11,cycle,post,2345,4194304,1.00000000000000000,-0.000000000
4,5,4096,8388608,4194304,11,cycle,post,2346,4194304,1.00000000000000000,-0.000000000
4,5,4096,8388608,4194304,11,cycle,post,2347,4194304,1.00000000000000000,-0.000000000
4,5,4096,8388608,4194304,11,cycle,post,2348,4194304,1.00000000000000000,-0.000000000
4,5,4096,8388608,4194304,11,cycle,post,2349,4194304,1.00000000000000000,-0.000000000
4,5,4096,8388608,4194304,11,cycle,post,2350,4194304,1.00000000000000000,-0.000000000
4,5,4096,8388608,4194304,11,cycle,post,2351,4194304,1.00000000000000000,-0.000000000
4,5,4096,8388608,4194304,11,cycle,post,2352,4194304,1.00000000000000000,-0.000000000
4,5,4096,8388608,4194304,11,cycle,post,2353,4194304,1.00000000000000000,-0.000000000
4,5,4096,8388608,4194304,11,cycle,post,2354,4194304,1.00000000000000000,-0.000000000
4,5,4096,8388608,4194304,11,cycle,post,2355,4194304,1.00000000000000000,-0.000000000
4,5,4096,8388608,4194304,11,cycle,post,2356,4194304,1.00000000000000000,-0.000000000
4,5,4096,8388608,4194304,11,cycle,post,2357,4194304,1.00000000000000000,-0.000000000
4,5,4096,8388608,4194304,11,cycle,post,2358,4194304,1.00000000000000000,-0.000000000
4,5,4096,8388608,4194304,11,cycle,post,2359,4194304,1.00000000000000000,-0.000000000
4,5,4096,8388608,4194304,11,cycle,post,2360,4194304,1.00000000000000000,-0.000000000
4,5,4096,8388608,4194304,11,cycle,post,2361,4194304,1.00000000000000000,-0.000000000
4,5,4096,8388608,4194304,11,cycle,post,2362,4194304,1.00000000000000000,-0.000000000
4,5,4096,8388608,4194304,11,cycle,post,2363,4194304,1.00000000000000000,-0.000000000
4,5,4096,8388608,4194304,11,cycle,post,2364,4194304,1.00000000000000000,-0.000000000
4,5,4096,8388608,4194304,11,cycle,post,2365,4194304,1.00000000000000000,-0.000000000
4,5,4096,8388608,4194304,11,cycle,post,2366,4194304,1.00000000000000000,-0.000000000
4,5,4096,8388608,4194304,11,cycle,post,2367,4194304,1.00000000000000000,-0.000000000
4,5,4096,8388608,4194304,11,cycle,post,2368,4194304,1.00000000000000000,-0.000000000
4,5,4096,8388608,4194304,11,cycle,post,2369,4194304,1.00000000000000000,-0.000000000
4,5,4096,8388608,4194304,11,cycle,post,2370,4194304,1.00000000000000000,-0.000000000
4,5,4096,8388608,4194304,11,cycle,post,2371,4194304,1.00000000000000000,-0.000000000
4,5,4096,8388608,4194304,11,cycle,post,2372,4194304,1.00000000000000000,-0.000000000
4,5,4096,8388608,4194304,11,cycle,post,2373,4194304,1.00000000000000000,-0.000000000
4,5,4096,8388608,4194304,11,cycle,post,2374,4194304,1.00000000000000000,-0.000000000
4,5,4096,8388608,4194304,11,cycle,post,2375,4194304,1.00000000000000000,-0.000000000
4,5,4096,8388608,4194304,11,cycle,post,2376,4194304,1.00000000000000000,-0.000000000
4,5,4096,8388608,4194304,11,cycle,post,2377,4194304,1.00000000000000000,-0.000000000
4,5,4096,8388608,4194304,11,cycle,post,2378,4194304,1.00000000000000000,-0.000000000
4,5,4096,8388608,4194304,11,cycle,post,2379,4194304,1.00000000000000000,-0.000000000
4,5,4096,8388608,4194304,11,cycle,post,2380,4194304,1.00000000000000000,-0.000000000
4,5,4096,8388608,4194304,11,cycle,post,2381,4194304,1.00000000000000000,-0.000000000
4,5,4096,8388608,4194304,11,cycle,post,2382,4194304,1.00000000000000000,-0.000000000
4,5,4096,8388608,4194304,11,cycle,post,2383,4194304,1.00000000000000000,-0.000000000
4,5,4096,8388608,4194304,11,cycle,post,2384,4194304,1.00000000000000000,-0.000000000
4,5,4096,8388608,4194304,11,cycle,post,2385,4194304,1.00000000000000000,-0.000000000
4,5,4096,8388608,4194304,11,cycle,post,2386,4194304,1.00000000000000000,-0.000000000
4,5,4096,8388608,4194304,11,cycle,post,2387,4194304,1.00000000000000000,-0.000000000
4,5,4096,8388608,4194304,11,cycle,post,2388,4194304,1.00000000000000000,-0.000000000
4,5,4096,8388608,4194304,11,cycle,post,2389,4194304,1.00000000000000000,-0.000000000
4,5,4096,8388608,4194304,11,cycle,post,2390,4194304,1.00000000000000000,-0.000000000
4,5,4096,8388608,4194304,11,cycle,post,2391,4194304,1.00000000000000000,-0.000000000
4,5,4096,8388608,4194304,11,cycle,post,2392,4194304,1.00000000000000000,-0.000000000
4,5,4096,8388608,4194304,11,cycle,post,2393,4194304,1.00000000000000000,-0.000000000
4,5,4096,8388608,4194304,11,cycle,post,2394,4194304,1.00000000000000000,-0.000000000
4,5,4096,8388608,4194304,11,cycle,post,2395,4194304,1.00000000000000000,-0.000000000
4,5,4096,8388608,4194304,11,cycle,post,2396,4194304,1.00000000000000000,-0.000000000
4,5,4096,8388608,4194304,11,cycle,post,2397,4194304,1.00000000000000000,-0.000000000
4,5,4096,8388608,4194304,11,cycle,post,2398,4194304,1.00000000000000000,-0.000000000
4,5,4096,8388608,4194304,11,cycle,post,2399,4194304,1.00000000000000000,-0.000000000
4,5,4096,8388608,4194304,11,cycle,post,2400,4194304,1.00000000000000000,-0.000000000
4,5,4096,8388608,4194304,11,cycle,post,2401,4194304,1.00000000000000000,-0.000000000
4,5,4096,8388608,4194304,11,cycle,post,2402,4194304,1.00000000000000000,-0.000000000
4,5,4096,8388608,4194304,11,cycle,post,2403,4194304,1.00000000000000000,-0.000000000
4,5,4096,8388608,4194304,11,cycle,post,2404,4194304,1.00000000000000000,-0.000000000
4,5,4096,8388608,4194304,11,cycle,post,2405,4194304,1.00000000000000000,-0.000000000
4,5,4096,8388608,4194304,11,cycle,post,2406,4194304,1.00000000000000000,-0.000000000
4,5,4096,8388608,4194304,11,cycle,post,2407,4194304,1.00000000000000000,-0.000000000
4,5,4096,8388608,4194304,11,cycle,post,2408,4194304,1.00000000000000000,-0.000000000
4,5,4096,8388608,4194304,11,cycle,post,2409,4194304,1.00000000000000000,-0.000000000
4,5,4096,8388608,4194304,11,cycle,post,2410,4194304,1.00000000000000000,-0.000000000
4,5,4096,8388608,4194304,11,cycle,post,2411,4194304,1.00000000000000000,-0.000000000
4,5,4096,8388608,4194304,11,cycle,post,2412,4194304,1.00000000000000000,-0.000000000
4,5,4096,8388608,4194304,11,cycle,post,2413,4194304,1.00000000000000000,-0.000000000
4,5,4096,8388608,4194304,11,cycle,post,2414,4194304,1.00000000000000000,-0.000000000
4,5,4096,8388608,4194304,11,cycle,post,2415,4194304,1.00000000000000000,-0.000000000
4,5,4096,8388608,4194304,11,cycle,post,2416,4194304,1.00000000000000000,-0.000000000
4,5,4096,8388608,4194304,11,cycle,post,2417,4194304,1.00000000000000000,-0.000000000
4,5,4096,8388608,4194304,11,cycle,post,2418,4194304,1.00000000000000000,-0.000000000
4,5,4096,8388608,4194304,11,cycle,post,2419,4194304,1.00000000000000000,-0.000000000
4,5,4096,8388608,4194304,11,cycle,post,2420,4194304,1.00000000000000000,-0.000000000
4,5,4096,8388608,4194304,11,cycle,post,2421,4194304,1.00000000000000000,-0.000000000
4,5,4096,8388608,4194304,11,cycle,post,2422,4194304,1.00000000000000000,-0.000000000
4,5,4096,8388608,4194304,11,cycle,post,2423,4194304,1.00000000000000000,-0.000000000
4,5,4096,8388608,4194304,11,cycle,post,2424,4194304,1.00000000000000000,-0.000000000
4,5,4096,8388608,4194304,11,cycle,post,2425,4194304,1.00000000000000000,-0.000000000
4,5,4096,8388608,4194304,11,cycle,post,2426,4194304,1.00000000000000000,-0.000000000
4,5,4096,8388608,4194304,11,cycle,post,2427,4194304,1.00000000000000000,-0.000000000
4,5,4096,8388608,4194304,11,cycle,post,2428,4194304,1.00000000000000000,-0.000000000
4,5,4096,8388608,4194304,11,cycle,post,2429,4194304,1.00000000000000000,-0.000000000
4,5,4096,8388608,4194304,11,cycle,post,2430,4194304,1.00000000000000000,-0.000000000
4,5,4096,8388608,4194304,11,cycle,post,2431,4194304,1.00000000000000000,-0.000000000
4,5,4096,8388608,4194304,11,cycle,post,2432,4194304,1.00000000000000000,-0.000000000
4,5,4096,8388608,4194304,11,cycle,post,2433,4194304,1.00000000000000000,-0.000000000
4,5,4096,8388608,4194304,11,cycle,post,2434,4194304,1.00000000000000000,-0.000000000
4,5,4096,8388608,4194304,11,cycle,post,2435,4194304,1.00000000000000000,-0.000000000
4,5,4096,8388608,4194304,11,cycle,post,2436,4194304,1.00000000000000000,-0.000000000
4,5,4096,8388608,4194304,11,cycle,post,2437,4194304,1.00000000000000000,-0.000000000
4,5,4096,8388608,4194304,11,cycle,post,2438,4194304,1.00000000000000000,-0.000000000
4,5,4096,8388608,4194304,11,cycle,post,2439,4194304,1.00000000000000000,-0.000000000
4,5,4096,8388608,4194304,11,cycle,post,2440,4194304,1.00000000000000000,-0.000000000
4,5,4096,8388608,4194304,11,cycle,post,2441,4194304,1.00000000000000000,-0.000000000
4,5,4096,8388608,4194304,11,cycle,post,2442,4194304,1.00000000000000000,-0.000000000
4,5,4096,8388608,4194304,11,cycle,post,2443,4194304,1.00000000000000000,-0.000000000
4,5,4096,8388608,4194304,11,cycle,post,2444,4194304,1.00000000000000000,-0.000000000
4,5,4096,8388608,4194304,11,cycle,post,2445,4194304,1.00000000000000000,-0.000000000
4,5,4096,8388608,4194304,11,cycle,post,2446,4194304,1.00000000000000000,-0.000000000
4,5,4096,8388608,4194304,11,cycle,post,2447,4194304,1.00000000000000000,-0.000000000
4,5,4096,8388608,4194304,11,cycle,post,2448,4194304,1.00000000000000000,-0.000000000
4,5,4096,8388608,4194304,11,cycle,post,2449,4194304,1.00000000000000000,-0.000000000
4,5,4096,8388608,4194304,11,cycle,post,2450,4194304,1.00000000000000000,-0.000000000
4,5,4096,8388608,4194304,11,cycle,post,2451,4194304,1.00000000000000000,-0.000000000
4,5,4096,8388608,4194304,11,cycle,post,2452,4194304,1.00000000000000000,-0.000000000
4,5,4096,8388608,4194304,11,cycle,post,2453,4194304,1.00000000000000000,-0.000000000
4,5,4096,8388608,4194304,11,cycle,post,2454,4194304,1.00000000000000000,-0.000000000
4,5,4096,8388608,4194304,11,cycle,post,2455,4194304,1.00000000000000000,-0.000000000
4,5,4096,8388608,4194304,11,cycle,post,2456,4194304,1.00000000000000000,-0.000000000
4,5,4096,8388608,4194304,11,cycle,post,2457,4194304,1.00000000000000000,-0.000000000
4,5,4096,8388608,4194304,11,cycle,post,2458,4194304,1.00000000000000000,-0.000000000
4,5,4096,8388608,4194304,11,cycle,post,2459,4194304,1.00000000000000000,-0.000000000
4,5,4096,8388608,4194304,11,cycle,post,2460,4194304,1.00000000000000000,-0.000000000
4,5,4096,8388608,4194304,11,cycle,post,2461,4194304,1.00000000000000000,-0.000000000
4,5,4096,8388608,4194304,11,cycle,post,2462,4194304,1.00000000000000000,-0.000000000
4,5,4096,8388608,4194304,11,cycle,post,2463,4194304,1.00000000000000000,-0.000000000
4,5,4096,8388608,4194304,11,cycle,post,2464,4194304,1.00000000000000000,-0.000000000
4,5,4096,8388608,4194304,11,cycle,post,2465,4194304,1.00000000000000000,-0.000000000
4,5,4096,8388608,4194304,11,cycle,post,2466,4194304,1.00000000000000000,-0.000000000
4,5,4096,8388608,4194304,11,cycle,post,2467,4194304,1.00000000000000000,-0.000000000
4,5,4096,8388608,4194304,11,cycle,post,2468,4194304,1.00000000000000000,-0.000000000
4,5,4096,8388608,4194304,11,cycle,post,2469,4194304,1.00000000000000000,-0.000000000
4,5,4096,8388608,4194304,11,cycle,post,2470,4194304,1.00000000000000000,-0.000000000
4,5,4096,8388608,4194304,11,cycle,post,2471,4194304,1.00000000000000000,-0.000000000
4,5,4096,8388608,4194304,11,cycle,post,2472,4194304,1.00000000000000000,-0.000000000
4,5,4096,8388608,4194304,11,cycle,post,2473,4194304,1.00000000000000000,-0.000000000
4,5,4096,8388608,4194304,11,cycle,post,2474,4194304,1.00000000000000000,-0.000000000
4,5,4096,8388608,4194304,11,cycle,post,2475,4194304,1.00000000000000000,-0.000000000
4,5,4096,8388608,4194304,11,cycle,post,2476,4194304,1.00000000000000000,-0.000000000
4,5,4096,8388608,4194304,11,cycle,post,2477,4194304,1.00000000000000000,-0.000000000
4,5,4096,8388608,4194304,11,cycle,post,2478,4194304,1.00000000000000000,-0.000000000
4,5,4096,8388608,4194304,11,cycle,post,2479,4194304,1.00000000000000000,-0.000000000
4,5,4096,8388608,4194304,11,cycle,post,2480,4194304,1.00000000000000000,-0.000000000
4,5,4096,8388608,4194304,11,cycle,post,2481,4194304,1.00000000000000000,-0.000000000
4,5,4096,8388608,4194304,11,cycle,post,2482,4194304,1.00000000000000000,-0.000000000
4,5,4096,8388608,4194304,11,cycle,post,2483,4194304,1.00000000000000000,-0.000000000
4,5,4096,8388608,4194304,11,cycle,post,2484,4194304,1.00000000000000000,-0.000000000
4,5,4096,8388608,4194304,11,cycle,post,2485,4194304,1.00000000000000000,-0.000000000
4,5,4096,8388608,4194304,11,cycle,post,2486,4194304,1.00000000000000000,-0.000000000
4,5,4096,8388608,4194304,11,cycle,post,2487,4194304,1.00000000000000000,-0.000000000
4,5,4096,8388608,4194304,11,cycle,post,2488,4194304,1.00000000000000000,-0.000000000
4,5,4096,8388608,4194304,11,cycle,post,2489,4194304,1.00000000000000000,-0.000000000
4,5,4096,8388608,4194304,11,cycle,post,2490,4194304,1.00000000000000000,-0.000000000
4,5,4096,8388608,4194304,11,cycle,post,2491,4194304,1.00000000000000000,-0.000000000
4,5,4096,8388608,4194304,11,cycle,post,2492,4194304,1.00000000000000000,-0.000000000
4,5,4096,8388608,4194304,11,cycle,post,2493,4194304,1.00000000000000000,-0.000000000
4,5,4096,8388608,4194304,11,cycle,post,2494,4194304,1.00000000000000000,-0.000000000
4,5,4096,8388608,4194304,11,cycle,post,2495,4194304,1.00000000000000000,-0.000000000
4,5,4096,8388608,4194304,11,cycle,post,2496,4194304,1.00000000000000000,-0.000000000
4,5,4096,8388608,4194304,11,cycle,post,2497,4194304,1.00000000000000000,-0.000000000
4,5,4096,8388608,4194304,11,cycle,post,2498,4194304,1.00000000000000000,-0.000000000
4,5,4096,8388608,4194304,11,cycle,post,2499,4194304,1.00000000000000000,-0.000000000
4,5,4096,8388608,4194304,11,cycle,post,2500,4194304,1.00000000000000000,-0.000000000
4,5,4096,8388608,4194304,11,cycle,post,2501,4194304,1.00000000000000000,-0.000000000
4,5,4096,8388608,4194304,11,cycle,post,2502,4194304,1.00000000000000000,-0.000000000
4,5,4096,8388608,4194304,11,cycle,post,2503,4194304,1.00000000000000000,-0.000000000
4,5,4096,8388608,4194304,11,cycle,post,2504,4194304,1.00000000000000000,-0.000000000
4,5,4096,8388608,4194304,11,cycle,post,2505,4194304,1.00000000000000000,-0.000000000
4,5,4096,8388608,4194304,11,cycle,post,2506,4194304,1.00000000000000000,-0.000000000
4,5,4096,8388608,4194304,11,cycle,post,2507,4194304,1.00000000000000000,-0.000000000
4,5,4096,8388608,4194304,11,cycle,post,2508,4194304,1.00000000000000000,-0.000000000
4,5,4096,8388608,4194304,11,cycle,post,2509,4194304,1.00000000000000000,-0.000000000
4,5,4096,8388608,4194304,11,cycle,post,2510,4194304,1.00000000000000000,-0.000000000
4,5,4096,8388608,4194304,11,cycle,post,2511,4194304,1.00000000000000000,-0.000000000
4,5,4096,8388608,4194304,11,cycle,post,2512,4194304,1.00000000000000000,-0.000000000
4,5,4096,8388608,4194304,11,cycle,post,2513,4194304,1.00000000000000000,-0.000000000
4,5,4096,8388608,4194304,11,cycle,post,2514,4194304,1.00000000000000000,-0.000000000
4,5,4096,8388608,4194304,11,cycle,post,2515,4194304,1.00000000000000000,-0.000000000
4,5,4096,8388608,4194304,11,cycle,post,2516,4194304,1.00000000000000000,-0.000000000
4,5,4096,8388608,4194304,11,cycle,post,2517,4194304,1.00000000000000000,-0.000000000
4,5,4096,8388608,4194304,11,cycle,post,2518,4194304,1.00000000000000000,-0.000000000
4,5,4096,8388608,4194304,11,cycle,post,2519,4194304,1.00000000000000000,-0.000000000
4,5,4096,8388608,4194304,11,cycle,post,2520,4194304,1.00000000000000000,-0.000000000
4,5,4096,8388608,4194304,11,cycle,post,2521,4194304,1.00000000000000000,-0.000000000
4,5,4096,8388608,4194304,11,cycle,post,2522,4194304,1.00000000000000000,-0.000000000
4,5,4096,8388608,4194304,11,cycle,post,2523,4194304,1.00000000000000000,-0.000000000
4,5,4096,8388608,4194304,11,cycle,post,2524,4194304,1.00000000000000000,-0.000000000
4,5,4096,8388608,4194304,11,cycle,post,2525,4194304,1.00000000000000000,-0.000000000
4,5,4096,8388608,4194304,11,cycle,post,2526,4194304,1.00000000000000000,-0.000000000
4,5,4096,8388608,4194304,11,cycle,post,2527,4194304,1.00000000000000000,-0.000000000
4,5,4096,8388608,4194304,11,cycle,post,2528,4194304,1.00000000000000000,-0.000000000
4,5,4096,8388608,4194304,11,cycle,post,2529,4194304,1.00000000000000000,-0.000000000
4,5,4096,8388608,4194304,11,cycle,post,2530,4194304,1.00000000000000000,-0.000000000
4,5,4096,8388608,4194304,11,cycle,post,2531,4194304,1.00000000000000000,-0.000000000
4,5,4096,8388608,4194304,11,cycle,post,2532,4194304,1.00000000000000000,-0.000000000
4,5,4096,8388608,4194304,11,cycle,post,2533,4194304,1.00000000000000000,-0.000000000
4,5,4096,8388608,4194304,11,cycle,post,2534,4194304,1.00000000000000000,-0.000000000
4,5,4096,8388608,4194304,11,cycle,post,2535,4194304,1.00000000000000000,-0.000000000
4,5,4096,8388608,4194304,11,cycle,post,2536,4194304,1.00000000000000000,-0.000000000
4,5,4096,8388608,4194304,11,cycle,post,2537,4194304,1.00000000000000000,-0.000000000
4,5,4096,8388608,4194304,11,cycle,post,2538,4194304,1.00000000000000000,-0.000000000
4,5,4096,8388608,4194304,11,cycle,post,2539,4194304,1.00000000000000000,-0.000000000
4,5,4096,8388608,4194304,11,cycle,post,2540,4194304,1.00000000000000000,-0.000000000
4,5,4096,8388608,4194304,11,cycle,post,2541,4194304,1.00000000000000000,-0.000000000
4,5,4096,8388608,4194304,11,cycle,post,2542,4194304,1.00000000000000000,-0.000000000
4,5,4096,8388608,4194304,11,cycle,post,2543,4194304,1.00000000000000000,-0.000000000
4,5,4096,8388608,4194304,11,cycle,post,2544,4194304,1.00000000000000000,-0.000000000
4,5,4096,8388608,4194304,11,cycle,post,2545,4194304,1.00000000000000000,-0.000000000
4,5,4096,8388608,4194304,11,cycle,post,2546,4194304,1.00000000000000000,-0.000000000
4,5,4096,8388608,4194304,11,cycle,post,2547,4194304,1.00000000000000000,-0.000000000
4,5,4096,8388608,4194304,11,cycle,post,2548,4194304,1.00000000000000000,-0.000000000
4,5,4096,8388608,4194304,11,cycle,post,2549,4194304,1.00000000000000000,-0.000000000
4,5,4096,8388608,4194304,11,cycle,post,2550,4194304,1.00000000000000000,-0.000000000
4,5,4096,8388608,4194304,11,cycle,post,2551,4194304,1.00000000000000000,-0.000000000
4,5,4096,8388608,4194304,11,cycle,post,2552,4194304,1.00000000000000000,-0.000000000
4,5,4096,8388608,4194304,11,cycle,post,2553,4194304,1.00000000000000000,-0.000000000
4,5,4096,8388608,4194304,11,cycle,post,2554,4194304,1.00000000000000000,-0.000000000
4,5,4096,8388608,4194304,11,cycle,post,2555,4194304,1.00000000000000000,-0.000000000
4,5,4096,8388608,4194304,11,cycle,post,2556,4194304,1.00000000000000000,-0.000000000
4,5,4096,8388608,4194304,11,cycle,post,2557,4194304,1.00000000000000000,-0.000000000
4,5,4096,8388608,4194304,11,cycle,post,2558,4194304,1.00000000000000000,-0.000000000
4,5,4096,8388608,4194304,11,cycle,post,2559,4194304,1.00000000000000000,-0.000000000
4,5,4096,8388608,4194304,11,cycle,post,2560,4194304,1.00000000000000000,-0.000000000
4,5,4096,8388608,4194304,11,cycle,post,2561,4194304,1.00000000000000000,-0.000000000
4,5,4096,8388608,4194304,11,cycle,post,2562,4194304,1.00000000000000000,-0.000000000
4,5,4096,8388608,4194304,11,cycle,post,2563,4194304,1.00000000000000000,-0.000000000
4,5,4096,8388608,4194304,11,cycle,post,2564,4194304,1.00000000000000000,-0.000000000
4,5,4096,8388608,4194304,11,cycle,post,2565,4194304,1.00000000000000000,-0.000000000
4,5,4096,8388608,4194304,11,cycle,post,2566,4194304,1.00000000000000000,-0.000000000
4,5,4096,8388608,4194304,11,cycle,post,2567,4194304,1.00000000000000000,-0.000000000
4,5,4096,8388608,4194304,11,cycle,post,2568,4194304,1.00000000000000000,-0.000000000
4,5,4096,8388608,4194304,11,cycle,post,2569,4194304,1.00000000000000000,-0.000000000
4,5,4096,8388608,4194304,11,cycle,post,2570,4194304,1.00000000000000000,-0.000000000
4,5,4096,8388608,4194304,11,cycle,post,2571,4194304,1.00000000000000000,-0.000000000
4,5,4096,8388608,4194304,11,cycle,post,2572,4194304,1.00000000000000000,-0.000000000
4,5,4096,8388608,4194304,11,cycle,post,2573,4194304,1.00000000000000000,-0.000000000
4,5,4096,8388608,4194304,11,cycle,post,2574,4194304,1.00000000000000000,-0.000000000
4,5,4096,8388608,4194304,11,cycle,post,2575,4194304,1.00000000000000000,-0.000000000
4,5,4096,8388608,4194304,11,cycle,post,2576,4194304,1.00000000000000000,-0.000000000
4,5,4096,8388608,4194304,11,cycle,post,2577,4194304,1.00000000000000000,-0.000000000
4,5,4096,8388608,4194304,11,cycle,post,2578,4194304,1.00000000000000000,-0.000000000
4,5,4096,8388608,4194304,11,cycle,post,2579,4194304,1.00000000000000000,-0.000000000
4,5,4096,8388608,4194304,11,cycle,post,2580,4194304,1.00000000000000000,-0.000000000
4,5,4096,8388608,4194304,11,cycle,post,2581,4194304,1.00000000000000000,-0.000000000
4,5,4096,8388608,4194304,11,cycle,post,2582,4194304,1.00000000000000000,-0.000000000
4,5,4096,8388608,4194304,11,cycle,post,2583,4194304,1.00000000000000000,-0.000000000
4,5,4096,8388608,4194304,11,cycle,post,2584,4194304,1.00000000000000000,-0.000000000
4,5,4096,8388608,4194304,11,cycle,post,2585,4194304,1.00000000000000000,-0.000000000
4,5,4096,8388608,4194304,11,cycle,post,2586,4194304,1.00000000000000000,-0.000000000
4,5,4096,8388608,4194304,11,cycle,post,2587,4194304,1.00000000000000000,-0.000000000
4,5,4096,8388608,4194304,11,cycle,post,2588,4194304,1.00000000000000000,-0.000000000
4,5,4096,8388608,4194304,11,cycle,post,2589,4194304,1.00000000000000000,-0.000000000
4,5,4096,8388608,4194304,11,cycle,post,2590,4194304,1.00000000000000000,-0.000000000
4,5,4096,8388608,4194304,11,cycle,post,2591,4194304,1.00000000000000000,-0.000000000
4,5,4096,8388608,4194304,11,cycle,post,2592,4194304,1.00000000000000000,-0.000000000
4,5,4096,8388608,4194304,11,cycle,post,2593,4194304,1.00000000000000000,-0.000000000
4,5,4096,8388608,4194304,11,cycle,post,2594,4194304,1.00000000000000000,-0.000000000
4,5,4096,8388608,4194304,11,cycle,post,2595,4194304,1.00000000000000000,-0.000000000
4,5,4096,8388608,4194304,11,cycle,post,2596,4194304,1.00000000000000000,-0.000000000
4,5,4096,8388608,4194304,11,cycle,post,2597,4194304,1.00000000000000000,-0.000000000
4,5,4096,8388608,4194304,11,cycle,post,2598,4194304,1.00000000000000000,-0.000000000
4,5,4096,8388608,4194304,11,cycle,post,2599,4194304,1.00000000000000000,-0.000000000
4,5,4096,8388608,4194304,11,cycle,post,2600,4194304,1.00000000000000000,-0.000000000
4,5,4096,8388608,4194304,11,cycle,post,2601,4194304,1.00000000000000000,-0.000000000
4,5,4096,8388608,4194304,11,cycle,post,2602,4194304,1.00000000000000000,-0.000000000
4,5,4096,8388608,4194304,11,cycle,post,2603,4194304,1.00000000000000000,-0.000000000
4,5,4096,8388608,4194304,11,cycle,post,2604,4194304,1.00000000000000000,-0.000000000
4,5,4096,8388608,4194304,11,cycle,post,2605,4194304,1.00000000000000000,-0.000000000
4,5,4096,8388608,4194304,11,cycle,post,2606,4194304,1.00000000000000000,-0.000000000
4,5,4096,8388608,4194304,11,cycle,post,2607,4194304,1.00000000000000000,-0.000000000
4,5,4096,8388608,4194304,11,cycle,post,2608,4194304,1.00000000000000000,-0.000000000
4,5,4096,8388608,4194304,11,cycle,post,2609,4194304,1.00000000000000000,-0.000000000
4,5,4096,8388608,4194304,11,cycle,post,2610,4194304,1.00000000000000000,-0.000000000
4,5,4096,8388608,4194304,11,cycle,post,2611,4194304,1.00000000000000000,-0.000000000
4,5,4096,8388608,4194304,11,cycle,post,2612,4194304,1.00000000000000000,-0.000000000
4,5,4096,8388608,4194304,11,cycle,post,2613,4194304,1.00000000000000000,-0.000000000
4,5,4096,8388608,4194304,11,cycle,post,2614,4194304,1.00000000000000000,-0.000000000
4,5,4096,8388608,4194304,11,cycle,post,2615,4194304,1.00000000000000000,-0.000000000
4,5,4096,8388608,4194304,11,cycle,post,2616,4194304,1.00000000000000000,-0.000000000
4,5,4096,8388608,4194304,11,cycle,post,2617,4194304,1.00000000000000000,-0.000000000
4,5,4096,8388608,4194304,11,cycle,post,2618,4194304,1.00000000000000000,-0.000000000
4,5,4096,8388608,4194304,11,cycle,post,2619,4194304,1.00000000000000000,-0.000000000
4,5,4096,8388608,4194304,11,cycle,post,2620,4194304,1.00000000000000000,-0.000000000
4,5,4096,8388608,4194304,11,cycle,post,2621,4194304,1.00000000000000000,-0.000000000
4,5,4096,8388608,4194304,11,cycle,post,2622,4194304,1.00000000000000000,-0.000000000
4,5,4096,8388608,4194304,11,cycle,post,2623,4194304,1.00000000000000000,-0.000000000
4,5,4096,8388608,4194304,11,cycle,post,2624,4194304,1.00000000000000000,-0.000000000
4,5,4096,8388608,4194304,11,cycle,post,2625,4194304,1.00000000000000000,-0.000000000
4,5,4096,8388608,4194304,11,cycle,post,2626,4194304,1.00000000000000000,-0.000000000
4,5,4096,8388608,4194304,11,cycle,post,2627,4194304,1.00000000000000000,-0.000000000
4,5,4096,8388608,4194304,11,cycle,post,2628,4194301,0.99999928474426270,0.000001032
4,5,4096,8388608,4194304,11,cycle,post,2629,4194295,0.99999785423278809,0.000003096
4,5,4096,8388608,4194304,11,cycle,post,2630,4194285,0.99999547004699707,0.000006535
4,5,4096,8388608,4194304,11,cycle,post,2631,4194266,0.99999094009399414,0.000013071
4,5,4096,8388608,4194304,11,cycle,post,2632,4194234,0.99998331069946289,0.000024078
4,5,4096,8388608,4194304,11,cycle,post,2633,4194197,0.99997448921203613,0.000036805
4,5,4096,8388608,4194304,11,cycle,post,2634,4194171,0.99996829032897949,0.000045748
4,5,4096,8388608,4194304,11,cycle,post,2635,4194151,0.99996352195739746,0.000052628
4,5,4096,8388608,4194304,11,cycle,post,2636,4194137,0.99996018409729004,0.000057443
4,5,4096,8388608,4194304,11,cycle,post,2637,4194135,0.99995970726013184,0.000058131
4,5,4096,8388608,4194304,11,cycle,post,2638,4194129,0.99995827674865723,0.000060195
4,5,4096,8388608,4194304,11,cycle,post,2639,4194115,0.99995493888854980,0.000065011
4,5,4096,8388608,4194304,11,cycle,post,2640,4194099,0.99995112419128418,0.000070515
4,5,4096,8388608,4194304,11,cycle,post,2641,4194068,0.99994373321533203,0.000081178
4,5,4096,8388608,4194304,11,cycle,post,2642,4194048,0.99993896484375000,0.000088058
4,5,4096,8388608,4194304,11,cycle,post,2643,4194034,0.99993562698364258,0.000092874
4,5,4096,8388608,4194304,11,cycle,post,2644,4194004,0.99992847442626953,0.000103193
4,5,4096,8388608,4194304,11,cycle,post,2645,4193963,0.99991869926452637,0.000117297
4,5,4096,8388608,4194304,11,cycle,post,2646,4193940,0.99991321563720703,0.000125209
4,5,4096,8388608,4194304,11,cycle,post,2647,4193898,0.99990320205688477,0.000139657
4,5,4096,8388608,4194304,11,cycle,post,2648,4193872,0.99989700317382812,0.000148601
4,5,4096,8388608,4194304,11,cycle,post,2649,4193853,0.99989247322082520,0.000155137
4,5,4096,8388608,4194304,11,cycle,post,2650,4193840,0.99988937377929688,0.000159609
4,5,4096,8388608,4194304,11,cycle,post,2651,4193806,0.99988126754760742,0.000171305
4,5,4096,8388608,4194304,11,cycle,post,2652,4193781,0.99987530708312988,0.000179905
4,5,4096,8388608,4194304,11,cycle,post,2653,4193735,0.99986433982849121,0.000195730
4,5,4096,8388608,4194304,11,cycle,post,2654,4193681,0.99985146522521973,0.000214306
4,5,4096,8388608,4194304,11,cycle,post,2655,4193636,0.99984073638916016,0.000229787
4,5,4096,8388608,4194304,11,cycle,post,2656,4193592,0.99983024597167969,0.000244924
4,5,4096,8388608,4194304,11,cycle,post,2657,4193561,0.99982285499572754,0.000255589
4,5,4096,8388608,4194304,11,cycle,post,2658,4193518,0.99981260299682617,0.000270382
4,5,4096,8388608,4194304,11,cycle,post,2659,4193469,0.99980092048645020,0.000287240
4,5,4096,8388608,4194304,11,cycle,post,2660,4193420,0.99978923797607422,0.000304097
4,5,4096,8388608,4194304,11,cycle,post,2661,4193367,0.99977660179138184,0.000322331
4,5,4096,8388608,4194304,11,cycle,post,2662,4193329,0.99976754188537598,0.000335405
4,5,4096,8388608,4194304,11,cycle,post,2663,4193260,0.99975109100341797,0.000359144
4,5,4096,8388608,4194304,11,cycle,post,2664,4193185,0.99973320960998535,0.000384949
4,5,4096,8388608,4194304,11,cycle,post,2665,4193105,0.99971413612365723,0.000412473
4,5,4096,8388608,4194304,11,cycle,post,2666,4193027,0.99969553947448730,0.000439311
4,5,4096,8388608,4194304,11,cycle,post,2667,4192961,0.99967980384826660,0.000462019
4,5,4096,8388608,4194304,11,cycle,post,2668,4192901,0.99966549873352051,0.000482664
4,5,4096,8388608,4194304,11,cycle,post,2669,4192830,0.99964857101440430,0.000507094
4,5,4096,8388608,4194304,11,cycle,post,2670,4192771,0.99963450431823730,0.000527395
4,5,4096,8388608,4194304,11,cycle,post,2671,4192700,0.99961757659912109,0.000551826
4,5,4096,8388608,4194304,11,cycle,post,2672,4192618,0.99959802627563477,0.000580042
4,5,4096,8388608,4194304,11,cycle,post,2673,4192565,0.99958539009094238,0.000598280
4,5,4096,8388608,4194304,11,cycle,post,2674,4192494,0.99956846237182617,0.000622712
4,5,4096,8388608,4194304,11,cycle,post,2675,4192419,0.99955058097839355,0.000648520
4,5,4096,8388608,4194304,11,cycle,post,2676,4192343,0.99953246116638184,0.000674674
4,5,4096,8388608,4194304,11,cycle,post,2677,4192271,0.99951529502868652,0.000699451
4,5,4096,8388608,4194304,11,cycle,post,2678,4192199,0.99949812889099121,0.000724229
4,5,4096,8388608,4194304,11,cycle,post,2679,4192103,0.99947524070739746,0.000757266
4,5,4096,8388608,4194304,11,cycle,post,2680,4191997,0.99944996833801270,0.000793746
4,5,4096,8388608,4194304,11,cycle,post,2681,4191899,0.99942660331726074,0.000827474
4,5,4096,8388608,4194304,11,cycle,post,2682,4191782,0.99939870834350586,0.000867741
4,5,4096,8388608,4194304,11,cycle,post,2683,4191670,0.99937200546264648,0.000906289
4,5,4096,8388608,4194304,11,cycle,post,2684,4191502,0.99933195114135742,0.000964113
4,5,4096,8388608,4194304,11,cycle,post,2685,4191282,0.99927949905395508,0.001039838
4,5,4096,8388608,4194304,11,cycle,post,2686,4191048,0.99922370910644531,0.001120386
4,5,4096,8388608,4194304,11,cycle,post,2687,4190808,0.99916648864746094,0.001203004
4,5,4096,8388608,4194304,11,cycle,post,2688,4190514,0.99909639358520508,0.001304218
4,5,4096,8388608,4194304,11,cycle,post,2689,4190200,0.99902153015136719,0.001412325
4,5,4096,8388608,4194304,11,cycle,post,2690,4189987,0.99897074699401855,0.001485663
4,5,4096,8388608,4194304,11,cycle,post,2691,4189710,0.99890470504760742,0.001581043
4,5,4096,8388608,4194304,11,cycle,post,2692,4189446,0.99884176254272461,0.001671952
4,5,4096,8388608,4194304,11,cycle,post,2693,4189102,0.99875974655151367,0.001790418
4,5,4096,8388608,4194304,11,cycle,post,2694,4188687,0.99866080284118652,0.001933348
4,5,4096,8388608,4194304,11,cycle,post,2695,4188310,0.99857091903686523,0.002063203
4,5,4096,8388608,4194304,11,cycle,post,2696,4187801,0.99844956398010254,0.002238542
4,5,4096,8388608,4194304,11,cycle,post,2697,4187196,0.99830532073974609,0.002446979
4,5,4096,8388608,4194304,11,cycle,post,2698,4186575,0.99815726280212402,0.002660960
4,5,4096,8388608,4194304,11,cycle,post,2699,4185978,0.99801492691040039,0.002866701
4,5,4096,8388608,4194304,11,cycle,post,2700,4185337,0.99786210060119629,0.003087639
4,5,4096,8388608,4194304,11,cycle,post,2701,4184631,0.99769377708435059,0.003331019
4,5,4096,8388608,4194304,11,cycle,post,2702,4183910,0.99752187728881836,0.003579613
4,5,4096,8388608,4194304,11,cycle,post,2703,4183183,0.99734854698181152,0.003830318
4,5,4096,8388608,4194304,11,cycle,post,2704,4182449,0.99717354774475098,0.004083482
4,5,4096,8388608,4194304,11,cycle,post,2705,4181663,0.99698615074157715,0.004354631
4,5,4096,8388608,4194304,11,cycle,post,2706,4180803,0.99678111076354980,0.004651366
4,5,4096,8388608,4194304,11,cycle,post,2707,4179816,0.99654579162597656,0.004991996
4,5,4096,8388608,4194304,11,cycle,post,2708,4178716,0.99628353118896484,0.005371719
4,5,4096,8388608,4194304,11,cycle,post,2709,4177637,0.99602627754211426,0.005744290
4,5,4096,8388608,4194304,11,cycle,post,2710,4176626,0.99578523635864258,0.006093469
4,5,4096,8388608,4194304,11,cycle,post,2711,4175598,0.99554014205932617,0.006448606
4,5,4096,8388608,4194304,11,cycle,post,2712,4174459,0.99526858329772949,0.006842191
4,5,4096,8388608,4194304,11,cycle,post,2713,4173210,0.99497079849243164,0.007273910
4,5,4096,8388608,4194304,11,cycle,post,2714,4171829,0.99464154243469238,0.007751407
4,5,4096,8388608,4194304,11,cycle,post,2715,4170358,0.99429082870483398,0.008260195
4,5,4096,8388608,4194304,11,cycle,post,2716,4168869,0.99393582344055176,0.008775392
4,5,4096,8388608,4194304,11,cycle,post,2717,4167250,0.99354982376098633,0.009335778
4,5,4096,8388608,4194304,11,cycle,post,2718,4165690,0.99317789077758789,0.009875949
4,5,4096,8388608,4194304,11,cycle,post,2719,4164085,0.99279522895812988,0.010431913
4,5,4096,8388608,4194304,11,cycle,post,2720,4162519,0.99242186546325684,0.010974573
4,5,4096,8388608,4194304,11,cycle,post,2721,4160729,0.99199509620666504,0.011595106
4,5,4096,8388608,4194304,11,cycle,post,2722,4158812,0.99153804779052734,0.012259962
4,5,4096,8388608,4194304,11,cycle,post,2723,4156942,0.99109220504760742,0.012908812
4,5,4096,8388608,4194304,11,cycle,post,2724,4155023,0.99063467979431152,0.013574968
4,5,4096,8388608,4194304,11,cycle,post,2725,4152956,0.99014186859130859,0.014292844
4,5,4096,8388608,4194304,11,cycle,post,2726,4150850,0.98963975906372070,0.015024633
4,5,4096,8388608,4194304,11,cycle,post,2727,4148639,0.98911261558532715,0.015793306
4,5,4096,8388608,4194304,11,cycle,post,2728,4146387,0.98857569694519043,0.016576655
4,5,4096,8388608,4194304,11,cycle,post,2729,4143996,0.98800563812255859,0.017408820
4,5,4096,8388608,4194304,11,cycle,post,2730,4141593,0.98743271827697754,0.018245646
4,5,4096,8388608,4194304,11,cycle,post,2731,4138964,0.98680591583251953,0.019161730
4,5,4096,8388608,4194304,11,cycle,post,2732,4136172,0.98614025115966797,0.020135250
4,5,4096,8388608,4194304,11,cycle,post,2733,4133405,0.98548054695129395,0.021100702
4,5,4096,8388608,4194304,11,cycle,post,2734,4130496,0.98478698730468750,0.022116396
4,5,4096,8388608,4194304,11,cycle,post,2735,4127545,0.98408341407775879,0.023147487
4,5,4096,8388608,4194304,11,cycle,post,2736,4124517,0.98336148262023926,0.024206248
4,5,4096,8388608,4194304,11,cycle,post,2737,4121336,0.98260307312011719,0.025319344
4,5,4096,8388608,4194304,11,cycle,post,2738,4118205,0.98185658454895020,0.026415783
4,5,4096,8388608,4194304,11,cycle,post,2739,4114998,0.98109197616577148,0.027539701
4,5,4096,8388608,4194304,11,cycle,post,2740,4111791,0.98032736778259277,0.028664496
4,5,4096,8388608,4194304,11,cycle,post,2741,4108324,0.97950077056884766,0.029881467
4,5,4096,8388608,4194304,11,cycle,post,2742,4104705,0.97863793373107910,0.031152890
4,5,4096,8388608,4194304,11,cycle,post,2743,4100965,0.97774624824523926,0.032468000
4,5,4096,8388608,4194304,11,cycle,post,2744,4097154,0.97683763504028320,0.033809310
4,5,4096,8388608,4194304,11,cycle,post,2745,4092980,0.97584247589111328,0.035279813
4,5,4096,8388608,4194304,11,cycle,post,2746,4088667,0.97481417655944824,0.036800863
4,5,4096,8388608,4194304,11,cycle,post,2747,4084204,0.97375011444091797,0.038376502
4,5,4096,8388608,4194304,11,cycle,post,2748,4079643,0.97266268730163574,0.039988520
4,5,4096,8388608,4194304,11,cycle,post,2749,4074930,0.97153902053833008,0.041656154
4,5,4096,8388608,4194304,11,cycle,post,2750,4070002,0.97036409378051758,0.043401927
4,5,4096,8388608,4194304,11,cycle,post,2751,4064718,0.96910429000854492,0.045276165
4,5,4096,8388608,4194304,11,cycle,post,2752,4059232,0.96779632568359375,0.047224633
4,5,4096,8388608,4194304,11,cycle,post,2753,4053543,0.96643996238708496,0.049247983
4,5,4096,8388608,4194304,11,cycle,post,2754,4047696,0.96504592895507812,0.051330489
4,5,4096,8388608,4194304,11,cycle,post,2755,4041841,0.96364998817443848,0.053418861
4,5,4096,8388608,4194304,11,cycle,post,2756,4035636,0.96217060089111328,0.055635376
4,5,4096,8388608,4194304,11,cycle,post,2757,4029275,0.96065402030944824,0.057911157
4,5,4096,8388608,4194304,11,cycle,post,2758,4022699,0.95908617973327637,0.060267639
4,5,4096,8388608,4194304,11,cycle,post,2759,4015800,0.95744132995605469,0.062744011
4,5,4096,8388608,4194304,11,cycle,post,2760,4009121,0.95584893226623535,0.065145470
4,5,4096,8388608,4194304,11,cycle,post,2761,4002006,0.95415258407592773,0.067708100
4,5,4096,8388608,4194304,11,cycle,post,2762,3994673,0.95240426063537598,0.070354020
4,5,4096,8388608,4194304,11,cycle,post,2763,3986893,0.95054936408996582,0.073166544
4,5,4096,8388608,4194304,11,cycle,post,2764,3978889,0.94864106178283691,0.076065778
4,5,4096,8388608,4194304,11,cycle,post,2765,3970824,0.94671821594238281,0.078993013
4,5,4096,8388608,4194304,11,cycle,post,2766,3962821,0.94481015205383301,0.081903628
4,5,4096,8388608,4194304,11,cycle,post,2767,3954447,0.94281363487243652,0.084955472
4,5,4096,8388608,4194304,11,cycle,post,2768,3945772,0.94074535369873047,0.088123836
4,5,4096,8388608,4194304,11,cycle,post,2769,3936882,0.93862581253051758,0.091377959
4,5,4096,8388608,4194304,11,cycle,post,2770,3927346,0.93635225296020508,0.094876725
4,5,4096,8388608,4194304,11,cycle,post,2771,3918286,0.93419218063354492,0.098208725
4,5,4096,8388608,4194304,11,cycle,post,2772,3909205,0.93202710151672363,0.101556189
4,5,4096,8388608,4194304,11,cycle,post,2773,3899953,0.92982125282287598,0.104974693
4,5,4096,8388608,4194304,11,cycle,post,2774,3890429,0.92755055427551270,0.108502180
4,5,4096,8388608,4194304,11,cycle,post,2775,3880307,0.92513728141784668,0.112260631
4,5,4096,8388608,4194304,11,cycle,post,2776,3869662,0.92259931564331055,0.116223873
4,5,4096,8388608,4194304,11,cycle,post,2777,3858988,0.92005443572998047,0.120208873
4,5,4096,8388608,4194304,11,cycle,post,2778,3848055,0.91744780540466309,0.124302011
4,5,4096,8388608,4194304,11,cycle,post,2779,3837086,0.91483259201049805,0.128420330
4,5,4096,8388608,4194304,11,cycle,post,2780,3825618,0.91209840774536133,0.132738607
4,5,4096,8388608,4194304,11,cycle,post,2781,3814203,0.90937685966491699,0.137049802
4,5,4096,8388608,4194304,11,cycle,post,2782,3802359,0.90655303001403809,0.141536680
4,5,4096,8388608,4194304,11,cycle,post,2783,3790876,0.90381526947021484,0.145900164
4,5,4096,8388608,4194304,11,cycle,post,2784,3778865,0.90095162391662598,0.150478451
4,5,4096,8388608,4194304,11,cycle,post,2785,3766958,0.89811277389526367,0.155031483
4,5,4096,8388608,4194304,11,cycle,post,2786,3754178,0.89506578445434570,0.159934375
4,5,4096,8388608,4194304,11,cycle,post,2787,3741358,0.89200925827026367,0.164869411
4,5,4096,8388608,4194304,11,cycle,post,2788,3728356,0.88890933990478516,0.169891809
4,5,4096,8388608,4194304,11,cycle,post,2789,3714696,0.88565254211425781,0.175187281
4,5,4096,8388608,4194304,11,cycle,post,2790,3700857,0.88235306739807129,0.180572039
4,5,4096,8388608,4194304,11,cycle,post,2791,3686679,0.87897276878356934,0.186109625
4,5,4096,8388608,4194304,11,cycle,post,2792,3672551,0.87560439109802246,0.191648905
4,5,4096,8388608,4194304,11,cycle,post,2793,3658156,0.87217235565185547,0.197314831
4,5,4096,8388608,4194304,11,cycle,post,2794,3643299,0.86863017082214355,0.203186031
4,5,4096,8388608,4194304,11,cycle,post,2795,3628154,0.86501932144165039,0.209195737
4,5,4096,8388608,4194304,11,cycle,post,2796,3612423,0.86126875877380371,0.215464594
4,5,4096,8388608,4194304,11,cycle,post,2797,3596165,0.85739254951477051,0.221972214
4,5,4096,8388608,4194304,11,cycle,post,2798,3579505,0.85342049598693848,0.228671336
4,5,4096,8388608,4194304,11,cycle,post,2799,3562069,0.84926342964172363,0.235715968
4,5,4096,8388608,4194304,11,cycle,post,2800,3544793,0.84514451026916504,0.242730048
4,5,4096,8388608,4194304,11,cycle,post,2801,3527443,0.84100794792175293,0.249808660
4,5,4096,8388608,4194304,11,cycle,post,2802,3509490,0.83672761917114258,0.257170038
4,5,4096,8388608,4194304,11,cycle,post,2803,3491322,0.83239603042602539,0.264658010
4,5,4096,8388608,4194304,11,cycle,post,2804,3472905,0.82800507545471191,0.272288484
4,5,4096,8388608,4194304,11,cycle,post,2805,3453856,0.82346343994140625,0.280223496
4,5,4096,8388608,4194304,11,cycle,post,2806,3434335,0.81880927085876465,0.288400658
4,5,4096,8388608,4194304,11,cycle,post,2807,3414341,0.81404232978820801,0.296824279
4,5,4096,8388608,4194304,11,cycle,post,2808,3393802,0.80914545059204102,0.305529033
4,5,4096,8388608,4194304,11,cycle,post,2809,3373404,0.80428218841552734,0.314226324
4,5,4096,8388608,4194304,11,cycle,post,2810,3352969,0.79941010475158691,0.322992286
4,5,4096,8388608,4194304,11,cycle,post,2811,3332249,0.79447007179260254,0.331935222
4,5,4096,8388608,4194304,11,cycle,post,2812,3311420,0.78950405120849609,0.340981426
4,5,4096,8388608,4194304,11,cycle,post,2813,3290658,0.78455400466918945,0.350055337
4,5,4096,8388608,4194304,11,cycle,post,2814,3269703,0.77955794334411621,0.359271835
4,5,4096,8388608,4194304,11,cycle,post,2815,3248739,0.77455973625183105,0.368551587
4,5,4096,8388608,4194304,11,cycle,post,2816,3227059,0.76939082145690918,0.378211476
4,5,4096,8388608,4194304,11,cycle,post,2817,3205261,0.76419377326965332,0.387989592
4,5,4096,8388608,4194304,11,cycle,post,2818,3182955,0.75887560844421387,0.398064670
4,5,4096,8388608,4194304,11,cycle,post,2819,3160553,0.75353455543518066,0.408254423
4,5,4096,8388608,4194304,11,cycle,post,2820,3138065,0.74817299842834473,0.418556195
4,5,4096,8388608,4194304,11,cycle,post,2821,3116032,0.74291992187500000,0.428721381
4,5,4096,8388608,4194304,11,cycle,post,2822,3093721,0.73760056495666504,0.439088334
4,5,4096,8388608,4194304,11,cycle,post,2823,3071031,0.73219084739685059,0.449708355
4,5,4096,8388608,4194304,11,cycle,post,2824,3048314,0.72677469253540039,0.460419911
4,5,4096,8388608,4194304,11,cycle,post,2825,3025082,0.72123575210571289,0.471457181
4,5,4096,8388608,4194304,11,cycle,post,2826,3001808,0.71568679809570312,0.482599728
4,5,4096,8388608,4194304,11,cycle,post,2827,2978367,0.71009802818298340,0.493909894
4,5,4096,8388608,4194304,11,cycle,post,2828,2953985,0.70428490638732910,0.505768930
4,5,4096,8388608,4194304,11,cycle,post,2829,2929768,0.69851112365722656,0.517645004
4,5,4096,8388608,4194304,11,cycle,post,2830,2905369,0.69269394874572754,0.529710024
4,5,4096,8388608,4194304,11,cycle,post,2831,2880646,0.68679952621459961,0.542039051
4,5,4096,8388608,4194304,11,cycle,post,2832,2855907,0.68090128898620605,0.554482431
4,5,4096,8388608,4194304,11,cycle,post,2833,2830849,0.67492699623107910,0.567196634
4,5,4096,8388608,4194304,11,cycle,post,2834,2806032,0.66901016235351562,0.579899969
4,5,4096,8388608,4194304,11,cycle,post,2835,2781411,0.66314005851745605,0.592614488
4,5,4096,8388608,4194304,11,cycle,post,2836,2755875,0.65705180168151855,0.605920978
4,5,4096,8388608,4194304,11,cycle,post,2837,2730470,0.65099477767944336,0.619282125
4,5,4096,8388608,4194304,11,cycle,post,2838,2704802,0.64487504959106445,0.632908443
4,5,4096,8388608,4194304,11,cycle,post,2839,2678999,0.63872313499450684,0.646737388
4,5,4096,8388608,4194304,11,cycle,post,2840,2653132,0.63255596160888672,0.660734976
4,5,4096,8388608,4194304,11,cycle,post,2841,2627338,0.62640619277954102,0.674829619
4,5,4096,8388608,4194304,11,cycle,post,2842,2601238,0.62018346786499023,0.689233026
4,5,4096,8388608,4194304,11,cycle,post,2843,2575038,0.61393690109252930,0.703837708
4,5,4096,8388608,4194304,11,cycle,post,2844,2548826,0.60768747329711914,0.718598542
4,5,4096,8388608,4194304,11,cycle,post,2845,2522464,0.60140228271484375,0.733597751
4,5,4096,8388608,4194304,11,cycle,post,2846,2495649,0.59500908851623535,0.749016390
4,5,4096,8388608,4194304,11,cycle,post,2847,2468761,0.58859848976135254,0.764644254
4,5,4096,8388608,4194304,11,cycle,post,2848,2441650,0.58213472366333008,0.780575020
4,5,4096,8388608,4194304,11,cycle,post,2849,2414981,0.57577633857727051,0.796419592
4,5,4096,8388608,4194304,11,cycle,post,2850,2388316,0.56941890716552734,0.812437697
4,5,4096,8388608,4194304,11,cycle,post,2851,2361762,0.56308794021606445,0.828567842
4,5,4096,8388608,4194304,11,cycle,post,2852,2334439,0.55657362937927246,0.845355540
4,5,4096,8388608,4194304,11,cycle,post,2853,2307082,0.55005121231079102,0.862362148
4,5,4096,8388608,4194304,11,cycle,post,2854,2280010,0.54359674453735352,0.879391279
4,5,4096,8388608,4194304,11,cycle,post,2855,2252963,0.53714823722839355,0.896607810
4,5,4096,8388608,4194304,11,cycle,post,2856,2225622,0.53062963485717773,0.914222845
4,5,4096,8388608,4194304,11,cycle,post,2857,2198085,0.52406430244445801,0.932184254
4,5,4096,8388608,4194304,11,cycle,post,2858,2170717,0.51753926277160645,0.950259779
4,5,4096,8388608,4194304,11,cycle,post,2859,2143838,0.51113080978393555,0.968235539
4,5,4096,8388608,4194304,11,cycle,post,2860,2116820,0.50468921661376953,0.986532833
4,5,4096,8388608,4194304,11,cycle,post,2861,2090457,0.49840378761291504,1.004613063
4,5,4096,8388608,4194304,11,cycle,post,2862,2064090,0.49211740493774414,1.022925553
4,5,4096,8388608,4194304,11,cycle,post,2863,2038174,0.48593854904174805,1.041154210
4,5,4096,8388608,4194304,11,cycle,post,2864,2012536,0.47982597351074219,1.059416840
4,5,4096,8388608,4194304,11,cycle,post,2865,1986322,0.47357606887817383,1.078331915
4,5,4096,8388608,4194304,11,cycle,post,2866,1960134,0.46733236312866211,1.097479146
4,5,4096,8388608,4194304,11,cycle,post,2867,1934042,0.46111154556274414,1.116812306
4,5,4096,8388608,4194304,11,cycle,post,2868,1908162,0.45494127273559570,1.136247772
4,5,4096,8388608,4194304,11,cycle,post,2869,1881851,0.44866824150085449,1.156279027
4,5,4096,8388608,4194304,11,cycle,post,2870,1855524,0.44239139556884766,1.176604769
4,5,4096,8388608,4194304,11,cycle,post,2871,1829197,0.43611454963684082,1.197220973
4,5,4096,8388608,4194304,11,cycle,post,2872,1803160,0.42990684509277344,1.217904013
4,5,4096,8388608,4194304,11,cycle,post,2873,1777529,0.42379593849182129,1.238558333
4,5,4096,8388608,4194304,11,cycle,post,2874,1752575,0.41784644126892090,1.258955246
4,5,4096,8388608,4194304,11,cycle,post,2875,1727998,0.41198682785034180,1.279329883
4,5,4096,8388608,4194304,11,cycle,post,2876,1703126,0.40605688095092773,1.300246259
4,5,4096,8388608,4194304,11,cycle,post,2877,1678444,0.40017223358154297,1.321307027
4,5,4096,8388608,4194304,11,cycle,post,2878,1654205,0.39439320564270020,1.342293397
4,5,4096,8388608,4194304,11,cycle,post,2879,1630580,0.38876056671142578,1.363046206
4,5,4096,8388608,4194304,11,cycle,post,2880,1606453,0.38300824165344238,1.384552658
4,5,4096,8388608,4194304,11,cycle,post,2881,1582388,0.37727069854736328,1.406328040
4,5,4096,8388608,4194304,11,cycle,post,2882,1557821,0.37141346931457520,1.428901959
4,5,4096,8388608,4194304,11,cycle,post,2883,1533504,0.36561584472656250,1.451599501
4,5,4096,8388608,4194304,11,cycle,post,2884,1509227,0.35982775688171387,1.474621615
4,5,4096,8388608,4194304,11,cycle,post,2885,1485520,0.35417556762695312,1.497463402
4,5,4096,8388608,4194304,11,cycle,post,2886,1461974,0.34856176376342773,1.520513776
4,5,4096,8388608,4194304,11,cycle,post,2887,1438813,0.34303975105285645,1.543552331
4,5,4096,8388608,4194304,11,cycle,post,2888,1416166,0.33764028549194336,1.566441046
4,5,4096,8388608,4194304,11,cycle,post,2889,1393596,0.33225917816162109,1.589619043
4,5,4096,8388608,4194304,11,cycle,post,2890,1370904,0.32684898376464844,1.613303883
4,5,4096,8388608,4194304,11,cycle,post,2891,1349099,0.32165026664733887,1.636435210
4,5,4096,8388608,4194304,11,cycle,post,2892,1326728,0.31631660461425781,1.660558805
4,5,4096,8388608,4194304,11,cycle,post,2893,1304702,0.31106519699096680,1.684711105
4,5,4096,8388608,4194304,11,cycle,post,2894,1282799,0.30584311485290527,1.709136296
4,5,4096,8388608,4194304,11,cycle,post,2895,1261216,0.30069732666015625,1.733616053
4,5,4096,8388608,4194304,11,cycle,post,2896,1240076,0.29565715789794922,1.758002890
4,5,4096,8388608,4194304,11,cycle,post,2897,1218951,0.29062056541442871,1.782791298
4,5,4096,8388608,4194304,11,cycle,post,2898,1198287,0.28569388389587402,1.807457943
4,5,4096,8388608,4194304,11,cycle,post,2899,1177807,0.28081107139587402,1.832328278
4,5,4096,8388608,4194304,11,cycle,post,2900,1157175,0.27589201927185059,1.857824370
4,5,4096,8388608,4194304,11,cycle,post,2901,1137505,0.27120232582092285,1.882558544
4,5,4096,8388608,4194304,11,cycle,post,2902,1117333,0.26639294624328613,1.908372213
4,5,4096,8388608,4194304,11,cycle,post,2903,1096486,0.26142263412475586,1.935544039
4,5,4096,8388608,4194304,11,cycle,post,2904,1075737,0.25647568702697754,1.963106025
4,5,4096,8388608,4194304,11,cycle,post,2905,1055561,0.25166535377502441,1.990421477
4,5,4096,8388608,4194304,11,cycle,post,2906,1035622,0.24691152572631836,2.017933912
4,5,4096,8388608,4194304,11,cycle,post,2907,1016145,0.24226784706115723,2.045325147
4,5,4096,8388608,4194304,11,cycle,post,2908,996688,0.23762893676757812,2.073217567
4,5,4096,8388608,4194304,11,cycle,post,2909,977814,0.23312902450561523,2.100799464
4,5,4096,8388608,4194304,11,cycle,post,2910,958644,0.22855854034423828,2.129364367
4,5,4096,8388608,4194304,11,cycle,post,2911,939813,0.22406888008117676,2.157985802
4,5,4096,8388608,4194304,11,cycle,post,2912,921445,0.21968960762023926,2.186461470
4,5,4096,8388608,4194304,11,cycle,post,2913,903435,0.21539568901062012,2.214938719
4,5,4096,8388608,4194304,11,cycle,post,2914,885496,0.21111869812011719,2.243873736
4,5,4096,8388608,4194304,11,cycle,post,2915,867987,0.20694422721862793,2.272686090
4,5,4096,8388608,4194304,11,cycle,post,2916,850059,0.20266985893249512,2.302796548
4,5,4096,8388608,4194304,11,cycle,post,2917,833061,0.19861721992492676,2.331937386
4,5,4096,8388608,4194304,11,cycle,post,2918,815925,0.19453167915344238,2.361922980
4,5,4096,8388608,4194304,11,cycle,post,2919,798135,0.19029021263122559,2.393726735
4,5,4096,8388608,4194304,11,cycle,post,2920,780264,0.18602943420410156,2.426397187
4,5,4096,8388608,4194304,11,cycle,post,2921,762675,0.18183588981628418,2.459291116
4,5,4096,8388608,4194304,11,cycle,post,2922,745186,0.17766618728637695,2.492758955
4,5,4096,8388608,4194304,11,cycle,post,2923,728174,0.17361021041870117,2.526076296
4,5,4096,8388608,4194304,11,cycle,post,2924,711489,0.16963219642639160,2.559518073
4,5,4096,8388608,4194304,11,cycle,post,2925,695706,0.16586923599243164,2.591881763
4,5,4096,8388608,4194304,11,cycle,post,2926,680340,0.16220569610595703,2.624103612
4,5,4096,8388608,4194304,11,cycle,post,2927,664978,0.15854310989379883,2.657052914
4,5,4096,8388608,4194304,11,cycle,post,2928,649877,0.15494275093078613,2.690192836
4,5,4096,8388608,4194304,11,cycle,post,2929,634864,0.15136337280273438,2.723911953
4,5,4096,8388608,4194304,11,cycle,post,2930,620117,0.14784741401672363,2.757819085
4,5,4096,8388608,4194304,11,cycle,post,2931,605403,0.14433932304382324,2.792463701
4,5,4096,8388608,4194304,11,cycle,post,2932,591002,0.14090585708618164,2.827196513
4,5,4096,8388608,4194304,11,cycle,post,2933,576701,0.13749623298645020,2.862536002
4,5,4096,8388608,4194304,11,cycle,post,2934,562662,0.13414907455444336,2.898090993
4,5,4096,8388608,4194304,11,cycle,post,2935,548362,0.13073968887329102,2.935230926
4,5,4096,8388608,4194304,11,cycle,post,2936,533980,0.12731075286865234,2.973573818
4,5,4096,8388608,4194304,11,cycle,post,2937,519648,0.12389373779296875,3.012824827
4,5,4096,8388608,4194304,11,cycle,post,2938,505790,0.12058973312377930,3.051821012
4,5,4096,8388608,4194304,11,cycle,post,2939,492303,0.11737418174743652,3.090812994
4,5,4096,8388608,4194304,11,cycle,post,2940,479684,0.11436557769775391,3.128275207
4,5,4096,8388608,4194304,11,cycle,post,2941,467415,0.11144042015075684,3.165655493
4,5,4096,8388608,4194304,11,cycle,post,2942,455178,0.10852289199829102,3.203928696
4,5,4096,8388608,4194304,11,cycle,post,2943,442887,0.10559248924255371,3.243420875
4,5,4096,8388608,4194304,11,cycle,post,2944,430787,0.10270762443542480,3.283384812
4,5,4096,8388608,4194304,11,cycle,post,2945,418716,0.09982967376708984,3.324387478
4,5,4096,8388608,4194304,11,cycle,post,2946,406712,0.09696769714355469,3.366351968
4,5,4096,8388608,4194304,11,cycle,post,2947,395371,0.09426379203796387,3.407152471
4,5,4096,8388608,4194304,11,cycle,post,2948,384174,0.09159421920776367,3.448599641
4,5,4096,8388608,4194304,11,cycle,post,2949,373116,0.08895778656005859,3.490735298
4,5,4096,8388608,4194304,11,cycle,post,2950,362265,0.08637070655822754,3.533314098
4,5,4096,8388608,4194304,11,cycle,post,2951,351637,0.08383679389953613,3.576272644
4,5,4096,8388608,4194304,11,cycle,post,2952,341106,0.08132600784301758,3.620139394
4,5,4096,8388608,4194304,11,cycle,post,2953,331111,0.07894301414489746,3.663044586
4,5,4096,8388608,4194304,11,cycle,post,2954,321413,0.07663083076477051,3.705931244
4,5,4096,8388608,4194304,11,cycle,post,2955,311611,0.07429385185241699,3.750613364
4,5,4096,8388608,4194304,11,cycle,post,2956,302075,0.07202029228210449,3.795452735
4,5,4096,8388608,4194304,11,cycle,post,2957,292906,0.06983423233032227,3.839921779
4,5,4096,8388608,4194304,11,cycle,post,2958,283760,0.06765365600585938,3.885688290
4,5,4096,8388608,4194304,11,cycle,post,2959,275206,0.06561422348022461,3.929847602
4,5,4096,8388608,4194304,11,cycle,post,2960,266972,0.06365108489990234,3.973671085
4,5,4096,8388608,4194304,11,cycle,post,2961,258670,0.06167173385620117,4.019246783
4,5,4096,8388608,4194304,11,cycle,post,2962,250826,0.05980157852172852,4.063672623
4,5,4096,8388608,4194304,11,cycle,post,2963,242828,0.05789470672607422,4.110424740
4,5,4096,8388608,4194304,11,cycle,post,2964,235306,0.05610132217407227,4.155821418
4,5,4096,8388608,4194304,11,cycle,post,2965,228216,0.05441093444824219,4.199959584
4,5,4096,8388608,4194304,11,cycle,post,2966,221468,0.05280208587646484,4.243261267
4,5,4096,8388608,4194304,11,cycle,post,2967,215065,0.05127549171447754,4.285586768
4,5,4096,8388608,4194304,11,cycle,post,2968,208501,0.04971051216125488,4.330305223
4,5,4096,8388608,4194304,11,cycle,post,2969,202272,0.04822540283203125,4.374062900
4,5,4096,8388608,4194304,11,cycle,post,2970,196296,0.04680061340332031,4.417328751
4,5,4096,8388608,4194304,11,cycle,post,2971,190440,0.04540443420410156,4.461022992
4,5,4096,8388608,4194304,11,cycle,post,2972,184932,0.04409122467041016,4.503364640
4,5,4096,8388608,4194304,11,cycle,post,2973,179325,0.04275441169738770,4.547782895
4,5,4096,8388608,4194304,11,cycle,post,2974,174201,0.04153275489807129,4.589606620
4,5,4096,8388608,4194304,11,cycle,post,2975,169441,0.04039788246154785,4.629576517
4,5,4096,8388608,4194304,11,cycle,post,2976,164461,0.03921055793762207,4.672614019
4,5,4096,8388608,4194304,11,cycle,post,2977,159654,0.03806447982788086,4.715410827
4,5,4096,8388608,4194304,11,cycle,post,2978,154838,0.03691625595092773,4.759599948
4,5,4096,8388608,4194304,11,cycle,post,2979,150135,0.03579497337341309,4.804099183
4,5,4096,8388608,4194304,11,cycle,post,2980,145540,0.03469944000244141,4.848943810
4,5,4096,8388608,4194304,11,cycle,post,2981,140875,0.03358721733093262,4.895943915
4,5,4096,8388608,4194304,11,cycle,post,2982,136615,0.03257155418395996,4.940243629
4,5,4096,8388608,4194304,11,cycle,post,2983,132492,0.03158855438232422,4.984454275
4,5,4096,8388608,4194304,11,cycle,post,2984,128555,0.03064990043640137,5.027973802
4,5,4096,8388608,4194304,11,cycle,post,2985,124722,0.02973604202270508,5.071643558
4,5,4096,8388608,4194304,11,cycle,post,2986,121121,0.02887749671936035,5.113910504
4,5,4096,8388608,4194304,11,cycle,post,2987,117793,0.02808403968811035,5.154105718
4,5,4096,8388608,4194304,11,cycle,post,2988,114469,0.02729153633117676,5.195402579
4,5,4096,8388608,4194304,11,cycle,post,2989,111239,0.02652144432067871,5.236696845
4,5,4096,8388608,4194304,11,cycle,post,2990,107850,0.02571344375610352,5.281333349
4,5,4096,8388608,4194304,11,cycle,post,2991,104559,0.02492880821228027,5.326042277
4,5,4096,8388608,4194304,11,cycle,post,2992,101631,0.02423071861267090,5.367018998
4,5,4096,8388608,4194304,11,cycle,post,2993,98661,0.02352261543273926,5.409807710
4,5,4096,8388608,4194304,11,cycle,post,2994,95596,0.02279186248779297,5.455337367
4,5,4096,8388608,4194304,11,cycle,post,2995,92640,0.02208709716796875,5.500652367
4,5,4096,8388608,4194304,11,cycle,post,2996,89834,0.02141809463500977,5.545026047
4,5,4096,8388608,4194304,11,cycle,post,2997,87143,0.02077651023864746,5.588902840
4,5,4096,8388608,4194304,11,cycle,post,2998,84568,0.02016258239746094,5.632175761
4,5,4096,8388608,4194304,11,cycle,post,2999,82237,0.01960682868957520,5.672499984
4,5,4096,8388608,4194304,11,cycle,post,3000,79914,0.01905298233032227,5.713839352
4,5,4096,8388608,4194304,11,cycle,post,3001,77575,0.01849532127380371,5.756695829
4,5,4096,8388608,4194304,11,cycle,post,3002,75296,0.01795196533203125,5.799714395
4,5,4096,8388608,4194304,11,cycle,post,3003,73133,0.01743626594543457,5.841765076
4,5,4096,8388608,4194304,11,cycle,post,3004,70964,0.01691913604736328,5.885200289
4,5,4096,8388608,4194304,11,cycle,post,3005,68910,0.01642942428588867,5.927574263
4,5,4096,8388608,4194304,11,cycle,post,3006,66845,0.01593708992004395,5.971467970
4,5,4096,8388608,4194304,11,cycle,post,3007,64715,0.01542925834655762,6.018187474
4,5,4096,8388608,4194304,11,cycle,post,3008,62759,0.01496291160583496,6.062465256
4,5,4096,8388608,4194304,11,cycle,post,3009,60910,0.01452207565307617,6.105608516
4,5,4096,8388608,4194304,11,cycle,post,3010,59135,0.01409888267517090,6.148275355
4,5,4096,8388608,4194304,11,cycle,post,3011,57447,0.01369643211364746,6.190056066
4,5,4096,8388608,4194304,11,cycle,post,3012,55782,0.01329946517944336,6.232487959
4,5,4096,8388608,4194304,11,cycle,post,3013,54124,0.01290416717529297,6.276019156
4,5,4096,8388608,4194304,11,cycle,post,3014,52557,0.01253056526184082,6.318404693
4,5,4096,8388608,4194304,11,cycle,post,3015,50967,0.01215147972106934,6.362724184
4,5,4096,8388608,4194304,11,cycle,post,3016,49381,0.01177334785461426,6.408331568
4,5,4096,8388608,4194304,11,cycle,post,3017,47765,0.01138806343078613,6.456333756
4,5,4096,8388608,4194304,11,cycle,post,3018,46028,0.01097393035888672,6.509775864
4,5,4096,8388608,4194304,11,cycle,post,3019,44499,0.01060938835144043,6.558514705
4,5,4096,8388608,4194304,11,cycle,post,3020,42889,0.01022553443908691,6.611679942
4,5,4096,8388608,4194304,11,cycle,post,3021,41390,0.00986814498901367,6.663005372
4,5,4096,8388608,4194304,11,cycle,post,3022,39928,0.00951957702636719,6.714886811
4,5,4096,8388608,4194304,11,cycle,post,3023,38544,0.00918960571289062,6.765781322
4,5,4096,8388608,4194304,11,cycle,post,3024,37144,0.00885581970214844,6.819158434
4,5,4096,8388608,4194304,11,cycle,post,3025,35855,0.00854849815368652,6.870113303
4,5,4096,8388608,4194304,11,cycle,post,3026,34561,0.00823998451232910,6.923142659
4,5,4096,8388608,4194304,11,cycle,post,3027,33399,0.00796294212341309,6.972482713
4,5,4096,8388608,4194304,11,cycle,post,3028,32180,0.00767230987548828,7.026123294
4,5,4096,8388608,4194304,11,cycle,post,3029,30997,0.00739026069641113,7.080159027
4,5,4096,8388608,4194304,11,cycle,post,3030,29826,0.00711107254028320,7.135717111
4,5,4096,8388608,4194304,11,cycle,post,3031,28700,0.00684261322021484,7.191236884
4,5,4096,8388608,4194304,11,cycle,post,3032,27780,0.00662326812744141,7.238241021
4,5,4096,8388608,4194304,11,cycle,post,3033,26917,0.00641751289367676,7.283769995
4,5,4096,8388608,4194304,11,cycle,post,3034,25870,0.00616788864135742,7.341007566
4,5,4096,8388608,4194304,11,cycle,post,3035,24870,0.00592947006225586,7.397881113
4,5,4096,8388608,4194304,11,cycle,post,3036,23886,0.00569486618041992,7.456122343
4,5,4096,8388608,4194304,11,cycle,post,3037,22862,0.00545072555541992,7.519336002
4,5,4096,8388608,4194304,11,cycle,post,3038,21972,0.00523853302001953,7.576621423
4,5,4096,8388608,4194304,11,cycle,post,3039,21117,0.00503468513488770,7.633882729
4,5,4096,8388608,4194304,11,cycle,post,3040,20353,0.00485253334045410,7.687046159
4,5,4096,8388608,4194304,11,cycle,post,3041,19664,0.00468826293945312,7.736730800
4,5,4096,8388608,4194304,11,cycle,post,3042,18990,0.00452756881713867,7.787047715
4,5,4096,8388608,4194304,11,cycle,post,3043,18421,0.00439190864562988,7.830936239
4,5,4096,8388608,4194304,11,cycle,post,3044,17877,0.00426220893859863,7.874182967
4,5,4096,8388608,4194304,11,cycle,post,3045,17288,0.00412178039550781,7.922516643
4,5,4096,8388608,4194304,11,cycle,post,3046,16786,0.00400209426879883,7.965029135
4,5,4096,8388608,4194304,11,cycle,post,3047,16254,0.00387525558471680,8.011492821
4,5,4096,8388608,4194304,11,cycle,post,3048,15737,0.00375199317932129,8.058127079
4,5,4096,8388608,4194304,11,cycle,post,3049,15217,0.00362801551818848,8.106603658
4,5,4096,8388608,4194304,11,cycle,post,3050,14658,0.00349473953247070,8.160599351
4,5,4096,8388608,4194304,11,cycle,post,3051,14146,0.00337266921997070,8.211893454
4,5,4096,8388608,4194304,11,cycle,post,3052,13735,0.00327467918395996,8.254430710
4,5,4096,8388608,4194304,11,cycle,post,3053,13289,0.00316834449768066,8.302055075
4,5,4096,8388608,4194304,11,cycle,post,3054,12869,0.00306820869445801,8.348387669
4,5,4096,8388608,4194304,11,cycle,post,3055,12499,0.00297999382019043,8.390474946
4,5,4096,8388608,4194304,11,cycle,post,3056,12210,0.00291109085083008,8.424224420
4,5,4096,8388608,4194304,11,cycle,post,3057,11919,0.00284171104431152,8.459024421
4,5,4096,8388608,4194304,11,cycle,post,3058,11670,0.00278234481811523,8.489483059
4,5,4096,8388608,4194304,11,cycle,post,3059,11427,0.00272440910339355,8.519840927
4,5,4096,8388608,4194304,11,cycle,post,3060,11129,0.00265336036682129,8.557963656
4,5,4096,8388608,4194304,11,cycle,post,3061,10787,0.00257182121276855,8.602993931
4,5,4096,8388608,4194304,11,cycle,post,3062,10445,0.00249028205871582,8.649475128
4,5,4096,8388608,4194304,11,cycle,post,3063,10125,0.00241398811340332,8.694365712
4,5,4096,8388608,4194304,11,cycle,post,3064,9892,0.00235843658447266,8.727953476
4,5,4096,8388608,4194304,11,cycle,post,3065,9664,0.00230407714843750,8.761595261
4,5,4096,8388608,4194304,11,cycle,post,3066,9410,0.00224351882934570,8.800020992
4,5,4096,8388608,4194304,11,cycle,post,3067,9083,0.00216555595397949,8.851046835
4,5,4096,8388608,4194304,11,cycle,post,3068,8837,0.00210690498352051,8.890659031
4,5,4096,8388608,4194304,11,cycle,post,3069,8578,0.00204515457153320,8.933574399
4,5,4096,8388608,4194304,11,cycle,post,3070,8370,0.00199556350708008,8.968988093
4,5,4096,8388608,4194304,11,cycle,post,3071,8151,0.00194334983825684,9.007238649
4,5,4096,8388608,4194304,11,cycle,post,3072,7933,0.00189137458801270,9.046349166
4,5,4096,8388608,4194304,11,cycle,post,3073,7687,0.00183272361755371,9.091795047
4,5,4096,8388608,4194304,11,cycle,post,3074,7400,0.00176429748535156,9.146690445
4,5,4096,8388608,4194304,11,cycle,post,3075,7173,0.00171017646789551,9.191639085
4,5,4096,8388608,4194304,11,cycle,post,3076,6965,0.00166058540344238,9.234092363
4,5,4096,8388608,4194304,11,cycle,post,3077,6763,0.00161242485046387,9.276552362
4,5,4096,8388608,4194304,11,cycle,post,3078,6581,0.00156903266906738,9.315908893
4,5,4096,8388608,4194304,11,cycle,post,3079,6401,0.00152611732482910,9.355918407
4,5,4096,8388608,4194304,11,cycle,post,3080,6202,0.00147867202758789,9.401482189
4,5,4096,8388608,4194304,11,cycle,post,3081,6001,0.00143074989318848,9.449012785
4,5,4096,8388608,4194304,11,cycle,post,3082,5792,0.00138092041015625,9.500154113
4,5,4096,8388608,4194304,11,cycle,post,3083,5583,0.00133109092712402,9.553175159
4,5,4096,8388608,4194304,11,cycle,post,3084,5402,0.00128793716430664,9.600722075
4,5,4096,8388608,4194304,11,cycle,post,3085,5229,0.00124669075012207,9.647680645
4,5,4096,8388608,4194304,11,cycle,post,3086,5076,0.00121021270751953,9.690523646
4,5,4096,8388608,4194304,11,cycle,post,3087,4960,0.00118255615234375,9.723875595
4,5,4096,8388608,4194304,11,cycle,post,3088,4796,0.00114345550537109,9.772384057
4,5,4096,8388608,4194304,11,cycle,post,3089,4683,0.00111651420593262,9.806782677
4,5,4096,8388608,4194304,11,cycle,post,3090,4595,0.00109553337097168,9.834150854
4,5,4096,8388608,4194304,11,cycle,post,3091,4522,0.00107812881469727,9.857254723
4,5,4096,8388608,4194304,11,cycle,post,3092,4418,0.00105333328247070,9.890822297
4,5,4096,8388608,4194304,11,cycle,post,3093,4354,0.00103807449340820,9.911874308
4,5,4096,8388608,4194304,11,cycle,post,3094,4275,0.00101923942565918,9.938291295
4,5,4096,8388608,4194304,11,cycle,post,3095,4181,0.00099682807922363,9.970367672
4,5,4096,8388608,4194304,11,cycle,post,3096,4108,0.00097942352294922,9.995779534
4,5,4096,8388608,4194304,11,cycle,post,3097,4007,0.00095534324645996,10.031693206
4,5,4096,8388608,4194304,11,cycle,post,3098,3904,0.00093078613281250,10.069262662
4,5,4096,8388608,4194304,11,cycle,post,3099,3811,0.00090861320495605,10.104046107
4,5,4096,8388608,4194304,11,cycle,post,3100,3761,0.00089669227600098,10.123099409
4,5,4096,8388608,4194304,11,cycle,post,3101,3677,0.00087666511535645,10.155686539
4,5,4096,8388608,4194304,11,cycle,post,3102,3627,0.00086474418640137,10.175438970
4,5,4096,8388608,4194304,11,cycle,post,3103,3568,0.00085067749023438,10.199100100
4,5,4096,8388608,4194304,11,cycle,post,3104,3514,0.00083780288696289,10.221101524
4,5,4096,8388608,4194304,11,cycle,post,3105,3435,0.00081896781921387,10.253905616
4,5,4096,8388608,4194304,11,cycle,post,3106,3360,0.00080108642578125,10.285754482
4,5,4096,8388608,4194304,11,cycle,post,3107,3295,0.00078558921813965,10.313937250
4,5,4096,8388608,4194304,11,cycle,post,3108,3196,0.00076198577880859,10.357948307
4,5,4096,8388608,4194304,11,cycle,post,3109,3106,0.00074052810668945,10.399157886
4,5,4096,8388608,4194304,11,cycle,post,3110,3050,0.00072717666625977,10.425406473
4,5,4096,8388608,4194304,11,cycle,post,3111,2959,0.00070548057556152,10.469106019
4,5,4096,8388608,4194304,11,cycle,post,3112,2885,0.00068783760070801,10.505644396
4,5,4096,8388608,4194304,11,cycle,post,3113,2793,0.00066590309143066,10.552400142
4,5,4096,8388608,4194304,11,cycle,post,3114,2701,0.00064396858215332,10.600722075
4,5,4096,8388608,4194304,11,cycle,post,3115,2609,0.00062203407287598,10.650718771
4,5,4096,8388608,4194304,11,cycle,post,3116,2532,0.00060367584228516,10.693938311
4,5,4096,8388608,4194304,11,cycle,post,3117,2424,0.00057792663574219,10.756826017
4,5,4096,8388608,4194304,11,cycle,post,3118,2310,0.00055074691772461,10.826322864
4,5,4096,8388608,4194304,11,cycle,post,3119,2212,0.00052738189697266,10.888864330
4,5,4096,8388608,4194304,11,cycle,post,3120,2125,0.00050663948059082,10.946752874
4,5,4096,8388608,4194304,11,cycle,post,3121,2063,0.00049185752868652,10.989471894
4,5,4096,8388608,4194304,11,cycle,post,3122,1965,0.00046849250793457,11.059686403
4,5,4096,8388608,4194304,11,cycle,post,3123,1880,0.00044822692871094,11.123483053
4,5,4096,8388608,4194304,11,cycle,post,3124,1780,0.00042438507080078,11.202338474
4,5,4096,8388608,4194304,11,cycle,post,3125,1662,0.00039625167846680,11.301295333
4,5,4096,8388608,4194304,11,cycle,post,3126,1601,0.00038170814514160,11.355242407
4,5,4096,8388608,4194304,11,cycle,post,3127,1507,0.00035929679870605,11.442536298
4,5,4096,8388608,4194304,11,cycle,post,3128,1444,0.00034427642822266,11.504144973
4,5,4096,8388608,4194304,11,cycle,post,3129,1403,0.00033450126647949,11.545700706
4,5,4096,8388608,4194304,11,cycle,post,3130,1374,0.00032758712768555,11.575833711
4,5,4096,8388608,4194304,11,cycle,post,3131,1312,0.00031280517578125,11.642447995
4,5,4096,8388608,4194304,11,cycle,post,3132,1237,0.00029492378234863,11.727370215
4,5,4096,8388608,4194304,11,cycle,post,3133,1204,0.00028705596923828,11.766380323
4,5,4096,8388608,4194304,11,cycle,post,3134,1169,0.00027871131896973,11.808940785
4,5,4096,8388608,4194304,11,cycle,post,3135,1125,0.00026822090148926,11.864290714
4,5,4096,8388608,4194304,11,cycle,post,3136,1085,0.00025868415832520,11.916520673
4,5,4096,8388608,4194304,11,cycle,post,3137,1037,0.00024724006652832,11.981799821
4,5,4096,8388608,4194304,11,cycle,post,3138,979,0.00023341178894043,12.064834950
4,5,4096,8388608,4194304,11,cycle,post,3139,946,0.00022554397583008,12.114303627
4,5,4096,8388608,4194304,11,cycle,post,3140,912,0.00021743774414062,12.167109986
4,5,4096,8388608,4194304,11,cycle,post,3141,877,0.00020909309387207,12.223566968
4,5,4096,8388608,4194304,11,cycle,post,3142,864,0.00020599365234375,12.245112498
4,5,4096,8388608,4194304,11,cycle,post,3143,859,0.00020480155944824,12.253485679
4,5,4096,8388608,4194304,11,cycle,post,3144,858,0.00020456314086914,12.255166163
4,5,4096,8388608,4194304,11,cycle,post,3145,851,0.00020289421081543,12.266984678
4,5,4096,8388608,4194304,11,cycle,post,3146,835,0.00019907951354980,12.294367613
4,5,4096,8388608,4194304,11,cycle,post,3147,824,0.00019645690917969,12.313499473
4,5,4096,8388608,4194304,11,cycle,post,3148,811,0.00019335746765137,12.336441896
4,5,4096,8388608,4194304,11,cycle,post,3149,777,0.00018525123596191,12.398229212
4,5,4096,8388608,4194304,11,cycle,post,3150,768,0.00018310546875000,12.415037499
4,5,4096,8388608,4194304,11,cycle,post,3151,756,0.00018024444580078,12.437757576
4,5,4096,8388608,4194304,11,cycle,post,3152,747,0.00017809867858887,12.455035567
4,5,4096,8388608,4194304,11,cycle,post,3153,731,0.00017428398132324,12.486272404
4,5,4096,8388608,4194304,11,cycle,post,3154,723,0.00017237663269043,12.502148163
4,5,4096,8388608,4194304,11,cycle,post,3155,718,0.00017118453979492,12.512159966
4,5,4096,8388608,4194304,11,cycle,post,3156,708,0.00016880035400391,12.532394450
4,5,4096,8388608,4194304,11,cycle,post,3157,692,0.00016498565673828,12.565371772
4,5,4096,8388608,4194304,11,cycle,post,3158,673,0.00016045570373535,12.605537305
4,5,4096,8388608,4194304,11,cycle,post,3159,651,0.00015521049499512,12.653486267
4,5,4096,8388608,4194304,11,cycle,post,3160,637,0.00015187263488770,12.684850438
4,5,4096,8388608,4194304,11,cycle,post,3161,621,0.00014805793762207,12.721550542
4,5,4096,8388608,4194304,11,cycle,post,3162,612,0.00014591217041016,12.742612157
4,5,4096,8388608,4194304,11,cycle,post,3163,602,0.00014352798461914,12.766380323
4,5,4096,8388608,4194304,11,cycle,post,3164,582,0.00013875961303711,12.815124657
4,5,4096,8388608,4194304,11,cycle,post,3165,552,0.00013160705566406,12.891475543
4,5,4096,8388608,4194304,11,cycle,post,3166,515,0.00012278556823730,12.991571378
4,5,4096,8388608,4194304,11,cycle,post,3167,486,0.00011587142944336,13.075187496
4,5,4096,8388608,4194304,11,cycle,post,3168,444,0.00010585784912109,13.205584134
4,5,4096,8388608,4194304,11,cycle,post,3169,390,0.00009298324584961,13.392669686
4,5,4096,8388608,4194304,11,cycle,post,3170,346,0.00008249282836914,13.565371772
4,5,4096,8388608,4194304,11,cycle,post,3171,326,0.00007772445678711,13.651271846
4,5,4096,8388608,4194304,11,cycle,post,3172,286,0.00006818771362305,13.840128663
4,5,4096,8388608,4194304,11,cycle,post,3173,262,0.00006246566772461,13.966576998
4,5,4096,8388608,4194304,11,cycle,post,3174,247,0.00005888938903809,14.051632768
4,5,4096,8388608,4194304,11,cycle,post,3175,225,0.00005364418029785,14.186218809
4,5,4096,8388608,4194304,11,cycle,post,3176,191,0.00004553794860840,14.422571172
4,5,4096,8388608,4194304,11,cycle,post,3177,175,0.00004172325134277,14.548788888
4,5,4096,8388608,4194304,11,cycle,post,3178,165,0.00003933906555176,14.633677786
4,5,4096,8388608,4194304,11,cycle,post,3179,156,0.00003719329833984,14.714597781
4,5,4096,8388608,4194304,11,cycle,post,3180,141,0.00003361701965332,14.860448648
4,5,4096,8388608,4194304,11,cycle,post,3181,110,0.00002622604370117,15.218640286
4,5,4096,8388608,4194304,11,cycle,post,3182,79,0.00001883506774902,15.696219252
4,5,4096,8388608,4194304,11,cycle,post,3183,62,0.00001478195190430,16.045803690
4,5,4096,8388608,4194304,11,cycle,post,3184,52,0.00001239776611328,16.299560282
4,5,4096,8388608,4194304,11,cycle,post,3185,44,0.00001049041748047,16.540568381
4,5,4096,8388608,4194304,11,cycle,post,3186,38,0.00000905990600586,16.752072487
4,5,4096,8388608,4194304,11,cycle,post,3187,33,0.00000786781311035,16.955605881
4,5,4096,8388608,4194304,11,cycle,post,3188,29,0.00000691413879395,17.142019005
4,5,4096,8388608,4194304,11,cycle,post,3189,24,0.00000572204589844,17.415037499
4,5,4096,8388608,4194304,11,cycle,post,3190,19,0.00000452995300293,17.752072487
4,5,4096,8388608,4194304,11,cycle,post,3191,13,0.00000309944152832,18.299560282
4,5,4096,8388608,4194304,11,cycle,post,3192,5,0.00000119209289551,19.678071905
4,5,4096,8388608,4194304,11,cycle,post,3193,0,0.00000000000000000,inf
4,5,4096,8388608,4194304,11,cycle,insertion,0,4194304,1.00000000000000000,-0.000000000
4,5,4096,8388608,4194304,11,cycle,insertion,1,4194304,1.00000000000000000,-0.000000000
4,5,4096,8388608,4194304,11,cycle,insertion,2,4194304,1.00000000000000000,-0.000000000
4,5,4096,8388608,4194304,11,cycle,insertion,3,4194304,1.00000000000000000,-0.000000000
4,5,4096,8388608,4194304,11,cycle,insertion,4,4194304,1.00000000000000000,-0.000000000
4,5,4096,8388608,4194304,11,cycle,insertion,5,4194304,1.00000000000000000,-0.000000000
4,5,4096,8388608,4194304,11,cycle,insertion,6,4194304,1.00000000000000000,-0.000000000
4,5,4096,8388608,4194304,11,cycle,insertion,7,4194304,1.00000000000000000,-0.000000000
4,5,4096,8388608,4194304,11,cycle,insertion,8,4194304,1.00000000000000000,-0.000000000
4,5,4096,8388608,4194304,11,cycle,insertion,9,4194304,1.00000000000000000,-0.000000000
4,5,4096,8388608,4194304,11,cycle,insertion,10,4194304,1.00000000000000000,-0.000000000
4,5,4096,8388608,4194304,11,cycle,insertion,11,4194304,1.00000000000000000,-0.000000000
4,5,4096,8388608,4194304,11,cycle,insertion,12,4194304,1.00000000000000000,-0.000000000
4,5,4096,8388608,4194304,11,cycle,insertion,13,4194304,1.00000000000000000,-0.000000000
4,5,4096,8388608,4194304,11,cycle,insertion,14,4194304,1.00000000000000000,-0.000000000
4,5,4096,8388608,4194304,11,cycle,insertion,15,4194304,1.00000000000000000,-0.000000000
4,5,4096,8388608,4194304,11,cycle,insertion,16,4194304,1.00000000000000000,-0.000000000
4,5,4096,8388608,4194304,11,cycle,insertion,17,4194304,1.00000000000000000,-0.000000000
4,5,4096,8388608,4194304,11,cycle,insertion,18,4194304,1.00000000000000000,-0.000000000
4,5,4096,8388608,4194304,11,cycle,insertion,19,4194304,1.00000000000000000,-0.000000000
4,5,4096,8388608,4194304,11,cycle,insertion,20,4194304,1.00000000000000000,-0.000000000
4,5,4096,8388608,4194304,11,cycle,insertion,21,4194304,1.00000000000000000,-0.000000000
4,5,4096,8388608,4194304,11,cycle,insertion,22,4194304,1.00000000000000000,-0.000000000
4,5,4096,8388608,4194304,11,cycle,insertion,23,4194304,1.00000000000000000,-0.000000000
4,5,4096,8388608,4194304,11,cycle,insertion,24,4194304,1.00000000000000000,-0.000000000
4,5,4096,8388608,4194304,11,cycle,insertion,25,4194304,1.00000000000000000,-0.000000000
4,5,4096,8388608,4194304,11,cycle,insertion,26,4194304,1.00000000000000000,-0.000000000
4,5,4096,8388608,4194304,11,cycle,insertion,27,4194304,1.00000000000000000,-0.000000000
4,5,4096,8388608,4194304,11,cycle,insertion,28,4194304,1.00000000000000000,-0.000000000
4,5,4096,8388608,4194304,11,cycle,insertion,29,4194304,1.00000000000000000,-0.000000000
4,5,4096,8388608,4194304,11,cycle,insertion,30,4194304,1.00000000000000000,-0.000000000
4,5,4096,8388608,4194304,11,cycle,insertion,31,4194304,1.00000000000000000,-0.000000000
4,5,4096,8388608,4194304,11,cycle,insertion,32,4194304,1.00000000000000000,-0.000000000
4,5,4096,8388608,4194304,11,cycle,insertion,33,4194304,1.00000000000000000,-0.000000000
4,5,4096,8388608,4194304,11,cycle,insertion,34,4194304,1.00000000000000000,-0.000000000
4,5,4096,8388608,4194304,11,cycle,insertion,35,4194304,1.00000000000000000,-0.000000000
4,5,4096,8388608,4194304,11,cycle,insertion,36,4194304,1.00000000000000000,-0.000000000
4,5,4096,8388608,4194304,11,cycle,insertion,37,4194304,1.00000000000000000,-0.000000000
4,5,4096,8388608,4194304,11,cycle,insertion,38,4194304,1.00000000000000000,-0.000000000
4,5,4096,8388608,4194304,11,cycle,insertion,39,4194304,1.00000000000000000,-0.000000000
4,5,4096,8388608,4194304,11,cycle,insertion,40,4194304,1.00000000000000000,-0.000000000
4,5,4096,8388608,4194304,11,cycle,insertion,41,4194304,1.00000000000000000,-0.000000000
4,5,4096,8388608,4194304,11,cycle,insertion,42,4194304,1.00000000000000000,-0.000000000
4,5,4096,8388608,4194304,11,cycle,insertion,43,4194304,1.00000000000000000,-0.000000000
4,5,4096,8388608,4194304,11,cycle,insertion,44,4194304,1.00000000000000000,-0.000000000
4,5,4096,8388608,4194304,11,cycle,insertion,45,4194304,1.00000000000000000,-0.000000000
4,5,4096,8388608,4194304,11,cycle,insertion,46,4194304,1.00000000000000000,-0.000000000
4,5,4096,8388608,4194304,11,cycle,insertion,47,4194304,1.00000000000000000,-0.000000000
4,5,4096,8388608,4194304,11,cycle,insertion,48,4194304,1.00000000000000000,-0.000000000
4,5,4096,8388608,4194304,11,cycle,insertion,49,4194304,1.00000000000000000,-0.000000000
4,5,4096,8388608,4194304,11,cycle,insertion,50,4194304,1.00000000000000000,-0.000000000
4,5,4096,8388608,4194304,11,cycle,insertion,51,4194304,1.00000000000000000,-0.000000000
4,5,4096,8388608,4194304,11,cycle,insertion,52,4194304,1.00000000000000000,-0.000000000
4,5,4096,8388608,4194304,11,cycle,insertion,53,4194304,1.00000000000000000,-0.000000000
4,5,4096,8388608,4194304,11,cycle,insertion,54,4194304,1.00000000000000000,-0.000000000
4,5,4096,8388608,4194304,11,cycle,insertion,55,4194304,1.00000000000000000,-0.000000000
4,5,4096,8388608,4194304,11,cycle,insertion,56,4194304,1.00000000000000000,-0.000000000
4,5,4096,8388608,4194304,11,cycle,insertion,57,4194304,1.00000000000000000,-0.000000000
4,5,4096,8388608,4194304,11,cycle,insertion,58,4194304,1.00000000000000000,-0.000000000
4,5,4096,8388608,4194304,11,cycle,insertion,59,4194304,1.00000000000000000,-0.000000000
4,5,4096,8388608,4194304,11,cycle,insertion,60,4194304,1.00000000000000000,-0.000000000
4,5,4096,8388608,4194304,11,cycle,insertion,61,4194304,1.00000000000000000,-0.000000000
4,5,4096,8388608,4194304,11,cycle,insertion,62,4194304,1.00000000000000000,-0.000000000
4,5,4096,8388608,4194304,11,cycle,insertion,63,4194304,1.00000000000000000,-0.000000000
4,5,4096,8388608,4194304,11,cycle,insertion,64,4194304,1.00000000000000000,-0.000000000
4,5,4096,8388608,4194304,11,cycle,insertion,65,4194304,1.00000000000000000,-0.000000000
4,5,4096,8388608,4194304,11,cycle,insertion,66,4194304,1.00000000000000000,-0.000000000
4,5,4096,8388608,4194304,11,cycle,insertion,67,4194304,1.00000000000000000,-0.000000000
4,5,4096,8388608,4194304,11,cycle,insertion,68,4194304,1.00000000000000000,-0.000000000
4,5,4096,8388608,4194304,11,cycle,insertion,69,4194304,1.00000000000000000,-0.000000000
4,5,4096,8388608,4194304,11,cycle,insertion,70,4194304,1.00000000000000000,-0.000000000
4,5,4096,8388608,4194304,11,cycle,insertion,71,4194304,1.00000000000000000,-0.000000000
4,5,4096,8388608,4194304,11,cycle,insertion,72,4194304,1.00000000000000000,-0.000000000
4,5,4096,8388608,4194304,11,cycle,insertion,73,4194304,1.00000000000000000,-0.000000000
4,5,4096,8388608,4194304,11,cycle,insertion,74,4194304,1.00000000000000000,-0.000000000
4,5,4096,8388608,4194304,11,cycle,insertion,75,4194304,1.00000000000000000,-0.000000000
4,5,4096,8388608,4194304,11,cycle,insertion,76,4194304,1.00000000000000000,-0.000000000
4,5,4096,8388608,4194304,11,cycle,insertion,77,4194304,1.00000000000000000,-0.000000000
4,5,4096,8388608,4194304,11,cycle,insertion,78,4194304,1.00000000000000000,-0.000000000
4,5,4096,8388608,4194304,11,cycle,insertion,79,4194304,1.00000000000000000,-0.000000000
4,5,4096,8388608,4194304,11,cycle,insertion,80,4194304,1.00000000000000000,-0.000000000
4,5,4096,8388608,4194304,11,cycle,insertion,81,4194304,1.00000000000000000,-0.000000000
4,5,4096,8388608,4194304,11,cycle,insertion,82,4194304,1.00000000000000000,-0.000000000
4,5,4096,8388608,4194304,11,cycle,insertion,83,4194304,1.00000000000000000,-0.000000000
4,5,4096,8388608,4194304,11,cycle,insertion,84,4194304,1.00000000000000000,-0.000000000
4,5,4096,8388608,4194304,11,cycle,insertion,85,4194304,1.00000000000000000,-0.000000000
4,5,4096,8388608,4194304,11,cycle,insertion,86,4194304,1.00000000000000000,-0.000000000
4,5,4096,8388608,4194304,11,cycle,insertion,87,4194304,1.00000000000000000,-0.000000000
4,5,4096,8388608,4194304,11,cycle,insertion,88,4194304,1.00000000000000000,-0.000000000
4,5,4096,8388608,4194304,11,cycle,insertion,89,4194304,1.00000000000000000,-0.000000000
4,5,4096,8388608,4194304,11,cycle,insertion,90,4194304,1.00000000000000000,-0.000000000
4,5,4096,8388608,4194304,11,cycle,insertion,91,4194304,1.00000000000000000,-0.000000000
4,5,4096,8388608,4194304,11,cycle,insertion,92,4194304,1.00000000000000000,-0.000000000
4,5,4096,8388608,4194304,11,cycle,insertion,93,4194304,1.00000000000000000,-0.000000000
4,5,4096,8388608,4194304,11,cycle,insertion,94,4194304,1.00000000000000000,-0.000000000
4,5,4096,8388608,4194304,11,cycle,insertion,95,4194304,1.00000000000000000,-0.000000000
4,5,4096,8388608,4194304,11,cycle,insertion,96,4194304,1.00000000000000000,-0.000000000
4,5,4096,8388608,4194304,11,cycle,insertion,97,4194304,1.00000000000000000,-0.000000000
4,5,4096,8388608,4194304,11,cycle,insertion,98,4194304,1.00000000000000000,-0.000000000
4,5,4096,8388608,4194304,11,cycle,insertion,99,4194304,1.00000000000000000,-0.000000000
4,5,4096,8388608,4194304,11,cycle,insertion,100,4194304,1.00000000000000000,-0.000000000
4,5,4096,8388608,4194304,11,cycle,insertion,101,4194304,1.00000000000000000,-0.000000000
4,5,4096,8388608,4194304,11,cycle,insertion,102,4194304,1.00000000000000000,-0.000000000
4,5,4096,8388608,4194304,11,cycle,insertion,103,4194304,1.00000000000000000,-0.000000000
4,5,4096,8388608,4194304,11,cycle,insertion,104,4194304,1.00000000000000000,-0.000000000
4,5,4096,8388608,4194304,11,cycle,insertion,105,4194304,1.00000000000000000,-0.000000000
4,5,4096,8388608,4194304,11,cycle,insertion,106,4194304,1.00000000000000000,-0.000000000
4,5,4096,8388608,4194304,11,cycle,insertion,107,4194304,1.00000000000000000,-0.000000000
4,5,4096,8388608,4194304,11,cycle,insertion,108,4194304,1.00000000000000000,-0.000000000
4,5,4096,8388608,4194304,11,cycle,insertion,109,4194304,1.00000000000000000,-0.000000000
4,5,4096,8388608,4194304,11,cycle,insertion,110,4194304,1.00000000000000000,-0.000000000
4,5,4096,8388608,4194304,11,cycle,insertion,111,4194304,1.00000000000000000,-0.000000000
4,5,4096,8388608,4194304,11,cycle,insertion,112,4194304,1.00000000000000000,-0.000000000
4,5,4096,8388608,4194304,11,cycle,insertion,113,4194304,1.00000000000000000,-0.000000000
4,5,4096,8388608,4194304,11,cycle,insertion,114,4194304,1.00000000000000000,-0.000000000
4,5,4096,8388608,4194304,11,cycle,insertion,115,4194304,1.00000000000000000,-0.000000000
4,5,4096,8388608,4194304,11,cycle,insertion,116,4194304,1.00000000000000000,-0.000000000
4,5,4096,8388608,4194304,11,cycle,insertion,117,4194304,1.00000000000000000,-0.000000000
4,5,4096,8388608,4194304,11,cycle,insertion,118,4194304,1.00000000000000000,-0.000000000
4,5,4096,8388608,4194304,11,cycle,insertion,119,4194304,1.00000000000000000,-0.000000000
4,5,4096,8388608,4194304,11,cycle,insertion,120,4194304,1.00000000000000000,-0.000000000
4,5,4096,8388608,4194304,11,cycle,insertion,121,4194304,1.00000000000000000,-0.000000000
4,5,4096,8388608,4194304,11,cycle,insertion,122,4194304,1.00000000000000000,-0.000000000
4,5,4096,8388608,4194304,11,cycle,insertion,123,4194304,1.00000000000000000,-0.000000000
4,5,4096,8388608,4194304,11,cycle,insertion,124,4194304,1.00000000000000000,-0.000000000
4,5,4096,8388608,4194304,11,cycle,insertion,125,4194304,1.00000000000000000,-0.000000000
4,5,4096,8388608,4194304,11,cycle,insertion,126,4194304,1.00000000000000000,-0.000000000
4,5,4096,8388608,4194304,11,cycle,insertion,127,4194304,1.00000000000000000,-0.000000000
4,5,4096,8388608,4194304,11,cycle,insertion,128,4194304,1.00000000000000000,-0.000000000
4,5,4096,8388608,4194304,11,cycle,insertion,129,4194304,1.00000000000000000,-0.000000000
4,5,4096,8388608,4194304,11,cycle,insertion,130,4194304,1.00000000000000000,-0.000000000
4,5,4096,8388608,4194304,11,cycle,insertion,131,4194304,1.00000000000000000,-0.000000000
4,5,4096,8388608,4194304,11,cycle,insertion,132,4194304,1.00000000000000000,-0.000000000
4,5,4096,8388608,4194304,11,cycle,insertion,133,4194304,1.00000000000000000,-0.000000000
4,5,4096,8388608,4194304,11,cycle,insertion,134,4194304,1.00000000000000000,-0.000000000
4,5,4096,8388608,4194304,11,cycle,insertion,135,4194304,1.00000000000000000,-0.000000000
4,5,4096,8388608,4194304,11,cycle,insertion,136,4194304,1.00000000000000000,-0.000000000
4,5,4096,8388608,4194304,11,cycle,insertion,137,4194304,1.00000000000000000,-0.000000000
4,5,4096,8388608,4194304,11,cycle,insertion,138,4194304,1.00000000000000000,-0.000000000
4,5,4096,8388608,4194304,11,cycle,insertion,139,4194304,1.00000000000000000,-0.000000000
4,5,4096,8388608,4194304,11,cycle,insertion,140,4194304,1.00000000000000000,-0.000000000
4,5,4096,8388608,4194304,11,cycle,insertion,141,4194304,1.00000000000000000,-0.000000000
4,5,4096,8388608,4194304,11,cycle,insertion,142,4194304,1.00000000000000000,-0.000000000
4,5,4096,8388608,4194304,11,cycle,insertion,143,4194304,1.00000000000000000,-0.000000000
4,5,4096,8388608,4194304,11,cycle,insertion,144,4194304,1.00000000000000000,-0.000000000
4,5,4096,8388608,4194304,11,cycle,insertion,145,4194304,1.00000000000000000,-0.000000000
4,5,4096,8388608,4194304,11,cycle,insertion,146,4194304,1.00000000000000000,-0.000000000
4,5,4096,8388608,4194304,11,cycle,insertion,147,4194304,1.00000000000000000,-0.000000000
4,5,4096,8388608,4194304,11,cycle,insertion,148,4194304,1.00000000000000000,-0.000000000
4,5,4096,8388608,4194304,11,cycle,insertion,149,4194304,1.00000000000000000,-0.000000000
4,5,4096,8388608,4194304,11,cycle,insertion,150,4194304,1.00000000000000000,-0.000000000
4,5,4096,8388608,4194304,11,cycle,insertion,151,4194304,1.00000000000000000,-0.000000000
4,5,4096,8388608,4194304,11,cycle,insertion,152,4194304,1.00000000000000000,-0.000000000
4,5,4096,8388608,4194304,11,cycle,insertion,153,4194304,1.00000000000000000,-0.000000000
4,5,4096,8388608,4194304,11,cycle,insertion,154,4194304,1.00000000000000000,-0.000000000
4,5,4096,8388608,4194304,11,cycle,insertion,155,4194304,1.00000000000000000,-0.000000000
4,5,4096,8388608,4194304,11,cycle,insertion,156,4194304,1.00000000000000000,-0.000000000
4,5,4096,8388608,4194304,11,cycle,insertion,157,4194304,1.00000000000000000,-0.000000000
4,5,4096,8388608,4194304,11,cycle,insertion,158,4194304,1.00000000000000000,-0.000000000
4,5,4096,8388608,4194304,11,cycle,insertion,159,4194304,1.00000000000000000,-0.000000000
4,5,4096,8388608,4194304,11,cycle,insertion,160,4194304,1.00000000000000000,-0.000000000
4,5,4096,8388608,4194304,11,cycle,insertion,161,4194304,1.00000000000000000,-0.000000000
4,5,4096,8388608,4194304,11,cycle,insertion,162,4194304,1.00000000000000000,-0.000000000
4,5,4096,8388608,4194304,11,cycle,insertion,163,4194304,1.00000000000000000,-0.000000000
4,5,4096,8388608,4194304,11,cycle,insertion,164,4194304,1.00000000000000000,-0.000000000
4,5,4096,8388608,4194304,11,cycle,insertion,165,4194304,1.00000000000000000,-0.000000000
4,5,4096,8388608,4194304,11,cycle,insertion,166,4194304,1.00000000000000000,-0.000000000
4,5,4096,8388608,4194304,11,cycle,insertion,167,4194304,1.00000000000000000,-0.000000000
4,5,4096,8388608,4194304,11,cycle,insertion,168,4194304,1.00000000000000000,-0.000000000
4,5,4096,8388608,4194304,11,cycle,insertion,169,4194304,1.00000000000000000,-0.000000000
4,5,4096,8388608,4194304,11,cycle,insertion,170,4194304,1.00000000000000000,-0.000000000
4,5,4096,8388608,4194304,11,cycle,insertion,171,4194304,1.00000000000000000,-0.000000000
4,5,4096,8388608,4194304,11,cycle,insertion,172,4194304,1.00000000000000000,-0.000000000
4,5,4096,8388608,4194304,11,cycle,insertion,173,4194304,1.00000000000000000,-0.000000000
4,5,4096,8388608,4194304,11,cycle,insertion,174,4194304,1.00000000000000000,-0.000000000
4,5,4096,8388608,4194304,11,cycle,insertion,175,4194304,1.00000000000000000,-0.000000000
4,5,4096,8388608,4194304,11,cycle,insertion,176,4194304,1.00000000000000000,-0.000000000
4,5,4096,8388608,4194304,11,cycle,insertion,177,4194304,1.00000000000000000,-0.000000000
4,5,4096,8388608,4194304,11,cycle,insertion,178,4194304,1.00000000000000000,-0.000000000
4,5,4096,8388608,4194304,11,cycle,insertion,179,4194304,1.00000000000000000,-0.000000000
4,5,4096,8388608,4194304,11,cycle,insertion,180,4194304,1.00000000000000000,-0.000000000
4,5,4096,8388608,4194304,11,cycle,insertion,181,4194304,1.00000000000000000,-0.000000000
4,5,4096,8388608,4194304,11,cycle,insertion,182,4194304,1.00000000000000000,-0.000000000
4,5,4096,8388608,4194304,11,cycle,insertion,183,4194304,1.00000000000000000,-0.000000000
4,5,4096,8388608,4194304,11,cycle,insertion,184,4194304,1.00000000000000000,-0.000000000
4,5,4096,8388608,4194304,11,cycle,insertion,185,4194304,1.00000000000000000,-0.000000000
4,5,4096,8388608,4194304,11,cycle,insertion,186,4194304,1.00000000000000000,-0.000000000
4,5,4096,8388608,4194304,11,cycle,insertion,187,4194304,1.00000000000000000,-0.000000000
4,5,4096,8388608,4194304,11,cycle,insertion,188,4194304,1.00000000000000000,-0.000000000
4,5,4096,8388608,4194304,11,cycle,insertion,189,4194304,1.00000000000000000,-0.000000000
4,5,4096,8388608,4194304,11,cycle,insertion,190,4194304,1.00000000000000000,-0.000000000
4,5,4096,8388608,4194304,11,cycle,insertion,191,4194304,1.00000000000000000,-0.000000000
4,5,4096,8388608,4194304,11,cycle,insertion,192,4194304,1.00000000000000000,-0.000000000
4,5,4096,8388608,4194304,11,cycle,insertion,193,4194304,1.00000000000000000,-0.000000000
4,5,4096,8388608,4194304,11,cycle,insertion,194,4194304,1.00000000000000000,-0.000000000
4,5,4096,8388608,4194304,11,cycle,insertion,195,4194304,1.00000000000000000,-0.000000000
4,5,4096,8388608,4194304,11,cycle,insertion,196,4194304,1.00000000000000000,-0.000000000
4,5,4096,8388608,4194304,11,cycle,insertion,197,4194304,1.00000000000000000,-0.000000000
4,5,4096,8388608,4194304,11,cycle,insertion,198,4194304,1.00000000000000000,-0.000000000
4,5,4096,8388608,4194304,11,cycle,insertion,199,4194304,1.00000000000000000,-0.000000000
4,5,4096,8388608,4194304,11,cycle,insertion,200,4194304,1.00000000000000000,-0.000000000
4,5,4096,8388608,4194304,11,cycle,insertion,201,4194304,1.00000000000000000,-0.000000000
4,5,4096,8388608,4194304,11,cycle,insertion,202,4194304,1.00000000000000000,-0.000000000
4,5,4096,8388608,4194304,11,cycle,insertion,203,4194304,1.00000000000000000,-0.000000000
4,5,4096,8388608,4194304,11,cycle,insertion,204,4194304,1.00000000000000000,-0.000000000
4,5,4096,8388608,4194304,11,cycle,insertion,205,4194304,1.00000000000000000,-0.000000000
4,5,4096,8388608,4194304,11,cycle,insertion,206,4194304,1.00000000000000000,-0.000000000
4,5,4096,8388608,4194304,11,cycle,insertion,207,4194304,1.00000000000000000,-0.000000000
4,5,4096,8388608,4194304,11,cycle,insertion,208,4194304,1.00000000000000000,-0.000000000
4,5,4096,8388608,4194304,11,cycle,insertion,209,4194304,1.00000000000000000,-0.000000000
4,5,4096,8388608,4194304,11,cycle,insertion,210,4194304,1.00000000000000000,-0.000000000
4,5,4096,8388608,4194304,11,cycle,insertion,211,4194304,1.00000000000000000,-0.000000000
4,5,4096,8388608,4194304,11,cycle,insertion,212,4194304,1.00000000000000000,-0.000000000
4,5,4096,8388608,4194304,11,cycle,insertion,213,4194304,1.00000000000000000,-0.000000000
4,5,4096,8388608,4194304,11,cycle,insertion,214,4194304,1.00000000000000000,-0.000000000
4,5,4096,8388608,4194304,11,cycle,insertion,215,4194304,1.00000000000000000,-0.000000000
4,5,4096,8388608,4194304,11,cycle,insertion,216,4194304,1.00000000000000000,-0.000000000
4,5,4096,8388608,4194304,11,cycle,insertion,217,4194304,1.00000000000000000,-0.000000000
4,5,4096,8388608,4194304,11,cycle,insertion,218,4194304,1.00000000000000000,-0.000000000
4,5,4096,8388608,4194304,11,cycle,insertion,219,4194304,1.00000000000000000,-0.000000000
4,5,4096,8388608,4194304,11,cycle,insertion,220,4194304,1.00000000000000000,-0.000000000
4,5,4096,8388608,4194304,11,cycle,insertion,221,4194304,1.00000000000000000,-0.000000000
4,5,4096,8388608,4194304,11,cycle,insertion,222,4194304,1.00000000000000000,-0.000000000
4,5,4096,8388608,4194304,11,cycle,insertion,223,4194304,1.00000000000000000,-0.000000000
4,5,4096,8388608,4194304,11,cycle,insertion,224,4194304,1.00000000000000000,-0.000000000
4,5,4096,8388608,4194304,11,cycle,insertion,225,4194304,1.00000000000000000,-0.000000000
4,5,4096,8388608,4194304,11,cycle,insertion,226,4194304,1.00000000000000000,-0.000000000
4,5,4096,8388608,4194304,11,cycle,insertion,227,4194304,1.00000000000000000,-0.000000000
4,5,4096,8388608,4194304,11,cycle,insertion,228,4194304,1.00000000000000000,-0.000000000
4,5,4096,8388608,4194304,11,cycle,insertion,229,4194304,1.00000000000000000,-0.000000000
4,5,4096,8388608,4194304,11,cycle,insertion,230,4194304,1.00000000000000000,-0.000000000
4,5,4096,8388608,4194304,11,cycle,insertion,231,4194304,1.00000000000000000,-0.000000000
4,5,4096,8388608,4194304,11,cycle,insertion,232,4194304,1.00000000000000000,-0.000000000
4,5,4096,8388608,4194304,11,cycle,insertion,233,4194304,1.00000000000000000,-0.000000000
4,5,4096,8388608,4194304,11,cycle,insertion,234,4194304,1.00000000000000000,-0.000000000
4,5,4096,8388608,4194304,11,cycle,insertion,235,4194304,1.00000000000000000,-0.000000000
4,5,4096,8388608,4194304,11,cycle,insertion,236,4194304,1.00000000000000000,-0.000000000
4,5,4096,8388608,4194304,11,cycle,insertion,237,4194304,1.00000000000000000,-0.000000000
4,5,4096,8388608,4194304,11,cycle,insertion,238,4194304,1.00000000000000000,-0.000000000
4,5,4096,8388608,4194304,11,cycle,insertion,239,4194304,1.00000000000000000,-0.000000000
4,5,4096,8388608,4194304,11,cycle,insertion,240,4194304,1.00000000000000000,-0.000000000
4,5,4096,8388608,4194304,11,cycle,insertion,241,4194304,1.00000000000000000,-0.000000000
4,5,4096,8388608,4194304,11,cycle,insertion,242,4194304,1.00000000000000000,-0.000000000
4,5,4096,8388608,4194304,11,cycle,insertion,243,4194304,1.00000000000000000,-0.000000000
4,5,4096,8388608,4194304,11,cycle,insertion,244,4194304,1.00000000000000000,-0.000000000
4,5,4096,8388608,4194304,11,cycle,insertion,245,4194304,1.00000000000000000,-0.000000000
4,5,4096,8388608,4194304,11,cycle,insertion,246,4194304,1.00000000000000000,-0.000000000
4,5,4096,8388608,4194304,11,cycle,insertion,247,4194304,1.00000000000000000,-0.000000000
4,5,4096,8388608,4194304,11,cycle,insertion,248,4194304,1.00000000000000000,-0.000000000
4,5,4096,8388608,4194304,11,cycle,insertion,249,4194304,1.00000000000000000,-0.000000000
4,5,4096,8388608,4194304,11,cycle,insertion,250,4194304,1.00000000000000000,-0.000000000
4,5,4096,8388608,4194304,11,cycle,insertion,251,4194304,1.00000000000000000,-0.000000000
4,5,4096,8388608,4194304,11,cycle,insertion,252,4194304,1.00000000000000000,-0.000000000
4,5,4096,8388608,4194304,11,cycle,insertion,253,4194304,1.00000000000000000,-0.000000000
4,5,4096,8388608,4194304,11,cycle,insertion,254,4194304,1.00000000000000000,-0.000000000
4,5,4096,8388608,4194304,11,cycle,insertion,255,4194304,1.00000000000000000,-0.000000000
4,5,4096,8388608,4194304,11,cycle,insertion,256,4194304,1.00000000000000000,-0.000000000
4,5,4096,8388608,4194304,11,cycle,insertion,257,4194304,1.00000000000000000,-0.000000000
4,5,4096,8388608,4194304,11,cycle,insertion,258,4194304,1.00000000000000000,-0.000000000
4,5,4096,8388608,4194304,11,cycle,insertion,259,4194304,1.00000000000000000,-0.000000000
4,5,4096,8388608,4194304,11,cycle,insertion,260,4194304,1.00000000000000000,-0.000000000
4,5,4096,8388608,4194304,11,cycle,insertion,261,4194304,1.00000000000000000,-0.000000000
4,5,4096,8388608,4194304,11,cycle,insertion,262,4194304,1.00000000000000000,-0.000000000
4,5,4096,8388608,4194304,11,cycle,insertion,263,4194304,1.00000000000000000,-0.000000000
4,5,4096,8388608,4194304,11,cycle,insertion,264,4194304,1.00000000000000000,-0.000000000
4,5,4096,8388608,4194304,11,cycle,insertion,265,4194304,1.00000000000000000,-0.000000000
4,5,4096,8388608,4194304,11,cycle,insertion,266,4194304,1.00000000000000000,-0.000000000
4,5,4096,8388608,4194304,11,cycle,insertion,267,4194304,1.00000000000000000,-0.000000000
4,5,4096,8388608,4194304,11,cycle,insertion,268,4194304,1.00000000000000000,-0.000000000
4,5,4096,8388608,4194304,11,cycle,insertion,269,4194304,1.00000000000000000,-0.000000000
4,5,4096,8388608,4194304,11,cycle,insertion,270,4194304,1.00000000000000000,-0.000000000
4,5,4096,8388608,4194304,11,cycle,insertion,271,4194304,1.00000000000000000,-0.000000000
4,5,4096,8388608,4194304,11,cycle,insertion,272,4194304,1.00000000000000000,-0.000000000
4,5,4096,8388608,4194304,11,cycle,insertion,273,4194304,1.00000000000000000,-0.000000000
4,5,4096,8388608,4194304,11,cycle,insertion,274,4194304,1.00000000000000000,-0.000000000
4,5,4096,8388608,4194304,11,cycle,insertion,275,4194304,1.00000000000000000,-0.000000000
4,5,4096,8388608,4194304,11,cycle,insertion,276,4194304,1.00000000000000000,-0.000000000
4,5,4096,8388608,4194304,11,cycle,insertion,277,4194304,1.00000000000000000,-0.000000000
4,5,4096,8388608,4194304,11,cycle,insertion,278,4194304,1.00000000000000000,-0.000000000
4,5,4096,8388608,4194304,11,cycle,insertion,279,4194304,1.00000000000000000,-0.000000000
4,5,4096,8388608,4194304,11,cycle,insertion,280,4194304,1.00000000000000000,-0.000000000
4,5,4096,8388608,4194304,11,cycle,insertion,281,4194304,1.00000000000000000,-0.000000000
4,5,4096,8388608,4194304,11,cycle,insertion,282,4194304,1.00000000000000000,-0.000000000
4,5,4096,8388608,4194304,11,cycle,insertion,283,4194304,1.00000000000000000,-0.000000000
4,5,4096,8388608,4194304,11,cycle,insertion,284,4194304,1.00000000000000000,-0.000000000
4,5,4096,8388608,4194304,11,cycle,insertion,285,4194304,1.00000000000000000,-0.000000000
4,5,4096,8388608,4194304,11,cycle,insertion,286,4194304,1.00000000000000000,-0.000000000
4,5,4096,8388608,4194304,11,cycle,insertion,287,4194304,1.00000000000000000,-0.000000000
4,5,4096,8388608,4194304,11,cycle,insertion,288,4194304,1.00000000000000000,-0.000000000
4,5,4096,8388608,4194304,11,cycle,insertion,289,4194304,1.00000000000000000,-0.000000000
4,5,4096,8388608,4194304,11,cycle,insertion,290,4194304,1.00000000000000000,-0.000000000
4,5,4096,8388608,4194304,11,cycle,insertion,291,4194304,1.00000000000000000,-0.000000000
4,5,4096,8388608,4194304,11,cycle,insertion,292,4194304,1.00000000000000000,-0.000000000
4,5,4096,8388608,4194304,11,cycle,insertion,293,4194304,1.00000000000000000,-0.000000000
4,5,4096,8388608,4194304,11,cycle,insertion,294,4194304,1.00000000000000000,-0.000000000
4,5,4096,8388608,4194304,11,cycle,insertion,295,4194304,1.00000000000000000,-0.000000000
4,5,4096,8388608,4194304,11,cycle,insertion,296,4194304,1.00000000000000000,-0.000000000
4,5,4096,8388608,4194304,11,cycle,insertion,297,4194304,1.00000000000000000,-0.000000000
4,5,4096,8388608,4194304,11,cycle,insertion,298,4194304,1.00000000000000000,-0.000000000
4,5,4096,8388608,4194304,11,cycle,insertion,299,4194304,1.00000000000000000,-0.000000000
4,5,4096,8388608,4194304,11,cycle,insertion,300,4194304,1.00000000000000000,-0.000000000
4,5,4096,8388608,4194304,11,cycle,insertion,301,4194304,1.00000000000000000,-0.000000000
4,5,4096,8388608,4194304,11,cycle,insertion,302,4194304,1.00000000000000000,-0.000000000
4,5,4096,8388608,4194304,11,cycle,insertion,303,4194304,1.00000000000000000,-0.000000000
4,5,4096,8388608,4194304,11,cycle,insertion,304,4194304,1.00000000000000000,-0.000000000
4,5,4096,8388608,4194304,11,cycle,insertion,305,4194304,1.00000000000000000,-0.000000000
4,5,4096,8388608,4194304,11,cycle,insertion,306,4194304,1.00000000000000000,-0.000000000
4,5,4096,8388608,4194304,11,cycle,insertion,307,4194304,1.00000000000000000,-0.000000000
4,5,4096,8388608,4194304,11,cycle,insertion,308,4194304,1.00000000000000000,-0.000000000
4,5,4096,8388608,4194304,11,cycle,insertion,309,4194304,1.00000000000000000,-0.000000000
4,5,4096,8388608,4194304,11,cycle,insertion,310,4194304,1.00000000000000000,-0.000000000
4,5,4096,8388608,4194304,11,cycle,insertion,311,4194304,1.00000000000000000,-0.000000000
4,5,4096,8388608,4194304,11,cycle,insertion,312,4194304,1.00000000000000000,-0.000000000
4,5,4096,8388608,4194304,11,cycle,insertion,313,4194304,1.00000000000000000,-0.000000000
4,5,4096,8388608,4194304,11,cycle,insertion,314,4194304,1.00000000000000000,-0.000000000
4,5,4096,8388608,4194304,11,cycle,insertion,315,4194304,1.00000000000000000,-0.000000000
4,5,4096,8388608,4194304,11,cycle,insertion,316,4194304,1.00000000000000000,-0.000000000
4,5,4096,8388608,4194304,11,cycle,insertion,317,4194304,1.00000000000000000,-0.000000000
4,5,4096,8388608,4194304,11,cycle,insertion,318,4194304,1.00000000000000000,-0.000000000
4,5,4096,8388608,4194304,11,cycle,insertion,319,4194304,1.00000000000000000,-0.000000000
4,5,4096,8388608,4194304,11,cycle,insertion,320,4194304,1.00000000000000000,-0.000000000
4,5,4096,8388608,4194304,11,cycle,insertion,321,4194304,1.00000000000000000,-0.000000000
4,5,4096,8388608,4194304,11,cycle,insertion,322,4194304,1.00000000000000000,-0.000000000
4,5,4096,8388608,4194304,11,cycle,insertion,323,4194304,1.00000000000000000,-0.000000000
4,5,4096,8388608,4194304,11,cycle,insertion,324,4194304,1.00000000000000000,-0.000000000
4,5,4096,8388608,4194304,11,cycle,insertion,325,4194304,1.00000000000000000,-0.000000000
4,5,4096,8388608,4194304,11,cycle,insertion,326,4194304,1.00000000000000000,-0.000000000
4,5,4096,8388608,4194304,11,cycle,insertion,327,4194304,1.00000000000000000,-0.000000000
4,5,4096,8388608,4194304,11,cycle,insertion,328,4194304,1.00000000000000000,-0.000000000
4,5,4096,8388608,4194304,11,cycle,insertion,329,4194304,1.00000000000000000,-0.000000000
4,5,4096,8388608,4194304,11,cycle,insertion,330,4194304,1.00000000000000000,-0.000000000
4,5,4096,8388608,4194304,11,cycle,insertion,331,4194304,1.00000000000000000,-0.000000000
4,5,4096,8388608,4194304,11,cycle,insertion,332,4194304,1.00000000000000000,-0.000000000
4,5,4096,8388608,4194304,11,cycle,insertion,333,4194304,1.00000000000000000,-0.000000000
4,5,4096,8388608,4194304,11,cycle,insertion,334,4194304,1.00000000000000000,-0.000000000
4,5,4096,8388608,4194304,11,cycle,insertion,335,4194304,1.00000000000000000,-0.000000000
4,5,4096,8388608,4194304,11,cycle,insertion,336,4194304,1.00000000000000000,-0.000000000
4,5,4096,8388608,4194304,11,cycle,insertion,337,4194304,1.00000000000000000,-0.000000000
4,5,4096,8388608,4194304,11,cycle,insertion,338,4194304,1.00000000000000000,-0.000000000
4,5,4096,8388608,4194304,11,cycle,insertion,339,4194304,1.00000000000000000,-0.000000000
4,5,4096,8388608,4194304,11,cycle,insertion,340,4194304,1.00000000000000000,-0.000000000
4,5,4096,8388608,4194304,11,cycle,insertion,341,4194304,1.00000000000000000,-0.000000000
4,5,4096,8388608,4194304,11,cycle,insertion,342,4194304,1.00000000000000000,-0.000000000
4,5,4096,8388608,4194304,11,cycle,insertion,343,4194304,1.00000000000000000,-0.000000000
4,5,4096,8388608,4194304,11,cycle,insertion,344,4194304,1.00000000000000000,-0.000000000
4,5,4096,8388608,4194304,11,cycle,insertion,345,4194304,1.00000000000000000,-0.000000000
4,5,4096,8388608,4194304,11,cycle,insertion,346,4194304,1.00000000000000000,-0.000000000
4,5,4096,8388608,4194304,11,cycle,insertion,347,4194304,1.00000000000000000,-0.000000000
4,5,4096,8388608,4194304,11,cycle,insertion,348,4194304,1.00000000000000000,-0.000000000
4,5,4096,8388608,4194304,11,cycle,insertion,349,4194304,1.00000000000000000,-0.000000000
4,5,4096,8388608,4194304,11,cycle,insertion,350,4194304,1.00000000000000000,-0.000000000
4,5,4096,8388608,4194304,11,cycle,insertion,351,4194304,1.00000000000000000,-0.000000000
4,5,4096,8388608,4194304,11,cycle,insertion,352,4194304,1.00000000000000000,-0.000000000
4,5,4096,8388608,4194304,11,cycle,insertion,353,4194304,1.00000000000000000,-0.000000000
4,5,4096,8388608,4194304,11,cycle,insertion,354,4194304,1.00000000000000000,-0.000000000
4,5,4096,8388608,4194304,11,cycle,insertion,355,4194304,1.00000000000000000,-0.000000000
4,5,4096,8388608,4194304,11,cycle,insertion,356,4194304,1.00000000000000000,-0.000000000
4,5,4096,8388608,4194304,11,cycle,insertion,357,4194304,1.00000000000000000,-0.000000000
4,5,4096,8388608,4194304,11,cycle,insertion,358,4194304,1.00000000000000000,-0.000000000
4,5,4096,8388608,4194304,11,cycle,insertion,359,4194304,1.00000000000000000,-0.000000000
4,5,4096,8388608,4194304,11,cycle,insertion,360,4194304,1.00000000000000000,-0.000000000
4,5,4096,8388608,4194304,11,cycle,insertion,361,4194304,1.00000000000000000,-0.000000000
4,5,4096,8388608,4194304,11,cycle,insertion,362,4194304,1.00000000000000000,-0.000000000
4,5,4096,8388608,4194304,11,cycle,insertion,363,4194304,1.00000000000000000,-0.000000000
4,5,4096,8388608,4194304,11,cycle,insertion,364,4194304,1.00000000000000000,-0.000000000
4,5,4096,8388608,4194304,11,cycle,insertion,365,4194304,1.00000000000000000,-0.000000000
4,5,4096,8388608,4194304,11,cycle,insertion,366,4194304,1.00000000000000000,-0.000000000
4,5,4096,8388608,4194304,11,cycle,insertion,367,4194304,1.00000000000000000,-0.000000000
4,5,4096,8388608,4194304,11,cycle,insertion,368,4194304,1.00000000000000000,-0.000000000
4,5,4096,8388608,4194304,11,cycle,insertion,369,4194304,1.00000000000000000,-0.000000000
4,5,4096,8388608,4194304,11,cycle,insertion,370,4194304,1.00000000000000000,-0.000000000
4,5,4096,8388608,4194304,11,cycle,insertion,371,4194304,1.00000000000000000,-0.000000000
4,5,4096,8388608,4194304,11,cycle,insertion,372,4194304,1.00000000000000000,-0.000000000
4,5,4096,8388608,4194304,11,cycle,insertion,373,4194304,1.00000000000000000,-0.000000000
4,5,4096,8388608,4194304,11,cycle,insertion,374,4194304,1.00000000000000000,-0.000000000
4,5,4096,8388608,4194304,11,cycle,insertion,375,4194304,1.00000000000000000,-0.000000000
4,5,4096,8388608,4194304,11,cycle,insertion,376,4194304,1.00000000000000000,-0.000000000
4,5,4096,8388608,4194304,11,cycle,insertion,377,4194304,1.00000000000000000,-0.000000000
4,5,4096,8388608,4194304,11,cycle,insertion,378,4194304,1.00000000000000000,-0.000000000
4,5,4096,8388608,4194304,11,cycle,insertion,379,4194304,1.00000000000000000,-0.000000000
4,5,4096,8388608,4194304,11,cycle,insertion,380,4194304,1.00000000000000000,-0.000000000
4,5,4096,8388608,4194304,11,cycle,insertion,381,4194304,1.00000000000000000,-0.000000000
4,5,4096,8388608,4194304,11,cycle,insertion,382,4194304,1.00000000000000000,-0.000000000
4,5,4096,8388608,4194304,11,cycle,insertion,383,4194304,1.00000000000000000,-0.000000000
4,5,4096,8388608,4194304,11,cycle,insertion,384,4194304,1.00000000000000000,-0.000000000
4,5,4096,8388608,4194304,11,cycle,insertion,385,4194304,1.00000000000000000,-0.000000000
4,5,4096,8388608,4194304,11,cycle,insertion,386,4194304,1.00000000000000000,-0.000000000
4,5,4096,8388608,4194304,11,cycle,insertion,387,4194304,1.00000000000000000,-0.000000000
4,5,4096,8388608,4194304,11,cycle,insertion,388,4194304,1.00000000000000000,-0.000000000
4,5,4096,8388608,4194304,11,cycle,insertion,389,4194304,1.00000000000000000,-0.000000000
4,5,4096,8388608,4194304,11,cycle,insertion,390,4194304,1.00000000000000000,-0.000000000
4,5,4096,8388608,4194304,11,cycle,insertion,391,4194304,1.00000000000000000,-0.000000000
4,5,4096,8388608,4194304,11,cycle,insertion,392,4194304,1.00000000000000000,-0.000000000
4,5,4096,8388608,4194304,11,cycle,insertion,393,4194304,1.00000000000000000,-0.000000000
4,5,4096,8388608,4194304,11,cycle,insertion,394,4194304,1.00000000000000000,-0.000000000
4,5,4096,8388608,4194304,11,cycle,insertion,395,4194304,1.00000000000000000,-0.000000000
4,5,4096,8388608,4194304,11,cycle,insertion,396,4194304,1.00000000000000000,-0.000000000
4,5,4096,8388608,4194304,11,cycle,insertion,397,4194304,1.00000000000000000,-0.000000000
4,5,4096,8388608,4194304,11,cycle,insertion,398,4194304,1.00000000000000000,-0.000000000
4,5,4096,8388608,4194304,11,cycle,insertion,399,4194304,1.00000000000000000,-0.000000000
4,5,4096,8388608,4194304,11,cycle,insertion,400,4194304,1.00000000000000000,-0.000000000
4,5,4096,8388608,4194304,11,cycle,insertion,401,4194304,1.00000000000000000,-0.000000000
4,5,4096,8388608,4194304,11,cycle,insertion,402,4194304,1.00000000000000000,-0.000000000
4,5,4096,8388608,4194304,11,cycle,insertion,403,4194304,1.00000000000000000,-0.000000000
4,5,4096,8388608,4194304,11,cycle,insertion,404,4194304,1.00000000000000000,-0.000000000
4,5,4096,8388608,4194304,11,cycle,insertion,405,4194304,1.00000000000000000,-0.000000000
4,5,4096,8388608,4194304,11,cycle,insertion,406,4194304,1.00000000000000000,-0.000000000
4,5,4096,8388608,4194304,11,cycle,insertion,407,4194304,1.00000000000000000,-0.000000000
4,5,4096,8388608,4194304,11,cycle,insertion,408,4194304,1.00000000000000000,-0.000000000
4,5,4096,8388608,4194304,11,cycle,insertion,409,4194304,1.00000000000000000,-0.000000000
4,5,4096,8388608,4194304,11,cycle,insertion,410,4194304,1.00000000000000000,-0.000000000
4,5,4096,8388608,4194304,11,cycle,insertion,411,4194304,1.00000000000000000,-0.000000000
4,5,4096,8388608,4194304,11,cycle,insertion,412,4194304,1.00000000000000000,-0.000000000
4,5,4096,8388608,4194304,11,cycle,insertion,413,4194304,1.00000000000000000,-0.000000000
4,5,4096,8388608,4194304,11,cycle,insertion,414,4194304,1.00000000000000000,-0.000000000
4,5,4096,8388608,4194304,11,cycle,insertion,415,4194304,1.00000000000000000,-0.000000000
4,5,4096,8388608,4194304,11,cycle,insertion,416,4194304,1.00000000000000000,-0.000000000
4,5,4096,8388608,4194304,11,cycle,insertion,417,4194304,1.00000000000000000,-0.000000000
4,5,4096,8388608,4194304,11,cycle,insertion,418,4194304,1.00000000000000000,-0.000000000
4,5,4096,8388608,4194304,11,cycle,insertion,419,4194304,1.00000000000000000,-0.000000000
4,5,4096,8388608,4194304,11,cycle,insertion,420,4194304,1.00000000000000000,-0.000000000
4,5,4096,8388608,4194304,11,cycle,insertion,421,4194304,1.00000000000000000,-0.000000000
4,5,4096,8388608,4194304,11,cycle,insertion,422,4194304,1.00000000000000000,-0.000000000
4,5,4096,8388608,4194304,11,cycle,insertion,423,4194304,1.00000000000000000,-0.000000000
4,5,4096,8388608,4194304,11,cycle,insertion,424,4194304,1.00000000000000000,-0.000000000
4,5,4096,8388608,4194304,11,cycle,insertion,425,4194304,1.00000000000000000,-0.000000000
4,5,4096,8388608,4194304,11,cycle,insertion,426,4194304,1.00000000000000000,-0.000000000
4,5,4096,8388608,4194304,11,cycle,insertion,427,4194304,1.00000000000000000,-0.000000000
4,5,4096,8388608,4194304,11,cycle,insertion,428,4194304,1.00000000000000000,-0.000000000
4,5,4096,8388608,4194304,11,cycle,insertion,429,4194304,1.00000000000000000,-0.000000000
4,5,4096,8388608,4194304,11,cycle,insertion,430,4194304,1.00000000000000000,-0.000000000
4,5,4096,8388608,4194304,11,cycle,insertion,431,4194304,1.00000000000000000,-0.000000000
4,5,4096,8388608,4194304,11,cycle,insertion,432,4194304,1.00000000000000000,-0.000000000
4,5,4096,8388608,4194304,11,cycle,insertion,433,4194304,1.00000000000000000,-0.000000000
4,5,4096,8388608,4194304,11,cycle,insertion,434,4194304,1.00000000000000000,-0.000000000
4,5,4096,8388608,4194304,11,cycle,insertion,435,4194304,1.00000000000000000,-0.000000000
4,5,4096,8388608,4194304,11,cycle,insertion,436,4194304,1.00000000000000000,-0.000000000
4,5,4096,8388608,4194304,11,cycle,insertion,437,4194304,1.00000000000000000,-0.000000000
4,5,4096,8388608,4194304,11,cycle,insertion,438,4194304,1.00000000000000000,-0.000000000
4,5,4096,8388608,4194304,11,cycle,insertion,439,4194304,1.00000000000000000,-0.000000000
4,5,4096,8388608,4194304,11,cycle,insertion,440,4194304,1.00000000000000000,-0.000000000
4,5,4096,8388608,4194304,11,cycle,insertion,441,4194304,1.00000000000000000,-0.000000000
4,5,4096,8388608,4194304,11,cycle,insertion,442,4194304,1.00000000000000000,-0.000000000
4,5,4096,8388608,4194304,11,cycle,insertion,443,4194304,1.00000000000000000,-0.000000000
4,5,4096,8388608,4194304,11,cycle,insertion,444,4194304,1.00000000000000000,-0.000000000
4,5,4096,8388608,4194304,11,cycle,insertion,445,4194304,1.00000000000000000,-0.000000000
4,5,4096,8388608,4194304,11,cycle,insertion,446,4194304,1.00000000000000000,-0.000000000
4,5,4096,8388608,4194304,11,cycle,insertion,447,4194304,1.00000000000000000,-0.000000000
4,5,4096,8388608,4194304,11,cycle,insertion,448,4194304,1.00000000000000000,-0.000000000
4,5,4096,8388608,4194304,11,cycle,insertion,449,4194304,1.00000000000000000,-0.000000000
4,5,4096,8388608,4194304,11,cycle,insertion,450,4194304,1.00000000000000000,-0.000000000
4,5,4096,8388608,4194304,11,cycle,insertion,451,4194304,1.00000000000000000,-0.000000000
4,5,4096,8388608,4194304,11,cycle,insertion,452,4194304,1.00000000000000000,-0.000000000
4,5,4096,8388608,4194304,11,cycle,insertion,453,4194304,1.00000000000000000,-0.000000000
4,5,4096,8388608,4194304,11,cycle,insertion,454,4194304,1.00000000000000000,-0.000000000
4,5,4096,8388608,4194304,11,cycle,insertion,455,4194304,1.00000000000000000,-0.000000000
4,5,4096,8388608,4194304,11,cycle,insertion,456,4194304,1.00000000000000000,-0.000000000
4,5,4096,8388608,4194304,11,cycle,insertion,457,4194304,1.00000000000000000,-0.000000000
4,5,4096,8388608,4194304,11,cycle,insertion,458,4194304,1.00000000000000000,-0.000000000
4,5,4096,8388608,4194304,11,cycle,insertion,459,4194304,1.00000000000000000,-0.000000000
4,5,4096,8388608,4194304,11,cycle,insertion,460,4194304,1.00000000000000000,-0.000000000
4,5,4096,8388608,4194304,11,cycle,insertion,461,4194304,1.00000000000000000,-0.000000000
4,5,4096,8388608,4194304,11,cycle,insertion,462,4194304,1.00000000000000000,-0.000000000
4,5,4096,8388608,4194304,11,cycle,insertion,463,4194304,1.00000000000000000,-0.000000000
4,5,4096,8388608,4194304,11,cycle,insertion,464,4194304,1.00000000000000000,-0.000000000
4,5,4096,8388608,4194304,11,cycle,insertion,465,4194304,1.00000000000000000,-0.000000000
4,5,4096,8388608,4194304,11,cycle,insertion,466,4194304,1.00000000000000000,-0.000000000
4,5,4096,8388608,4194304,11,cycle,insertion,467,4194304,1.00000000000000000,-0.000000000
4,5,4096,8388608,4194304,11,cycle,insertion,468,4194304,1.00000000000000000,-0.000000000
4,5,4096,8388608,4194304,11,cycle,insertion,469,4194304,1.00000000000000000,-0.000000000
4,5,4096,8388608,4194304,11,cycle,insertion,470,4194304,1.00000000000000000,-0.000000000
4,5,4096,8388608,4194304,11,cycle,insertion,471,4194304,1.00000000000000000,-0.000000000
4,5,4096,8388608,4194304,11,cycle,insertion,472,4194304,1.00000000000000000,-0.000000000
4,5,4096,8388608,4194304,11,cycle,insertion,473,4194304,1.00000000000000000,-0.000000000
4,5,4096,8388608,4194304,11,cycle,insertion,474,4194304,1.00000000000000000,-0.000000000
4,5,4096,8388608,4194304,11,cycle,insertion,475,4194304,1.00000000000000000,-0.000000000
4,5,4096,8388608,4194304,11,cycle,insertion,476,4194304,1.00000000000000000,-0.000000000
4,5,4096,8388608,4194304,11,cycle,insertion,477,4194304,1.00000000000000000,-0.000000000
4,5,4096,8388608,4194304,11,cycle,insertion,478,4194304,1.00000000000000000,-0.000000000
4,5,4096,8388608,4194304,11,cycle,insertion,479,4194304,1.00000000000000000,-0.000000000
4,5,4096,8388608,4194304,11,cycle,insertion,480,4194304,1.00000000000000000,-0.000000000
4,5,4096,8388608,4194304,11,cycle,insertion,481,4194304,1.00000000000000000,-0.000000000
4,5,4096,8388608,4194304,11,cycle,insertion,482,4194304,1.00000000000000000,-0.000000000
4,5,4096,8388608,4194304,11,cycle,insertion,483,4194304,1.00000000000000000,-0.000000000
4,5,4096,8388608,4194304,11,cycle,insertion,484,4194304,1.00000000000000000,-0.000000000
4,5,4096,8388608,4194304,11,cycle,insertion,485,4194304,1.00000000000000000,-0.000000000
4,5,4096,8388608,4194304,11,cycle,insertion,486,4194304,1.00000000000000000,-0.000000000
4,5,4096,8388608,4194304,11,cycle,insertion,487,4194304,1.00000000000000000,-0.000000000
4,5,4096,8388608,4194304,11,cycle,insertion,488,4194304,1.00000000000000000,-0.000000000
4,5,4096,8388608,4194304,11,cycle,insertion,489,4194304,1.00000000000000000,-0.000000000
4,5,4096,8388608,4194304,11,cycle,insertion,490,4194304,1.00000000000000000,-0.000000000
4,5,4096,8388608,4194304,11,cycle,insertion,491,4194304,1.00000000000000000,-0.000000000
4,5,4096,8388608,4194304,11,cycle,insertion,492,4194304,1.00000000000000000,-0.000000000
4,5,4096,8388608,4194304,11,cycle,insertion,493,4194304,1.00000000000000000,-0.000000000
4,5,4096,8388608,4194304,11,cycle,insertion,494,4194304,1.00000000000000000,-0.000000000
4,5,4096,8388608,4194304,11,cycle,insertion,495,4194304,1.00000000000000000,-0.000000000
4,5,4096,8388608,4194304,11,cycle,insertion,496,4194304,1.00000000000000000,-0.000000000
4,5,4096,8388608,4194304,11,cycle,insertion,497,4194304,1.00000000000000000,-0.000000000
4,5,4096,8388608,4194304,11,cycle,insertion,498,4194304,1.00000000000000000,-0.000000000
4,5,4096,8388608,4194304,11,cycle,insertion,499,4194304,1.00000000000000000,-0.000000000
4,5,4096,8388608,4194304,11,cycle,insertion,500,4194304,1.00000000000000000,-0.000000000
4,5,4096,8388608,4194304,11,cycle,insertion,501,4194304,1.00000000000000000,-0.000000000
4,5,4096,8388608,4194304,11,cycle,insertion,502,4194304,1.00000000000000000,-0.000000000
4,5,4096,8388608,4194304,11,cycle,insertion,503,4194304,1.00000000000000000,-0.000000000
4,5,4096,8388608,4194304,11,cycle,insertion,504,4194304,1.00000000000000000,-0.000000000
4,5,4096,8388608,4194304,11,cycle,insertion,505,4194304,1.00000000000000000,-0.000000000
4,5,4096,8388608,4194304,11,cycle,insertion,506,4194304,1.00000000000000000,-0.000000000
4,5,4096,8388608,4194304,11,cycle,insertion,507,4194304,1.00000000000000000,-0.000000000
4,5,4096,8388608,4194304,11,cycle,insertion,508,4194304,1.00000000000000000,-0.000000000
4,5,4096,8388608,4194304,11,cycle,insertion,509,4194304,1.00000000000000000,-0.000000000
4,5,4096,8388608,4194304,11,cycle,insertion,510,4194304,1.00000000000000000,-0.000000000
4,5,4096,8388608,4194304,11,cycle,insertion,511,4194304,1.00000000000000000,-0.000000000
4,5,4096,8388608,4194304,11,cycle,insertion,512,4194304,1.00000000000000000,-0.000000000
4,5,4096,8388608,4194304,11,cycle,insertion,513,4194304,1.00000000000000000,-0.000000000
4,5,4096,8388608,4194304,11,cycle,insertion,514,4194304,1.00000000000000000,-0.000000000
4,5,4096,8388608,4194304,11,cycle,insertion,515,4194304,1.00000000000000000,-0.000000000
4,5,4096,8388608,4194304,11,cycle,insertion,516,4194304,1.00000000000000000,-0.000000000
4,5,4096,8388608,4194304,11,cycle,insertion,517,4194304,1.00000000000000000,-0.000000000
4,5,4096,8388608,4194304,11,cycle,insertion,518,4194304,1.00000000000000000,-0.000000000
4,5,4096,8388608,4194304,11,cycle,insertion,519,4194304,1.00000000000000000,-0.000000000
4,5,4096,8388608,4194304,11,cycle,insertion,520,4194304,1.00000000000000000,-0.000000000
4,5,4096,8388608,4194304,11,cycle,insertion,521,4194304,1.00000000000000000,-0.000000000
4,5,4096,8388608,4194304,11,cycle,insertion,522,4194304,1.00000000000000000,-0.000000000
4,5,4096,8388608,4194304,11,cycle,insertion,523,4194304,1.00000000000000000,-0.000000000
4,5,4096,8388608,4194304,11,cycle,insertion,524,4194304,1.00000000000000000,-0.000000000
4,5,4096,8388608,4194304,11,cycle,insertion,525,4194304,1.00000000000000000,-0.000000000
4,5,4096,8388608,4194304,11,cycle,insertion,526,4194304,1.00000000000000000,-0.000000000
4,5,4096,8388608,4194304,11,cycle,insertion,527,4194304,1.00000000000000000,-0.000000000
4,5,4096,8388608,4194304,11,cycle,insertion,528,4194304,1.00000000000000000,-0.000000000
4,5,4096,8388608,4194304,11,cycle,insertion,529,4194304,1.00000000000000000,-0.000000000
4,5,4096,8388608,4194304,11,cycle,insertion,530,4194304,1.00000000000000000,-0.000000000
4,5,4096,8388608,4194304,11,cycle,insertion,531,4194304,1.00000000000000000,-0.000000000
4,5,4096,8388608,4194304,11,cycle,insertion,532,4194304,1.00000000000000000,-0.000000000
4,5,4096,8388608,4194304,11,cycle,insertion,533,4194304,1.00000000000000000,-0.000000000
4,5,4096,8388608,4194304,11,cycle,insertion,534,4194304,1.00000000000000000,-0.000000000
4,5,4096,8388608,4194304,11,cycle,insertion,535,4194304,1.00000000000000000,-0.000000000
4,5,4096,8388608,4194304,11,cycle,insertion,536,4194304,1.00000000000000000,-0.000000000
4,5,4096,8388608,4194304,11,cycle,insertion,537,4194304,1.00000000000000000,-0.000000000
4,5,4096,8388608,4194304,11,cycle,insertion,538,4194304,1.00000000000000000,-0.000000000
4,5,4096,8388608,4194304,11,cycle,insertion,539,4194304,1.00000000000000000,-0.000000000
4,5,4096,8388608,4194304,11,cycle,insertion,540,4194304,1.00000000000000000,-0.000000000
4,5,4096,8388608,4194304,11,cycle,insertion,541,4194304,1.00000000000000000,-0.000000000
4,5,4096,8388608,4194304,11,cycle,insertion,542,4194304,1.00000000000000000,-0.000000000
4,5,4096,8388608,4194304,11,cycle,insertion,543,4194304,1.00000000000000000,-0.000000000
4,5,4096,8388608,4194304,11,cycle,insertion,544,4194304,1.00000000000000000,-0.000000000
4,5,4096,8388608,4194304,11,cycle,insertion,545,4194304,1.00000000000000000,-0.000000000
4,5,4096,8388608,4194304,11,cycle,insertion,546,4194304,1.00000000000000000,-0.000000000
4,5,4096,8388608,4194304,11,cycle,insertion,547,4194304,1.00000000000000000,-0.000000000
4,5,4096,8388608,4194304,11,cycle,insertion,548,4194304,1.00000000000000000,-0.000000000
4,5,4096,8388608,4194304,11,cycle,insertion,549,4194304,1.00000000000000000,-0.000000000
4,5,4096,8388608,4194304,11,cycle,insertion,550,4194304,1.00000000000000000,-0.000000000
4,5,4096,8388608,4194304,11,cycle,insertion,551,4194304,1.00000000000000000,-0.000000000
4,5,4096,8388608,4194304,11,cycle,insertion,552,4194304,1.00000000000000000,-0.000000000
4,5,4096,8388608,4194304,11,cycle,insertion,553,4194304,1.00000000000000000,-0.000000000
4,5,4096,8388608,4194304,11,cycle,insertion,554,4194304,1.00000000000000000,-0.000000000
4,5,4096,8388608,4194304,11,cycle,insertion,555,4194304,1.00000000000000000,-0.000000000
4,5,4096,8388608,4194304,11,cycle,insertion,556,4194304,1.00000000000000000,-0.000000000
4,5,4096,8388608,4194304,11,cycle,insertion,557,4194304,1.00000000000000000,-0.000000000
4,5,4096,8388608,4194304,11,cycle,insertion,558,4194304,1.00000000000000000,-0.000000000
4,5,4096,8388608,4194304,11,cycle,insertion,559,4194304,1.00000000000000000,-0.000000000
4,5,4096,8388608,4194304,11,cycle,insertion,560,4194304,1.00000000000000000,-0.000000000
4,5,4096,8388608,4194304,11,cycle,insertion,561,4194304,1.00000000000000000,-0.000000000
4,5,4096,8388608,4194304,11,cycle,insertion,562,4194304,1.00000000000000000,-0.000000000
4,5,4096,8388608,4194304,11,cycle,insertion,563,4194304,1.00000000000000000,-0.000000000
4,5,4096,8388608,4194304,11,cycle,insertion,564,4194304,1.00000000000000000,-0.000000000
4,5,4096,8388608,4194304,11,cycle,insertion,565,4194304,1.00000000000000000,-0.000000000
4,5,4096,8388608,4194304,11,cycle,insertion,566,4194304,1.00000000000000000,-0.000000000
4,5,4096,8388608,4194304,11,cycle,insertion,567,4194304,1.00000000000000000,-0.000000000
4,5,4096,8388608,4194304,11,cycle,insertion,568,4194304,1.00000000000000000,-0.000000000
4,5,4096,8388608,4194304,11,cycle,insertion,569,4194304,1.00000000000000000,-0.000000000
4,5,4096,8388608,4194304,11,cycle,insertion,570,4194304,1.00000000000000000,-0.000000000
4,5,4096,8388608,4194304,11,cycle,insertion,571,4194304,1.00000000000000000,-0.000000000
4,5,4096,8388608,4194304,11,cycle,insertion,572,4194304,1.00000000000000000,-0.000000000
4,5,4096,8388608,4194304,11,cycle,insertion,573,4194304,1.00000000000000000,-0.000000000
4,5,4096,8388608,4194304,11,cycle,insertion,574,4194304,1.00000000000000000,-0.000000000
4,5,4096,8388608,4194304,11,cycle,insertion,575,4194304,1.00000000000000000,-0.000000000
4,5,4096,8388608,4194304,11,cycle,insertion,576,4194304,1.00000000000000000,-0.000000000
4,5,4096,8388608,4194304,11,cycle,insertion,577,4194304,1.00000000000000000,-0.000000000
4,5,4096,8388608,4194304,11,cycle,insertion,578,4194304,1.00000000000000000,-0.000000000
4,5,4096,8388608,4194304,11,cycle,insertion,579,4194304,1.00000000000000000,-0.000000000
4,5,4096,8388608,4194304,11,cycle,insertion,580,4194304,1.00000000000000000,-0.000000000
4,5,4096,8388608,4194304,11,cycle,insertion,581,4194304,1.00000000000000000,-0.000000000
4,5,4096,8388608,4194304,11,cycle,insertion,582,4194304,1.00000000000000000,-0.000000000
4,5,4096,8388608,4194304,11,cycle,insertion,583,4194304,1.00000000000000000,-0.000000000
4,5,4096,8388608,4194304,11,cycle,insertion,584,4194304,1.00000000000000000,-0.000000000
4,5,4096,8388608,4194304,11,cycle,insertion,585,4194304,1.00000000000000000,-0.000000000
4,5,4096,8388608,4194304,11,cycle,insertion,586,4194304,1.00000000000000000,-0.000000000
4,5,4096,8388608,4194304,11,cycle,insertion,587,4194304,1.00000000000000000,-0.000000000
4,5,4096,8388608,4194304,11,cycle,insertion,588,4194304,1.00000000000000000,-0.000000000
4,5,4096,8388608,4194304,11,cycle,insertion,589,4194304,1.00000000000000000,-0.000000000
4,5,4096,8388608,4194304,11,cycle,insertion,590,4194304,1.00000000000000000,-0.000000000
4,5,4096,8388608,4194304,11,cycle,insertion,591,4194304,1.00000000000000000,-0.000000000
4,5,4096,8388608,4194304,11,cycle,insertion,592,4194304,1.00000000000000000,-0.000000000
4,5,4096,8388608,4194304,11,cycle,insertion,593,4194304,1.00000000000000000,-0.000000000
4,5,4096,8388608,4194304,11,cycle,insertion,594,4194304,1.00000000000000000,-0.000000000
4,5,4096,8388608,4194304,11,cycle,insertion,595,4194304,1.00000000000000000,-0.000000000
4,5,4096,8388608,4194304,11,cycle,insertion,596,4194304,1.00000000000000000,-0.000000000
4,5,4096,8388608,4194304,11,cycle,insertion,597,4194304,1.00000000000000000,-0.000000000
4,5,4096,8388608,4194304,11,cycle,insertion,598,4194304,1.00000000000000000,-0.000000000
4,5,4096,8388608,4194304,11,cycle,insertion,599,4194304,1.00000000000000000,-0.000000000
4,5,4096,8388608,4194304,11,cycle,insertion,600,4194304,1.00000000000000000,-0.000000000
4,5,4096,8388608,4194304,11,cycle,insertion,601,4194304,1.00000000000000000,-0.000000000
4,5,4096,8388608,4194304,11,cycle,insertion,602,4194304,1.00000000000000000,-0.000000000
4,5,4096,8388608,4194304,11,cycle,insertion,603,4194304,1.00000000000000000,-0.000000000
4,5,4096,8388608,4194304,11,cycle,insertion,604,4194304,1.00000000000000000,-0.000000000
4,5,4096,8388608,4194304,11,cycle,insertion,605,4194304,1.00000000000000000,-0.000000000
4,5,4096,8388608,4194304,11,cycle,insertion,606,4194304,1.00000000000000000,-0.000000000
4,5,4096,8388608,4194304,11,cycle,insertion,607,4194304,1.00000000000000000,-0.000000000
4,5,4096,8388608,4194304,11,cycle,insertion,608,4194304,1.00000000000000000,-0.000000000
4,5,4096,8388608,4194304,11,cycle,insertion,609,4194304,1.00000000000000000,-0.000000000
4,5,4096,8388608,4194304,11,cycle,insertion,610,4194304,1.00000000000000000,-0.000000000
4,5,4096,8388608,4194304,11,cycle,insertion,611,4194304,1.00000000000000000,-0.000000000
4,5,4096,8388608,4194304,11,cycle,insertion,612,4194304,1.00000000000000000,-0.000000000
4,5,4096,8388608,4194304,11,cycle,insertion,613,4194304,1.00000000000000000,-0.000000000
4,5,4096,8388608,4194304,11,cycle,insertion,614,4194304,1.00000000000000000,-0.000000000
4,5,4096,8388608,4194304,11,cycle,insertion,615,4194304,1.00000000000000000,-0.000000000
4,5,4096,8388608,4194304,11,cycle,insertion,616,4194304,1.00000000000000000,-0.000000000
4,5,4096,8388608,4194304,11,cycle,insertion,617,4194304,1.00000000000000000,-0.000000000
4,5,4096,8388608,4194304,11,cycle,insertion,618,4194304,1.00000000000000000,-0.000000000
4,5,4096,8388608,4194304,11,cycle,insertion,619,4194304,1.00000000000000000,-0.000000000
4,5,4096,8388608,4194304,11,cycle,insertion,620,4194304,1.00000000000000000,-0.000000000
4,5,4096,8388608,4194304,11,cycle,insertion,621,4194304,1.00000000000000000,-0.000000000
4,5,4096,8388608,4194304,11,cycle,insertion,622,4194304,1.00000000000000000,-0.000000000
4,5,4096,8388608,4194304,11,cycle,insertion,623,4194304,1.00000000000000000,-0.000000000
4,5,4096,8388608,4194304,11,cycle,insertion,624,4194304,1.00000000000000000,-0.000000000
4,5,4096,8388608,4194304,11,cycle,insertion,625,4194304,1.00000000000000000,-0.000000000
4,5,4096,8388608,4194304,11,cycle,insertion,626,4194304,1.00000000000000000,-0.000000000
4,5,4096,8388608,4194304,11,cycle,insertion,627,4194304,1.00000000000000000,-0.000000000
4,5,4096,8388608,4194304,11,cycle,insertion,628,4194304,1.00000000000000000,-0.000000000
4,5,4096,8388608,4194304,11,cycle,insertion,629,4194304,1.00000000000000000,-0.000000000
4,5,4096,8388608,4194304,11,cycle,insertion,630,4194304,1.00000000000000000,-0.000000000
4,5,4096,8388608,4194304,11,cycle,insertion,631,4194304,1.00000000000000000,-0.000000000
4,5,4096,8388608,4194304,11,cycle,insertion,632,4194304,1.00000000000000000,-0.000000000
4,5,4096,8388608,4194304,11,cycle,insertion,633,4194304,1.00000000000000000,-0.000000000
4,5,4096,8388608,4194304,11,cycle,insertion,634,4194304,1.00000000000000000,-0.000000000
4,5,4096,8388608,4194304,11,cycle,insertion,635,4194304,1.00000000000000000,-0.000000000
4,5,4096,8388608,4194304,11,cycle,insertion,636,4194304,1.00000000000000000,-0.000000000
4,5,4096,8388608,4194304,11,cycle,insertion,637,4194304,1.00000000000000000,-0.000000000
4,5,4096,8388608,4194304,11,cycle,insertion,638,4194304,1.00000000000000000,-0.000000000
4,5,4096,8388608,4194304,11,cycle,insertion,639,4194304,1.00000000000000000,-0.000000000
4,5,4096,8388608,4194304,11,cycle,insertion,640,4194304,1.00000000000000000,-0.000000000
4,5,4096,8388608,4194304,11,cycle,insertion,641,4194304,1.00000000000000000,-0.000000000
4,5,4096,8388608,4194304,11,cycle,insertion,642,4194304,1.00000000000000000,-0.000000000
4,5,4096,8388608,4194304,11,cycle,insertion,643,4194304,1.00000000000000000,-0.000000000
4,5,4096,8388608,4194304,11,cycle,insertion,644,4194304,1.00000000000000000,-0.000000000
4,5,4096,8388608,4194304,11,cycle,insertion,645,4194304,1.00000000000000000,-0.000000000
4,5,4096,8388608,4194304,11,cycle,insertion,646,4194304,1.00000000000000000,-0.000000000
4,5,4096,8388608,4194304,11,cycle,insertion,647,4194304,1.00000000000000000,-0.000000000
4,5,4096,8388608,4194304,11,cycle,insertion,648,4194304,1.00000000000000000,-0.000000000
4,5,4096,8388608,4194304,11,cycle,insertion,649,4194304,1.00000000000000000,-0.000000000
4,5,4096,8388608,4194304,11,cycle,insertion,650,4194304,1.00000000000000000,-0.000000000
4,5,4096,8388608,4194304,11,cycle,insertion,651,4194304,1.00000000000000000,-0.000000000
4,5,4096,8388608,4194304,11,cycle,insertion,652,4194304,1.00000000000000000,-0.000000000
4,5,4096,8388608,4194304,11,cycle,insertion,653,4194304,1.00000000000000000,-0.000000000
4,5,4096,8388608,4194304,11,cycle,insertion,654,4194304,1.00000000000000000,-0.000000000
4,5,4096,8388608,4194304,11,cycle,insertion,655,4194304,1.00000000000000000,-0.000000000
4,5,4096,8388608,4194304,11,cycle,insertion,656,4194304,1.00000000000000000,-0.000000000
4,5,4096,8388608,4194304,11,cycle,insertion,657,4194304,1.00000000000000000,-0.000000000
4,5,4096,8388608,4194304,11,cycle,insertion,658,4194304,1.00000000000000000,-0.000000000
4,5,4096,8388608,4194304,11,cycle,insertion,659,4194304,1.00000000000000000,-0.000000000
4,5,4096,8388608,4194304,11,cycle,insertion,660,4194304,1.00000000000000000,-0.000000000
4,5,4096,8388608,4194304,11,cycle,insertion,661,4194304,1.00000000000000000,-0.000000000
4,5,4096,8388608,4194304,11,cycle,insertion,662,4194304,1.00000000000000000,-0.000000000
4,5,4096,8388608,4194304,11,cycle,insertion,663,4194304,1.00000000000000000,-0.000000000
4,5,4096,8388608,4194304,11,cycle,insertion,664,4194304,1.00000000000000000,-0.000000000
4,5,4096,8388608,4194304,11,cycle,insertion,665,4194304,1.00000000000000000,-0.000000000
4,5,4096,8388608,4194304,11,cycle,insertion,666,4194304,1.00000000000000000,-0.000000000
4,5,4096,8388608,4194304,11,cycle,insertion,667,4194304,1.00000000000000000,-0.000000000
4,5,4096,8388608,4194304,11,cycle,insertion,668,4194304,1.00000000000000000,-0.000000000
4,5,4096,8388608,4194304,11,cycle,insertion,669,4194304,1.00000000000000000,-0.000000000
4,5,4096,8388608,4194304,11,cycle,insertion,670,4194304,1.00000000000000000,-0.000000000
4,5,4096,8388608,4194304,11,cycle,insertion,671,4194304,1.00000000000000000,-0.000000000
4,5,4096,8388608,4194304,11,cycle,insertion,672,4194304,1.00000000000000000,-0.000000000
4,5,4096,8388608,4194304,11,cycle,insertion,673,4194304,1.00000000000000000,-0.000000000
4,5,4096,8388608,4194304,11,cycle,insertion,674,4194304,1.00000000000000000,-0.000000000
4,5,4096,8388608,4194304,11,cycle,insertion,675,4194304,1.00000000000000000,-0.000000000
4,5,4096,8388608,4194304,11,cycle,insertion,676,4194304,1.00000000000000000,-0.000000000
4,5,4096,8388608,4194304,11,cycle,insertion,677,4194304,1.00000000000000000,-0.000000000
4,5,4096,8388608,4194304,11,cycle,insertion,678,4194304,1.00000000000000000,-0.000000000
4,5,4096,8388608,4194304,11,cycle,insertion,679,4194304,1.00000000000000000,-0.000000000
4,5,4096,8388608,4194304,11,cycle,insertion,680,4194304,1.00000000000000000,-0.000000000
4,5,4096,8388608,4194304,11,cycle,insertion,681,4194304,1.00000000000000000,-0.000000000
4,5,4096,8388608,4194304,11,cycle,insertion,682,4194304,1.00000000000000000,-0.000000000
4,5,4096,8388608,4194304,11,cycle,insertion,683,4194304,1.00000000000000000,-0.000000000
4,5,4096,8388608,4194304,11,cycle,insertion,684,4194304,1.00000000000000000,-0.000000000
4,5,4096,8388608,4194304,11,cycle,insertion,685,4194304,1.00000000000000000,-0.000000000
4,5,4096,8388608,4194304,11,cycle,insertion,686,4194304,1.00000000000000000,-0.000000000
4,5,4096,8388608,4194304,11,cycle,insertion,687,4194304,1.00000000000000000,-0.000000000
4,5,4096,8388608,4194304,11,cycle,insertion,688,4194304,1.00000000000000000,-0.000000000
4,5,4096,8388608,4194304,11,cycle,insertion,689,4194304,1.00000000000000000,-0.000000000
4,5,4096,8388608,4194304,11,cycle,insertion,690,4194304,1.00000000000000000,-0.000000000
4,5,4096,8388608,4194304,11,cycle,insertion,691,4194304,1.00000000000000000,-0.000000000
4,5,4096,8388608,4194304,11,cycle,insertion,692,4194304,1.00000000000000000,-0.000000000
4,5,4096,8388608,4194304,11,cycle,insertion,693,4194304,1.00000000000000000,-0.000000000
4,5,4096,8388608,4194304,11,cycle,insertion,694,4194304,1.00000000000000000,-0.000000000
4,5,4096,8388608,4194304,11,cycle,insertion,695,4194304,1.00000000000000000,-0.000000000
4,5,4096,8388608,4194304,11,cycle,insertion,696,4194304,1.00000000000000000,-0.000000000
4,5,4096,8388608,4194304,11,cycle,insertion,697,4194304,1.00000000000000000,-0.000000000
4,5,4096,8388608,4194304,11,cycle,insertion,698,4194304,1.00000000000000000,-0.000000000
4,5,4096,8388608,4194304,11,cycle,insertion,699,4194304,1.00000000000000000,-0.000000000
4,5,4096,8388608,4194304,11,cycle,insertion,700,4194304,1.00000000000000000,-0.000000000
4,5,4096,8388608,4194304,11,cycle,insertion,701,4194304,1.00000000000000000,-0.000000000
4,5,4096,8388608,4194304,11,cycle,insertion,702,4194304,1.00000000000000000,-0.000000000
4,5,4096,8388608,4194304,11,cycle,insertion,703,4194304,1.00000000000000000,-0.000000000
4,5,4096,8388608,4194304,11,cycle,insertion,704,4194304,1.00000000000000000,-0.000000000
4,5,4096,8388608,4194304,11,cycle,insertion,705,4194304,1.00000000000000000,-0.000000000
4,5,4096,8388608,4194304,11,cycle,insertion,706,4194304,1.00000000000000000,-0.000000000
4,5,4096,8388608,4194304,11,cycle,insertion,707,4194304,1.00000000000000000,-0.000000000
4,5,4096,8388608,4194304,11,cycle,insertion,708,4194304,1.00000000000000000,-0.000000000
4,5,4096,8388608,4194304,11,cycle,insertion,709,4194304,1.00000000000000000,-0.000000000
4,5,4096,8388608,4194304,11,cycle,insertion,710,4194304,1.00000000000000000,-0.000000000
4,5,4096,8388608,4194304,11,cycle,insertion,711,4194304,1.00000000000000000,-0.000000000
4,5,4096,8388608,4194304,11,cycle,insertion,712,4194304,1.00000000000000000,-0.000000000
4,5,4096,8388608,4194304,11,cycle,insertion,713,4194304,1.00000000000000000,-0.000000000
4,5,4096,8388608,4194304,11,cycle,insertion,714,4194304,1.00000000000000000,-0.000000000
4,5,4096,8388608,4194304,11,cycle,insertion,715,4194304,1.00000000000000000,-0.000000000
4,5,4096,8388608,4194304,11,cycle,insertion,716,4194304,1.00000000000000000,-0.000000000
4,5,4096,8388608,4194304,11,cycle,insertion,717,4194304,1.00000000000000000,-0.000000000
4,5,4096,8388608,4194304,11,cycle,insertion,718,4194304,1.00000000000000000,-0.000000000
4,5,4096,8388608,4194304,11,cycle,insertion,719,4194304,1.00000000000000000,-0.000000000
4,5,4096,8388608,4194304,11,cycle,insertion,720,4194304,1.00000000000000000,-0.000000000
4,5,4096,8388608,4194304,11,cycle,insertion,721,4194304,1.00000000000000000,-0.000000000
4,5,4096,8388608,4194304,11,cycle,insertion,722,4194304,1.00000000000000000,-0.000000000
4,5,4096,8388608,4194304,11,cycle,insertion,723,4194304,1.00000000000000000,-0.000000000
4,5,4096,8388608,4194304,11,cycle,insertion,724,4194304,1.00000000000000000,-0.000000000
4,5,4096,8388608,4194304,11,cycle,insertion,725,4194304,1.00000000000000000,-0.000000000
4,5,4096,8388608,4194304,11,cycle,insertion,726,4194304,1.00000000000000000,-0.000000000
4,5,4096,8388608,4194304,11,cycle,insertion,727,4194304,1.00000000000000000,-0.000000000
4,5,4096,8388608,4194304,11,cycle,insertion,728,4194304,1.00000000000000000,-0.000000000
4,5,4096,8388608,4194304,11,cycle,insertion,729,4194304,1.00000000000000000,-0.000000000
4,5,4096,8388608,4194304,11,cycle,insertion,730,4194304,1.00000000000000000,-0.000000000
4,5,4096,8388608,4194304,11,cycle,insertion,731,4194304,1.00000000000000000,-0.000000000
4,5,4096,8388608,4194304,11,cycle,insertion,732,4194304,1.00000000000000000,-0.000000000
4,5,4096,8388608,4194304,11,cycle,insertion,733,4194304,1.00000000000000000,-0.000000000
4,5,4096,8388608,4194304,11,cycle,insertion,734,4194304,1.00000000000000000,-0.000000000
4,5,4096,8388608,4194304,11,cycle,insertion,735,4194304,1.00000000000000000,-0.000000000
4,5,4096,8388608,4194304,11,cycle,insertion,736,4194304,1.00000000000000000,-0.000000000
4,5,4096,8388608,4194304,11,cycle,insertion,737,4194304,1.00000000000000000,-0.000000000
4,5,4096,8388608,4194304,11,cycle,insertion,738,4194304,1.00000000000000000,-0.000000000
4,5,4096,8388608,4194304,11,cycle,insertion,739,4194304,1.00000000000000000,-0.000000000
4,5,4096,8388608,4194304,11,cycle,insertion,740,4194304,1.00000000000000000,-0.000000000
4,5,4096,8388608,4194304,11,cycle,insertion,741,4194304,1.00000000000000000,-0.000000000
4,5,4096,8388608,4194304,11,cycle,insertion,742,4194304,1.00000000000000000,-0.000000000
4,5,4096,8388608,4194304,11,cycle,insertion,743,4194304,1.00000000000000000,-0.000000000
4,5,4096,8388608,4194304,11,cycle,insertion,744,4194304,1.00000000000000000,-0.000000000
4,5,4096,8388608,4194304,11,cycle,insertion,745,4194304,1.00000000000000000,-0.000000000
4,5,4096,8388608,4194304,11,cycle,insertion,746,4194304,1.00000000000000000,-0.000000000
4,5,4096,8388608,4194304,11,cycle,insertion,747,4194304,1.00000000000000000,-0.000000000
4,5,4096,8388608,4194304,11,cycle,insertion,748,4194304,1.00000000000000000,-0.000000000
4,5,4096,8388608,4194304,11,cycle,insertion,749,4194304,1.00000000000000000,-0.000000000
4,5,4096,8388608,4194304,11,cycle,insertion,750,4194304,1.00000000000000000,-0.000000000
4,5,4096,8388608,4194304,11,cycle,insertion,751,4194304,1.00000000000000000,-0.000000000
4,5,4096,8388608,4194304,11,cycle,insertion,752,4194304,1.00000000000000000,-0.000000000
4,5,4096,8388608,4194304,11,cycle,insertion,753,4194304,1.00000000000000000,-0.000000000
4,5,4096,8388608,4194304,11,cycle,insertion,754,4194304,1.00000000000000000,-0.000000000
4,5,4096,8388608,4194304,11,cycle,insertion,755,4194304,1.00000000000000000,-0.000000000
4,5,4096,8388608,4194304,11,cycle,insertion,756,4194304,1.00000000000000000,-0.000000000
4,5,4096,8388608,4194304,11,cycle,insertion,757,4194304,1.00000000000000000,-0.000000000
4,5,4096,8388608,4194304,11,cycle,insertion,758,4194304,1.00000000000000000,-0.000000000
4,5,4096,8388608,4194304,11,cycle,insertion,759,4194304,1.00000000000000000,-0.000000000
4,5,4096,8388608,4194304,11,cycle,insertion,760,4194304,1.00000000000000000,-0.000000000
4,5,4096,8388608,4194304,11,cycle,insertion,761,4194304,1.00000000000000000,-0.000000000
4,5,4096,8388608,4194304,11,cycle,insertion,762,4194304,1.00000000000000000,-0.000000000
4,5,4096,8388608,4194304,11,cycle,insertion,763,4194304,1.00000000000000000,-0.000000000
4,5,4096,8388608,4194304,11,cycle,insertion,764,4194304,1.00000000000000000,-0.000000000
4,5,4096,8388608,4194304,11,cycle,insertion,765,4194304,1.00000000000000000,-0.000000000
4,5,4096,8388608,4194304,11,cycle,insertion,766,4194304,1.00000000000000000,-0.000000000
4,5,4096,8388608,4194304,11,cycle,insertion,767,4194304,1.00000000000000000,-0.000000000
4,5,4096,8388608,4194304,11,cycle,insertion,768,4194304,1.00000000000000000,-0.000000000
4,5,4096,8388608,4194304,11,cycle,insertion,769,4194304,1.00000000000000000,-0.000000000
4,5,4096,8388608,4194304,11,cycle,insertion,770,4194304,1.00000000000000000,-0.000000000
4,5,4096,8388608,4194304,11,cycle,insertion,771,4194304,1.00000000000000000,-0.000000000
4,5,4096,8388608,4194304,11,cycle,insertion,772,4194304,1.00000000000000000,-0.000000000
4,5,4096,8388608,4194304,11,cycle,insertion,773,4194304,1.00000000000000000,-0.000000000
4,5,4096,8388608,4194304,11,cycle,insertion,774,4194304,1.00000000000000000,-0.000000000
4,5,4096,8388608,4194304,11,cycle,insertion,775,4194304,1.00000000000000000,-0.000000000
4,5,4096,8388608,4194304,11,cycle,insertion,776,4194304,1.00000000000000000,-0.000000000
4,5,4096,8388608,4194304,11,cycle,insertion,777,4194304,1.00000000000000000,-0.000000000
4,5,4096,8388608,4194304,11,cycle,insertion,778,4194304,1.00000000000000000,-0.000000000
4,5,4096,8388608,4194304,11,cycle,insertion,779,4194304,1.00000000000000000,-0.000000000
4,5,4096,8388608,4194304,11,cycle,insertion,780,4194304,1.00000000000000000,-0.000000000
4,5,4096,8388608,4194304,11,cycle,insertion,781,4194304,1.00000000000000000,-0.000000000
4,5,4096,8388608,4194304,11,cycle,insertion,782,4194304,1.00000000000000000,-0.000000000
4,5,4096,8388608,4194304,11,cycle,insertion,783,4194304,1.00000000000000000,-0.000000000
4,5,4096,8388608,4194304,11,cycle,insertion,784,4194304,1.00000000000000000,-0.000000000
4,5,4096,8388608,4194304,11,cycle,insertion,785,4194304,1.00000000000000000,-0.000000000
4,5,4096,8388608,4194304,11,cycle,insertion,786,4194304,1.00000000000000000,-0.000000000
4,5,4096,8388608,4194304,11,cycle,insertion,787,4194304,1.00000000000000000,-0.000000000
4,5,4096,8388608,4194304,11,cycle,insertion,788,4194304,1.00000000000000000,-0.000000000
4,5,4096,8388608,4194304,11,cycle,insertion,789,4194304,1.00000000000000000,-0.000000000
4,5,4096,8388608,4194304,11,cycle,insertion,790,4194304,1.00000000000000000,-0.000000000
4,5,4096,8388608,4194304,11,cycle,insertion,791,4194304,1.00000000000000000,-0.000000000
4,5,4096,8388608,4194304,11,cycle,insertion,792,4194304,1.00000000000000000,-0.000000000
4,5,4096,8388608,4194304,11,cycle,insertion,793,4194304,1.00000000000000000,-0.000000000
4,5,4096,8388608,4194304,11,cycle,insertion,794,4194304,1.00000000000000000,-0.000000000
4,5,4096,8388608,4194304,11,cycle,insertion,795,4194304,1.00000000000000000,-0.000000000
4,5,4096,8388608,4194304,11,cycle,insertion,796,4194304,1.00000000000000000,-0.000000000
4,5,4096,8388608,4194304,11,cycle,insertion,797,4194304,1.00000000000000000,-0.000000000
4,5,4096,8388608,4194304,11,cycle,insertion,798,4194304,1.00000000000000000,-0.000000000
4,5,4096,8388608,4194304,11,cycle,insertion,799,4194304,1.00000000000000000,-0.000000000
4,5,4096,8388608,4194304,11,cycle,insertion,800,4194304,1.00000000000000000,-0.000000000
4,5,4096,8388608,4194304,11,cycle,insertion,801,4194304,1.00000000000000000,-0.000000000
4,5,4096,8388608,4194304,11,cycle,insertion,802,4194304,1.00000000000000000,-0.000000000
4,5,4096,8388608,4194304,11,cycle,insertion,803,4194304,1.00000000000000000,-0.000000000
4,5,4096,8388608,4194304,11,cycle,insertion,804,4194304,1.00000000000000000,-0.000000000
4,5,4096,8388608,4194304,11,cycle,insertion,805,4194304,1.00000000000000000,-0.000000000
4,5,4096,8388608,4194304,11,cycle,insertion,806,4194304,1.00000000000000000,-0.000000000
4,5,4096,8388608,4194304,11,cycle,insertion,807,4194304,1.00000000000000000,-0.000000000
4,5,4096,8388608,4194304,11,cycle,insertion,808,4194304,1.00000000000000000,-0.000000000
4,5,4096,8388608,4194304,11,cycle,insertion,809,4194304,1.00000000000000000,-0.000000000
4,5,4096,8388608,4194304,11,cycle,insertion,810,4194304,1.00000000000000000,-0.000000000
4,5,4096,8388608,4194304,11,cycle,insertion,811,4194304,1.00000000000000000,-0.000000000
4,5,4096,8388608,4194304,11,cycle,insertion,812,4194304,1.00000000000000000,-0.000000000
4,5,4096,8388608,4194304,11,cycle,insertion,813,4194304,1.00000000000000000,-0.000000000
4,5,4096,8388608,4194304,11,cycle,insertion,814,4194304,1.00000000000000000,-0.000000000
4,5,4096,8388608,4194304,11,cycle,insertion,815,4194304,1.00000000000000000,-0.000000000
4,5,4096,8388608,4194304,11,cycle,insertion,816,4194304,1.00000000000000000,-0.000000000
4,5,4096,8388608,4194304,11,cycle,insertion,817,4194304,1.00000000000000000,-0.000000000
4,5,4096,8388608,4194304,11,cycle,insertion,818,4194304,1.00000000000000000,-0.000000000
4,5,4096,8388608,4194304,11,cycle,insertion,819,4194304,1.00000000000000000,-0.000000000
4,5,4096,8388608,4194304,11,cycle,insertion,820,4194304,1.00000000000000000,-0.000000000
4,5,4096,8388608,4194304,11,cycle,insertion,821,4194304,1.00000000000000000,-0.000000000
4,5,4096,8388608,4194304,11,cycle,insertion,822,4194304,1.00000000000000000,-0.000000000
4,5,4096,8388608,4194304,11,cycle,insertion,823,4194304,1.00000000000000000,-0.000000000
4,5,4096,8388608,4194304,11,cycle,insertion,824,4194304,1.00000000000000000,-0.000000000
4,5,4096,8388608,4194304,11,cycle,insertion,825,4194304,1.00000000000000000,-0.000000000
4,5,4096,8388608,4194304,11,cycle,insertion,826,4194304,1.00000000000000000,-0.000000000
4,5,4096,8388608,4194304,11,cycle,insertion,827,4194304,1.00000000000000000,-0.000000000
4,5,4096,8388608,4194304,11,cycle,insertion,828,4194304,1.00000000000000000,-0.000000000
4,5,4096,8388608,4194304,11,cycle,insertion,829,4194304,1.00000000000000000,-0.000000000
4,5,4096,8388608,4194304,11,cycle,insertion,830,4194304,1.00000000000000000,-0.000000000
4,5,4096,8388608,4194304,11,cycle,insertion,831,4194304,1.00000000000000000,-0.000000000
4,5,4096,8388608,4194304,11,cycle,insertion,832,4194304,1.00000000000000000,-0.000000000
4,5,4096,8388608,4194304,11,cycle,insertion,833,4194304,1.00000000000000000,-0.000000000
4,5,4096,8388608,4194304,11,cycle,insertion,834,4194304,1.00000000000000000,-0.000000000
4,5,4096,8388608,4194304,11,cycle,insertion,835,4194304,1.00000000000000000,-0.000000000
4,5,4096,8388608,4194304,11,cycle,insertion,836,4194304,1.00000000000000000,-0.000000000
4,5,4096,8388608,4194304,11,cycle,insertion,837,4194304,1.00000000000000000,-0.000000000
4,5,4096,8388608,4194304,11,cycle,insertion,838,4194304,1.00000000000000000,-0.000000000
4,5,4096,8388608,4194304,11,cycle,insertion,839,4194304,1.00000000000000000,-0.000000000
4,5,4096,8388608,4194304,11,cycle,insertion,840,4194304,1.00000000000000000,-0.000000000
4,5,4096,8388608,4194304,11,cycle,insertion,841,4194304,1.00000000000000000,-0.000000000
4,5,4096,8388608,4194304,11,cycle,insertion,842,4194304,1.00000000000000000,-0.000000000
4,5,4096,8388608,4194304,11,cycle,insertion,843,4194304,1.00000000000000000,-0.000000000
4,5,4096,8388608,4194304,11,cycle,insertion,844,4194304,1.00000000000000000,-0.000000000
4,5,4096,8388608,4194304,11,cycle,insertion,845,4194304,1.00000000000000000,-0.000000000
4,5,4096,8388608,4194304,11,cycle,insertion,846,4194304,1.00000000000000000,-0.000000000
4,5,4096,8388608,4194304,11,cycle,insertion,847,4194304,1.00000000000000000,-0.000000000
4,5,4096,8388608,4194304,11,cycle,insertion,848,4194304,1.00000000000000000,-0.000000000
4,5,4096,8388608,4194304,11,cycle,insertion,849,4194304,1.00000000000000000,-0.000000000
4,5,4096,8388608,4194304,11,cycle,insertion,850,4194304,1.00000000000000000,-0.000000000
4,5,4096,8388608,4194304,11,cycle,insertion,851,4194304,1.00000000000000000,-0.000000000
4,5,4096,8388608,4194304,11,cycle,insertion,852,4194304,1.00000000000000000,-0.000000000
4,5,4096,8388608,4194304,11,cycle,insertion,853,4194304,1.00000000000000000,-0.000000000
4,5,4096,8388608,4194304,11,cycle,insertion,854,4194304,1.00000000000000000,-0.000000000
4,5,4096,8388608,4194304,11,cycle,insertion,855,4194304,1.00000000000000000,-0.000000000
4,5,4096,8388608,4194304,11,cycle,insertion,856,4194304,1.00000000000000000,-0.000000000
4,5,4096,8388608,4194304,11,cycle,insertion,857,4194304,1.00000000000000000,-0.000000000
4,5,4096,8388608,4194304,11,cycle,insertion,858,4194304,1.00000000000000000,-0.000000000
4,5,4096,8388608,4194304,11,cycle,insertion,859,4194304,1.00000000000000000,-0.000000000
4,5,4096,8388608,4194304,11,cycle,insertion,860,4194304,1.00000000000000000,-0.000000000
4,5,4096,8388608,4194304,11,cycle,insertion,861,4194304,1.00000000000000000,-0.000000000
4,5,4096,8388608,4194304,11,cycle,insertion,862,4194304,1.00000000000000000,-0.000000000
4,5,4096,8388608,4194304,11,cycle,insertion,863,4194304,1.00000000000000000,-0.000000000
4,5,4096,8388608,4194304,11,cycle,insertion,864,4194304,1.00000000000000000,-0.000000000
4,5,4096,8388608,4194304,11,cycle,insertion,865,4194304,1.00000000000000000,-0.000000000
4,5,4096,8388608,4194304,11,cycle,insertion,866,4194304,1.00000000000000000,-0.000000000
4,5,4096,8388608,4194304,11,cycle,insertion,867,4194304,1.00000000000000000,-0.000000000
4,5,4096,8388608,4194304,11,cycle,insertion,868,4194304,1.00000000000000000,-0.000000000
4,5,4096,8388608,4194304,11,cycle,insertion,869,4194304,1.00000000000000000,-0.000000000
4,5,4096,8388608,4194304,11,cycle,insertion,870,4194304,1.00000000000000000,-0.000000000
4,5,4096,8388608,4194304,11,cycle,insertion,871,4194304,1.00000000000000000,-0.000000000
4,5,4096,8388608,4194304,11,cycle,insertion,872,4194304,1.00000000000000000,-0.000000000
4,5,4096,8388608,4194304,11,cycle,insertion,873,4194304,1.00000000000000000,-0.000000000
4,5,4096,8388608,4194304,11,cycle,insertion,874,4194304,1.00000000000000000,-0.000000000
4,5,4096,8388608,4194304,11,cycle,insertion,875,4194304,1.00000000000000000,-0.000000000
4,5,4096,8388608,4194304,11,cycle,insertion,876,4194304,1.00000000000000000,-0.000000000
4,5,4096,8388608,4194304,11,cycle,insertion,877,4194304,1.00000000000000000,-0.000000000
4,5,4096,8388608,4194304,11,cycle,insertion,878,4194304,1.00000000000000000,-0.000000000
4,5,4096,8388608,4194304,11,cycle,insertion,879,4194304,1.00000000000000000,-0.000000000
4,5,4096,8388608,4194304,11,cycle,insertion,880,4194304,1.00000000000000000,-0.000000000
4,5,4096,8388608,4194304,11,cycle,insertion,881,4194304,1.00000000000000000,-0.000000000
4,5,4096,8388608,4194304,11,cycle,insertion,882,4194304,1.00000000000000000,-0.000000000
4,5,4096,8388608,4194304,11,cycle,insertion,883,4194304,1.00000000000000000,-0.000000000
4,5,4096,8388608,4194304,11,cycle,insertion,884,4194304,1.00000000000000000,-0.000000000
4,5,4096,8388608,4194304,11,cycle,insertion,885,4194304,1.00000000000000000,-0.000000000
4,5,4096,8388608,4194304,11,cycle,insertion,886,4194304,1.00000000000000000,-0.000000000
4,5,4096,8388608,4194304,11,cycle,insertion,887,4194304,1.00000000000000000,-0.000000000
4,5,4096,8388608,4194304,11,cycle,insertion,888,4194304,1.00000000000000000,-0.000000000
4,5,4096,8388608,4194304,11,cycle,insertion,889,4194304,1.00000000000000000,-0.000000000
4,5,4096,8388608,4194304,11,cycle,insertion,890,4194304,1.00000000000000000,-0.000000000
4,5,4096,8388608,4194304,11,cycle,insertion,891,4194304,1.00000000000000000,-0.000000000
4,5,4096,8388608,4194304,11,cycle,insertion,892,4194304,1.00000000000000000,-0.000000000
4,5,4096,8388608,4194304,11,cycle,insertion,893,4194304,1.00000000000000000,-0.000000000
4,5,4096,8388608,4194304,11,cycle,insertion,894,4194304,1.00000000000000000,-0.000000000
4,5,4096,8388608,4194304,11,cycle,insertion,895,4194304,1.00000000000000000,-0.000000000
4,5,4096,8388608,4194304,11,cycle,insertion,896,4194304,1.00000000000000000,-0.000000000
4,5,4096,8388608,4194304,11,cycle,insertion,897,4194304,1.00000000000000000,-0.000000000
4,5,4096,8388608,4194304,11,cycle,insertion,898,4194304,1.00000000000000000,-0.000000000
4,5,4096,8388608,4194304,11,cycle,insertion,899,4194304,1.00000000000000000,-0.000000000
4,5,4096,8388608,4194304,11,cycle,insertion,900,4194304,1.00000000000000000,-0.000000000
4,5,4096,8388608,4194304,11,cycle,insertion,901,4194304,1.00000000000000000,-0.000000000
4,5,4096,8388608,4194304,11,cycle,insertion,902,4194304,1.00000000000000000,-0.000000000
4,5,4096,8388608,4194304,11,cycle,insertion,903,4194304,1.00000000000000000,-0.000000000
4,5,4096,8388608,4194304,11,cycle,insertion,904,4194304,1.00000000000000000,-0.000000000
4,5,4096,8388608,4194304,11,cycle,insertion,905,4194304,1.00000000000000000,-0.000000000
4,5,4096,8388608,4194304,11,cycle,insertion,906,4194304,1.00000000000000000,-0.000000000
4,5,4096,8388608,4194304,11,cycle,insertion,907,4194304,1.00000000000000000,-0.000000000
4,5,4096,8388608,4194304,11,cycle,insertion,908,4194304,1.00000000000000000,-0.000000000
4,5,4096,8388608,4194304,11,cycle,insertion,909,4194304,1.00000000000000000,-0.000000000
4,5,4096,8388608,4194304,11,cycle,insertion,910,4194304,1.00000000000000000,-0.000000000
4,5,4096,8388608,4194304,11,cycle,insertion,911,4194304,1.00000000000000000,-0.000000000
4,5,4096,8388608,4194304,11,cycle,insertion,912,4194304,1.00000000000000000,-0.000000000
4,5,4096,8388608,4194304,11,cycle,insertion,913,4194304,1.00000000000000000,-0.000000000
4,5,4096,8388608,4194304,11,cycle,insertion,914,4194304,1.00000000000000000,-0.000000000
4,5,4096,8388608,4194304,11,cycle,insertion,915,4194304,1.00000000000000000,-0.000000000
4,5,4096,8388608,4194304,11,cycle,insertion,916,4194304,1.00000000000000000,-0.000000000
4,5,4096,8388608,4194304,11,cycle,insertion,917,4194304,1.00000000000000000,-0.000000000
4,5,4096,8388608,4194304,11,cycle,insertion,918,4194304,1.00000000000000000,-0.000000000
4,5,4096,8388608,4194304,11,cycle,insertion,919,4194304,1.00000000000000000,-0.000000000
4,5,4096,8388608,4194304,11,cycle,insertion,920,4194304,1.00000000000000000,-0.000000000
4,5,4096,8388608,4194304,11,cycle,insertion,921,4194304,1.00000000000000000,-0.000000000
4,5,4096,8388608,4194304,11,cycle,insertion,922,4194304,1.00000000000000000,-0.000000000
4,5,4096,8388608,4194304,11,cycle,insertion,923,4194304,1.00000000000000000,-0.000000000
4,5,4096,8388608,4194304,11,cycle,insertion,924,4194304,1.00000000000000000,-0.000000000
4,5,4096,8388608,4194304,11,cycle,insertion,925,4194304,1.00000000000000000,-0.000000000
4,5,4096,8388608,4194304,11,cycle,insertion,926,4194304,1.00000000000000000,-0.000000000
4,5,4096,8388608,4194304,11,cycle,insertion,927,4194304,1.00000000000000000,-0.000000000
4,5,4096,8388608,4194304,11,cycle,insertion,928,4194304,1.00000000000000000,-0.000000000
4,5,4096,8388608,4194304,11,cycle,insertion,929,4194304,1.00000000000000000,-0.000000000
4,5,4096,8388608,4194304,11,cycle,insertion,930,4194304,1.00000000000000000,-0.000000000
4,5,4096,8388608,4194304,11,cycle,insertion,931,4194304,1.00000000000000000,-0.000000000
4,5,4096,8388608,4194304,11,cycle,insertion,932,4194304,1.00000000000000000,-0.000000000
4,5,4096,8388608,4194304,11,cycle,insertion,933,4194304,1.00000000000000000,-0.000000000
4,5,4096,8388608,4194304,11,cycle,insertion,934,4194304,1.00000000000000000,-0.000000000
4,5,4096,8388608,4194304,11,cycle,insertion,935,4194304,1.00000000000000000,-0.000000000
4,5,4096,8388608,4194304,11,cycle,insertion,936,4194304,1.00000000000000000,-0.000000000
4,5,4096,8388608,4194304,11,cycle,insertion,937,4194304,1.00000000000000000,-0.000000000
4,5,4096,8388608,4194304,11,cycle,insertion,938,4194304,1.00000000000000000,-0.000000000
4,5,4096,8388608,4194304,11,cycle,insertion,939,4194304,1.00000000000000000,-0.000000000
4,5,4096,8388608,4194304,11,cycle,insertion,940,4194304,1.00000000000000000,-0.000000000
4,5,4096,8388608,4194304,11,cycle,insertion,941,4194304,1.00000000000000000,-0.000000000
4,5,4096,8388608,4194304,11,cycle,insertion,942,4194304,1.00000000000000000,-0.000000000
4,5,4096,8388608,4194304,11,cycle,insertion,943,4194304,1.00000000000000000,-0.000000000
4,5,4096,8388608,4194304,11,cycle,insertion,944,4194304,1.00000000000000000,-0.000000000
4,5,4096,8388608,4194304,11,cycle,insertion,945,4194304,1.00000000000000000,-0.000000000
4,5,4096,8388608,4194304,11,cycle,insertion,946,4194304,1.00000000000000000,-0.000000000
4,5,4096,8388608,4194304,11,cycle,insertion,947,4194304,1.00000000000000000,-0.000000000
4,5,4096,8388608,4194304,11,cycle,insertion,948,4194304,1.00000000000000000,-0.000000000
4,5,4096,8388608,4194304,11,cycle,insertion,949,4194304,1.00000000000000000,-0.000000000
4,5,4096,8388608,4194304,11,cycle,insertion,950,4194304,1.00000000000000000,-0.000000000
4,5,4096,8388608,4194304,11,cycle,insertion,951,4194304,1.00000000000000000,-0.000000000
4,5,4096,8388608,4194304,11,cycle,insertion,952,4194304,1.00000000000000000,-0.000000000
4,5,4096,8388608,4194304,11,cycle,insertion,953,4194304,1.00000000000000000,-0.000000000
4,5,4096,8388608,4194304,11,cycle,insertion,954,4194304,1.00000000000000000,-0.000000000
4,5,4096,8388608,4194304,11,cycle,insertion,955,4194304,1.00000000000000000,-0.000000000
4,5,4096,8388608,4194304,11,cycle,insertion,956,4194304,1.00000000000000000,-0.000000000
4,5,4096,8388608,4194304,11,cycle,insertion,957,4194304,1.00000000000000000,-0.000000000
4,5,4096,8388608,4194304,11,cycle,insertion,958,4194304,1.00000000000000000,-0.000000000
4,5,4096,8388608,4194304,11,cycle,insertion,959,4194304,1.00000000000000000,-0.000000000
4,5,4096,8388608,4194304,11,cycle,insertion,960,4194304,1.00000000000000000,-0.000000000
4,5,4096,8388608,4194304,11,cycle,insertion,961,4194304,1.00000000000000000,-0.000000000
4,5,4096,8388608,4194304,11,cycle,insertion,962,4194304,1.00000000000000000,-0.000000000
4,5,4096,8388608,4194304,11,cycle,insertion,963,4194304,1.00000000000000000,-0.000000000
4,5,4096,8388608,4194304,11,cycle,insertion,964,4194304,1.00000000000000000,-0.000000000
4,5,4096,8388608,4194304,11,cycle,insertion,965,4194304,1.00000000000000000,-0.000000000
4,5,4096,8388608,4194304,11,cycle,insertion,966,4194304,1.00000000000000000,-0.000000000
4,5,4096,8388608,4194304,11,cycle,insertion,967,4194304,1.00000000000000000,-0.000000000
4,5,4096,8388608,4194304,11,cycle,insertion,968,4194304,1.00000000000000000,-0.000000000
4,5,4096,8388608,4194304,11,cycle,insertion,969,4194304,1.00000000000000000,-0.000000000
4,5,4096,8388608,4194304,11,cycle,insertion,970,4194304,1.00000000000000000,-0.000000000
4,5,4096,8388608,4194304,11,cycle,insertion,971,4194304,1.00000000000000000,-0.000000000
4,5,4096,8388608,4194304,11,cycle,insertion,972,4194304,1.00000000000000000,-0.000000000
4,5,4096,8388608,4194304,11,cycle,insertion,973,4194304,1.00000000000000000,-0.000000000
4,5,4096,8388608,4194304,11,cycle,insertion,974,4194304,1.00000000000000000,-0.000000000
4,5,4096,8388608,4194304,11,cycle,insertion,975,4194304,1.00000000000000000,-0.000000000
4,5,4096,8388608,4194304,11,cycle,insertion,976,4194304,1.00000000000000000,-0.000000000
4,5,4096,8388608,4194304,11,cycle,insertion,977,4194304,1.00000000000000000,-0.000000000
4,5,4096,8388608,4194304,11,cycle,insertion,978,4194304,1.00000000000000000,-0.000000000
4,5,4096,8388608,4194304,11,cycle,insertion,979,4194304,1.00000000000000000,-0.000000000
4,5,4096,8388608,4194304,11,cycle,insertion,980,4194304,1.00000000000000000,-0.000000000
4,5,4096,8388608,4194304,11,cycle,insertion,981,4194304,1.00000000000000000,-0.000000000
4,5,4096,8388608,4194304,11,cycle,insertion,982,4194304,1.00000000000000000,-0.000000000
4,5,4096,8388608,4194304,11,cycle,insertion,983,4194304,1.00000000000000000,-0.000000000
4,5,4096,8388608,4194304,11,cycle,insertion,984,4194304,1.00000000000000000,-0.000000000
4,5,4096,8388608,4194304,11,cycle,insertion,985,4194304,1.00000000000000000,-0.000000000
4,5,4096,8388608,4194304,11,cycle,insertion,986,4194304,1.00000000000000000,-0.000000000
4,5,4096,8388608,4194304,11,cycle,insertion,987,4194304,1.00000000000000000,-0.000000000
4,5,4096,8388608,4194304,11,cycle,insertion,988,4194304,1.00000000000000000,-0.000000000
4,5,4096,8388608,4194304,11,cycle,insertion,989,4194304,1.00000000000000000,-0.000000000
4,5,4096,8388608,4194304,11,cycle,insertion,990,4194304,1.00000000000000000,-0.000000000
4,5,4096,8388608,4194304,11,cycle,insertion,991,4194304,1.00000000000000000,-0.000000000
4,5,4096,8388608,4194304,11,cycle,insertion,992,4194304,1.00000000000000000,-0.000000000
4,5,4096,8388608,4194304,11,cycle,insertion,993,4194304,1.00000000000000000,-0.000000000
4,5,4096,8388608,4194304,11,cycle,insertion,994,4194304,1.00000000000000000,-0.000000000
4,5,4096,8388608,4194304,11,cycle,insertion,995,4194304,1.00000000000000000,-0.000000000
4,5,4096,8388608,4194304,11,cycle,insertion,996,4194304,1.00000000000000000,-0.000000000
4,5,4096,8388608,4194304,11,cycle,insertion,997,4194304,1.00000000000000000,-0.000000000
4,5,4096,8388608,4194304,11,cycle,insertion,998,4194304,1.00000000000000000,-0.000000000
4,5,4096,8388608,4194304,11,cycle,insertion,999,4194304,1.00000000000000000,-0.000000000
4,5,4096,8388608,4194304,11,cycle,insertion,1000,4194304,1.00000000000000000,-0.000000000
4,5,4096,8388608,4194304,11,cycle,insertion,1001,4194304,1.00000000000000000,-0.000000000
4,5,4096,8388608,4194304,11,cycle,insertion,1002,4194304,1.00000000000000000,-0.000000000
4,5,4096,8388608,4194304,11,cycle,insertion,1003,4194304,1.00000000000000000,-0.000000000
4,5,4096,8388608,4194304,11,cycle,insertion,1004,4194304,1.00000000000000000,-0.000000000
4,5,4096,8388608,4194304,11,cycle,insertion,1005,4194304,1.00000000000000000,-0.000000000
4,5,4096,8388608,4194304,11,cycle,insertion,1006,4194304,1.00000000000000000,-0.000000000
4,5,4096,8388608,4194304,11,cycle,insertion,1007,4194304,1.00000000000000000,-0.000000000
4,5,4096,8388608,4194304,11,cycle,insertion,1008,4194304,1.00000000000000000,-0.000000000
4,5,4096,8388608,4194304,11,cycle,insertion,1009,4194304,1.00000000000000000,-0.000000000
4,5,4096,8388608,4194304,11,cycle,insertion,1010,4194304,1.00000000000000000,-0.000000000
4,5,4096,8388608,4194304,11,cycle,insertion,1011,4194304,1.00000000000000000,-0.000000000
4,5,4096,8388608,4194304,11,cycle,insertion,1012,4194304,1.00000000000000000,-0.000000000
4,5,4096,8388608,4194304,11,cycle,insertion,1013,4194304,1.00000000000000000,-0.000000000
4,5,4096,8388608,4194304,11,cycle,insertion,1014,4194304,1.00000000000000000,-0.000000000
4,5,4096,8388608,4194304,11,cycle,insertion,1015,4194304,1.00000000000000000,-0.000000000
4,5,4096,8388608,4194304,11,cycle,insertion,1016,4194304,1.00000000000000000,-0.000000000
4,5,4096,8388608,4194304,11,cycle,insertion,1017,4194304,1.00000000000000000,-0.000000000
4,5,4096,8388608,4194304,11,cycle,insertion,1018,4194304,1.00000000000000000,-0.000000000
4,5,4096,8388608,4194304,11,cycle,insertion,1019,4194304,1.00000000000000000,-0.000000000
4,5,4096,8388608,4194304,11,cycle,insertion,1020,4194304,1.00000000000000000,-0.000000000
4,5,4096,8388608,4194304,11,cycle,insertion,1021,4194304,1.00000000000000000,-0.000000000
4,5,4096,8388608,4194304,11,cycle,insertion,1022,4194304,1.00000000000000000,-0.000000000
4,5,4096,8388608,4194304,11,cycle,insertion,1023,4194304,1.00000000000000000,-0.000000000
4,5,4096,8388608,4194304,11,cycle,insertion,1024,4194304,1.00000000000000000,-0.000000000
4,5,4096,8388608,4194304,11,cycle,insertion,1025,4194304,1.00000000000000000,-0.000000000
4,5,4096,8388608,4194304,11,cycle,insertion,1026,4194304,1.00000000000000000,-0.000000000
4,5,4096,8388608,4194304,11,cycle,insertion,1027,4194304,1.00000000000000000,-0.000000000
4,5,4096,8388608,4194304,11,cycle,insertion,1028,4194304,1.00000000000000000,-0.000000000
4,5,4096,8388608,4194304,11,cycle,insertion,1029,4194304,1.00000000000000000,-0.000000000
4,5,4096,8388608,4194304,11,cycle,insertion,1030,4194304,1.00000000000000000,-0.000000000
4,5,4096,8388608,4194304,11,cycle,insertion,1031,4194304,1.00000000000000000,-0.000000000
4,5,4096,8388608,4194304,11,cycle,insertion,1032,4194304,1.00000000000000000,-0.000000000
4,5,4096,8388608,4194304,11,cycle,insertion,1033,4194304,1.00000000000000000,-0.000000000
4,5,4096,8388608,4194304,11,cycle,insertion,1034,4194304,1.00000000000000000,-0.000000000
4,5,4096,8388608,4194304,11,cycle,insertion,1035,4194304,1.00000000000000000,-0.000000000
4,5,4096,8388608,4194304,11,cycle,insertion,1036,4194304,1.00000000000000000,-0.000000000
4,5,4096,8388608,4194304,11,cycle,insertion,1037,4194304,1.00000000000000000,-0.000000000
4,5,4096,8388608,4194304,11,cycle,insertion,1038,4194304,1.00000000000000000,-0.000000000
4,5,4096,8388608,4194304,11,cycle,insertion,1039,4194304,1.00000000000000000,-0.000000000
4,5,4096,8388608,4194304,11,cycle,insertion,1040,4194304,1.00000000000000000,-0.000000000
4,5,4096,8388608,4194304,11,cycle,insertion,1041,4194304,1.00000000000000000,-0.000000000
4,5,4096,8388608,4194304,11,cycle,insertion,1042,4194304,1.00000000000000000,-0.000000000
4,5,4096,8388608,4194304,11,cycle,insertion,1043,4194304,1.00000000000000000,-0.000000000
4,5,4096,8388608,4194304,11,cycle,insertion,1044,4194304,1.00000000000000000,-0.000000000
4,5,4096,8388608,4194304,11,cycle,insertion,1045,4194304,1.00000000000000000,-0.000000000
4,5,4096,8388608,4194304,11,cycle,insertion,1046,4194304,1.00000000000000000,-0.000000000
4,5,4096,8388608,4194304,11,cycle,insertion,1047,4194304,1.00000000000000000,-0.000000000
4,5,4096,8388608,4194304,11,cycle,insertion,1048,4194304,1.00000000000000000,-0.000000000
4,5,4096,8388608,4194304,11,cycle,insertion,1049,4194304,1.00000000000000000,-0.000000000
4,5,4096,8388608,4194304,11,cycle,insertion,1050,4194304,1.00000000000000000,-0.000000000
4,5,4096,8388608,4194304,11,cycle,insertion,1051,4194304,1.00000000000000000,-0.000000000
4,5,4096,8388608,4194304,11,cycle,insertion,1052,4194304,1.00000000000000000,-0.000000000
4,5,4096,8388608,4194304,11,cycle,insertion,1053,4194304,1.00000000000000000,-0.000000000
4,5,4096,8388608,4194304,11,cycle,insertion,1054,4194304,1.00000000000000000,-0.000000000
4,5,4096,8388608,4194304,11,cycle,insertion,1055,4194304,1.00000000000000000,-0.000000000
4,5,4096,8388608,4194304,11,cycle,insertion,1056,4194304,1.00000000000000000,-0.000000000
4,5,4096,8388608,4194304,11,cycle,insertion,1057,4194304,1.00000000000000000,-0.000000000
4,5,4096,8388608,4194304,11,cycle,insertion,1058,4194304,1.00000000000000000,-0.000000000
4,5,4096,8388608,4194304,11,cycle,insertion,1059,4194304,1.00000000000000000,-0.000000000
4,5,4096,8388608,4194304,11,cycle,insertion,1060,4194304,1.00000000000000000,-0.000000000
4,5,4096,8388608,4194304,11,cycle,insertion,1061,4194304,1.00000000000000000,-0.000000000
4,5,4096,8388608,4194304,11,cycle,insertion,1062,4194304,1.00000000000000000,-0.000000000
4,5,4096,8388608,4194304,11,cycle,insertion,1063,4194304,1.00000000000000000,-0.000000000
4,5,4096,8388608,4194304,11,cycle,insertion,1064,4194304,1.00000000000000000,-0.000000000
4,5,4096,8388608,4194304,11,cycle,insertion,1065,4194304,1.00000000000000000,-0.000000000
4,5,4096,8388608,4194304,11,cycle,insertion,1066,4194304,1.00000000000000000,-0.000000000
4,5,4096,8388608,4194304,11,cycle,insertion,1067,4194304,1.00000000000000000,-0.000000000
4,5,4096,8388608,4194304,11,cycle,insertion,1068,4194304,1.00000000000000000,-0.000000000
4,5,4096,8388608,4194304,11,cycle,insertion,1069,4194304,1.00000000000000000,-0.000000000
4,5,4096,8388608,4194304,11,cycle,insertion,1070,4194304,1.00000000000000000,-0.000000000
4,5,4096,8388608,4194304,11,cycle,insertion,1071,4194304,1.00000000000000000,-0.000000000
4,5,4096,8388608,4194304,11,cycle,insertion,1072,4194304,1.00000000000000000,-0.000000000
4,5,4096,8388608,4194304,11,cycle,insertion,1073,4194304,1.00000000000000000,-0.000000000
4,5,4096,8388608,4194304,11,cycle,insertion,1074,4194304,1.00000000000000000,-0.000000000
4,5,4096,8388608,4194304,11,cycle,insertion,1075,4194304,1.00000000000000000,-0.000000000
4,5,4096,8388608,4194304,11,cycle,insertion,1076,4194304,1.00000000000000000,-0.000000000
4,5,4096,8388608,4194304,11,cycle,insertion,1077,4194304,1.00000000000000000,-0.000000000
4,5,4096,8388608,4194304,11,cycle,insertion,1078,4194304,1.00000000000000000,-0.000000000
4,5,4096,8388608,4194304,11,cycle,insertion,1079,4194304,1.00000000000000000,-0.000000000
4,5,4096,8388608,4194304,11,cycle,insertion,1080,4194304,1.00000000000000000,-0.000000000
4,5,4096,8388608,4194304,11,cycle,insertion,1081,4194304,1.00000000000000000,-0.000000000
4,5,4096,8388608,4194304,11,cycle,insertion,1082,4194304,1.00000000000000000,-0.000000000
4,5,4096,8388608,4194304,11,cycle,insertion,1083,4194304,1.00000000000000000,-0.000000000
4,5,4096,8388608,4194304,11,cycle,insertion,1084,4194304,1.00000000000000000,-0.000000000
4,5,4096,8388608,4194304,11,cycle,insertion,1085,4194304,1.00000000000000000,-0.000000000
4,5,4096,8388608,4194304,11,cycle,insertion,1086,4194304,1.00000000000000000,-0.000000000
4,5,4096,8388608,4194304,11,cycle,insertion,1087,4194304,1.00000000000000000,-0.000000000
4,5,4096,8388608,4194304,11,cycle,insertion,1088,4194304,1.00000000000000000,-0.000000000
4,5,4096,8388608,4194304,11,cycle,insertion,1089,4194304,1.00000000000000000,-0.000000000
4,5,4096,8388608,4194304,11,cycle,insertion,1090,4194304,1.00000000000000000,-0.000000000
4,5,4096,8388608,4194304,11,cycle,insertion,1091,4194304,1.00000000000000000,-0.000000000
4,5,4096,8388608,4194304,11,cycle,insertion,1092,4194304,1.00000000000000000,-0.000000000
4,5,4096,8388608,4194304,11,cycle,insertion,1093,4194304,1.00000000000000000,-0.000000000
4,5,4096,8388608,4194304,11,cycle,insertion,1094,4194304,1.00000000000000000,-0.000000000
4,5,4096,8388608,4194304,11,cycle,insertion,1095,4194304,1.00000000000000000,-0.000000000
4,5,4096,8388608,4194304,11,cycle,insertion,1096,4194304,1.00000000000000000,-0.000000000
4,5,4096,8388608,4194304,11,cycle,insertion,1097,4194304,1.00000000000000000,-0.000000000
4,5,4096,8388608,4194304,11,cycle,insertion,1098,4194304,1.00000000000000000,-0.000000000
4,5,4096,8388608,4194304,11,cycle,insertion,1099,4194304,1.00000000000000000,-0.000000000
4,5,4096,8388608,4194304,11,cycle,insertion,1100,4194304,1.00000000000000000,-0.000000000
4,5,4096,8388608,4194304,11,cycle,insertion,1101,4194304,1.00000000000000000,-0.000000000
4,5,4096,8388608,4194304,11,cycle,insertion,1102,4194304,1.00000000000000000,-0.000000000
4,5,4096,8388608,4194304,11,cycle,insertion,1103,4194304,1.00000000000000000,-0.000000000
4,5,4096,8388608,4194304,11,cycle,insertion,1104,4194304,1.00000000000000000,-0.000000000
4,5,4096,8388608,4194304,11,cycle,insertion,1105,4194304,1.00000000000000000,-0.000000000
4,5,4096,8388608,4194304,11,cycle,insertion,1106,4194304,1.00000000000000000,-0.000000000
4,5,4096,8388608,4194304,11,cycle,insertion,1107,4194304,1.00000000000000000,-0.000000000
4,5,4096,8388608,4194304,11,cycle,insertion,1108,4194304,1.00000000000000000,-0.000000000
4,5,4096,8388608,4194304,11,cycle,insertion,1109,4194304,1.00000000000000000,-0.000000000
4,5,4096,8388608,4194304,11,cycle,insertion,1110,4194304,1.00000000000000000,-0.000000000
4,5,4096,8388608,4194304,11,cycle,insertion,1111,4194304,1.00000000000000000,-0.000000000
4,5,4096,8388608,4194304,11,cycle,insertion,1112,4194304,1.00000000000000000,-0.000000000
4,5,4096,8388608,4194304,11,cycle,insertion,1113,4194304,1.00000000000000000,-0.000000000
4,5,4096,8388608,4194304,11,cycle,insertion,1114,4194304,1.00000000000000000,-0.000000000
4,5,4096,8388608,4194304,11,cycle,insertion,1115,4194304,1.00000000000000000,-0.000000000
4,5,4096,8388608,4194304,11,cycle,insertion,1116,4194304,1.00000000000000000,-0.000000000
4,5,4096,8388608,4194304,11,cycle,insertion,1117,4194304,1.00000000000000000,-0.000000000
4,5,4096,8388608,4194304,11,cycle,insertion,1118,4194304,1.00000000000000000,-0.000000000
4,5,4096,8388608,4194304,11,cycle,insertion,1119,4194304,1.00000000000000000,-0.000000000
4,5,4096,8388608,4194304,11,cycle,insertion,1120,4194304,1.00000000000000000,-0.000000000
4,5,4096,8388608,4194304,11,cycle,insertion,1121,4194304,1.00000000000000000,-0.000000000
4,5,4096,8388608,4194304,11,cycle,insertion,1122,4194304,1.00000000000000000,-0.000000000
4,5,4096,8388608,4194304,11,cycle,insertion,1123,4194304,1.00000000000000000,-0.000000000
4,5,4096,8388608,4194304,11,cycle,insertion,1124,4194304,1.00000000000000000,-0.000000000
4,5,4096,8388608,4194304,11,cycle,insertion,1125,4194304,1.00000000000000000,-0.000000000
4,5,4096,8388608,4194304,11,cycle,insertion,1126,4194304,1.00000000000000000,-0.000000000
4,5,4096,8388608,4194304,11,cycle,insertion,1127,4194304,1.00000000000000000,-0.000000000
4,5,4096,8388608,4194304,11,cycle,insertion,1128,4194304,1.00000000000000000,-0.000000000
4,5,4096,8388608,4194304,11,cycle,insertion,1129,4194304,1.00000000000000000,-0.000000000
4,5,4096,8388608,4194304,11,cycle,insertion,1130,4194304,1.00000000000000000,-0.000000000
4,5,4096,8388608,4194304,11,cycle,insertion,1131,4194304,1.00000000000000000,-0.000000000
4,5,4096,8388608,4194304,11,cycle,insertion,1132,4194304,1.00000000000000000,-0.000000000
4,5,4096,8388608,4194304,11,cycle,insertion,1133,4194304,1.00000000000000000,-0.000000000
4,5,4096,8388608,4194304,11,cycle,insertion,1134,4194304,1.00000000000000000,-0.000000000
4,5,4096,8388608,4194304,11,cycle,insertion,1135,4194304,1.00000000000000000,-0.000000000
4,5,4096,8388608,4194304,11,cycle,insertion,1136,4194304,1.00000000000000000,-0.000000000
4,5,4096,8388608,4194304,11,cycle,insertion,1137,4194304,1.00000000000000000,-0.000000000
4,5,4096,8388608,4194304,11,cycle,insertion,1138,4194304,1.00000000000000000,-0.000000000
4,5,4096,8388608,4194304,11,cycle,insertion,1139,4194304,1.00000000000000000,-0.000000000
4,5,4096,8388608,4194304,11,cycle,insertion,1140,4194304,1.00000000000000000,-0.000000000
4,5,4096,8388608,4194304,11,cycle,insertion,1141,4194304,1.00000000000000000,-0.000000000
4,5,4096,8388608,4194304,11,cycle,insertion,1142,4194304,1.00000000000000000,-0.000000000
4,5,4096,8388608,4194304,11,cycle,insertion,1143,4194304,1.00000000000000000,-0.000000000
4,5,4096,8388608,4194304,11,cycle,insertion,1144,4194304,1.00000000000000000,-0.000000000
4,5,4096,8388608,4194304,11,cycle,insertion,1145,4194304,1.00000000000000000,-0.000000000
4,5,4096,8388608,4194304,11,cycle,insertion,1146,4194304,1.00000000000000000,-0.000000000
4,5,4096,8388608,4194304,11,cycle,insertion,1147,4194304,1.00000000000000000,-0.000000000
4,5,4096,8388608,4194304,11,cycle,insertion,1148,4194304,1.00000000000000000,-0.000000000
4,5,4096,8388608,4194304,11,cycle,insertion,1149,4194304,1.00000000000000000,-0.000000000
4,5,4096,8388608,4194304,11,cycle,insertion,1150,4194304,1.00000000000000000,-0.000000000
4,5,4096,8388608,4194304,11,cycle,insertion,1151,4194304,1.00000000000000000,-0.000000000
4,5,4096,8388608,4194304,11,cycle,insertion,1152,4194304,1.00000000000000000,-0.000000000
4,5,4096,8388608,4194304,11,cycle,insertion,1153,4194304,1.00000000000000000,-0.000000000
4,5,4096,8388608,4194304,11,cycle,insertion,1154,4194304,1.00000000000000000,-0.000000000
4,5,4096,8388608,4194304,11,cycle,insertion,1155,4194304,1.00000000000000000,-0.000000000
4,5,4096,8388608,4194304,11,cycle,insertion,1156,4194304,1.00000000000000000,-0.000000000
4,5,4096,8388608,4194304,11,cycle,insertion,1157,4194304,1.00000000000000000,-0.000000000
4,5,4096,8388608,4194304,11,cycle,insertion,1158,4194304,1.00000000000000000,-0.000000000
4,5,4096,8388608,4194304,11,cycle,insertion,1159,4194304,1.00000000000000000,-0.000000000
4,5,4096,8388608,4194304,11,cycle,insertion,1160,4194304,1.00000000000000000,-0.000000000
4,5,4096,8388608,4194304,11,cycle,insertion,1161,4194304,1.00000000000000000,-0.000000000
4,5,4096,8388608,4194304,11,cycle,insertion,1162,4194304,1.00000000000000000,-0.000000000
4,5,4096,8388608,4194304,11,cycle,insertion,1163,4194304,1.00000000000000000,-0.000000000
4,5,4096,8388608,4194304,11,cycle,insertion,1164,4194304,1.00000000000000000,-0.000000000
4,5,4096,8388608,4194304,11,cycle,insertion,1165,4194304,1.00000000000000000,-0.000000000
4,5,4096,8388608,4194304,11,cycle,insertion,1166,4194304,1.00000000000000000,-0.000000000
4,5,4096,8388608,4194304,11,cycle,insertion,1167,4194304,1.00000000000000000,-0.000000000
4,5,4096,8388608,4194304,11,cycle,insertion,1168,4194304,1.00000000000000000,-0.000000000
4,5,4096,8388608,4194304,11,cycle,insertion,1169,4194304,1.00000000000000000,-0.000000000
4,5,4096,8388608,4194304,11,cycle,insertion,1170,4194304,1.00000000000000000,-0.000000000
4,5,4096,8388608,4194304,11,cycle,insertion,1171,4194304,1.00000000000000000,-0.000000000
4,5,4096,8388608,4194304,11,cycle,insertion,1172,4194304,1.00000000000000000,-0.000000000
4,5,4096,8388608,4194304,11,cycle,insertion,1173,4194304,1.00000000000000000,-0.000000000
4,5,4096,8388608,4194304,11,cycle,insertion,1174,4194304,1.00000000000000000,-0.000000000
4,5,4096,8388608,4194304,11,cycle,insertion,1175,4194304,1.00000000000000000,-0.000000000
4,5,4096,8388608,4194304,11,cycle,insertion,1176,4194304,1.00000000000000000,-0.000000000
4,5,4096,8388608,4194304,11,cycle,insertion,1177,4194304,1.00000000000000000,-0.000000000
4,5,4096,8388608,4194304,11,cycle,insertion,1178,4194304,1.00000000000000000,-0.000000000
4,5,4096,8388608,4194304,11,cycle,insertion,1179,4194304,1.00000000000000000,-0.000000000
4,5,4096,8388608,4194304,11,cycle,insertion,1180,4194304,1.00000000000000000,-0.000000000
4,5,4096,8388608,4194304,11,cycle,insertion,1181,4194304,1.00000000000000000,-0.000000000
4,5,4096,8388608,4194304,11,cycle,insertion,1182,4194304,1.00000000000000000,-0.000000000
4,5,4096,8388608,4194304,11,cycle,insertion,1183,4194304,1.00000000000000000,-0.000000000
4,5,4096,8388608,4194304,11,cycle,insertion,1184,4194304,1.00000000000000000,-0.000000000
4,5,4096,8388608,4194304,11,cycle,insertion,1185,4194304,1.00000000000000000,-0.000000000
4,5,4096,8388608,4194304,11,cycle,insertion,1186,4194304,1.00000000000000000,-0.000000000
4,5,4096,8388608,4194304,11,cycle,insertion,1187,4194304,1.00000000000000000,-0.000000000
4,5,4096,8388608,4194304,11,cycle,insertion,1188,4194304,1.00000000000000000,-0.000000000
4,5,4096,8388608,4194304,11,cycle,insertion,1189,4194304,1.00000000000000000,-0.000000000
4,5,4096,8388608,4194304,11,cycle,insertion,1190,4194304,1.00000000000000000,-0.000000000
4,5,4096,8388608,4194304,11,cycle,insertion,1191,4194304,1.00000000000000000,-0.000000000
4,5,4096,8388608,4194304,11,cycle,insertion,1192,4194304,1.00000000000000000,-0.000000000
4,5,4096,8388608,4194304,11,cycle,insertion,1193,4194304,1.00000000000000000,-0.000000000
4,5,4096,8388608,4194304,11,cycle,insertion,1194,4194304,1.00000000000000000,-0.000000000
4,5,4096,8388608,4194304,11,cycle,insertion,1195,4194304,1.00000000000000000,-0.000000000
4,5,4096,8388608,4194304,11,cycle,insertion,1196,4194304,1.00000000000000000,-0.000000000
4,5,4096,8388608,4194304,11,cycle,insertion,1197,4194304,1.00000000000000000,-0.000000000
4,5,4096,8388608,4194304,11,cycle,insertion,1198,4194304,1.00000000000000000,-0.000000000
4,5,4096,8388608,4194304,11,cycle,insertion,1199,4194304,1.00000000000000000,-0.000000000
4,5,4096,8388608,4194304,11,cycle,insertion,1200,4194304,1.00000000000000000,-0.000000000
4,5,4096,8388608,4194304,11,cycle,insertion,1201,4194304,1.00000000000000000,-0.000000000
4,5,4096,8388608,4194304,11,cycle,insertion,1202,4194304,1.00000000000000000,-0.000000000
4,5,4096,8388608,4194304,11,cycle,insertion,1203,4194304,1.00000000000000000,-0.000000000
4,5,4096,8388608,4194304,11,cycle,insertion,1204,4194304,1.00000000000000000,-0.000000000
4,5,4096,8388608,4194304,11,cycle,insertion,1205,4194304,1.00000000000000000,-0.000000000
4,5,4096,8388608,4194304,11,cycle,insertion,1206,4194304,1.00000000000000000,-0.000000000
4,5,4096,8388608,4194304,11,cycle,insertion,1207,4194304,1.00000000000000000,-0.000000000
4,5,4096,8388608,4194304,11,cycle,insertion,1208,4194304,1.00000000000000000,-0.000000000
4,5,4096,8388608,4194304,11,cycle,insertion,1209,4194304,1.00000000000000000,-0.000000000
4,5,4096,8388608,4194304,11,cycle,insertion,1210,4194304,1.00000000000000000,-0.000000000
4,5,4096,8388608,4194304,11,cycle,insertion,1211,4194304,1.00000000000000000,-0.000000000
4,5,4096,8388608,4194304,11,cycle,insertion,1212,4194304,1.00000000000000000,-0.000000000
4,5,4096,8388608,4194304,11,cycle,insertion,1213,4194304,1.00000000000000000,-0.000000000
4,5,4096,8388608,4194304,11,cycle,insertion,1214,4194304,1.00000000000000000,-0.000000000
4,5,4096,8388608,4194304,11,cycle,insertion,1215,4194304,1.00000000000000000,-0.000000000
4,5,4096,8388608,4194304,11,cycle,insertion,1216,4194304,1.00000000000000000,-0.000000000
4,5,4096,8388608,4194304,11,cycle,insertion,1217,4194304,1.00000000000000000,-0.000000000
4,5,4096,8388608,4194304,11,cycle,insertion,1218,4194304,1.00000000000000000,-0.000000000
4,5,4096,8388608,4194304,11,cycle,insertion,1219,4194304,1.00000000000000000,-0.000000000
4,5,4096,8388608,4194304,11,cycle,insertion,1220,4194304,1.00000000000000000,-0.000000000
4,5,4096,8388608,4194304,11,cycle,insertion,1221,4194304,1.00000000000000000,-0.000000000
4,5,4096,8388608,4194304,11,cycle,insertion,1222,4194304,1.00000000000000000,-0.000000000
4,5,4096,8388608,4194304,11,cycle,insertion,1223,4194304,1.00000000000000000,-0.000000000
4,5,4096,8388608,4194304,11,cycle,insertion,1224,4194304,1.00000000000000000,-0.000000000
4,5,4096,8388608,4194304,11,cycle,insertion,1225,4194304,1.00000000000000000,-0.000000000
4,5,4096,8388608,4194304,11,cycle,insertion,1226,4194304,1.00000000000000000,-0.000000000
4,5,4096,8388608,4194304,11,cycle,insertion,1227,4194304,1.00000000000000000,-0.000000000
4,5,4096,8388608,4194304,11,cycle,insertion,1228,4194304,1.00000000000000000,-0.000000000
4,5,4096,8388608,4194304,11,cycle,insertion,1229,4194304,1.00000000000000000,-0.000000000
4,5,4096,8388608,4194304,11,cycle,insertion,1230,4194304,1.00000000000000000,-0.000000000
4,5,4096,8388608,4194304,11,cycle,insertion,1231,4194304,1.00000000000000000,-0.000000000
4,5,4096,8388608,4194304,11,cycle,insertion,1232,4194304,1.00000000000000000,-0.000000000
4,5,4096,8388608,4194304,11,cycle,insertion,1233,4194304,1.00000000000000000,-0.000000000
4,5,4096,8388608,4194304,11,cycle,insertion,1234,4194304,1.00000000000000000,-0.000000000
4,5,4096,8388608,4194304,11,cycle,insertion,1235,4194304,1.00000000000000000,-0.000000000
4,5,4096,8388608,4194304,11,cycle,insertion,1236,4194304,1.00000000000000000,-0.000000000
4,5,4096,8388608,4194304,11,cycle,insertion,1237,4194304,1.00000000000000000,-0.000000000
4,5,4096,8388608,4194304,11,cycle,insertion,1238,4194304,1.00000000000000000,-0.000000000
4,5,4096,8388608,4194304,11,cycle,insertion,1239,4194304,1.00000000000000000,-0.000000000
4,5,4096,8388608,4194304,11,cycle,insertion,1240,4194304,1.00000000000000000,-0.000000000
4,5,4096,8388608,4194304,11,cycle,insertion,1241,4194304,1.00000000000000000,-0.000000000
4,5,4096,8388608,4194304,11,cycle,insertion,1242,4194304,1.00000000000000000,-0.000000000
4,5,4096,8388608,4194304,11,cycle,insertion,1243,4194304,1.00000000000000000,-0.000000000
4,5,4096,8388608,4194304,11,cycle,insertion,1244,4194304,1.00000000000000000,-0.000000000
4,5,4096,8388608,4194304,11,cycle,insertion,1245,4194304,1.00000000000000000,-0.000000000
4,5,4096,8388608,4194304,11,cycle,insertion,1246,4194304,1.00000000000000000,-0.000000000
4,5,4096,8388608,4194304,11,cycle,insertion,1247,4194304,1.00000000000000000,-0.000000000
4,5,4096,8388608,4194304,11,cycle,insertion,1248,4194304,1.00000000000000000,-0.000000000
4,5,4096,8388608,4194304,11,cycle,insertion,1249,4194304,1.00000000000000000,-0.000000000
4,5,4096,8388608,4194304,11,cycle,insertion,1250,4194304,1.00000000000000000,-0.000000000
4,5,4096,8388608,4194304,11,cycle,insertion,1251,4194304,1.00000000000000000,-0.000000000
4,5,4096,8388608,4194304,11,cycle,insertion,1252,4194304,1.00000000000000000,-0.000000000
4,5,4096,8388608,4194304,11,cycle,insertion,1253,4194304,1.00000000000000000,-0.000000000
4,5,4096,8388608,4194304,11,cycle,insertion,1254,4194304,1.00000000000000000,-0.000000000
4,5,4096,8388608,4194304,11,cycle,insertion,1255,4194304,1.00000000000000000,-0.000000000
4,5,4096,8388608,4194304,11,cycle,insertion,1256,4194304,1.00000000000000000,-0.000000000
4,5,4096,8388608,4194304,11,cycle,insertion,1257,4194304,1.00000000000000000,-0.000000000
4,5,4096,8388608,4194304,11,cycle,insertion,1258,4194304,1.00000000000000000,-0.000000000
4,5,4096,8388608,4194304,11,cycle,insertion,1259,4194304,1.00000000000000000,-0.000000000
4,5,4096,8388608,4194304,11,cycle,insertion,1260,4194304,1.00000000000000000,-0.000000000
4,5,4096,8388608,4194304,11,cycle,insertion,1261,4194304,1.00000000000000000,-0.000000000
4,5,4096,8388608,4194304,11,cycle,insertion,1262,4194304,1.00000000000000000,-0.000000000
4,5,4096,8388608,4194304,11,cycle,insertion,1263,4194304,1.00000000000000000,-0.000000000
4,5,4096,8388608,4194304,11,cycle,insertion,1264,4194304,1.00000000000000000,-0.000000000
4,5,4096,8388608,4194304,11,cycle,insertion,1265,4194304,1.00000000000000000,-0.000000000
4,5,4096,8388608,4194304,11,cycle,insertion,1266,4194304,1.00000000000000000,-0.000000000
4,5,4096,8388608,4194304,11,cycle,insertion,1267,4194304,1.00000000000000000,-0.000000000
4,5,4096,8388608,4194304,11,cycle,insertion,1268,4194304,1.00000000000000000,-0.000000000
4,5,4096,8388608,4194304,11,cycle,insertion,1269,4194304,1.00000000000000000,-0.000000000
4,5,4096,8388608,4194304,11,cycle,insertion,1270,4194304,1.00000000000000000,-0.000000000
4,5,4096,8388608,4194304,11,cycle,insertion,1271,4194304,1.00000000000000000,-0.000000000
4,5,4096,8388608,4194304,11,cycle,insertion,1272,4194304,1.00000000000000000,-0.000000000
4,5,4096,8388608,4194304,11,cycle,insertion,1273,4194304,1.00000000000000000,-0.000000000
4,5,4096,8388608,4194304,11,cycle,insertion,1274,4194304,1.00000000000000000,-0.000000000
4,5,4096,8388608,4194304,11,cycle,insertion,1275,4194304,1.00000000000000000,-0.000000000
4,5,4096,8388608,4194304,11,cycle,insertion,1276,4194304,1.00000000000000000,-0.000000000
4,5,4096,8388608,4194304,11,cycle,insertion,1277,4194304,1.00000000000000000,-0.000000000
4,5,4096,8388608,4194304,11,cycle,insertion,1278,4194304,1.00000000000000000,-0.000000000
4,5,4096,8388608,4194304,11,cycle,insertion,1279,4194304,1.00000000000000000,-0.000000000
4,5,4096,8388608,4194304,11,cycle,insertion,1280,4194304,1.00000000000000000,-0.000000000
4,5,4096,8388608,4194304,11,cycle,insertion,1281,4194304,1.00000000000000000,-0.000000000
4,5,4096,8388608,4194304,11,cycle,insertion,1282,4194304,1.00000000000000000,-0.000000000
4,5,4096,8388608,4194304,11,cycle,insertion,1283,4194304,1.00000000000000000,-0.000000000
4,5,4096,8388608,4194304,11,cycle,insertion,1284,4194304,1.00000000000000000,-0.000000000
4,5,4096,8388608,4194304,11,cycle,insertion,1285,4194304,1.00000000000000000,-0.000000000
4,5,4096,8388608,4194304,11,cycle,insertion,1286,4194304,1.00000000000000000,-0.000000000
4,5,4096,8388608,4194304,11,cycle,insertion,1287,4194304,1.00000000000000000,-0.000000000
4,5,4096,8388608,4194304,11,cycle,insertion,1288,4194304,1.00000000000000000,-0.000000000
4,5,4096,8388608,4194304,11,cycle,insertion,1289,4194304,1.00000000000000000,-0.000000000
4,5,4096,8388608,4194304,11,cycle,insertion,1290,4194304,1.00000000000000000,-0.000000000
4,5,4096,8388608,4194304,11,cycle,insertion,1291,4194304,1.00000000000000000,-0.000000000
4,5,4096,8388608,4194304,11,cycle,insertion,1292,4194304,1.00000000000000000,-0.000000000
4,5,4096,8388608,4194304,11,cycle,insertion,1293,4194304,1.00000000000000000,-0.000000000
4,5,4096,8388608,4194304,11,cycle,insertion,1294,4194304,1.00000000000000000,-0.000000000
4,5,4096,8388608,4194304,11,cycle,insertion,1295,4194304,1.00000000000000000,-0.000000000
4,5,4096,8388608,4194304,11,cycle,insertion,1296,4194304,1.00000000000000000,-0.000000000
4,5,4096,8388608,4194304,11,cycle,insertion,1297,4194304,1.00000000000000000,-0.000000000
4,5,4096,8388608,4194304,11,cycle,insertion,1298,4194304,1.00000000000000000,-0.000000000
4,5,4096,8388608,4194304,11,cycle,insertion,1299,4194304,1.00000000000000000,-0.000000000
4,5,4096,8388608,4194304,11,cycle,insertion,1300,4194304,1.00000000000000000,-0.000000000
4,5,4096,8388608,4194304,11,cycle,insertion,1301,4194304,1.00000000000000000,-0.000000000
4,5,4096,8388608,4194304,11,cycle,insertion,1302,4194304,1.00000000000000000,-0.000000000
4,5,4096,8388608,4194304,11,cycle,insertion,1303,4194304,1.00000000000000000,-0.000000000
4,5,4096,8388608,4194304,11,cycle,insertion,1304,4194304,1.00000000000000000,-0.000000000
4,5,4096,8388608,4194304,11,cycle,insertion,1305,4194304,1.00000000000000000,-0.000000000
4,5,4096,8388608,4194304,11,cycle,insertion,1306,4194304,1.00000000000000000,-0.000000000
4,5,4096,8388608,4194304,11,cycle,insertion,1307,4194304,1.00000000000000000,-0.000000000
4,5,4096,8388608,4194304,11,cycle,insertion,1308,4194304,1.00000000000000000,-0.000000000
4,5,4096,8388608,4194304,11,cycle,insertion,1309,4194304,1.00000000000000000,-0.000000000
4,5,4096,8388608,4194304,11,cycle,insertion,1310,4194304,1.00000000000000000,-0.000000000
4,5,4096,8388608,4194304,11,cycle,insertion,1311,4194304,1.00000000000000000,-0.000000000
4,5,4096,8388608,4194304,11,cycle,insertion,1312,4194304,1.00000000000000000,-0.000000000
4,5,4096,8388608,4194304,11,cycle,insertion,1313,4194304,1.00000000000000000,-0.000000000
4,5,4096,8388608,4194304,11,cycle,insertion,1314,4194304,1.00000000000000000,-0.000000000
4,5,4096,8388608,4194304,11,cycle,insertion,1315,4194304,1.00000000000000000,-0.000000000
4,5,4096,8388608,4194304,11,cycle,insertion,1316,4194304,1.00000000000000000,-0.000000000
4,5,4096,8388608,4194304,11,cycle,insertion,1317,4194304,1.00000000000000000,-0.000000000
4,5,4096,8388608,4194304,11,cycle,insertion,1318,4194304,1.00000000000000000,-0.000000000
4,5,4096,8388608,4194304,11,cycle,insertion,1319,4194304,1.00000000000000000,-0.000000000
4,5,4096,8388608,4194304,11,cycle,insertion,1320,4194304,1.00000000000000000,-0.000000000
4,5,4096,8388608,4194304,11,cycle,insertion,1321,4194304,1.00000000000000000,-0.000000000
4,5,4096,8388608,4194304,11,cycle,insertion,1322,4194304,1.00000000000000000,-0.000000000
4,5,4096,8388608,4194304,11,cycle,insertion,1323,4194304,1.00000000000000000,-0.000000000
4,5,4096,8388608,4194304,11,cycle,insertion,1324,4194304,1.00000000000000000,-0.000000000
4,5,4096,8388608,4194304,11,cycle,insertion,1325,4194304,1.00000000000000000,-0.000000000
4,5,4096,8388608,4194304,11,cycle,insertion,1326,4194304,1.00000000000000000,-0.000000000
4,5,4096,8388608,4194304,11,cycle,insertion,1327,4194304,1.00000000000000000,-0.000000000
4,5,4096,8388608,4194304,11,cycle,insertion,1328,4194304,1.00000000000000000,-0.000000000
4,5,4096,8388608,4194304,11,cycle,insertion,1329,4194304,1.00000000000000000,-0.000000000
4,5,4096,8388608,4194304,11,cycle,insertion,1330,4194304,1.00000000000000000,-0.000000000
4,5,4096,8388608,4194304,11,cycle,insertion,1331,4194304,1.00000000000000000,-0.000000000
4,5,4096,8388608,4194304,11,cycle,insertion,1332,4194304,1.00000000000000000,-0.000000000
4,5,4096,8388608,4194304,11,cycle,insertion,1333,4194304,1.00000000000000000,-0.000000000
4,5,4096,8388608,4194304,11,cycle,insertion,1334,4194304,1.00000000000000000,-0.000000000
4,5,4096,8388608,4194304,11,cycle,insertion,1335,4194304,1.00000000000000000,-0.000000000
4,5,4096,8388608,4194304,11,cycle,insertion,1336,4194304,1.00000000000000000,-0.000000000
4,5,4096,8388608,4194304,11,cycle,insertion,1337,4194304,1.00000000000000000,-0.000000000
4,5,4096,8388608,4194304,11,cycle,insertion,1338,4194304,1.00000000000000000,-0.000000000
4,5,4096,8388608,4194304,11,cycle,insertion,1339,4194304,1.00000000000000000,-0.000000000
4,5,4096,8388608,4194304,11,cycle,insertion,1340,4194304,1.00000000000000000,-0.000000000
4,5,4096,8388608,4194304,11,cycle,insertion,1341,4194304,1.00000000000000000,-0.000000000
4,5,4096,8388608,4194304,11,cycle,insertion,1342,4194304,1.00000000000000000,-0.000000000
4,5,4096,8388608,4194304,11,cycle,insertion,1343,4194304,1.00000000000000000,-0.000000000
4,5,4096,8388608,4194304,11,cycle,insertion,1344,4194304,1.00000000000000000,-0.000000000
4,5,4096,8388608,4194304,11,cycle,insertion,1345,4194304,1.00000000000000000,-0.000000000
4,5,4096,8388608,4194304,11,cycle,insertion,1346,4194304,1.00000000000000000,-0.000000000
4,5,4096,8388608,4194304,11,cycle,insertion,1347,4194304,1.00000000000000000,-0.000000000
4,5,4096,8388608,4194304,11,cycle,insertion,1348,4194304,1.00000000000000000,-0.000000000
4,5,4096,8388608,4194304,11,cycle,insertion,1349,4194304,1.00000000000000000,-0.000000000
4,5,4096,8388608,4194304,11,cycle,insertion,1350,4194304,1.00000000000000000,-0.000000000
4,5,4096,8388608,4194304,11,cycle,insertion,1351,4194304,1.00000000000000000,-0.000000000
4,5,4096,8388608,4194304,11,cycle,insertion,1352,4194304,1.00000000000000000,-0.000000000
4,5,4096,8388608,4194304,11,cycle,insertion,1353,4194304,1.00000000000000000,-0.000000000
4,5,4096,8388608,4194304,11,cycle,insertion,1354,4194304,1.00000000000000000,-0.000000000
4,5,4096,8388608,4194304,11,cycle,insertion,1355,4194304,1.00000000000000000,-0.000000000
4,5,4096,8388608,4194304,11,cycle,insertion,1356,4194304,1.00000000000000000,-0.000000000
4,5,4096,8388608,4194304,11,cycle,insertion,1357,4194304,1.00000000000000000,-0.000000000
4,5,4096,8388608,4194304,11,cycle,insertion,1358,4194304,1.00000000000000000,-0.000000000
4,5,4096,8388608,4194304,11,cycle,insertion,1359,4194304,1.00000000000000000,-0.000000000
4,5,4096,8388608,4194304,11,cycle,insertion,1360,4194304,1.00000000000000000,-0.000000000
4,5,4096,8388608,4194304,11,cycle,insertion,1361,4194304,1.00000000000000000,-0.000000000
4,5,4096,8388608,4194304,11,cycle,insertion,1362,4194304,1.00000000000000000,-0.000000000
4,5,4096,8388608,4194304,11,cycle,insertion,1363,4194304,1.00000000000000000,-0.000000000
4,5,4096,8388608,4194304,11,cycle,insertion,1364,4194304,1.00000000000000000,-0.000000000
4,5,4096,8388608,4194304,11,cycle,insertion,1365,4194304,1.00000000000000000,-0.000000000
4,5,4096,8388608,4194304,11,cycle,insertion,1366,4194304,1.00000000000000000,-0.000000000
4,5,4096,8388608,4194304,11,cycle,insertion,1367,4194304,1.00000000000000000,-0.000000000
4,5,4096,8388608,4194304,11,cycle,insertion,1368,4194304,1.00000000000000000,-0.000000000
4,5,4096,8388608,4194304,11,cycle,insertion,1369,4194304,1.00000000000000000,-0.000000000
4,5,4096,8388608,4194304,11,cycle,insertion,1370,4194304,1.00000000000000000,-0.000000000
4,5,4096,8388608,4194304,11,cycle,insertion,1371,4194304,1.00000000000000000,-0.000000000
4,5,4096,8388608,4194304,11,cycle,insertion,1372,4194304,1.00000000000000000,-0.000000000
4,5,4096,8388608,4194304,11,cycle,insertion,1373,4194304,1.00000000000000000,-0.000000000
4,5,4096,8388608,4194304,11,cycle,insertion,1374,4194304,1.00000000000000000,-0.000000000
4,5,4096,8388608,4194304,11,cycle,insertion,1375,4194304,1.00000000000000000,-0.000000000
4,5,4096,8388608,4194304,11,cycle,insertion,1376,4194304,1.00000000000000000,-0.000000000
4,5,4096,8388608,4194304,11,cycle,insertion,1377,4194304,1.00000000000000000,-0.000000000
4,5,4096,8388608,4194304,11,cycle,insertion,1378,4194304,1.00000000000000000,-0.000000000
4,5,4096,8388608,4194304,11,cycle,insertion,1379,4194304,1.00000000000000000,-0.000000000
4,5,4096,8388608,4194304,11,cycle,insertion,1380,4194304,1.00000000000000000,-0.000000000
4,5,4096,8388608,4194304,11,cycle,insertion,1381,4194304,1.00000000000000000,-0.000000000
4,5,4096,8388608,4194304,11,cycle,insertion,1382,4194304,1.00000000000000000,-0.000000000
4,5,4096,8388608,4194304,11,cycle,insertion,1383,4194304,1.00000000000000000,-0.000000000
4,5,4096,8388608,4194304,11,cycle,insertion,1384,4194304,1.00000000000000000,-0.000000000
4,5,4096,8388608,4194304,11,cycle,insertion,1385,4194304,1.00000000000000000,-0.000000000
4,5,4096,8388608,4194304,11,cycle,insertion,1386,4194304,1.00000000000000000,-0.000000000
4,5,4096,8388608,4194304,11,cycle,insertion,1387,4194304,1.00000000000000000,-0.000000000
4,5,4096,8388608,4194304,11,cycle,insertion,1388,4194304,1.00000000000000000,-0.000000000
4,5,4096,8388608,4194304,11,cycle,insertion,1389,4194304,1.00000000000000000,-0.000000000
4,5,4096,8388608,4194304,11,cycle,insertion,1390,4194304,1.00000000000000000,-0.000000000
4,5,4096,8388608,4194304,11,cycle,insertion,1391,4194304,1.00000000000000000,-0.000000000
4,5,4096,8388608,4194304,11,cycle,insertion,1392,4194304,1.00000000000000000,-0.000000000
4,5,4096,8388608,4194304,11,cycle,insertion,1393,4194304,1.00000000000000000,-0.000000000
4,5,4096,8388608,4194304,11,cycle,insertion,1394,4194304,1.00000000000000000,-0.000000000
4,5,4096,8388608,4194304,11,cycle,insertion,1395,4194304,1.00000000000000000,-0.000000000
4,5,4096,8388608,4194304,11,cycle,insertion,1396,4194304,1.00000000000000000,-0.000000000
4,5,4096,8388608,4194304,11,cycle,insertion,1397,4194304,1.00000000000000000,-0.000000000
4,5,4096,8388608,4194304,11,cycle,insertion,1398,4194304,1.00000000000000000,-0.000000000
4,5,4096,8388608,4194304,11,cycle,insertion,1399,4194304,1.00000000000000000,-0.000000000
4,5,4096,8388608,4194304,11,cycle,insertion,1400,4194304,1.00000000000000000,-0.000000000
4,5,4096,8388608,4194304,11,cycle,insertion,1401,4194304,1.00000000000000000,-0.000000000
4,5,4096,8388608,4194304,11,cycle,insertion,1402,4194304,1.00000000000000000,-0.000000000
4,5,4096,8388608,4194304,11,cycle,insertion,1403,4194304,1.00000000000000000,-0.000000000
4,5,4096,8388608,4194304,11,cycle,insertion,1404,4194304,1.00000000000000000,-0.000000000
4,5,4096,8388608,4194304,11,cycle,insertion,1405,4194304,1.00000000000000000,-0.000000000
4,5,4096,8388608,4194304,11,cycle,insertion,1406,4194304,1.00000000000000000,-0.000000000
4,5,4096,8388608,4194304,11,cycle,insertion,1407,4194304,1.00000000000000000,-0.000000000
4,5,4096,8388608,4194304,11,cycle,insertion,1408,4194304,1.00000000000000000,-0.000000000
4,5,4096,8388608,4194304,11,cycle,insertion,1409,4194304,1.00000000000000000,-0.000000000
4,5,4096,8388608,4194304,11,cycle,insertion,1410,4194304,1.00000000000000000,-0.000000000
4,5,4096,8388608,4194304,11,cycle,insertion,1411,4194304,1.00000000000000000,-0.000000000
4,5,4096,8388608,4194304,11,cycle,insertion,1412,4194304,1.00000000000000000,-0.000000000
4,5,4096,8388608,4194304,11,cycle,insertion,1413,4194304,1.00000000000000000,-0.000000000
4,5,4096,8388608,4194304,11,cycle,insertion,1414,4194304,1.00000000000000000,-0.000000000
4,5,4096,8388608,4194304,11,cycle,insertion,1415,4194304,1.00000000000000000,-0.000000000
4,5,4096,8388608,4194304,11,cycle,insertion,1416,4194304,1.00000000000000000,-0.000000000
4,5,4096,8388608,4194304,11,cycle,insertion,1417,4194304,1.00000000000000000,-0.000000000
4,5,4096,8388608,4194304,11,cycle,insertion,1418,4194304,1.00000000000000000,-0.000000000
4,5,4096,8388608,4194304,11,cycle,insertion,1419,4194304,1.00000000000000000,-0.000000000
4,5,4096,8388608,4194304,11,cycle,insertion,1420,4194304,1.00000000000000000,-0.000000000
4,5,4096,8388608,4194304,11,cycle,insertion,1421,4194304,1.00000000000000000,-0.000000000
4,5,4096,8388608,4194304,11,cycle,insertion,1422,4194304,1.00000000000000000,-0.000000000
4,5,4096,8388608,4194304,11,cycle,insertion,1423,4194304,1.00000000000000000,-0.000000000
4,5,4096,8388608,4194304,11,cycle,insertion,1424,4194304,1.00000000000000000,-0.000000000
4,5,4096,8388608,4194304,11,cycle,insertion,1425,4194304,1.00000000000000000,-0.000000000
4,5,4096,8388608,4194304,11,cycle,insertion,1426,4194304,1.00000000000000000,-0.000000000
4,5,4096,8388608,4194304,11,cycle,insertion,1427,4194304,1.00000000000000000,-0.000000000
4,5,4096,8388608,4194304,11,cycle,insertion,1428,4194304,1.00000000000000000,-0.000000000
4,5,4096,8388608,4194304,11,cycle,insertion,1429,4194304,1.00000000000000000,-0.000000000
4,5,4096,8388608,4194304,11,cycle,insertion,1430,4194304,1.00000000000000000,-0.000000000
4,5,4096,8388608,4194304,11,cycle,insertion,1431,4194304,1.00000000000000000,-0.000000000
4,5,4096,8388608,4194304,11,cycle,insertion,1432,4194304,1.00000000000000000,-0.000000000
4,5,4096,8388608,4194304,11,cycle,insertion,1433,4194304,1.00000000000000000,-0.000000000
4,5,4096,8388608,4194304,11,cycle,insertion,1434,4194304,1.00000000000000000,-0.000000000
4,5,4096,8388608,4194304,11,cycle,insertion,1435,4194304,1.00000000000000000,-0.000000000
4,5,4096,8388608,4194304,11,cycle,insertion,1436,4194304,1.00000000000000000,-0.000000000
4,5,4096,8388608,4194304,11,cycle,insertion,1437,4194304,1.00000000000000000,-0.000000000
4,5,4096,8388608,4194304,11,cycle,insertion,1438,4194304,1.00000000000000000,-0.000000000
4,5,4096,8388608,4194304,11,cycle,insertion,1439,4194304,1.00000000000000000,-0.000000000
4,5,4096,8388608,4194304,11,cycle,insertion,1440,4194304,1.00000000000000000,-0.000000000
4,5,4096,8388608,4194304,11,cycle,insertion,1441,4194304,1.00000000000000000,-0.000000000
4,5,4096,8388608,4194304,11,cycle,insertion,1442,4194304,1.00000000000000000,-0.000000000
4,5,4096,8388608,4194304,11,cycle,insertion,1443,4194304,1.00000000000000000,-0.000000000
4,5,4096,8388608,4194304,11,cycle,insertion,1444,4194304,1.00000000000000000,-0.000000000
4,5,4096,8388608,4194304,11,cycle,insertion,1445,4194304,1.00000000000000000,-0.000000000
4,5,4096,8388608,4194304,11,cycle,insertion,1446,4194304,1.00000000000000000,-0.000000000
4,5,4096,8388608,4194304,11,cycle,insertion,1447,4194304,1.00000000000000000,-0.000000000
4,5,4096,8388608,4194304,11,cycle,insertion,1448,4194304,1.00000000000000000,-0.000000000
4,5,4096,8388608,4194304,11,cycle,insertion,1449,4194304,1.00000000000000000,-0.000000000
4,5,4096,8388608,4194304,11,cycle,insertion,1450,4194304,1.00000000000000000,-0.000000000
4,5,4096,8388608,4194304,11,cycle,insertion,1451,4194304,1.00000000000000000,-0.000000000
4,5,4096,8388608,4194304,11,cycle,insertion,1452,4194304,1.00000000000000000,-0.000000000
4,5,4096,8388608,4194304,11,cycle,insertion,1453,4194304,1.00000000000000000,-0.000000000
4,5,4096,8388608,4194304,11,cycle,insertion,1454,4194304,1.00000000000000000,-0.000000000
4,5,4096,8388608,4194304,11,cycle,insertion,1455,4194304,1.00000000000000000,-0.000000000
4,5,4096,8388608,4194304,11,cycle,insertion,1456,4194304,1.00000000000000000,-0.000000000
4,5,4096,8388608,4194304,11,cycle,insertion,1457,4194304,1.00000000000000000,-0.000000000
4,5,4096,8388608,4194304,11,cycle,insertion,1458,4194304,1.00000000000000000,-0.000000000
4,5,4096,8388608,4194304,11,cycle,insertion,1459,4194304,1.00000000000000000,-0.000000000
4,5,4096,8388608,4194304,11,cycle,insertion,1460,4194304,1.00000000000000000,-0.000000000
4,5,4096,8388608,4194304,11,cycle,insertion,1461,4194304,1.00000000000000000,-0.000000000
4,5,4096,8388608,4194304,11,cycle,insertion,1462,4194304,1.00000000000000000,-0.000000000
4,5,4096,8388608,4194304,11,cycle,insertion,1463,4194304,1.00000000000000000,-0.000000000
4,5,4096,8388608,4194304,11,cycle,insertion,1464,4194304,1.00000000000000000,-0.000000000
4,5,4096,8388608,4194304,11,cycle,insertion,1465,4194304,1.00000000000000000,-0.000000000
4,5,4096,8388608,4194304,11,cycle,insertion,1466,4194304,1.00000000000000000,-0.000000000
4,5,4096,8388608,4194304,11,cycle,insertion,1467,4194304,1.00000000000000000,-0.000000000
4,5,4096,8388608,4194304,11,cycle,insertion,1468,4194304,1.00000000000000000,-0.000000000
4,5,4096,8388608,4194304,11,cycle,insertion,1469,4194304,1.00000000000000000,-0.000000000
4,5,4096,8388608,4194304,11,cycle,insertion,1470,4194304,1.00000000000000000,-0.000000000
4,5,4096,8388608,4194304,11,cycle,insertion,1471,4194304,1.00000000000000000,-0.000000000
4,5,4096,8388608,4194304,11,cycle,insertion,1472,4194304,1.00000000000000000,-0.000000000
4,5,4096,8388608,4194304,11,cycle,insertion,1473,4194304,1.00000000000000000,-0.000000000
4,5,4096,8388608,4194304,11,cycle,insertion,1474,4194304,1.00000000000000000,-0.000000000
4,5,4096,8388608,4194304,11,cycle,insertion,1475,4194304,1.00000000000000000,-0.000000000
4,5,4096,8388608,4194304,11,cycle,insertion,1476,4194304,1.00000000000000000,-0.000000000
4,5,4096,8388608,4194304,11,cycle,insertion,1477,4194304,1.00000000000000000,-0.000000000
4,5,4096,8388608,4194304,11,cycle,insertion,1478,4194304,1.00000000000000000,-0.000000000
4,5,4096,8388608,4194304,11,cycle,insertion,1479,4194304,1.00000000000000000,-0.000000000
4,5,4096,8388608,4194304,11,cycle,insertion,1480,4194304,1.00000000000000000,-0.000000000
4,5,4096,8388608,4194304,11,cycle,insertion,1481,4194304,1.00000000000000000,-0.000000000
4,5,4096,8388608,4194304,11,cycle,insertion,1482,4194304,1.00000000000000000,-0.000000000
4,5,4096,8388608,4194304,11,cycle,insertion,1483,4194304,1.00000000000000000,-0.000000000
4,5,4096,8388608,4194304,11,cycle,insertion,1484,4194304,1.00000000000000000,-0.000000000
4,5,4096,8388608,4194304,11,cycle,insertion,1485,4194304,1.00000000000000000,-0.000000000
4,5,4096,8388608,4194304,11,cycle,insertion,1486,4194304,1.00000000000000000,-0.000000000
4,5,4096,8388608,4194304,11,cycle,insertion,1487,4194304,1.00000000000000000,-0.000000000
4,5,4096,8388608,4194304,11,cycle,insertion,1488,4194304,1.00000000000000000,-0.000000000
4,5,4096,8388608,4194304,11,cycle,insertion,1489,4194304,1.00000000000000000,-0.000000000
4,5,4096,8388608,4194304,11,cycle,insertion,1490,4194304,1.00000000000000000,-0.000000000
4,5,4096,8388608,4194304,11,cycle,insertion,1491,4194304,1.00000000000000000,-0.000000000
4,5,4096,8388608,4194304,11,cycle,insertion,1492,4194304,1.00000000000000000,-0.000000000
4,5,4096,8388608,4194304,11,cycle,insertion,1493,4194304,1.00000000000000000,-0.000000000
4,5,4096,8388608,4194304,11,cycle,insertion,1494,4194304,1.00000000000000000,-0.000000000
4,5,4096,8388608,4194304,11,cycle,insertion,1495,4194304,1.00000000000000000,-0.000000000
4,5,4096,8388608,4194304,11,cycle,insertion,1496,4194304,1.00000000000000000,-0.000000000
4,5,4096,8388608,4194304,11,cycle,insertion,1497,4194304,1.00000000000000000,-0.000000000
4,5,4096,8388608,4194304,11,cycle,insertion,1498,4194304,1.00000000000000000,-0.000000000
4,5,4096,8388608,4194304,11,cycle,insertion,1499,4194304,1.00000000000000000,-0.000000000
4,5,4096,8388608,4194304,11,cycle,insertion,1500,4194304,1.00000000000000000,-0.000000000
4,5,4096,8388608,4194304,11,cycle,insertion,1501,4194304,1.00000000000000000,-0.000000000
4,5,4096,8388608,4194304,11,cycle,insertion,1502,4194304,1.00000000000000000,-0.000000000
4,5,4096,8388608,4194304,11,cycle,insertion,1503,4194304,1.00000000000000000,-0.000000000
4,5,4096,8388608,4194304,11,cycle,insertion,1504,4194304,1.00000000000000000,-0.000000000
4,5,4096,8388608,4194304,11,cycle,insertion,1505,4194304,1.00000000000000000,-0.000000000
4,5,4096,8388608,4194304,11,cycle,insertion,1506,4194304,1.00000000000000000,-0.000000000
4,5,4096,8388608,4194304,11,cycle,insertion,1507,4194304,1.00000000000000000,-0.000000000
4,5,4096,8388608,4194304,11,cycle,insertion,1508,4194304,1.00000000000000000,-0.000000000
4,5,4096,8388608,4194304,11,cycle,insertion,1509,4194304,1.00000000000000000,-0.000000000
4,5,4096,8388608,4194304,11,cycle,insertion,1510,4194304,1.00000000000000000,-0.000000000
4,5,4096,8388608,4194304,11,cycle,insertion,1511,4194304,1.00000000000000000,-0.000000000
4,5,4096,8388608,4194304,11,cycle,insertion,1512,4194304,1.00000000000000000,-0.000000000
4,5,4096,8388608,4194304,11,cycle,insertion,1513,4194304,1.00000000000000000,-0.000000000
4,5,4096,8388608,4194304,11,cycle,insertion,1514,4194304,1.00000000000000000,-0.000000000
4,5,4096,8388608,4194304,11,cycle,insertion,1515,4194304,1.00000000000000000,-0.000000000
4,5,4096,8388608,4194304,11,cycle,insertion,1516,4194304,1.00000000000000000,-0.000000000
4,5,4096,8388608,4194304,11,cycle,insertion,1517,4194304,1.00000000000000000,-0.000000000
4,5,4096,8388608,4194304,11,cycle,insertion,1518,4194304,1.00000000000000000,-0.000000000
4,5,4096,8388608,4194304,11,cycle,insertion,1519,4194304,1.00000000000000000,-0.000000000
4,5,4096,8388608,4194304,11,cycle,insertion,1520,4194304,1.00000000000000000,-0.000000000
4,5,4096,8388608,4194304,11,cycle,insertion,1521,4194304,1.00000000000000000,-0.000000000
4,5,4096,8388608,4194304,11,cycle,insertion,1522,4194304,1.00000000000000000,-0.000000000
4,5,4096,8388608,4194304,11,cycle,insertion,1523,4194304,1.00000000000000000,-0.000000000
4,5,4096,8388608,4194304,11,cycle,insertion,1524,4194304,1.00000000000000000,-0.000000000
4,5,4096,8388608,4194304,11,cycle,insertion,1525,4194304,1.00000000000000000,-0.000000000
4,5,4096,8388608,4194304,11,cycle,insertion,1526,4194304,1.00000000000000000,-0.000000000
4,5,4096,8388608,4194304,11,cycle,insertion,1527,4194304,1.00000000000000000,-0.000000000
4,5,4096,8388608,4194304,11,cycle,insertion,1528,4194304,1.00000000000000000,-0.000000000
4,5,4096,8388608,4194304,11,cycle,insertion,1529,4194304,1.00000000000000000,-0.000000000
4,5,4096,8388608,4194304,11,cycle,insertion,1530,4194304,1.00000000000000000,-0.000000000
4,5,4096,8388608,4194304,11,cycle,insertion,1531,4194304,1.00000000000000000,-0.000000000
4,5,4096,8388608,4194304,11,cycle,insertion,1532,4194304,1.00000000000000000,-0.000000000
4,5,4096,8388608,4194304,11,cycle,insertion,1533,4194304,1.00000000000000000,-0.000000000
4,5,4096,8388608,4194304,11,cycle,insertion,1534,4194304,1.00000000000000000,-0.000000000
4,5,4096,8388608,4194304,11,cycle,insertion,1535,4194304,1.00000000000000000,-0.000000000
4,5,4096,8388608,4194304,11,cycle,insertion,1536,4194304,1.00000000000000000,-0.000000000
4,5,4096,8388608,4194304,11,cycle,insertion,1537,4194304,1.00000000000000000,-0.000000000
4,5,4096,8388608,4194304,11,cycle,insertion,1538,4194304,1.00000000000000000,-0.000000000
4,5,4096,8388608,4194304,11,cycle,insertion,1539,4194304,1.00000000000000000,-0.000000000
4,5,4096,8388608,4194304,11,cycle,insertion,1540,4194304,1.00000000000000000,-0.000000000
4,5,4096,8388608,4194304,11,cycle,insertion,1541,4194304,1.00000000000000000,-0.000000000
4,5,4096,8388608,4194304,11,cycle,insertion,1542,4194304,1.00000000000000000,-0.000000000
4,5,4096,8388608,4194304,11,cycle,insertion,1543,4194304,1.00000000000000000,-0.000000000
4,5,4096,8388608,4194304,11,cycle,insertion,1544,4194304,1.00000000000000000,-0.000000000
4,5,4096,8388608,4194304,11,cycle,insertion,1545,4194304,1.00000000000000000,-0.000000000
4,5,4096,8388608,4194304,11,cycle,insertion,1546,4194304,1.00000000000000000,-0.000000000
4,5,4096,8388608,4194304,11,cycle,insertion,1547,4194304,1.00000000000000000,-0.000000000
4,5,4096,8388608,4194304,11,cycle,insertion,1548,4194304,1.00000000000000000,-0.000000000
4,5,4096,8388608,4194304,11,cycle,insertion,1549,4194304,1.00000000000000000,-0.000000000
4,5,4096,8388608,4194304,11,cycle,insertion,1550,4194304,1.00000000000000000,-0.000000000
4,5,4096,8388608,4194304,11,cycle,insertion,1551,4194304,1.00000000000000000,-0.000000000
4,5,4096,8388608,4194304,11,cycle,insertion,1552,4194304,1.00000000000000000,-0.000000000
4,5,4096,8388608,4194304,11,cycle,insertion,1553,4194304,1.00000000000000000,-0.000000000
4,5,4096,8388608,4194304,11,cycle,insertion,1554,4194304,1.00000000000000000,-0.000000000
4,5,4096,8388608,4194304,11,cycle,insertion,1555,4194304,1.00000000000000000,-0.000000000
4,5,4096,8388608,4194304,11,cycle,insertion,1556,4194304,1.00000000000000000,-0.000000000
4,5,4096,8388608,4194304,11,cycle,insertion,1557,4194304,1.00000000000000000,-0.000000000
4,5,4096,8388608,4194304,11,cycle,insertion,1558,4194304,1.00000000000000000,-0.000000000
4,5,4096,8388608,4194304,11,cycle,insertion,1559,4194304,1.00000000000000000,-0.000000000
4,5,4096,8388608,4194304,11,cycle,insertion,1560,4194304,1.00000000000000000,-0.000000000
4,5,4096,8388608,4194304,11,cycle,insertion,1561,4194304,1.00000000000000000,-0.000000000
4,5,4096,8388608,4194304,11,cycle,insertion,1562,4194304,1.00000000000000000,-0.000000000
4,5,4096,8388608,4194304,11,cycle,insertion,1563,4194304,1.00000000000000000,-0.000000000
4,5,4096,8388608,4194304,11,cycle,insertion,1564,4194304,1.00000000000000000,-0.000000000
4,5,4096,8388608,4194304,11,cycle,insertion,1565,4194304,1.00000000000000000,-0.000000000
4,5,4096,8388608,4194304,11,cycle,insertion,1566,4194304,1.00000000000000000,-0.000000000
4,5,4096,8388608,4194304,11,cycle,insertion,1567,4194304,1.00000000000000000,-0.000000000
4,5,4096,8388608,4194304,11,cycle,insertion,1568,4194304,1.00000000000000000,-0.000000000
4,5,4096,8388608,4194304,11,cycle,insertion,1569,4194304,1.00000000000000000,-0.000000000
4,5,4096,8388608,4194304,11,cycle,insertion,1570,4194304,1.00000000000000000,-0.000000000
4,5,4096,8388608,4194304,11,cycle,insertion,1571,4194304,1.00000000000000000,-0.000000000
4,5,4096,8388608,4194304,11,cycle,insertion,1572,4194304,1.00000000000000000,-0.000000000
4,5,4096,8388608,4194304,11,cycle,insertion,1573,4194304,1.00000000000000000,-0.000000000
4,5,4096,8388608,4194304,11,cycle,insertion,1574,4194304,1.00000000000000000,-0.000000000
4,5,4096,8388608,4194304,11,cycle,insertion,1575,4194304,1.00000000000000000,-0.000000000
4,5,4096,8388608,4194304,11,cycle,insertion,1576,4194304,1.00000000000000000,-0.000000000
4,5,4096,8388608,4194304,11,cycle,insertion,1577,4194304,1.00000000000000000,-0.000000000
4,5,4096,8388608,4194304,11,cycle,insertion,1578,4194304,1.00000000000000000,-0.000000000
4,5,4096,8388608,4194304,11,cycle,insertion,1579,4194304,1.00000000000000000,-0.000000000
4,5,4096,8388608,4194304,11,cycle,insertion,1580,4194304,1.00000000000000000,-0.000000000
4,5,4096,8388608,4194304,11,cycle,insertion,1581,4194304,1.00000000000000000,-0.000000000
4,5,4096,8388608,4194304,11,cycle,insertion,1582,4194304,1.00000000000000000,-0.000000000
4,5,4096,8388608,4194304,11,cycle,insertion,1583,4194304,1.00000000000000000,-0.000000000
4,5,4096,8388608,4194304,11,cycle,insertion,1584,4194304,1.00000000000000000,-0.000000000
4,5,4096,8388608,4194304,11,cycle,insertion,1585,4194304,1.00000000000000000,-0.000000000
4,5,4096,8388608,4194304,11,cycle,insertion,1586,4194304,1.00000000000000000,-0.000000000
4,5,4096,8388608,4194304,11,cycle,insertion,1587,4194304,1.00000000000000000,-0.000000000
4,5,4096,8388608,4194304,11,cycle,insertion,1588,4194304,1.00000000000000000,-0.000000000
4,5,4096,8388608,4194304,11,cycle,insertion,1589,4194304,1.00000000000000000,-0.000000000
4,5,4096,8388608,4194304,11,cycle,insertion,1590,4194304,1.00000000000000000,-0.000000000
4,5,4096,8388608,4194304,11,cycle,insertion,1591,4194304,1.00000000000000000,-0.000000000
4,5,4096,8388608,4194304,11,cycle,insertion,1592,4194304,1.00000000000000000,-0.000000000
4,5,4096,8388608,4194304,11,cycle,insertion,1593,4194304,1.00000000000000000,-0.000000000
4,5,4096,8388608,4194304,11,cycle,insertion,1594,4194304,1.00000000000000000,-0.000000000
4,5,4096,8388608,4194304,11,cycle,insertion,1595,4194304,1.00000000000000000,-0.000000000
4,5,4096,8388608,4194304,11,cycle,insertion,1596,4194304,1.00000000000000000,-0.000000000
4,5,4096,8388608,4194304,11,cycle,insertion,1597,4194304,1.00000000000000000,-0.000000000
4,5,4096,8388608,4194304,11,cycle,insertion,1598,4194304,1.00000000000000000,-0.000000000
4,5,4096,8388608,4194304,11,cycle,insertion,1599,4194304,1.00000000000000000,-0.000000000
4,5,4096,8388608,4194304,11,cycle,insertion,1600,4194304,1.00000000000000000,-0.000000000
4,5,4096,8388608,4194304,11,cycle,insertion,1601,4194304,1.00000000000000000,-0.000000000
4,5,4096,8388608,4194304,11,cycle,insertion,1602,4194304,1.00000000000000000,-0.000000000
4,5,4096,8388608,4194304,11,cycle,insertion,1603,4194304,1.00000000000000000,-0.000000000
4,5,4096,8388608,4194304,11,cycle,insertion,1604,4194304,1.00000000000000000,-0.000000000
4,5,4096,8388608,4194304,11,cycle,insertion,1605,4194304,1.00000000000000000,-0.000000000
4,5,4096,8388608,4194304,11,cycle,insertion,1606,4194304,1.00000000000000000,-0.000000000
4,5,4096,8388608,4194304,11,cycle,insertion,1607,4194304,1.00000000000000000,-0.000000000
4,5,4096,8388608,4194304,11,cycle,insertion,1608,4194304,1.00000000000000000,-0.000000000
4,5,4096,8388608,4194304,11,cycle,insertion,1609,4194304,1.00000000000000000,-0.000000000
4,5,4096,8388608,4194304,11,cycle,insertion,1610,4194304,1.00000000000000000,-0.000000000
4,5,4096,8388608,4194304,11,cycle,insertion,1611,4194304,1.00000000000000000,-0.000000000
4,5,4096,8388608,4194304,11,cycle,insertion,1612,4194304,1.00000000000000000,-0.000000000
4,5,4096,8388608,4194304,11,cycle,insertion,1613,4194304,1.00000000000000000,-0.000000000
4,5,4096,8388608,4194304,11,cycle,insertion,1614,4194304,1.00000000000000000,-0.000000000
4,5,4096,8388608,4194304,11,cycle,insertion,1615,4194304,1.00000000000000000,-0.000000000
4,5,4096,8388608,4194304,11,cycle,insertion,1616,4194304,1.00000000000000000,-0.000000000
4,5,4096,8388608,4194304,11,cycle,insertion,1617,4194304,1.00000000000000000,-0.000000000
4,5,4096,8388608,4194304,11,cycle,insertion,1618,4194304,1.00000000000000000,-0.000000000
4,5,4096,8388608,4194304,11,cycle,insertion,1619,4194304,1.00000000000000000,-0.000000000
4,5,4096,8388608,4194304,11,cycle,insertion,1620,4194304,1.00000000000000000,-0.000000000
4,5,4096,8388608,4194304,11,cycle,insertion,1621,4194304,1.00000000000000000,-0.000000000
4,5,4096,8388608,4194304,11,cycle,insertion,1622,4194304,1.00000000000000000,-0.000000000
4,5,4096,8388608,4194304,11,cycle,insertion,1623,4194304,1.00000000000000000,-0.000000000
4,5,4096,8388608,4194304,11,cycle,insertion,1624,4194304,1.00000000000000000,-0.000000000
4,5,4096,8388608,4194304,11,cycle,insertion,1625,4194304,1.00000000000000000,-0.000000000
4,5,4096,8388608,4194304,11,cycle,insertion,1626,4194304,1.00000000000000000,-0.000000000
4,5,4096,8388608,4194304,11,cycle,insertion,1627,4194304,1.00000000000000000,-0.000000000
4,5,4096,8388608,4194304,11,cycle,insertion,1628,4194304,1.00000000000000000,-0.000000000
4,5,4096,8388608,4194304,11,cycle,insertion,1629,4194304,1.00000000000000000,-0.000000000
4,5,4096,8388608,4194304,11,cycle,insertion,1630,4194304,1.00000000000000000,-0.000000000
4,5,4096,8388608,4194304,11,cycle,insertion,1631,4194304,1.00000000000000000,-0.000000000
4,5,4096,8388608,4194304,11,cycle,insertion,1632,4194304,1.00000000000000000,-0.000000000
4,5,4096,8388608,4194304,11,cycle,insertion,1633,4194304,1.00000000000000000,-0.000000000
4,5,4096,8388608,4194304,11,cycle,insertion,1634,4194304,1.00000000000000000,-0.000000000
4,5,4096,8388608,4194304,11,cycle,insertion,1635,4194304,1.00000000000000000,-0.000000000
4,5,4096,8388608,4194304,11,cycle,insertion,1636,4194304,1.00000000000000000,-0.000000000
4,5,4096,8388608,4194304,11,cycle,insertion,1637,4194304,1.00000000000000000,-0.000000000
4,5,4096,8388608,4194304,11,cycle,insertion,1638,4194304,1.00000000000000000,-0.000000000
4,5,4096,8388608,4194304,11,cycle,insertion,1639,4194304,1.00000000000000000,-0.000000000
4,5,4096,8388608,4194304,11,cycle,insertion,1640,4194304,1.00000000000000000,-0.000000000
4,5,4096,8388608,4194304,11,cycle,insertion,1641,4194304,1.00000000000000000,-0.000000000
4,5,4096,8388608,4194304,11,cycle,insertion,1642,4194304,1.00000000000000000,-0.000000000
4,5,4096,8388608,4194304,11,cycle,insertion,1643,4194304,1.00000000000000000,-0.000000000
4,5,4096,8388608,4194304,11,cycle,insertion,1644,4194304,1.00000000000000000,-0.000000000
4,5,4096,8388608,4194304,11,cycle,insertion,1645,4194304,1.00000000000000000,-0.000000000
4,5,4096,8388608,4194304,11,cycle,insertion,1646,4194304,1.00000000000000000,-0.000000000
4,5,4096,8388608,4194304,11,cycle,insertion,1647,4194304,1.00000000000000000,-0.000000000
4,5,4096,8388608,4194304,11,cycle,insertion,1648,4194304,1.00000000000000000,-0.000000000
4,5,4096,8388608,4194304,11,cycle,insertion,1649,4194304,1.00000000000000000,-0.000000000
4,5,4096,8388608,4194304,11,cycle,insertion,1650,4194304,1.00000000000000000,-0.000000000
4,5,4096,8388608,4194304,11,cycle,insertion,1651,4194304,1.00000000000000000,-0.000000000
4,5,4096,8388608,4194304,11,cycle,insertion,1652,4194304,1.00000000000000000,-0.000000000
4,5,4096,8388608,4194304,11,cycle,insertion,1653,4194304,1.00000000000000000,-0.000000000
4,5,4096,8388608,4194304,11,cycle,insertion,1654,4194304,1.00000000000000000,-0.000000000
4,5,4096,8388608,4194304,11,cycle,insertion,1655,4194304,1.00000000000000000,-0.000000000
4,5,4096,8388608,4194304,11,cycle,insertion,1656,4194304,1.00000000000000000,-0.000000000
4,5,4096,8388608,4194304,11,cycle,insertion,1657,4194304,1.00000000000000000,-0.000000000
4,5,4096,8388608,4194304,11,cycle,insertion,1658,4194304,1.00000000000000000,-0.000000000
4,5,4096,8388608,4194304,11,cycle,insertion,1659,4194304,1.00000000000000000,-0.000000000
4,5,4096,8388608,4194304,11,cycle,insertion,1660,4194304,1.00000000000000000,-0.000000000
4,5,4096,8388608,4194304,11,cycle,insertion,1661,4194304,1.00000000000000000,-0.000000000
4,5,4096,8388608,4194304,11,cycle,insertion,1662,4194304,1.00000000000000000,-0.000000000
4,5,4096,8388608,4194304,11,cycle,insertion,1663,4194304,1.00000000000000000,-0.000000000
4,5,4096,8388608,4194304,11,cycle,insertion,1664,4194304,1.00000000000000000,-0.000000000
4,5,4096,8388608,4194304,11,cycle,insertion,1665,4194304,1.00000000000000000,-0.000000000
4,5,4096,8388608,4194304,11,cycle,insertion,1666,4194304,1.00000000000000000,-0.000000000
4,5,4096,8388608,4194304,11,cycle,insertion,1667,4194304,1.00000000000000000,-0.000000000
4,5,4096,8388608,4194304,11,cycle,insertion,1668,4194304,1.00000000000000000,-0.000000000
4,5,4096,8388608,4194304,11,cycle,insertion,1669,4194304,1.00000000000000000,-0.000000000
4,5,4096,8388608,4194304,11,cycle,insertion,1670,4194304,1.00000000000000000,-0.000000000
4,5,4096,8388608,4194304,11,cycle,insertion,1671,4194304,1.00000000000000000,-0.000000000
4,5,4096,8388608,4194304,11,cycle,insertion,1672,4194304,1.00000000000000000,-0.000000000
4,5,4096,8388608,4194304,11,cycle,insertion,1673,4194304,1.00000000000000000,-0.000000000
4,5,4096,8388608,4194304,11,cycle,insertion,1674,4194304,1.00000000000000000,-0.000000000
4,5,4096,8388608,4194304,11,cycle,insertion,1675,4194304,1.00000000000000000,-0.000000000
4,5,4096,8388608,4194304,11,cycle,insertion,1676,4194304,1.00000000000000000,-0.000000000
4,5,4096,8388608,4194304,11,cycle,insertion,1677,4194304,1.00000000000000000,-0.000000000
4,5,4096,8388608,4194304,11,cycle,insertion,1678,4194304,1.00000000000000000,-0.000000000
4,5,4096,8388608,4194304,11,cycle,insertion,1679,4194304,1.00000000000000000,-0.000000000
4,5,4096,8388608,4194304,11,cycle,insertion,1680,4194304,1.00000000000000000,-0.000000000
4,5,4096,8388608,4194304,11,cycle,insertion,1681,4194304,1.00000000000000000,-0.000000000
4,5,4096,8388608,4194304,11,cycle,insertion,1682,4194304,1.00000000000000000,-0.000000000
4,5,4096,8388608,4194304,11,cycle,insertion,1683,4194304,1.00000000000000000,-0.000000000
4,5,4096,8388608,4194304,11,cycle,insertion,1684,4194304,1.00000000000000000,-0.000000000
4,5,4096,8388608,4194304,11,cycle,insertion,1685,4194304,1.00000000000000000,-0.000000000
4,5,4096,8388608,4194304,11,cycle,insertion,1686,4194304,1.00000000000000000,-0.000000000
4,5,4096,8388608,4194304,11,cycle,insertion,1687,4194304,1.00000000000000000,-0.000000000
4,5,4096,8388608,4194304,11,cycle,insertion,1688,4194304,1.00000000000000000,-0.000000000
4,5,4096,8388608,4194304,11,cycle,insertion,1689,4194304,1.00000000000000000,-0.000000000
4,5,4096,8388608,4194304,11,cycle,insertion,1690,4194304,1.00000000000000000,-0.000000000
4,5,4096,8388608,4194304,11,cycle,insertion,1691,4194304,1.00000000000000000,-0.000000000
4,5,4096,8388608,4194304,11,cycle,insertion,1692,4194304,1.00000000000000000,-0.000000000
4,5,4096,8388608,4194304,11,cycle,insertion,1693,4194304,1.00000000000000000,-0.000000000
4,5,4096,8388608,4194304,11,cycle,insertion,1694,4194304,1.00000000000000000,-0.000000000
4,5,4096,8388608,4194304,11,cycle,insertion,1695,4194304,1.00000000000000000,-0.000000000
4,5,4096,8388608,4194304,11,cycle,insertion,1696,4194304,1.00000000000000000,-0.000000000
4,5,4096,8388608,4194304,11,cycle,insertion,1697,4194304,1.00000000000000000,-0.000000000
4,5,4096,8388608,4194304,11,cycle,insertion,1698,4194304,1.00000000000000000,-0.000000000
4,5,4096,8388608,4194304,11,cycle,insertion,1699,4194304,1.00000000000000000,-0.000000000
4,5,4096,8388608,4194304,11,cycle,insertion,1700,4194304,1.00000000000000000,-0.000000000
4,5,4096,8388608,4194304,11,cycle,insertion,1701,4194304,1.00000000000000000,-0.000000000
4,5,4096,8388608,4194304,11,cycle,insertion,1702,4194304,1.00000000000000000,-0.000000000
4,5,4096,8388608,4194304,11,cycle,insertion,1703,4194304,1.00000000000000000,-0.000000000
4,5,4096,8388608,4194304,11,cycle,insertion,1704,4194304,1.00000000000000000,-0.000000000
4,5,4096,8388608,4194304,11,cycle,insertion,1705,4194304,1.00000000000000000,-0.000000000
4,5,4096,8388608,4194304,11,cycle,insertion,1706,4194304,1.00000000000000000,-0.000000000
4,5,4096,8388608,4194304,11,cycle,insertion,1707,4194304,1.00000000000000000,-0.000000000
4,5,4096,8388608,4194304,11,cycle,insertion,1708,4194304,1.00000000000000000,-0.000000000
4,5,4096,8388608,4194304,11,cycle,insertion,1709,4194304,1.00000000000000000,-0.000000000
4,5,4096,8388608,4194304,11,cycle,insertion,1710,4194304,1.00000000000000000,-0.000000000
4,5,4096,8388608,4194304,11,cycle,insertion,1711,4194304,1.00000000000000000,-0.000000000
4,5,4096,8388608,4194304,11,cycle,insertion,1712,4194304,1.00000000000000000,-0.000000000
4,5,4096,8388608,4194304,11,cycle,insertion,1713,4194304,1.00000000000000000,-0.000000000
4,5,4096,8388608,4194304,11,cycle,insertion,1714,4194304,1.00000000000000000,-0.000000000
4,5,4096,8388608,4194304,11,cycle,insertion,1715,4194304,1.00000000000000000,-0.000000000
4,5,4096,8388608,4194304,11,cycle,insertion,1716,4194304,1.00000000000000000,-0.000000000
4,5,4096,8388608,4194304,11,cycle,insertion,1717,4194304,1.00000000000000000,-0.000000000
4,5,4096,8388608,4194304,11,cycle,insertion,1718,4194304,1.00000000000000000,-0.000000000
4,5,4096,8388608,4194304,11,cycle,insertion,1719,4194304,1.00000000000000000,-0.000000000
4,5,4096,8388608,4194304,11,cycle,insertion,1720,4194304,1.00000000000000000,-0.000000000
4,5,4096,8388608,4194304,11,cycle,insertion,1721,4194304,1.00000000000000000,-0.000000000
4,5,4096,8388608,4194304,11,cycle,insertion,1722,4194304,1.00000000000000000,-0.000000000
4,5,4096,8388608,4194304,11,cycle,insertion,1723,4194304,1.00000000000000000,-0.000000000
4,5,4096,8388608,4194304,11,cycle,insertion,1724,4194304,1.00000000000000000,-0.000000000
4,5,4096,8388608,4194304,11,cycle,insertion,1725,4194304,1.00000000000000000,-0.000000000
4,5,4096,8388608,4194304,11,cycle,insertion,1726,4194304,1.00000000000000000,-0.000000000
4,5,4096,8388608,4194304,11,cycle,insertion,1727,4194304,1.00000000000000000,-0.000000000
4,5,4096,8388608,4194304,11,cycle,insertion,1728,4194304,1.00000000000000000,-0.000000000
4,5,4096,8388608,4194304,11,cycle,insertion,1729,4194304,1.00000000000000000,-0.000000000
4,5,4096,8388608,4194304,11,cycle,insertion,1730,4194304,1.00000000000000000,-0.000000000
4,5,4096,8388608,4194304,11,cycle,insertion,1731,4194304,1.00000000000000000,-0.000000000
4,5,4096,8388608,4194304,11,cycle,insertion,1732,4194304,1.00000000000000000,-0.000000000
4,5,4096,8388608,4194304,11,cycle,insertion,1733,4194304,1.00000000000000000,-0.000000000
4,5,4096,8388608,4194304,11,cycle,insertion,1734,4194304,1.00000000000000000,-0.000000000
4,5,4096,8388608,4194304,11,cycle,insertion,1735,4194304,1.00000000000000000,-0.000000000
4,5,4096,8388608,4194304,11,cycle,insertion,1736,4194304,1.00000000000000000,-0.000000000
4,5,4096,8388608,4194304,11,cycle,insertion,1737,4194304,1.00000000000000000,-0.000000000
4,5,4096,8388608,4194304,11,cycle,insertion,1738,4194304,1.00000000000000000,-0.000000000
4,5,4096,8388608,4194304,11,cycle,insertion,1739,4194304,1.00000000000000000,-0.000000000
4,5,4096,8388608,4194304,11,cycle,insertion,1740,4194304,1.00000000000000000,-0.000000000
4,5,4096,8388608,4194304,11,cycle,insertion,1741,4194304,1.00000000000000000,-0.000000000
4,5,4096,8388608,4194304,11,cycle,insertion,1742,4194304,1.00000000000000000,-0.000000000
4,5,4096,8388608,4194304,11,cycle,insertion,1743,4194304,1.00000000000000000,-0.000000000
4,5,4096,8388608,4194304,11,cycle,insertion,1744,4194304,1.00000000000000000,-0.000000000
4,5,4096,8388608,4194304,11,cycle,insertion,1745,4194304,1.00000000000000000,-0.000000000
4,5,4096,8388608,4194304,11,cycle,insertion,1746,4194304,1.00000000000000000,-0.000000000
4,5,4096,8388608,4194304,11,cycle,insertion,1747,4194304,1.00000000000000000,-0.000000000
4,5,4096,8388608,4194304,11,cycle,insertion,1748,4194304,1.00000000000000000,-0.000000000
4,5,4096,8388608,4194304,11,cycle,insertion,1749,4194304,1.00000000000000000,-0.000000000
4,5,4096,8388608,4194304,11,cycle,insertion,1750,4194304,1.00000000000000000,-0.000000000
4,5,4096,8388608,4194304,11,cycle,insertion,1751,4194304,1.00000000000000000,-0.000000000
4,5,4096,8388608,4194304,11,cycle,insertion,1752,4194304,1.00000000000000000,-0.000000000
4,5,4096,8388608,4194304,11,cycle,insertion,1753,4194304,1.00000000000000000,-0.000000000
4,5,4096,8388608,4194304,11,cycle,insertion,1754,4194304,1.00000000000000000,-0.000000000
4,5,4096,8388608,4194304,11,cycle,insertion,1755,4194304,1.00000000000000000,-0.000000000
4,5,4096,8388608,4194304,11,cycle,insertion,1756,4194304,1.00000000000000000,-0.000000000
4,5,4096,8388608,4194304,11,cycle,insertion,1757,4194304,1.00000000000000000,-0.000000000
4,5,4096,8388608,4194304,11,cycle,insertion,1758,4194304,1.00000000000000000,-0.000000000
4,5,4096,8388608,4194304,11,cycle,insertion,1759,4194304,1.00000000000000000,-0.000000000
4,5,4096,8388608,4194304,11,cycle,insertion,1760,4194304,1.00000000000000000,-0.000000000
4,5,4096,8388608,4194304,11,cycle,insertion,1761,4194304,1.00000000000000000,-0.000000000
4,5,4096,8388608,4194304,11,cycle,insertion,1762,4194304,1.00000000000000000,-0.000000000
4,5,4096,8388608,4194304,11,cycle,insertion,1763,4194304,1.00000000000000000,-0.000000000
4,5,4096,8388608,4194304,11,cycle,insertion,1764,4194304,1.00000000000000000,-0.000000000
4,5,4096,8388608,4194304,11,cycle,insertion,1765,4194304,1.00000000000000000,-0.000000000
4,5,4096,8388608,4194304,11,cycle,insertion,1766,4194304,1.00000000000000000,-0.000000000
4,5,4096,8388608,4194304,11,cycle,insertion,1767,4194304,1.00000000000000000,-0.000000000
4,5,4096,8388608,4194304,11,cycle,insertion,1768,4194304,1.00000000000000000,-0.000000000
4,5,4096,8388608,4194304,11,cycle,insertion,1769,4194304,1.00000000000000000,-0.000000000
4,5,4096,8388608,4194304,11,cycle,insertion,1770,4194304,1.00000000000000000,-0.000000000
4,5,4096,8388608,4194304,11,cycle,insertion,1771,4194304,1.00000000000000000,-0.000000000
4,5,4096,8388608,4194304,11,cycle,insertion,1772,4194304,1.00000000000000000,-0.000000000
4,5,4096,8388608,4194304,11,cycle,insertion,1773,4194304,1.00000000000000000,-0.000000000
4,5,4096,8388608,4194304,11,cycle,insertion,1774,4194304,1.00000000000000000,-0.000000000
4,5,4096,8388608,4194304,11,cycle,insertion,1775,4194304,1.00000000000000000,-0.000000000
4,5,4096,8388608,4194304,11,cycle,insertion,1776,4194304,1.00000000000000000,-0.000000000
4,5,4096,8388608,4194304,11,cycle,insertion,1777,4194304,1.00000000000000000,-0.000000000
4,5,4096,8388608,4194304,11,cycle,insertion,1778,4194304,1.00000000000000000,-0.000000000
4,5,4096,8388608,4194304,11,cycle,insertion,1779,4194304,1.00000000000000000,-0.000000000
4,5,4096,8388608,4194304,11,cycle,insertion,1780,4194304,1.00000000000000000,-0.000000000
4,5,4096,8388608,4194304,11,cycle,insertion,1781,4194304,1.00000000000000000,-0.000000000
4,5,4096,8388608,4194304,11,cycle,insertion,1782,4194304,1.00000000000000000,-0.000000000
4,5,4096,8388608,4194304,11,cycle,insertion,1783,4194304,1.00000000000000000,-0.000000000
4,5,4096,8388608,4194304,11,cycle,insertion,1784,4194304,1.00000000000000000,-0.000000000
4,5,4096,8388608,4194304,11,cycle,insertion,1785,4194304,1.00000000000000000,-0.000000000
4,5,4096,8388608,4194304,11,cycle,insertion,1786,4194304,1.00000000000000000,-0.000000000
4,5,4096,8388608,4194304,11,cycle,insertion,1787,4194304,1.00000000000000000,-0.000000000
4,5,4096,8388608,4194304,11,cycle,insertion,1788,4194304,1.00000000000000000,-0.000000000
4,5,4096,8388608,4194304,11,cycle,insertion,1789,4194304,1.00000000000000000,-0.000000000
4,5,4096,8388608,4194304,11,cycle,insertion,1790,4194304,1.00000000000000000,-0.000000000
4,5,4096,8388608,4194304,11,cycle,insertion,1791,4194304,1.00000000000000000,-0.000000000
4,5,4096,8388608,4194304,11,cycle,insertion,1792,4194304,1.00000000000000000,-0.000000000
4,5,4096,8388608,4194304,11,cycle,insertion,1793,4194304,1.00000000000000000,-0.000000000
4,5,4096,8388608,4194304,11,cycle,insertion,1794,4194304,1.00000000000000000,-0.000000000
4,5,4096,8388608,4194304,11,cycle,insertion,1795,4194304,1.00000000000000000,-0.000000000
4,5,4096,8388608,4194304,11,cycle,insertion,1796,4194304,1.00000000000000000,-0.000000000
4,5,4096,8388608,4194304,11,cycle,insertion,1797,4194304,1.00000000000000000,-0.000000000
4,5,4096,8388608,4194304,11,cycle,insertion,1798,4194304,1.00000000000000000,-0.000000000
4,5,4096,8388608,4194304,11,cycle,insertion,1799,4194304,1.00000000000000000,-0.000000000
4,5,4096,8388608,4194304,11,cycle,insertion,1800,4194304,1.00000000000000000,-0.000000000
4,5,4096,8388608,4194304,11,cycle,insertion,1801,4194304,1.00000000000000000,-0.000000000
4,5,4096,8388608,4194304,11,cycle,insertion,1802,4194304,1.00000000000000000,-0.000000000
4,5,4096,8388608,4194304,11,cycle,insertion,1803,4194304,1.00000000000000000,-0.000000000
4,5,4096,8388608,4194304,11,cycle,insertion,1804,4194304,1.00000000000000000,-0.000000000
4,5,4096,8388608,4194304,11,cycle,insertion,1805,4194304,1.00000000000000000,-0.000000000
4,5,4096,8388608,4194304,11,cycle,insertion,1806,4194304,1.00000000000000000,-0.000000000
4,5,4096,8388608,4194304,11,cycle,insertion,1807,4194304,1.00000000000000000,-0.000000000
4,5,4096,8388608,4194304,11,cycle,insertion,1808,4194304,1.00000000000000000,-0.000000000
4,5,4096,8388608,4194304,11,cycle,insertion,1809,4194304,1.00000000000000000,-0.000000000
4,5,4096,8388608,4194304,11,cycle,insertion,1810,4194304,1.00000000000000000,-0.000000000
4,5,4096,8388608,4194304,11,cycle,insertion,1811,4194304,1.00000000000000000,-0.000000000
4,5,4096,8388608,4194304,11,cycle,insertion,1812,4194304,1.00000000000000000,-0.000000000
4,5,4096,8388608,4194304,11,cycle,insertion,1813,4194304,1.00000000000000000,-0.000000000
4,5,4096,8388608,4194304,11,cycle,insertion,1814,4194304,1.00000000000000000,-0.000000000
4,5,4096,8388608,4194304,11,cycle,insertion,1815,4194304,1.00000000000000000,-0.000000000
4,5,4096,8388608,4194304,11,cycle,insertion,1816,4194304,1.00000000000000000,-0.000000000
4,5,4096,8388608,4194304,11,cycle,insertion,1817,4194304,1.00000000000000000,-0.000000000
4,5,4096,8388608,4194304,11,cycle,insertion,1818,4194304,1.00000000000000000,-0.000000000
4,5,4096,8388608,4194304,11,cycle,insertion,1819,4194304,1.00000000000000000,-0.000000000
4,5,4096,8388608,4194304,11,cycle,insertion,1820,4194304,1.00000000000000000,-0.000000000
4,5,4096,8388608,4194304,11,cycle,insertion,1821,4194304,1.00000000000000000,-0.000000000
4,5,4096,8388608,4194304,11,cycle,insertion,1822,4194304,1.00000000000000000,-0.000000000
4,5,4096,8388608,4194304,11,cycle,insertion,1823,4194304,1.00000000000000000,-0.000000000
4,5,4096,8388608,4194304,11,cycle,insertion,1824,4194304,1.00000000000000000,-0.000000000
4,5,4096,8388608,4194304,11,cycle,insertion,1825,4194304,1.00000000000000000,-0.000000000
4,5,4096,8388608,4194304,11,cycle,insertion,1826,4194304,1.00000000000000000,-0.000000000
4,5,4096,8388608,4194304,11,cycle,insertion,1827,4194304,1.00000000000000000,-0.000000000
4,5,4096,8388608,4194304,11,cycle,insertion,1828,4194304,1.00000000000000000,-0.000000000
4,5,4096,8388608,4194304,11,cycle,insertion,1829,4194304,1.00000000000000000,-0.000000000
4,5,4096,8388608,4194304,11,cycle,insertion,1830,4194304,1.00000000000000000,-0.000000000
4,5,4096,8388608,4194304,11,cycle,insertion,1831,4194304,1.00000000000000000,-0.000000000
4,5,4096,8388608,4194304,11,cycle,insertion,1832,4194304,1.00000000000000000,-0.000000000
4,5,4096,8388608,4194304,11,cycle,insertion,1833,4194304,1.00000000000000000,-0.000000000
4,5,4096,8388608,4194304,11,cycle,insertion,1834,4194304,1.00000000000000000,-0.000000000
4,5,4096,8388608,4194304,11,cycle,insertion,1835,4194304,1.00000000000000000,-0.000000000
4,5,4096,8388608,4194304,11,cycle,insertion,1836,4194304,1.00000000000000000,-0.000000000
4,5,4096,8388608,4194304,11,cycle,insertion,1837,4194304,1.00000000000000000,-0.000000000
4,5,4096,8388608,4194304,11,cycle,insertion,1838,4194304,1.00000000000000000,-0.000000000
4,5,4096,8388608,4194304,11,cycle,insertion,1839,4194304,1.00000000000000000,-0.000000000
4,5,4096,8388608,4194304,11,cycle,insertion,1840,4194304,1.00000000000000000,-0.000000000
4,5,4096,8388608,4194304,11,cycle,insertion,1841,4194304,1.00000000000000000,-0.000000000
4,5,4096,8388608,4194304,11,cycle,insertion,1842,4194304,1.00000000000000000,-0.000000000
4,5,4096,8388608,4194304,11,cycle,insertion,1843,4194304,1.00000000000000000,-0.000000000
4,5,4096,8388608,4194304,11,cycle,insertion,1844,4194304,1.00000000000000000,-0.000000000
4,5,4096,8388608,4194304,11,cycle,insertion,1845,4194304,1.00000000000000000,-0.000000000
4,5,4096,8388608,4194304,11,cycle,insertion,1846,4194304,1.00000000000000000,-0.000000000
4,5,4096,8388608,4194304,11,cycle,insertion,1847,4194304,1.00000000000000000,-0.000000000
4,5,4096,8388608,4194304,11,cycle,insertion,1848,4194304,1.00000000000000000,-0.000000000
4,5,4096,8388608,4194304,11,cycle,insertion,1849,4194304,1.00000000000000000,-0.000000000
4,5,4096,8388608,4194304,11,cycle,insertion,1850,4194304,1.00000000000000000,-0.000000000
4,5,4096,8388608,4194304,11,cycle,insertion,1851,4194304,1.00000000000000000,-0.000000000
4,5,4096,8388608,4194304,11,cycle,insertion,1852,4194304,1.00000000000000000,-0.000000000
4,5,4096,8388608,4194304,11,cycle,insertion,1853,4194304,1.00000000000000000,-0.000000000
4,5,4096,8388608,4194304,11,cycle,insertion,1854,4194304,1.00000000000000000,-0.000000000
4,5,4096,8388608,4194304,11,cycle,insertion,1855,4194304,1.00000000000000000,-0.000000000
4,5,4096,8388608,4194304,11,cycle,insertion,1856,4194304,1.00000000000000000,-0.000000000
4,5,4096,8388608,4194304,11,cycle,insertion,1857,4194304,1.00000000000000000,-0.000000000
4,5,4096,8388608,4194304,11,cycle,insertion,1858,4194304,1.00000000000000000,-0.000000000
4,5,4096,8388608,4194304,11,cycle,insertion,1859,4194304,1.00000000000000000,-0.000000000
4,5,4096,8388608,4194304,11,cycle,insertion,1860,4194304,1.00000000000000000,-0.000000000
4,5,4096,8388608,4194304,11,cycle,insertion,1861,4194304,1.00000000000000000,-0.000000000
4,5,4096,8388608,4194304,11,cycle,insertion,1862,4194304,1.00000000000000000,-0.000000000
4,5,4096,8388608,4194304,11,cycle,insertion,1863,4194304,1.00000000000000000,-0.000000000
4,5,4096,8388608,4194304,11,cycle,insertion,1864,4194304,1.00000000000000000,-0.000000000
4,5,4096,8388608,4194304,11,cycle,insertion,1865,4194304,1.00000000000000000,-0.000000000
4,5,4096,8388608,4194304,11,cycle,insertion,1866,4194304,1.00000000000000000,-0.000000000
4,5,4096,8388608,4194304,11,cycle,insertion,1867,4194304,1.00000000000000000,-0.000000000
4,5,4096,8388608,4194304,11,cycle,insertion,1868,4194304,1.00000000000000000,-0.000000000
4,5,4096,8388608,4194304,11,cycle,insertion,1869,4194304,1.00000000000000000,-0.000000000
4,5,4096,8388608,4194304,11,cycle,insertion,1870,4194304,1.00000000000000000,-0.000000000
4,5,4096,8388608,4194304,11,cycle,insertion,1871,4194304,1.00000000000000000,-0.000000000
4,5,4096,8388608,4194304,11,cycle,insertion,1872,4194304,1.00000000000000000,-0.000000000
4,5,4096,8388608,4194304,11,cycle,insertion,1873,4194304,1.00000000000000000,-0.000000000
4,5,4096,8388608,4194304,11,cycle,insertion,1874,4194304,1.00000000000000000,-0.000000000
4,5,4096,8388608,4194304,11,cycle,insertion,1875,4194304,1.00000000000000000,-0.000000000
4,5,4096,8388608,4194304,11,cycle,insertion,1876,4194304,1.00000000000000000,-0.000000000
4,5,4096,8388608,4194304,11,cycle,insertion,1877,4194304,1.00000000000000000,-0.000000000
4,5,4096,8388608,4194304,11,cycle,insertion,1878,4194304,1.00000000000000000,-0.000000000
4,5,4096,8388608,4194304,11,cycle,insertion,1879,4194304,1.00000000000000000,-0.000000000
4,5,4096,8388608,4194304,11,cycle,insertion,1880,4194304,1.00000000000000000,-0.000000000
4,5,4096,8388608,4194304,11,cycle,insertion,1881,4194304,1.00000000000000000,-0.000000000
4,5,4096,8388608,4194304,11,cycle,insertion,1882,4194304,1.00000000000000000,-0.000000000
4,5,4096,8388608,4194304,11,cycle,insertion,1883,4194304,1.00000000000000000,-0.000000000
4,5,4096,8388608,4194304,11,cycle,insertion,1884,4194304,1.00000000000000000,-0.000000000
4,5,4096,8388608,4194304,11,cycle,insertion,1885,4194304,1.00000000000000000,-0.000000000
4,5,4096,8388608,4194304,11,cycle,insertion,1886,4194304,1.00000000000000000,-0.000000000
4,5,4096,8388608,4194304,11,cycle,insertion,1887,4194304,1.00000000000000000,-0.000000000
4,5,4096,8388608,4194304,11,cycle,insertion,1888,4194304,1.00000000000000000,-0.000000000
4,5,4096,8388608,4194304,11,cycle,insertion,1889,4194304,1.00000000000000000,-0.000000000
4,5,4096,8388608,4194304,11,cycle,insertion,1890,4194304,1.00000000000000000,-0.000000000
4,5,4096,8388608,4194304,11,cycle,insertion,1891,4194304,1.00000000000000000,-0.000000000
4,5,4096,8388608,4194304,11,cycle,insertion,1892,4194304,1.00000000000000000,-0.000000000
4,5,4096,8388608,4194304,11,cycle,insertion,1893,4194304,1.00000000000000000,-0.000000000
4,5,4096,8388608,4194304,11,cycle,insertion,1894,4194304,1.00000000000000000,-0.000000000
4,5,4096,8388608,4194304,11,cycle,insertion,1895,4194304,1.00000000000000000,-0.000000000
4,5,4096,8388608,4194304,11,cycle,insertion,1896,4194304,1.00000000000000000,-0.000000000
4,5,4096,8388608,4194304,11,cycle,insertion,1897,4194304,1.00000000000000000,-0.000000000
4,5,4096,8388608,4194304,11,cycle,insertion,1898,4194304,1.00000000000000000,-0.000000000
4,5,4096,8388608,4194304,11,cycle,insertion,1899,4194304,1.00000000000000000,-0.000000000
4,5,4096,8388608,4194304,11,cycle,insertion,1900,4194304,1.00000000000000000,-0.000000000
4,5,4096,8388608,4194304,11,cycle,insertion,1901,4194304,1.00000000000000000,-0.000000000
4,5,4096,8388608,4194304,11,cycle,insertion,1902,4194304,1.00000000000000000,-0.000000000
4,5,4096,8388608,4194304,11,cycle,insertion,1903,4194304,1.00000000000000000,-0.000000000
4,5,4096,8388608,4194304,11,cycle,insertion,1904,4194304,1.00000000000000000,-0.000000000
4,5,4096,8388608,4194304,11,cycle,insertion,1905,4194304,1.00000000000000000,-0.000000000
4,5,4096,8388608,4194304,11,cycle,insertion,1906,4194304,1.00000000000000000,-0.000000000
4,5,4096,8388608,4194304,11,cycle,insertion,1907,4194304,1.00000000000000000,-0.000000000
4,5,4096,8388608,4194304,11,cycle,insertion,1908,4194304,1.00000000000000000,-0.000000000
4,5,4096,8388608,4194304,11,cycle,insertion,1909,4194304,1.00000000000000000,-0.000000000
4,5,4096,8388608,4194304,11,cycle,insertion,1910,4194304,1.00000000000000000,-0.000000000
4,5,4096,8388608,4194304,11,cycle,insertion,1911,4194304,1.00000000000000000,-0.000000000
4,5,4096,8388608,4194304,11,cycle,insertion,1912,4194304,1.00000000000000000,-0.000000000
4,5,4096,8388608,4194304,11,cycle,insertion,1913,4194304,1.00000000000000000,-0.000000000
4,5,4096,8388608,4194304,11,cycle,insertion,1914,4194304,1.00000000000000000,-0.000000000
4,5,4096,8388608,4194304,11,cycle,insertion,1915,4194304,1.00000000000000000,-0.000000000
4,5,4096,8388608,4194304,11,cycle,insertion,1916,4194304,1.00000000000000000,-0.000000000
4,5,4096,8388608,4194304,11,cycle,insertion,1917,4194304,1.00000000000000000,-0.000000000
4,5,4096,8388608,4194304,11,cycle,insertion,1918,4194304,1.00000000000000000,-0.000000000
4,5,4096,8388608,4194304,11,cycle,insertion,1919,4194304,1.00000000000000000,-0.000000000
4,5,4096,8388608,4194304,11,cycle,insertion,1920,4194304,1.00000000000000000,-0.000000000
4,5,4096,8388608,4194304,11,cycle,insertion,1921,4194304,1.00000000000000000,-0.000000000
4,5,4096,8388608,4194304,11,cycle,insertion,1922,4194304,1.00000000000000000,-0.000000000
4,5,4096,8388608,4194304,11,cycle,insertion,1923,4194304,1.00000000000000000,-0.000000000
4,5,4096,8388608,4194304,11,cycle,insertion,1924,4194304,1.00000000000000000,-0.000000000
4,5,4096,8388608,4194304,11,cycle,insertion,1925,4194304,1.00000000000000000,-0.000000000
4,5,4096,8388608,4194304,11,cycle,insertion,1926,4194304,1.00000000000000000,-0.000000000
4,5,4096,8388608,4194304,11,cycle,insertion,1927,4194304,1.00000000000000000,-0.000000000
4,5,4096,8388608,4194304,11,cycle,insertion,1928,4194304,1.00000000000000000,-0.000000000
4,5,4096,8388608,4194304,11,cycle,insertion,1929,4194304,1.00000000000000000,-0.000000000
4,5,4096,8388608,4194304,11,cycle,insertion,1930,4194304,1.00000000000000000,-0.000000000
4,5,4096,8388608,4194304,11,cycle,insertion,1931,4194304,1.00000000000000000,-0.000000000
4,5,4096,8388608,4194304,11,cycle,insertion,1932,4194304,1.00000000000000000,-0.000000000
4,5,4096,8388608,4194304,11,cycle,insertion,1933,4194304,1.00000000000000000,-0.000000000
4,5,4096,8388608,4194304,11,cycle,insertion,1934,4194304,1.00000000000000000,-0.000000000
4,5,4096,8388608,4194304,11,cycle,insertion,1935,4194304,1.00000000000000000,-0.000000000
4,5,4096,8388608,4194304,11,cycle,insertion,1936,4194304,1.00000000000000000,-0.000000000
4,5,4096,8388608,4194304,11,cycle,insertion,1937,4194304,1.00000000000000000,-0.000000000
4,5,4096,8388608,4194304,11,cycle,insertion,1938,4194304,1.00000000000000000,-0.000000000
4,5,4096,8388608,4194304,11,cycle,insertion,1939,4194304,1.00000000000000000,-0.000000000
4,5,4096,8388608,4194304,11,cycle,insertion,1940,4194304,1.00000000000000000,-0.000000000
4,5,4096,8388608,4194304,11,cycle,insertion,1941,4194304,1.00000000000000000,-0.000000000
4,5,4096,8388608,4194304,11,cycle,insertion,1942,4194304,1.00000000000000000,-0.000000000
4,5,4096,8388608,4194304,11,cycle,insertion,1943,4194304,1.00000000000000000,-0.000000000
4,5,4096,8388608,4194304,11,cycle,insertion,1944,4194304,1.00000000000000000,-0.000000000
4,5,4096,8388608,4194304,11,cycle,insertion,1945,4194304,1.00000000000000000,-0.000000000
4,5,4096,8388608,4194304,11,cycle,insertion,1946,4194304,1.00000000000000000,-0.000000000
4,5,4096,8388608,4194304,11,cycle,insertion,1947,4194304,1.00000000000000000,-0.000000000
4,5,4096,8388608,4194304,11,cycle,insertion,1948,4194304,1.00000000000000000,-0.000000000
4,5,4096,8388608,4194304,11,cycle,insertion,1949,4194304,1.00000000000000000,-0.000000000
4,5,4096,8388608,4194304,11,cycle,insertion,1950,4194304,1.00000000000000000,-0.000000000
4,5,4096,8388608,4194304,11,cycle,insertion,1951,4194304,1.00000000000000000,-0.000000000
4,5,4096,8388608,4194304,11,cycle,insertion,1952,4194304,1.00000000000000000,-0.000000000
4,5,4096,8388608,4194304,11,cycle,insertion,1953,4194304,1.00000000000000000,-0.000000000
4,5,4096,8388608,4194304,11,cycle,insertion,1954,4194304,1.00000000000000000,-0.000000000
4,5,4096,8388608,4194304,11,cycle,insertion,1955,4194304,1.00000000000000000,-0.000000000
4,5,4096,8388608,4194304,11,cycle,insertion,1956,4194304,1.00000000000000000,-0.000000000
4,5,4096,8388608,4194304,11,cycle,insertion,1957,4194304,1.00000000000000000,-0.000000000
4,5,4096,8388608,4194304,11,cycle,insertion,1958,4194304,1.00000000000000000,-0.000000000
4,5,4096,8388608,4194304,11,cycle,insertion,1959,4194304,1.00000000000000000,-0.000000000
4,5,4096,8388608,4194304,11,cycle,insertion,1960,4194304,1.00000000000000000,-0.000000000
4,5,4096,8388608,4194304,11,cycle,insertion,1961,4194304,1.00000000000000000,-0.000000000
4,5,4096,8388608,4194304,11,cycle,insertion,1962,4194304,1.00000000000000000,-0.000000000
4,5,4096,8388608,4194304,11,cycle,insertion,1963,4194304,1.00000000000000000,-0.000000000
4,5,4096,8388608,4194304,11,cycle,insertion,1964,4194304,1.00000000000000000,-0.000000000
4,5,4096,8388608,4194304,11,cycle,insertion,1965,4194304,1.00000000000000000,-0.000000000
4,5,4096,8388608,4194304,11,cycle,insertion,1966,4194304,1.00000000000000000,-0.000000000
4,5,4096,8388608,4194304,11,cycle,insertion,1967,4194304,1.00000000000000000,-0.000000000
4,5,4096,8388608,4194304,11,cycle,insertion,1968,4194304,1.00000000000000000,-0.000000000
4,5,4096,8388608,4194304,11,cycle,insertion,1969,4194304,1.00000000000000000,-0.000000000
4,5,4096,8388608,4194304,11,cycle,insertion,1970,4194304,1.00000000000000000,-0.000000000
4,5,4096,8388608,4194304,11,cycle,insertion,1971,4194304,1.00000000000000000,-0.000000000
4,5,4096,8388608,4194304,11,cycle,insertion,1972,4194304,1.00000000000000000,-0.000000000
4,5,4096,8388608,4194304,11,cycle,insertion,1973,4194304,1.00000000000000000,-0.000000000
4,5,4096,8388608,4194304,11,cycle,insertion,1974,4194304,1.00000000000000000,-0.000000000
4,5,4096,8388608,4194304,11,cycle,insertion,1975,4194304,1.00000000000000000,-0.000000000
4,5,4096,8388608,4194304,11,cycle,insertion,1976,4194304,1.00000000000000000,-0.000000000
4,5,4096,8388608,4194304,11,cycle,insertion,1977,4194304,1.00000000000000000,-0.000000000
4,5,4096,8388608,4194304,11,cycle,insertion,1978,4194304,1.00000000000000000,-0.000000000
4,5,4096,8388608,4194304,11,cycle,insertion,1979,4194304,1.00000000000000000,-0.000000000
4,5,4096,8388608,4194304,11,cycle,insertion,1980,4194304,1.00000000000000000,-0.000000000
4,5,4096,8388608,4194304,11,cycle,insertion,1981,4194304,1.00000000000000000,-0.000000000
4,5,4096,8388608,4194304,11,cycle,insertion,1982,4194304,1.00000000000000000,-0.000000000
4,5,4096,8388608,4194304,11,cycle,insertion,1983,4194304,1.00000000000000000,-0.000000000
4,5,4096,8388608,4194304,11,cycle,insertion,1984,4194304,1.00000000000000000,-0.000000000
4,5,4096,8388608,4194304,11,cycle,insertion,1985,4194304,1.00000000000000000,-0.000000000
4,5,4096,8388608,4194304,11,cycle,insertion,1986,4194304,1.00000000000000000,-0.000000000
4,5,4096,8388608,4194304,11,cycle,insertion,1987,4194304,1.00000000000000000,-0.000000000
4,5,4096,8388608,4194304,11,cycle,insertion,1988,4194304,1.00000000000000000,-0.000000000
4,5,4096,8388608,4194304,11,cycle,insertion,1989,4194304,1.00000000000000000,-0.000000000
4,5,4096,8388608,4194304,11,cycle,insertion,1990,4194304,1.00000000000000000,-0.000000000
4,5,4096,8388608,4194304,11,cycle,insertion,1991,4194304,1.00000000000000000,-0.000000000
4,5,4096,8388608,4194304,11,cycle,insertion,1992,4194304,1.00000000000000000,-0.000000000
4,5,4096,8388608,4194304,11,cycle,insertion,1993,4194304,1.00000000000000000,-0.000000000
4,5,4096,8388608,4194304,11,cycle,insertion,1994,4194304,1.00000000000000000,-0.000000000
4,5,4096,8388608,4194304,11,cycle,insertion,1995,4194304,1.00000000000000000,-0.000000000
4,5,4096,8388608,4194304,11,cycle,insertion,1996,4194304,1.00000000000000000,-0.000000000
4,5,4096,8388608,4194304,11,cycle,insertion,1997,4194304,1.00000000000000000,-0.000000000
4,5,4096,8388608,4194304,11,cycle,insertion,1998,4194304,1.00000000000000000,-0.000000000
4,5,4096,8388608,4194304,11,cycle,insertion,1999,4194304,1.00000000000000000,-0.000000000
4,5,4096,8388608,4194304,11,cycle,insertion,2000,4194304,1.00000000000000000,-0.000000000
4,5,4096,8388608,4194304,11,cycle,insertion,2001,4194304,1.00000000000000000,-0.000000000
4,5,4096,8388608,4194304,11,cycle,insertion,2002,4194304,1.00000000000000000,-0.000000000
4,5,4096,8388608,4194304,11,cycle,insertion,2003,4194304,1.00000000000000000,-0.000000000
4,5,4096,8388608,4194304,11,cycle,insertion,2004,4194304,1.00000000000000000,-0.000000000
4,5,4096,8388608,4194304,11,cycle,insertion,2005,4194304,1.00000000000000000,-0.000000000
4,5,4096,8388608,4194304,11,cycle,insertion,2006,4194304,1.00000000000000000,-0.000000000
4,5,4096,8388608,4194304,11,cycle,insertion,2007,4194304,1.00000000000000000,-0.000000000
4,5,4096,8388608,4194304,11,cycle,insertion,2008,4194304,1.00000000000000000,-0.000000000
4,5,4096,8388608,4194304,11,cycle,insertion,2009,4194304,1.00000000000000000,-0.000000000
4,5,4096,8388608,4194304,11,cycle,insertion,2010,4194304,1.00000000000000000,-0.000000000
4,5,4096,8388608,4194304,11,cycle,insertion,2011,4194304,1.00000000000000000,-0.000000000
4,5,4096,8388608,4194304,11,cycle,insertion,2012,4194304,1.00000000000000000,-0.000000000
4,5,4096,8388608,4194304,11,cycle,insertion,2013,4194304,1.00000000000000000,-0.000000000
4,5,4096,8388608,4194304,11,cycle,insertion,2014,4194304,1.00000000000000000,-0.000000000
4,5,4096,8388608,4194304,11,cycle,insertion,2015,4194304,1.00000000000000000,-0.000000000
4,5,4096,8388608,4194304,11,cycle,insertion,2016,4194304,1.00000000000000000,-0.000000000
4,5,4096,8388608,4194304,11,cycle,insertion,2017,4194304,1.00000000000000000,-0.000000000
4,5,4096,8388608,4194304,11,cycle,insertion,2018,4194304,1.00000000000000000,-0.000000000
4,5,4096,8388608,4194304,11,cycle,insertion,2019,4194304,1.00000000000000000,-0.000000000
4,5,4096,8388608,4194304,11,cycle,insertion,2020,4194304,1.00000000000000000,-0.000000000
4,5,4096,8388608,4194304,11,cycle,insertion,2021,4194304,1.00000000000000000,-0.000000000
4,5,4096,8388608,4194304,11,cycle,insertion,2022,4194304,1.00000000000000000,-0.000000000
4,5,4096,8388608,4194304,11,cycle,insertion,2023,4194304,1.00000000000000000,-0.000000000
4,5,4096,8388608,4194304,11,cycle,insertion,2024,4194304,1.00000000000000000,-0.000000000
4,5,4096,8388608,4194304,11,cycle,insertion,2025,4194304,1.00000000000000000,-0.000000000
4,5,4096,8388608,4194304,11,cycle,insertion,2026,4194304,1.00000000000000000,-0.000000000
4,5,4096,8388608,4194304,11,cycle,insertion,2027,4194304,1.00000000000000000,-0.000000000
4,5,4096,8388608,4194304,11,cycle,insertion,2028,4194304,1.00000000000000000,-0.000000000
4,5,4096,8388608,4194304,11,cycle,insertion,2029,4194304,1.00000000000000000,-0.000000000
4,5,4096,8388608,4194304,11,cycle,insertion,2030,4194304,1.00000000000000000,-0.000000000
4,5,4096,8388608,4194304,11,cycle,insertion,2031,4194304,1.00000000000000000,-0.000000000
4,5,4096,8388608,4194304,11,cycle,insertion,2032,4194304,1.00000000000000000,-0.000000000
4,5,4096,8388608,4194304,11,cycle,insertion,2033,4194304,1.00000000000000000,-0.000000000
4,5,4096,8388608,4194304,11,cycle,insertion,2034,4194304,1.00000000000000000,-0.000000000
4,5,4096,8388608,4194304,11,cycle,insertion,2035,4194304,1.00000000000000000,-0.000000000
4,5,4096,8388608,4194304,11,cycle,insertion,2036,4194304,1.00000000000000000,-0.000000000
4,5,4096,8388608,4194304,11,cycle,insertion,2037,4194304,1.00000000000000000,-0.000000000
4,5,4096,8388608,4194304,11,cycle,insertion,2038,4194304,1.00000000000000000,-0.000000000
4,5,4096,8388608,4194304,11,cycle,insertion,2039,4194304,1.00000000000000000,-0.000000000
4,5,4096,8388608,4194304,11,cycle,insertion,2040,4194304,1.00000000000000000,-0.000000000
4,5,4096,8388608,4194304,11,cycle,insertion,2041,4194304,1.00000000000000000,-0.000000000
4,5,4096,8388608,4194304,11,cycle,insertion,2042,4194304,1.00000000000000000,-0.000000000
4,5,4096,8388608,4194304,11,cycle,insertion,2043,4194304,1.00000000000000000,-0.000000000
4,5,4096,8388608,4194304,11,cycle,insertion,2044,4194304,1.00000000000000000,-0.000000000
4,5,4096,8388608,4194304,11,cycle,insertion,2045,4194304,1.00000000000000000,-0.000000000
4,5,4096,8388608,4194304,11,cycle,insertion,2046,4194304,1.00000000000000000,-0.000000000
4,5,4096,8388608,4194304,11,cycle,insertion,2047,4194304,1.00000000000000000,-0.000000000
4,5,4096,8388608,4194304,11,cycle,insertion,2048,4194304,1.00000000000000000,-0.000000000
4,5,4096,8388608,4194304,11,cycle,insertion,2049,4194304,1.00000000000000000,-0.000000000
4,5,4096,8388608,4194304,11,cycle,insertion,2050,4194304,1.00000000000000000,-0.000000000
4,5,4096,8388608,4194304,11,cycle,insertion,2051,4194304,1.00000000000000000,-0.000000000
4,5,4096,8388608,4194304,11,cycle,insertion,2052,4194304,1.00000000000000000,-0.000000000
4,5,4096,8388608,4194304,11,cycle,insertion,2053,4194304,1.00000000000000000,-0.000000000
4,5,4096,8388608,4194304,11,cycle,insertion,2054,4194304,1.00000000000000000,-0.000000000
4,5,4096,8388608,4194304,11,cycle,insertion,2055,4194304,1.00000000000000000,-0.000000000
4,5,4096,8388608,4194304,11,cycle,insertion,2056,4194304,1.00000000000000000,-0.000000000
4,5,4096,8388608,4194304,11,cycle,insertion,2057,4194304,1.00000000000000000,-0.000000000
4,5,4096,8388608,4194304,11,cycle,insertion,2058,4194304,1.00000000000000000,-0.000000000
4,5,4096,8388608,4194304,11,cycle,insertion,2059,4194304,1.00000000000000000,-0.000000000
4,5,4096,8388608,4194304,11,cycle,insertion,2060,4194304,1.00000000000000000,-0.000000000
4,5,4096,8388608,4194304,11,cycle,insertion,2061,4194304,1.00000000000000000,-0.000000000
4,5,4096,8388608,4194304,11,cycle,insertion,2062,4194304,1.00000000000000000,-0.000000000
4,5,4096,8388608,4194304,11,cycle,insertion,2063,4194304,1.00000000000000000,-0.000000000
4,5,4096,8388608,4194304,11,cycle,insertion,2064,4194304,1.00000000000000000,-0.000000000
4,5,4096,8388608,4194304,11,cycle,insertion,2065,4194304,1.00000000000000000,-0.000000000
4,5,4096,8388608,4194304,11,cycle,insertion,2066,4194304,1.00000000000000000,-0.000000000
4,5,4096,8388608,4194304,11,cycle,insertion,2067,4194304,1.00000000000000000,-0.000000000
4,5,4096,8388608,4194304,11,cycle,insertion,2068,4194304,1.00000000000000000,-0.000000000
4,5,4096,8388608,4194304,11,cycle,insertion,2069,4194304,1.00000000000000000,-0.000000000
4,5,4096,8388608,4194304,11,cycle,insertion,2070,4194304,1.00000000000000000,-0.000000000
4,5,4096,8388608,4194304,11,cycle,insertion,2071,4194304,1.00000000000000000,-0.000000000
4,5,4096,8388608,4194304,11,cycle,insertion,2072,4194304,1.00000000000000000,-0.000000000
4,5,4096,8388608,4194304,11,cycle,insertion,2073,4194304,1.00000000000000000,-0.000000000
4,5,4096,8388608,4194304,11,cycle,insertion,2074,4194304,1.00000000000000000,-0.000000000
4,5,4096,8388608,4194304,11,cycle,insertion,2075,4194304,1.00000000000000000,-0.000000000
4,5,4096,8388608,4194304,11,cycle,insertion,2076,4194304,1.00000000000000000,-0.000000000
4,5,4096,8388608,4194304,11,cycle,insertion,2077,4194304,1.00000000000000000,-0.000000000
4,5,4096,8388608,4194304,11,cycle,insertion,2078,4194304,1.00000000000000000,-0.000000000
4,5,4096,8388608,4194304,11,cycle,insertion,2079,4194304,1.00000000000000000,-0.000000000
4,5,4096,8388608,4194304,11,cycle,insertion,2080,4194304,1.00000000000000000,-0.000000000
4,5,4096,8388608,4194304,11,cycle,insertion,2081,4194304,1.00000000000000000,-0.000000000
4,5,4096,8388608,4194304,11,cycle,insertion,2082,4194304,1.00000000000000000,-0.000000000
4,5,4096,8388608,4194304,11,cycle,insertion,2083,4194304,1.00000000000000000,-0.000000000
4,5,4096,8388608,4194304,11,cycle,insertion,2084,4194304,1.00000000000000000,-0.000000000
4,5,4096,8388608,4194304,11,cycle,insertion,2085,4194304,1.00000000000000000,-0.000000000
4,5,4096,8388608,4194304,11,cycle,insertion,2086,4194304,1.00000000000000000,-0.000000000
4,5,4096,8388608,4194304,11,cycle,insertion,2087,4194304,1.00000000000000000,-0.000000000
4,5,4096,8388608,4194304,11,cycle,insertion,2088,4194304,1.00000000000000000,-0.000000000
4,5,4096,8388608,4194304,11,cycle,insertion,2089,4194304,1.00000000000000000,-0.000000000
4,5,4096,8388608,4194304,11,cycle,insertion,2090,4194304,1.00000000000000000,-0.000000000
4,5,4096,8388608,4194304,11,cycle,insertion,2091,4194304,1.00000000000000000,-0.000000000
4,5,4096,8388608,4194304,11,cycle,insertion,2092,4194304,1.00000000000000000,-0.000000000
4,5,4096,8388608,4194304,11,cycle,insertion,2093,4194304,1.00000000000000000,-0.000000000
4,5,4096,8388608,4194304,11,cycle,insertion,2094,4194304,1.00000000000000000,-0.000000000
4,5,4096,8388608,4194304,11,cycle,insertion,2095,4194304,1.00000000000000000,-0.000000000
4,5,4096,8388608,4194304,11,cycle,insertion,2096,4194304,1.00000000000000000,-0.000000000
4,5,4096,8388608,4194304,11,cycle,insertion,2097,4194304,1.00000000000000000,-0.000000000
4,5,4096,8388608,4194304,11,cycle,insertion,2098,4194304,1.00000000000000000,-0.000000000
4,5,4096,8388608,4194304,11,cycle,insertion,2099,4194304,1.00000000000000000,-0.000000000
4,5,4096,8388608,4194304,11,cycle,insertion,2100,4194304,1.00000000000000000,-0.000000000
4,5,4096,8388608,4194304,11,cycle,insertion,2101,4194304,1.00000000000000000,-0.000000000
4,5,4096,8388608,4194304,11,cycle,insertion,2102,4194304,1.00000000000000000,-0.000000000
4,5,4096,8388608,4194304,11,cycle,insertion,2103,4194304,1.00000000000000000,-0.000000000
4,5,4096,8388608,4194304,11,cycle,insertion,2104,4194304,1.00000000000000000,-0.000000000
4,5,4096,8388608,4194304,11,cycle,insertion,2105,4194304,1.00000000000000000,-0.000000000
4,5,4096,8388608,4194304,11,cycle,insertion,2106,4194304,1.00000000000000000,-0.000000000
4,5,4096,8388608,4194304,11,cycle,insertion,2107,4194304,1.00000000000000000,-0.000000000
4,5,4096,8388608,4194304,11,cycle,insertion,2108,4194304,1.00000000000000000,-0.000000000
4,5,4096,8388608,4194304,11,cycle,insertion,2109,4194304,1.00000000000000000,-0.000000000
4,5,4096,8388608,4194304,11,cycle,insertion,2110,4194304,1.00000000000000000,-0.000000000
4,5,4096,8388608,4194304,11,cycle,insertion,2111,4194304,1.00000000000000000,-0.000000000
4,5,4096,8388608,4194304,11,cycle,insertion,2112,4194304,1.00000000000000000,-0.000000000
4,5,4096,8388608,4194304,11,cycle,insertion,2113,4194304,1.00000000000000000,-0.000000000
4,5,4096,8388608,4194304,11,cycle,insertion,2114,4194304,1.00000000000000000,-0.000000000
4,5,4096,8388608,4194304,11,cycle,insertion,2115,4194304,1.00000000000000000,-0.000000000
4,5,4096,8388608,4194304,11,cycle,insertion,2116,4194304,1.00000000000000000,-0.000000000
4,5,4096,8388608,4194304,11,cycle,insertion,2117,4194304,1.00000000000000000,-0.000000000
4,5,4096,8388608,4194304,11,cycle,insertion,2118,4194304,1.00000000000000000,-0.000000000
4,5,4096,8388608,4194304,11,cycle,insertion,2119,4194304,1.00000000000000000,-0.000000000
4,5,4096,8388608,4194304,11,cycle,insertion,2120,4194304,1.00000000000000000,-0.000000000
4,5,4096,8388608,4194304,11,cycle,insertion,2121,4194304,1.00000000000000000,-0.000000000
4,5,4096,8388608,4194304,11,cycle,insertion,2122,4194304,1.00000000000000000,-0.000000000
4,5,4096,8388608,4194304,11,cycle,insertion,2123,4194304,1.00000000000000000,-0.000000000
4,5,4096,8388608,4194304,11,cycle,insertion,2124,4194304,1.00000000000000000,-0.000000000
4,5,4096,8388608,4194304,11,cycle,insertion,2125,4194304,1.00000000000000000,-0.000000000
4,5,4096,8388608,4194304,11,cycle,insertion,2126,4194304,1.00000000000000000,-0.000000000
4,5,4096,8388608,4194304,11,cycle,insertion,2127,4194304,1.00000000000000000,-0.000000000
4,5,4096,8388608,4194304,11,cycle,insertion,2128,4194304,1.00000000000000000,-0.000000000
4,5,4096,8388608,4194304,11,cycle,insertion,2129,4194304,1.00000000000000000,-0.000000000
4,5,4096,8388608,4194304,11,cycle,insertion,2130,4194304,1.00000000000000000,-0.000000000
4,5,4096,8388608,4194304,11,cycle,insertion,2131,4194304,1.00000000000000000,-0.000000000
4,5,4096,8388608,4194304,11,cycle,insertion,2132,4194304,1.00000000000000000,-0.000000000
4,5,4096,8388608,4194304,11,cycle,insertion,2133,4194304,1.00000000000000000,-0.000000000
4,5,4096,8388608,4194304,11,cycle,insertion,2134,4194304,1.00000000000000000,-0.000000000
4,5,4096,8388608,4194304,11,cycle,insertion,2135,4194304,1.00000000000000000,-0.000000000
4,5,4096,8388608,4194304,11,cycle,insertion,2136,4194304,1.00000000000000000,-0.000000000
4,5,4096,8388608,4194304,11,cycle,insertion,2137,4194304,1.00000000000000000,-0.000000000
4,5,4096,8388608,4194304,11,cycle,insertion,2138,4194304,1.00000000000000000,-0.000000000
4,5,4096,8388608,4194304,11,cycle,insertion,2139,4194304,1.00000000000000000,-0.000000000
4,5,4096,8388608,4194304,11,cycle,insertion,2140,4194304,1.00000000000000000,-0.000000000
4,5,4096,8388608,4194304,11,cycle,insertion,2141,4194304,1.00000000000000000,-0.000000000
4,5,4096,8388608,4194304,11,cycle,insertion,2142,4194304,1.00000000000000000,-0.000000000
4,5,4096,8388608,4194304,11,cycle,insertion,2143,4194304,1.00000000000000000,-0.000000000
4,5,4096,8388608,4194304,11,cycle,insertion,2144,4194304,1.00000000000000000,-0.000000000
4,5,4096,8388608,4194304,11,cycle,insertion,2145,4194304,1.00000000000000000,-0.000000000
4,5,4096,8388608,4194304,11,cycle,insertion,2146,4194304,1.00000000000000000,-0.000000000
4,5,4096,8388608,4194304,11,cycle,insertion,2147,4194304,1.00000000000000000,-0.000000000
4,5,4096,8388608,4194304,11,cycle,insertion,2148,4194304,1.00000000000000000,-0.000000000
4,5,4096,8388608,4194304,11,cycle,insertion,2149,4194304,1.00000000000000000,-0.000000000
4,5,4096,8388608,4194304,11,cycle,insertion,2150,4194304,1.00000000000000000,-0.000000000
4,5,4096,8388608,4194304,11,cycle,insertion,2151,4194304,1.00000000000000000,-0.000000000
4,5,4096,8388608,4194304,11,cycle,insertion,2152,4194304,1.00000000000000000,-0.000000000
4,5,4096,8388608,4194304,11,cycle,insertion,2153,4194304,1.00000000000000000,-0.000000000
4,5,4096,8388608,4194304,11,cycle,insertion,2154,4194304,1.00000000000000000,-0.000000000
4,5,4096,8388608,4194304,11,cycle,insertion,2155,4194304,1.00000000000000000,-0.000000000
4,5,4096,8388608,4194304,11,cycle,insertion,2156,4194304,1.00000000000000000,-0.000000000
4,5,4096,8388608,4194304,11,cycle,insertion,2157,4194304,1.00000000000000000,-0.000000000
4,5,4096,8388608,4194304,11,cycle,insertion,2158,4194304,1.00000000000000000,-0.000000000
4,5,4096,8388608,4194304,11,cycle,insertion,2159,4194304,1.00000000000000000,-0.000000000
4,5,4096,8388608,4194304,11,cycle,insertion,2160,4194304,1.00000000000000000,-0.000000000
4,5,4096,8388608,4194304,11,cycle,insertion,2161,4194304,1.00000000000000000,-0.000000000
4,5,4096,8388608,4194304,11,cycle,insertion,2162,4194304,1.00000000000000000,-0.000000000
4,5,4096,8388608,4194304,11,cycle,insertion,2163,4194304,1.00000000000000000,-0.000000000
4,5,4096,8388608,4194304,11,cycle,insertion,2164,4194304,1.00000000000000000,-0.000000000
4,5,4096,8388608,4194304,11,cycle,insertion,2165,4194304,1.00000000000000000,-0.000000000
4,5,4096,8388608,4194304,11,cycle,insertion,2166,4194304,1.00000000000000000,-0.000000000
4,5,4096,8388608,4194304,11,cycle,insertion,2167,4194304,1.00000000000000000,-0.000000000
4,5,4096,8388608,4194304,11,cycle,insertion,2168,4194304,1.00000000000000000,-0.000000000
4,5,4096,8388608,4194304,11,cycle,insertion,2169,4194304,1.00000000000000000,-0.000000000
4,5,4096,8388608,4194304,11,cycle,insertion,2170,4194304,1.00000000000000000,-0.000000000
4,5,4096,8388608,4194304,11,cycle,insertion,2171,4194304,1.00000000000000000,-0.000000000
4,5,4096,8388608,4194304,11,cycle,insertion,2172,4194304,1.00000000000000000,-0.000000000
4,5,4096,8388608,4194304,11,cycle,insertion,2173,4194304,1.00000000000000000,-0.000000000
4,5,4096,8388608,4194304,11,cycle,insertion,2174,4194304,1.00000000000000000,-0.000000000
4,5,4096,8388608,4194304,11,cycle,insertion,2175,4194304,1.00000000000000000,-0.000000000
4,5,4096,8388608,4194304,11,cycle,insertion,2176,4194304,1.00000000000000000,-0.000000000
4,5,4096,8388608,4194304,11,cycle,insertion,2177,4194304,1.00000000000000000,-0.000000000
4,5,4096,8388608,4194304,11,cycle,insertion,2178,4194304,1.00000000000000000,-0.000000000
4,5,4096,8388608,4194304,11,cycle,insertion,2179,4194304,1.00000000000000000,-0.000000000
4,5,4096,8388608,4194304,11,cycle,insertion,2180,4194304,1.00000000000000000,-0.000000000
4,5,4096,8388608,4194304,11,cycle,insertion,2181,4194304,1.00000000000000000,-0.000000000
4,5,4096,8388608,4194304,11,cycle,insertion,2182,4194304,1.00000000000000000,-0.000000000
4,5,4096,8388608,4194304,11,cycle,insertion,2183,4194304,1.00000000000000000,-0.000000000
4,5,4096,8388608,4194304,11,cycle,insertion,2184,4194304,1.00000000000000000,-0.000000000
4,5,4096,8388608,4194304,11,cycle,insertion,2185,4194304,1.00000000000000000,-0.000000000
4,5,4096,8388608,4194304,11,cycle,insertion,2186,4194304,1.00000000000000000,-0.000000000
4,5,4096,8388608,4194304,11,cycle,insertion,2187,4194304,1.00000000000000000,-0.000000000
4,5,4096,8388608,4194304,11,cycle,insertion,2188,4194304,1.00000000000000000,-0.000000000
4,5,4096,8388608,4194304,11,cycle,insertion,2189,4194304,1.00000000000000000,-0.000000000
4,5,4096,8388608,4194304,11,cycle,insertion,2190,4194304,1.00000000000000000,-0.000000000
4,5,4096,8388608,4194304,11,cycle,insertion,2191,4194304,1.00000000000000000,-0.000000000
4,5,4096,8388608,4194304,11,cycle,insertion,2192,4194304,1.00000000000000000,-0.000000000
4,5,4096,8388608,4194304,11,cycle,insertion,2193,4194304,1.00000000000000000,-0.000000000
4,5,4096,8388608,4194304,11,cycle,insertion,2194,4194304,1.00000000000000000,-0.000000000
4,5,4096,8388608,4194304,11,cycle,insertion,2195,4194304,1.00000000000000000,-0.000000000
4,5,4096,8388608,4194304,11,cycle,insertion,2196,4194304,1.00000000000000000,-0.000000000
4,5,4096,8388608,4194304,11,cycle,insertion,2197,4194304,1.00000000000000000,-0.000000000
4,5,4096,8388608,4194304,11,cycle,insertion,2198,4194304,1.00000000000000000,-0.000000000
4,5,4096,8388608,4194304,11,cycle,insertion,2199,4194304,1.00000000000000000,-0.000000000
4,5,4096,8388608,4194304,11,cycle,insertion,2200,4194304,1.00000000000000000,-0.000000000
4,5,4096,8388608,4194304,11,cycle,insertion,2201,4194304,1.00000000000000000,-0.000000000
4,5,4096,8388608,4194304,11,cycle,insertion,2202,4194304,1.00000000000000000,-0.000000000
4,5,4096,8388608,4194304,11,cycle,insertion,2203,4194304,1.00000000000000000,-0.000000000
4,5,4096,8388608,4194304,11,cycle,insertion,2204,4194304,1.00000000000000000,-0.000000000
4,5,4096,8388608,4194304,11,cycle,insertion,2205,4194304,1.00000000000000000,-0.000000000
4,5,4096,8388608,4194304,11,cycle,insertion,2206,4194304,1.00000000000000000,-0.000000000
4,5,4096,8388608,4194304,11,cycle,insertion,2207,4194304,1.00000000000000000,-0.000000000
4,5,4096,8388608,4194304,11,cycle,insertion,2208,4194304,1.00000000000000000,-0.000000000
4,5,4096,8388608,4194304,11,cycle,insertion,2209,4194304,1.00000000000000000,-0.000000000
4,5,4096,8388608,4194304,11,cycle,insertion,2210,4194304,1.00000000000000000,-0.000000000
4,5,4096,8388608,4194304,11,cycle,insertion,2211,4194304,1.00000000000000000,-0.000000000
4,5,4096,8388608,4194304,11,cycle,insertion,2212,4194304,1.00000000000000000,-0.000000000
4,5,4096,8388608,4194304,11,cycle,insertion,2213,4194304,1.00000000000000000,-0.000000000
4,5,4096,8388608,4194304,11,cycle,insertion,2214,4194304,1.00000000000000000,-0.000000000
4,5,4096,8388608,4194304,11,cycle,insertion,2215,4194304,1.00000000000000000,-0.000000000
4,5,4096,8388608,4194304,11,cycle,insertion,2216,4194304,1.00000000000000000,-0.000000000
4,5,4096,8388608,4194304,11,cycle,insertion,2217,4194304,1.00000000000000000,-0.000000000
4,5,4096,8388608,4194304,11,cycle,insertion,2218,4194304,1.00000000000000000,-0.000000000
4,5,4096,8388608,4194304,11,cycle,insertion,2219,4194304,1.00000000000000000,-0.000000000
4,5,4096,8388608,4194304,11,cycle,insertion,2220,4194304,1.00000000000000000,-0.000000000
4,5,4096,8388608,4194304,11,cycle,insertion,2221,4194304,1.00000000000000000,-0.000000000
4,5,4096,8388608,4194304,11,cycle,insertion,2222,4194304,1.00000000000000000,-0.000000000
4,5,4096,8388608,4194304,11,cycle,insertion,2223,4194304,1.00000000000000000,-0.000000000
4,5,4096,8388608,4194304,11,cycle,insertion,2224,4194304,1.00000000000000000,-0.000000000
4,5,4096,8388608,4194304,11,cycle,insertion,2225,4194304,1.00000000000000000,-0.000000000
4,5,4096,8388608,4194304,11,cycle,insertion,2226,4194304,1.00000000000000000,-0.000000000
4,5,4096,8388608,4194304,11,cycle,insertion,2227,4194304,1.00000000000000000,-0.000000000
4,5,4096,8388608,4194304,11,cycle,insertion,2228,4194304,1.00000000000000000,-0.000000000
4,5,4096,8388608,4194304,11,cycle,insertion,2229,4194304,1.00000000000000000,-0.000000000
4,5,4096,8388608,4194304,11,cycle,insertion,2230,4194304,1.00000000000000000,-0.000000000
4,5,4096,8388608,4194304,11,cycle,insertion,2231,4194304,1.00000000000000000,-0.000000000
4,5,4096,8388608,4194304,11,cycle,insertion,2232,4194304,1.00000000000000000,-0.000000000
4,5,4096,8388608,4194304,11,cycle,insertion,2233,4194304,1.00000000000000000,-0.000000000
4,5,4096,8388608,4194304,11,cycle,insertion,2234,4194304,1.00000000000000000,-0.000000000
4,5,4096,8388608,4194304,11,cycle,insertion,2235,4194304,1.00000000000000000,-0.000000000
4,5,4096,8388608,4194304,11,cycle,insertion,2236,4194304,1.00000000000000000,-0.000000000
4,5,4096,8388608,4194304,11,cycle,insertion,2237,4194304,1.00000000000000000,-0.000000000
4,5,4096,8388608,4194304,11,cycle,insertion,2238,4194304,1.00000000000000000,-0.000000000
4,5,4096,8388608,4194304,11,cycle,insertion,2239,4194304,1.00000000000000000,-0.000000000
4,5,4096,8388608,4194304,11,cycle,insertion,2240,4194304,1.00000000000000000,-0.000000000
4,5,4096,8388608,4194304,11,cycle,insertion,2241,4194304,1.00000000000000000,-0.000000000
4,5,4096,8388608,4194304,11,cycle,insertion,2242,4194304,1.00000000000000000,-0.000000000
4,5,4096,8388608,4194304,11,cycle,insertion,2243,4194304,1.00000000000000000,-0.000000000
4,5,4096,8388608,4194304,11,cycle,insertion,2244,4194304,1.00000000000000000,-0.000000000
4,5,4096,8388608,4194304,11,cycle,insertion,2245,4194304,1.00000000000000000,-0.000000000
4,5,4096,8388608,4194304,11,cycle,insertion,2246,4194304,1.00000000000000000,-0.000000000
4,5,4096,8388608,4194304,11,cycle,insertion,2247,4194304,1.00000000000000000,-0.000000000
4,5,4096,8388608,4194304,11,cycle,insertion,2248,4194304,1.00000000000000000,-0.000000000
4,5,4096,8388608,4194304,11,cycle,insertion,2249,4194304,1.00000000000000000,-0.000000000
4,5,4096,8388608,4194304,11,cycle,insertion,2250,4194304,1.00000000000000000,-0.000000000
4,5,4096,8388608,4194304,11,cycle,insertion,2251,4194304,1.00000000000000000,-0.000000000
4,5,4096,8388608,4194304,11,cycle,insertion,2252,4194304,1.00000000000000000,-0.000000000
4,5,4096,8388608,4194304,11,cycle,insertion,2253,4194304,1.00000000000000000,-0.000000000
4,5,4096,8388608,4194304,11,cycle,insertion,2254,4194304,1.00000000000000000,-0.000000000
4,5,4096,8388608,4194304,11,cycle,insertion,2255,4194304,1.00000000000000000,-0.000000000
4,5,4096,8388608,4194304,11,cycle,insertion,2256,4194304,1.00000000000000000,-0.000000000
4,5,4096,8388608,4194304,11,cycle,insertion,2257,4194304,1.00000000000000000,-0.000000000
4,5,4096,8388608,4194304,11,cycle,insertion,2258,4194304,1.00000000000000000,-0.000000000
4,5,4096,8388608,4194304,11,cycle,insertion,2259,4194304,1.00000000000000000,-0.000000000
4,5,4096,8388608,4194304,11,cycle,insertion,2260,4194304,1.00000000000000000,-0.000000000
4,5,4096,8388608,4194304,11,cycle,insertion,2261,4194304,1.00000000000000000,-0.000000000
4,5,4096,8388608,4194304,11,cycle,insertion,2262,4194304,1.00000000000000000,-0.000000000
4,5,4096,8388608,4194304,11,cycle,insertion,2263,4194304,1.00000000000000000,-0.000000000
4,5,4096,8388608,4194304,11,cycle,insertion,2264,4194304,1.00000000000000000,-0.000000000
4,5,4096,8388608,4194304,11,cycle,insertion,2265,4194304,1.00000000000000000,-0.000000000
4,5,4096,8388608,4194304,11,cycle,insertion,2266,4194304,1.00000000000000000,-0.000000000
4,5,4096,8388608,4194304,11,cycle,insertion,2267,4194304,1.00000000000000000,-0.000000000
4,5,4096,8388608,4194304,11,cycle,insertion,2268,4194304,1.00000000000000000,-0.000000000
4,5,4096,8388608,4194304,11,cycle,insertion,2269,4194304,1.00000000000000000,-0.000000000
4,5,4096,8388608,4194304,11,cycle,insertion,2270,4194304,1.00000000000000000,-0.000000000
4,5,4096,8388608,4194304,11,cycle,insertion,2271,4194304,1.00000000000000000,-0.000000000
4,5,4096,8388608,4194304,11,cycle,insertion,2272,4194304,1.00000000000000000,-0.000000000
4,5,4096,8388608,4194304,11,cycle,insertion,2273,4194304,1.00000000000000000,-0.000000000
4,5,4096,8388608,4194304,11,cycle,insertion,2274,4194304,1.00000000000000000,-0.000000000
4,5,4096,8388608,4194304,11,cycle,insertion,2275,4194304,1.00000000000000000,-0.000000000
4,5,4096,8388608,4194304,11,cycle,insertion,2276,4194304,1.00000000000000000,-0.000000000
4,5,4096,8388608,4194304,11,cycle,insertion,2277,4194304,1.00000000000000000,-0.000000000
4,5,4096,8388608,4194304,11,cycle,insertion,2278,4194304,1.00000000000000000,-0.000000000
4,5,4096,8388608,4194304,11,cycle,insertion,2279,4194304,1.00000000000000000,-0.000000000
4,5,4096,8388608,4194304,11,cycle,insertion,2280,4194304,1.00000000000000000,-0.000000000
4,5,4096,8388608,4194304,11,cycle,insertion,2281,4194304,1.00000000000000000,-0.000000000
4,5,4096,8388608,4194304,11,cycle,insertion,2282,4194304,1.00000000000000000,-0.000000000
4,5,4096,8388608,4194304,11,cycle,insertion,2283,4194304,1.00000000000000000,-0.000000000
4,5,4096,8388608,4194304,11,cycle,insertion,2284,4194304,1.00000000000000000,-0.000000000
4,5,4096,8388608,4194304,11,cycle,insertion,2285,4194304,1.00000000000000000,-0.000000000
4,5,4096,8388608,4194304,11,cycle,insertion,2286,4194304,1.00000000000000000,-0.000000000
4,5,4096,8388608,4194304,11,cycle,insertion,2287,4194304,1.00000000000000000,-0.000000000
4,5,4096,8388608,4194304,11,cycle,insertion,2288,4194304,1.00000000000000000,-0.000000000
4,5,4096,8388608,4194304,11,cycle,insertion,2289,4194304,1.00000000000000000,-0.000000000
4,5,4096,8388608,4194304,11,cycle,insertion,2290,4194304,1.00000000000000000,-0.000000000
4,5,4096,8388608,4194304,11,cycle,insertion,2291,4194304,1.00000000000000000,-0.000000000
4,5,4096,8388608,4194304,11,cycle,insertion,2292,4194304,1.00000000000000000,-0.000000000
4,5,4096,8388608,4194304,11,cycle,insertion,2293,4194304,1.00000000000000000,-0.000000000
4,5,4096,8388608,4194304,11,cycle,insertion,2294,4194304,1.00000000000000000,-0.000000000
4,5,4096,8388608,4194304,11,cycle,insertion,2295,4194304,1.00000000000000000,-0.000000000
4,5,4096,8388608,4194304,11,cycle,insertion,2296,4194304,1.00000000000000000,-0.000000000
4,5,4096,8388608,4194304,11,cycle,insertion,2297,4194304,1.00000000000000000,-0.000000000
4,5,4096,8388608,4194304,11,cycle,insertion,2298,4194304,1.00000000000000000,-0.000000000
4,5,4096,8388608,4194304,11,cycle,insertion,2299,4194304,1.00000000000000000,-0.000000000
4,5,4096,8388608,4194304,11,cycle,insertion,2300,4194304,1.00000000000000000,-0.000000000
4,5,4096,8388608,4194304,11,cycle,insertion,2301,4194304,1.00000000000000000,-0.000000000
4,5,4096,8388608,4194304,11,cycle,insertion,2302,4194304,1.00000000000000000,-0.000000000
4,5,4096,8388608,4194304,11,cycle,insertion,2303,4194304,1.00000000000000000,-0.000000000
4,5,4096,8388608,4194304,11,cycle,insertion,2304,4194304,1.00000000000000000,-0.000000000
4,5,4096,8388608,4194304,11,cycle,insertion,2305,4194304,1.00000000000000000,-0.000000000
4,5,4096,8388608,4194304,11,cycle,insertion,2306,4194304,1.00000000000000000,-0.000000000
4,5,4096,8388608,4194304,11,cycle,insertion,2307,4194304,1.00000000000000000,-0.000000000
4,5,4096,8388608,4194304,11,cycle,insertion,2308,4194304,1.00000000000000000,-0.000000000
4,5,4096,8388608,4194304,11,cycle,insertion,2309,4194304,1.00000000000000000,-0.000000000
4,5,4096,8388608,4194304,11,cycle,insertion,2310,4194304,1.00000000000000000,-0.000000000
4,5,4096,8388608,4194304,11,cycle,insertion,2311,4194304,1.00000000000000000,-0.000000000
4,5,4096,8388608,4194304,11,cycle,insertion,2312,4194304,1.00000000000000000,-0.000000000
4,5,4096,8388608,4194304,11,cycle,insertion,2313,4194304,1.00000000000000000,-0.000000000
4,5,4096,8388608,4194304,11,cycle,insertion,2314,4194304,1.00000000000000000,-0.000000000
4,5,4096,8388608,4194304,11,cycle,insertion,2315,4194304,1.00000000000000000,-0.000000000
4,5,4096,8388608,4194304,11,cycle,insertion,2316,4194304,1.00000000000000000,-0.000000000
4,5,4096,8388608,4194304,11,cycle,insertion,2317,4194304,1.00000000000000000,-0.000000000
4,5,4096,8388608,4194304,11,cycle,insertion,2318,4194304,1.00000000000000000,-0.000000000
4,5,4096,8388608,4194304,11,cycle,insertion,2319,4194304,1.00000000000000000,-0.000000000
4,5,4096,8388608,4194304,11,cycle,insertion,2320,4194304,1.00000000000000000,-0.000000000
4,5,4096,8388608,4194304,11,cycle,insertion,2321,4194304,1.00000000000000000,-0.000000000
4,5,4096,8388608,4194304,11,cycle,insertion,2322,4194304,1.00000000000000000,-0.000000000
4,5,4096,8388608,4194304,11,cycle,insertion,2323,4194304,1.00000000000000000,-0.000000000
4,5,4096,8388608,4194304,11,cycle,insertion,2324,4194304,1.00000000000000000,-0.000000000
4,5,4096,8388608,4194304,11,cycle,insertion,2325,4194304,1.00000000000000000,-0.000000000
4,5,4096,8388608,4194304,11,cycle,insertion,2326,4194304,1.00000000000000000,-0.000000000
4,5,4096,8388608,4194304,11,cycle,insertion,2327,4194304,1.00000000000000000,-0.000000000
4,5,4096,8388608,4194304,11,cycle,insertion,2328,4194304,1.00000000000000000,-0.000000000
4,5,4096,8388608,4194304,11,cycle,insertion,2329,4194304,1.00000000000000000,-0.000000000
4,5,4096,8388608,4194304,11,cycle,insertion,2330,4194304,1.00000000000000000,-0.000000000
4,5,4096,8388608,4194304,11,cycle,insertion,2331,4194304,1.00000000000000000,-0.000000000
4,5,4096,8388608,4194304,11,cycle,insertion,2332,4194304,1.00000000000000000,-0.000000000
4,5,4096,8388608,4194304,11,cycle,insertion,2333,4194304,1.00000000000000000,-0.000000000
4,5,4096,8388608,4194304,11,cycle,insertion,2334,4194304,1.00000000000000000,-0.000000000
4,5,4096,8388608,4194304,11,cycle,insertion,2335,4194304,1.00000000000000000,-0.000000000
4,5,4096,8388608,4194304,11,cycle,insertion,2336,4194304,1.00000000000000000,-0.000000000
4,5,4096,8388608,4194304,11,cycle,insertion,2337,4194304,1.00000000000000000,-0.000000000
4,5,4096,8388608,4194304,11,cycle,insertion,2338,4194304,1.00000000000000000,-0.000000000
4,5,4096,8388608,4194304,11,cycle,insertion,2339,4194304,1.00000000000000000,-0.000000000
4,5,4096,8388608,4194304,11,cycle,insertion,2340,4194304,1.00000000000000000,-0.000000000
4,5,4096,8388608,4194304,11,cycle,insertion,2341,4194304,1.00000000000000000,-0.000000000
4,5,4096,8388608,4194304,11,cycle,insertion,2342,4194304,1.00000000000000000,-0.000000000
4,5,4096,8388608,4194304,11,cycle,insertion,2343,4194304,1.00000000000000000,-0.000000000
4,5,4096,8388608,4194304,11,cycle,insertion,2344,4194304,1.00000000000000000,-0.000000000
4,5,4096,8388608,4194304,11,cycle,insertion,2345,4194304,1.00000000000000000,-0.000000000
4,5,4096,8388608,4194304,11,cycle,insertion,2346,4194304,1.00000000000000000,-0.000000000
4,5,4096,8388608,4194304,11,cycle,insertion,2347,4194304,1.00000000000000000,-0.000000000
4,5,4096,8388608,4194304,11,cycle,insertion,2348,4194304,1.00000000000000000,-0.000000000
4,5,4096,8388608,4194304,11,cycle,insertion,2349,4194304,1.00000000000000000,-0.000000000
4,5,4096,8388608,4194304,11,cycle,insertion,2350,4194304,1.00000000000000000,-0.000000000
4,5,4096,8388608,4194304,11,cycle,insertion,2351,4194304,1.00000000000000000,-0.000000000
4,5,4096,8388608,4194304,11,cycle,insertion,2352,4194304,1.00000000000000000,-0.000000000
4,5,4096,8388608,4194304,11,cycle,insertion,2353,4194304,1.00000000000000000,-0.000000000
4,5,4096,8388608,4194304,11,cycle,insertion,2354,4194304,1.00000000000000000,-0.000000000
4,5,4096,8388608,4194304,11,cycle,insertion,2355,4194304,1.00000000000000000,-0.000000000
4,5,4096,8388608,4194304,11,cycle,insertion,2356,4194304,1.00000000000000000,-0.000000000
4,5,4096,8388608,4194304,11,cycle,insertion,2357,4194304,1.00000000000000000,-0.000000000
4,5,4096,8388608,4194304,11,cycle,insertion,2358,4194304,1.00000000000000000,-0.000000000
4,5,4096,8388608,4194304,11,cycle,insertion,2359,4194304,1.00000000000000000,-0.000000000
4,5,4096,8388608,4194304,11,cycle,insertion,2360,4194304,1.00000000000000000,-0.000000000
4,5,4096,8388608,4194304,11,cycle,insertion,2361,4194304,1.00000000000000000,-0.000000000
4,5,4096,8388608,4194304,11,cycle,insertion,2362,4194304,1.00000000000000000,-0.000000000
4,5,4096,8388608,4194304,11,cycle,insertion,2363,4194304,1.00000000000000000,-0.000000000
4,5,4096,8388608,4194304,11,cycle,insertion,2364,4194304,1.00000000000000000,-0.000000000
4,5,4096,8388608,4194304,11,cycle,insertion,2365,4194304,1.00000000000000000,-0.000000000
4,5,4096,8388608,4194304,11,cycle,insertion,2366,4194304,1.00000000000000000,-0.000000000
4,5,4096,8388608,4194304,11,cycle,insertion,2367,4194304,1.00000000000000000,-0.000000000
4,5,4096,8388608,4194304,11,cycle,insertion,2368,4194304,1.00000000000000000,-0.000000000
4,5,4096,8388608,4194304,11,cycle,insertion,2369,4194304,1.00000000000000000,-0.000000000
4,5,4096,8388608,4194304,11,cycle,insertion,2370,4194304,1.00000000000000000,-0.000000000
4,5,4096,8388608,4194304,11,cycle,insertion,2371,4194304,1.00000000000000000,-0.000000000
4,5,4096,8388608,4194304,11,cycle,insertion,2372,4194304,1.00000000000000000,-0.000000000
4,5,4096,8388608,4194304,11,cycle,insertion,2373,4194304,1.00000000000000000,-0.000000000
4,5,4096,8388608,4194304,11,cycle,insertion,2374,4194304,1.00000000000000000,-0.000000000
4,5,4096,8388608,4194304,11,cycle,insertion,2375,4194304,1.00000000000000000,-0.000000000
4,5,4096,8388608,4194304,11,cycle,insertion,2376,4194304,1.00000000000000000,-0.000000000
4,5,4096,8388608,4194304,11,cycle,insertion,2377,4194304,1.00000000000000000,-0.000000000
4,5,4096,8388608,4194304,11,cycle,insertion,2378,4194304,1.00000000000000000,-0.000000000
4,5,4096,8388608,4194304,11,cycle,insertion,2379,4194304,1.00000000000000000,-0.000000000
4,5,4096,8388608,4194304,11,cycle,insertion,2380,4194304,1.00000000000000000,-0.000000000
4,5,4096,8388608,4194304,11,cycle,insertion,2381,4194304,1.00000000000000000,-0.000000000
4,5,4096,8388608,4194304,11,cycle,insertion,2382,4194304,1.00000000000000000,-0.000000000
4,5,4096,8388608,4194304,11,cycle,insertion,2383,4194304,1.00000000000000000,-0.000000000
4,5,4096,8388608,4194304,11,cycle,insertion,2384,4194304,1.00000000000000000,-0.000000000
4,5,4096,8388608,4194304,11,cycle,insertion,2385,4194304,1.00000000000000000,-0.000000000
4,5,4096,8388608,4194304,11,cycle,insertion,2386,4194304,1.00000000000000000,-0.000000000
4,5,4096,8388608,4194304,11,cycle,insertion,2387,4194304,1.00000000000000000,-0.000000000
4,5,4096,8388608,4194304,11,cycle,insertion,2388,4194304,1.00000000000000000,-0.000000000
4,5,4096,8388608,4194304,11,cycle,insertion,2389,4194304,1.00000000000000000,-0.000000000
4,5,4096,8388608,4194304,11,cycle,insertion,2390,4194304,1.00000000000000000,-0.000000000
4,5,4096,8388608,4194304,11,cycle,insertion,2391,4194304,1.00000000000000000,-0.000000000
4,5,4096,8388608,4194304,11,cycle,insertion,2392,4194304,1.00000000000000000,-0.000000000
4,5,4096,8388608,4194304,11,cycle,insertion,2393,4194304,1.00000000000000000,-0.000000000
4,5,4096,8388608,4194304,11,cycle,insertion,2394,4194304,1.00000000000000000,-0.000000000
4,5,4096,8388608,4194304,11,cycle,insertion,2395,4194304,1.00000000000000000,-0.000000000
4,5,4096,8388608,4194304,11,cycle,insertion,2396,4194304,1.00000000000000000,-0.000000000
4,5,4096,8388608,4194304,11,cycle,insertion,2397,4194304,1.00000000000000000,-0.000000000
4,5,4096,8388608,4194304,11,cycle,insertion,2398,4194304,1.00000000000000000,-0.000000000
4,5,4096,8388608,4194304,11,cycle,insertion,2399,4194304,1.00000000000000000,-0.000000000
4,5,4096,8388608,4194304,11,cycle,insertion,2400,4194304,1.00000000000000000,-0.000000000
4,5,4096,8388608,4194304,11,cycle,insertion,2401,4194304,1.00000000000000000,-0.000000000
4,5,4096,8388608,4194304,11,cycle,insertion,2402,4194304,1.00000000000000000,-0.000000000
4,5,4096,8388608,4194304,11,cycle,insertion,2403,4194304,1.00000000000000000,-0.000000000
4,5,4096,8388608,4194304,11,cycle,insertion,2404,4194304,1.00000000000000000,-0.000000000
4,5,4096,8388608,4194304,11,cycle,insertion,2405,4194304,1.00000000000000000,-0.000000000
4,5,4096,8388608,4194304,11,cycle,insertion,2406,4194304,1.00000000000000000,-0.000000000
4,5,4096,8388608,4194304,11,cycle,insertion,2407,4194304,1.00000000000000000,-0.000000000
4,5,4096,8388608,4194304,11,cycle,insertion,2408,4194304,1.00000000000000000,-0.000000000
4,5,4096,8388608,4194304,11,cycle,insertion,2409,4194304,1.00000000000000000,-0.000000000
4,5,4096,8388608,4194304,11,cycle,insertion,2410,4194304,1.00000000000000000,-0.000000000
4,5,4096,8388608,4194304,11,cycle,insertion,2411,4194304,1.00000000000000000,-0.000000000
4,5,4096,8388608,4194304,11,cycle,insertion,2412,4194304,1.00000000000000000,-0.000000000
4,5,4096,8388608,4194304,11,cycle,insertion,2413,4194304,1.00000000000000000,-0.000000000
4,5,4096,8388608,4194304,11,cycle,insertion,2414,4194304,1.00000000000000000,-0.000000000
4,5,4096,8388608,4194304,11,cycle,insertion,2415,4194304,1.00000000000000000,-0.000000000
4,5,4096,8388608,4194304,11,cycle,insertion,2416,4194304,1.00000000000000000,-0.000000000
4,5,4096,8388608,4194304,11,cycle,insertion,2417,4194304,1.00000000000000000,-0.000000000
4,5,4096,8388608,4194304,11,cycle,insertion,2418,4194304,1.00000000000000000,-0.000000000
4,5,4096,8388608,4194304,11,cycle,insertion,2419,4194304,1.00000000000000000,-0.000000000
4,5,4096,8388608,4194304,11,cycle,insertion,2420,4194304,1.00000000000000000,-0.000000000
4,5,4096,8388608,4194304,11,cycle,insertion,2421,4194304,1.00000000000000000,-0.000000000
4,5,4096,8388608,4194304,11,cycle,insertion,2422,4194304,1.00000000000000000,-0.000000000
4,5,4096,8388608,4194304,11,cycle,insertion,2423,4194304,1.00000000000000000,-0.000000000
4,5,4096,8388608,4194304,11,cycle,insertion,2424,4194304,1.00000000000000000,-0.000000000
4,5,4096,8388608,4194304,11,cycle,insertion,2425,4194304,1.00000000000000000,-0.000000000
4,5,4096,8388608,4194304,11,cycle,insertion,2426,4194304,1.00000000000000000,-0.000000000
4,5,4096,8388608,4194304,11,cycle,insertion,2427,4194304,1.00000000000000000,-0.000000000
4,5,4096,8388608,4194304,11,cycle,insertion,2428,4194304,1.00000000000000000,-0.000000000
4,5,4096,8388608,4194304,11,cycle,insertion,2429,4194304,1.00000000000000000,-0.000000000
4,5,4096,8388608,4194304,11,cycle,insertion,2430,4194304,1.00000000000000000,-0.000000000
4,5,4096,8388608,4194304,11,cycle,insertion,2431,4194304,1.00000000000000000,-0.000000000
4,5,4096,8388608,4194304,11,cycle,insertion,2432,4194304,1.00000000000000000,-0.000000000
4,5,4096,8388608,4194304,11,cycle,insertion,2433,4194304,1.00000000000000000,-0.000000000
4,5,4096,8388608,4194304,11,cycle,insertion,2434,4194304,1.00000000000000000,-0.000000000
4,5,4096,8388608,4194304,11,cycle,insertion,2435,4194304,1.00000000000000000,-0.000000000
4,5,4096,8388608,4194304,11,cycle,insertion,2436,4194304,1.00000000000000000,-0.000000000
4,5,4096,8388608,4194304,11,cycle,insertion,2437,4194304,1.00000000000000000,-0.000000000
4,5,4096,8388608,4194304,11,cycle,insertion,2438,4194304,1.00000000000000000,-0.000000000
4,5,4096,8388608,4194304,11,cycle,insertion,2439,4194304,1.00000000000000000,-0.000000000
4,5,4096,8388608,4194304,11,cycle,insertion,2440,4194304,1.00000000000000000,-0.000000000
4,5,4096,8388608,4194304,11,cycle,insertion,2441,4194304,1.00000000000000000,-0.000000000
4,5,4096,8388608,4194304,11,cycle,insertion,2442,4194304,1.00000000000000000,-0.000000000
4,5,4096,8388608,4194304,11,cycle,insertion,2443,4194304,1.00000000000000000,-0.000000000
4,5,4096,8388608,4194304,11,cycle,insertion,2444,4194304,1.00000000000000000,-0.000000000
4,5,4096,8388608,4194304,11,cycle,insertion,2445,4194304,1.00000000000000000,-0.000000000
4,5,4096,8388608,4194304,11,cycle,insertion,2446,4194304,1.00000000000000000,-0.000000000
4,5,4096,8388608,4194304,11,cycle,insertion,2447,4194304,1.00000000000000000,-0.000000000
4,5,4096,8388608,4194304,11,cycle,insertion,2448,4194304,1.00000000000000000,-0.000000000
4,5,4096,8388608,4194304,11,cycle,insertion,2449,4194304,1.00000000000000000,-0.000000000
4,5,4096,8388608,4194304,11,cycle,insertion,2450,4194304,1.00000000000000000,-0.000000000
4,5,4096,8388608,4194304,11,cycle,insertion,2451,4194304,1.00000000000000000,-0.000000000
4,5,4096,8388608,4194304,11,cycle,insertion,2452,4194304,1.00000000000000000,-0.000000000
4,5,4096,8388608,4194304,11,cycle,insertion,2453,4194304,1.00000000000000000,-0.000000000
4,5,4096,8388608,4194304,11,cycle,insertion,2454,4194304,1.00000000000000000,-0.000000000
4,5,4096,8388608,4194304,11,cycle,insertion,2455,4194304,1.00000000000000000,-0.000000000
4,5,4096,8388608,4194304,11,cycle,insertion,2456,4194304,1.00000000000000000,-0.000000000
4,5,4096,8388608,4194304,11,cycle,insertion,2457,4194304,1.00000000000000000,-0.000000000
4,5,4096,8388608,4194304,11,cycle,insertion,2458,4194304,1.00000000000000000,-0.000000000
4,5,4096,8388608,4194304,11,cycle,insertion,2459,4194304,1.00000000000000000,-0.000000000
4,5,4096,8388608,4194304,11,cycle,insertion,2460,4194304,1.00000000000000000,-0.000000000
4,5,4096,8388608,4194304,11,cycle,insertion,2461,4194304,1.00000000000000000,-0.000000000
4,5,4096,8388608,4194304,11,cycle,insertion,2462,4194304,1.00000000000000000,-0.000000000
4,5,4096,8388608,4194304,11,cycle,insertion,2463,4194304,1.00000000000000000,-0.000000000
4,5,4096,8388608,4194304,11,cycle,insertion,2464,4194304,1.00000000000000000,-0.000000000
4,5,4096,8388608,4194304,11,cycle,insertion,2465,4194304,1.00000000000000000,-0.000000000
4,5,4096,8388608,4194304,11,cycle,insertion,2466,4194304,1.00000000000000000,-0.000000000
4,5,4096,8388608,4194304,11,cycle,insertion,2467,4194304,1.00000000000000000,-0.000000000
4,5,4096,8388608,4194304,11,cycle,insertion,2468,4194304,1.00000000000000000,-0.000000000
4,5,4096,8388608,4194304,11,cycle,insertion,2469,4194304,1.00000000000000000,-0.000000000
4,5,4096,8388608,4194304,11,cycle,insertion,2470,4194304,1.00000000000000000,-0.000000000
4,5,4096,8388608,4194304,11,cycle,insertion,2471,4194304,1.00000000000000000,-0.000000000
4,5,4096,8388608,4194304,11,cycle,insertion,2472,4194304,1.00000000000000000,-0.000000000
4,5,4096,8388608,4194304,11,cycle,insertion,2473,4194304,1.00000000000000000,-0.000000000
4,5,4096,8388608,4194304,11,cycle,insertion,2474,4194304,1.00000000000000000,-0.000000000
4,5,4096,8388608,4194304,11,cycle,insertion,2475,4194304,1.00000000000000000,-0.000000000
4,5,4096,8388608,4194304,11,cycle,insertion,2476,4194304,1.00000000000000000,-0.000000000
4,5,4096,8388608,4194304,11,cycle,insertion,2477,4194304,1.00000000000000000,-0.000000000
4,5,4096,8388608,4194304,11,cycle,insertion,2478,4194304,1.00000000000000000,-0.000000000
4,5,4096,8388608,4194304,11,cycle,insertion,2479,4194304,1.00000000000000000,-0.000000000
4,5,4096,8388608,4194304,11,cycle,insertion,2480,4194304,1.00000000000000000,-0.000000000
4,5,4096,8388608,4194304,11,cycle,insertion,2481,4194304,1.00000000000000000,-0.000000000
4,5,4096,8388608,4194304,11,cycle,insertion,2482,4194304,1.00000000000000000,-0.000000000
4,5,4096,8388608,4194304,11,cycle,insertion,2483,4194304,1.00000000000000000,-0.000000000
4,5,4096,8388608,4194304,11,cycle,insertion,2484,4194304,1.00000000000000000,-0.000000000
4,5,4096,8388608,4194304,11,cycle,insertion,2485,4194304,1.00000000000000000,-0.000000000
4,5,4096,8388608,4194304,11,cycle,insertion,2486,4194304,1.00000000000000000,-0.000000000
4,5,4096,8388608,4194304,11,cycle,insertion,2487,4194304,1.00000000000000000,-0.000000000
4,5,4096,8388608,4194304,11,cycle,insertion,2488,4194304,1.00000000000000000,-0.000000000
4,5,4096,8388608,4194304,11,cycle,insertion,2489,4194304,1.00000000000000000,-0.000000000
4,5,4096,8388608,4194304,11,cycle,insertion,2490,4194304,1.00000000000000000,-0.000000000
4,5,4096,8388608,4194304,11,cycle,insertion,2491,4194304,1.00000000000000000,-0.000000000
4,5,4096,8388608,4194304,11,cycle,insertion,2492,4194304,1.00000000000000000,-0.000000000
4,5,4096,8388608,4194304,11,cycle,insertion,2493,4194304,1.00000000000000000,-0.000000000
4,5,4096,8388608,4194304,11,cycle,insertion,2494,4194304,1.00000000000000000,-0.000000000
4,5,4096,8388608,4194304,11,cycle,insertion,2495,4194304,1.00000000000000000,-0.000000000
4,5,4096,8388608,4194304,11,cycle,insertion,2496,4194304,1.00000000000000000,-0.000000000
4,5,4096,8388608,4194304,11,cycle,insertion,2497,4194304,1.00000000000000000,-0.000000000
4,5,4096,8388608,4194304,11,cycle,insertion,2498,4194304,1.00000000000000000,-0.000000000
4,5,4096,8388608,4194304,11,cycle,insertion,2499,4194304,1.00000000000000000,-0.000000000
4,5,4096,8388608,4194304,11,cycle,insertion,2500,4194304,1.00000000000000000,-0.000000000
4,5,4096,8388608,4194304,11,cycle,insertion,2501,4194304,1.00000000000000000,-0.000000000
4,5,4096,8388608,4194304,11,cycle,insertion,2502,4194304,1.00000000000000000,-0.000000000
4,5,4096,8388608,4194304,11,cycle,insertion,2503,4194304,1.00000000000000000,-0.000000000
4,5,4096,8388608,4194304,11,cycle,insertion,2504,4194304,1.00000000000000000,-0.000000000
4,5,4096,8388608,4194304,11,cycle,insertion,2505,4194304,1.00000000000000000,-0.000000000
4,5,4096,8388608,4194304,11,cycle,insertion,2506,4194304,1.00000000000000000,-0.000000000
4,5,4096,8388608,4194304,11,cycle,insertion,2507,4194304,1.00000000000000000,-0.000000000
4,5,4096,8388608,4194304,11,cycle,insertion,2508,4194304,1.00000000000000000,-0.000000000
4,5,4096,8388608,4194304,11,cycle,insertion,2509,4194304,1.00000000000000000,-0.000000000
4,5,4096,8388608,4194304,11,cycle,insertion,2510,4194304,1.00000000000000000,-0.000000000
4,5,4096,8388608,4194304,11,cycle,insertion,2511,4194304,1.00000000000000000,-0.000000000
4,5,4096,8388608,4194304,11,cycle,insertion,2512,4194304,1.00000000000000000,-0.000000000
4,5,4096,8388608,4194304,11,cycle,insertion,2513,4194304,1.00000000000000000,-0.000000000
4,5,4096,8388608,4194304,11,cycle,insertion,2514,4194304,1.00000000000000000,-0.000000000
4,5,4096,8388608,4194304,11,cycle,insertion,2515,4194304,1.00000000000000000,-0.000000000
4,5,4096,8388608,4194304,11,cycle,insertion,2516,4194304,1.00000000000000000,-0.000000000
4,5,4096,8388608,4194304,11,cycle,insertion,2517,4194304,1.00000000000000000,-0.000000000
4,5,4096,8388608,4194304,11,cycle,insertion,2518,4194304,1.00000000000000000,-0.000000000
4,5,4096,8388608,4194304,11,cycle,insertion,2519,4194304,1.00000000000000000,-0.000000000
4,5,4096,8388608,4194304,11,cycle,insertion,2520,4194304,1.00000000000000000,-0.000000000
4,5,4096,8388608,4194304,11,cycle,insertion,2521,4194304,1.00000000000000000,-0.000000000
4,5,4096,8388608,4194304,11,cycle,insertion,2522,4194304,1.00000000000000000,-0.000000000
4,5,4096,8388608,4194304,11,cycle,insertion,2523,4194304,1.00000000000000000,-0.000000000
4,5,4096,8388608,4194304,11,cycle,insertion,2524,4194304,1.00000000000000000,-0.000000000
4,5,4096,8388608,4194304,11,cycle,insertion,2525,4194304,1.00000000000000000,-0.000000000
4,5,4096,8388608,4194304,11,cycle,insertion,2526,4194304,1.00000000000000000,-0.000000000
4,5,4096,8388608,4194304,11,cycle,insertion,2527,4194304,1.00000000000000000,-0.000000000
4,5,4096,8388608,4194304,11,cycle,insertion,2528,4194304,1.00000000000000000,-0.000000000
4,5,4096,8388608,4194304,11,cycle,insertion,2529,4194304,1.00000000000000000,-0.000000000
4,5,4096,8388608,4194304,11,cycle,insertion,2530,4194304,1.00000000000000000,-0.000000000
4,5,4096,8388608,4194304,11,cycle,insertion,2531,4194304,1.00000000000000000,-0.000000000
4,5,4096,8388608,4194304,11,cycle,insertion,2532,4194304,1.00000000000000000,-0.000000000
4,5,4096,8388608,4194304,11,cycle,insertion,2533,4194304,1.00000000000000000,-0.000000000
4,5,4096,8388608,4194304,11,cycle,insertion,2534,4194304,1.00000000000000000,-0.000000000
4,5,4096,8388608,4194304,11,cycle,insertion,2535,4194304,1.00000000000000000,-0.000000000
4,5,4096,8388608,4194304,11,cycle,insertion,2536,4194304,1.00000000000000000,-0.000000000
4,5,4096,8388608,4194304,11,cycle,insertion,2537,4194304,1.00000000000000000,-0.000000000
4,5,4096,8388608,4194304,11,cycle,insertion,2538,4194304,1.00000000000000000,-0.000000000
4,5,4096,8388608,4194304,11,cycle,insertion,2539,4194304,1.00000000000000000,-0.000000000
4,5,4096,8388608,4194304,11,cycle,insertion,2540,4194304,1.00000000000000000,-0.000000000
4,5,4096,8388608,4194304,11,cycle,insertion,2541,4194304,1.00000000000000000,-0.000000000
4,5,4096,8388608,4194304,11,cycle,insertion,2542,4194304,1.00000000000000000,-0.000000000
4,5,4096,8388608,4194304,11,cycle,insertion,2543,4194304,1.00000000000000000,-0.000000000
4,5,4096,8388608,4194304,11,cycle,insertion,2544,4194304,1.00000000000000000,-0.000000000
4,5,4096,8388608,4194304,11,cycle,insertion,2545,4194304,1.00000000000000000,-0.000000000
4,5,4096,8388608,4194304,11,cycle,insertion,2546,4194304,1.00000000000000000,-0.000000000
4,5,4096,8388608,4194304,11,cycle,insertion,2547,4194304,1.00000000000000000,-0.000000000
4,5,4096,8388608,4194304,11,cycle,insertion,2548,4194304,1.00000000000000000,-0.000000000
4,5,4096,8388608,4194304,11,cycle,insertion,2549,4194304,1.00000000000000000,-0.000000000
4,5,4096,8388608,4194304,11,cycle,insertion,2550,4194304,1.00000000000000000,-0.000000000
4,5,4096,8388608,4194304,11,cycle,insertion,2551,4194304,1.00000000000000000,-0.000000000
4,5,4096,8388608,4194304,11,cycle,insertion,2552,4194304,1.00000000000000000,-0.000000000
4,5,4096,8388608,4194304,11,cycle,insertion,2553,4194304,1.00000000000000000,-0.000000000
4,5,4096,8388608,4194304,11,cycle,insertion,2554,4194304,1.00000000000000000,-0.000000000
4,5,4096,8388608,4194304,11,cycle,insertion,2555,4194304,1.00000000000000000,-0.000000000
4,5,4096,8388608,4194304,11,cycle,insertion,2556,4194304,1.00000000000000000,-0.000000000
4,5,4096,8388608,4194304,11,cycle,insertion,2557,4194304,1.00000000000000000,-0.000000000
4,5,4096,8388608,4194304,11,cycle,insertion,2558,4194304,1.00000000000000000,-0.000000000
4,5,4096,8388608,4194304,11,cycle,insertion,2559,4194304,1.00000000000000000,-0.000000000
4,5,4096,8388608,4194304,11,cycle,insertion,2560,4194304,1.00000000000000000,-0.000000000
4,5,4096,8388608,4194304,11,cycle,insertion,2561,4194304,1.00000000000000000,-0.000000000
4,5,4096,8388608,4194304,11,cycle,insertion,2562,4194304,1.00000000000000000,-0.000000000
4,5,4096,8388608,4194304,11,cycle,insertion,2563,4194304,1.00000000000000000,-0.000000000
4,5,4096,8388608,4194304,11,cycle,insertion,2564,4194304,1.00000000000000000,-0.000000000
4,5,4096,8388608,4194304,11,cycle,insertion,2565,4194304,1.00000000000000000,-0.000000000
4,5,4096,8388608,4194304,11,cycle,insertion,2566,4194304,1.00000000000000000,-0.000000000
4,5,4096,8388608,4194304,11,cycle,insertion,2567,4194304,1.00000000000000000,-0.000000000
4,5,4096,8388608,4194304,11,cycle,insertion,2568,4194304,1.00000000000000000,-0.000000000
4,5,4096,8388608,4194304,11,cycle,insertion,2569,4194304,1.00000000000000000,-0.000000000
4,5,4096,8388608,4194304,11,cycle,insertion,2570,4194304,1.00000000000000000,-0.000000000
4,5,4096,8388608,4194304,11,cycle,insertion,2571,4194304,1.00000000000000000,-0.000000000
4,5,4096,8388608,4194304,11,cycle,insertion,2572,4194304,1.00000000000000000,-0.000000000
4,5,4096,8388608,4194304,11,cycle,insertion,2573,4194304,1.00000000000000000,-0.000000000
4,5,4096,8388608,4194304,11,cycle,insertion,2574,4194304,1.00000000000000000,-0.000000000
4,5,4096,8388608,4194304,11,cycle,insertion,2575,4194304,1.00000000000000000,-0.000000000
4,5,4096,8388608,4194304,11,cycle,insertion,2576,4194304,1.00000000000000000,-0.000000000
4,5,4096,8388608,4194304,11,cycle,insertion,2577,4194304,1.00000000000000000,-0.000000000
4,5,4096,8388608,4194304,11,cycle,insertion,2578,4194304,1.00000000000000000,-0.000000000
4,5,4096,8388608,4194304,11,cycle,insertion,2579,4194304,1.00000000000000000,-0.000000000
4,5,4096,8388608,4194304,11,cycle,insertion,2580,4194304,1.00000000000000000,-0.000000000
4,5,4096,8388608,4194304,11,cycle,insertion,2581,4194304,1.00000000000000000,-0.000000000
4,5,4096,8388608,4194304,11,cycle,insertion,2582,4194304,1.00000000000000000,-0.000000000
4,5,4096,8388608,4194304,11,cycle,insertion,2583,4194304,1.00000000000000000,-0.000000000
4,5,4096,8388608,4194304,11,cycle,insertion,2584,4194304,1.00000000000000000,-0.000000000
4,5,4096,8388608,4194304,11,cycle,insertion,2585,4194304,1.00000000000000000,-0.000000000
4,5,4096,8388608,4194304,11,cycle,insertion,2586,4194304,1.00000000000000000,-0.000000000
4,5,4096,8388608,4194304,11,cycle,insertion,2587,4194304,1.00000000000000000,-0.000000000
4,5,4096,8388608,4194304,11,cycle,insertion,2588,4194304,1.00000000000000000,-0.000000000
4,5,4096,8388608,4194304,11,cycle,insertion,2589,4194304,1.00000000000000000,-0.000000000
4,5,4096,8388608,4194304,11,cycle,insertion,2590,4194304,1.00000000000000000,-0.000000000
4,5,4096,8388608,4194304,11,cycle,insertion,2591,4194304,1.00000000000000000,-0.000000000
4,5,4096,8388608,4194304,11,cycle,insertion,2592,4194304,1.00000000000000000,-0.000000000
4,5,4096,8388608,4194304,11,cycle,insertion,2593,4194304,1.00000000000000000,-0.000000000
4,5,4096,8388608,4194304,11,cycle,insertion,2594,4194304,1.00000000000000000,-0.000000000
4,5,4096,8388608,4194304,11,cycle,insertion,2595,4194304,1.00000000000000000,-0.000000000
4,5,4096,8388608,4194304,11,cycle,insertion,2596,4194304,1.00000000000000000,-0.000000000
4,5,4096,8388608,4194304,11,cycle,insertion,2597,4194304,1.00000000000000000,-0.000000000
4,5,4096,8388608,4194304,11,cycle,insertion,2598,4194304,1.00000000000000000,-0.000000000
4,5,4096,8388608,4194304,11,cycle,insertion,2599,4194304,1.00000000000000000,-0.000000000
4,5,4096,8388608,4194304,11,cycle,insertion,2600,4194304,1.00000000000000000,-0.000000000
4,5,4096,8388608,4194304,11,cycle,insertion,2601,4194304,1.00000000000000000,-0.000000000
4,5,4096,8388608,4194304,11,cycle,insertion,2602,4194304,1.00000000000000000,-0.000000000
4,5,4096,8388608,4194304,11,cycle,insertion,2603,4194304,1.00000000000000000,-0.000000000
4,5,4096,8388608,4194304,11,cycle,insertion,2604,4194304,1.00000000000000000,-0.000000000
4,5,4096,8388608,4194304,11,cycle,insertion,2605,4194304,1.00000000000000000,-0.000000000
4,5,4096,8388608,4194304,11,cycle,insertion,2606,4194304,1.00000000000000000,-0.000000000
4,5,4096,8388608,4194304,11,cycle,insertion,2607,4194304,1.00000000000000000,-0.000000000
4,5,4096,8388608,4194304,11,cycle,insertion,2608,4194304,1.00000000000000000,-0.000000000
4,5,4096,8388608,4194304,11,cycle,insertion,2609,4194304,1.00000000000000000,-0.000000000
4,5,4096,8388608,4194304,11,cycle,insertion,2610,4194304,1.00000000000000000,-0.000000000
4,5,4096,8388608,4194304,11,cycle,insertion,2611,4194304,1.00000000000000000,-0.000000000
4,5,4096,8388608,4194304,11,cycle,insertion,2612,4194304,1.00000000000000000,-0.000000000
4,5,4096,8388608,4194304,11,cycle,insertion,2613,4194304,1.00000000000000000,-0.000000000
4,5,4096,8388608,4194304,11,cycle,insertion,2614,4194304,1.00000000000000000,-0.000000000
4,5,4096,8388608,4194304,11,cycle,insertion,2615,4194304,1.00000000000000000,-0.000000000
4,5,4096,8388608,4194304,11,cycle,insertion,2616,4194304,1.00000000000000000,-0.000000000
4,5,4096,8388608,4194304,11,cycle,insertion,2617,4194304,1.00000000000000000,-0.000000000
4,5,4096,8388608,4194304,11,cycle,insertion,2618,4194304,1.00000000000000000,-0.000000000
4,5,4096,8388608,4194304,11,cycle,insertion,2619,4194304,1.00000000000000000,-0.000000000
4,5,4096,8388608,4194304,11,cycle,insertion,2620,4194304,1.00000000000000000,-0.000000000
4,5,4096,8388608,4194304,11,cycle,insertion,2621,4194304,1.00000000000000000,-0.000000000
4,5,4096,8388608,4194304,11,cycle,insertion,2622,4194304,1.00000000000000000,-0.000000000
4,5,4096,8388608,4194304,11,cycle,insertion,2623,4194304,1.00000000000000000,-0.000000000
4,5,4096,8388608,4194304,11,cycle,insertion,2624,4194304,1.00000000000000000,-0.000000000
4,5,4096,8388608,4194304,11,cycle,insertion,2625,4194304,1.00000000000000000,-0.000000000
4,5,4096,8388608,4194304,11,cycle,insertion,2626,4194304,1.00000000000000000,-0.000000000
4,5,4096,8388608,4194304,11,cycle,insertion,2627,4194304,1.00000000000000000,-0.000000000
4,5,4096,8388608,4194304,11,cycle,insertion,2628,4194302,0.99999952316284180,0.000000688
4,5,4096,8388608,4194304,11,cycle,insertion,2629,4194296,0.99999809265136719,0.000002752
4,5,4096,8388608,4194304,11,cycle,insertion,2630,4194288,0.99999618530273438,0.000005503
4,5,4096,8388608,4194304,11,cycle,insertion,2631,4194273,0.99999260902404785,0.000010663
4,5,4096,8388608,4194304,11,cycle,insertion,2632,4194245,0.99998593330383301,0.000020294
4,5,4096,8388608,4194304,11,cycle,insertion,2633,4194211,0.99997782707214355,0.000031989
4,5,4096,8388608,4194304,11,cycle,insertion,2634,4194183,0.99997115135192871,0.000041620
4,5,4096,8388608,4194304,11,cycle,insertion,2635,4194161,0.99996590614318848,0.000049188
4,5,4096,8388608,4194304,11,cycle,insertion,2636,4194141,0.99996113777160645,0.000056067
4,5,4096,8388608,4194304,11,cycle,insertion,2637,4194137,0.99996018409729004,0.000057443
4,5,4096,8388608,4194304,11,cycle,insertion,2638,4194132,0.99995899200439453,0.000059163
4,5,4096,8388608,4194304,11,cycle,insertion,2639,4194118,0.99995565414428711,0.000063979
4,5,4096,8388608,4194304,11,cycle,insertion,2640,4194103,0.99995207786560059,0.000069139
4,5,4096,8388608,4194304,11,cycle,insertion,2641,4194074,0.99994516372680664,0.000079114
4,5,4096,8388608,4194304,11,cycle,insertion,2642,4194056,0.99994087219238281,0.000085306
4,5,4096,8388608,4194304,11,cycle,insertion,2643,4194040,0.99993705749511719,0.000090810
4,5,4096,8388608,4194304,11,cycle,insertion,2644,4194016,0.99993133544921875,0.000099065
4,5,4096,8388608,4194304,11,cycle,insertion,2645,4193974,0.99992132186889648,0.000113513
4,5,4096,8388608,4194304,11,cycle,insertion,2646,4193955,0.99991679191589355,0.000120049
4,5,4096,8388608,4194304,11,cycle,insertion,2647,4193911,0.99990630149841309,0.000135185
4,5,4096,8388608,4194304,11,cycle,insertion,2648,4193880,0.99989891052246094,0.000145849
4,5,4096,8388608,4194304,11,cycle,insertion,2649,4193859,0.99989390373229980,0.000153073
4,5,4096,8388608,4194304,11,cycle,insertion,2650,4193846,0.99989080429077148,0.000157545
4,5,4096,8388608,4194304,11,cycle,insertion,2651,4193821,0.99988484382629395,0.000166145
4,5,4096,8388608,4194304,11,cycle,insertion,2652,4193792,0.99987792968750000,0.000176121
4,5,4096,8388608,4194304,11,cycle,insertion,2653,4193751,0.99986815452575684,0.000190225
4,5,4096,8388608,4194304,11,cycle,insertion,2654,4193695,0.99985480308532715,0.000209490
4,5,4096,8388608,4194304,11,cycle,insertion,2655,4193653,0.99984478950500488,0.000223939
4,5,4096,8388608,4194304,11,cycle,insertion,2656,4193605,0.99983334541320801,0.000240452
4,5,4096,8388608,4194304,11,cycle,insertion,2657,4193575,0.99982619285583496,0.000250772
4,5,4096,8388608,4194304,11,cycle,insertion,2658,4193532,0.99981594085693359,0.000265566
4,5,4096,8388608,4194304,11,cycle,insertion,2659,4193492,0.99980640411376953,0.000279327
4,5,4096,8388608,4194304,11,cycle,insertion,2660,4193439,0.99979376792907715,0.000297561
4,5,4096,8388608,4194304,11,cycle,insertion,2661,4193379,0.99977946281433105,0.000318203
4,5,4096,8388608,4194304,11,cycle,insertion,2662,4193343,0.99977087974548340,0.000330589
4,5,4096,8388608,4194304,11,cycle,insertion,2663,4193281,0.99975609779357910,0.000351919
4,5,4096,8388608,4194304,11,cycle,insertion,2664,4193217,0.99974083900451660,0.000373939
4,5,4096,8388608,4194304,11,cycle,insertion,2665,4193132,0.99972057342529297,0.000403184
4,5,4096,8388608,4194304,11,cycle,insertion,2666,4193054,0.99970197677612305,0.000430021
4,5,4096,8388608,4194304,11,cycle,insertion,2667,4192982,0.99968481063842773,0.000454794
4,5,4096,8388608,4194304,11,cycle,insertion,2668,4192916,0.99966907501220703,0.000477503
4,5,4096,8388608,4194304,11,cycle,insertion,2669,4192853,0.99965405464172363,0.000499180
4,5,4096,8388608,4194304,11,cycle,insertion,2670,4192793,0.99963974952697754,0.000519825
4,5,4096,8388608,4194304,11,cycle,insertion,2671,4192726,0.99962377548217773,0.000542879
4,5,4096,8388608,4194304,11,cycle,insertion,2672,4192642,0.99960374832153320,0.000571784
4,5,4096,8388608,4194304,11,cycle,insertion,2673,4192584,0.99958992004394531,0.000591742
4,5,4096,8388608,4194304,11,cycle,insertion,2674,4192521,0.99957489967346191,0.000613421
4,5,4096,8388608,4194304,11,cycle,insertion,2675,4192444,0.99955654144287109,0.000639917
4,5,4096,8388608,4194304,11,cycle,insertion,2676,4192373,0.99953961372375488,0.000664350
4,5,4096,8388608,4194304,11,cycle,insertion,2677,4192303,0.99952292442321777,0.000688439
4,5,4096,8388608,4194304,11,cycle,insertion,2678,4192226,0.99950456619262695,0.000714937
4,5,4096,8388608,4194304,11,cycle,insertion,2679,4192138,0.99948358535766602,0.000745221
4,5,4096,8388608,4194304,11,cycle,insertion,2680,4192030,0.99945783615112305,0.000782389
4,5,4096,8388608,4194304,11,cycle,insertion,2681,4191939,0.99943614006042480,0.000813707
4,5,4096,8388608,4194304,11,cycle,insertion,2682,4191817,0.99940705299377441,0.000855695
4,5,4096,8388608,4194304,11,cycle,insertion,2683,4191708,0.99938106536865234,0.000893210
4,5,4096,8388608,4194304,11,cycle,insertion,2684,4191561,0.99934601783752441,0.000943805
4,5,4096,8388608,4194304,11,cycle,insertion,2685,4191352,0.99929618835449219,0.001015743
4,5,4096,8388608,4194304,11,cycle,insertion,2686,4191124,0.99924182891845703,0.001094225
4,5,4096,8388608,4194304,11,cycle,insertion,2687,4190890,0.99918603897094727,0.001174776
4,5,4096,8388608,4194304,11,cycle,insertion,2688,4190611,0.99911952018737793,0.001270823
4,5,4096,8388608,4194304,11,cycle,insertion,2689,4190283,0.99904131889343262,0.001383748
4,5,4096,8388608,4194304,11,cycle,insertion,2690,4190056,0.99898719787597656,0.001461905
4,5,4096,8388608,4194304,11,cycle,insertion,2691,4189798,0.99892568588256836,0.001550741
4,5,4096,8388608,4194304,11,cycle,insertion,2692,4189543,0.99886488914489746,0.001638549
4,5,4096,8388608,4194304,11,cycle,insertion,2693,4189223,0.99878859519958496,0.001748747
4,5,4096,8388608,4194304,11,cycle,insertion,2694,4188825,0.99869370460510254,0.001885818
4,5,4096,8388608,4194304,11,cycle,insertion,2695,4188460,0.99860668182373047,0.002011535
4,5,4096,8388608,4194304,11,cycle,insertion,2696,4187974,0.99849081039428711,0.002178945
4,5,4096,8388608,4194304,11,cycle,insertion,2697,4187402,0.99835443496704102,0.002376004
4,5,4096,8388608,4194304,11,cycle,insertion,2698,4186773,0.99820446968078613,0.002592731
4,5,4096,8388608,4194304,11,cycle,insertion,2699,4186169,0.99806046485900879,0.002800875
4,5,4096,8388608,4194304,11,cycle,insertion,2700,4185534,0.99790906906127930,0.003019734
4,5,4096,8388608,4194304,11,cycle,insertion,2701,4184847,0.99774527549743652,0.003256553
4,5,4096,8388608,4194304,11,cycle,insertion,2702,4184138,0.99757623672485352,0.003500996
4,5,4096,8388608,4194304,11,cycle,insertion,2703,4183433,0.99740815162658691,0.003744101
4,5,4096,8388608,4194304,11,cycle,insertion,2704,4182684,0.99722957611083984,0.004002424
4,5,4096,8388608,4194304,11,cycle,insertion,2705,4181915,0.99704623222351074,0.004267692
4,5,4096,8388608,4194304,11,cycle,insertion,2706,4181089,0.99684929847717285,0.004552677
4,5,4096,8388608,4194304,11,cycle,insertion,2707,4180164,0.99662876129150391,0.004871886
4,5,4096,8388608,4194304,11,cycle,insertion,2708,4179061,0.99636578559875488,0.005252613
4,5,4096,8388608,4194304,11,cycle,insertion,2709,4177966,0.99610471725463867,0.005630679
4,5,4096,8388608,4194304,11,cycle,insertion,2710,4176936,0.99585914611816406,0.005986392
4,5,4096,8388608,4194304,11,cycle,insertion,2711,4175922,0.99561738967895508,0.006336666
4,5,4096,8388608,4194304,11,cycle,insertion,2712,4174834,0.99535799026489258,0.006712596
4,5,4096,8388608,4194304,11,cycle,insertion,2713,4173614,0.99506711959838867,0.007134253
4,5,4096,8388608,4194304,11,cycle,insertion,2714,4172271,0.99474692344665527,0.007598563
4,5,4096,8388608,4194304,11,cycle,insertion,2715,4170823,0.99440169334411621,0.008099342
4,5,4096,8388608,4194304,11,cycle,insertion,2716,4169371,0.99405550956726074,0.008601679
4,5,4096,8388608,4194304,11,cycle,insertion,2717,4167777,0.99367547035217285,0.009153343
4,5,4096,8388608,4194304,11,cycle,insertion,2718,4166199,0.99329924583435059,0.009699679
4,5,4096,8388608,4194304,11,cycle,insertion,2719,4164583,0.99291396141052246,0.010259385
4,5,4096,8388608,4194304,11,cycle,insertion,2720,4163034,0.99254465103149414,0.010796089
4,5,4096,8388608,4194304,11,cycle,insertion,2721,4161306,0.99213266372680664,0.011395050
4,5,4096,8388608,4194304,11,cycle,insertion,2722,4159419,0.99168276786804199,0.012049408
4,5,4096,8388608,4194304,11,cycle,insertion,2723,4157547,0.99123644828796387,0.012698858
4,5,4096,8388608,4194304,11,cycle,insertion,2724,4155672,0.99078941345214844,0.013349641
4,5,4096,8388608,4194304,11,cycle,insertion,2725,4153615,0.99029898643493652,0.014063932
4,5,4096,8388608,4194304,11,cycle,insertion,2726,4151509,0.98979687690734863,0.014795605
4,5,4096,8388608,4194304,11,cycle,insertion,2727,4149335,0.98927855491638184,0.015551292
4,5,4096,8388608,4194304,11,cycle,insertion,2728,4147067,0.98873782157897949,0.016340075
4,5,4096,8388608,4194304,11,cycle,insertion,2729,4144760,0.98818778991699219,0.017142865
4,5,4096,8388608,4194304,11,cycle,insertion,2730,4142392,0.98762321472167969,0.017967347
4,5,4096,8388608,4194304,11,cycle,insertion,2731,4139797,0.98700451850891113,0.018871406
4,5,4096,8388608,4194304,11,cycle,insertion,2732,4137033,0.98634552955627441,0.019834965
4,5,4096,8388608,4194304,11,cycle,insertion,2733,4134293,0.98569226264953613,0.020790794
4,5,4096,8388608,4194304,11,cycle,insertion,2734,4131448,0.98501396179199219,0.021783921
4,5,4096,8388608,4194304,11,cycle,insertion,2735,4128475,0.98430514335632324,0.022822462
4,5,4096,8388608,4194304,11,cycle,insertion,2736,4125499,0.98359560966491699,0.023862799
4,5,4096,8388608,4194304,11,cycle,insertion,2737,4122342,0.98284292221069336,0.024967231
4,5,4096,8388608,4194304,11,cycle,insertion,2738,4119251,0.98210597038269043,0.026049393
4,5,4096,8388608,4194304,11,cycle,insertion,2739,4116052,0.98134326934814453,0.027170222
4,5,4096,8388608,4194304,11,cycle,insertion,2740,4112874,0.98058557510375977,0.028284556
4,5,4096,8388608,4194304,11,cycle,insertion,2741,4109417,0.97976136207580566,0.029497696
4,5,4096,8388608,4194304,11,cycle,insertion,2742,4105825,0.97890496253967285,0.030759293
4,5,4096,8388608,4194304,11,cycle,insertion,2743,4102139,0.97802615165710449,0.032055053
4,5,4096,8388608,4194304,11,cycle,insertion,2744,4098383,0.97713065147399902,0.033376618
4,5,4096,8388608,4194304,11,cycle,insertion,2745,4094295,0.97615599632263184,0.034816376
4,5,4096,8388608,4194304,11,cycle,insertion,2746,4090011,0.97513461112976074,0.036326707
4,5,4096,8388608,4194304,11,cycle,insertion,2747,4085583,0.97407889366149902,0.037889470
4,5,4096,8388608,4194304,11,cycle,insertion,2748,4081131,0.97301745414733887,0.039462410
4,5,4096,8388608,4194304,11,cycle,insertion,2749,4076427,0.97189593315124512,0.041126251
4,5,4096,8388608,4194304,11,cycle,insertion,2750,4071589,0.97074246406555176,0.042839492
4,5,4096,8388608,4194304,11,cycle,insertion,2751,4066450,0.96951723098754883,0.044661556
4,5,4096,8388608,4194304,11,cycle,insertion,2752,4061005,0.96821904182434082,0.046594627
4,5,4096,8388608,4194304,11,cycle,insertion,2753,4055308,0.96686077117919922,0.048619940
4,5,4096,8388608,4194304,11,cycle,insertion,2754,4049558,0.96548986434936523,0.050666981
4,5,4096,8388608,4194304,11,cycle,insertion,2755,4043719,0.96409773826599121,0.052748684
4,5,4096,8388608,4194304,11,cycle,insertion,2756,4037608,0.96264076232910156,0.054930580
4,5,4096,8388608,4194304,11,cycle,insertion,2757,4031295,0.96113562583923340,0.057188071
4,5,4096,8388608,4194304,11,cycle,insertion,2758,4024748,0.95957469940185547,0.059532976
4,5,4096,8388608,4194304,11,cycle,insertion,2759,4017910,0.95794439315795898,0.061986182
4,5,4096,8388608,4194304,11,cycle,insertion,2760,4011248,0.95635604858398438,0.064380265
4,5,4096,8388608,4194304,11,cycle,insertion,2761,4004246,0.95468664169311523,0.066900822
4,5,4096,8388608,4194304,11,cycle,insertion,2762,3997031,0.95296645164489746,0.069502669
4,5,4096,8388608,4194304,11,cycle,insertion,2763,3989326,0.95112943649291992,0.072286408
4,5,4096,8388608,4194304,11,cycle,insertion,2764,3981406,0.94924116134643555,0.075153434
4,5,4096,8388608,4194304,11,cycle,insertion,2765,3973381,0.94732785224914551,0.078064293
4,5,4096,8388608,4194304,11,cycle,insertion,2766,3965423,0.94543051719665527,0.080956661
4,5,4096,8388608,4194304,11,cycle,insertion,2767,3957125,0.94345211982727051,0.083978792
4,5,4096,8388608,4194304,11,cycle,insertion,2768,3948527,0.94140219688415527,0.087116875
4,5,4096,8388608,4194304,11,cycle,insertion,2769,3939741,0.93930745124816895,0.090330641
4,5,4096,8388608,4194304,11,cycle,insertion,2770,3930328,0.93706321716308594,0.093781715
4,5,4096,8388608,4194304,11,cycle,insertion,2771,3921145,0.93487381935119629,0.097156438
4,5,4096,8388608,4194304,11,cycle,insertion,2772,3912101,0.93271756172180176,0.100487813
4,5,4096,8388608,4194304,11,cycle,insertion,2773,3902931,0.93053126335144043,0.103873473
4,5,4096,8388608,4194304,11,cycle,insertion,2774,3893471,0.92827582359313965,0.107374550
4,5,4096,8388608,4194304,11,cycle,insertion,2775,3883573,0.92591595649719238,0.111046846
4,5,4096,8388608,4194304,11,cycle,insertion,2776,3872999,0.92339491844177246,0.114980302
4,5,4096,8388608,4194304,11,cycle,insertion,2777,3862360,0.92085838317871094,0.118948790
4,5,4096,8388608,4194304,11,cycle,insertion,2778,3851559,0.91828322410583496,0.122988905
4,5,4096,8388608,4194304,11,cycle,insertion,2779,3840511,0.91564917564392090,0.127133149
4,5,4096,8388608,4194304,11,cycle,insertion,2780,3829138,0.91293764114379883,0.131411776
4,5,4096,8388608,4194304,11,cycle,insertion,2781,3817852,0.91024684906005859,0.135670253
4,5,4096,8388608,4194304,11,cycle,insertion,2782,3806028,0.90742778778076172,0.140145255
4,5,4096,8388608,4194304,11,cycle,insertion,2783,3794556,0.90469264984130859,0.144500345
4,5,4096,8388608,4194304,11,cycle,insertion,2784,3782572,0.90183544158935547,0.149063887
4,5,4096,8388608,4194304,11,cycle,insertion,2785,3770735,0.89901328086853027,0.153585666
4,5,4096,8388608,4194304,11,cycle,insertion,2786,3758069,0.89599347114562988,0.158439875
4,5,4096,8388608,4194304,11,cycle,insertion,2787,3745413,0.89297604560852051,0.163306620
4,5,4096,8388608,4194304,11,cycle,insertion,2788,3732494,0.88989591598510742,0.168291489
4,5,4096,8388608,4194304,11,cycle,insertion,2789,3718744,0.88661766052246094,0.173615995
4,5,4096,8388608,4194304,11,cycle,insertion,2790,3705258,0.88340234756469727,0.178857429
4,5,4096,8388608,4194304,11,cycle,insertion,2791,3691005,0.88000416755676270,0.184417739
4,5,4096,8388608,4194304,11,cycle,insertion,2792,3676983,0.87666106224060059,0.189908924
4,5,4096,8388608,4194304,11,cycle,insertion,2793,3662572,0.87322521209716797,0.195574310
4,5,4096,8388608,4194304,11,cycle,insertion,2794,3647975,0.86974501609802246,0.201335588
4,5,4096,8388608,4194304,11,cycle,insertion,2795,3632822,0.86613225936889648,0.207340752
4,5,4096,8388608,4194304,11,cycle,insertion,2796,3617250,0.86241960525512695,0.213538120
4,5,4096,8388608,4194304,11,cycle,insertion,2797,3601168,0.85858535766601562,0.219966526
4,5,4096,8388608,4194304,11,cycle,insertion,2798,3584717,0.85466313362121582,0.226572203
4,5,4096,8388608,4194304,11,cycle,insertion,2799,3567466,0.85055017471313477,0.233531751
4,5,4096,8388608,4194304,11,cycle,insertion,2800,3550207,0.84643530845642090,0.240528285
4,5,4096,8388608,4194304,11,cycle,insertion,2801,3532916,0.84231281280517578,0.247571983
4,5,4096,8388608,4194304,11,cycle,insertion,2802,3514973,0.83803486824035645,0.254917823
4,5,4096,8388608,4194304,11,cycle,insertion,2803,3496984,0.83374595642089844,0.262320235
4,5,4096,8388608,4194304,11,cycle,insertion,2804,3478490,0.82933664321899414,0.269970257
4,5,4096,8388608,4194304,11,cycle,insertion,2805,3459789,0.82487797737121582,0.277747375
4,5,4096,8388608,4194304,11,cycle,insertion,2806,3440410,0.82025766372680664,0.285850927
4,5,4096,8388608,4194304,11,cycle,insertion,2807,3420505,0.81551194190979004,0.294222092
4,5,4096,8388608,4194304,11,cycle,insertion,2808,3400070,0.81063985824584961,0.302866982
4,5,4096,8388608,4194304,11,cycle,insertion,2809,3379786,0.80580377578735352,0.311499529
4,5,4096,8388608,4194304,11,cycle,insertion,2810,3359240,0.80090522766113281,0.320296558
4,5,4096,8388608,4194304,11,cycle,insertion,2811,3338503,0.79596114158630371,0.329230094
4,5,4096,8388608,4194304,11,cycle,insertion,2812,3317835,0.79103350639343262,0.338189290
4,5,4096,8388608,4194304,11,cycle,insertion,2813,3297009,0.78606820106506348,0.347273605
4,5,4096,8388608,4194304,11,cycle,insertion,2814,3276056,0.78107261657714844,0.356471412
4,5,4096,8388608,4194304,11,cycle,insertion,2815,3255259,0.77611422538757324,0.365659097
4,5,4096,8388608,4194304,11,cycle,insertion,2816,3233785,0.77099442481994629,0.375207667
4,5,4096,8388608,4194304,11,cycle,insertion,2817,3212079,0.76581931114196777,0.384924055
4,5,4096,8388608,4194304,11,cycle,insertion,2818,3189755,0.76049685478210449,0.394985814
4,5,4096,8388608,4194304,11,cycle,insertion,2819,3167343,0.75515341758728027,0.405158322
4,5,4096,8388608,4194304,11,cycle,insertion,2820,3144953,0.74981522560119629,0.415392974
4,5,4096,8388608,4194304,11,cycle,insertion,2821,3122876,0.74455165863037109,0.425556145
4,5,4096,8388608,4194304,11,cycle,insertion,2822,3100683,0.73926043510437012,0.435845392
4,5,4096,8388608,4194304,11,cycle,insertion,2823,3077927,0.73383498191833496,0.446472415
4,5,4096,8388608,4194304,11,cycle,insertion,2824,3055438,0.72847318649291992,0.457052224
4,5,4096,8388608,4194304,11,cycle,insertion,2825,3032210,0.72293519973754883,0.468061758
4,5,4096,8388608,4194304,11,cycle,insertion,2826,3009045,0.71741223335266113,0.479125748
4,5,4096,8388608,4194304,11,cycle,insertion,2827,2985791,0.71186804771423340,0.490318248
4,5,4096,8388608,4194304,11,cycle,insertion,2828,2961429,0.70605969429016113,0.502137933
4,5,4096,8388608,4194304,11,cycle,insertion,2829,2937161,0.70027375221252441,0.514009082
4,5,4096,8388608,4194304,11,cycle,insertion,2830,2912876,0.69448375701904297,0.525987143
4,5,4096,8388608,4194304,11,cycle,insertion,2831,2888233,0.68860840797424316,0.538244298
4,5,4096,8388608,4194304,11,cycle,insertion,2832,2863457,0.68270134925842285,0.550673492
4,5,4096,8388608,4194304,11,cycle,insertion,2833,2838430,0.67673444747924805,0.563338268
4,5,4096,8388608,4194304,11,cycle,insertion,2834,2813615,0.67081809043884277,0.576006499
4,5,4096,8388608,4194304,11,cycle,insertion,2835,2788937,0.66493439674377441,0.588716085
4,5,4096,8388608,4194304,11,cycle,insertion,2836,2763554,0.65888261795043945,0.601906628
4,5,4096,8388608,4194304,11,cycle,insertion,2837,2738228,0.65284442901611328,0.615188852
4,5,4096,8388608,4194304,11,cycle,insertion,2838,2712640,0.64674377441406250,0.628733833
4,5,4096,8388608,4194304,11,cycle,insertion,2839,2686855,0.64059615135192871,0.642512964
4,5,4096,8388608,4194304,11,cycle,insertion,2840,2660980,0.63442707061767578,0.656473764
4,5,4096,8388608,4194304,11,cycle,insertion,2841,2635183,0.62827658653259277,0.670528278
4,5,4096,8388608,4194304,11,cycle,insertion,2842,2609149,0.62206959724426270,0.684852097
4,5,4096,8388608,4194304,11,cycle,insertion,2843,2582963,0.61582636833190918,0.699404453
4,5,4096,8388608,4194304,11,cycle,insertion,2844,2556725,0.60957074165344238,0.714134437
4,5,4096,8388608,4194304,11,cycle,insertion,2845,2530380,0.60328960418701172,0.729077373
4,5,4096,8388608,4194304,11,cycle,insertion,2846,2503777,0.59694695472717285,0.744325357
4,5,4096,8388608,4194304,11,cycle,insertion,2847,2476944,0.59054946899414062,0.759870179
4,5,4096,8388608,4194304,11,cycle,insertion,2848,2449913,0.58410477638244629,0.775700913
4,5,4096,8388608,4194304,11,cycle,insertion,2849,2423202,0.57773637771606445,0.791516757
4,5,4096,8388608,4194304,11,cycle,insertion,2850,2396385,0.57134270668029785,0.807571722
4,5,4096,8388608,4194304,11,cycle,insertion,2851,2369900,0.56502819061279297,0.823605246
4,5,4096,8388608,4194304,11,cycle,insertion,2852,2342805,0.55856823921203613,0.840194552
4,5,4096,8388608,4194304,11,cycle,insertion,2853,2315416,0.55203819274902344,0.857160012
4,5,4096,8388608,4194304,11,cycle,insertion,2854,2288260,0.54556369781494141,0.874180445
4,5,4096,8388608,4194304,11,cycle,insertion,2855,2261166,0.53910398483276367,0.891364521
4,5,4096,8388608,4194304,11,cycle,insertion,2856,2233774,0.53257322311401367,0.908948201
4,5,4096,8388608,4194304,11,cycle,insertion,2857,2206408,0.52604866027832031,0.926731838
4,5,4096,8388608,4194304,11,cycle,insertion,2858,2178990,0.51951169967651367,0.944771855
4,5,4096,8388608,4194304,11,cycle,insertion,2859,2151997,0.51307606697082520,0.962755364
4,5,4096,8388608,4194304,11,cycle,insertion,2860,2124965,0.50663113594055176,0.980992352
4,5,4096,8388608,4194304,11,cycle,insertion,2861,2098439,0.50030684471130371,0.999114905
4,5,4096,8388608,4194304,11,cycle,insertion,2862,2071931,0.49398684501647949,1.017455472
4,5,4096,8388608,4194304,11,cycle,insertion,2863,2045971,0.48779749870300293,1.035645734
4,5,4096,8388608,4194304,11,cycle,insertion,2864,2020345,0.48168778419494629,1.053829758
4,5,4096,8388608,4194304,11,cycle,insertion,2865,1994225,0.47546029090881348,1.072603239
4,5,4096,8388608,4194304,11,cycle,insertion,2866,1968044,0.46921825408935547,1.091668955
4,5,4096,8388608,4194304,11,cycle,insertion,2867,1941920,0.46298980712890625,1.110947662
4,5,4096,8388608,4194304,11,cycle,insertion,2868,1916034,0.45681810379028320,1.130308269
4,5,4096,8388608,4194304,11,cycle,insertion,2869,1889775,0.45055747032165527,1.150216956
4,5,4096,8388608,4194304,11,cycle,insertion,2870,1863454,0.44428205490112305,1.170452225
4,5,4096,8388608,4194304,11,cycle,insertion,2871,1837029,0.43798184394836426,1.191057029
4,5,4096,8388608,4194304,11,cycle,insertion,2872,1810938,0.43176126480102539,1.211694276
4,5,4096,8388608,4194304,11,cycle,insertion,2873,1785148,0.42561244964599609,1.232387743
4,5,4096,8388608,4194304,11,cycle,insertion,2874,1760031,0.41962409019470215,1.252830591
4,5,4096,8388608,4194304,11,cycle,insertion,2875,1735391,0.41374945640563965,1.273170678
4,5,4096,8388608,4194304,11,cycle,insertion,2876,1710454,0.40780401229858398,1.294052125
4,5,4096,8388608,4194304,11,cycle,insertion,2877,1685772,0.40191936492919922,1.315022005
4,5,4096,8388608,4194304,11,cycle,insertion,2878,1661448,0.39612007141113281,1.335990290
4,5,4096,8388608,4194304,11,cycle,insertion,2879,1637684,0.39045429229736328,1.356774423
4,5,4096,8388608,4194304,11,cycle,insertion,2880,1613673,0.38472962379455566,1.378083175
4,5,4096,8388608,4194304,11,cycle,insertion,2881,1589643,0.37900042533874512,1.399728627
4,5,4096,8388608,4194304,11,cycle,insertion,2882,1565042,0.37313508987426758,1.422230056
4,5,4096,8388608,4194304,11,cycle,insertion,2883,1540652,0.36732006072998047,1.444890406
4,5,4096,8388608,4194304,11,cycle,insertion,2884,1516403,0.36153864860534668,1.467778215
4,5,4096,8388608,4194304,11,cycle,insertion,2885,1492506,0.35584115982055664,1.490694699
4,5,4096,8388608,4194304,11,cycle,insertion,2886,1468967,0.35022902488708496,1.513629444
4,5,4096,8388608,4194304,11,cycle,insertion,2887,1445719,0.34468626976013184,1.536644263
4,5,4096,8388608,4194304,11,cycle,insertion,2888,1422949,0.33925747871398926,1.559547476
4,5,4096,8388608,4194304,11,cycle,insertion,2889,1400373,0.33387494087219238,1.582620280
4,5,4096,8388608,4194304,11,cycle,insertion,2890,1377529,0.32842850685119629,1.606348740
4,5,4096,8388608,4194304,11,cycle,insertion,2891,1355772,0.32324123382568359,1.629316850
4,5,4096,8388608,4194304,11,cycle,insertion,2892,1333445,0.31791806221008301,1.653273111
4,5,4096,8388608,4194304,11,cycle,insertion,2893,1311244,0.31262493133544922,1.677495259
4,5,4096,8388608,4194304,11,cycle,insertion,2894,1289317,0.30739712715148926,1.701824413
4,5,4096,8388608,4194304,11,cycle,insertion,2895,1267631,0.30222678184509277,1.726296584
4,5,4096,8388608,4194304,11,cycle,insertion,2896,1246374,0.29715871810913086,1.750694387
4,5,4096,8388608,4194304,11,cycle,insertion,2897,1225232,0.29211807250976562,1.775376479
4,5,4096,8388608,4194304,11,cycle,insertion,2898,1204458,0.28716516494750977,1.800047344
4,5,4096,8388608,4194304,11,cycle,insertion,2899,1184021,0.28229260444641113,1.824736762
4,5,4096,8388608,4194304,11,cycle,insertion,2900,1163312,0.27735519409179688,1.850193352
4,5,4096,8388608,4194304,11,cycle,insertion,2901,1143456,0.27262115478515625,1.875030579
4,5,4096,8388608,4194304,11,cycle,insertion,2902,1123434,0.26784753799438477,1.900516060
4,5,4096,8388608,4194304,11,cycle,insertion,2903,1102638,0.26288938522338867,1.927472204
4,5,4096,8388608,4194304,11,cycle,insertion,2904,1081799,0.25792098045349121,1.954998962
4,5,4096,8388608,4194304,11,cycle,insertion,2905,1061559,0.25309538841247559,1.982246874
4,5,4096,8388608,4194304,11,cycle,insertion,2906,1041552,0.24832534790039062,2.009696562
4,5,4096,8388608,4194304,11,cycle,insertion,2907,1021888,0.24363708496093750,2.037194347
4,5,4096,8388608,4194304,11,cycle,insertion,2908,1002393,0.23898911476135254,2.064983186
4,5,4096,8388608,4194304,11,cycle,insertion,2909,983459,0.23447489738464355,2.092494617
4,5,4096,8388608,4194304,11,cycle,insertion,2910,964293,0.22990536689758301,2.120887950
4,5,4096,8388608,4194304,11,cycle,insertion,2911,945308,0.22537899017333984,2.149575061
4,5,4096,8388608,4194304,11,cycle,insertion,2912,926835,0.22097468376159668,2.178047000
4,5,4096,8388608,4194304,11,cycle,insertion,2913,908801,0.21667504310607910,2.206395103
4,5,4096,8388608,4194304,11,cycle,insertion,2914,890753,0.21237206459045410,2.235334088
4,5,4096,8388608,4194304,11,cycle,insertion,2915,873235,0.20819544792175293,2.263989570
4,5,4096,8388608,4194304,11,cycle,insertion,2916,855265,0.20391106605529785,2.293988024
4,5,4096,8388608,4194304,11,cycle,insertion,2917,838094,0.19981718063354492,2.323247461
4,5,4096,8388608,4194304,11,cycle,insertion,2918,821038,0.19575071334838867,2.352910530
4,5,4096,8388608,4194304,11,cycle,insertion,2919,803456,0.19155883789062500,2.384140506
4,5,4096,8388608,4194304,11,cycle,insertion,2920,785448,0.18726539611816406,2.416843759
4,5,4096,8388608,4194304,11,cycle,insertion,2921,767794,0.18305635452270508,2.449640239
4,5,4096,8388608,4194304,11,cycle,insertion,2922,750303,0.17888617515563965,2.482886199
4,5,4096,8388608,4194304,11,cycle,insertion,2923,733132,0.17479228973388672,2.516286547
4,5,4096,8388608,4194304,11,cycle,insertion,2924,716304,0.17078018188476562,2.549787527
4,5,4096,8388608,4194304,11,cycle,insertion,2925,700282,0.16696023941040039,2.582423521
4,5,4096,8388608,4194304,11,cycle,insertion,2926,684912,0.16329574584960938,2.614440888
4,5,4096,8388608,4194304,11,cycle,insertion,2927,669404,0.15959835052490234,2.647482354
4,5,4096,8388608,4194304,11,cycle,insertion,2928,654291,0.15599513053894043,2.680427099
4,5,4096,8388608,4194304,11,cycle,insertion,2929,639291,0.15241885185241699,2.713886742
4,5,4096,8388608,4194304,11,cycle,insertion,2930,624489,0.14888978004455566,2.747683366
4,5,4096,8388608,4194304,11,cycle,insertion,2931,609648,0.14535140991210938,2.782383029
4,5,4096,8388608,4194304,11,cycle,insertion,2932,595208,0.14190864562988281,2.816965608
4,5,4096,8388608,4194304,11,cycle,insertion,2933,580913,0.13850045204162598,2.852037410
4,5,4096,8388608,4194304,11,cycle,insertion,2934,566791,0.13513350486755371,2.887542675
4,5,4096,8388608,4194304,11,cycle,insertion,2935,552518,0.13173055648803711,2.924338060
4,5,4096,8388608,4194304,11,cycle,insertion,2936,538190,0.12831449508666992,2.962243941
4,5,4096,8388608,4194304,11,cycle,insertion,2937,523832,0.12489128112792969,3.001255331
4,5,4096,8388608,4194304,11,cycle,insertion,2938,509743,0.12153220176696777,3.040589467
4,5,4096,8388608,4194304,11,cycle,insertion,2939,496116,0.11828327178955078,3.079682040
4,5,4096,8388608,4194304,11,cycle,insertion,2940,483393,0.11524987220764160,3.117162944
4,5,4096,8388608,4194304,11,cycle,insertion,2941,471070,0.11231184005737305,3.154418068
4,5,4096,8388608,4194304,11,cycle,insertion,2942,458828,0.10939311981201172,3.192406091
4,5,4096,8388608,4194304,11,cycle,insertion,2943,446534,0.10646200180053711,3.231589496
4,5,4096,8388608,4194304,11,cycle,insertion,2944,434385,0.10356545448303223,3.271385240
4,5,4096,8388608,4194304,11,cycle,insertion,2945,422178,0.10065507888793945,3.312508125
4,5,4096,8388608,4194304,11,cycle,insertion,2946,410213,0.09780240058898926,3.353986313
4,5,4096,8388608,4194304,11,cycle,insertion,2947,398684,0.09505367279052734,3.395113817
4,5,4096,8388608,4194304,11,cycle,insertion,2948,387483,0.09238314628601074,3.436226509
4,5,4096,8388608,4194304,11,cycle,insertion,2949,376302,0.08971738815307617,3.478468568
4,5,4096,8388608,4194304,11,cycle,insertion,2950,365467,0.08713412284851074,3.520618382
4,5,4096,8388608,4194304,11,cycle,insertion,2951,354823,0.08459639549255371,3.563259996
4,5,4096,8388608,4194304,11,cycle,insertion,2952,344157,0.08205342292785645,3.607292672
4,5,4096,8388608,4194304,11,cycle,insertion,2953,334014,0.07963514328002930,3.650450952
4,5,4096,8388608,4194304,11,cycle,insertion,2954,324228,0.07730197906494141,3.693350840
4,5,4096,8388608,4194304,11,cycle,insertion,2955,314443,0.07496905326843262,3.737561006
4,5,4096,8388608,4194304,11,cycle,insertion,2956,304828,0.07267665863037109,3.782364098
4,5,4096,8388608,4194304,11,cycle,insertion,2957,295585,0.07047295570373535,3.826786466
4,5,4096,8388608,4194304,11,cycle,insertion,2958,286383,0.06827902793884277,3.872413670
4,5,4096,8388608,4194304,11,cycle,insertion,2959,277670,0.06620168685913086,3.916988212
4,5,4096,8388608,4194304,11,cycle,insertion,2960,269432,0.06423759460449219,3.960438318
4,5,4096,8388608,4194304,11,cycle,insertion,2961,260979,0.06222224235534668,4.006425802
4,5,4096,8388608,4194304,11,cycle,insertion,2962,253180,0.06036281585693359,4.050196082
4,5,4096,8388608,4194304,11,cycle,insertion,2963,245146,0.05844736099243164,4.096718304
4,5,4096,8388608,4194304,11,cycle,insertion,2964,237469,0.05661702156066895,4.142620334
4,5,4096,8388608,4194304,11,cycle,insertion,2965,230347,0.05491900444030762,4.186550717
4,5,4096,8388608,4194304,11,cycle,insertion,2966,223432,0.05327033996582031,4.230523702
4,5,4096,8388608,4194304,11,cycle,insertion,2967,216920,0.05171775817871094,4.273196450
4,5,4096,8388608,4194304,11,cycle,insertion,2968,210339,0.05014872550964355,4.317643153
4,5,4096,8388608,4194304,11,cycle,insertion,2969,204089,0.04865860939025879,4.361161100
4,5,4096,8388608,4194304,11,cycle,insertion,2970,198036,0.04721546173095703,4.404596811
4,5,4096,8388608,4194304,11,cycle,insertion,2971,192097,0.04579949378967285,4.448524537
4,5,4096,8388608,4194304,11,cycle,insertion,2972,186567,0.04448103904724121,4.490665701
4,5,4096,8388608,4194304,11,cycle,insertion,2973,180874,0.04312372207641602,4.535374485
4,5,4096,8388608,4194304,11,cycle,insertion,2974,175668,0.04188251495361328,4.577508114
4,5,4096,8388608,4194304,11,cycle,insertion,2975,170869,0.04073834419250488,4.617468847
4,5,4096,8388608,4194304,11,cycle,insertion,2976,165906,0.03955507278442383,4.659993463
4,5,4096,8388608,4194304,11,cycle,insertion,2977,161053,0.03839802742004395,4.702823991
4,5,4096,8388608,4194304,11,cycle,insertion,2978,156259,0.03725504875183105,4.746420239
4,5,4096,8388608,4194304,11,cycle,insertion,2979,151445,0.03610730171203613,4.791565578
4,5,4096,8388608,4194304,11,cycle,insertion,2980,146889,0.03502106666564941,4.835633164
4,5,4096,8388608,4194304,11,cycle,insertion,2981,142255,0.03391623497009277,4.881880164
4,5,4096,8388608,4194304,11,cycle,insertion,2982,137866,0.03286981582641602,4.927092817
4,5,4096,8388608,4194304,11,cycle,insertion,2983,133665,0.03186821937561035,4.971737778
4,5,4096,8388608,4194304,11,cycle,insertion,2984,129724,0.03092861175537109,5.014914111
4,5,4096,8388608,4194304,11,cycle,insertion,2985,125811,0.02999567985534668,5.059101459
4,5,4096,8388608,4194304,11,cycle,insertion,2986,122146,0.02912187576293945,5.101752906
4,5,4096,8388608,4194304,11,cycle,insertion,2987,118748,0.02831172943115234,5.142456310
4,5,4096,8388608,4194304,11,cycle,insertion,2988,115442,0.02752351760864258,5.183191326
4,5,4096,8388608,4194304,11,cycle,insertion,2989,112236,0.02675914764404297,5.223824027
4,5,4096,8388608,4194304,11,cycle,insertion,2990,108834,0.02594804763793945,5.268230197
4,5,4096,8388608,4194304,11,cycle,insertion,2991,105514,0.02515649795532227,5.312925092
4,5,4096,8388608,4194304,11,cycle,insertion,2992,102470,0.02443075180053711,5.355157930
4,5,4096,8388608,4194304,11,cycle,insertion,2993,99514,0.02372598648071289,5.397388117
4,5,4096,8388608,4194304,11,cycle,insertion,2994,96485,0.02300381660461426,5.441982949
4,5,4096,8388608,4194304,11,cycle,insertion,2995,93437,0.02227711677551270,5.488293666
4,5,4096,8388608,4194304,11,cycle,insertion,2996,90621,0.02160573005676270,5.532442209
4,5,4096,8388608,4194304,11,cycle,insertion,2997,87912,0.02095985412597656,5.576227514
4,5,4096,8388608,4194304,11,cycle,insertion,2998,85262,0.02032804489135742,5.620384723
4,5,4096,8388608,4194304,11,cycle,insertion,2999,82915,0.01976847648620605,5.660654500
4,5,4096,8388608,4194304,11,cycle,insertion,3000,80573,0.01921010017395020,5.701991148
4,5,4096,8388608,4194304,11,cycle,insertion,3001,78266,0.01866006851196289,5.743901907
4,5,4096,8388608,4194304,11,cycle,insertion,3002,75965,0.01811146736145020,5.786952754
4,5,4096,8388608,4194304,11,cycle,insertion,3003,73795,0.01759409904479980,5.828764551
4,5,4096,8388608,4194304,11,cycle,insertion,3004,71611,0.01707339286804199,5.872106407
4,5,4096,8388608,4194304,11,cycle,insertion,3005,69479,0.01656508445739746,5.915710631
4,5,4096,8388608,4194304,11,cycle,insertion,3006,67441,0.01607918739318848,5.958661692
4,5,4096,8388608,4194304,11,cycle,insertion,3007,65278,0.01556348800659180,6.005690764
4,5,4096,8388608,4194304,11,cycle,insertion,3008,63318,0.01509618759155273,6.049671934
4,5,4096,8388608,4194304,11,cycle,insertion,3009,61427,0.01464533805847168,6.093414694
4,5,4096,8388608,4194304,11,cycle,insertion,3010,59619,0.01421427726745605,6.136515443
4,5,4096,8388608,4194304,11,cycle,insertion,3011,57918,0.01380872726440430,6.178275836
4,5,4096,8388608,4194304,11,cycle,insertion,3012,56295,0.01342177391052246,6.219280830
4,5,4096,8388608,4194304,11,cycle,insertion,3013,54562,0.01300859451293945,6.264391092
4,5,4096,8388608,4194304,11,cycle,insertion,3014,52990,0.01263380050659180,6.306567493
4,5,4096,8388608,4194304,11,cycle,insertion,3015,51429,0.01226162910461426,6.349705519
4,5,4096,8388608,4194304,11,cycle,insertion,3016,49824,0.01187896728515625,6.395446771
4,5,4096,8388608,4194304,11,cycle,insertion,3017,48234,0.01149988174438477,6.442237164
4,5,4096,8388608,4194304,11,cycle,insertion,3018,46505,0.01108765602111816,6.494901784
4,5,4096,8388608,4194304,11,cycle,insertion,3019,44945,0.01071572303771973,6.544126991
4,5,4096,8388608,4194304,11,cycle,insertion,3020,43326,0.01032972335815430,6.597054572
4,5,4096,8388608,4194304,11,cycle,insertion,3021,41828,0.00997257232666016,6.647818603
4,5,4096,8388608,4194304,11,cycle,insertion,3022,40338,0.00961732864379883,6.700148065
4,5,4096,8388608,4194304,11,cycle,insertion,3023,38944,0.00928497314453125,6.750886547
4,5,4096,8388608,4194304,11,cycle,insertion,3024,37536,0.00894927978515625,6.804012702
4,5,4096,8388608,4194304,11,cycle,insertion,3025,36222,0.00863599777221680,6.855421413
4,5,4096,8388608,4194304,11,cycle,insertion,3026,34910,0.00832319259643555,6.908647264
4,5,4096,8388608,4194304,11,cycle,insertion,3027,33730,0.00804185867309570,6.958255302
4,5,4096,8388608,4194304,11,cycle,insertion,3028,32524,0.00775432586669922,7.010782921
4,5,4096,8388608,4194304,11,cycle,insertion,3029,31315,0.00746607780456543,7.065433742
4,5,4096,8388608,4194304,11,cycle,insertion,3030,30150,0.00718832015991211,7.120129618
4,5,4096,8388608,4194304,11,cycle,insertion,3031,29000,0.00691413879394531,7.176234720
4,5,4096,8388608,4194304,11,cycle,insertion,3032,28026,0.00668191909790039,7.225521769
4,5,4096,8388608,4194304,11,cycle,insertion,3033,27171,0.00647807121276855,7.270219957
4,5,4096,8388608,4194304,11,cycle,insertion,3034,26148,0.00623416900634766,7.325587018
4,5,4096,8388608,4194304,11,cycle,insertion,3035,25151,0.00599646568298340,7.381671858
4,5,4096,8388608,4194304,11,cycle,insertion,3036,24156,0.00575923919677734,7.439906042
4,5,4096,8388608,4194304,11,cycle,insertion,3037,23110,0.00550985336303711,7.503770361
4,5,4096,8388608,4194304,11,cycle,insertion,3038,22201,0.00529313087463379,7.561662959
4,5,4096,8388608,4194304,11,cycle,insertion,3039,21335,0.00508666038513184,7.619065510
4,5,4096,8388608,4194304,11,cycle,insertion,3040,20550,0.00489950180053711,7.673149227
4,5,4096,8388608,4194304,11,cycle,insertion,3041,19863,0.00473570823669434,7.722204084
4,5,4096,8388608,4194304,11,cycle,insertion,3042,19187,0.00457453727722168,7.772158465
4,5,4096,8388608,4194304,11,cycle,insertion,3043,18576,0.00442886352539062,7.818847743
4,5,4096,8388608,4194304,11,cycle,insertion,3044,18031,0.00429892539978027,7.861808210
4,5,4096,8388608,4194304,11,cycle,insertion,3045,17449,0.00416016578674316,7.909143262
4,5,4096,8388608,4194304,11,cycle,insertion,3046,16943,0.00403952598571777,7.951598273
4,5,4096,8388608,4194304,11,cycle,insertion,3047,16395,0.00390887260437012,7.999031719
4,5,4096,8388608,4194304,11,cycle,insertion,3048,15886,0.00378751754760742,8.044531712
4,5,4096,8388608,4194304,11,cycle,insertion,3049,15368,0.00366401672363281,8.092358196
4,5,4096,8388608,4194304,11,cycle,insertion,3050,14809,0.00353074073791504,8.145813397
4,5,4096,8388608,4194304,11,cycle,insertion,3051,14274,0.00340318679809570,8.198897943
4,5,4096,8388608,4194304,11,cycle,insertion,3052,13864,0.00330543518066406,8.240944061
4,5,4096,8388608,4194304,11,cycle,insertion,3053,13409,0.00319695472717285,8.289085971
4,5,4096,8388608,4194304,11,cycle,insertion,3054,12978,0.00309419631958008,8.336219549
4,5,4096,8388608,4194304,11,cycle,insertion,3055,12589,0.00300145149230957,8.380123932
4,5,4096,8388608,4194304,11,cycle,insertion,3056,12285,0.00292897224426270,8.415389763
4,5,4096,8388608,4194304,11,cycle,insertion,3057,11991,0.00285887718200684,8.450335642
4,5,4096,8388608,4194304,11,cycle,insertion,3058,11729,0.00279641151428223,8.482207604
4,5,4096,8388608,4194304,11,cycle,insertion,3059,11489,0.00273919105529785,8.512034389
4,5,4096,8388608,4194304,11,cycle,insertion,3060,11211,0.00267291069030762,8.547372651
4,5,4096,8388608,4194304,11,cycle,insertion,3061,10880,0.00259399414062500,8.590609064
4,5,4096,8388608,4194304,11,cycle,insertion,3062,10527,0.00250983238220215,8.638193267
4,5,4096,8388608,4194304,11,cycle,insertion,3063,10199,0.00243163108825684,8.683859916
4,5,4096,8388608,4194304,11,cycle,insertion,3064,9961,0.00237488746643066,8.717925131
4,5,4096,8388608,4194304,11,cycle,insertion,3065,9732,0.00232028961181641,8.751479395
4,5,4096,8388608,4194304,11,cycle,insertion,3066,9492,0.00226306915283203,8.787503615
4,5,4096,8388608,4194304,11,cycle,insertion,3067,9150,0.00218152999877930,8.840443972
4,5,4096,8388608,4194304,11,cycle,insertion,3068,8905,0.00212311744689941,8.879600104
4,5,4096,8388608,4194304,11,cycle,insertion,3069,8652,0.00206279754638672,8.921182050
4,5,4096,8388608,4194304,11,cycle,insertion,3070,8424,0.00200843811035156,8.959710279
4,5,4096,8388608,4194304,11,cycle,insertion,3071,8209,0.00195717811584473,8.997009228
4,5,4096,8388608,4194304,11,cycle,insertion,3072,7988,0.00190448760986328,9.036381383
4,5,4096,8388608,4194304,11,cycle,insertion,3073,7753,0.00184845924377441,9.079461050
4,5,4096,8388608,4194304,11,cycle,insertion,3074,7456,0.00177764892578125,9.135813855
4,5,4096,8388608,4194304,11,cycle,insertion,3075,7247,0.00172781944274902,9.176831821
4,5,4096,8388608,4194304,11,cycle,insertion,3076,7034,0.00167703628540039,9.219870380
4,5,4096,8388608,4194304,11,cycle,insertion,3077,6827,0.00162768363952637,9.262963963
4,5,4096,8388608,4194304,11,cycle,insertion,3078,6628,0.00158023834228516,9.305642113
4,5,4096,8388608,4194304,11,cycle,insertion,3079,6450,0.00153779983520508,9.344916555
4,5,4096,8388608,4194304,11,cycle,insertion,3080,6251,0.00149035453796387,9.390128713
4,5,4096,8388608,4194304,11,cycle,insertion,3081,6061,0.00144505500793457,9.434659873
4,5,4096,8388608,4194304,11,cycle,insertion,3082,5862,0.00139760971069336,9.482822747
4,5,4096,8388608,4194304,11,cycle,insertion,3083,5647,0.00134634971618652,9.536731084
4,5,4096,8388608,4194304,11,cycle,insertion,3084,5452,0.00129985809326172,9.587430153
4,5,4096,8388608,4194304,11,cycle,insertion,3085,5274,0.00125741958618164,9.635318144
4,5,4096,8388608,4194304,11,cycle,insertion,3086,5110,0.00121831893920898,9.680892424
4,5,4096,8388608,4194304,11,cycle,insertion,3087,4993,0.00119042396545410,9.714308809
4,5,4096,8388608,4194304,11,cycle,insertion,3088,4830,0.00115156173706055,9.762192526
4,5,4096,8388608,4194304,11,cycle,insertion,3089,4716,0.00112438201904297,9.796651997
4,5,4096,8388608,4194304,11,cycle,insertion,3090,4617,0.00110077857971191,9.827259983
4,5,4096,8388608,4194304,11,cycle,insertion,3091,4547,0.00108408927917480,9.849300711
4,5,4096,8388608,4194304,11,cycle,insertion,3092,4451,0.00106120109558105,9.880086215
4,5,4096,8388608,4194304,11,cycle,insertion,3093,4383,0.00104498863220215,9.902297036
4,5,4096,8388608,4194304,11,cycle,insertion,3094,4298,0.00102472305297852,9.930550233
4,5,4096,8388608,4194304,11,cycle,insertion,3095,4209,0.00100350379943848,9.960738206
4,5,4096,8388608,4194304,11,cycle,insertion,3096,4128,0.00098419189453125,9.988772745
4,5,4096,8388608,4194304,11,cycle,insertion,3097,4037,0.00096249580383301,10.020932129
4,5,4096,8388608,4194304,11,cycle,insertion,3098,3931,0.00093722343444824,10.059319352
4,5,4096,8388608,4194304,11,cycle,insertion,3099,3838,0.00091505050659180,10.093861004
4,5,4096,8388608,4194304,11,cycle,insertion,3100,3776,0.00090026855468750,10.117356951
4,5,4096,8388608,4194304,11,cycle,insertion,3101,3695,0.00088095664978027,10.148641351
4,5,4096,8388608,4194304,11,cycle,insertion,3102,3640,0.00086784362792969,10.170277265
4,5,4096,8388608,4194304,11,cycle,insertion,3103,3582,0.00085401535034180,10.193450378
4,5,4096,8388608,4194304,11,cycle,insertion,3104,3529,0.00084137916564941,10.214956285
4,5,4096,8388608,4194304,11,cycle,insertion,3105,3453,0.00082325935363770,10.246365381
4,5,4096,8388608,4194304,11,cycle,insertion,3106,3375,0.00080466270446777,10.279328213
4,5,4096,8388608,4194304,11,cycle,insertion,3107,3312,0.00078964233398438,10.306513043
4,5,4096,8388608,4194304,11,cycle,insertion,3108,3220,0.00076770782470703,10.347155027
4,5,4096,8388608,4194304,11,cycle,insertion,3109,3127,0.00074553489685059,10.389436496
4,5,4096,8388608,4194304,11,cycle,insertion,3110,3067,0.00073122978210449,10.417387549
4,5,4096,8388608,4194304,11,cycle,insertion,3111,2984,0.00071144104003906,10.456968180
4,5,4096,8388608,4194304,11,cycle,insertion,3112,2911,0.00069403648376465,10.492700876
4,5,4096,8388608,4194304,11,cycle,insertion,3113,2829,0.00067448616027832,10.533923539
4,5,4096,8388608,4194304,11,cycle,insertion,3114,2729,0.00065064430236816,10.585843321
4,5,4096,8388608,4194304,11,cycle,insertion,3115,2645,0.00063061714172363,10.630947993
4,5,4096,8388608,4194304,11,cycle,insertion,3116,2554,0.00060892105102539,10.681457190
4,5,4096,8388608,4194304,11,cycle,insertion,3117,2452,0.00058460235595703,10.740256736
4,5,4096,8388608,4194304,11,cycle,insertion,3118,2341,0.00055813789367676,10.807090781
4,5,4096,8388608,4194304,11,cycle,insertion,3119,2237,0.00053334236145020,10.872650459
4,5,4096,8388608,4194304,11,cycle,insertion,3120,2155,0.00051379203796387,10.926527846
4,5,4096,8388608,4194304,11,cycle,insertion,3121,2087,0.00049757957458496,10.972785115
4,5,4096,8388608,4194304,11,cycle,insertion,3122,1991,0.00047469139099121,11.040722494
4,5,4096,8388608,4194304,11,cycle,insertion,3123,1900,0.00045299530029297,11.108216297
4,5,4096,8388608,4194304,11,cycle,insertion,3124,1810,0.00043153762817383,11.178226018
4,5,4096,8388608,4194304,11,cycle,insertion,3125,1693,0.00040364265441895,11.274633742
4,5,4096,8388608,4194304,11,cycle,insertion,3126,1625,0.00038743019104004,11.333775997
4,5,4096,8388608,4194304,11,cycle,insertion,3127,1530,0.00036478042602539,11.420684062
4,5,4096,8388608,4194304,11,cycle,insertion,3128,1457,0.00034737586975098,11.491214838
4,5,4096,8388608,4194304,11,cycle,insertion,3129,1414,0.00033712387084961,11.534433595
4,5,4096,8388608,4194304,11,cycle,insertion,3130,1386,0.00033044815063477,11.563288458
4,5,4096,8388608,4194304,11,cycle,insertion,3131,1336,0.00031852722167969,11.616295708
4,5,4096,8388608,4194304,11,cycle,insertion,3132,1250,0.00029802322387695,11.712287620
4,5,4096,8388608,4194304,11,cycle,insertion,3133,1213,0.00028920173645020,11.755636165
4,5,4096,8388608,4194304,11,cycle,insertion,3134,1178,0.00028085708618164,11.797876176
4,5,4096,8388608,4194304,11,cycle,insertion,3135,1136,0.00027084350585938,11.850252880
4,5,4096,8388608,4194304,11,cycle,insertion,3136,1097,0.00026154518127441,11.900652190
4,5,4096,8388608,4194304,11,cycle,insertion,3137,1053,0.00025105476379395,11.959710279
4,5,4096,8388608,4194304,11,cycle,insertion,3138,993,0.00023674964904785,12.044350092
4,5,4096,8388608,4194304,11,cycle,insertion,3139,959,0.00022864341735840,12.094612995
4,5,4096,8388608,4194304,11,cycle,insertion,3140,922,0.00021982192993164,12.151377060
4,5,4096,8388608,4194304,11,cycle,insertion,3141,882,0.00021028518676758,12.215365154
4,5,4096,8388608,4194304,11,cycle,insertion,3142,866,0.00020647048950195,12.241776785
4,5,4096,8388608,4194304,11,cycle,insertion,3143,860,0.00020503997802734,12.251807150
4,5,4096,8388608,4194304,11,cycle,insertion,3144,859,0.00020480155944824,12.253485679
4,5,4096,8388608,4194304,11,cycle,insertion,3145,853,0.00020337104797363,12.263598069
4,5,4096,8388608,4194304,11,cycle,insertion,3146,839,0.00020003318786621,12.287473000
4,5,4096,8388608,4194304,11,cycle,insertion,3147,828,0.00019741058349609,12.306513043
4,5,4096,8388608,4194304,11,cycle,insertion,3148,814,0.00019407272338867,12.331115016
4,5,4096,8388608,4194304,11,cycle,insertion,3149,784,0.00018692016601562,12.385290156
4,5,4096,8388608,4194304,11,cycle,insertion,3150,771,0.00018382072448730,12.409412950
4,5,4096,8388608,4194304,11,cycle,insertion,3151,758,0.00018072128295898,12.433945962
4,5,4096,8388608,4194304,11,cycle,insertion,3152,748,0.00017833709716797,12.453105540
4,5,4096,8388608,4194304,11,cycle,insertion,3153,734,0.00017499923706055,12.480363747
4,5,4096,8388608,4194304,11,cycle,insertion,3154,725,0.00017285346984863,12.498162815
4,5,4096,8388608,4194304,11,cycle,insertion,3155,720,0.00017166137695312,12.508146904
4,5,4096,8388608,4194304,11,cycle,insertion,3156,712,0.00016975402832031,12.524266569
4,5,4096,8388608,4194304,11,cycle,insertion,3157,703,0.00016760826110840,12.542619121
4,5,4096,8388608,4194304,11,cycle,insertion,3158,680,0.00016212463378906,12.590609064
4,5,4096,8388608,4194304,11,cycle,insertion,3159,658,0.00015687942504883,12.638056226
4,5,4096,8388608,4194304,11,cycle,insertion,3160,640,0.00015258789062500,12.678071905
4,5,4096,8388608,4194304,11,cycle,insertion,3161,626,0.00014925003051758,12.709981153
4,5,4096,8388608,4194304,11,cycle,insertion,3162,615,0.00014662742614746,12.735557400
4,5,4096,8388608,4194304,11,cycle,insertion,3163,605,0.00014424324035645,12.759208668
4,5,4096,8388608,4194304,11,cycle,insertion,3164,590,0.00014066696166992,12.795428856
4,5,4096,8388608,4194304,11,cycle,insertion,3165,565,0.00013470649719238,12.857892943
4,5,4096,8388608,4194304,11,cycle,insertion,3166,528,0.00012588500976562,12.955605881
4,5,4096,8388608,4194304,11,cycle,insertion,3167,498,0.00011873245239258,13.039998068
4,5,4096,8388608,4194304,11,cycle,insertion,3168,462,0.00011014938354492,13.148250959
4,5,4096,8388608,4194304,11,cycle,insertion,3169,401,0.00009560585021973,13.352541574
4,5,4096,8388608,4194304,11,cycle,insertion,3170,357,0.00008511543273926,13.520219736
4,5,4096,8388608,4194304,11,cycle,insertion,3171,335,0.00007987022399902,13.611982715
4,5,4096,8388608,4194304,11,cycle,insertion,3172,304,0.00007247924804688,13.752072487
4,5,4096,8388608,4194304,11,cycle,insertion,3173,270,0.00006437301635742,13.923184403
4,5,4096,8388608,4194304,11,cycle,insertion,3174,253,0.00006031990051270,14.017006425
4,5,4096,8388608,4194304,11,cycle,insertion,3175,232,0.00005531311035156,14.142019005
4,5,4096,8388608,4194304,11,cycle,insertion,3176,198,0.00004720687866211,14.370643380
4,5,4096,8388608,4194304,11,cycle,insertion,3177,178,0.00004243850708008,14.524266569
4,5,4096,8388608,4194304,11,cycle,insertion,3178,167,0.00003981590270996,14.616295708
4,5,4096,8388608,4194304,11,cycle,insertion,3179,158,0.00003767013549805,14.696219252
4,5,4096,8388608,4194304,11,cycle,insertion,3180,147,0.00003504753112793,14.800327655
4,5,4096,8388608,4194304,11,cycle,insertion,3181,118,0.00002813339233398,15.117356951
4,5,4096,8388608,4194304,11,cycle,insertion,3182,85,0.00002026557922363,15.590609064
4,5,4096,8388608,4194304,11,cycle,insertion,3183,68,0.00001621246337891,15.912537159
4,5,4096,8388608,4194304,11,cycle,insertion,3184,56,0.00001335144042969,16.192645078
4,5,4096,8388608,4194304,11,cycle,insertion,3185,45,0.00001072883605957,16.508146904
4,5,4096,8388608,4194304,11,cycle,insertion,3186,40,0.00000953674316406,16.678071905
4,5,4096,8388608,4194304,11,cycle,insertion,3187,35,0.00000834465026855,16.870716983
4,5,4096,8388608,4194304,11,cycle,insertion,3188,32,0.00000762939453125,17.000000000
4,5,4096,8388608,4194304,11,cycle,insertion,3189,25,0.00000596046447754,17.356143810
4,5,4096,8388608,4194304,11,cycle,insertion,3190,22,0.00000524520874023,17.540568381
4,5,4096,8388608,4194304,11,cycle,insertion,3191,14,0.00000333786010742,18.192645078
4,5,4096,8388608,4194304,11,cycle,insertion,3192,8,0.00000190734863281,19.000000000
4,5,4096,8388608,4194304,11,cycle,insertion,3193,0,0.00000000000000000,inf
