b,z,n,warmup,operations,seed,workload,metric,threshold,exceed_count,probability,log2_inverse
2,3,4096,4194304,16777216,7,reverse,post,0,16777216,1.00000000000000000,-0.000000000
2,3,4096,4194304,16777216,7,reverse,post,1,16777216,1.00000000000000000,-0.000000000
2,3,4096,4194304,16777216,7,reverse,post,2,16777216,1.00000000000000000,-0.000000000
2,3,4096,4194304,16777216,7,reverse,post,3,16777216,1.00000000000000000,-0.000000000
2,3,4096,4194304,16777216,7,reverse,post,4,16777216,1.00000000000000000,-0.000000000
2,3,4096,4194304,16777216,7,reverse,post,5,16777216,1.00000000000000000,-0.000000000
2,3,4096,4194304,16777216,7,reverse,post,6,16777216,1.00000000000000000,-0.000000000
2,3,4096,4194304,16777216,7,reverse,post,7,16777216,1.00000000000000000,-0.000000000
2,3,4096,4194304,16777216,7,reverse,post,8,16777216,1.00000000000000000,-0.000000000
2,3,4096,4194304,16777216,7,reverse,post,9,16777216,1.00000000000000000,-0.000000000
2,3,4096,4194304,16777216,7,reverse,post,10,16777216,1.00000000000000000,-0.000000000
2,3,4096,4194304,16777216,7,reverse,post,11,16777216,1.00000000000000000,-0.000000000
2,3,4096,4194304,16777216,7,reverse,post,12,16777216,1.00000000000000000,-0.000000000
2,3,4096,4194304,16777216,7,reverse,post,13,16777216,1.00000000000000000,-0.000000000
2,3,4096,4194304,16777216,7,reverse,post,14,16777216,1.00000000000000000,-0.000000000
2,3,4096,4194304,16777216,7,reverse,post,15,16777216,1.00000000000000000,-0.000000000
2,3,4096,4194304,16777216,7,reverse,post,16,16777216,1.00000000000000000,-0.000000000
2,3,4096,4194304,16777216,7,reverse,post,17,16777216,1.00000000000000000,-0.000000000
2,3,4096,4194304,16777216,7,reverse,post,18,16777216,1.00000000000000000,-0.000000000
2,3,4096,4194304,16777216,7,reverse,post,19,16777216,1.00000000000000000,-0.000000000
2,3,4096,4194304,16777216,7,reverse,post,20,16777216,1.00000000000000000,-0.000000000
2,3,4096,4194304,16777216,7,reverse,post,21,16777216,1.00000000000000000,-0.000000000
2,3,4096,4194304,16777216,7,reverse,post,22,16777216,1.00000000000000000,-0.000000000
2,3,4096,4194304,16777216,7,reverse,post,23,16777216,1.00000000000000000,-0.000000000
2,3,4096,4194304,16777216,7,reverse,post,24,16777216,1.00000000000000000,-0.000000000
2,3,4096,4194304,16777216,7,reverse,post,25,16777216,1.00000000000000000,-0.000000000
2,3,4096,4194304,16777216,7,reverse,post,26,16777216,1.00000000000000000,-0.000000000
2,3,4096,4194304,16777216,7,reverse,post,27,16777216,1.00000000000000000,-0.000000000
2,3,4096,4194304,16777216,7,reverse,post,28,16777216,1.00000000000000000,-0.000000000
2,3,4096,4194304,16777216,7,reverse,post,29,16777216,1.00000000000000000,-0.000000000
2,3,4096,4194304,16777216,7,reverse,post,30,16777216,1.00000000000000000,-0.000000000
2,3,4096,4194304,16777216,7,reverse,post,31,16777216,1.00000000000000000,-0.000000000
2,3,4096,4194304,16777216,7,reverse,post,32,16777216,1.00000000000000000,-0.000000000
2,3,4096,4194304,16777216,7,reverse,post,33,16777216,1.00000000000000000,-0.000000000
2,3,4096,4194304,16777216,7,reverse,post,34,16777216,1.00000000000000000,-0.000000000
2,3,4096,4194304,16777216,7,reverse,post,35,16777216,1.00000000000000000,-0.000000000
2,3,4096,4194304,16777216,7,reverse,post,36,16777216,1.00000000000000000,-0.000000000
2,3,4096,4194304,16777216,7,reverse,post,37,16777216,1.00000000000000000,-0.000000000
2,3,4096,4194304,16777216,7,reverse,post,38,16777216,1.00000000000000000,-0.000000000
2,3,4096,4194304,16777216,7,reverse,post,39,16777216,1.00000000000000000,-0.000000000
2,3,4096,4194304,16777216,7,reverse,post,40,16777216,1.00000000000000000,-0.000000000
2,3,4096,4194304,16777216,7,reverse,post,41,16777216,1.00000000000000000,-0.000000000
2,3,4096,4194304,16777216,7,reverse,post,42,16777216,1.00000000000000000,-0.000000000
2,3,4096,4194304,16777216,7,reverse,post,43,16777216,1.00000000000000000,-0.000000000
2,3,4096,4194304,16777216,7,reverse,post,44,16777216,1.00000000000000000,-0.000000000
2,3,4096,4194304,16777216,7,reverse,post,45,16777216,1.00000000000000000,-0.000000000
2,3,4096,4194304,16777216,7,reverse,post,46,16777216,1.00000000000000000,-0.000000000
2,3,4096,4194304,16777216,7,reverse,post,47,16777216,1.00000000000000000,-0.000000000
2,3,4096,4194304,16777216,7,reverse,post,48,16777216,1.00000000000000000,-0.000000000
2,3,4096,4194304,16777216,7,reverse,post,49,16777216,1.00000000000000000,-0.000000000
2,3,4096,4194304,16777216,7,reverse,post,50,16777216,1.00000000000000000,-0.000000000
2,3,4096,4194304,16777216,7,reverse,post,51,16777216,1.00000000000000000,-0.000000000
2,3,4096,4194304,16777216,7,reverse,post,52,16777216,1.00000000000000000,-0.000000000
2,3,4096,4194304,16777216,7,reverse,post,53,16777216,1.00000000000000000,-0.000000000
2,3,4096,4194304,16777216,7,reverse,post,54,16777216,1.00000000000000000,-0.000000000
2,3,4096,4194304,16777216,7,reverse,post,55,16777216,1.00000000000000000,-0.000000000
2,3,4096,4194304,16777216,7,reverse,post,56,16777216,1.00000000000000000,-0.000000000
2,3,4096,4194304,16777216,7,reverse,post,57,16777216,1.00000000000000000,-0.000000000
2,3,4096,4194304,16777216,7,reverse,post,58,16777216,1.00000000000000000,-0.000000000
2,3,4096,4194304,16777216,7,reverse,post,59,16777216,1.00000000000000000,-0.000000000
2,3,4096,4194304,16777216,7,reverse,post,60,16777216,1.00000000000000000,-0.000000000
2,3,4096,4194304,16777216,7,reverse,post,61,16777216,1.00000000000000000,-0.000000000
2,3,4096,4194304,16777216,7,reverse,post,62,16777216,1.00000000000000000,-0.000000000
2,3,4096,4194304,16777216,7,reverse,post,63,16777216,1.00000000000000000,-0.000000000
2,3,4096,4194304,16777216,7,reverse,post,64,16777216,1.00000000000000000,-0.000000000
2,3,4096,4194304,16777216,7,reverse,post,65,16777216,1.00000000000000000,-0.000000000
2,3,4096,4194304,16777216,7,reverse,post,66,16777216,1.00000000000000000,-0.000000000
2,3,4096,4194304,16777216,7,reverse,post,67,16777216,1.00000000000000000,-0.000000000
2,3,4096,4194304,16777216,7,reverse,post,68,16777216,1.00000000000000000,-0.000000000
2,3,4096,4194304,16777216,7,reverse,post,69,16777216,1.00000000000000000,-0.000000000
2,3,4096,4194304,16777216,7,reverse,post,70,16777216,1.00000000000000000,-0.000000000
2,3,4096,4194304,16777216,7,reverse,post,71,16777216,1.00000000000000000,-0.000000000
2,3,4096,4194304,16777216,7,reverse,post,72,16777216,1.00000000000000000,-0.000000000
2,3,4096,4194304,16777216,7,reverse,post,73,16777216,1.00000000000000000,-0.000000000
2,3,4096,4194304,16777216,7,reverse,post,74,16777216,1.00000000000000000,-0.000000000
2,3,4096,4194304,16777216,7,reverse,post,75,16777216,1.00000000000000000,-0.000000000
2,3,4096,4194304,16777216,7,reverse,post,76,16777216,1.00000000000000000,-0.000000000
2,3,4096,4194304,16777216,7,reverse,post,77,16777216,1.00000000000000000,-0.000000000
2,3,4096,4194304,16777216,7,reverse,post,78,16777216,1.00000000000000000,-0.000000000
2,3,4096,4194304,16777216,7,reverse,post,79,16777216,1.00000000000000000,-0.000000000
2,3,4096,4194304,16777216,7,reverse,post,80,16777216,1.00000000000000000,-0.000000000
2,3,4096,4194304,16777216,7,reverse,post,81,16777216,1.00000000000000000,-0.000000000
2,3,4096,4194304,16777216,7,reverse,post,82,16777216,1.00000000000000000,-0.000000000
2,3,4096,4194304,16777216,7,reverse,post,83,16777216,1.00000000000000000,-0.000000000
2,3,4096,4194304,16777216,7,reverse,post,84,16777216,1.00000000000000000,-0.000000000
2,3,4096,4194304,16777216,7,reverse,post,85,16777216,1.00000000000000000,-0.000000000
2,3,4096,4194304,16777216,7,reverse,post,86,16777216,1.00000000000000000,-0.000000000
2,3,4096,4194304,16777216,7,reverse,post,87,16777216,1.00000000000000000,-0.000000000
2,3,4096,4194304,16777216,7,reverse,post,88,16777216,1.00000000000000000,-0.000000000
2,3,4096,4194304,16777216,7,reverse,post,89,16777216,1.00000000000000000,-0.000000000
2,3,4096,4194304,16777216,7,reverse,post,90,16777216,1.00000000000000000,-0.000000000
2,3,4096,4194304,16777216,7,reverse,post,91,16777216,1.00000000000000000,-0.000000000
2,3,4096,4194304,16777216,7,reverse,post,92,16777216,1.00000000000000000,-0.000000000
2,3,4096,4194304,16777216,7,reverse,post,93,16777216,1.00000000000000000,-0.000000000
2,3,4096,4194304,16777216,7,reverse,post,94,16777216,1.00000000000000000,-0.000000000
2,3,4096,4194304,16777216,7,reverse,post,95,16777216,1.00000000000000000,-0.000000000
2,3,4096,4194304,16777216,7,reverse,post,96,16777216,1.00000000000000000,-0.000000000
2,3,4096,4194304,16777216,7,reverse,post,97,16777216,1.00000000000000000,-0.000000000
2,3,4096,4194304,16777216,7,reverse,post,98,16777216,1.00000000000000000,-0.000000000
2,3,4096,4194304,16777216,7,reverse,post,99,16777216,1.00000000000000000,-0.000000000
2,3,4096,4194304,16777216,7,reverse,post,100,16777216,1.00000000000000000,-0.000000000
2,3,4096,4194304,16777216,7,reverse,post,101,16777216,1.00000000000000000,-0.000000000
2,3,4096,4194304,16777216,7,reverse,post,102,16777216,1.00000000000000000,-0.000000000
2,3,4096,4194304,16777216,7,reverse,post,103,16777216,1.00000000000000000,-0.000000000
2,3,4096,4194304,16777216,7,reverse,post,104,16777216,1.00000000000000000,-0.000000000
2,3,4096,4194304,16777216,7,reverse,post,105,16777216,1.00000000000000000,-0.000000000
2,3,4096,4194304,16777216,7,reverse,post,106,16777216,1.00000000000000000,-0.000000000
2,3,4096,4194304,16777216,7,reverse,post,107,16777216,1.00000000000000000,-0.000000000
2,3,4096,4194304,16777216,7,reverse,post,108,16777216,1.00000000000000000,-0.000000000
2,3,4096,4194304,16777216,7,reverse,post,109,16777216,1.00000000000000000,-0.000000000
2,3,4096,4194304,16777216,7,reverse,post,110,16777216,1.00000000000000000,-0.000000000
2,3,4096,4194304,16777216,7,reverse,post,111,16777216,1.00000000000000000,-0.000000000
2,3,4096,4194304,16777216,7,reverse,post,112,16777216,1.00000000000000000,-0.000000000
2,3,4096,4194304,16777216,7,reverse,post,113,16777216,1.00000000000000000,-0.000000000
2,3,4096,4194304,16777216,7,reverse,post,114,16777216,1.00000000000000000,-0.000000000
2,3,4096,4194304,16777216,7,reverse,post,115,16777216,1.00000000000000000,-0.000000000
2,3,4096,4194304,16777216,7,reverse,post,116,16777216,1.00000000000000000,-0.000000000
2,3,4096,4194304,16777216,7,reverse,post,117,16777216,1.00000000000000000,-0.000000000
2,3,4096,4194304,16777216,7,reverse,post,118,16777216,1.00000000000000000,-0.000000000
2,3,4096,4194304,16777216,7,reverse,post,119,16777216,1.00000000000000000,-0.000000000
2,3,4096,4194304,16777216,7,reverse,post,120,16777216,1.00000000000000000,-0.000000000
2,3,4096,4194304,16777216,7,reverse,post,121,16777216,1.00000000000000000,-0.000000000
2,3,4096,4194304,16777216,7,reverse,post,122,16777216,1.00000000000000000,-0.000000000
2,3,4096,4194304,16777216,7,reverse,post,123,16777216,1.00000000000000000,-0.000000000
2,3,4096,4194304,16777216,7,reverse,post,124,16777216,1.00000000000000000,-0.000000000
2,3,4096,4194304,16777216,7,reverse,post,125,16777216,1.00000000000000000,-0.000000000
2,3,4096,4194304,16777216,7,reverse,post,126,16777216,1.00000000000000000,-0.000000000
2,3,4096,4194304,16777216,7,reverse,post,127,16777216,1.00000000000000000,-0.000000000
2,3,4096,4194304,16777216,7,reverse,post,128,16777216,1.00000000000000000,-0.000000000
2,3,4096,4194304,16777216,7,reverse,post,129,16777216,1.00000000000000000,-0.000000000
2,3,4096,4194304,16777216,7,reverse,post,130,16777216,1.00000000000000000,-0.000000000
2,3,4096,4194304,16777216,7,reverse,post,131,16777216,1.00000000000000000,-0.000000000
2,3,4096,4194304,16777216,7,reverse,post,132,16777216,1.00000000000000000,-0.000000000
2,3,4096,4194304,16777216,7,reverse,post,133,16777216,1.00000000000000000,-0.000000000
2,3,4096,4194304,16777216,7,reverse,post,134,16777216,1.00000000000000000,-0.000000000
2,3,4096,4194304,16777216,7,reverse,post,135,16777216,1.00000000000000000,-0.000000000
2,3,4096,4194304,16777216,7,reverse,post,136,16777216,1.00000000000000000,-0.000000000
2,3,4096,4194304,16777216,7,reverse,post,137,16777216,1.00000000000000000,-0.000000000
2,3,4096,4194304,16777216,7,reverse,post,138,16777216,1.00000000000000000,-0.000000000
2,3,4096,4194304,16777216,7,reverse,post,139,16777216,1.00000000000000000,-0.000000000
2,3,4096,4194304,16777216,7,reverse,post,140,16777216,1.00000000000000000,-0.000000000
2,3,4096,4194304,16777216,7,reverse,post,141,16777216,1.00000000000000000,-0.000000000
2,3,4096,4194304,16777216,7,reverse,post,142,16777216,1.00000000000000000,-0.000000000
2,3,4096,4194304,16777216,7,reverse,post,143,16777216,1.00000000000000000,-0.000000000
2,3,4096,4194304,16777216,7,reverse,post,144,16777216,1.00000000000000000,-0.000000000
2,3,4096,4194304,16777216,7,reverse,post,145,16777216,1.00000000000000000,-0.000000000
2,3,4096,4194304,16777216,7,reverse,post,146,16777216,1.00000000000000000,-0.000000000
2,3,4096,4194304,16777216,7,reverse,post,147,16777216,1.00000000000000000,-0.000000000
2,3,4096,4194304,16777216,7,reverse,post,148,16777216,1.00000000000000000,-0.000000000
2,3,4096,4194304,16777216,7,reverse,post,149,16777216,1.00000000000000000,-0.000000000
2,3,4096,4194304,16777216,7,reverse,post,150,16777216,1.00000000000000000,-0.000000000
2,3,4096,4194304,16777216,7,reverse,post,151,16777216,1.00000000000000000,-0.000000000
2,3,4096,4194304,16777216,7,reverse,post,152,16777216,1.00000000000000000,-0.000000000
2,3,4096,4194304,16777216,7,reverse,post,153,16777216,1.00000000000000000,-0.000000000
2,3,4096,4194304,16777216,7,reverse,post,154,16777216,1.00000000000000000,-0.000000000
2,3,4096,4194304,16777216,7,reverse,post,155,16777216,1.00000000000000000,-0.000000000
2,3,4096,4194304,16777216,7,reverse,post,156,16777216,1.00000000000000000,-0.000000000
2,3,4096,4194304,16777216,7,reverse,post,157,16777216,1.00000000000000000,-0.000000000
2,3,4096,4194304,16777216,7,reverse,post,158,16777216,1.00000000000000000,-0.000000000
2,3,4096,4194304,16777216,7,reverse,post,159,16777216,1.00000000000000000,-0.000000000
2,3,4096,4194304,16777216,7,reverse,post,160,16777216,1.00000000000000000,-0.000000000
2,3,4096,4194304,16777216,7,reverse,post,161,16777216,1.00000000000000000,-0.000000000
2,3,4096,4194304,16777216,7,reverse,post,162,16777216,1.00000000000000000,-0.000000000
2,3,4096,4194304,16777216,7,reverse,post,163,16777216,1.00000000000000000,-0.000000000
2,3,4096,4194304,16777216,7,reverse,post,164,16777216,1.00000000000000000,-0.000000000
2,3,4096,4194304,16777216,7,reverse,post,165,16777216,1.00000000000000000,-0.000000000
2,3,4096,4194304,16777216,7,reverse,post,166,16777216,1.00000000000000000,-0.000000000
2,3,4096,4194304,16777216,7,reverse,post,167,16777216,1.00000000000000000,-0.000000000
2,3,4096,4194304,16777216,7,reverse,post,168,16777216,1.00000000000000000,-0.000000000
2,3,4096,4194304,16777216,7,reverse,post,169,16777216,1.00000000000000000,-0.000000000
2,3,4096,4194304,16777216,7,reverse,post,170,16777216,1.00000000000000000,-0.000000000
2,3,4096,4194304,16777216,7,reverse,post,171,16777216,1.00000000000000000,-0.000000000
2,3,4096,4194304,16777216,7,reverse,post,172,16777216,1.00000000000000000,-0.000000000
2,3,4096,4194304,16777216,7,reverse,post,173,16777216,1.00000000000000000,-0.000000000
2,3,4096,4194304,16777216,7,reverse,post,174,16777216,1.00000000000000000,-0.000000000
2,3,4096,4194304,16777216,7,reverse,post,175,16777216,1.00000000000000000,-0.000000000
2,3,4096,4194304,16777216,7,reverse,post,176,16777216,1.00000000000000000,-0.000000000
2,3,4096,4194304,16777216,7,reverse,post,177,16777216,1.00000000000000000,-0.000000000
2,3,4096,4194304,16777216,7,reverse,post,178,16777216,1.00000000000000000,-0.000000000
2,3,4096,4194304,16777216,7,reverse,post,179,16777216,1.00000000000000000,-0.000000000
2,3,4096,4194304,16777216,7,reverse,post,180,16777216,1.00000000000000000,-0.000000000
2,3,4096,4194304,16777216,7,reverse,post,181,16777216,1.00000000000000000,-0.000000000
2,3,4096,4194304,16777216,7,reverse,post,182,16777216,1.00000000000000000,-0.000000000
2,3,4096,4194304,16777216,7,reverse,post,183,16777216,1.00000000000000000,-0.000000000
2,3,4096,4194304,16777216,7,reverse,post,184,16777216,1.00000000000000000,-0.000000000
2,3,4096,4194304,16777216,7,reverse,post,185,16777216,1.00000000000000000,-0.000000000
2,3,4096,4194304,16777216,7,reverse,post,186,16777216,1.00000000000000000,-0.000000000
2,3,4096,4194304,16777216,7,reverse,post,187,16777216,1.00000000000000000,-0.000000000
2,3,4096,4194304,16777216,7,reverse,post,188,16777216,1.00000000000000000,-0.000000000
2,3,4096,4194304,16777216,7,reverse,post,189,16777216,1.00000000000000000,-0.000000000
2,3,4096,4194304,16777216,7,reverse,post,190,16777216,1.00000000000000000,-0.000000000
2,3,4096,4194304,16777216,7,reverse,post,191,16777216,1.00000000000000000,-0.000000000
2,3,4096,4194304,16777216,7,reverse,post,192,16777216,1.00000000000000000,-0.000000000
2,3,4096,4194304,16777216,7,reverse,post,193,16777216,1.00000000000000000,-0.000000000
2,3,4096,4194304,16777216,7,reverse,post,194,16777216,1.00000000000000000,-0.000000000
2,3,4096,4194304,16777216,7,reverse,post,195,16777216,1.00000000000000000,-0.000000000
2,3,4096,4194304,16777216,7,reverse,post,196,16777216,1.00000000000000000,-0.000000000
2,3,4096,4194304,16777216,7,reverse,post,197,16777216,1.00000000000000000,-0.000000000
2,3,4096,4194304,16777216,7,reverse,post,198,16777216,1.00000000000000000,-0.000000000
2,3,4096,4194304,16777216,7,reverse,post,199,16777216,1.00000000000000000,-0.000000000
2,3,4096,4194304,16777216,7,reverse,post,200,16777216,1.00000000000000000,-0.000000000
2,3,4096,4194304,16777216,7,reverse,post,201,16777216,1.00000000000000000,-0.000000000
2,3,4096,4194304,16777216,7,reverse,post,202,16777216,1.00000000000000000,-0.000000000
2,3,4096,4194304,16777216,7,reverse,post,203,16777216,1.00000000000000000,-0.000000000
2,3,4096,4194304,16777216,7,reverse,post,204,16777216,1.00000000000000000,-0.000000000
2,3,4096,4194304,16777216,7,reverse,post,205,16777216,1.00000000000000000,-0.000000000
2,3,4096,4194304,16777216,7,reverse,post,206,16777216,1.00000000000000000,-0.000000000
2,3,4096,4194304,16777216,7,reverse,post,207,16777216,1.00000000000000000,-0.000000000
2,3,4096,4194304,16777216,7,reverse,post,208,16777216,1.00000000000000000,-0.000000000
2,3,4096,4194304,16777216,7,reverse,post,209,16777216,1.00000000000000000,-0.000000000
2,3,4096,4194304,16777216,7,reverse,post,210,16777216,1.00000000000000000,-0.000000000
2,3,4096,4194304,16777216,7,reverse,post,211,16777216,1.00000000000000000,-0.000000000
2,3,4096,4194304,16777216,7,reverse,post,212,16777216,1.00000000000000000,-0.000000000
2,3,4096,4194304,16777216,7,reverse,post,213,16777216,1.00000000000000000,-0.000000000
2,3,4096,4194304,16777216,7,reverse,post,214,16777216,1.00000000000000000,-0.000000000
2,3,4096,4194304,16777216,7,reverse,post,215,16777216,1.00000000000000000,-0.000000000
2,3,4096,4194304,16777216,7,reverse,post,216,16777216,1.00000000000000000,-0.000000000
2,3,4096,4194304,16777216,7,reverse,post,217,16777216,1.00000000000000000,-0.000000000
2,3,4096,4194304,16777216,7,reverse,post,218,16777216,1.00000000000000000,-0.000000000
2,3,4096,4194304,16777216,7,reverse,post,219,16777216,1.00000000000000000,-0.000000000
2,3,4096,4194304,16777216,7,reverse,post,220,16777216,1.00000000000000000,-0.000000000
2,3,4096,4194304,16777216,7,reverse,post,221,16777216,1.00000000000000000,-0.000000000
2,3,4096,4194304,16777216,7,reverse,post,222,16777216,1.00000000000000000,-0.000000000
2,3,4096,4194304,16777216,7,reverse,post,223,16777216,1.00000000000000000,-0.000000000
2,3,4096,4194304,16777216,7,reverse,post,224,16777216,1.00000000000000000,-0.000000000
2,3,4096,4194304,16777216,7,reverse,post,225,16777216,1.00000000000000000,-0.000000000
2,3,4096,4194304,16777216,7,reverse,post,226,16777216,1.00000000000000000,-0.000000000
2,3,4096,4194304,16777216,7,reverse,post,227,16777216,1.00000000000000000,-0.000000000
2,3,4096,4194304,16777216,7,reverse,post,228,16777216,1.00000000000000000,-0.000000000
2,3,4096,4194304,16777216,7,reverse,post,229,16777216,1.00000000000000000,-0.000000000
2,3,4096,4194304,16777216,7,reverse,post,230,16777216,1.00000000000000000,-0.000000000
2,3,4096,4194304,16777216,7,reverse,post,231,16777216,1.00000000000000000,-0.000000000
2,3,4096,4194304,16777216,7,reverse,post,232,16777216,1.00000000000000000,-0.000000000
2,3,4096,4194304,16777216,7,reverse,post,233,16777216,1.00000000000000000,-0.000000000
2,3,4096,4194304,16777216,7,reverse,post,234,16777216,1.00000000000000000,-0.000000000
2,3,4096,4194304,16777216,7,reverse,post,235,16777216,1.00000000000000000,-0.000000000
2,3,4096,4194304,16777216,7,reverse,post,236,16777216,1.00000000000000000,-0.000000000
2,3,4096,4194304,16777216,7,reverse,post,237,16777216,1.00000000000000000,-0.000000000
2,3,4096,4194304,16777216,7,reverse,post,238,16777216,1.00000000000000000,-0.000000000
2,3,4096,4194304,16777216,7,reverse,post,239,16777216,1.00000000000000000,-0.000000000
2,3,4096,4194304,16777216,7,reverse,post,240,16777216,1.00000000000000000,-0.000000000
2,3,4096,4194304,16777216,7,reverse,post,241,16777216,1.00000000000000000,-0.000000000
2,3,4096,4194304,16777216,7,reverse,post,242,16777216,1.00000000000000000,-0.000000000
2,3,4096,4194304,16777216,7,reverse,post,243,16777216,1.00000000000000000,-0.000000000
2,3,4096,4194304,16777216,7,reverse,post,244,16777216,1.00000000000000000,-0.000000000
2,3,4096,4194304,16777216,7,reverse,post,245,16777216,1.00000000000000000,-0.000000000
2,3,4096,4194304,16777216,7,reverse,post,246,16777216,1.00000000000000000,-0.000000000
2,3,4096,4194304,16777216,7,reverse,post,247,16777216,1.00000000000000000,-0.000000000
2,3,4096,4194304,16777216,7,reverse,post,248,16777216,1.00000000000000000,-0.000000000
2,3,4096,4194304,16777216,7,reverse,post,249,16777216,1.00000000000000000,-0.000000000
2,3,4096,4194304,16777216,7,reverse,post,250,16777216,1.00000000000000000,-0.000000000
2,3,4096,4194304,16777216,7,reverse,post,251,16777216,1.00000000000000000,-0.000000000
2,3,4096,4194304,16777216,7,reverse,post,252,16777216,1.00000000000000000,-0.000000000
2,3,4096,4194304,16777216,7,reverse,post,253,16777216,1.00000000000000000,-0.000000000
2,3,4096,4194304,16777216,7,reverse,post,254,16777216,1.00000000000000000,-0.000000000
2,3,4096,4194304,16777216,7,reverse,post,255,16777216,1.00000000000000000,-0.000000000
2,3,4096,4194304,16777216,7,reverse,post,256,16777216,1.00000000000000000,-0.000000000
2,3,4096,4194304,16777216,7,reverse,post,257,16777216,1.00000000000000000,-0.000000000
2,3,4096,4194304,16777216,7,reverse,post,258,16777216,1.00000000000000000,-0.000000000
2,3,4096,4194304,16777216,7,reverse,post,259,16777216,1.00000000000000000,-0.000000000
2,3,4096,4194304,16777216,7,reverse,post,260,16777216,1.00000000000000000,-0.000000000
2,3,4096,4194304,16777216,7,reverse,post,261,16777216,1.00000000000000000,-0.000000000
2,3,4096,4194304,16777216,7,reverse,post,262,16777216,1.00000000000000000,-0.000000000
2,3,4096,4194304,16777216,7,reverse,post,263,16777216,1.00000000000000000,-0.000000000
2,3,4096,4194304,16777216,7,reverse,post,264,16777216,1.00000000000000000,-0.000000000
2,3,4096,4194304,16777216,7,reverse,post,265,16777216,1.00000000000000000,-0.000000000
2,3,4096,4194304,16777216,7,reverse,post,266,16777216,1.00000000000000000,-0.000000000
2,3,4096,4194304,16777216,7,reverse,post,267,16777216,1.00000000000000000,-0.000000000
2,3,4096,4194304,16777216,7,reverse,post,268,16777216,1.00000000000000000,-0.000000000
2,3,4096,4194304,16777216,7,reverse,post,269,16777216,1.00000000000000000,-0.000000000
2,3,4096,4194304,16777216,7,reverse,post,270,16777216,1.00000000000000000,-0.000000000
2,3,4096,4194304,16777216,7,reverse,post,271,16777216,1.00000000000000000,-0.000000000
2,3,4096,4194304,16777216,7,reverse,post,272,16777216,1.00000000000000000,-0.000000000
2,3,4096,4194304,16777216,7,reverse,post,273,16777216,1.00000000000000000,-0.000000000
2,3,4096,4194304,16777216,7,reverse,post,274,16777216,1.00000000000000000,-0.000000000
2,3,4096,4194304,16777216,7,reverse,post,275,16777216,1.00000000000000000,-0.000000000
2,3,4096,4194304,16777216,7,reverse,post,276,16777216,1.00000000000000000,-0.000000000
2,3,4096,4194304,16777216,7,reverse,post,277,16777216,1.00000000000000000,-0.000000000
2,3,4096,4194304,16777216,7,reverse,post,278,16777216,1.00000000000000000,-0.000000000
2,3,4096,4194304,16777216,7,reverse,post,279,16777216,1.00000000000000000,-0.000000000
2,3,4096,4194304,16777216,7,reverse,post,280,16777216,1.00000000000000000,-0.000000000
2,3,4096,4194304,16777216,7,reverse,post,281,16777216,1.00000000000000000,-0.000000000
2,3,4096,4194304,16777216,7,reverse,post,282,16777216,1.00000000000000000,-0.000000000
2,3,4096,4194304,16777216,7,reverse,post,283,16777216,1.00000000000000000,-0.000000000
2,3,4096,4194304,16777216,7,reverse,post,284,16777216,1.00000000000000000,-0.000000000
2,3,4096,4194304,16777216,7,reverse,post,285,16777216,1.00000000000000000,-0.000000000
2,3,4096,4194304,16777216,7,reverse,post,286,16777216,1.00000000000000000,-0.000000000
2,3,4096,4194304,16777216,7,reverse,post,287,16777216,1.00000000000000000,-0.000000000
2,3,4096,4194304,16777216,7,reverse,post,288,16777216,1.00000000000000000,-0.000000000
2,3,4096,4194304,16777216,7,reverse,post,289,16777216,1.00000000000000000,-0.000000000
2,3,4096,4194304,16777216,7,reverse,post,290,16777216,1.00000000000000000,-0.000000000
2,3,4096,4194304,16777216,7,reverse,post,291,16777216,1.00000000000000000,-0.000000000
2,3,4096,4194304,16777216,7,reverse,post,292,16777216,1.00000000000000000,-0.000000000
2,3,4096,4194304,16777216,7,reverse,post,293,16777216,1.00000000000000000,-0.000000000
2,3,4096,4194304,16777216,7,reverse,post,294,16777216,1.00000000000000000,-0.000000000
2,3,4096,4194304,16777216,7,reverse,post,295,16777216,1.00000000000000000,-0.000000000
2,3,4096,4194304,16777216,7,reverse,post,296,16777216,1.00000000000000000,-0.000000000
2,3,4096,4194304,16777216,7,reverse,post,297,16777216,1.00000000000000000,-0.000000000
2,3,4096,4194304,16777216,7,reverse,post,298,16777216,1.00000000000000000,-0.000000000
2,3,4096,4194304,16777216,7,reverse,post,299,16777216,1.00000000000000000,-0.000000000
2,3,4096,4194304,16777216,7,reverse,post,300,16777216,1.00000000000000000,-0.000000000
2,3,4096,4194304,16777216,7,reverse,post,301,16777216,1.00000000000000000,-0.000000000
2,3,4096,4194304,16777216,7,reverse,post,302,16777216,1.00000000000000000,-0.000000000
2,3,4096,4194304,16777216,7,reverse,post,303,16777216,1.00000000000000000,-0.000000000
2,3,4096,4194304,16777216,7,reverse,post,304,16777216,1.00000000000000000,-0.000000000
2,3,4096,4194304,16777216,7,reverse,post,305,16777216,1.00000000000000000,-0.000000000
2,3,4096,4194304,16777216,7,reverse,post,306,16777216,1.00000000000000000,-0.000000000
2,3,4096,4194304,16777216,7,reverse,post,307,16777216,1.00000000000000000,-0.000000000
2,3,4096,4194304,16777216,7,reverse,post,308,16777216,1.00000000000000000,-0.000000000
2,3,4096,4194304,16777216,7,reverse,post,309,16777216,1.00000000000000000,-0.000000000
2,3,4096,4194304,16777216,7,reverse,post,310,16777216,1.00000000000000000,-0.000000000
2,3,4096,4194304,16777216,7,reverse,post,311,16777216,1.00000000000000000,-0.000000000
2,3,4096,4194304,16777216,7,reverse,post,312,16777216,1.00000000000000000,-0.000000000
2,3,4096,4194304,16777216,7,reverse,post,313,16777216,1.00000000000000000,-0.000000000
2,3,4096,4194304,16777216,7,reverse,post,314,16777216,1.00000000000000000,-0.000000000
2,3,4096,4194304,16777216,7,reverse,post,315,16777216,1.00000000000000000,-0.000000000
2,3,4096,4194304,16777216,7,reverse,post,316,16777216,1.00000000000000000,-0.000000000
2,3,4096,4194304,16777216,7,reverse,post,317,16777216,1.00000000000000000,-0.000000000
2,3,4096,4194304,16777216,7,reverse,post,318,16777216,1.00000000000000000,-0.000000000
2,3,4096,4194304,16777216,7,reverse,post,319,16777216,1.00000000000000000,-0.000000000
2,3,4096,4194304,16777216,7,reverse,post,320,16777216,1.00000000000000000,-0.000000000
2,3,4096,4194304,16777216,7,reverse,post,321,16777216,1.00000000000000000,-0.000000000
2,3,4096,4194304,16777216,7,reverse,post,322,16777216,1.00000000000000000,-0.000000000
2,3,4096,4194304,16777216,7,reverse,post,323,16777216,1.00000000000000000,-0.000000000
2,3,4096,4194304,16777216,7,reverse,post,324,16777216,1.00000000000000000,-0.000000000
2,3,4096,4194304,16777216,7,reverse,post,325,16777216,1.00000000000000000,-0.000000000
2,3,4096,4194304,16777216,7,reverse,post,326,16777216,1.00000000000000000,-0.000000000
2,3,4096,4194304,16777216,7,reverse,post,327,16777216,1.00000000000000000,-0.000000000
2,3,4096,4194304,16777216,7,reverse,post,328,16777216,1.00000000000000000,-0.000000000
2,3,4096,4194304,16777216,7,reverse,post,329,16777216,1.00000000000000000,-0.000000000
2,3,4096,4194304,16777216,7,reverse,post,330,16777216,1.00000000000000000,-0.000000000
2,3,4096,4194304,16777216,7,reverse,post,331,16777216,1.00000000000000000,-0.000000000
2,3,4096,4194304,16777216,7,reverse,post,332,16777216,1.00000000000000000,-0.000000000
2,3,4096,4194304,16777216,7,reverse,post,333,16777216,1.00000000000000000,-0.000000000
2,3,4096,4194304,16777216,7,reverse,post,334,16777216,1.00000000000000000,-0.000000000
2,3,4096,4194304,16777216,7,reverse,post,335,16777216,1.00000000000000000,-0.000000000
2,3,4096,4194304,16777216,7,reverse,post,336,16777216,1.00000000000000000,-0.000000000
2,3,4096,4194304,16777216,7,reverse,post,337,16777216,1.00000000000000000,-0.000000000
2,3,4096,4194304,16777216,7,reverse,post,338,16777216,1.00000000000000000,-0.000000000
2,3,4096,4194304,16777216,7,reverse,post,339,16777216,1.00000000000000000,-0.000000000
2,3,4096,4194304,16777216,7,reverse,post,340,16777216,1.00000000000000000,-0.000000000
2,3,4096,4194304,16777216,7,reverse,post,341,16777216,1.00000000000000000,-0.000000000
2,3,4096,4194304,16777216,7,reverse,post,342,16777216,1.00000000000000000,-0.000000000
2,3,4096,4194304,16777216,7,reverse,post,343,16777216,1.00000000000000000,-0.000000000
2,3,4096,4194304,16777216,7,reverse,post,344,16777216,1.00000000000000000,-0.000000000
2,3,4096,4194304,16777216,7,reverse,post,345,16777216,1.00000000000000000,-0.000000000
2,3,4096,4194304,16777216,7,reverse,post,346,16777216,1.00000000000000000,-0.000000000
2,3,4096,4194304,16777216,7,reverse,post,347,16777216,1.00000000000000000,-0.000000000
2,3,4096,4194304,16777216,7,reverse,post,348,16777216,1.00000000000000000,-0.000000000
2,3,4096,4194304,16777216,7,reverse,post,349,16777216,1.00000000000000000,-0.000000000
2,3,4096,4194304,16777216,7,reverse,post,350,16777216,1.00000000000000000,-0.000000000
2,3,4096,4194304,16777216,7,reverse,post,351,16777216,1.00000000000000000,-0.000000000
2,3,4096,4194304,16777216,7,reverse,post,352,16777216,1.00000000000000000,-0.000000000
2,3,4096,4194304,16777216,7,reverse,post,353,16777216,1.00000000000000000,-0.000000000
2,3,4096,4194304,16777216,7,reverse,post,354,16777216,1.00000000000000000,-0.000000000
2,3,4096,4194304,16777216,7,reverse,post,355,16777216,1.00000000000000000,-0.000000000
2,3,4096,4194304,16777216,7,reverse,post,356,16777216,1.00000000000000000,-0.000000000
2,3,4096,4194304,16777216,7,reverse,post,357,16777216,1.00000000000000000,-0.000000000
2,3,4096,4194304,16777216,7,reverse,post,358,16777216,1.00000000000000000,-0.000000000
2,3,4096,4194304,16777216,7,reverse,post,359,16777216,1.00000000000000000,-0.000000000
2,3,4096,4194304,16777216,7,reverse,post,360,16777216,1.00000000000000000,-0.000000000
2,3,4096,4194304,16777216,7,reverse,post,361,16777216,1.00000000000000000,-0.000000000
2,3,4096,4194304,16777216,7,reverse,post,362,16777216,1.00000000000000000,-0.000000000
2,3,4096,4194304,16777216,7,reverse,post,363,16777216,1.00000000000000000,-0.000000000
2,3,4096,4194304,16777216,7,reverse,post,364,16777216,1.00000000000000000,-0.000000000
2,3,4096,4194304,16777216,7,reverse,post,365,16777216,1.00000000000000000,-0.000000000
2,3,4096,4194304,16777216,7,reverse,post,366,16777216,1.00000000000000000,-0.000000000
2,3,4096,4194304,16777216,7,reverse,post,367,16777216,1.00000000000000000,-0.000000000
2,3,4096,4194304,16777216,7,reverse,post,368,16777216,1.00000000000000000,-0.000000000
2,3,4096,4194304,16777216,7,reverse,post,369,16777216,1.00000000000000000,-0.000000000
2,3,4096,4194304,16777216,7,reverse,post,370,16777216,1.00000000000000000,-0.000000000
2,3,4096,4194304,16777216,7,reverse,post,371,16777216,1.00000000000000000,-0.000000000
2,3,4096,4194304,16777216,7,reverse,post,372,16777216,1.00000000000000000,-0.000000000
2,3,4096,4194304,16777216,7,reverse,post,373,16777216,1.00000000000000000,-0.000000000
2,3,4096,4194304,16777216,7,reverse,post,374,16777216,1.00000000000000000,-0.000000000
2,3,4096,4194304,16777216,7,reverse,post,375,16777216,1.00000000000000000,-0.000000000
2,3,4096,4194304,16777216,7,reverse,post,376,16777216,1.00000000000000000,-0.000000000
2,3,4096,4194304,16777216,7,reverse,post,377,16777216,1.00000000000000000,-0.000000000
2,3,4096,4194304,16777216,7,reverse,post,378,16777216,1.00000000000000000,-0.000000000
2,3,4096,4194304,16777216,7,reverse,post,379,16777216,1.00000000000000000,-0.000000000
2,3,4096,4194304,16777216,7,reverse,post,380,16777216,1.00000000000000000,-0.000000000
2,3,4096,4194304,16777216,7,reverse,post,381,16777216,1.00000000000000000,-0.000000000
2,3,4096,4194304,16777216,7,reverse,post,382,16777216,1.00000000000000000,-0.000000000
2,3,4096,4194304,16777216,7,reverse,post,383,16777216,1.00000000000000000,-0.000000000
2,3,4096,4194304,16777216,7,reverse,post,384,16777216,1.00000000000000000,-0.000000000
2,3,4096,4194304,16777216,7,reverse,post,385,16777216,1.00000000000000000,-0.000000000
2,3,4096,4194304,16777216,7,reverse,post,386,16777216,1.00000000000000000,-0.000000000
2,3,4096,4194304,16777216,7,reverse,post,387,16777216,1.00000000000000000,-0.000000000
2,3,4096,4194304,16777216,7,reverse,post,388,16777216,1.00000000000000000,-0.000000000
2,3,4096,4194304,16777216,7,reverse,post,389,16777216,1.00000000000000000,-0.000000000
2,3,4096,4194304,16777216,7,reverse,post,390,16777216,1.00000000000000000,-0.000000000
2,3,4096,4194304,16777216,7,reverse,post,391,16777216,1.00000000000000000,-0.000000000
2,3,4096,4194304,16777216,7,reverse,post,392,16777216,1.00000000000000000,-0.000000000
2,3,4096,4194304,16777216,7,reverse,post,393,16777216,1.00000000000000000,-0.000000000
2,3,4096,4194304,16777216,7,reverse,post,394,16777216,1.00000000000000000,-0.000000000
2,3,4096,4194304,16777216,7,reverse,post,395,16777216,1.00000000000000000,-0.000000000
2,3,4096,4194304,16777216,7,reverse,post,396,16777216,1.00000000000000000,-0.000000000
2,3,4096,4194304,16777216,7,reverse,post,397,16777216,1.00000000000000000,-0.000000000
2,3,4096,4194304,16777216,7,reverse,post,398,16777216,1.00000000000000000,-0.000000000
2,3,4096,4194304,16777216,7,reverse,post,399,16777216,1.00000000000000000,-0.000000000
2,3,4096,4194304,16777216,7,reverse,post,400,16777216,1.00000000000000000,-0.000000000
2,3,4096,4194304,16777216,7,reverse,post,401,16777216,1.00000000000000000,-0.000000000
2,3,4096,4194304,16777216,7,reverse,post,402,16777216,1.00000000000000000,-0.000000000
2,3,4096,4194304,16777216,7,reverse,post,403,16777216,1.00000000000000000,-0.000000000
2,3,4096,4194304,16777216,7,reverse,post,404,16777216,1.00000000000000000,-0.000000000
2,3,4096,4194304,16777216,7,reverse,post,405,16777216,1.00000000000000000,-0.000000000
2,3,4096,4194304,16777216,7,reverse,post,406,16777216,1.00000000000000000,-0.000000000
2,3,4096,4194304,16777216,7,reverse,post,407,16777216,1.00000000000000000,-0.000000000
2,3,4096,4194304,16777216,7,reverse,post,408,16777216,1.00000000000000000,-0.000000000
2,3,4096,4194304,16777216,7,reverse,post,409,16777216,1.00000000000000000,-0.000000000
2,3,4096,4194304,16777216,7,reverse,post,410,16777216,1.00000000000000000,-0.000000000
2,3,4096,4194304,16777216,7,reverse,post,411,16777216,1.00000000000000000,-0.000000000
2,3,4096,4194304,16777216,7,reverse,post,412,16777216,1.00000000000000000,-0.000000000
2,3,4096,4194304,16777216,7,reverse,post,413,16777216,1.00000000000000000,-0.000000000
2,3,4096,4194304,16777216,7,reverse,post,414,16777216,1.00000000000000000,-0.000000000
2,3,4096,4194304,16777216,7,reverse,post,415,16777216,1.00000000000000000,-0.000000000
2,3,4096,4194304,16777216,7,reverse,post,416,16777216,1.00000000000000000,-0.000000000
2,3,4096,4194304,16777216,7,reverse,post,417,16777216,1.00000000000000000,-0.000000000
2,3,4096,4194304,16777216,7,reverse,post,418,16777216,1.00000000000000000,-0.000000000
2,3,4096,4194304,16777216,7,reverse,post,419,16777216,1.00000000000000000,-0.000000000
2,3,4096,4194304,16777216,7,reverse,post,420,16777216,1.00000000000000000,-0.000000000
2,3,4096,4194304,16777216,7,reverse,post,421,16777216,1.00000000000000000,-0.000000000
2,3,4096,4194304,16777216,7,reverse,post,422,16777216,1.00000000000000000,-0.000000000
2,3,4096,4194304,16777216,7,reverse,post,423,16777216,1.00000000000000000,-0.000000000
2,3,4096,4194304,16777216,7,reverse,post,424,16777216,1.00000000000000000,-0.000000000
2,3,4096,4194304,16777216,7,reverse,post,425,16777216,1.00000000000000000,-0.000000000
2,3,4096,4194304,16777216,7,reverse,post,426,16777216,1.00000000000000000,-0.000000000
2,3,4096,4194304,16777216,7,reverse,post,427,16777216,1.00000000000000000,-0.000000000
2,3,4096,4194304,16777216,7,reverse,post,428,16777216,1.00000000000000000,-0.000000000
2,3,4096,4194304,16777216,7,reverse,post,429,16777216,1.00000000000000000,-0.000000000
2,3,4096,4194304,16777216,7,reverse,post,430,16777216,1.00000000000000000,-0.000000000
2,3,4096,4194304,16777216,7,reverse,post,431,16777216,1.00000000000000000,-0.000000000
2,3,4096,4194304,16777216,7,reverse,post,432,16777216,1.00000000000000000,-0.000000000
2,3,4096,4194304,16777216,7,reverse,post,433,16777216,1.00000000000000000,-0.000000000
2,3,4096,4194304,16777216,7,reverse,post,434,16777216,1.00000000000000000,-0.000000000
2,3,4096,4194304,16777216,7,reverse,post,435,16777216,1.00000000000000000,-0.000000000
2,3,4096,4194304,16777216,7,reverse,post,436,16777216,1.00000000000000000,-0.000000000
2,3,4096,4194304,16777216,7,reverse,post,437,16777216,1.00000000000000000,-0.000000000
2,3,4096,4194304,16777216,7,reverse,post,438,16777216,1.00000000000000000,-0.000000000
2,3,4096,4194304,16777216,7,reverse,post,439,16777216,1.00000000000000000,-0.000000000
2,3,4096,4194304,16777216,7,reverse,post,440,16777216,1.00000000000000000,-0.000000000
2,3,4096,4194304,16777216,7,reverse,post,441,16777216,1.00000000000000000,-0.000000000
2,3,4096,4194304,16777216,7,reverse,post,442,16777216,1.00000000000000000,-0.000000000
2,3,4096,4194304,16777216,7,reverse,post,443,16777216,1.00000000000000000,-0.000000000
2,3,4096,4194304,16777216,7,reverse,post,444,16777216,1.00000000000000000,-0.000000000
2,3,4096,4194304,16777216,7,reverse,post,445,16777216,1.00000000000000000,-0.000000000
2,3,4096,4194304,16777216,7,reverse,post,446,16777216,1.00000000000000000,-0.000000000
2,3,4096,4194304,16777216,7,reverse,post,447,16777216,1.00000000000000000,-0.000000000
2,3,4096,4194304,16777216,7,reverse,post,448,16777216,1.00000000000000000,-0.000000000
2,3,4096,4194304,16777216,7,reverse,post,449,16777216,1.00000000000000000,-0.000000000
2,3,4096,4194304,16777216,7,reverse,post,450,16777216,1.00000000000000000,-0.000000000
2,3,4096,4194304,16777216,7,reverse,post,451,16777216,1.00000000000000000,-0.000000000
2,3,4096,4194304,16777216,7,reverse,post,452,16777216,1.00000000000000000,-0.000000000
2,3,4096,4194304,16777216,7,reverse,post,453,16777216,1.00000000000000000,-0.000000000
2,3,4096,4194304,16777216,7,reverse,post,454,16777216,1.00000000000000000,-0.000000000
2,3,4096,4194304,16777216,7,reverse,post,455,16777216,1.00000000000000000,-0.000000000
2,3,4096,4194304,16777216,7,reverse,post,456,16777216,1.00000000000000000,-0.000000000
2,3,4096,4194304,16777216,7,reverse,post,457,16777216,1.00000000000000000,-0.000000000
2,3,4096,4194304,16777216,7,reverse,post,458,16777216,1.00000000000000000,-0.000000000
2,3,4096,4194304,16777216,7,reverse,post,459,16777216,1.00000000000000000,-0.000000000
2,3,4096,4194304,16777216,7,reverse,post,460,16777216,1.00000000000000000,-0.000000000
2,3,4096,4194304,16777216,7,reverse,post,461,16777216,1.00000000000000000,-0.000000000
2,3,4096,4194304,16777216,7,reverse,post,462,16777216,1.00000000000000000,-0.000000000
2,3,4096,4194304,16777216,7,reverse,post,463,16777216,1.00000000000000000,-0.000000000
2,3,4096,4194304,16777216,7,reverse,post,464,16777216,1.00000000000000000,-0.000000000
2,3,4096,4194304,16777216,7,reverse,post,465,16777216,1.00000000000000000,-0.000000000
2,3,4096,4194304,16777216,7,reverse,post,466,16777216,1.00000000000000000,-0.000000000
2,3,4096,4194304,16777216,7,reverse,post,467,16777216,1.00000000000000000,-0.000000000
2,3,4096,4194304,16777216,7,reverse,post,468,16777216,1.00000000000000000,-0.000000000
2,3,4096,4194304,16777216,7,reverse,post,469,16777216,1.00000000000000000,-0.000000000
2,3,4096,4194304,16777216,7,reverse,post,470,16777216,1.00000000000000000,-0.000000000
2,3,4096,4194304,16777216,7,reverse,post,471,16777216,1.00000000000000000,-0.000000000
2,3,4096,4194304,16777216,7,reverse,post,472,16777216,1.00000000000000000,-0.000000000
2,3,4096,4194304,16777216,7,reverse,post,473,16777216,1.00000000000000000,-0.000000000
2,3,4096,4194304,16777216,7,reverse,post,474,16777216,1.00000000000000000,-0.000000000
2,3,4096,4194304,16777216,7,reverse,post,475,16777216,1.00000000000000000,-0.000000000
2,3,4096,4194304,16777216,7,reverse,post,476,16777216,1.00000000000000000,-0.000000000
2,3,4096,4194304,16777216,7,reverse,post,477,16777216,1.00000000000000000,-0.000000000
2,3,4096,4194304,16777216,7,reverse,post,478,16777216,1.00000000000000000,-0.000000000
2,3,4096,4194304,16777216,7,reverse,post,479,16777216,1.00000000000000000,-0.000000000
2,3,4096,4194304,16777216,7,reverse,post,480,16777216,1.00000000000000000,-0.000000000
2,3,4096,4194304,16777216,7,reverse,post,481,16777216,1.00000000000000000,-0.000000000
2,3,4096,4194304,16777216,7,reverse,post,482,16777216,1.00000000000000000,-0.000000000
2,3,4096,4194304,16777216,7,reverse,post,483,16777216,1.00000000000000000,-0.000000000
2,3,4096,4194304,16777216,7,reverse,post,484,16777216,1.00000000000000000,-0.000000000
2,3,4096,4194304,16777216,7,reverse,post,485,16777216,1.00000000000000000,-0.000000000
2,3,4096,4194304,16777216,7,reverse,post,486,16777216,1.00000000000000000,-0.000000000
2,3,4096,4194304,16777216,7,reverse,post,487,16777216,1.00000000000000000,-0.000000000
2,3,4096,4194304,16777216,7,reverse,post,488,16777216,1.00000000000000000,-0.000000000
2,3,4096,4194304,16777216,7,reverse,post,489,16777216,1.00000000000000000,-0.000000000
2,3,4096,4194304,16777216,7,reverse,post,490,16777216,1.00000000000000000,-0.000000000
2,3,4096,4194304,16777216,7,reverse,post,491,16777216,1.00000000000000000,-0.000000000
2,3,4096,4194304,16777216,7,reverse,post,492,16777216,1.00000000000000000,-0.000000000
2,3,4096,4194304,16777216,7,reverse,post,493,16777216,1.00000000000000000,-0.000000000
2,3,4096,4194304,16777216,7,reverse,post,494,16777216,1.00000000000000000,-0.000000000
2,3,4096,4194304,16777216,7,reverse,post,495,16777216,1.00000000000000000,-0.000000000
2,3,4096,4194304,16777216,7,reverse,post,496,16777216,1.00000000000000000,-0.000000000
2,3,4096,4194304,16777216,7,reverse,post,497,16777216,1.00000000000000000,-0.000000000
2,3,4096,4194304,16777216,7,reverse,post,498,16777216,1.00000000000000000,-0.000000000
2,3,4096,4194304,16777216,7,reverse,post,499,16777216,1.00000000000000000,-0.000000000
2,3,4096,4194304,16777216,7,reverse,post,500,16777216,1.00000000000000000,-0.000000000
2,3,4096,4194304,16777216,7,reverse,post,501,16777216,1.00000000000000000,-0.000000000
2,3,4096,4194304,16777216,7,reverse,post,502,16777216,1.00000000000000000,-0.000000000
2,3,4096,4194304,16777216,7,reverse,post,503,16777216,1.00000000000000000,-0.000000000
2,3,4096,4194304,16777216,7,reverse,post,504,16777216,1.00000000000000000,-0.000000000
2,3,4096,4194304,16777216,7,reverse,post,505,16777216,1.00000000000000000,-0.000000000
2,3,4096,4194304,16777216,7,reverse,post,506,16777216,1.00000000000000000,-0.000000000
2,3,4096,4194304,16777216,7,reverse,post,507,16777216,1.00000000000000000,-0.000000000
2,3,4096,4194304,16777216,7,reverse,post,508,16777216,1.00000000000000000,-0.000000000
2,3,4096,4194304,16777216,7,reverse,post,509,16777216,1.00000000000000000,-0.000000000
2,3,4096,4194304,16777216,7,reverse,post,510,16777216,1.00000000000000000,-0.000000000
2,3,4096,4194304,16777216,7,reverse,post,511,16777216,1.00000000000000000,-0.000000000
2,3,4096,4194304,16777216,7,reverse,post,512,16777216,1.00000000000000000,-0.000000000
2,3,4096,4194304,16777216,7,reverse,post,513,16777216,1.00000000000000000,-0.000000000
2,3,4096,4194304,16777216,7,reverse,post,514,16777216,1.00000000000000000,-0.000000000
2,3,4096,4194304,16777216,7,reverse,post,515,16777216,1.00000000000000000,-0.000000000
2,3,4096,4194304,16777216,7,reverse,post,516,16777216,1.00000000000000000,-0.000000000
2,3,4096,4194304,16777216,7,reverse,post,517,16777216,1.00000000000000000,-0.000000000
2,3,4096,4194304,16777216,7,reverse,post,518,16777216,1.00000000000000000,-0.000000000
2,3,4096,4194304,16777216,7,reverse,post,519,16777216,1.00000000000000000,-0.000000000
2,3,4096,4194304,16777216,7,reverse,post,520,16777216,1.00000000000000000,-0.000000000
2,3,4096,4194304,16777216,7,reverse,post,521,16777216,1.00000000000000000,-0.000000000
2,3,4096,4194304,16777216,7,reverse,post,522,16777216,1.00000000000000000,-0.000000000
2,3,4096,4194304,16777216,7,reverse,post,523,16777216,1.00000000000000000,-0.000000000
2,3,4096,4194304,16777216,7,reverse,post,524,16777216,1.00000000000000000,-0.000000000
2,3,4096,4194304,16777216,7,reverse,post,525,16777216,1.00000000000000000,-0.000000000
2,3,4096,4194304,16777216,7,reverse,post,526,16777216,1.00000000000000000,-0.000000000
2,3,4096,4194304,16777216,7,reverse,post,527,16777216,1.00000000000000000,-0.000000000
2,3,4096,4194304,16777216,7,reverse,post,528,16777216,1.00000000000000000,-0.000000000
2,3,4096,4194304,16777216,7,reverse,post,529,16777216,1.00000000000000000,-0.000000000
2,3,4096,4194304,16777216,7,reverse,post,530,16777216,1.00000000000000000,-0.000000000
2,3,4096,4194304,16777216,7,reverse,post,531,16777216,1.00000000000000000,-0.000000000
2,3,4096,4194304,16777216,7,reverse,post,532,16777216,1.00000000000000000,-0.000000000
2,3,4096,4194304,16777216,7,reverse,post,533,16777216,1.00000000000000000,-0.000000000
2,3,4096,4194304,16777216,7,reverse,post,534,16777216,1.00000000000000000,-0.000000000
2,3,4096,4194304,16777216,7,reverse,post,535,16777216,1.00000000000000000,-0.000000000
2,3,4096,4194304,16777216,7,reverse,post,536,16777216,1.00000000000000000,-0.000000000
2,3,4096,4194304,16777216,7,reverse,post,537,16777216,1.00000000000000000,-0.000000000
2,3,4096,4194304,16777216,7,reverse,post,538,16777216,1.00000000000000000,-0.000000000
2,3,4096,4194304,16777216,7,reverse,post,539,16777216,1.00000000000000000,-0.000000000
2,3,4096,4194304,16777216,7,reverse,post,540,16777216,1.00000000000000000,-0.000000000
2,3,4096,4194304,16777216,7,reverse,post,541,16777216,1.00000000000000000,-0.000000000
2,3,4096,4194304,16777216,7,reverse,post,542,16777216,1.00000000000000000,-0.000000000
2,3,4096,4194304,16777216,7,reverse,post,543,16777216,1.00000000000000000,-0.000000000
2,3,4096,4194304,16777216,7,reverse,post,544,16777216,1.00000000000000000,-0.000000000
2,3,4096,4194304,16777216,7,reverse,post,545,16777216,1.00000000000000000,-0.000000000
2,3,4096,4194304,16777216,7,reverse,post,546,16777216,1.00000000000000000,-0.000000000
2,3,4096,4194304,16777216,7,reverse,post,547,16777216,1.00000000000000000,-0.000000000
2,3,4096,4194304,16777216,7,reverse,post,548,16777216,1.00000000000000000,-0.000000000
2,3,4096,4194304,16777216,7,reverse,post,549,16777216,1.00000000000000000,-0.000000000
2,3,4096,4194304,16777216,7,reverse,post,550,16777216,1.00000000000000000,-0.000000000
2,3,4096,4194304,16777216,7,reverse,post,551,16777216,1.00000000000000000,-0.000000000
2,3,4096,4194304,16777216,7,reverse,post,552,16777216,1.00000000000000000,-0.000000000
2,3,4096,4194304,16777216,7,reverse,post,553,16777216,1.00000000000000000,-0.000000000
2,3,4096,4194304,16777216,7,reverse,post,554,16777216,1.00000000000000000,-0.000000000
2,3,4096,4194304,16777216,7,reverse,post,555,16777216,1.00000000000000000,-0.000000000
2,3,4096,4194304,16777216,7,reverse,post,556,16777216,1.00000000000000000,-0.000000000
2,3,4096,4194304,16777216,7,reverse,post,557,16777216,1.00000000000000000,-0.000000000
2,3,4096,4194304,16777216,7,reverse,post,558,16777216,1.00000000000000000,-0.000000000
2,3,4096,4194304,16777216,7,reverse,post,559,16777216,1.00000000000000000,-0.000000000
2,3,4096,4194304,16777216,7,reverse,post,560,16777216,1.00000000000000000,-0.000000000
2,3,4096,4194304,16777216,7,reverse,post,561,16777216,1.00000000000000000,-0.000000000
2,3,4096,4194304,16777216,7,reverse,post,562,16777216,1.00000000000000000,-0.000000000
2,3,4096,4194304,16777216,7,reverse,post,563,16777216,1.00000000000000000,-0.000000000
2,3,4096,4194304,16777216,7,reverse,post,564,16777216,1.00000000000000000,-0.000000000
2,3,4096,4194304,16777216,7,reverse,post,565,16777216,1.00000000000000000,-0.000000000
2,3,4096,4194304,16777216,7,reverse,post,566,16777216,1.00000000000000000,-0.000000000
2,3,4096,4194304,16777216,7,reverse,post,567,16777216,1.00000000000000000,-0.000000000
2,3,4096,4194304,16777216,7,reverse,post,568,16777216,1.00000000000000000,-0.000000000
2,3,4096,4194304,16777216,7,reverse,post,569,16777216,1.00000000000000000,-0.000000000
2,3,4096,4194304,16777216,7,reverse,post,570,16777216,1.00000000000000000,-0.000000000
2,3,4096,4194304,16777216,7,reverse,post,571,16777216,1.00000000000000000,-0.000000000
2,3,4096,4194304,16777216,7,reverse,post,572,16777216,1.00000000000000000,-0.000000000
2,3,4096,4194304,16777216,7,reverse,post,573,16777216,1.00000000000000000,-0.000000000
2,3,4096,4194304,16777216,7,reverse,post,574,16777216,1.00000000000000000,-0.000000000
2,3,4096,4194304,16777216,7,reverse,post,575,16777216,1.00000000000000000,-0.000000000
2,3,4096,4194304,16777216,7,reverse,post,576,16777216,1.00000000000000000,-0.000000000
2,3,4096,4194304,16777216,7,reverse,post,577,16777216,1.00000000000000000,-0.000000000
2,3,4096,4194304,16777216,7,reverse,post,578,16777216,1.00000000000000000,-0.000000000
2,3,4096,4194304,16777216,7,reverse,post,579,16777216,1.00000000000000000,-0.000000000
2,3,4096,4194304,16777216,7,reverse,post,580,16777216,1.00000000000000000,-0.000000000
2,3,4096,4194304,16777216,7,reverse,post,581,16777216,1.00000000000000000,-0.000000000
2,3,4096,4194304,16777216,7,reverse,post,582,16777216,1.00000000000000000,-0.000000000
2,3,4096,4194304,16777216,7,reverse,post,583,16777216,1.00000000000000000,-0.000000000
2,3,4096,4194304,16777216,7,reverse,post,584,16777216,1.00000000000000000,-0.000000000
2,3,4096,4194304,16777216,7,reverse,post,585,16777216,1.00000000000000000,-0.000000000
2,3,4096,4194304,16777216,7,reverse,post,586,16777216,1.00000000000000000,-0.000000000
2,3,4096,4194304,16777216,7,reverse,post,587,16777216,1.00000000000000000,-0.000000000
2,3,4096,4194304,16777216,7,reverse,post,588,16777216,1.00000000000000000,-0.000000000
2,3,4096,4194304,16777216,7,reverse,post,589,16777216,1.00000000000000000,-0.000000000
2,3,4096,4194304,16777216,7,reverse,post,590,16777216,1.00000000000000000,-0.000000000
2,3,4096,4194304,16777216,7,reverse,post,591,16777216,1.00000000000000000,-0.000000000
2,3,4096,4194304,16777216,7,reverse,post,592,16777216,1.00000000000000000,-0.000000000
2,3,4096,4194304,16777216,7,reverse,post,593,16777216,1.00000000000000000,-0.000000000
2,3,4096,4194304,16777216,7,reverse,post,594,16777216,1.00000000000000000,-0.000000000
2,3,4096,4194304,16777216,7,reverse,post,595,16777216,1.00000000000000000,-0.000000000
2,3,4096,4194304,16777216,7,reverse,post,596,16777216,1.00000000000000000,-0.000000000
2,3,4096,4194304,16777216,7,reverse,post,597,16777216,1.00000000000000000,-0.000000000
2,3,4096,4194304,16777216,7,reverse,post,598,16777216,1.00000000000000000,-0.000000000
2,3,4096,4194304,16777216,7,reverse,post,599,16777216,1.00000000000000000,-0.000000000
2,3,4096,4194304,16777216,7,reverse,post,600,16777216,1.00000000000000000,-0.000000000
2,3,4096,4194304,16777216,7,reverse,post,601,16777216,1.00000000000000000,-0.000000000
2,3,4096,4194304,16777216,7,reverse,post,602,16777216,1.00000000000000000,-0.000000000
2,3,4096,4194304,16777216,7,reverse,post,603,16777216,1.00000000000000000,-0.000000000
2,3,4096,4194304,16777216,7,reverse,post,604,16777216,1.00000000000000000,-0.000000000
2,3,4096,4194304,16777216,7,reverse,post,605,16777216,1.00000000000000000,-0.000000000
2,3,4096,4194304,16777216,7,reverse,post,606,16777216,1.00000000000000000,-0.000000000
2,3,4096,4194304,16777216,7,reverse,post,607,16777216,1.00000000000000000,-0.000000000
2,3,4096,4194304,16777216,7,reverse,post,608,16777216,1.00000000000000000,-0.000000000
2,3,4096,4194304,16777216,7,reverse,post,609,16777216,1.00000000000000000,-0.000000000
2,3,4096,4194304,16777216,7,reverse,post,610,16777216,1.00000000000000000,-0.000000000
2,3,4096,4194304,16777216,7,reverse,post,611,16777216,1.00000000000000000,-0.000000000
2,3,4096,4194304,16777216,7,reverse,post,612,16777216,1.00000000000000000,-0.000000000
2,3,4096,4194304,16777216,7,reverse,post,613,16777216,1.00000000000000000,-0.000000000
2,3,4096,4194304,16777216,7,reverse,post,614,16777216,1.00000000000000000,-0.000000000
2,3,4096,4194304,16777216,7,reverse,post,615,16777216,1.00000000000000000,-0.000000000
2,3,4096,4194304,16777216,7,reverse,post,616,16777216,1.00000000000000000,-0.000000000
2,3,4096,4194304,16777216,7,reverse,post,617,16777216,1.00000000000000000,-0.000000000
2,3,4096,4194304,16777216,7,reverse,post,618,16777216,1.00000000000000000,-0.000000000
2,3,4096,4194304,16777216,7,reverse,post,619,16777216,1.00000000000000000,-0.000000000
2,3,4096,4194304,16777216,7,reverse,post,620,16777216,1.00000000000000000,-0.000000000
2,3,4096,4194304,16777216,7,reverse,post,621,16777216,1.00000000000000000,-0.000000000
2,3,4096,4194304,16777216,7,reverse,post,622,16777216,1.00000000000000000,-0.000000000
2,3,4096,4194304,16777216,7,reverse,post,623,16777216,1.00000000000000000,-0.000000000
2,3,4096,4194304,16777216,7,reverse,post,624,16777216,1.00000000000000000,-0.000000000
2,3,4096,4194304,16777216,7,reverse,post,625,16777216,1.00000000000000000,-0.000000000
2,3,4096,4194304,16777216,7,reverse,post,626,16777216,1.00000000000000000,-0.000000000
2,3,4096,4194304,16777216,7,reverse,post,627,16777216,1.00000000000000000,-0.000000000
2,3,4096,4194304,16777216,7,reverse,post,628,16777216,1.00000000000000000,-0.000000000
2,3,4096,4194304,16777216,7,reverse,post,629,16777216,1.00000000000000000,-0.000000000
2,3,4096,4194304,16777216,7,reverse,post,630,16777216,1.00000000000000000,-0.000000000
2,3,4096,4194304,16777216,7,reverse,post,631,16777216,1.00000000000000000,-0.000000000
2,3,4096,4194304,16777216,7,reverse,post,632,16777216,1.00000000000000000,-0.000000000
2,3,4096,4194304,16777216,7,reverse,post,633,16777216,1.00000000000000000,-0.000000000
2,3,4096,4194304,16777216,7,reverse,post,634,16777216,1.00000000000000000,-0.000000000
2,3,4096,4194304,16777216,7,reverse,post,635,16777216,1.00000000000000000,-0.000000000
2,3,4096,4194304,16777216,7,reverse,post,636,16777216,1.00000000000000000,-0.000000000
2,3,4096,4194304,16777216,7,reverse,post,637,16777216,1.00000000000000000,-0.000000000
2,3,4096,4194304,16777216,7,reverse,post,638,16777216,1.00000000000000000,-0.000000000
2,3,4096,4194304,16777216,7,reverse,post,639,16777216,1.00000000000000000,-0.000000000
2,3,4096,4194304,16777216,7,reverse,post,640,16777216,1.00000000000000000,-0.000000000
2,3,4096,4194304,16777216,7,reverse,post,641,16777216,1.00000000000000000,-0.000000000
2,3,4096,4194304,16777216,7,reverse,post,642,16777216,1.00000000000000000,-0.000000000
2,3,4096,4194304,16777216,7,reverse,post,643,16777216,1.00000000000000000,-0.000000000
2,3,4096,4194304,16777216,7,reverse,post,644,16777216,1.00000000000000000,-0.000000000
2,3,4096,4194304,16777216,7,reverse,post,645,16777216,1.00000000000000000,-0.000000000
2,3,4096,4194304,16777216,7,reverse,post,646,16777216,1.00000000000000000,-0.000000000
2,3,4096,4194304,16777216,7,reverse,post,647,16777216,1.00000000000000000,-0.000000000
2,3,4096,4194304,16777216,7,reverse,post,648,16777216,1.00000000000000000,-0.000000000
2,3,4096,4194304,16777216,7,reverse,post,649,16777216,1.00000000000000000,-0.000000000
2,3,4096,4194304,16777216,7,reverse,post,650,16777216,1.00000000000000000,-0.000000000
2,3,4096,4194304,16777216,7,reverse,post,651,16777216,1.00000000000000000,-0.000000000
2,3,4096,4194304,16777216,7,reverse,post,652,16777216,1.00000000000000000,-0.000000000
2,3,4096,4194304,16777216,7,reverse,post,653,16777216,1.00000000000000000,-0.000000000
2,3,4096,4194304,16777216,7,reverse,post,654,16777216,1.00000000000000000,-0.000000000
2,3,4096,4194304,16777216,7,reverse,post,655,16777216,1.00000000000000000,-0.000000000
2,3,4096,4194304,16777216,7,reverse,post,656,16777216,1.00000000000000000,-0.000000000
2,3,4096,4194304,16777216,7,reverse,post,657,16777216,1.00000000000000000,-0.000000000
2,3,4096,4194304,16777216,7,reverse,post,658,16777216,1.00000000000000000,-0.000000000
2,3,4096,4194304,16777216,7,reverse,post,659,16777216,1.00000000000000000,-0.000000000
2,3,4096,4194304,16777216,7,reverse,post,660,16777216,1.00000000000000000,-0.000000000
2,3,4096,4194304,16777216,7,reverse,post,661,16777216,1.00000000000000000,-0.000000000
2,3,4096,4194304,16777216,7,reverse,post,662,16777216,1.00000000000000000,-0.000000000
2,3,4096,4194304,16777216,7,reverse,post,663,16777216,1.00000000000000000,-0.000000000
2,3,4096,4194304,16777216,7,reverse,post,664,16777216,1.00000000000000000,-0.000000000
2,3,4096,4194304,16777216,7,reverse,post,665,16777216,1.00000000000000000,-0.000000000
2,3,4096,4194304,16777216,7,reverse,post,666,16777216,1.00000000000000000,-0.000000000
2,3,4096,4194304,16777216,7,reverse,post,667,16777216,1.00000000000000000,-0.000000000
2,3,4096,4194304,16777216,7,reverse,post,668,16777216,1.00000000000000000,-0.000000000
2,3,4096,4194304,16777216,7,reverse,post,669,16777216,1.00000000000000000,-0.000000000
2,3,4096,4194304,16777216,7,reverse,post,670,16777216,1.00000000000000000,-0.000000000
2,3,4096,4194304,16777216,7,reverse,post,671,16777216,1.00000000000000000,-0.000000000
2,3,4096,4194304,16777216,7,reverse,post,672,16777216,1.00000000000000000,-0.000000000
2,3,4096,4194304,16777216,7,reverse,post,673,16777216,1.00000000000000000,-0.000000000
2,3,4096,4194304,16777216,7,reverse,post,674,16777216,1.00000000000000000,-0.000000000
2,3,4096,4194304,16777216,7,reverse,post,675,16777216,1.00000000000000000,-0.000000000
2,3,4096,4194304,16777216,7,reverse,post,676,16777216,1.00000000000000000,-0.000000000
2,3,4096,4194304,16777216,7,reverse,post,677,16777216,1.00000000000000000,-0.000000000
2,3,4096,4194304,16777216,7,reverse,post,678,16777216,1.00000000000000000,-0.000000000
2,3,4096,4194304,16777216,7,reverse,post,679,16777216,1.00000000000000000,-0.000000000
2,3,4096,4194304,16777216,7,reverse,post,680,16777216,1.00000000000000000,-0.000000000
2,3,4096,4194304,16777216,7,reverse,post,681,16777216,1.00000000000000000,-0.000000000
2,3,4096,4194304,16777216,7,reverse,post,682,16777216,1.00000000000000000,-0.000000000
2,3,4096,4194304,16777216,7,reverse,post,683,16777216,1.00000000000000000,-0.000000000
2,3,4096,4194304,16777216,7,reverse,post,684,16777216,1.00000000000000000,-0.000000000
2,3,4096,4194304,16777216,7,reverse,post,685,16777216,1.00000000000000000,-0.000000000
2,3,4096,4194304,16777216,7,reverse,post,686,16777216,1.00000000000000000,-0.000000000
2,3,4096,4194304,16777216,7,reverse,post,687,16777216,1.00000000000000000,-0.000000000
2,3,4096,4194304,16777216,7,reverse,post,688,16777216,1.00000000000000000,-0.000000000
2,3,4096,4194304,16777216,7,reverse,post,689,16777216,1.00000000000000000,-0.000000000
2,3,4096,4194304,16777216,7,reverse,post,690,16777216,1.00000000000000000,-0.000000000
2,3,4096,4194304,16777216,7,reverse,post,691,16777216,1.00000000000000000,-0.000000000
2,3,4096,4194304,16777216,7,reverse,post,692,16777216,1.00000000000000000,-0.000000000
2,3,4096,4194304,16777216,7,reverse,post,693,16777216,1.00000000000000000,-0.000000000
2,3,4096,4194304,16777216,7,reverse,post,694,16777216,1.00000000000000000,-0.000000000
2,3,4096,4194304,16777216,7,reverse,post,695,16777216,1.00000000000000000,-0.000000000
2,3,4096,4194304,16777216,7,reverse,post,696,16777216,1.00000000000000000,-0.000000000
2,3,4096,4194304,16777216,7,reverse,post,697,16777216,1.00000000000000000,-0.000000000
2,3,4096,4194304,16777216,7,reverse,post,698,16777216,1.00000000000000000,-0.000000000
2,3,4096,4194304,16777216,7,reverse,post,699,16777216,1.00000000000000000,-0.000000000
2,3,4096,4194304,16777216,7,reverse,post,700,16777216,1.00000000000000000,-0.000000000
2,3,4096,4194304,16777216,7,reverse,post,701,16777216,1.00000000000000000,-0.000000000
2,3,4096,4194304,16777216,7,reverse,post,702,16777216,1.00000000000000000,-0.000000000
2,3,4096,4194304,16777216,7,reverse,post,703,16777216,1.00000000000000000,-0.000000000
2,3,4096,4194304,16777216,7,reverse,post,704,16777216,1.00000000000000000,-0.000000000
2,3,4096,4194304,16777216,7,reverse,post,705,16777216,1.00000000000000000,-0.000000000
2,3,4096,4194304,16777216,7,reverse,post,706,16777216,1.00000000000000000,-0.000000000
2,3,4096,4194304,16777216,7,reverse,post,707,16777216,1.00000000000000000,-0.000000000
2,3,4096,4194304,16777216,7,reverse,post,708,16777216,1.00000000000000000,-0.000000000
2,3,4096,4194304,16777216,7,reverse,post,709,16777216,1.00000000000000000,-0.000000000
2,3,4096,4194304,16777216,7,reverse,post,710,16777216,1.00000000000000000,-0.000000000
2,3,4096,4194304,16777216,7,reverse,post,711,16777216,1.00000000000000000,-0.000000000
2,3,4096,4194304,16777216,7,reverse,post,712,16777216,1.00000000000000000,-0.000000000
2,3,4096,4194304,16777216,7,reverse,post,713,16777216,1.00000000000000000,-0.000000000
2,3,4096,4194304,16777216,7,reverse,post,714,16777216,1.00000000000000000,-0.000000000
2,3,4096,4194304,16777216,7,reverse,post,715,16777216,1.00000000000000000,-0.000000000
2,3,4096,4194304,16777216,7,reverse,post,716,16777216,1.00000000000000000,-0.000000000
2,3,4096,4194304,16777216,7,reverse,post,717,16777216,1.00000000000000000,-0.000000000
2,3,4096,4194304,16777216,7,reverse,post,718,16777216,1.00000000000000000,-0.000000000
2,3,4096,4194304,16777216,7,reverse,post,719,16777216,1.00000000000000000,-0.000000000
2,3,4096,4194304,16777216,7,reverse,post,720,16777216,1.00000000000000000,-0.000000000
2,3,4096,4194304,16777216,7,reverse,post,721,16777216,1.00000000000000000,-0.000000000
2,3,4096,4194304,16777216,7,reverse,post,722,16777216,1.00000000000000000,-0.000000000
2,3,4096,4194304,16777216,7,reverse,post,723,16777216,1.00000000000000000,-0.000000000
2,3,4096,4194304,16777216,7,reverse,post,724,16777216,1.00000000000000000,-0.000000000
2,3,4096,4194304,16777216,7,reverse,post,725,16777216,1.00000000000000000,-0.000000000
2,3,4096,4194304,16777216,7,reverse,post,726,16777216,1.00000000000000000,-0.000000000
2,3,4096,4194304,16777216,7,reverse,post,727,16777216,1.00000000000000000,-0.000000000
2,3,4096,4194304,16777216,7,reverse,post,728,16777216,1.00000000000000000,-0.000000000
2,3,4096,4194304,16777216,7,reverse,post,729,16777216,1.00000000000000000,-0.000000000
2,3,4096,4194304,16777216,7,reverse,post,730,16777216,1.00000000000000000,-0.000000000
2,3,4096,4194304,16777216,7,reverse,post,731,16777216,1.00000000000000000,-0.000000000
2,3,4096,4194304,16777216,7,reverse,post,732,16777216,1.00000000000000000,-0.000000000
2,3,4096,4194304,16777216,7,reverse,post,733,16777216,1.00000000000000000,-0.000000000
2,3,4096,4194304,16777216,7,reverse,post,734,16777216,1.00000000000000000,-0.000000000
2,3,4096,4194304,16777216,7,reverse,post,735,16777216,1.00000000000000000,-0.000000000
2,3,4096,4194304,16777216,7,reverse,post,736,16777216,1.00000000000000000,-0.000000000
2,3,4096,4194304,16777216,7,reverse,post,737,16777216,1.00000000000000000,-0.000000000
2,3,4096,4194304,16777216,7,reverse,post,738,16777216,1.00000000000000000,-0.000000000
2,3,4096,4194304,16777216,7,reverse,post,739,16777216,1.00000000000000000,-0.000000000
2,3,4096,4194304,16777216,7,reverse,post,740,16777216,1.00000000000000000,-0.000000000
2,3,4096,4194304,16777216,7,reverse,post,741,16777216,1.00000000000000000,-0.000000000
2,3,4096,4194304,16777216,7,reverse,post,742,16777216,1.00000000000000000,-0.000000000
2,3,4096,4194304,16777216,7,reverse,post,743,16777216,1.00000000000000000,-0.000000000
2,3,4096,4194304,16777216,7,reverse,post,744,16777216,1.00000000000000000,-0.000000000
2,3,4096,4194304,16777216,7,reverse,post,745,16777216,1.00000000000000000,-0.000000000
2,3,4096,4194304,16777216,7,reverse,post,746,16777216,1.00000000000000000,-0.000000000
2,3,4096,4194304,16777216,7,reverse,post,747,16777216,1.00000000000000000,-0.000000000
2,3,4096,4194304,16777216,7,reverse,post,748,16777216,1.00000000000000000,-0.000000000
2,3,4096,4194304,16777216,7,reverse,post,749,16777216,1.00000000000000000,-0.000000000
2,3,4096,4194304,16777216,7,reverse,post,750,16777216,1.00000000000000000,-0.000000000
2,3,4096,4194304,16777216,7,reverse,post,751,16777216,1.00000000000000000,-0.000000000
2,3,4096,4194304,16777216,7,reverse,post,752,16777216,1.00000000000000000,-0.000000000
2,3,4096,4194304,16777216,7,reverse,post,753,16777216,1.00000000000000000,-0.000000000
2,3,4096,4194304,16777216,7,reverse,post,754,16777216,1.00000000000000000,-0.000000000
2,3,4096,4194304,16777216,7,reverse,post,755,16777216,1.00000000000000000,-0.000000000
2,3,4096,4194304,16777216,7,reverse,post,756,16777216,1.00000000000000000,-0.000000000
2,3,4096,4194304,16777216,7,reverse,post,757,16777216,1.00000000000000000,-0.000000000
2,3,4096,4194304,16777216,7,reverse,post,758,16777216,1.00000000000000000,-0.000000000
2,3,4096,4194304,16777216,7,reverse,post,759,16777216,1.00000000000000000,-0.000000000
2,3,4096,4194304,16777216,7,reverse,post,760,16777216,1.00000000000000000,-0.000000000
2,3,4096,4194304,16777216,7,reverse,post,761,16777216,1.00000000000000000,-0.000000000
2,3,4096,4194304,16777216,7,reverse,post,762,16777216,1.00000000000000000,-0.000000000
2,3,4096,4194304,16777216,7,reverse,post,763,16777216,1.00000000000000000,-0.000000000
2,3,4096,4194304,16777216,7,reverse,post,764,16777216,1.00000000000000000,-0.000000000
2,3,4096,4194304,16777216,7,reverse,post,765,16777216,1.00000000000000000,-0.000000000
2,3,4096,4194304,16777216,7,reverse,post,766,16777216,1.00000000000000000,-0.000000000
2,3,4096,4194304,16777216,7,reverse,post,767,16777216,1.00000000000000000,-0.000000000
2,3,4096,4194304,16777216,7,reverse,post,768,16777216,1.00000000000000000,-0.000000000
2,3,4096,4194304,16777216,7,reverse,post,769,16777216,1.00000000000000000,-0.000000000
2,3,4096,4194304,16777216,7,reverse,post,770,16777216,1.00000000000000000,-0.000000000
2,3,4096,4194304,16777216,7,reverse,post,771,16777216,1.00000000000000000,-0.000000000
2,3,4096,4194304,16777216,7,reverse,post,772,16777216,1.00000000000000000,-0.000000000
2,3,4096,4194304,16777216,7,reverse,post,773,16777216,1.00000000000000000,-0.000000000
2,3,4096,4194304,16777216,7,reverse,post,774,16777216,1.00000000000000000,-0.000000000
2,3,4096,4194304,16777216,7,reverse,post,775,16777216,1.00000000000000000,-0.000000000
2,3,4096,4194304,16777216,7,reverse,post,776,16777216,1.00000000000000000,-0.000000000
2,3,4096,4194304,16777216,7,reverse,post,777,16777216,1.00000000000000000,-0.000000000
2,3,4096,4194304,16777216,7,reverse,post,778,16777216,1.00000000000000000,-0.000000000
2,3,4096,4194304,16777216,7,reverse,post,779,16777216,1.00000000000000000,-0.000000000
2,3,4096,4194304,16777216,7,reverse,post,780,16777216,1.00000000000000000,-0.000000000
2,3,4096,4194304,16777216,7,reverse,post,781,16777216,1.00000000000000000,-0.000000000
2,3,4096,4194304,16777216,7,reverse,post,782,16777216,1.00000000000000000,-0.000000000
2,3,4096,4194304,16777216,7,reverse,post,783,16777216,1.00000000000000000,-0.000000000
2,3,4096,4194304,16777216,7,reverse,post,784,16777216,1.00000000000000000,-0.000000000
2,3,4096,4194304,16777216,7,reverse,post,785,16777216,1.00000000000000000,-0.000000000
2,3,4096,4194304,16777216,7,reverse,post,786,16777216,1.00000000000000000,-0.000000000
2,3,4096,4194304,16777216,7,reverse,post,787,16777216,1.00000000000000000,-0.000000000
2,3,4096,4194304,16777216,7,reverse,post,788,16777216,1.00000000000000000,-0.000000000
2,3,4096,4194304,16777216,7,reverse,post,789,16777216,1.00000000000000000,-0.000000000
2,3,4096,4194304,16777216,7,reverse,post,790,16777216,1.00000000000000000,-0.000000000
2,3,4096,4194304,16777216,7,reverse,post,791,16777216,1.00000000000000000,-0.000000000
2,3,4096,4194304,16777216,7,reverse,post,792,16777216,1.00000000000000000,-0.000000000
2,3,4096,4194304,16777216,7,reverse,post,793,16777216,1.00000000000000000,-0.000000000
2,3,4096,4194304,16777216,7,reverse,post,794,16777216,1.00000000000000000,-0.000000000
2,3,4096,4194304,16777216,7,reverse,post,795,16777216,1.00000000000000000,-0.000000000
2,3,4096,4194304,16777216,7,reverse,post,796,16777216,1.00000000000000000,-0.000000000
2,3,4096,4194304,16777216,7,reverse,post,797,16777216,1.00000000000000000,-0.000000000
2,3,4096,4194304,16777216,7,reverse,post,798,16777216,1.00000000000000000,-0.000000000
2,3,4096,4194304,16777216,7,reverse,post,799,16777216,1.00000000000000000,-0.000000000
2,3,4096,4194304,16777216,7,reverse,post,800,16777216,1.00000000000000000,-0.000000000
2,3,4096,4194304,16777216,7,reverse,post,801,16777216,1.00000000000000000,-0.000000000
2,3,4096,4194304,16777216,7,reverse,post,802,16777216,1.00000000000000000,-0.000000000
2,3,4096,4194304,16777216,7,reverse,post,803,16777216,1.00000000000000000,-0.000000000
2,3,4096,4194304,16777216,7,reverse,post,804,16777216,1.00000000000000000,-0.000000000
2,3,4096,4194304,16777216,7,reverse,post,805,16777216,1.00000000000000000,-0.000000000
2,3,4096,4194304,16777216,7,reverse,post,806,16777216,1.00000000000000000,-0.000000000
2,3,4096,4194304,16777216,7,reverse,post,807,16777216,1.00000000000000000,-0.000000000
2,3,4096,4194304,16777216,7,reverse,post,808,16777216,1.00000000000000000,-0.000000000
2,3,4096,4194304,16777216,7,reverse,post,809,16777216,1.00000000000000000,-0.000000000
2,3,4096,4194304,16777216,7,reverse,post,810,16777216,1.00000000000000000,-0.000000000
2,3,4096,4194304,16777216,7,reverse,post,811,16777216,1.00000000000000000,-0.000000000
2,3,4096,4194304,16777216,7,reverse,post,812,16777216,1.00000000000000000,-0.000000000
2,3,4096,4194304,16777216,7,reverse,post,813,16777216,1.00000000000000000,-0.000000000
2,3,4096,4194304,16777216,7,reverse,post,814,16777216,1.00000000000000000,-0.000000000
2,3,4096,4194304,16777216,7,reverse,post,815,16777216,1.00000000000000000,-0.000000000
2,3,4096,4194304,16777216,7,reverse,post,816,16777216,1.00000000000000000,-0.000000000
2,3,4096,4194304,16777216,7,reverse,post,817,16777216,1.00000000000000000,-0.000000000
2,3,4096,4194304,16777216,7,reverse,post,818,16777216,1.00000000000000000,-0.000000000
2,3,4096,4194304,16777216,7,reverse,post,819,16777216,1.00000000000000000,-0.000000000
2,3,4096,4194304,16777216,7,reverse,post,820,16777216,1.00000000000000000,-0.000000000
2,3,4096,4194304,16777216,7,reverse,post,821,16777216,1.00000000000000000,-0.000000000
2,3,4096,4194304,16777216,7,reverse,post,822,16777216,1.00000000000000000,-0.000000000
2,3,4096,4194304,16777216,7,reverse,post,823,16777216,1.00000000000000000,-0.000000000
2,3,4096,4194304,16777216,7,reverse,post,824,16777216,1.00000000000000000,-0.000000000
2,3,4096,4194304,16777216,7,reverse,post,825,16777216,1.00000000000000000,-0.000000000
2,3,4096,4194304,16777216,7,reverse,post,826,16777216,1.00000000000000000,-0.000000000
2,3,4096,4194304,16777216,7,reverse,post,827,16777216,1.00000000000000000,-0.000000000
2,3,4096,4194304,16777216,7,reverse,post,828,16777216,1.00000000000000000,-0.000000000
2,3,4096,4194304,16777216,7,reverse,post,829,16777216,1.00000000000000000,-0.000000000
2,3,4096,4194304,16777216,7,reverse,post,830,16777216,1.00000000000000000,-0.000000000
2,3,4096,4194304,16777216,7,reverse,post,831,16777216,1.00000000000000000,-0.000000000
2,3,4096,4194304,16777216,7,reverse,post,832,16777216,1.00000000000000000,-0.000000000
2,3,4096,4194304,16777216,7,reverse,post,833,16777216,1.00000000000000000,-0.000000000
2,3,4096,4194304,16777216,7,reverse,post,834,16777216,1.00000000000000000,-0.000000000
2,3,4096,4194304,16777216,7,reverse,post,835,16777216,1.00000000000000000,-0.000000000
2,3,4096,4194304,16777216,7,reverse,post,836,16777216,1.00000000000000000,-0.000000000
2,3,4096,4194304,16777216,7,reverse,post,837,16777216,1.00000000000000000,-0.000000000
2,3,4096,4194304,16777216,7,reverse,post,838,16777216,1.00000000000000000,-0.000000000
2,3,4096,4194304,16777216,7,reverse,post,839,16777216,1.00000000000000000,-0.000000000
2,3,4096,4194304,16777216,7,reverse,post,840,16777216,1.00000000000000000,-0.000000000
2,3,4096,4194304,16777216,7,reverse,post,841,16777216,1.00000000000000000,-0.000000000
2,3,4096,4194304,16777216,7,reverse,post,842,16777216,1.00000000000000000,-0.000000000
2,3,4096,4194304,16777216,7,reverse,post,843,16777216,1.00000000000000000,-0.000000000
2,3,4096,4194304,16777216,7,reverse,post,844,16777216,1.00000000000000000,-0.000000000
2,3,4096,4194304,16777216,7,reverse,post,845,16777216,1.00000000000000000,-0.000000000
2,3,4096,4194304,16777216,7,reverse,post,846,16777216,1.00000000000000000,-0.000000000
2,3,4096,4194304,16777216,7,reverse,post,847,16777216,1.00000000000000000,-0.000000000
2,3,4096,4194304,16777216,7,reverse,post,848,16777216,1.00000000000000000,-0.000000000
2,3,4096,4194304,16777216,7,reverse,post,849,16777216,1.00000000000000000,-0.000000000
2,3,4096,4194304,16777216,7,reverse,post,850,16777216,1.00000000000000000,-0.000000000
2,3,4096,4194304,16777216,7,reverse,post,851,16777216,1.00000000000000000,-0.000000000
2,3,4096,4194304,16777216,7,reverse,post,852,16777216,1.00000000000000000,-0.000000000
2,3,4096,4194304,16777216,7,reverse,post,853,16777216,1.00000000000000000,-0.000000000
2,3,4096,4194304,16777216,7,reverse,post,854,16777216,1.00000000000000000,-0.000000000
2,3,4096,4194304,16777216,7,reverse,post,855,16777216,1.00000000000000000,-0.000000000
2,3,4096,4194304,16777216,7,reverse,post,856,16777216,1.00000000000000000,-0.000000000
2,3,4096,4194304,16777216,7,reverse,post,857,16777216,1.00000000000000000,-0.000000000
2,3,4096,4194304,16777216,7,reverse,post,858,16777216,1.00000000000000000,-0.000000000
2,3,4096,4194304,16777216,7,reverse,post,859,16777216,1.00000000000000000,-0.000000000
2,3,4096,4194304,16777216,7,reverse,post,860,16777216,1.00000000000000000,-0.000000000
2,3,4096,4194304,16777216,7,reverse,post,861,16777216,1.00000000000000000,-0.000000000
2,3,4096,4194304,16777216,7,reverse,post,862,16777216,1.00000000000000000,-0.000000000
2,3,4096,4194304,16777216,7,reverse,post,863,16777216,1.00000000000000000,-0.000000000
2,3,4096,4194304,16777216,7,reverse,post,864,16777216,1.00000000000000000,-0.000000000
2,3,4096,4194304,16777216,7,reverse,post,865,16777216,1.00000000000000000,-0.000000000
2,3,4096,4194304,16777216,7,reverse,post,866,16777216,1.00000000000000000,-0.000000000
2,3,4096,4194304,16777216,7,reverse,post,867,16777216,1.00000000000000000,-0.000000000
2,3,4096,4194304,16777216,7,reverse,post,868,16777216,1.00000000000000000,-0.000000000
2,3,4096,4194304,16777216,7,reverse,post,869,16777216,1.00000000000000000,-0.000000000
2,3,4096,4194304,16777216,7,reverse,post,870,16777216,1.00000000000000000,-0.000000000
2,3,4096,4194304,16777216,7,reverse,post,871,16777216,1.00000000000000000,-0.000000000
2,3,4096,4194304,16777216,7,reverse,post,872,16777216,1.00000000000000000,-0.000000000
2,3,4096,4194304,16777216,7,reverse,post,873,16777216,1.00000000000000000,-0.000000000
2,3,4096,4194304,16777216,7,reverse,post,874,16777216,1.00000000000000000,-0.000000000
2,3,4096,4194304,16777216,7,reverse,post,875,16777216,1.00000000000000000,-0.000000000
2,3,4096,4194304,16777216,7,reverse,post,876,16777216,1.00000000000000000,-0.000000000
2,3,4096,4194304,16777216,7,reverse,post,877,16777216,1.00000000000000000,-0.000000000
2,3,4096,4194304,16777216,7,reverse,post,878,16777216,1.00000000000000000,-0.000000000
2,3,4096,4194304,16777216,7,reverse,post,879,16777216,1.00000000000000000,-0.000000000
2,3,4096,4194304,16777216,7,reverse,post,880,16777216,1.00000000000000000,-0.000000000
2,3,4096,4194304,16777216,7,reverse,post,881,16777216,1.00000000000000000,-0.000000000
2,3,4096,4194304,16777216,7,reverse,post,882,16777216,1.00000000000000000,-0.000000000
2,3,4096,4194304,16777216,7,reverse,post,883,16777216,1.00000000000000000,-0.000000000
2,3,4096,4194304,16777216,7,reverse,post,884,16777216,1.00000000000000000,-0.000000000
2,3,4096,4194304,16777216,7,reverse,post,885,16777216,1.00000000000000000,-0.000000000
2,3,4096,4194304,16777216,7,reverse,post,886,16777216,1.00000000000000000,-0.000000000
2,3,4096,4194304,16777216,7,reverse,post,887,16777216,1.00000000000000000,-0.000000000
2,3,4096,4194304,16777216,7,reverse,post,888,16777216,1.00000000000000000,-0.000000000
2,3,4096,4194304,16777216,7,reverse,post,889,16777216,1.00000000000000000,-0.000000000
2,3,4096,4194304,16777216,7,reverse,post,890,16777216,1.00000000000000000,-0.000000000
2,3,4096,4194304,16777216,7,reverse,post,891,16777216,1.00000000000000000,-0.000000000
2,3,4096,4194304,16777216,7,reverse,post,892,16777216,1.00000000000000000,-0.000000000
2,3,4096,4194304,16777216,7,reverse,post,893,16777216,1.00000000000000000,-0.000000000
2,3,4096,4194304,16777216,7,reverse,post,894,16777216,1.00000000000000000,-0.000000000
2,3,4096,4194304,16777216,7,reverse,post,895,16777216,1.00000000000000000,-0.000000000
2,3,4096,4194304,16777216,7,reverse,post,896,16777216,1.00000000000000000,-0.000000000
2,3,4096,4194304,16777216,7,reverse,post,897,16777216,1.00000000000000000,-0.000000000
2,3,4096,4194304,16777216,7,reverse,post,898,16777216,1.00000000000000000,-0.000000000
2,3,4096,4194304,16777216,7,reverse,post,899,16777216,1.00000000000000000,-0.000000000
2,3,4096,4194304,16777216,7,reverse,post,900,16777216,1.00000000000000000,-0.000000000
2,3,4096,4194304,16777216,7,reverse,post,901,16777216,1.00000000000000000,-0.000000000
2,3,4096,4194304,16777216,7,reverse,post,902,16777216,1.00000000000000000,-0.000000000
2,3,4096,4194304,16777216,7,reverse,post,903,16777216,1.00000000000000000,-0.000000000
2,3,4096,4194304,16777216,7,reverse,post,904,16777216,1.00000000000000000,-0.000000000
2,3,4096,4194304,16777216,7,reverse,post,905,16777216,1.00000000000000000,-0.000000000
2,3,4096,4194304,16777216,7,reverse,post,906,16777216,1.00000000000000000,-0.000000000
2,3,4096,4194304,16777216,7,reverse,post,907,16777216,1.00000000000000000,-0.000000000
2,3,4096,4194304,16777216,7,reverse,post,908,16777216,1.00000000000000000,-0.000000000
2,3,4096,4194304,16777216,7,reverse,post,909,16777216,1.00000000000000000,-0.000000000
2,3,4096,4194304,16777216,7,reverse,post,910,16777216,1.00000000000000000,-0.000000000
2,3,4096,4194304,16777216,7,reverse,post,911,16777216,1.00000000000000000,-0.000000000
2,3,4096,4194304,16777216,7,reverse,post,912,16777216,1.00000000000000000,-0.000000000
2,3,4096,4194304,16777216,7,reverse,post,913,16777216,1.00000000000000000,-0.000000000
2,3,4096,4194304,16777216,7,reverse,post,914,16777216,1.00000000000000000,-0.000000000
2,3,4096,4194304,16777216,7,reverse,post,915,16777216,1.00000000000000000,-0.000000000
2,3,4096,4194304,16777216,7,reverse,post,916,16777216,1.00000000000000000,-0.000000000
2,3,4096,4194304,16777216,7,reverse,post,917,16777216,1.00000000000000000,-0.000000000
2,3,4096,4194304,16777216,7,reverse,post,918,16777216,1.00000000000000000,-0.000000000
2,3,4096,4194304,16777216,7,reverse,post,919,16777216,1.00000000000000000,-0.000000000
2,3,4096,4194304,16777216,7,reverse,post,920,16777216,1.00000000000000000,-0.000000000
2,3,4096,4194304,16777216,7,reverse,post,921,16777216,1.00000000000000000,-0.000000000
2,3,4096,4194304,16777216,7,reverse,post,922,16777216,1.00000000000000000,-0.000000000
2,3,4096,4194304,16777216,7,reverse,post,923,16777216,1.00000000000000000,-0.000000000
2,3,4096,4194304,16777216,7,reverse,post,924,16777216,1.00000000000000000,-0.000000000
2,3,4096,4194304,16777216,7,reverse,post,925,16777216,1.00000000000000000,-0.000000000
2,3,4096,4194304,16777216,7,reverse,post,926,16777216,1.00000000000000000,-0.000000000
2,3,4096,4194304,16777216,7,reverse,post,927,16777216,1.00000000000000000,-0.000000000
2,3,4096,4194304,16777216,7,reverse,post,928,16777216,1.00000000000000000,-0.000000000
2,3,4096,4194304,16777216,7,reverse,post,929,16777216,1.00000000000000000,-0.000000000
2,3,4096,4194304,16777216,7,reverse,post,930,16777216,1.00000000000000000,-0.000000000
2,3,4096,4194304,16777216,7,reverse,post,931,16777216,1.00000000000000000,-0.000000000
2,3,4096,4194304,16777216,7,reverse,post,932,16777216,1.00000000000000000,-0.000000000
2,3,4096,4194304,16777216,7,reverse,post,933,16777216,1.00000000000000000,-0.000000000
2,3,4096,4194304,16777216,7,reverse,post,934,16777216,1.00000000000000000,-0.000000000
2,3,4096,4194304,16777216,7,reverse,post,935,16777216,1.00000000000000000,-0.000000000
2,3,4096,4194304,16777216,7,reverse,post,936,16777216,1.00000000000000000,-0.000000000
2,3,4096,4194304,16777216,7,reverse,post,937,16777216,1.00000000000000000,-0.000000000
2,3,4096,4194304,16777216,7,reverse,post,938,16777216,1.00000000000000000,-0.000000000
2,3,4096,4194304,16777216,7,reverse,post,939,16777216,1.00000000000000000,-0.000000000
2,3,4096,4194304,16777216,7,reverse,post,940,16777216,1.00000000000000000,-0.000000000
2,3,4096,4194304,16777216,7,reverse,post,941,16777216,1.00000000000000000,-0.000000000
2,3,4096,4194304,16777216,7,reverse,post,942,16777216,1.00000000000000000,-0.000000000
2,3,4096,4194304,16777216,7,reverse,post,943,16777216,1.00000000000000000,-0.000000000
2,3,4096,4194304,16777216,7,reverse,post,944,16777216,1.00000000000000000,-0.000000000
2,3,4096,4194304,16777216,7,reverse,post,945,16777216,1.00000000000000000,-0.000000000
2,3,4096,4194304,16777216,7,reverse,post,946,16777216,1.00000000000000000,-0.000000000
2,3,4096,4194304,16777216,7,reverse,post,947,16777216,1.00000000000000000,-0.000000000
2,3,4096,4194304,16777216,7,reverse,post,948,16777216,1.00000000000000000,-0.000000000
2,3,4096,4194304,16777216,7,reverse,post,949,16777216,1.00000000000000000,-0.000000000
2,3,4096,4194304,16777216,7,reverse,post,950,16777216,1.00000000000000000,-0.000000000
2,3,4096,4194304,16777216,7,reverse,post,951,16777216,1.00000000000000000,-0.000000000
2,3,4096,4194304,16777216,7,reverse,post,952,16777216,1.00000000000000000,-0.000000000
2,3,4096,4194304,16777216,7,reverse,post,953,16777216,1.00000000000000000,-0.000000000
2,3,4096,4194304,16777216,7,reverse,post,954,16777216,1.00000000000000000,-0.000000000
2,3,4096,4194304,16777216,7,reverse,post,955,16777216,1.00000000000000000,-0.000000000
2,3,4096,4194304,16777216,7,reverse,post,956,16777216,1.00000000000000000,-0.000000000
2,3,4096,4194304,16777216,7,reverse,post,957,16777216,1.00000000000000000,-0.000000000
2,3,4096,4194304,16777216,7,reverse,post,958,16777216,1.00000000000000000,-0.000000000
2,3,4096,4194304,16777216,7,reverse,post,959,16777216,1.00000000000000000,-0.000000000
2,3,4096,4194304,16777216,7,reverse,post,960,16777216,1.00000000000000000,-0.000000000
2,3,4096,4194304,16777216,7,reverse,post,961,16777216,1.00000000000000000,-0.000000000
2,3,4096,4194304,16777216,7,reverse,post,962,16777216,1.00000000000000000,-0.000000000
2,3,4096,4194304,16777216,7,reverse,post,963,16777216,1.00000000000000000,-0.000000000
2,3,4096,4194304,16777216,7,reverse,post,964,16777216,1.00000000000000000,-0.000000000
2,3,4096,4194304,16777216,7,reverse,post,965,16777216,1.00000000000000000,-0.000000000
2,3,4096,4194304,16777216,7,reverse,post,966,16777216,1.00000000000000000,-0.000000000
2,3,4096,4194304,16777216,7,reverse,post,967,16777216,1.00000000000000000,-0.000000000
2,3,4096,4194304,16777216,7,reverse,post,968,16777216,1.00000000000000000,-0.000000000
2,3,4096,4194304,16777216,7,reverse,post,969,16777216,1.00000000000000000,-0.000000000
2,3,4096,4194304,16777216,7,reverse,post,970,16777216,1.00000000000000000,-0.000000000
2,3,4096,4194304,16777216,7,reverse,post,971,16777216,1.00000000000000000,-0.000000000
2,3,4096,4194304,16777216,7,reverse,post,972,16777216,1.00000000000000000,-0.000000000
2,3,4096,4194304,16777216,7,reverse,post,973,16777216,1.00000000000000000,-0.000000000
2,3,4096,4194304,16777216,7,reverse,post,974,16777216,1.00000000000000000,-0.000000000
2,3,4096,4194304,16777216,7,reverse,post,975,16777216,1.00000000000000000,-0.000000000
2,3,4096,4194304,16777216,7,reverse,post,976,16777216,1.00000000000000000,-0.000000000
2,3,4096,4194304,16777216,7,reverse,post,977,16777216,1.00000000000000000,-0.000000000
2,3,4096,4194304,16777216,7,reverse,post,978,16777216,1.00000000000000000,-0.000000000
2,3,4096,4194304,16777216,7,reverse,post,979,16777216,1.00000000000000000,-0.000000000
2,3,4096,4194304,16777216,7,reverse,post,980,16777216,1.00000000000000000,-0.000000000
2,3,4096,4194304,16777216,7,reverse,post,981,16777216,1.00000000000000000,-0.000000000
2,3,4096,4194304,16777216,7,reverse,post,982,16777216,1.00000000000000000,-0.000000000
2,3,4096,4194304,16777216,7,reverse,post,983,16777216,1.00000000000000000,-0.000000000
2,3,4096,4194304,16777216,7,reverse,post,984,16777216,1.00000000000000000,-0.000000000
2,3,4096,4194304,16777216,7,reverse,post,985,16777216,1.00000000000000000,-0.000000000
2,3,4096,4194304,16777216,7,reverse,post,986,16777216,1.00000000000000000,-0.000000000
2,3,4096,4194304,16777216,7,reverse,post,987,16777216,1.00000000000000000,-0.000000000
2,3,4096,4194304,16777216,7,reverse,post,988,16777216,1.00000000000000000,-0.000000000
2,3,4096,4194304,16777216,7,reverse,post,989,16777216,1.00000000000000000,-0.000000000
2,3,4096,4194304,16777216,7,reverse,post,990,16777216,1.00000000000000000,-0.000000000
2,3,4096,4194304,16777216,7,reverse,post,991,16777216,1.00000000000000000,-0.000000000
2,3,4096,4194304,16777216,7,reverse,post,992,16777216,1.00000000000000000,-0.000000000
2,3,4096,4194304,16777216,7,reverse,post,993,16777216,1.00000000000000000,-0.000000000
2,3,4096,4194304,16777216,7,reverse,post,994,16777216,1.00000000000000000,-0.000000000
2,3,4096,4194304,16777216,7,reverse,post,995,16777216,1.00000000000000000,-0.000000000
2,3,4096,4194304,16777216,7,reverse,post,996,16777216,1.00000000000000000,-0.000000000
2,3,4096,4194304,16777216,7,reverse,post,997,16777216,1.00000000000000000,-0.000000000
2,3,4096,4194304,16777216,7,reverse,post,998,16777216,1.00000000000000000,-0.000000000
2,3,4096,4194304,16777216,7,reverse,post,999,16777216,1.00000000000000000,-0.000000000
2,3,4096,4194304,16777216,7,reverse,post,1000,16777216,1.00000000000000000,-0.000000000
2,3,4096,4194304,16777216,7,reverse,post,1001,16777216,1.00000000000000000,-0.000000000
2,3,4096,4194304,16777216,7,reverse,post,1002,16777216,1.00000000000000000,-0.000000000
2,3,4096,4194304,16777216,7,reverse,post,1003,16777216,1.00000000000000000,-0.000000000
2,3,4096,4194304,16777216,7,reverse,post,1004,16777216,1.00000000000000000,-0.000000000
2,3,4096,4194304,16777216,7,reverse,post,1005,16777216,1.00000000000000000,-0.000000000
2,3,4096,4194304,16777216,7,reverse,post,1006,16777216,1.00000000000000000,-0.000000000
2,3,4096,4194304,16777216,7,reverse,post,1007,16777216,1.00000000000000000,-0.000000000
2,3,4096,4194304,16777216,7,reverse,post,1008,16777216,1.00000000000000000,-0.000000000
2,3,4096,4194304,16777216,7,reverse,post,1009,16777216,1.00000000000000000,-0.000000000
2,3,4096,4194304,16777216,7,reverse,post,1010,16777216,1.00000000000000000,-0.000000000
2,3,4096,4194304,16777216,7,reverse,post,1011,16777216,1.00000000000000000,-0.000000000
2,3,4096,4194304,16777216,7,reverse,post,1012,16777216,1.00000000000000000,-0.000000000
2,3,4096,4194304,16777216,7,reverse,post,1013,16777216,1.00000000000000000,-0.000000000
2,3,4096,4194304,16777216,7,reverse,post,1014,16777216,1.00000000000000000,-0.000000000
2,3,4096,4194304,16777216,7,reverse,post,1015,16777216,1.00000000000000000,-0.000000000
2,3,4096,4194304,16777216,7,reverse,post,1016,16777216,1.00000000000000000,-0.000000000
2,3,4096,4194304,16777216,7,reverse,post,1017,16777216,1.00000000000000000,-0.000000000
2,3,4096,4194304,16777216,7,reverse,post,1018,16777216,1.00000000000000000,-0.000000000
2,3,4096,4194304,16777216,7,reverse,post,1019,16777216,1.00000000000000000,-0.000000000
2,3,4096,4194304,16777216,7,reverse,post,1020,16777216,1.00000000000000000,-0.000000000
2,3,4096,4194304,16777216,7,reverse,post,1021,16777216,1.00000000000000000,-0.000000000
2,3,4096,4194304,16777216,7,reverse,post,1022,16777216,1.00000000000000000,-0.000000000
2,3,4096,4194304,16777216,7,reverse,post,1023,16777216,1.00000000000000000,-0.000000000
2,3,4096,4194304,16777216,7,reverse,post,1024,16777216,1.00000000000000000,-0.000000000
2,3,4096,4194304,16777216,7,reverse,post,1025,16777216,1.00000000000000000,-0.000000000
2,3,4096,4194304,16777216,7,reverse,post,1026,16777216,1.00000000000000000,-0.000000000
2,3,4096,4194304,16777216,7,reverse,post,1027,16777216,1.00000000000000000,-0.000000000
2,3,4096,4194304,16777216,7,reverse,post,1028,16777216,1.00000000000000000,-0.000000000
2,3,4096,4194304,16777216,7,reverse,post,1029,16777216,1.00000000000000000,-0.000000000
2,3,4096,4194304,16777216,7,reverse,post,1030,16777216,1.00000000000000000,-0.000000000
2,3,4096,4194304,16777216,7,reverse,post,1031,16777216,1.00000000000000000,-0.000000000
2,3,4096,4194304,16777216,7,reverse,post,1032,16777216,1.00000000000000000,-0.000000000
2,3,4096,4194304,16777216,7,reverse,post,1033,16777216,1.00000000000000000,-0.000000000
2,3,4096,4194304,16777216,7,reverse,post,1034,16777216,1.00000000000000000,-0.000000000
2,3,4096,4194304,16777216,7,reverse,post,1035,16777216,1.00000000000000000,-0.000000000
2,3,4096,4194304,16777216,7,reverse,post,1036,16777216,1.00000000000000000,-0.000000000
2,3,4096,4194304,16777216,7,reverse,post,1037,16777216,1.00000000000000000,-0.000000000
2,3,4096,4194304,16777216,7,reverse,post,1038,16777216,1.00000000000000000,-0.000000000
2,3,4096,4194304,16777216,7,reverse,post,1039,16777216,1.00000000000000000,-0.000000000
2,3,4096,4194304,16777216,7,reverse,post,1040,16777216,1.00000000000000000,-0.000000000
2,3,4096,4194304,16777216,7,reverse,post,1041,16777216,1.00000000000000000,-0.000000000
2,3,4096,4194304,16777216,7,reverse,post,1042,16777216,1.00000000000000000,-0.000000000
2,3,4096,4194304,16777216,7,reverse,post,1043,16777216,1.00000000000000000,-0.000000000
2,3,4096,4194304,16777216,7,reverse,post,1044,16777216,1.00000000000000000,-0.000000000
2,3,4096,4194304,16777216,7,reverse,post,1045,16777216,1.00000000000000000,-0.000000000
2,3,4096,4194304,16777216,7,reverse,post,1046,16777216,1.00000000000000000,-0.000000000
2,3,4096,4194304,16777216,7,reverse,post,1047,16777216,1.00000000000000000,-0.000000000
2,3,4096,4194304,16777216,7,reverse,post,1048,16777216,1.00000000000000000,-0.000000000
2,3,4096,4194304,16777216,7,reverse,post,1049,16777216,1.00000000000000000,-0.000000000
2,3,4096,4194304,16777216,7,reverse,post,1050,16777216,1.00000000000000000,-0.000000000
2,3,4096,4194304,16777216,7,reverse,post,1051,16777216,1.00000000000000000,-0.000000000
2,3,4096,4194304,16777216,7,reverse,post,1052,16777216,1.00000000000000000,-0.000000000
2,3,4096,4194304,16777216,7,reverse,post,1053,16777216,1.00000000000000000,-0.000000000
2,3,4096,4194304,16777216,7,reverse,post,1054,16777216,1.00000000000000000,-0.000000000
2,3,4096,4194304,16777216,7,reverse,post,1055,16777216,1.00000000000000000,-0.000000000
2,3,4096,4194304,16777216,7,reverse,post,1056,16777216,1.00000000000000000,-0.000000000
2,3,4096,4194304,16777216,7,reverse,post,1057,16777216,1.00000000000000000,-0.000000000
2,3,4096,4194304,16777216,7,reverse,post,1058,16777216,1.00000000000000000,-0.000000000
2,3,4096,4194304,16777216,7,reverse,post,1059,16777216,1.00000000000000000,-0.000000000
2,3,4096,4194304,16777216,7,reverse,post,1060,16777216,1.00000000000000000,-0.000000000
2,3,4096,4194304,16777216,7,reverse,post,1061,16777216,1.00000000000000000,-0.000000000
2,3,4096,4194304,16777216,7,reverse,post,1062,16777216,1.00000000000000000,-0.000000000
2,3,4096,4194304,16777216,7,reverse,post,1063,16777216,1.00000000000000000,-0.000000000
2,3,4096,4194304,16777216,7,reverse,post,1064,16777216,1.00000000000000000,-0.000000000
2,3,4096,4194304,16777216,7,reverse,post,1065,16777216,1.00000000000000000,-0.000000000
2,3,4096,4194304,16777216,7,reverse,post,1066,16777216,1.00000000000000000,-0.000000000
2,3,4096,4194304,16777216,7,reverse,post,1067,16777216,1.00000000000000000,-0.000000000
2,3,4096,4194304,16777216,7,reverse,post,1068,16777216,1.00000000000000000,-0.000000000
2,3,4096,4194304,16777216,7,reverse,post,1069,16777216,1.00000000000000000,-0.000000000
2,3,4096,4194304,16777216,7,reverse,post,1070,16777216,1.00000000000000000,-0.000000000
2,3,4096,4194304,16777216,7,reverse,post,1071,16777216,1.00000000000000000,-0.000000000
2,3,4096,4194304,16777216,7,reverse,post,1072,16777216,1.00000000000000000,-0.000000000
2,3,4096,4194304,16777216,7,reverse,post,1073,16777216,1.00000000000000000,-0.000000000
2,3,4096,4194304,16777216,7,reverse,post,1074,16777216,1.00000000000000000,-0.000000000
2,3,4096,4194304,16777216,7,reverse,post,1075,16777216,1.00000000000000000,-0.000000000
2,3,4096,4194304,16777216,7,reverse,post,1076,16777216,1.00000000000000000,-0.000000000
2,3,4096,4194304,16777216,7,reverse,post,1077,16777216,1.00000000000000000,-0.000000000
2,3,4096,4194304,16777216,7,reverse,post,1078,16777216,1.00000000000000000,-0.000000000
2,3,4096,4194304,16777216,7,reverse,post,1079,16777216,1.00000000000000000,-0.000000000
2,3,4096,4194304,16777216,7,reverse,post,1080,16777216,1.00000000000000000,-0.000000000
2,3,4096,4194304,16777216,7,reverse,post,1081,16777216,1.00000000000000000,-0.000000000
2,3,4096,4194304,16777216,7,reverse,post,1082,16777216,1.00000000000000000,-0.000000000
2,3,4096,4194304,16777216,7,reverse,post,1083,16777216,1.00000000000000000,-0.000000000
2,3,4096,4194304,16777216,7,reverse,post,1084,16777216,1.00000000000000000,-0.000000000
2,3,4096,4194304,16777216,7,reverse,post,1085,16777216,1.00000000000000000,-0.000000000
2,3,4096,4194304,16777216,7,reverse,post,1086,16777216,1.00000000000000000,-0.000000000
2,3,4096,4194304,16777216,7,reverse,post,1087,16777216,1.00000000000000000,-0.000000000
2,3,4096,4194304,16777216,7,reverse,post,1088,16777216,1.00000000000000000,-0.000000000
2,3,4096,4194304,16777216,7,reverse,post,1089,16777216,1.00000000000000000,-0.000000000
2,3,4096,4194304,16777216,7,reverse,post,1090,16777216,1.00000000000000000,-0.000000000
2,3,4096,4194304,16777216,7,reverse,post,1091,16777216,1.00000000000000000,-0.000000000
2,3,4096,4194304,16777216,7,reverse,post,1092,16777216,1.00000000000000000,-0.000000000
2,3,4096,4194304,16777216,7,reverse,post,1093,16777216,1.00000000000000000,-0.000000000
2,3,4096,4194304,16777216,7,reverse,post,1094,16777216,1.00000000000000000,-0.000000000
2,3,4096,4194304,16777216,7,reverse,post,1095,16777216,1.00000000000000000,-0.000000000
2,3,4096,4194304,16777216,7,reverse,post,1096,16777216,1.00000000000000000,-0.000000000
2,3,4096,4194304,16777216,7,reverse,post,1097,16777216,1.00000000000000000,-0.000000000
2,3,4096,4194304,16777216,7,reverse,post,1098,16777216,1.00000000000000000,-0.000000000
2,3,4096,4194304,16777216,7,reverse,post,1099,16777216,1.00000000000000000,-0.000000000
2,3,4096,4194304,16777216,7,reverse,post,1100,16777216,1.00000000000000000,-0.000000000
2,3,4096,4194304,16777216,7,reverse,post,1101,16777216,1.00000000000000000,-0.000000000
2,3,4096,4194304,16777216,7,reverse,post,1102,16777216,1.00000000000000000,-0.000000000
2,3,4096,4194304,16777216,7,reverse,post,1103,16777216,1.00000000000000000,-0.000000000
2,3,4096,4194304,16777216,7,reverse,post,1104,16777216,1.00000000000000000,-0.000000000
2,3,4096,4194304,16777216,7,reverse,post,1105,16777216,1.00000000000000000,-0.000000000
2,3,4096,4194304,16777216,7,reverse,post,1106,16777216,1.00000000000000000,-0.000000000
2,3,4096,4194304,16777216,7,reverse,post,1107,16777216,1.00000000000000000,-0.000000000
2,3,4096,4194304,16777216,7,reverse,post,1108,16777216,1.00000000000000000,-0.000000000
2,3,4096,4194304,16777216,7,reverse,post,1109,16777216,1.00000000000000000,-0.000000000
2,3,4096,4194304,16777216,7,reverse,post,1110,16777216,1.00000000000000000,-0.000000000
2,3,4096,4194304,16777216,7,reverse,post,1111,16777216,1.00000000000000000,-0.000000000
2,3,4096,4194304,16777216,7,reverse,post,1112,16777216,1.00000000000000000,-0.000000000
2,3,4096,4194304,16777216,7,reverse,post,1113,16777216,1.00000000000000000,-0.000000000
2,3,4096,4194304,16777216,7,reverse,post,1114,16777216,1.00000000000000000,-0.000000000
2,3,4096,4194304,16777216,7,reverse,post,1115,16777216,1.00000000000000000,-0.000000000
2,3,4096,4194304,16777216,7,reverse,post,1116,16777216,1.00000000000000000,-0.000000000
2,3,4096,4194304,16777216,7,reverse,post,1117,16777216,1.00000000000000000,-0.000000000
2,3,4096,4194304,16777216,7,reverse,post,1118,16777216,1.00000000000000000,-0.000000000
2,3,4096,4194304,16777216,7,reverse,post,1119,16777216,1.00000000000000000,-0.000000000
2,3,4096,4194304,16777216,7,reverse,post,1120,16777216,1.00000000000000000,-0.000000000
2,3,4096,4194304,16777216,7,reverse,post,1121,16777216,1.00000000000000000,-0.000000000
2,3,4096,4194304,16777216,7,reverse,post,1122,16777216,1.00000000000000000,-0.000000000
2,3,4096,4194304,16777216,7,reverse,post,1123,16777216,1.00000000000000000,-0.000000000
2,3,4096,4194304,16777216,7,reverse,post,1124,16777216,1.00000000000000000,-0.000000000
2,3,4096,4194304,16777216,7,reverse,post,1125,16777216,1.00000000000000000,-0.000000000
2,3,4096,4194304,16777216,7,reverse,post,1126,16777216,1.00000000000000000,-0.000000000
2,3,4096,4194304,16777216,7,reverse,post,1127,16777216,1.00000000000000000,-0.000000000
2,3,4096,4194304,16777216,7,reverse,post,1128,16777216,1.00000000000000000,-0.000000000
2,3,4096,4194304,16777216,7,reverse,post,1129,16777216,1.00000000000000000,-0.000000000
2,3,4096,4194304,16777216,7,reverse,post,1130,16777216,1.00000000000000000,-0.000000000
2,3,4096,4194304,16777216,7,reverse,post,1131,16777216,1.00000000000000000,-0.000000000
2,3,4096,4194304,16777216,7,reverse,post,1132,16777216,1.00000000000000000,-0.000000000
2,3,4096,4194304,16777216,7,reverse,post,1133,16777216,1.00000000000000000,-0.000000000
2,3,4096,4194304,16777216,7,reverse,post,1134,16777216,1.00000000000000000,-0.000000000
2,3,4096,4194304,16777216,7,reverse,post,1135,16777216,1.00000000000000000,-0.000000000
2,3,4096,4194304,16777216,7,reverse,post,1136,16777216,1.00000000000000000,-0.000000000
2,3,4096,4194304,16777216,7,reverse,post,1137,16777216,1.00000000000000000,-0.000000000
2,3,4096,4194304,16777216,7,reverse,post,1138,16777216,1.00000000000000000,-0.000000000
2,3,4096,4194304,16777216,7,reverse,post,1139,16777216,1.00000000000000000,-0.000000000
2,3,4096,4194304,16777216,7,reverse,post,1140,16777216,1.00000000000000000,-0.000000000
2,3,4096,4194304,16777216,7,reverse,post,1141,16777216,1.00000000000000000,-0.000000000
2,3,4096,4194304,16777216,7,reverse,post,1142,16777216,1.00000000000000000,-0.000000000
2,3,4096,4194304,16777216,7,reverse,post,1143,16777216,1.00000000000000000,-0.000000000
2,3,4096,4194304,16777216,7,reverse,post,1144,16777216,1.00000000000000000,-0.000000000
2,3,4096,4194304,16777216,7,reverse,post,1145,16777216,1.00000000000000000,-0.000000000
2,3,4096,4194304,16777216,7,reverse,post,1146,16777216,1.00000000000000000,-0.000000000
2,3,4096,4194304,16777216,7,reverse,post,1147,16777216,1.00000000000000000,-0.000000000
2,3,4096,4194304,16777216,7,reverse,post,1148,16777216,1.00000000000000000,-0.000000000
2,3,4096,4194304,16777216,7,reverse,post,1149,16777216,1.00000000000000000,-0.000000000
2,3,4096,4194304,16777216,7,reverse,post,1150,16777216,1.00000000000000000,-0.000000000
2,3,4096,4194304,16777216,7,reverse,post,1151,16777216,1.00000000000000000,-0.000000000
2,3,4096,4194304,16777216,7,reverse,post,1152,16777216,1.00000000000000000,-0.000000000
2,3,4096,4194304,16777216,7,reverse,post,1153,16777216,1.00000000000000000,-0.000000000
2,3,4096,4194304,16777216,7,reverse,post,1154,16777216,1.00000000000000000,-0.000000000
2,3,4096,4194304,16777216,7,reverse,post,1155,16777216,1.00000000000000000,-0.000000000
2,3,4096,4194304,16777216,7,reverse,post,1156,16777216,1.00000000000000000,-0.000000000
2,3,4096,4194304,16777216,7,reverse,post,1157,16777216,1.00000000000000000,-0.000000000
2,3,4096,4194304,16777216,7,reverse,post,1158,16777216,1.00000000000000000,-0.000000000
2,3,4096,4194304,16777216,7,reverse,post,1159,16777216,1.00000000000000000,-0.000000000
2,3,4096,4194304,16777216,7,reverse,post,1160,16777216,1.00000000000000000,-0.000000000
2,3,4096,4194304,16777216,7,reverse,post,1161,16777216,1.00000000000000000,-0.000000000
2,3,4096,4194304,16777216,7,reverse,post,1162,16777216,1.00000000000000000,-0.000000000
2,3,4096,4194304,16777216,7,reverse,post,1163,16777216,1.00000000000000000,-0.000000000
2,3,4096,4194304,16777216,7,reverse,post,1164,16777216,1.00000000000000000,-0.000000000
2,3,4096,4194304,16777216,7,reverse,post,1165,16777216,1.00000000000000000,-0.000000000
2,3,4096,4194304,16777216,7,reverse,post,1166,16777216,1.00000000000000000,-0.000000000
2,3,4096,4194304,16777216,7,reverse,post,1167,16777216,1.00000000000000000,-0.000000000
2,3,4096,4194304,16777216,7,reverse,post,1168,16777216,1.00000000000000000,-0.000000000
2,3,4096,4194304,16777216,7,reverse,post,1169,16777216,1.00000000000000000,-0.000000000
2,3,4096,4194304,16777216,7,reverse,post,1170,16777216,1.00000000000000000,-0.000000000
2,3,4096,4194304,16777216,7,reverse,post,1171,16777216,1.00000000000000000,-0.000000000
2,3,4096,4194304,16777216,7,reverse,post,1172,16777216,1.00000000000000000,-0.000000000
2,3,4096,4194304,16777216,7,reverse,post,1173,16777216,1.00000000000000000,-0.000000000
2,3,4096,4194304,16777216,7,reverse,post,1174,16777216,1.00000000000000000,-0.000000000
2,3,4096,4194304,16777216,7,reverse,post,1175,16777216,1.00000000000000000,-0.000000000
2,3,4096,4194304,16777216,7,reverse,post,1176,16777216,1.00000000000000000,-0.000000000
2,3,4096,4194304,16777216,7,reverse,post,1177,16777216,1.00000000000000000,-0.000000000
2,3,4096,4194304,16777216,7,reverse,post,1178,16777216,1.00000000000000000,-0.000000000
2,3,4096,4194304,16777216,7,reverse,post,1179,16777216,1.00000000000000000,-0.000000000
2,3,4096,4194304,16777216,7,reverse,post,1180,16777216,1.00000000000000000,-0.000000000
2,3,4096,4194304,16777216,7,reverse,post,1181,16777216,1.00000000000000000,-0.000000000
2,3,4096,4194304,16777216,7,reverse,post,1182,16777216,1.00000000000000000,-0.000000000
2,3,4096,4194304,16777216,7,reverse,post,1183,16777216,1.00000000000000000,-0.000000000
2,3,4096,4194304,16777216,7,reverse,post,1184,16777216,1.00000000000000000,-0.000000000
2,3,4096,4194304,16777216,7,reverse,post,1185,16777216,1.00000000000000000,-0.000000000
2,3,4096,4194304,16777216,7,reverse,post,1186,16777216,1.00000000000000000,-0.000000000
2,3,4096,4194304,16777216,7,reverse,post,1187,16777216,1.00000000000000000,-0.000000000
2,3,4096,4194304,16777216,7,reverse,post,1188,16777216,1.00000000000000000,-0.000000000
2,3,4096,4194304,16777216,7,reverse,post,1189,16777216,1.00000000000000000,-0.000000000
2,3,4096,4194304,16777216,7,reverse,post,1190,16777216,1.00000000000000000,-0.000000000
2,3,4096,4194304,16777216,7,reverse,post,1191,16777216,1.00000000000000000,-0.000000000
2,3,4096,4194304,16777216,7,reverse,post,1192,16777216,1.00000000000000000,-0.000000000
2,3,4096,4194304,16777216,7,reverse,post,1193,16777216,1.00000000000000000,-0.000000000
2,3,4096,4194304,16777216,7,reverse,post,1194,16777216,1.00000000000000000,-0.000000000
2,3,4096,4194304,16777216,7,reverse,post,1195,16777216,1.00000000000000000,-0.000000000
2,3,4096,4194304,16777216,7,reverse,post,1196,16777216,1.00000000000000000,-0.000000000
2,3,4096,4194304,16777216,7,reverse,post,1197,16777216,1.00000000000000000,-0.000000000
2,3,4096,4194304,16777216,7,reverse,post,1198,16777216,1.00000000000000000,-0.000000000
2,3,4096,4194304,16777216,7,reverse,post,1199,16777216,1.00000000000000000,-0.000000000
2,3,4096,4194304,16777216,7,reverse,post,1200,16777216,1.00000000000000000,-0.000000000
2,3,4096,4194304,16777216,7,reverse,post,1201,16777216,1.00000000000000000,-0.000000000
2,3,4096,4194304,16777216,7,reverse,post,1202,16777216,1.00000000000000000,-0.000000000
2,3,4096,4194304,16777216,7,reverse,post,1203,16777216,1.00000000000000000,-0.000000000
2,3,4096,4194304,16777216,7,reverse,post,1204,16777216,1.00000000000000000,-0.000000000
2,3,4096,4194304,16777216,7,reverse,post,1205,16777216,1.00000000000000000,-0.000000000
2,3,4096,4194304,16777216,7,reverse,post,1206,16777216,1.00000000000000000,-0.000000000
2,3,4096,4194304,16777216,7,reverse,post,1207,16777216,1.00000000000000000,-0.000000000
2,3,4096,4194304,16777216,7,reverse,post,1208,16777216,1.00000000000000000,-0.000000000
2,3,4096,4194304,16777216,7,reverse,post,1209,16777216,1.00000000000000000,-0.000000000
2,3,4096,4194304,16777216,7,reverse,post,1210,16777216,1.00000000000000000,-0.000000000
2,3,4096,4194304,16777216,7,reverse,post,1211,16777216,1.00000000000000000,-0.000000000
2,3,4096,4194304,16777216,7,reverse,post,1212,16777216,1.00000000000000000,-0.000000000
2,3,4096,4194304,16777216,7,reverse,post,1213,16777216,1.00000000000000000,-0.000000000
2,3,4096,4194304,16777216,7,reverse,post,1214,16777216,1.00000000000000000,-0.000000000
2,3,4096,4194304,16777216,7,reverse,post,1215,16777216,1.00000000000000000,-0.000000000
2,3,4096,4194304,16777216,7,reverse,post,1216,16777216,1.00000000000000000,-0.000000000
2,3,4096,4194304,16777216,7,reverse,post,1217,16777216,1.00000000000000000,-0.000000000
2,3,4096,4194304,16777216,7,reverse,post,1218,16777216,1.00000000000000000,-0.000000000
2,3,4096,4194304,16777216,7,reverse,post,1219,16777216,1.00000000000000000,-0.000000000
2,3,4096,4194304,16777216,7,reverse,post,1220,16777216,1.00000000000000000,-0.000000000
2,3,4096,4194304,16777216,7,reverse,post,1221,16777216,1.00000000000000000,-0.000000000
2,3,4096,4194304,16777216,7,reverse,post,1222,16777216,1.00000000000000000,-0.000000000
2,3,4096,4194304,16777216,7,reverse,post,1223,16777216,1.00000000000000000,-0.000000000
2,3,4096,4194304,16777216,7,reverse,post,1224,16777216,1.00000000000000000,-0.000000000
2,3,4096,4194304,16777216,7,reverse,post,1225,16777216,1.00000000000000000,-0.000000000
2,3,4096,4194304,16777216,7,reverse,post,1226,16777216,1.00000000000000000,-0.000000000
2,3,4096,4194304,16777216,7,reverse,post,1227,16777216,1.00000000000000000,-0.000000000
2,3,4096,4194304,16777216,7,reverse,post,1228,16777216,1.00000000000000000,-0.000000000
2,3,4096,4194304,16777216,7,reverse,post,1229,16777216,1.00000000000000000,-0.000000000
2,3,4096,4194304,16777216,7,reverse,post,1230,16777216,1.00000000000000000,-0.000000000
2,3,4096,4194304,16777216,7,reverse,post,1231,16777216,1.00000000000000000,-0.000000000
2,3,4096,4194304,16777216,7,reverse,post,1232,16777216,1.00000000000000000,-0.000000000
2,3,4096,4194304,16777216,7,reverse,post,1233,16777216,1.00000000000000000,-0.000000000
2,3,4096,4194304,16777216,7,reverse,post,1234,16777216,1.00000000000000000,-0.000000000
2,3,4096,4194304,16777216,7,reverse,post,1235,16777216,1.00000000000000000,-0.000000000
2,3,4096,4194304,16777216,7,reverse,post,1236,16777216,1.00000000000000000,-0.000000000
2,3,4096,4194304,16777216,7,reverse,post,1237,16777216,1.00000000000000000,-0.000000000
2,3,4096,4194304,16777216,7,reverse,post,1238,16777216,1.00000000000000000,-0.000000000
2,3,4096,4194304,16777216,7,reverse,post,1239,16777216,1.00000000000000000,-0.000000000
2,3,4096,4194304,16777216,7,reverse,post,1240,16777216,1.00000000000000000,-0.000000000
2,3,4096,4194304,16777216,7,reverse,post,1241,16777216,1.00000000000000000,-0.000000000
2,3,4096,4194304,16777216,7,reverse,post,1242,16777216,1.00000000000000000,-0.000000000
2,3,4096,4194304,16777216,7,reverse,post,1243,16777216,1.00000000000000000,-0.000000000
2,3,4096,4194304,16777216,7,reverse,post,1244,16777216,1.00000000000000000,-0.000000000
2,3,4096,4194304,16777216,7,reverse,post,1245,16777216,1.00000000000000000,-0.000000000
2,3,4096,4194304,16777216,7,reverse,post,1246,16777216,1.00000000000000000,-0.000000000
2,3,4096,4194304,16777216,7,reverse,post,1247,16777216,1.00000000000000000,-0.000000000
2,3,4096,4194304,16777216,7,reverse,post,1248,16777216,1.00000000000000000,-0.000000000
2,3,4096,4194304,16777216,7,reverse,post,1249,16777216,1.00000000000000000,-0.000000000
2,3,4096,4194304,16777216,7,reverse,post,1250,16777216,1.00000000000000000,-0.000000000
2,3,4096,4194304,16777216,7,reverse,post,1251,16777216,1.00000000000000000,-0.000000000
2,3,4096,4194304,16777216,7,reverse,post,1252,16777216,1.00000000000000000,-0.000000000
2,3,4096,4194304,16777216,7,reverse,post,1253,16777216,1.00000000000000000,-0.000000000
2,3,4096,4194304,16777216,7,reverse,post,1254,16777216,1.00000000000000000,-0.000000000
2,3,4096,4194304,16777216,7,reverse,post,1255,16777216,1.00000000000000000,-0.000000000
2,3,4096,4194304,16777216,7,reverse,post,1256,16777216,1.00000000000000000,-0.000000000
2,3,4096,4194304,16777216,7,reverse,post,1257,16777216,1.00000000000000000,-0.000000000
2,3,4096,4194304,16777216,7,reverse,post,1258,16777216,1.00000000000000000,-0.000000000
2,3,4096,4194304,16777216,7,reverse,post,1259,16777216,1.00000000000000000,-0.000000000
2,3,4096,4194304,16777216,7,reverse,post,1260,16777216,1.00000000000000000,-0.000000000
2,3,4096,4194304,16777216,7,reverse,post,1261,16777216,1.00000000000000000,-0.000000000
2,3,4096,4194304,16777216,7,reverse,post,1262,16777216,1.00000000000000000,-0.000000000
2,3,4096,4194304,16777216,7,reverse,post,1263,16777216,1.00000000000000000,-0.000000000
2,3,4096,4194304,16777216,7,reverse,post,1264,16777216,1.00000000000000000,-0.000000000
2,3,4096,4194304,16777216,7,reverse,post,1265,16777216,1.00000000000000000,-0.000000000
2,3,4096,4194304,16777216,7,reverse,post,1266,16777216,1.00000000000000000,-0.000000000
2,3,4096,4194304,16777216,7,reverse,post,1267,16777216,1.00000000000000000,-0.000000000
2,3,4096,4194304,16777216,7,reverse,post,1268,16777216,1.00000000000000000,-0.000000000
2,3,4096,4194304,16777216,7,reverse,post,1269,16777216,1.00000000000000000,-0.000000000
2,3,4096,4194304,16777216,7,reverse,post,1270,16777216,1.00000000000000000,-0.000000000
2,3,4096,4194304,16777216,7,reverse,post,1271,16777216,1.00000000000000000,-0.000000000
2,3,4096,4194304,16777216,7,reverse,post,1272,16777216,1.00000000000000000,-0.000000000
2,3,4096,4194304,16777216,7,reverse,post,1273,16777216,1.00000000000000000,-0.000000000
2,3,4096,4194304,16777216,7,reverse,post,1274,16777216,1.00000000000000000,-0.000000000
2,3,4096,4194304,16777216,7,reverse,post,1275,16777216,1.00000000000000000,-0.000000000
2,3,4096,4194304,16777216,7,reverse,post,1276,16777216,1.00000000000000000,-0.000000000
2,3,4096,4194304,16777216,7,reverse,post,1277,16777216,1.00000000000000000,-0.000000000
2,3,4096,4194304,16777216,7,reverse,post,1278,16777216,1.00000000000000000,-0.000000000
2,3,4096,4194304,16777216,7,reverse,post,1279,16777216,1.00000000000000000,-0.000000000
2,3,4096,4194304,16777216,7,reverse,post,1280,16777216,1.00000000000000000,-0.000000000
2,3,4096,4194304,16777216,7,reverse,post,1281,16777216,1.00000000000000000,-0.000000000
2,3,4096,4194304,16777216,7,reverse,post,1282,16777216,1.00000000000000000,-0.000000000
2,3,4096,4194304,16777216,7,reverse,post,1283,16777216,1.00000000000000000,-0.000000000
2,3,4096,4194304,16777216,7,reverse,post,1284,16777216,1.00000000000000000,-0.000000000
2,3,4096,4194304,16777216,7,reverse,post,1285,16777216,1.00000000000000000,-0.000000000
2,3,4096,4194304,16777216,7,reverse,post,1286,16777216,1.00000000000000000,-0.000000000
2,3,4096,4194304,16777216,7,reverse,post,1287,16777216,1.00000000000000000,-0.000000000
2,3,4096,4194304,16777216,7,reverse,post,1288,16777216,1.00000000000000000,-0.000000000
2,3,4096,4194304,16777216,7,reverse,post,1289,16777216,1.00000000000000000,-0.000000000
2,3,4096,4194304,16777216,7,reverse,post,1290,16777216,1.00000000000000000,-0.000000000
2,3,4096,4194304,16777216,7,reverse,post,1291,16777216,1.00000000000000000,-0.000000000
2,3,4096,4194304,16777216,7,reverse,post,1292,16777216,1.00000000000000000,-0.000000000
2,3,4096,4194304,16777216,7,reverse,post,1293,16777216,1.00000000000000000,-0.000000000
2,3,4096,4194304,16777216,7,reverse,post,1294,16777216,1.00000000000000000,-0.000000000
2,3,4096,4194304,16777216,7,reverse,post,1295,16777216,1.00000000000000000,-0.000000000
2,3,4096,4194304,16777216,7,reverse,post,1296,16777216,1.00000000000000000,-0.000000000
2,3,4096,4194304,16777216,7,reverse,post,1297,16777216,1.00000000000000000,-0.000000000
2,3,4096,4194304,16777216,7,reverse,post,1298,16777216,1.00000000000000000,-0.000000000
2,3,4096,4194304,16777216,7,reverse,post,1299,16777216,1.00000000000000000,-0.000000000
2,3,4096,4194304,16777216,7,reverse,post,1300,16777216,1.00000000000000000,-0.000000000
2,3,4096,4194304,16777216,7,reverse,post,1301,16777216,1.00000000000000000,-0.000000000
2,3,4096,4194304,16777216,7,reverse,post,1302,16777216,1.00000000000000000,-0.000000000
2,3,4096,4194304,16777216,7,reverse,post,1303,16777216,1.00000000000000000,-0.000000000
2,3,4096,4194304,16777216,7,reverse,post,1304,16777216,1.00000000000000000,-0.000000000
2,3,4096,4194304,16777216,7,reverse,post,1305,16777216,1.00000000000000000,-0.000000000
2,3,4096,4194304,16777216,7,reverse,post,1306,16777216,1.00000000000000000,-0.000000000
2,3,4096,4194304,16777216,7,reverse,post,1307,16777216,1.00000000000000000,-0.000000000
2,3,4096,4194304,16777216,7,reverse,post,1308,16777216,1.00000000000000000,-0.000000000
2,3,4096,4194304,16777216,7,reverse,post,1309,16777216,1.00000000000000000,-0.000000000
2,3,4096,4194304,16777216,7,reverse,post,1310,16777216,1.00000000000000000,-0.000000000
2,3,4096,4194304,16777216,7,reverse,post,1311,16777216,1.00000000000000000,-0.000000000
2,3,4096,4194304,16777216,7,reverse,post,1312,16777216,1.00000000000000000,-0.000000000
2,3,4096,4194304,16777216,7,reverse,post,1313,16777216,1.00000000000000000,-0.000000000
2,3,4096,4194304,16777216,7,reverse,post,1314,16777216,1.00000000000000000,-0.000000000
2,3,4096,4194304,16777216,7,reverse,post,1315,16777216,1.00000000000000000,-0.000000000
2,3,4096,4194304,16777216,7,reverse,post,1316,16777216,1.00000000000000000,-0.000000000
2,3,4096,4194304,16777216,7,reverse,post,1317,16777216,1.00000000000000000,-0.000000000
2,3,4096,4194304,16777216,7,reverse,post,1318,16777216,1.00000000000000000,-0.000000000
2,3,4096,4194304,16777216,7,reverse,post,1319,16777216,1.00000000000000000,-0.000000000
2,3,4096,4194304,16777216,7,reverse,post,1320,16777216,1.00000000000000000,-0.000000000
2,3,4096,4194304,16777216,7,reverse,post,1321,16777216,1.00000000000000000,-0.000000000
2,3,4096,4194304,16777216,7,reverse,post,1322,16777216,1.00000000000000000,-0.000000000
2,3,4096,4194304,16777216,7,reverse,post,1323,16777216,1.00000000000000000,-0.000000000
2,3,4096,4194304,16777216,7,reverse,post,1324,16777216,1.00000000000000000,-0.000000000
2,3,4096,4194304,16777216,7,reverse,post,1325,16777216,1.00000000000000000,-0.000000000
2,3,4096,4194304,16777216,7,reverse,post,1326,16777216,1.00000000000000000,-0.000000000
2,3,4096,4194304,16777216,7,reverse,post,1327,16777216,1.00000000000000000,-0.000000000
2,3,4096,4194304,16777216,7,reverse,post,1328,16777216,1.00000000000000000,-0.000000000
2,3,4096,4194304,16777216,7,reverse,post,1329,16777216,1.00000000000000000,-0.000000000
2,3,4096,4194304,16777216,7,reverse,post,1330,16777216,1.00000000000000000,-0.000000000
2,3,4096,4194304,16777216,7,reverse,post,1331,16777216,1.00000000000000000,-0.000000000
2,3,4096,4194304,16777216,7,reverse,post,1332,16777216,1.00000000000000000,-0.000000000
2,3,4096,4194304,16777216,7,reverse,post,1333,16777216,1.00000000000000000,-0.000000000
2,3,4096,4194304,16777216,7,reverse,post,1334,16777216,1.00000000000000000,-0.000000000
2,3,4096,4194304,16777216,7,reverse,post,1335,16777216,1.00000000000000000,-0.000000000
2,3,4096,4194304,16777216,7,reverse,post,1336,16777216,1.00000000000000000,-0.000000000
2,3,4096,4194304,16777216,7,reverse,post,1337,16777216,1.00000000000000000,-0.000000000
2,3,4096,4194304,16777216,7,reverse,post,1338,16777216,1.00000000000000000,-0.000000000
2,3,4096,4194304,16777216,7,reverse,post,1339,16777216,1.00000000000000000,-0.000000000
2,3,4096,4194304,16777216,7,reverse,post,1340,16777216,1.00000000000000000,-0.000000000
2,3,4096,4194304,16777216,7,reverse,post,1341,16777216,1.00000000000000000,-0.000000000
2,3,4096,4194304,16777216,7,reverse,post,1342,16777216,1.00000000000000000,-0.000000000
2,3,4096,4194304,16777216,7,reverse,post,1343,16777216,1.00000000000000000,-0.000000000
2,3,4096,4194304,16777216,7,reverse,post,1344,16777216,1.00000000000000000,-0.000000000
2,3,4096,4194304,16777216,7,reverse,post,1345,16777216,1.00000000000000000,-0.000000000
2,3,4096,4194304,16777216,7,reverse,post,1346,16777216,1.00000000000000000,-0.000000000
2,3,4096,4194304,16777216,7,reverse,post,1347,16777216,1.00000000000000000,-0.000000000
2,3,4096,4194304,16777216,7,reverse,post,1348,16777216,1.00000000000000000,-0.000000000
2,3,4096,4194304,16777216,7,reverse,post,1349,16777216,1.00000000000000000,-0.000000000
2,3,4096,4194304,16777216,7,reverse,post,1350,16777216,1.00000000000000000,-0.000000000
2,3,4096,4194304,16777216,7,reverse,post,1351,16777216,1.00000000000000000,-0.000000000
2,3,4096,4194304,16777216,7,reverse,post,1352,16777216,1.00000000000000000,-0.000000000
2,3,4096,4194304,16777216,7,reverse,post,1353,16777216,1.00000000000000000,-0.000000000
2,3,4096,4194304,16777216,7,reverse,post,1354,16777216,1.00000000000000000,-0.000000000
2,3,4096,4194304,16777216,7,reverse,post,1355,16777216,1.00000000000000000,-0.000000000
2,3,4096,4194304,16777216,7,reverse,post,1356,16777216,1.00000000000000000,-0.000000000
2,3,4096,4194304,16777216,7,reverse,post,1357,16777216,1.00000000000000000,-0.000000000
2,3,4096,4194304,16777216,7,reverse,post,1358,16777216,1.00000000000000000,-0.000000000
2,3,4096,4194304,16777216,7,reverse,post,1359,16777216,1.00000000000000000,-0.000000000
2,3,4096,4194304,16777216,7,reverse,post,1360,16777216,1.00000000000000000,-0.000000000
2,3,4096,4194304,16777216,7,reverse,post,1361,16777216,1.00000000000000000,-0.000000000
2,3,4096,4194304,16777216,7,reverse,post,1362,16777216,1.00000000000000000,-0.000000000
2,3,4096,4194304,16777216,7,reverse,post,1363,16777216,1.00000000000000000,-0.000000000
2,3,4096,4194304,16777216,7,reverse,post,1364,16777216,1.00000000000000000,-0.000000000
2,3,4096,4194304,16777216,7,reverse,post,1365,16777216,1.00000000000000000,-0.000000000
2,3,4096,4194304,16777216,7,reverse,post,1366,16777216,1.00000000000000000,-0.000000000
2,3,4096,4194304,16777216,7,reverse,post,1367,16777216,1.00000000000000000,-0.000000000
2,3,4096,4194304,16777216,7,reverse,post,1368,16777216,1.00000000000000000,-0.000000000
2,3,4096,4194304,16777216,7,reverse,post,1369,16777216,1.00000000000000000,-0.000000000
2,3,4096,4194304,16777216,7,reverse,post,1370,16777216,1.00000000000000000,-0.000000000
2,3,4096,4194304,16777216,7,reverse,post,1371,16777216,1.00000000000000000,-0.000000000
2,3,4096,4194304,16777216,7,reverse,post,1372,16777216,1.00000000000000000,-0.000000000
2,3,4096,4194304,16777216,7,reverse,post,1373,16777216,1.00000000000000000,-0.000000000
2,3,4096,4194304,16777216,7,reverse,post,1374,16777216,1.00000000000000000,-0.000000000
2,3,4096,4194304,16777216,7,reverse,post,1375,16777216,1.00000000000000000,-0.000000000
2,3,4096,4194304,16777216,7,reverse,post,1376,16777216,1.00000000000000000,-0.000000000
2,3,4096,4194304,16777216,7,reverse,post,1377,16777216,1.00000000000000000,-0.000000000
2,3,4096,4194304,16777216,7,reverse,post,1378,16777216,1.00000000000000000,-0.000000000
2,3,4096,4194304,16777216,7,reverse,post,1379,16777216,1.00000000000000000,-0.000000000
2,3,4096,4194304,16777216,7,reverse,post,1380,16777216,1.00000000000000000,-0.000000000
2,3,4096,4194304,16777216,7,reverse,post,1381,16777216,1.00000000000000000,-0.000000000
2,3,4096,4194304,16777216,7,reverse,post,1382,16777216,1.00000000000000000,-0.000000000
2,3,4096,4194304,16777216,7,reverse,post,1383,16777216,1.00000000000000000,-0.000000000
2,3,4096,4194304,16777216,7,reverse,post,1384,16777216,1.00000000000000000,-0.000000000
2,3,4096,4194304,16777216,7,reverse,post,1385,16777216,1.00000000000000000,-0.000000000
2,3,4096,4194304,16777216,7,reverse,post,1386,16777216,1.00000000000000000,-0.000000000
2,3,4096,4194304,16777216,7,reverse,post,1387,16777216,1.00000000000000000,-0.000000000
2,3,4096,4194304,16777216,7,reverse,post,1388,16777216,1.00000000000000000,-0.000000000
2,3,4096,4194304,16777216,7,reverse,post,1389,16777216,1.00000000000000000,-0.000000000
2,3,4096,4194304,16777216,7,reverse,post,1390,16777216,1.00000000000000000,-0.000000000
2,3,4096,4194304,16777216,7,reverse,post,1391,16777216,1.00000000000000000,-0.000000000
2,3,4096,4194304,16777216,7,reverse,post,1392,16777216,1.00000000000000000,-0.000000000
2,3,4096,4194304,16777216,7,reverse,post,1393,16777216,1.00000000000000000,-0.000000000
2,3,4096,4194304,16777216,7,reverse,post,1394,16777216,1.00000000000000000,-0.000000000
2,3,4096,4194304,16777216,7,reverse,post,1395,16777216,1.00000000000000000,-0.000000000
2,3,4096,4194304,16777216,7,reverse,post,1396,16777216,1.00000000000000000,-0.000000000
2,3,4096,4194304,16777216,7,reverse,post,1397,16777216,1.00000000000000000,-0.000000000
2,3,4096,4194304,16777216,7,reverse,post,1398,16777216,1.00000000000000000,-0.000000000
2,3,4096,4194304,16777216,7,reverse,post,1399,16777216,1.00000000000000000,-0.000000000
2,3,4096,4194304,16777216,7,reverse,post,1400,16777216,1.00000000000000000,-0.000000000
2,3,4096,4194304,16777216,7,reverse,post,1401,16777216,1.00000000000000000,-0.000000000
2,3,4096,4194304,16777216,7,reverse,post,1402,16777216,1.00000000000000000,-0.000000000
2,3,4096,4194304,16777216,7,reverse,post,1403,16777216,1.00000000000000000,-0.000000000
2,3,4096,4194304,16777216,7,reverse,post,1404,16777216,1.00000000000000000,-0.000000000
2,3,4096,4194304,16777216,7,reverse,post,1405,16777216,1.00000000000000000,-0.000000000
2,3,4096,4194304,16777216,7,reverse,post,1406,16777216,1.00000000000000000,-0.000000000
2,3,4096,4194304,16777216,7,reverse,post,1407,16777216,1.00000000000000000,-0.000000000
2,3,4096,4194304,16777216,7,reverse,post,1408,16777216,1.00000000000000000,-0.000000000
2,3,4096,4194304,16777216,7,reverse,post,1409,16777216,1.00000000000000000,-0.000000000
2,3,4096,4194304,16777216,7,reverse,post,1410,16777216,1.00000000000000000,-0.000000000
2,3,4096,4194304,16777216,7,reverse,post,1411,16777216,1.00000000000000000,-0.000000000
2,3,4096,4194304,16777216,7,reverse,post,1412,16777216,1.00000000000000000,-0.000000000
2,3,4096,4194304,16777216,7,reverse,post,1413,16777216,1.00000000000000000,-0.000000000
2,3,4096,4194304,16777216,7,reverse,post,1414,16777216,1.00000000000000000,-0.000000000
2,3,4096,4194304,16777216,7,reverse,post,1415,16777216,1.00000000000000000,-0.000000000
2,3,4096,4194304,16777216,7,reverse,post,1416,16777216,1.00000000000000000,-0.000000000
2,3,4096,4194304,16777216,7,reverse,post,1417,16777216,1.00000000000000000,-0.000000000
2,3,4096,4194304,16777216,7,reverse,post,1418,16777216,1.00000000000000000,-0.000000000
2,3,4096,4194304,16777216,7,reverse,post,1419,16777216,1.00000000000000000,-0.000000000
2,3,4096,4194304,16777216,7,reverse,post,1420,16777216,1.00000000000000000,-0.000000000
2,3,4096,4194304,16777216,7,reverse,post,1421,16777216,1.00000000000000000,-0.000000000
2,3,4096,4194304,16777216,7,reverse,post,1422,16777216,1.00000000000000000,-0.000000000
2,3,4096,4194304,16777216,7,reverse,post,1423,16777216,1.00000000000000000,-0.000000000
2,3,4096,4194304,16777216,7,reverse,post,1424,16777216,1.00000000000000000,-0.000000000
2,3,4096,4194304,16777216,7,reverse,post,1425,16777216,1.00000000000000000,-0.000000000
2,3,4096,4194304,16777216,7,reverse,post,1426,16777216,1.00000000000000000,-0.000000000
2,3,4096,4194304,16777216,7,reverse,post,1427,16777216,1.00000000000000000,-0.000000000
2,3,4096,4194304,16777216,7,reverse,post,1428,16777216,1.00000000000000000,-0.000000000
2,3,4096,4194304,16777216,7,reverse,post,1429,16777216,1.00000000000000000,-0.000000000
2,3,4096,4194304,16777216,7,reverse,post,1430,16777216,1.00000000000000000,-0.000000000
2,3,4096,4194304,16777216,7,reverse,post,1431,16777216,1.00000000000000000,-0.000000000
2,3,4096,4194304,16777216,7,reverse,post,1432,16777216,1.00000000000000000,-0.000000000
2,3,4096,4194304,16777216,7,reverse,post,1433,16777216,1.00000000000000000,-0.000000000
2,3,4096,4194304,16777216,7,reverse,post,1434,16777216,1.00000000000000000,-0.000000000
2,3,4096,4194304,16777216,7,reverse,post,1435,16777216,1.00000000000000000,-0.000000000
2,3,4096,4194304,16777216,7,reverse,post,1436,16777216,1.00000000000000000,-0.000000000
2,3,4096,4194304,16777216,7,reverse,post,1437,16777216,1.00000000000000000,-0.000000000
2,3,4096,4194304,16777216,7,reverse,post,1438,16777216,1.00000000000000000,-0.000000000
2,3,4096,4194304,16777216,7,reverse,post,1439,16777216,1.00000000000000000,-0.000000000
2,3,4096,4194304,16777216,7,reverse,post,1440,16777216,1.00000000000000000,-0.000000000
2,3,4096,4194304,16777216,7,reverse,post,1441,16777216,1.00000000000000000,-0.000000000
2,3,4096,4194304,16777216,7,reverse,post,1442,16777216,1.00000000000000000,-0.000000000
2,3,4096,4194304,16777216,7,reverse,post,1443,16777216,1.00000000000000000,-0.000000000
2,3,4096,4194304,16777216,7,reverse,post,1444,16777216,1.00000000000000000,-0.000000000
2,3,4096,4194304,16777216,7,reverse,post,1445,16777216,1.00000000000000000,-0.000000000
2,3,4096,4194304,16777216,7,reverse,post,1446,16777216,1.00000000000000000,-0.000000000
2,3,4096,4194304,16777216,7,reverse,post,1447,16777216,1.00000000000000000,-0.000000000
2,3,4096,4194304,16777216,7,reverse,post,1448,16777216,1.00000000000000000,-0.000000000
2,3,4096,4194304,16777216,7,reverse,post,1449,16777216,1.00000000000000000,-0.000000000
2,3,4096,4194304,16777216,7,reverse,post,1450,16777216,1.00000000000000000,-0.000000000
2,3,4096,4194304,16777216,7,reverse,post,1451,16777216,1.00000000000000000,-0.000000000
2,3,4096,4194304,16777216,7,reverse,post,1452,16777216,1.00000000000000000,-0.000000000
2,3,4096,4194304,16777216,7,reverse,post,1453,16777216,1.00000000000000000,-0.000000000
2,3,4096,4194304,16777216,7,reverse,post,1454,16777216,1.00000000000000000,-0.000000000
2,3,4096,4194304,16777216,7,reverse,post,1455,16777216,1.00000000000000000,-0.000000000
2,3,4096,4194304,16777216,7,reverse,post,1456,16777216,1.00000000000000000,-0.000000000
2,3,4096,4194304,16777216,7,reverse,post,1457,16777216,1.00000000000000000,-0.000000000
2,3,4096,4194304,16777216,7,reverse,post,1458,16777216,1.00000000000000000,-0.000000000
2,3,4096,4194304,16777216,7,reverse,post,1459,16777216,1.00000000000000000,-0.000000000
2,3,4096,4194304,16777216,7,reverse,post,1460,16777216,1.00000000000000000,-0.000000000
2,3,4096,4194304,16777216,7,reverse,post,1461,16777216,1.00000000000000000,-0.000000000
2,3,4096,4194304,16777216,7,reverse,post,1462,16777216,1.00000000000000000,-0.000000000
2,3,4096,4194304,16777216,7,reverse,post,1463,16777216,1.00000000000000000,-0.000000000
2,3,4096,4194304,16777216,7,reverse,post,1464,16777216,1.00000000000000000,-0.000000000
2,3,4096,4194304,16777216,7,reverse,post,1465,16777216,1.00000000000000000,-0.000000000
2,3,4096,4194304,16777216,7,reverse,post,1466,16777216,1.00000000000000000,-0.000000000
2,3,4096,4194304,16777216,7,reverse,post,1467,16777216,1.00000000000000000,-0.000000000
2,3,4096,4194304,16777216,7,reverse,post,1468,16777216,1.00000000000000000,-0.000000000
2,3,4096,4194304,16777216,7,reverse,post,1469,16777216,1.00000000000000000,-0.000000000
2,3,4096,4194304,16777216,7,reverse,post,1470,16777216,1.00000000000000000,-0.000000000
2,3,4096,4194304,16777216,7,reverse,post,1471,16777216,1.00000000000000000,-0.000000000
2,3,4096,4194304,16777216,7,reverse,post,1472,16777216,1.00000000000000000,-0.000000000
2,3,4096,4194304,16777216,7,reverse,post,1473,16777216,1.00000000000000000,-0.000000000
2,3,4096,4194304,16777216,7,reverse,post,1474,16777216,1.00000000000000000,-0.000000000
2,3,4096,4194304,16777216,7,reverse,post,1475,16777216,1.00000000000000000,-0.000000000
2,3,4096,4194304,16777216,7,reverse,post,1476,16777216,1.00000000000000000,-0.000000000
2,3,4096,4194304,16777216,7,reverse,post,1477,16777216,1.00000000000000000,-0.000000000
2,3,4096,4194304,16777216,7,reverse,post,1478,16777216,1.00000000000000000,-0.000000000
2,3,4096,4194304,16777216,7,reverse,post,1479,16777216,1.00000000000000000,-0.000000000
2,3,4096,4194304,16777216,7,reverse,post,1480,16777216,1.00000000000000000,-0.000000000
2,3,4096,4194304,16777216,7,reverse,post,1481,16777216,1.00000000000000000,-0.000000000
2,3,4096,4194304,16777216,7,reverse,post,1482,16777216,1.00000000000000000,-0.000000000
2,3,4096,4194304,16777216,7,reverse,post,1483,16777216,1.00000000000000000,-0.000000000
2,3,4096,4194304,16777216,7,reverse,post,1484,16777216,1.00000000000000000,-0.000000000
2,3,4096,4194304,16777216,7,reverse,post,1485,16777216,1.00000000000000000,-0.000000000
2,3,4096,4194304,16777216,7,reverse,post,1486,16777216,1.00000000000000000,-0.000000000
2,3,4096,4194304,16777216,7,reverse,post,1487,16777216,1.00000000000000000,-0.000000000
2,3,4096,4194304,16777216,7,reverse,post,1488,16777216,1.00000000000000000,-0.000000000
2,3,4096,4194304,16777216,7,reverse,post,1489,16777216,1.00000000000000000,-0.000000000
2,3,4096,4194304,16777216,7,reverse,post,1490,16777216,1.00000000000000000,-0.000000000
2,3,4096,4194304,16777216,7,reverse,post,1491,16777216,1.00000000000000000,-0.000000000
2,3,4096,4194304,16777216,7,reverse,post,1492,16777216,1.00000000000000000,-0.000000000
2,3,4096,4194304,16777216,7,reverse,post,1493,16777216,1.00000000000000000,-0.000000000
2,3,4096,4194304,16777216,7,reverse,post,1494,16777216,1.00000000000000000,-0.000000000
2,3,4096,4194304,16777216,7,reverse,post,1495,16777216,1.00000000000000000,-0.000000000
2,3,4096,4194304,16777216,7,reverse,post,1496,16777216,1.00000000000000000,-0.000000000
2,3,4096,4194304,16777216,7,reverse,post,1497,16777216,1.00000000000000000,-0.000000000
2,3,4096,4194304,16777216,7,reverse,post,1498,16777216,1.00000000000000000,-0.000000000
2,3,4096,4194304,16777216,7,reverse,post,1499,16777216,1.00000000000000000,-0.000000000
2,3,4096,4194304,16777216,7,reverse,post,1500,16777216,1.00000000000000000,-0.000000000
2,3,4096,4194304,16777216,7,reverse,post,1501,16777216,1.00000000000000000,-0.000000000
2,3,4096,4194304,16777216,7,reverse,post,1502,16777216,1.00000000000000000,-0.000000000
2,3,4096,4194304,16777216,7,reverse,post,1503,16777216,1.00000000000000000,-0.000000000
2,3,4096,4194304,16777216,7,reverse,post,1504,16777216,1.00000000000000000,-0.000000000
2,3,4096,4194304,16777216,7,reverse,post,1505,16777216,1.00000000000000000,-0.000000000
2,3,4096,4194304,16777216,7,reverse,post,1506,16777216,1.00000000000000000,-0.000000000
2,3,4096,4194304,16777216,7,reverse,post,1507,16777216,1.00000000000000000,-0.000000000
2,3,4096,4194304,16777216,7,reverse,post,1508,16777216,1.00000000000000000,-0.000000000
2,3,4096,4194304,16777216,7,reverse,post,1509,16777216,1.00000000000000000,-0.000000000
2,3,4096,4194304,16777216,7,reverse,post,1510,16777216,1.00000000000000000,-0.000000000
2,3,4096,4194304,16777216,7,reverse,post,1511,16777215,0.99999994039535522,0.000000086
2,3,4096,4194304,16777216,7,reverse,post,1512,16777210,0.99999964237213135,0.000000516
2,3,4096,4194304,16777216,7,reverse,post,1513,16777194,0.99999868869781494,0.000001892
2,3,4096,4194304,16777216,7,reverse,post,1514,16777174,0.99999749660491943,0.000003612
2,3,4096,4194304,16777216,7,reverse,post,1515,16777151,0.99999612569808960,0.000005589
2,3,4096,4194304,16777216,7,reverse,post,1516,16777129,0.99999481439590454,0.000007481
2,3,4096,4194304,16777216,7,reverse,post,1517,16777094,0.99999272823333740,0.000010491
2,3,4096,4194304,16777216,7,reverse,post,1518,16777063,0.99999088048934937,0.000013157
2,3,4096,4194304,16777216,7,reverse,post,1519,16777043,0.99998968839645386,0.000014877
2,3,4096,4194304,16777216,7,reverse,post,1520,16777023,0.99998849630355835,0.000016596
2,3,4096,4194304,16777216,7,reverse,post,1521,16776998,0.99998700618743896,0.000018746
2,3,4096,4194304,16777216,7,reverse,post,1522,16776987,0.99998635053634644,0.000019692
2,3,4096,4194304,16777216,7,reverse,post,1523,16776973,0.99998551607131958,0.000020896
2,3,4096,4194304,16777216,7,reverse,post,1524,16776945,0.99998384714126587,0.000023304
2,3,4096,4194304,16777216,7,reverse,post,1525,16776929,0.99998289346694946,0.000024680
2,3,4096,4194304,16777216,7,reverse,post,1526,16776919,0.99998229742050171,0.000025540
2,3,4096,4194304,16777216,7,reverse,post,1527,16776915,0.99998205900192261,0.000025884
2,3,4096,4194304,16777216,7,reverse,post,1528,16776900,0.99998116493225098,0.000027174
2,3,4096,4194304,16777216,7,reverse,post,1529,16776887,0.99998039007186890,0.000028291
2,3,4096,4194304,16777216,7,reverse,post,1530,16776869,0.99997931718826294,0.000029839
2,3,4096,4194304,16777216,7,reverse,post,1531,16776858,0.99997866153717041,0.000030785
2,3,4096,4194304,16777216,7,reverse,post,1532,16776840,0.99997758865356445,0.000032333
2,3,4096,4194304,16777216,7,reverse,post,1533,16776823,0.99997657537460327,0.000033795
2,3,4096,4194304,16777216,7,reverse,post,1534,16776805,0.99997550249099731,0.000035343
2,3,4096,4194304,16777216,7,reverse,post,1535,16776790,0.99997460842132568,0.000036633
2,3,4096,4194304,16777216,7,reverse,post,1536,16776773,0.99997359514236450,0.000038095
2,3,4096,4194304,16777216,7,reverse,post,1537,16776758,0.99997270107269287,0.000039385
2,3,4096,4194304,16777216,7,reverse,post,1538,16776748,0.99997210502624512,0.000040245
2,3,4096,4194304,16777216,7,reverse,post,1539,16776738,0.99997150897979736,0.000041104
2,3,4096,4194304,16777216,7,reverse,post,1540,16776730,0.99997103214263916,0.000041792
2,3,4096,4194304,16777216,7,reverse,post,1541,16776723,0.99997061491012573,0.000042394
2,3,4096,4194304,16777216,7,reverse,post,1542,16776713,0.99997001886367798,0.000043254
2,3,4096,4194304,16777216,7,reverse,post,1543,16776703,0.99996942281723022,0.000044114
2,3,4096,4194304,16777216,7,reverse,post,1544,16776696,0.99996900558471680,0.000044716
2,3,4096,4194304,16777216,7,reverse,post,1545,16776689,0.99996858835220337,0.000045318
2,3,4096,4194304,16777216,7,reverse,post,1546,16776685,0.99996834993362427,0.000045662
2,3,4096,4194304,16777216,7,reverse,post,1547,16776682,0.99996817111968994,0.000045920
2,3,4096,4194304,16777216,7,reverse,post,1548,16776675,0.99996775388717651,0.000046522
2,3,4096,4194304,16777216,7,reverse,post,1549,16776667,0.99996727705001831,0.000047210
2,3,4096,4194304,16777216,7,reverse,post,1550,16776657,0.99996668100357056,0.000048070
2,3,4096,4194304,16777216,7,reverse,post,1551,16776646,0.99996602535247803,0.000049016
2,3,4096,4194304,16777216,7,reverse,post,1552,16776643,0.99996584653854370,0.000049274
2,3,4096,4194304,16777216,7,reverse,post,1553,16776637,0.99996548891067505,0.000049790
2,3,4096,4194304,16777216,7,reverse,post,1554,16776628,0.99996495246887207,0.000050564
2,3,4096,4194304,16777216,7,reverse,post,1555,16776620,0.99996447563171387,0.000051252
2,3,4096,4194304,16777216,7,reverse,post,1556,16776609,0.99996381998062134,0.000052198
2,3,4096,4194304,16777216,7,reverse,post,1557,16776594,0.99996292591094971,0.000053488
2,3,4096,4194304,16777216,7,reverse,post,1558,16776575,0.99996179342269897,0.000055121
2,3,4096,4194304,16777216,7,reverse,post,1559,16776555,0.99996060132980347,0.000056841
2,3,4096,4194304,16777216,7,reverse,post,1560,16776530,0.99995911121368408,0.000058991
2,3,4096,4194304,16777216,7,reverse,post,1561,16776514,0.99995815753936768,0.000060367
2,3,4096,4194304,16777216,7,reverse,post,1562,16776485,0.99995642900466919,0.000062861
2,3,4096,4194304,16777216,7,reverse,post,1563,16776470,0.99995553493499756,0.000064151
2,3,4096,4194304,16777216,7,reverse,post,1564,16776452,0.99995446205139160,0.000065699
2,3,4096,4194304,16777216,7,reverse,post,1565,16776444,0.99995398521423340,0.000066387
2,3,4096,4194304,16777216,7,reverse,post,1566,16776437,0.99995356798171997,0.000066989
2,3,4096,4194304,16777216,7,reverse,post,1567,16776430,0.99995315074920654,0.000067591
2,3,4096,4194304,16777216,7,reverse,post,1568,16776415,0.99995225667953491,0.000068881
2,3,4096,4194304,16777216,7,reverse,post,1569,16776403,0.99995154142379761,0.000069913
2,3,4096,4194304,16777216,7,reverse,post,1570,16776385,0.99995046854019165,0.000071461
2,3,4096,4194304,16777216,7,reverse,post,1571,16776364,0.99994921684265137,0.000073266
2,3,4096,4194304,16777216,7,reverse,post,1572,16776351,0.99994844198226929,0.000074384
2,3,4096,4194304,16777216,7,reverse,post,1573,16776337,0.99994760751724243,0.000075588
2,3,4096,4194304,16777216,7,reverse,post,1574,16776318,0.99994647502899170,0.000077222
2,3,4096,4194304,16777216,7,reverse,post,1575,16776298,0.99994528293609619,0.000078942
2,3,4096,4194304,16777216,7,reverse,post,1576,16776257,0.99994283914566040,0.000082468
2,3,4096,4194304,16777216,7,reverse,post,1577,16776220,0.99994063377380371,0.000085650
2,3,4096,4194304,16777216,7,reverse,post,1578,16776164,0.99993729591369629,0.000090466
2,3,4096,4194304,16777216,7,reverse,post,1579,16776114,0.99993431568145752,0.000094766
2,3,4096,4194304,16777216,7,reverse,post,1580,16776088,0.99993276596069336,0.000097001
2,3,4096,4194304,16777216,7,reverse,post,1581,16776064,0.99993133544921875,0.000099065
2,3,4096,4194304,16777216,7,reverse,post,1582,16776024,0.99992895126342773,0.000102505
2,3,4096,4194304,16777216,7,reverse,post,1583,16775977,0.99992614984512329,0.000106547
2,3,4096,4194304,16777216,7,reverse,post,1584,16775909,0.99992209672927856,0.000112395
2,3,4096,4194304,16777216,7,reverse,post,1585,16775832,0.99991750717163086,0.000119017
2,3,4096,4194304,16777216,7,reverse,post,1586,16775750,0.99991261959075928,0.000126069
2,3,4096,4194304,16777216,7,reverse,post,1587,16775670,0.99990785121917725,0.000132949
2,3,4096,4194304,16777216,7,reverse,post,1588,16775598,0.99990355968475342,0.000139141
2,3,4096,4194304,16777216,7,reverse,post,1589,16775519,0.99989885091781616,0.000145935
2,3,4096,4194304,16777216,7,reverse,post,1590,16775444,0.99989438056945801,0.000152385
2,3,4096,4194304,16777216,7,reverse,post,1591,16775350,0.99988877773284912,0.000160469
2,3,4096,4194304,16777216,7,reverse,post,1592,16775246,0.99988257884979248,0.000169413
2,3,4096,4194304,16777216,7,reverse,post,1593,16775144,0.99987649917602539,0.000178185
2,3,4096,4194304,16777216,7,reverse,post,1594,16775020,0.99986910820007324,0.000188849
2,3,4096,4194304,16777216,7,reverse,post,1595,16774869,0.99986010789871216,0.000201836
2,3,4096,4194304,16777216,7,reverse,post,1596,16774751,0.99985307455062866,0.000211984
2,3,4096,4194304,16777216,7,reverse,post,1597,16774651,0.99984711408615112,0.000220585
2,3,4096,4194304,16777216,7,reverse,post,1598,16774534,0.99984014034271240,0.000230647
2,3,4096,4194304,16777216,7,reverse,post,1599,16774383,0.99983114004135132,0.000243634
2,3,4096,4194304,16777216,7,reverse,post,1600,16774248,0.99982309341430664,0.000255245
2,3,4096,4194304,16777216,7,reverse,post,1601,16774106,0.99981462955474854,0.000267458
2,3,4096,4194304,16777216,7,reverse,post,1602,16773967,0.99980634450912476,0.000279413
2,3,4096,4194304,16777216,7,reverse,post,1603,16773818,0.99979746341705322,0.000292228
2,3,4096,4194304,16777216,7,reverse,post,1604,16773645,0.99978715181350708,0.000307108
2,3,4096,4194304,16777216,7,reverse,post,1605,16773421,0.99977380037307739,0.000326374
2,3,4096,4194304,16777216,7,reverse,post,1606,16773188,0.99975991249084473,0.000346415
2,3,4096,4194304,16777216,7,reverse,post,1607,16772973,0.99974709749221802,0.000364907
2,3,4096,4194304,16777216,7,reverse,post,1608,16772714,0.99973165988922119,0.000387185
2,3,4096,4194304,16777216,7,reverse,post,1609,16772509,0.99971944093704224,0.000404818
2,3,4096,4194304,16777216,7,reverse,post,1610,16772288,0.99970626831054688,0.000423828
2,3,4096,4194304,16777216,7,reverse,post,1611,16772075,0.99969357252120972,0.000442149
2,3,4096,4194304,16777216,7,reverse,post,1612,16771861,0.99968081712722778,0.000460557
2,3,4096,4194304,16777216,7,reverse,post,1613,16771669,0.99966937303543091,0.000477073
2,3,4096,4194304,16777216,7,reverse,post,1614,16771467,0.99965733289718628,0.000494449
2,3,4096,4194304,16777216,7,reverse,post,1615,16771239,0.99964374303817749,0.000514062
2,3,4096,4194304,16777216,7,reverse,post,1616,16771012,0.99963021278381348,0.000533589
2,3,4096,4194304,16777216,7,reverse,post,1617,16770748,0.99961447715759277,0.000556299
2,3,4096,4194304,16777216,7,reverse,post,1618,16770478,0.99959838390350342,0.000579526
2,3,4096,4194304,16777216,7,reverse,post,1619,16770213,0.99958258867263794,0.000602323
2,3,4096,4194304,16777216,7,reverse,post,1620,16769891,0.99956339597702026,0.000630024
2,3,4096,4194304,16777216,7,reverse,post,1621,16769591,0.99954551458358765,0.000655833
2,3,4096,4194304,16777216,7,reverse,post,1622,16769295,0.99952787160873413,0.000681298
2,3,4096,4194304,16777216,7,reverse,post,1623,16768959,0.99950784444808960,0.000710205
2,3,4096,4194304,16777216,7,reverse,post,1624,16768605,0.99948674440383911,0.000740661
2,3,4096,4194304,16777216,7,reverse,post,1625,16768250,0.99946558475494385,0.000771204
2,3,4096,4194304,16777216,7,reverse,post,1626,16767853,0.99944192171096802,0.000805362
2,3,4096,4194304,16777216,7,reverse,post,1627,16767396,0.99941468238830566,0.000844682
2,3,4096,4194304,16777216,7,reverse,post,1628,16766847,0.99938195943832397,0.000891920
2,3,4096,4194304,16777216,7,reverse,post,1629,16766298,0.99934923648834229,0.000939159
2,3,4096,4194304,16777216,7,reverse,post,1630,16765782,0.99931848049163818,0.000983560
2,3,4096,4194304,16777216,7,reverse,post,1631,16765272,0.99928808212280273,0.001027446
2,3,4096,4194304,16777216,7,reverse,post,1632,16764795,0.99925965070724487,0.001068494
2,3,4096,4194304,16777216,7,reverse,post,1633,16764338,0.99923241138458252,0.001107822
2,3,4096,4194304,16777216,7,reverse,post,1634,16763845,0.99920302629470825,0.001150248
2,3,4096,4194304,16777216,7,reverse,post,1635,16763371,0.99917477369308472,0.001191041
2,3,4096,4194304,16777216,7,reverse,post,1636,16762815,0.99914163351058960,0.001238893
2,3,4096,4194304,16777216,7,reverse,post,1637,16762271,0.99910920858383179,0.001285713
2,3,4096,4194304,16777216,7,reverse,post,1638,16761758,0.99907863140106201,0.001329867
2,3,4096,4194304,16777216,7,reverse,post,1639,16761221,0.99904662370681763,0.001376087
2,3,4096,4194304,16777216,7,reverse,post,1640,16760740,0.99901795387268066,0.001417489
2,3,4096,4194304,16777216,7,reverse,post,1641,16760194,0.99898540973663330,0.001464487
2,3,4096,4194304,16777216,7,reverse,post,1642,16759557,0.99894744157791138,0.001519321
2,3,4096,4194304,16777216,7,reverse,post,1643,16758907,0.99890869855880737,0.001575275
2,3,4096,4194304,16777216,7,reverse,post,1644,16758260,0.99887013435363770,0.001630973
2,3,4096,4194304,16777216,7,reverse,post,1645,16757508,0.99882531166076660,0.001695713
2,3,4096,4194304,16777216,7,reverse,post,1646,16756633,0.99877315759658813,0.001771046
2,3,4096,4194304,16777216,7,reverse,post,1647,16755664,0.99871540069580078,0.001854476
2,3,4096,4194304,16777216,7,reverse,post,1648,16754738,0.99866020679473877,0.001934209
2,3,4096,4194304,16777216,7,reverse,post,1649,16753778,0.99860298633575439,0.002016874
2,3,4096,4194304,16777216,7,reverse,post,1650,16752770,0.99854290485382080,0.002103677
2,3,4096,4194304,16777216,7,reverse,post,1651,16751722,0.99848043918609619,0.002193930
2,3,4096,4194304,16777216,7,reverse,post,1652,16750568,0.99841165542602539,0.002293319
2,3,4096,4194304,16777216,7,reverse,post,1653,16749488,0.99834728240966797,0.002386340
2,3,4096,4194304,16777216,7,reverse,post,1654,16748296,0.99827623367309570,0.002489015
2,3,4096,4194304,16777216,7,reverse,post,1655,16747012,0.99819970130920410,0.002599623
2,3,4096,4194304,16777216,7,reverse,post,1656,16745743,0.99812406301498413,0.002708947
2,3,4096,4194304,16777216,7,reverse,post,1657,16744412,0.99804472923278809,0.002823621
2,3,4096,4194304,16777216,7,reverse,post,1658,16743022,0.99796187877655029,0.002943388
2,3,4096,4194304,16777216,7,reverse,post,1659,16741614,0.99787795543670654,0.003064716
2,3,4096,4194304,16777216,7,reverse,post,1660,16740206,0.99779403209686279,0.003186054
2,3,4096,4194304,16777216,7,reverse,post,1661,16738898,0.99771606922149658,0.003298784
2,3,4096,4194304,16777216,7,reverse,post,1662,16737490,0.99763214588165283,0.003420142
2,3,4096,4194304,16777216,7,reverse,post,1663,16736017,0.99754434823989868,0.003547114
2,3,4096,4194304,16777216,7,reverse,post,1664,16734418,0.99744904041290283,0.003684959
2,3,4096,4194304,16777216,7,reverse,post,1665,16732637,0.99734288454055786,0.003838509
2,3,4096,4194304,16777216,7,reverse,post,1666,16730852,0.99723649024963379,0.003992421
2,3,4096,4194304,16777216,7,reverse,post,1667,16728998,0.99712598323822021,0.004152299
2,3,4096,4194304,16777216,7,reverse,post,1668,16727019,0.99700802564620972,0.004322977
2,3,4096,4194304,16777216,7,reverse,post,1669,16725015,0.99688857793807983,0.004495831
2,3,4096,4194304,16777216,7,reverse,post,1670,16722788,0.99675583839416504,0.004687944
2,3,4096,4194304,16777216,7,reverse,post,1671,16720555,0.99662274122238159,0.004880601
2,3,4096,4194304,16777216,7,reverse,post,1672,16718155,0.99647969007492065,0.005087694
2,3,4096,4194304,16777216,7,reverse,post,1673,16715780,0.99633812904357910,0.005292660
2,3,4096,4194304,16777216,7,reverse,post,1674,16713257,0.99618774652481079,0.005510429
2,3,4096,4194304,16777216,7,reverse,post,1675,16710826,0.99604284763336182,0.005720290
2,3,4096,4194304,16777216,7,reverse,post,1676,16708270,0.99589049816131592,0.005940974
2,3,4096,4194304,16777216,7,reverse,post,1677,16705517,0.99572640657424927,0.006178704
2,3,4096,4194304,16777216,7,reverse,post,1678,16702961,0.99557405710220337,0.006399458
2,3,4096,4194304,16777216,7,reverse,post,1679,16700256,0.99541282653808594,0.006633118
2,3,4096,4194304,16777216,7,reverse,post,1680,16697366,0.99524056911468506,0.006882799
2,3,4096,4194304,16777216,7,reverse,post,1681,16694424,0.99506521224975586,0.007137018
2,3,4096,4194304,16777216,7,reverse,post,1682,16691368,0.99488306045532227,0.007401135
2,3,4096,4194304,16777216,7,reverse,post,1683,16688235,0.99469631910324097,0.007671957
2,3,4096,4194304,16777216,7,reverse,post,1684,16684976,0.99450206756591797,0.007953724
2,3,4096,4194304,16777216,7,reverse,post,1685,16681556,0.99429821968078613,0.008249471
2,3,4096,4194304,16777216,7,reverse,post,1686,16678094,0.99409186840057373,0.008548911
2,3,4096,4194304,16777216,7,reverse,post,1687,16674413,0.99387246370315552,0.008867362
2,3,4096,4194304,16777216,7,reverse,post,1688,16670604,0.99364542961120605,0.009196960
2,3,4096,4194304,16777216,7,reverse,post,1689,16666530,0.99340260028839111,0.009549572
2,3,4096,4194304,16777216,7,reverse,post,1690,16662319,0.99315160512924194,0.009914132
2,3,4096,4194304,16777216,7,reverse,post,1691,16658009,0.99289470911026001,0.010287359
2,3,4096,4194304,16777216,7,reverse,post,1692,16653608,0.99263238906860352,0.010668565
2,3,4096,4194304,16777216,7,reverse,post,1693,16649063,0.99236148595809937,0.011062350
2,3,4096,4194304,16777216,7,reverse,post,1694,16644385,0.99208265542984009,0.011467771
2,3,4096,4194304,16777216,7,reverse,post,1695,16639494,0.99179112911224365,0.011891773
2,3,4096,4194304,16777216,7,reverse,post,1696,16634478,0.99149215221405029,0.012326742
2,3,4096,4194304,16777216,7,reverse,post,1697,16629342,0.99118602275848389,0.012772251
2,3,4096,4194304,16777216,7,reverse,post,1698,16623678,0.99084842205047607,0.013263721
2,3,4096,4194304,16777216,7,reverse,post,1699,16617812,0.99049878120422363,0.013772895
2,3,4096,4194304,16777216,7,reverse,post,1700,16611774,0.99013888835906982,0.014297186
2,3,4096,4194304,16777216,7,reverse,post,1701,16605901,0.98978883028030396,0.014807333
2,3,4096,4194304,16777216,7,reverse,post,1702,16599604,0.98941349983215332,0.015354511
2,3,4096,4194304,16777216,7,reverse,post,1703,16593263,0.98903554677963257,0.015905721
2,3,4096,4194304,16777216,7,reverse,post,1704,16586479,0.98863118886947632,0.016495674
2,3,4096,4194304,16777216,7,reverse,post,1705,16579335,0.98820537328720093,0.017117195
2,3,4096,4194304,16777216,7,reverse,post,1706,16572153,0.98777729272842407,0.017742291
2,3,4096,4194304,16777216,7,reverse,post,1707,16564712,0.98733377456665039,0.018390215
2,3,4096,4194304,16777216,7,reverse,post,1708,16557433,0.98689991235733032,0.019024315
2,3,4096,4194304,16777216,7,reverse,post,1709,16549928,0.98645257949829102,0.019678395
2,3,4096,4194304,16777216,7,reverse,post,1710,16542051,0.98598307371139526,0.020365215
2,3,4096,4194304,16777216,7,reverse,post,1711,16534304,0.98552131652832031,0.021041018
2,3,4096,4194304,16777216,7,reverse,post,1712,16526432,0.98505210876464844,0.021728050
2,3,4096,4194304,16777216,7,reverse,post,1713,16518384,0.98457241058349609,0.022430782
2,3,4096,4194304,16777216,7,reverse,post,1714,16509977,0.98407131433486938,0.023165225
2,3,4096,4194304,16777216,7,reverse,post,1715,16501441,0.98356252908706665,0.023911321
2,3,4096,4194304,16777216,7,reverse,post,1716,16492716,0.98304247856140137,0.024674336
2,3,4096,4194304,16777216,7,reverse,post,1717,16483873,0.98251539468765259,0.025448082
2,3,4096,4194304,16777216,7,reverse,post,1718,16474371,0.98194903135299683,0.026279952
2,3,4096,4194304,16777216,7,reverse,post,1719,16464865,0.98138242959976196,0.027112653
2,3,4096,4194304,16777216,7,reverse,post,1720,16454874,0.98078691959381104,0.027988356
2,3,4096,4194304,16777216,7,reverse,post,1721,16444745,0.98018318414688110,0.028876699
2,3,4096,4194304,16777216,7,reverse,post,1722,16434324,0.97956204414367676,0.029791221
2,3,4096,4194304,16777216,7,reverse,post,1723,16423678,0.97892749309539795,0.030726088
2,3,4096,4194304,16777216,7,reverse,post,1724,16412833,0.97828108072280884,0.031679054
2,3,4096,4194304,16777216,7,reverse,post,1725,16401590,0.97761094570159912,0.032667657
2,3,4096,4194304,16777216,7,reverse,post,1726,16389939,0.97691649198532104,0.033692851
2,3,4096,4194304,16777216,7,reverse,post,1727,16378067,0.97620886564254761,0.034738241
2,3,4096,4194304,16777216,7,reverse,post,1728,16366027,0.97549122571945190,0.035799199
2,3,4096,4194304,16777216,7,reverse,post,1729,16353823,0.97476381063461304,0.036875405
2,3,4096,4194304,16777216,7,reverse,post,1730,16340960,0.97399711608886719,0.038010594
2,3,4096,4194304,16777216,7,reverse,post,1731,16327843,0.97321528196334839,0.039169120
2,3,4096,4194304,16777216,7,reverse,post,1732,16314362,0.97241175174713135,0.040360766
2,3,4096,4194304,16777216,7,reverse,post,1733,16300363,0.97157734632492065,0.041599243
2,3,4096,4194304,16777216,7,reverse,post,1734,16285891,0.97071474790573120,0.042880684
2,3,4096,4194304,16777216,7,reverse,post,1735,16270937,0.96982342004776001,0.044206001
2,3,4096,4194304,16777216,7,reverse,post,1736,16255726,0.96891677379608154,0.045555346
2,3,4096,4194304,16777216,7,reverse,post,1737,16239856,0.96797084808349609,0.046964496
2,3,4096,4194304,16777216,7,reverse,post,1738,16223967,0.96702378988265991,0.048376713
2,3,4096,4194304,16777216,7,reverse,post,1739,16207260,0.96602797508239746,0.049863126
2,3,4096,4194304,16777216,7,reverse,post,1740,16190161,0.96500879526138306,0.051386003
2,3,4096,4194304,16777216,7,reverse,post,1741,16172377,0.96394878625869751,0.052971595
2,3,4096,4194304,16777216,7,reverse,post,1742,16154293,0.96287089586257935,0.054585724
2,3,4096,4194304,16777216,7,reverse,post,1743,16136249,0.96179538965225220,0.056198084
2,3,4096,4194304,16777216,7,reverse,post,1744,16117637,0.96068602800369263,0.057863089
2,3,4096,4194304,16777216,7,reverse,post,1745,16099078,0.95957982540130615,0.059525269
2,3,4096,4194304,16777216,7,reverse,post,1746,16079338,0.95840322971343994,0.061295325
2,3,4096,4194304,16777216,7,reverse,post,1747,16058873,0.95718342065811157,0.063132687
2,3,4096,4194304,16777216,7,reverse,post,1748,16037399,0.95590347051620483,0.065063156
2,3,4096,4194304,16777216,7,reverse,post,1749,16015147,0.95457714796066284,0.067066295
2,3,4096,4194304,16777216,7,reverse,post,1750,15991957,0.95319491624832153,0.069156838
2,3,4096,4194304,16777216,7,reverse,post,1751,15968228,0.95178055763244629,0.071299111
2,3,4096,4194304,16777216,7,reverse,post,1752,15943920,0.95033168792724609,0.073496959
2,3,4096,4194304,16777216,7,reverse,post,1753,15919734,0.94889008998870850,0.075687105
2,3,4096,4194304,16777216,7,reverse,post,1754,15895408,0.94744014739990234,0.077893288
2,3,4096,4194304,16777216,7,reverse,post,1755,15870596,0.94596123695373535,0.080147028
2,3,4096,4194304,16777216,7,reverse,post,1756,15845472,0.94446372985839844,0.082432701
2,3,4096,4194304,16777216,7,reverse,post,1757,15819573,0.94292002916336060,0.084792677
2,3,4096,4194304,16777216,7,reverse,post,1758,15793163,0.94134587049484253,0.087203198
2,3,4096,4194304,16777216,7,reverse,post,1759,15766370,0.93974888324737549,0.089652799
2,3,4096,4194304,16777216,7,reverse,post,1760,15738583,0.93809264898300171,0.092197680
2,3,4096,4194304,16777216,7,reverse,post,1761,15710501,0.93641883134841919,0.094774148
2,3,4096,4194304,16777216,7,reverse,post,1762,15681423,0.93468564748764038,0.097446854
2,3,4096,4194304,16777216,7,reverse,post,1763,15652294,0.93294942378997803,0.100129222
2,3,4096,4194304,16777216,7,reverse,post,1764,15622447,0.93117040395736694,0.102882890
2,3,4096,4194304,16777216,7,reverse,post,1765,15592184,0.92936658859252930,0.105680315
2,3,4096,4194304,16777216,7,reverse,post,1766,15560838,0.92749822139739990,0.108583580
2,3,4096,4194304,16777216,7,reverse,post,1767,15528795,0.92558830976486206,0.111557452
2,3,4096,4194304,16777216,7,reverse,post,1768,15496297,0.92365127801895142,0.114579826
2,3,4096,4194304,16777216,7,reverse,post,1769,15463580,0.92170119285583496,0.117628977
2,3,4096,4194304,16777216,7,reverse,post,1770,15430332,0.91971945762634277,0.120734232
2,3,4096,4194304,16777216,7,reverse,post,1771,15396417,0.91769796609878540,0.123908685
2,3,4096,4194304,16777216,7,reverse,post,1772,15361957,0.91564399003982544,0.127141319
2,3,4096,4194304,16777216,7,reverse,post,1773,15326863,0.91355222463607788,0.130440890
2,3,4096,4194304,16777216,7,reverse,post,1774,15291424,0.91143989562988281,0.133780573
2,3,4096,4194304,16777216,7,reverse,post,1775,15255733,0.90931254625320435,0.137151836
2,3,4096,4194304,16777216,7,reverse,post,1776,15219633,0.90716081857681274,0.140569765
2,3,4096,4194304,16777216,7,reverse,post,1777,15182450,0.90494453907012939,0.144098718
2,3,4096,4194304,16777216,7,reverse,post,1778,15144748,0.90269732475280762,0.147685763
2,3,4096,4194304,16777216,7,reverse,post,1779,15106623,0.90042489767074585,0.151322146
2,3,4096,4194304,16777216,7,reverse,post,1780,15068044,0.89812541007995605,0.155011185
2,3,4096,4194304,16777216,7,reverse,post,1781,15029117,0.89580518007278442,0.158743086
2,3,4096,4194304,16777216,7,reverse,post,1782,14989208,0.89342641830444336,0.162579180
2,3,4096,4194304,16777216,7,reverse,post,1783,14948565,0.89100390672683716,0.166496337
2,3,4096,4194304,16777216,7,reverse,post,1784,14908012,0.88858675956726074,0.170415450
2,3,4096,4194304,16777216,7,reverse,post,1785,14866510,0.88611304759979248,0.174437330
2,3,4096,4194304,16777216,7,reverse,post,1786,14823386,0.88354265689849854,0.178628306
2,3,4096,4194304,16777216,7,reverse,post,1787,14779975,0.88095515966415405,0.182859507
2,3,4096,4194304,16777216,7,reverse,post,1788,14735974,0.87833249568939209,0.187160915
2,3,4096,4194304,16777216,7,reverse,post,1789,14690908,0.87564635276794434,0.191579769
2,3,4096,4194304,16777216,7,reverse,post,1790,14645628,0.87294745445251465,0.196033279
2,3,4096,4194304,16777216,7,reverse,post,1791,14599203,0.87018030881881714,0.200613724
2,3,4096,4194304,16777216,7,reverse,post,1792,14552359,0.86738818883895874,0.205250297
2,3,4096,4194304,16777216,7,reverse,post,1793,14504835,0.86455553770065308,0.209969452
2,3,4096,4194304,16777216,7,reverse,post,1794,14456443,0.86167114973068237,0.214790714
2,3,4096,4194304,16777216,7,reverse,post,1795,14408207,0.85879606008529663,0.219612522
2,3,4096,4194304,16777216,7,reverse,post,1796,14359157,0.85587245225906372,0.224532282
2,3,4096,4194304,16777216,7,reverse,post,1797,14309631,0.85292047262191772,0.229516866
2,3,4096,4194304,16777216,7,reverse,post,1798,14260065,0.84996610879898071,0.234522778
2,3,4096,4194304,16777216,7,reverse,post,1799,14209722,0.84696543216705322,0.239625006
2,3,4096,4194304,16777216,7,reverse,post,1800,14158478,0.84391105175018311,0.244837148
2,3,4096,4194304,16777216,7,reverse,post,1801,14106222,0.84079635143280029,0.250171686
2,3,4096,4194304,16777216,7,reverse,post,1802,14054227,0.83769720792770386,0.255499230
2,3,4096,4194304,16777216,7,reverse,post,1803,14001104,0.83453083038330078,0.260962746
2,3,4096,4194304,16777216,7,reverse,post,1804,13947292,0.83132338523864746,0.266518300
2,3,4096,4194304,16777216,7,reverse,post,1805,13893294,0.82810485363006592,0.272114643
2,3,4096,4194304,16777216,7,reverse,post,1806,13838614,0.82484567165374756,0.277803878
2,3,4096,4194304,16777216,7,reverse,post,1807,13783404,0.82155489921569824,0.283571110
2,3,4096,4194304,16777216,7,reverse,post,1808,13727750,0.81823766231536865,0.289408151
2,3,4096,4194304,16777216,7,reverse,post,1809,13671591,0.81489032506942749,0.295322193
2,3,4096,4194304,16777216,7,reverse,post,1810,13614863,0.81150907278060913,0.301320870
2,3,4096,4194304,16777216,7,reverse,post,1811,13556718,0.80804336071014404,0.307495383
2,3,4096,4194304,16777216,7,reverse,post,1812,13497597,0.80451947450637817,0.313800751
2,3,4096,4194304,16777216,7,reverse,post,1813,13438324,0.80098652839660645,0.320150116
2,3,4096,4194304,16777216,7,reverse,post,1814,13378706,0.79743301868438721,0.326564752
2,3,4096,4194304,16777216,7,reverse,post,1815,13318304,0.79383277893066406,0.333092960
2,3,4096,4194304,16777216,7,reverse,post,1816,13257999,0.79023832082748413,0.339640287
2,3,4096,4194304,16777216,7,reverse,post,1817,13196955,0.78659981489181519,0.346298248
2,3,4096,4194304,16777216,7,reverse,post,1818,13134620,0.78288435935974121,0.353128874
2,3,4096,4194304,16777216,7,reverse,post,1819,13072229,0.77916556596755981,0.359998174
2,3,4096,4194304,16777216,7,reverse,post,1820,13009009,0.77539736032485962,0.366992271
2,3,4096,4194304,16777216,7,reverse,post,1821,12945120,0.77158927917480469,0.374094997
2,3,4096,4194304,16777216,7,reverse,post,1822,12880577,0.76774221658706665,0.381306114
2,3,4096,4194304,16777216,7,reverse,post,1823,12815170,0.76384365558624268,0.388650719
2,3,4096,4194304,16777216,7,reverse,post,1824,12749117,0.75990658998489380,0.396106006
2,3,4096,4194304,16777216,7,reverse,post,1825,12682337,0.75592619180679321,0.403682717
2,3,4096,4194304,16777216,7,reverse,post,1826,12615068,0.75191664695739746,0.411355353
2,3,4096,4194304,16777216,7,reverse,post,1827,12547163,0.74786919355392456,0.419142138
2,3,4096,4194304,16777216,7,reverse,post,1828,12479123,0.74381369352340698,0.426986787
2,3,4096,4194304,16777216,7,reverse,post,1829,12410007,0.73969405889511108,0.434999407
2,3,4096,4194304,16777216,7,reverse,post,1830,12341188,0.73559212684631348,0.443022056
2,3,4096,4194304,16777216,7,reverse,post,1831,12272548,0.73150086402893066,0.451068526
2,3,4096,4194304,16777216,7,reverse,post,1832,12203824,0.72740459442138672,0.459170057
2,3,4096,4194304,16777216,7,reverse,post,1833,12134513,0.72327333688735962,0.467387126
2,3,4096,4194304,16777216,7,reverse,post,1834,12064553,0.71910339593887329,0.475728872
2,3,4096,4194304,16777216,7,reverse,post,1835,11994102,0.71490418910980225,0.484178189
2,3,4096,4194304,16777216,7,reverse,post,1836,11923180,0.71067690849304199,0.492734271
2,3,4096,4194304,16777216,7,reverse,post,1837,11852204,0.70644640922546387,0.501347973
2,3,4096,4194304,16777216,7,reverse,post,1838,11780137,0.70215088129043579,0.510147018
2,3,4096,4194304,16777216,7,reverse,post,1839,11707653,0.69783049821853638,0.519051444
2,3,4096,4194304,16777216,7,reverse,post,1840,11634181,0.69345122575759888,0.528133681
2,3,4096,4194304,16777216,7,reverse,post,1841,11561363,0.68911093473434448,0.537191845
2,3,4096,4194304,16777216,7,reverse,post,1842,11488373,0.68476039171218872,0.546328840
2,3,4096,4194304,16777216,7,reverse,post,1843,11414826,0.68037664890289307,0.555594468
2,3,4096,4194304,16777216,7,reverse,post,1844,11339965,0.67591458559036255,0.565087148
2,3,4096,4194304,16777216,7,reverse,post,1845,11265712,0.67148876190185547,0.574564840
2,3,4096,4194304,16777216,7,reverse,post,1846,11190532,0.66700768470764160,0.584224712
2,3,4096,4194304,16777216,7,reverse,post,1847,11115009,0.66250616312026978,0.593994219
2,3,4096,4194304,16777216,7,reverse,post,1848,11038813,0.65796452760696411,0.603918288
2,3,4096,4194304,16777216,7,reverse,post,1849,10961699,0.65336817502975464,0.614031911
2,3,4096,4194304,16777216,7,reverse,post,1850,10885343,0.64881700277328491,0.624116468
2,3,4096,4194304,16777216,7,reverse,post,1851,10808033,0.64420896768569946,0.634399351
2,3,4096,4194304,16777216,7,reverse,post,1852,10730417,0.63958269357681274,0.644797193
2,3,4096,4194304,16777216,7,reverse,post,1853,10652988,0.63496756553649902,0.655245195
2,3,4096,4194304,16777216,7,reverse,post,1854,10574776,0.63030576705932617,0.665876232
2,3,4096,4194304,16777216,7,reverse,post,1855,10496938,0.62566626071929932,0.676534787
2,3,4096,4194304,16777216,7,reverse,post,1856,10418557,0.62099438905715942,0.687347862
2,3,4096,4194304,16777216,7,reverse,post,1857,10340021,0.61631327867507935,0.698264220
2,3,4096,4194304,16777216,7,reverse,post,1858,10261405,0.61162739992141724,0.709275056
2,3,4096,4194304,16777216,7,reverse,post,1859,10183139,0.60696238279342651,0.720320988
2,3,4096,4194304,16777216,7,reverse,post,1860,10104163,0.60225504636764526,0.731553518
2,3,4096,4194304,16777216,7,reverse,post,1861,10024965,0.59753447771072388,0.742906136
2,3,4096,4194304,16777216,7,reverse,post,1862,9945565,0.59280186891555786,0.754378099
2,3,4096,4194304,16777216,7,reverse,post,1863,9866731,0.58810299634933472,0.765859254
2,3,4096,4194304,16777216,7,reverse,post,1864,9787725,0.58339387178421021,0.777457863
2,3,4096,4194304,16777216,7,reverse,post,1865,9709499,0.57873123884201050,0.789034575
2,3,4096,4194304,16777216,7,reverse,post,1866,9630743,0.57403701543807983,0.800784326
2,3,4096,4194304,16777216,7,reverse,post,1867,9552070,0.56934773921966553,0.812618022
2,3,4096,4194304,16777216,7,reverse,post,1868,9472855,0.56462615728378296,0.824632129
2,3,4096,4194304,16777216,7,reverse,post,1869,9392717,0.55984956026077271,0.836888889
2,3,4096,4194304,16777216,7,reverse,post,1870,9312593,0.55507379770278931,0.849248503
2,3,4096,4194304,16777216,7,reverse,post,1871,9232614,0.55030667781829834,0.861692259
2,3,4096,4194304,16777216,7,reverse,post,1872,9152552,0.54553461074829102,0.874257365
2,3,4096,4194304,16777216,7,reverse,post,1873,9072825,0.54078251123428345,0.886879599
2,3,4096,4194304,16777216,7,reverse,post,1874,8993314,0.53604328632354736,0.899578590
2,3,4096,4194304,16777216,7,reverse,post,1875,8913843,0.53130644559860229,0.912383880
2,3,4096,4194304,16777216,7,reverse,post,1876,8834545,0.52657991647720337,0.925275596
2,3,4096,4194304,16777216,7,reverse,post,1877,8755340,0.52185893058776855,0.938268226
2,3,4096,4194304,16777216,7,reverse,post,1878,8675831,0.51711982488632202,0.951429480
2,3,4096,4194304,16777216,7,reverse,post,1879,8596786,0.51240837574005127,0.964634037
2,3,4096,4194304,16777216,7,reverse,post,1880,8518481,0.50774103403091431,0.977835236
2,3,4096,4194304,16777216,7,reverse,post,1881,8440150,0.50307214260101318,0.991162792
2,3,4096,4194304,16777216,7,reverse,post,1882,8362558,0.49844729900360107,1.004487119
2,3,4096,4194304,16777216,7,reverse,post,1883,8284171,0.49377506971359253,1.018074097
2,3,4096,4194304,16777216,7,reverse,post,1884,8206180,0.48912644386291504,1.031720631
2,3,4096,4194304,16777216,7,reverse,post,1885,8127792,0.48445415496826172,1.045567948
2,3,4096,4194304,16777216,7,reverse,post,1886,8050183,0.47982829809188843,1.059409851
2,3,4096,4194304,16777216,7,reverse,post,1887,7972458,0.47519552707672119,1.073406838
2,3,4096,4194304,16777216,7,reverse,post,1888,7894974,0.47057712078094482,1.087496916
2,3,4096,4194304,16777216,7,reverse,post,1889,7816773,0.46591597795486450,1.101858288
2,3,4096,4194304,16777216,7,reverse,post,1890,7738939,0.46127671003341675,1.116295643
2,3,4096,4194304,16777216,7,reverse,post,1891,7661288,0.45664834976196289,1.130844475
2,3,4096,4194304,16777216,7,reverse,post,1892,7583228,0.45199561119079590,1.145619331
2,3,4096,4194304,16777216,7,reverse,post,1893,7505353,0.44735389947891235,1.160511503
2,3,4096,4194304,16777216,7,reverse,post,1894,7428350,0.44276416301727295,1.175389639
2,3,4096,4194304,16777216,7,reverse,post,1895,7351679,0.43819421529769897,1.190357656
2,3,4096,4194304,16777216,7,reverse,post,1896,7274536,0.43359613418579102,1.205576201
2,3,4096,4194304,16777216,7,reverse,post,1897,7198227,0.42904776334762573,1.220789832
2,3,4096,4194304,16777216,7,reverse,post,1898,7122618,0.42454111576080322,1.236023813
2,3,4096,4194304,16777216,7,reverse,post,1899,7046983,0.42003291845321655,1.251425697
2,3,4096,4194304,16777216,7,reverse,post,1900,6971725,0.41554719209671021,1.266915767
2,3,4096,4194304,16777216,7,reverse,post,1901,6895992,0.41103315353393555,1.282673330
2,3,4096,4194304,16777216,7,reverse,post,1902,6820295,0.40652126073837280,1.298597289
2,3,4096,4194304,16777216,7,reverse,post,1903,6744661,0.40201312303543091,1.314685498
2,3,4096,4194304,16777216,7,reverse,post,1904,6669610,0.39753973484039307,1.330829027
2,3,4096,4194304,16777216,7,reverse,post,1905,6595100,0.39309859275817871,1.347036896
2,3,4096,4194304,16777216,7,reverse,post,1906,6521556,0.38871502876281738,1.363215208
2,3,4096,4194304,16777216,7,reverse,post,1907,6448372,0.38435292243957520,1.379496457
2,3,4096,4194304,16777216,7,reverse,post,1908,6374941,0.37997609376907349,1.396019441
2,3,4096,4194304,16777216,7,reverse,post,1909,6302247,0.37564319372177124,1.412565133
2,3,4096,4194304,16777216,7,reverse,post,1910,6229783,0.37132400274276733,1.429249519
2,3,4096,4194304,16777216,7,reverse,post,1911,6157601,0.36702162027359009,1.446063044
2,3,4096,4194304,16777216,7,reverse,post,1912,6085704,0.36273622512817383,1.463007266
2,3,4096,4194304,16777216,7,reverse,post,1913,6013902,0.35845649242401123,1.480130072
2,3,4096,4194304,16777216,7,reverse,post,1914,5943166,0.35424029827117920,1.497199753
2,3,4096,4194304,16777216,7,reverse,post,1915,5871963,0.34999626874923706,1.514588553
2,3,4096,4194304,16777216,7,reverse,post,1916,5800858,0.34575808048248291,1.532165127
2,3,4096,4194304,16777216,7,reverse,post,1917,5729935,0.34153074026107788,1.549912657
2,3,4096,4194304,16777216,7,reverse,post,1918,5659161,0.33731228113174438,1.567843249
2,3,4096,4194304,16777216,7,reverse,post,1919,5589508,0.33316063880920410,1.585710131
2,3,4096,4194304,16777216,7,reverse,post,1920,5519095,0.32896369695663452,1.603999712
2,3,4096,4194304,16777216,7,reverse,post,1921,5449412,0.32481026649475098,1.622330861
2,3,4096,4194304,16777216,7,reverse,post,1922,5379981,0.32067185640335083,1.640830353
2,3,4096,4194304,16777216,7,reverse,post,1923,5311253,0.31657534837722778,1.659379177
2,3,4096,4194304,16777216,7,reverse,post,1924,5242461,0.31247502565383911,1.678187207
2,3,4096,4194304,16777216,7,reverse,post,1925,5174273,0.30841070413589478,1.697075257
2,3,4096,4194304,16777216,7,reverse,post,1926,5106211,0.30435389280319214,1.716178276
2,3,4096,4194304,16777216,7,reverse,post,1927,5038449,0.30031496286392212,1.735451738
2,3,4096,4194304,16777216,7,reverse,post,1928,4972084,0.29635930061340332,1.754580761
2,3,4096,4194304,16777216,7,reverse,post,1929,4906939,0.29247635602951050,1.773608094
2,3,4096,4194304,16777216,7,reverse,post,1930,4842544,0.28863811492919922,1.792666273
2,3,4096,4194304,16777216,7,reverse,post,1931,4778668,0.28483080863952637,1.811822891
2,3,4096,4194304,16777216,7,reverse,post,1932,4716238,0.28110969066619873,1.830794906
2,3,4096,4194304,16777216,7,reverse,post,1933,4653617,0.27737718820571899,1.850078951
2,3,4096,4194304,16777216,7,reverse,post,1934,4591316,0.27366375923156738,1.869523701
2,3,4096,4194304,16777216,7,reverse,post,1935,4529025,0.26995092630386353,1.889230928
2,3,4096,4194304,16777216,7,reverse,post,1936,4467128,0.26626157760620117,1.909083837
2,3,4096,4194304,16777216,7,reverse,post,1937,4406138,0.26262629032135010,1.928916750
2,3,4096,4194304,16777216,7,reverse,post,1938,4345552,0.25901508331298828,1.948891982
2,3,4096,4194304,16777216,7,reverse,post,1939,4285415,0.25543063879013062,1.968996509
2,3,4096,4194304,16777216,7,reverse,post,1940,4225803,0.25187748670578003,1.989205918
2,3,4096,4194304,16777216,7,reverse,post,1941,4167296,0.24839019775390625,2.009319853
2,3,4096,4194304,16777216,7,reverse,post,1942,4109183,0.24492639303207397,2.029579849
2,3,4096,4194304,16777216,7,reverse,post,1943,4051564,0.24149203300476074,2.049952501
2,3,4096,4194304,16777216,7,reverse,post,1944,3995077,0.23812514543533325,2.070208121
2,3,4096,4194304,16777216,7,reverse,post,1945,3939038,0.23478496074676514,2.090588096
2,3,4096,4194304,16777216,7,reverse,post,1946,3883362,0.23146641254425049,2.111125232
2,3,4096,4194304,16777216,7,reverse,post,1947,3827547,0.22813957929611206,2.132011337
2,3,4096,4194304,16777216,7,reverse,post,1948,3772139,0.22483700513839722,2.153048592
2,3,4096,4194304,16777216,7,reverse,post,1949,3717407,0.22157472372055054,2.174134780
2,3,4096,4194304,16777216,7,reverse,post,1950,3663421,0.21835690736770630,2.195239926
2,3,4096,4194304,16777216,7,reverse,post,1951,3609796,0.21516060829162598,2.216514122
2,3,4096,4194304,16777216,7,reverse,post,1952,3556172,0.21196436882019043,2.238106327
2,3,4096,4194304,16777216,7,reverse,post,1953,3503248,0.20880985260009766,2.259738308
2,3,4096,4194304,16777216,7,reverse,post,1954,3451123,0.20570296049118042,2.281365538
2,3,4096,4194304,16777216,7,reverse,post,1955,3398993,0.20259577035903931,2.303324040
2,3,4096,4194304,16777216,7,reverse,post,1956,3347694,0.19953811168670654,2.325263768
2,3,4096,4194304,16777216,7,reverse,post,1957,3296954,0.19651377201080322,2.347297672
2,3,4096,4194304,16777216,7,reverse,post,1958,3247203,0.19354838132858276,2.369233853
2,3,4096,4194304,16777216,7,reverse,post,1959,3197466,0.19058382511138916,2.391502412
2,3,4096,4194304,16777216,7,reverse,post,1960,3147972,0.18763375282287598,2.414008722
2,3,4096,4194304,16777216,7,reverse,post,1961,3099314,0.18473351001739502,2.436482505
2,3,4096,4194304,16777216,7,reverse,post,1962,3051271,0.18186992406845093,2.459021111
2,3,4096,4194304,16777216,7,reverse,post,1963,3002980,0.17899155616760254,2.482036564
2,3,4096,4194304,16777216,7,reverse,post,1964,2955948,0.17618823051452637,2.504810540
2,3,4096,4194304,16777216,7,reverse,post,1965,2908870,0.17338216304779053,2.527972608
2,3,4096,4194304,16777216,7,reverse,post,1966,2862065,0.17059236764907837,2.551374993
2,3,4096,4194304,16777216,7,reverse,post,1967,2815840,0.16783714294433594,2.574866070
2,3,4096,4194304,16777216,7,reverse,post,1968,2769941,0.16510134935379028,2.598576184
2,3,4096,4194304,16777216,7,reverse,post,1969,2724577,0.16239744424819946,2.622399167
2,3,4096,4194304,16777216,7,reverse,post,1970,2679192,0.15969228744506836,2.646633457
2,3,4096,4194304,16777216,7,reverse,post,1971,2634936,0.15705442428588867,2.670663510
2,3,4096,4194304,16777216,7,reverse,post,1972,2591793,0.15448290109634399,2.694480932
2,3,4096,4194304,16777216,7,reverse,post,1973,2549231,0.15194600820541382,2.718369321
2,3,4096,4194304,16777216,7,reverse,post,1974,2507313,0.14944750070571899,2.742289325
2,3,4096,4194304,16777216,7,reverse,post,1975,2465857,0.14697653055191040,2.766342293
2,3,4096,4194304,16777216,7,reverse,post,1976,2424832,0.14453125000000000,2.790546634
2,3,4096,4194304,16777216,7,reverse,post,1977,2384529,0.14212900400161743,2.814727102
2,3,4096,4194304,16777216,7,reverse,post,1978,2345292,0.13979029655456543,2.838663874
2,3,4096,4194304,16777216,7,reverse,post,1979,2306156,0.13745760917663574,2.862941323
2,3,4096,4194304,16777216,7,reverse,post,1980,2267786,0.13517057895660400,2.887146924
2,3,4096,4194304,16777216,7,reverse,post,1981,2229906,0.13291275501251221,2.911448535
2,3,4096,4194304,16777216,7,reverse,post,1982,2192123,0.13066071271896362,2.936102681
2,3,4096,4194304,16777216,7,reverse,post,1983,2155036,0.12845015525817871,2.960719461
2,3,4096,4194304,16777216,7,reverse,post,1984,2118326,0.12626206874847412,2.985506801
2,3,4096,4194304,16777216,7,reverse,post,1985,2082406,0.12412106990814209,3.010180057
2,3,4096,4194304,16777216,7,reverse,post,1986,2047528,0.12204217910766602,3.034548250
2,3,4096,4194304,16777216,7,reverse,post,1987,2012821,0.11997348070144653,3.059212551
2,3,4096,4194304,16777216,7,reverse,post,1988,1978894,0.11795127391815186,3.083737095
2,3,4096,4194304,16777216,7,reverse,post,1989,1945455,0.11595815420150757,3.108323821
2,3,4096,4194304,16777216,7,reverse,post,1990,1912503,0.11399406194686890,3.132969420
2,3,4096,4194304,16777216,7,reverse,post,1991,1880433,0.11208254098892212,3.157366527
2,3,4096,4194304,16777216,7,reverse,post,1992,1848480,0.11017799377441406,3.182091997
2,3,4096,4194304,16777216,7,reverse,post,1993,1817189,0.10831290483474731,3.206722953
2,3,4096,4194304,16777216,7,reverse,post,1994,1786331,0.10647362470626831,3.231432000
2,3,4096,4194304,16777216,7,reverse,post,1995,1756408,0.10469007492065430,3.255803420
2,3,4096,4194304,16777216,7,reverse,post,1996,1726372,0.10289978981018066,3.280688060
2,3,4096,4194304,16777216,7,reverse,post,1997,1696295,0.10110706090927124,3.306044342
2,3,4096,4194304,16777216,7,reverse,post,1998,1666972,0.09935927391052246,3.331201559
2,3,4096,4194304,16777216,7,reverse,post,1999,1638278,0.09764897823333740,3.356251241
2,3,4096,4194304,16777216,7,reverse,post,2000,1609583,0.09593862295150757,3.381744458
2,3,4096,4194304,16777216,7,reverse,post,2001,1581320,0.09425401687622070,3.407302086
2,3,4096,4194304,16777216,7,reverse,post,2002,1553770,0.09261190891265869,3.432658469
2,3,4096,4194304,16777216,7,reverse,post,2003,1526082,0.09096157550811768,3.458598947
2,3,4096,4194304,16777216,7,reverse,post,2004,1498781,0.08933430910110474,3.484641837
2,3,4096,4194304,16777216,7,reverse,post,2005,1471869,0.08773022890090942,3.510782157
2,3,4096,4194304,16777216,7,reverse,post,2006,1445242,0.08614313602447510,3.537120344
2,3,4096,4194304,16777216,7,reverse,post,2007,1419089,0.08458429574966431,3.563466358
2,3,4096,4194304,16777216,7,reverse,post,2008,1393962,0.08308660984039307,3.589240197
2,3,4096,4194304,16777216,7,reverse,post,2009,1369521,0.08162981271743774,3.614760042
2,3,4096,4194304,16777216,7,reverse,post,2010,1345263,0.08018392324447632,3.640543182
2,3,4096,4194304,16777216,7,reverse,post,2011,1321516,0.07876849174499512,3.666237538
2,3,4096,4194304,16777216,7,reverse,post,2012,1298100,0.07737278938293457,3.692029904
2,3,4096,4194304,16777216,7,reverse,post,2013,1274760,0.07598161697387695,3.718205775
2,3,4096,4194304,16777216,7,reverse,post,2014,1251736,0.07460927963256836,3.744501111
2,3,4096,4194304,16777216,7,reverse,post,2015,1228986,0.07325327396392822,3.770962949
2,3,4096,4194304,16777216,7,reverse,post,2016,1206653,0.07192212343215942,3.797420574
2,3,4096,4194304,16777216,7,reverse,post,2017,1184714,0.07061445713043213,3.823892608
2,3,4096,4194304,16777216,7,reverse,post,2018,1163060,0.06932377815246582,3.850505906
2,3,4096,4194304,16777216,7,reverse,post,2019,1141608,0.06804513931274414,3.877364081
2,3,4096,4194304,16777216,7,reverse,post,2020,1119960,0.06675481796264648,3.904984224
2,3,4096,4194304,16777216,7,reverse,post,2021,1098645,0.06548434495925903,3.932706140
2,3,4096,4194304,16777216,7,reverse,post,2022,1077860,0.06424546241760254,3.960261628
2,3,4096,4194304,16777216,7,reverse,post,2023,1057252,0.06301712989807129,3.988112141
2,3,4096,4194304,16777216,7,reverse,post,2024,1037182,0.06182086467742920,4.015762357
2,3,4096,4194304,16777216,7,reverse,post,2025,1017350,0.06063878536224365,4.043615334
2,3,4096,4194304,16777216,7,reverse,post,2026,997174,0.05943620204925537,4.072514259
2,3,4096,4194304,16777216,7,reverse,post,2027,977308,0.05825209617614746,4.101546224
2,3,4096,4194304,16777216,7,reverse,post,2028,957607,0.05707782506942749,4.130925827
2,3,4096,4194304,16777216,7,reverse,post,2029,938609,0.05594545602798462,4.159835232
2,3,4096,4194304,16777216,7,reverse,post,2030,919903,0.05483049154281616,4.188877783
2,3,4096,4194304,16777216,7,reverse,post,2031,901026,0.05370533466339111,4.218790789
2,3,4096,4194304,16777216,7,reverse,post,2032,882853,0.05262213945388794,4.248186285
2,3,4096,4194304,16777216,7,reverse,post,2033,864787,0.05154532194137573,4.278014690
2,3,4096,4194304,16777216,7,reverse,post,2034,847366,0.05050694942474365,4.307374283
2,3,4096,4194304,16777216,7,reverse,post,2035,830322,0.04949104785919189,4.336688601
2,3,4096,4194304,16777216,7,reverse,post,2036,813738,0.04850256443023682,4.365795162
2,3,4096,4194304,16777216,7,reverse,post,2037,797503,0.04753488302230835,4.394869580
2,3,4096,4194304,16777216,7,reverse,post,2038,781400,0.04657506942749023,4.424298270
2,3,4096,4194304,16777216,7,reverse,post,2039,765733,0.04564124345779419,4.453518093
2,3,4096,4194304,16777216,7,reverse,post,2040,750630,0.04474103450775146,4.482257575
2,3,4096,4194304,16777216,7,reverse,post,2041,735820,0.04385828971862793,4.511006635
2,3,4096,4194304,16777216,7,reverse,post,2042,721349,0.04299575090408325,4.539662099
2,3,4096,4194304,16777216,7,reverse,post,2043,706985,0.04213958978652954,4.568679920
2,3,4096,4194304,16777216,7,reverse,post,2044,692951,0.04130309820175171,4.597606186
2,3,4096,4194304,16777216,7,reverse,post,2045,678966,0.04046952724456787,4.627020194
2,3,4096,4194304,16777216,7,reverse,post,2046,665202,0.03964912891387939,4.656567019
2,3,4096,4194304,16777216,7,reverse,post,2047,651540,0.03883481025695801,4.686505773
2,3,4096,4194304,16777216,7,reverse,post,2048,637870,0.03802001476287842,4.717097098
2,3,4096,4194304,16777216,7,reverse,post,2049,624749,0.03723794221878052,4.747082838
2,3,4096,4194304,16777216,7,reverse,post,2050,612060,0.03648161888122559,4.776686439
2,3,4096,4194304,16777216,7,reverse,post,2051,599527,0.03573459386825562,4.806534798
2,3,4096,4194304,16777216,7,reverse,post,2052,587229,0.03500157594680786,4.836436309
2,3,4096,4194304,16777216,7,reverse,post,2053,575158,0.03428208827972412,4.866401196
2,3,4096,4194304,16777216,7,reverse,post,2054,563171,0.03356760740280151,4.896786480
2,3,4096,4194304,16777216,7,reverse,post,2055,551211,0.03285473585128784,4.927754847
2,3,4096,4194304,16777216,7,reverse,post,2056,539468,0.03215479850769043,4.958822141
2,3,4096,4194304,16777216,7,reverse,post,2057,528213,0.03148394823074341,4.989239717
2,3,4096,4194304,16777216,7,reverse,post,2058,516758,0.03080117702484131,5.020870707
2,3,4096,4194304,16777216,7,reverse,post,2059,505597,0.03013592958450317,5.052371622
2,3,4096,4194304,16777216,7,reverse,post,2060,494727,0.02948802709579468,5.083726888
2,3,4096,4194304,16777216,7,reverse,post,2061,484025,0.02885013818740845,5.115277961
2,3,4096,4194304,16777216,7,reverse,post,2062,473264,0.02820873260498047,5.147714341
2,3,4096,4194304,16777216,7,reverse,post,2063,462834,0.02758705615997314,5.179864676
2,3,4096,4194304,16777216,7,reverse,post,2064,452717,0.02698403596878052,5.211750043
2,3,4096,4194304,16777216,7,reverse,post,2065,442796,0.02639269828796387,5.243717336
2,3,4096,4194304,16777216,7,reverse,post,2066,432678,0.02578961849212646,5.277065758
2,3,4096,4194304,16777216,7,reverse,post,2067,423049,0.02521568536758423,5.309534751
2,3,4096,4194304,16777216,7,reverse,post,2068,413490,0.02464592456817627,5.342507086
2,3,4096,4194304,16777216,7,reverse,post,2069,404255,0.02409547567367554,5.375093908
2,3,4096,4194304,16777216,7,reverse,post,2070,395264,0.02355957031250000,5.407542963
2,3,4096,4194304,16777216,7,reverse,post,2071,386448,0.02303409576416016,5.440085226
2,3,4096,4194304,16777216,7,reverse,post,2072,378039,0.02253288030624390,5.471824449
2,3,4096,4194304,16777216,7,reverse,post,2073,369504,0.02202415466308594,5.504769543
2,3,4096,4194304,16777216,7,reverse,post,2074,361142,0.02152574062347412,5.537793313
2,3,4096,4194304,16777216,7,reverse,post,2075,352633,0.02101856470108032,5.572192035
2,3,4096,4194304,16777216,7,reverse,post,2076,344404,0.02052807807922363,5.606257627
2,3,4096,4194304,16777216,7,reverse,post,2077,336378,0.02004969120025635,5.640276173
2,3,4096,4194304,16777216,7,reverse,post,2078,328661,0.01958972215652466,5.673759254
2,3,4096,4194304,16777216,7,reverse,post,2079,321128,0.01914072036743164,5.707211063
2,3,4096,4194304,16777216,7,reverse,post,2080,313973,0.01871424913406372,5.739719025
2,3,4096,4194304,16777216,7,reverse,post,2081,307096,0.01830434799194336,5.771669805
2,3,4096,4194304,16777216,7,reverse,post,2082,300372,0.01790356636047363,5.803609191
2,3,4096,4194304,16777216,7,reverse,post,2083,293593,0.01749950647354126,5.836541954
2,3,4096,4194304,16777216,7,reverse,post,2084,287188,0.01711773872375488,5.868364057
2,3,4096,4194304,16777216,7,reverse,post,2085,281008,0.01674938201904297,5.899748323
2,3,4096,4194304,16777216,7,reverse,post,2086,274711,0.01637405157089233,5.932444845
2,3,4096,4194304,16777216,7,reverse,post,2087,268490,0.01600325107574463,5.965491170
2,3,4096,4194304,16777216,7,reverse,post,2088,262316,0.01563525199890137,5.999053718
2,3,4096,4194304,16777216,7,reverse,post,2089,256525,0.01529008150100708,6.031260093
2,3,4096,4194304,16777216,7,reverse,post,2090,250716,0.01494383811950684,6.064305458
2,3,4096,4194304,16777216,7,reverse,post,2091,245023,0.01460450887680054,6.097442346
2,3,4096,4194304,16777216,7,reverse,post,2092,239440,0.01427173614501953,6.130695342
2,3,4096,4194304,16777216,7,reverse,post,2093,233856,0.01393890380859375,6.164739081
2,3,4096,4194304,16777216,7,reverse,post,2094,228380,0.01361250877380371,6.198923211
2,3,4096,4194304,16777216,7,reverse,post,2095,222952,0.01328897476196289,6.233626384
2,3,4096,4194304,16777216,7,reverse,post,2096,217531,0.01296585798263550,6.269138514
2,3,4096,4194304,16777216,7,reverse,post,2097,212232,0.01265001296997070,6.304717326
2,3,4096,4194304,16777216,7,reverse,post,2098,207128,0.01234579086303711,6.339836932
2,3,4096,4194304,16777216,7,reverse,post,2099,202181,0.01205092668533325,6.374712100
2,3,4096,4194304,16777216,7,reverse,post,2100,197180,0.01175284385681152,6.410846299
2,3,4096,4194304,16777216,7,reverse,post,2101,192507,0.01147431135177612,6.445448619
2,3,4096,4194304,16777216,7,reverse,post,2102,188035,0.01120775938034058,6.479358302
2,3,4096,4194304,16777216,7,reverse,post,2103,183501,0.01093751192092896,6.514571600
2,3,4096,4194304,16777216,7,reverse,post,2104,179011,0.01066988706588745,6.550311284
2,3,4096,4194304,16777216,7,reverse,post,2105,174700,0.01041293144226074,6.585479917
2,3,4096,4194304,16777216,7,reverse,post,2106,170519,0.01016372442245483,6.620427026
2,3,4096,4194304,16777216,7,reverse,post,2107,166576,0.00992870330810547,6.654178971
2,3,4096,4194304,16777216,7,reverse,post,2108,162653,0.00969487428665161,6.688562094
2,3,4096,4194304,16777216,7,reverse,post,2109,158610,0.00945389270782471,6.724875793
2,3,4096,4194304,16777216,7,reverse,post,2110,154677,0.00921946763992310,6.761100837
2,3,4096,4194304,16777216,7,reverse,post,2111,150857,0.00899177789688110,6.797177884
2,3,4096,4194304,16777216,7,reverse,post,2112,147133,0.00876981019973755,6.833238665
2,3,4096,4194304,16777216,7,reverse,post,2113,143601,0.00855928659439087,6.868293730
2,3,4096,4194304,16777216,7,reverse,post,2114,140076,0.00834918022155762,6.904149734
2,3,4096,4194304,16777216,7,reverse,post,2115,136850,0.00815689563751221,6.937764091
2,3,4096,4194304,16777216,7,reverse,post,2116,133650,0.00796616077423096,6.971899688
2,3,4096,4194304,16777216,7,reverse,post,2117,130627,0.00778597593307495,7.004906399
2,3,4096,4194304,16777216,7,reverse,post,2118,127770,0.00761568546295166,7.036810390
2,3,4096,4194304,16777216,7,reverse,post,2119,124980,0.00744938850402832,7.068662280
2,3,4096,4194304,16777216,7,reverse,post,2120,122146,0.00728046894073486,7.101752906
2,3,4096,4194304,16777216,7,reverse,post,2121,119359,0.00711435079574585,7.135052172
2,3,4096,4194304,16777216,7,reverse,post,2122,116705,0.00695616006851196,7.167493154
2,3,4096,4194304,16777216,7,reverse,post,2123,114021,0.00679618120193481,7.201059966
2,3,4096,4194304,16777216,7,reverse,post,2124,111441,0.00664240121841431,7.234079417
2,3,4096,4194304,16777216,7,reverse,post,2125,108818,0.00648605823516846,7.268442308
2,3,4096,4194304,16777216,7,reverse,post,2126,106270,0.00633418560028076,7.302625144
2,3,4096,4194304,16777216,7,reverse,post,2127,103856,0.00619029998779297,7.335774959
2,3,4096,4194304,16777216,7,reverse,post,2128,101487,0.00604909658432007,7.369064589
2,3,4096,4194304,16777216,7,reverse,post,2129,99214,0.00591361522674561,7.401743908
2,3,4096,4194304,16777216,7,reverse,post,2130,97047,0.00578445196151733,7.433604005
2,3,4096,4194304,16777216,7,reverse,post,2131,94920,0.00565767288208008,7.465575520
2,3,4096,4194304,16777216,7,reverse,post,2132,92874,0.00553572177886963,7.497012849
2,3,4096,4194304,16777216,7,reverse,post,2133,90833,0.00541406869888306,7.529071091
2,3,4096,4194304,16777216,7,reverse,post,2134,88908,0.00529932975769043,7.559974381
2,3,4096,4194304,16777216,7,reverse,post,2135,87045,0.00518828630447388,7.590526191
2,3,4096,4194304,16777216,7,reverse,post,2136,85210,0.00507891178131104,7.621264870
2,3,4096,4194304,16777216,7,reverse,post,2137,83258,0.00496256351470947,7.654698718
2,3,4096,4194304,16777216,7,reverse,post,2138,81239,0.00484222173690796,7.690115139
2,3,4096,4194304,16777216,7,reverse,post,2139,79202,0.00472080707550049,7.726750759
2,3,4096,4194304,16777216,7,reverse,post,2140,77210,0.00460207462310791,7.763499907
2,3,4096,4194304,16777216,7,reverse,post,2141,75339,0.00449055433273315,7.798890736
2,3,4096,4194304,16777216,7,reverse,post,2142,73472,0.00437927246093750,7.835093073
2,3,4096,4194304,16777216,7,reverse,post,2143,71773,0.00427800416946411,7.868846396
2,3,4096,4194304,16777216,7,reverse,post,2144,70120,0.00417947769165039,7.902461624
2,3,4096,4194304,16777216,7,reverse,post,2145,68488,0.00408220291137695,7.936436389
2,3,4096,4194304,16777216,7,reverse,post,2146,67021,0.00399476289749146,7.967674408
2,3,4096,4194304,16777216,7,reverse,post,2147,65628,0.00391173362731934,7.997976153
2,3,4096,4194304,16777216,7,reverse,post,2148,64273,0.00383096933364868,8.028074807
2,3,4096,4194304,16777216,7,reverse,post,2149,62884,0.00374817848205566,8.059594631
2,3,4096,4194304,16777216,7,reverse,post,2150,61554,0.00366890430450439,8.090435009
2,3,4096,4194304,16777216,7,reverse,post,2151,60274,0.00359261035919189,8.120751810
2,3,4096,4194304,16777216,7,reverse,post,2152,58896,0.00351047515869141,8.154117966
2,3,4096,4194304,16777216,7,reverse,post,2153,57655,0.00343650579452515,8.184841893
2,3,4096,4194304,16777216,7,reverse,post,2154,56369,0.00335985422134399,8.217385647
2,3,4096,4194304,16777216,7,reverse,post,2155,55152,0.00328731536865234,8.248874417
2,3,4096,4194304,16777216,7,reverse,post,2156,53984,0.00321769714355469,8.279755742
2,3,4096,4194304,16777216,7,reverse,post,2157,52766,0.00314509868621826,8.312678998
2,3,4096,4194304,16777216,7,reverse,post,2158,51506,0.00306999683380127,8.347547117
2,3,4096,4194304,16777216,7,reverse,post,2159,50226,0.00299370288848877,8.383853237
2,3,4096,4194304,16777216,7,reverse,post,2160,48920,0.00291585922241211,8.421863217
2,3,4096,4194304,16777216,7,reverse,post,2161,47617,0.00283819437026978,8.460810891
2,3,4096,4194304,16777216,7,reverse,post,2162,46266,0.00275766849517822,8.502335247
2,3,4096,4194304,16777216,7,reverse,post,2163,44947,0.00267904996871948,8.544062795
2,3,4096,4194304,16777216,7,reverse,post,2164,43827,0.00261229276657104,8.580467692
2,3,4096,4194304,16777216,7,reverse,post,2165,42672,0.00254344940185547,8.618997890
2,3,4096,4194304,16777216,7,reverse,post,2166,41426,0.00246918201446533,8.661751097
2,3,4096,4194304,16777216,7,reverse,post,2167,40150,0.00239312648773193,8.706887633
2,3,4096,4194304,16777216,7,reverse,post,2168,38948,0.00232148170471191,8.750738373
2,3,4096,4194304,16777216,7,reverse,post,2169,37851,0.00225609540939331,8.791956205
2,3,4096,4194304,16777216,7,reverse,post,2170,36774,0.00219190120697021,8.833601510
2,3,4096,4194304,16777216,7,reverse,post,2171,35776,0.00213241577148438,8.873295527
2,3,4096,4194304,16777216,7,reverse,post,2172,34801,0.00207430124282837,8.913158858
2,3,4096,4194304,16777216,7,reverse,post,2173,33885,0.00201970338821411,8.951640849
2,3,4096,4194304,16777216,7,reverse,post,2174,32973,0.00196534395217896,8.991002466
2,3,4096,4194304,16777216,7,reverse,post,2175,32085,0.00191241502761841,9.030388637
2,3,4096,4194304,16777216,7,reverse,post,2176,31192,0.00185918807983398,9.071111561
2,3,4096,4194304,16777216,7,reverse,post,2177,30320,0.00180721282958984,9.112017867
2,3,4096,4194304,16777216,7,reverse,post,2178,29457,0.00175577402114868,9.153677112
2,3,4096,4194304,16777216,7,reverse,post,2179,28652,0.00170779228210449,9.193651773
2,3,4096,4194304,16777216,7,reverse,post,2180,27893,0.00166255235671997,9.232384510
2,3,4096,4194304,16777216,7,reverse,post,2181,27122,0.00161659717559814,9.272824052
2,3,4096,4194304,16777216,7,reverse,post,2182,26401,0.00157362222671509,9.311695044
2,3,4096,4194304,16777216,7,reverse,post,2183,25781,0.00153666734695435,9.345979396
2,3,4096,4194304,16777216,7,reverse,post,2184,25201,0.00150209665298462,9.378806638
2,3,4096,4194304,16777216,7,reverse,post,2185,24652,0.00146937370300293,9.410582924
2,3,4096,4194304,16777216,7,reverse,post,2186,24060,0.00143408775329590,9.445650978
2,3,4096,4194304,16777216,7,reverse,post,2187,23417,0.00139576196670532,9.484731359
2,3,4096,4194304,16777216,7,reverse,post,2188,22871,0.00136321783065796,9.518768174
2,3,4096,4194304,16777216,7,reverse,post,2189,22373,0.00133353471755981,9.550528900
2,3,4096,4194304,16777216,7,reverse,post,2190,21890,0.00130474567413330,9.582015666
2,3,4096,4194304,16777216,7,reverse,post,2191,21474,0.00127995014190674,9.609696671
2,3,4096,4194304,16777216,7,reverse,post,2192,21072,0.00125598907470703,9.636960370
2,3,4096,4194304,16777216,7,reverse,post,2193,20673,0.00123220682144165,9.664539857
2,3,4096,4194304,16777216,7,reverse,post,2194,20264,0.00120782852172852,9.693368638
2,3,4096,4194304,16777216,7,reverse,post,2195,19888,0.00118541717529297,9.720389419
2,3,4096,4194304,16777216,7,reverse,post,2196,19477,0.00116091966629028,9.750516141
2,3,4096,4194304,16777216,7,reverse,post,2197,19058,0.00113594532012939,9.781890894
2,3,4096,4194304,16777216,7,reverse,post,2198,18735,0.00111669301986694,9.806551643
2,3,4096,4194304,16777216,7,reverse,post,2199,18479,0.00110143423080444,9.826400934
2,3,4096,4194304,16777216,7,reverse,post,2200,18204,0.00108504295349121,9.848032129
2,3,4096,4194304,16777216,7,reverse,post,2201,17863,0.00106471776962280,9.875313226
2,3,4096,4194304,16777216,7,reverse,post,2202,17513,0.00104385614395142,9.903861380
2,3,4096,4194304,16777216,7,reverse,post,2203,17138,0.00102150440216064,9.935088863
2,3,4096,4194304,16777216,7,reverse,post,2204,16824,0.00100278854370117,9.961766865
2,3,4096,4194304,16777216,7,reverse,post,2205,16503,0.00098365545272827,9.989559312
2,3,4096,4194304,16777216,7,reverse,post,2206,16163,0.00096338987350464,10.019592620
2,3,4096,4194304,16777216,7,reverse,post,2207,15828,0.00094342231750488,10.049808650
2,3,4096,4194304,16777216,7,reverse,post,2208,15531,0.00092571973800659,10.077136896
2,3,4096,4194304,16777216,7,reverse,post,2209,15218,0.00090706348419189,10.106508853
2,3,4096,4194304,16777216,7,reverse,post,2210,14898,0.00088798999786377,10.137168953
2,3,4096,4194304,16777216,7,reverse,post,2211,14589,0.00086957216262817,10.167406623
2,3,4096,4194304,16777216,7,reverse,post,2212,14266,0.00085031986236572,10.199706742
2,3,4096,4194304,16777216,7,reverse,post,2213,14011,0.00083512067794800,10.225727692
2,3,4096,4194304,16777216,7,reverse,post,2214,13789,0.00082188844680786,10.248769786
2,3,4096,4194304,16777216,7,reverse,post,2215,13546,0.00080740451812744,10.274420720
2,3,4096,4194304,16777216,7,reverse,post,2216,13333,0.00079470872879028,10.297286189
2,3,4096,4194304,16777216,7,reverse,post,2217,13096,0.00078058242797852,10.323161394
2,3,4096,4194304,16777216,7,reverse,post,2218,12876,0.00076746940612793,10.347603139
2,3,4096,4194304,16777216,7,reverse,post,2219,12645,0.00075370073318481,10.373720583
2,3,4096,4194304,16777216,7,reverse,post,2220,12446,0.00074183940887451,10.396605469
2,3,4096,4194304,16777216,7,reverse,post,2221,12253,0.00073033571243286,10.419152601
2,3,4096,4194304,16777216,7,reverse,post,2222,12051,0.00071829557418823,10.443134753
2,3,4096,4194304,16777216,7,reverse,post,2223,11890,0.00070869922637939,10.462538905
2,3,4096,4194304,16777216,7,reverse,post,2224,11700,0.00069737434387207,10.485779091
2,3,4096,4194304,16777216,7,reverse,post,2225,11495,0.00068515539169312,10.511281154
2,3,4096,4194304,16777216,7,reverse,post,2226,11253,0.00067073106765747,10.541977952
2,3,4096,4194304,16777216,7,reverse,post,2227,11033,0.00065761804580688,10.570462491
2,3,4096,4194304,16777216,7,reverse,post,2228,10804,0.00064396858215332,10.600722075
2,3,4096,4194304,16777216,7,reverse,post,2229,10590,0.00063121318817139,10.629585031
2,3,4096,4194304,16777216,7,reverse,post,2230,10380,0.00061869621276855,10.658481177
2,3,4096,4194304,16777216,7,reverse,post,2231,10157,0.00060540437698364,10.689813274
2,3,4096,4194304,16777216,7,reverse,post,2232,9966,0.00059401988983154,10.717201141
2,3,4096,4194304,16777216,7,reverse,post,2233,9828,0.00058579444885254,10.737317858
2,3,4096,4194304,16777216,7,reverse,post,2234,9675,0.00057667493820190,10.759954054
2,3,4096,4194304,16777216,7,reverse,post,2235,9523,0.00056761503219604,10.782799583
2,3,4096,4194304,16777216,7,reverse,post,2236,9310,0.00055491924285889,10.815434548
2,3,4096,4194304,16777216,7,reverse,post,2237,9058,0.00053989887237549,10.855023176
2,3,4096,4194304,16777216,7,reverse,post,2238,8825,0.00052601099014282,10.892619437
2,3,4096,4194304,16777216,7,reverse,post,2239,8612,0.00051331520080566,10.927867396
2,3,4096,4194304,16777216,7,reverse,post,2240,8415,0.00050157308578491,10.961252444
2,3,4096,4194304,16777216,7,reverse,post,2241,8235,0.00049084424972534,10.992447065
2,3,4096,4194304,16777216,7,reverse,post,2242,8096,0.00048255920410156,11.017006425
2,3,4096,4194304,16777216,7,reverse,post,2243,7964,0.00047469139099121,11.040722494
2,3,4096,4194304,16777216,7,reverse,post,2244,7825,0.00046640634536743,11.066124963
2,3,4096,4194304,16777216,7,reverse,post,2245,7684,0.00045800209045410,11.092358196
2,3,4096,4194304,16777216,7,reverse,post,2246,7576,0.00045156478881836,11.112779385
2,3,4096,4194304,16777216,7,reverse,post,2247,7483,0.00044602155685425,11.130598940
2,3,4096,4194304,16777216,7,reverse,post,2248,7384,0.00044012069702148,11.149813162
2,3,4096,4194304,16777216,7,reverse,post,2249,7302,0.00043523311614990,11.165924047
2,3,4096,4194304,16777216,7,reverse,post,2250,7205,0.00042945146560669,11.185217285
2,3,4096,4194304,16777216,7,reverse,post,2251,7112,0.00042390823364258,11.203960391
2,3,4096,4194304,16777216,7,reverse,post,2252,7023,0.00041860342025757,11.222128280
2,3,4096,4194304,16777216,7,reverse,post,2253,6934,0.00041329860687256,11.240527879
2,3,4096,4194304,16777216,7,reverse,post,2254,6855,0.00040858983993530,11.257059049
2,3,4096,4194304,16777216,7,reverse,post,2255,6783,0.00040429830551147,11.272292223
2,3,4096,4194304,16777216,7,reverse,post,2256,6708,0.00039982795715332,11.288333026
2,3,4096,4194304,16777216,7,reverse,post,2257,6625,0.00039488077163696,11.306295261
2,3,4096,4194304,16777216,7,reverse,post,2258,6562,0.00039112567901611,11.320080121
2,3,4096,4194304,16777216,7,reverse,post,2259,6482,0.00038635730743408,11.337776695
2,3,4096,4194304,16777216,7,reverse,post,2260,6406,0.00038182735443115,11.354791917
2,3,4096,4194304,16777216,7,reverse,post,2261,6309,0.00037604570388794,11.376804365
2,3,4096,4194304,16777216,7,reverse,post,2262,6215,0.00037044286727905,11.398461324
2,3,4096,4194304,16777216,7,reverse,post,2263,6098,0.00036346912384033,11.425879565
2,3,4096,4194304,16777216,7,reverse,post,2264,6008,0.00035810470581055,11.447330902
2,3,4096,4194304,16777216,7,reverse,post,2265,5904,0.00035190582275391,11.472522994
2,3,4096,4194304,16777216,7,reverse,post,2266,5784,0.00034475326538086,11.502148163
2,3,4096,4194304,16777216,7,reverse,post,2267,5658,0.00033724308013916,11.533923539
2,3,4096,4194304,16777216,7,reverse,post,2268,5542,0.00033032894134521,11.563809005
2,3,4096,4194304,16777216,7,reverse,post,2269,5450,0.00032484531402588,11.587959485
2,3,4096,4194304,16777216,7,reverse,post,2270,5350,0.00031888484954834,11.614676824
2,3,4096,4194304,16777216,7,reverse,post,2271,5240,0.00031232833862305,11.644648904
2,3,4096,4194304,16777216,7,reverse,post,2272,5160,0.00030755996704102,11.666844650
2,3,4096,4194304,16777216,7,reverse,post,2273,5083,0.00030297040939331,11.688535485
2,3,4096,4194304,16777216,7,reverse,post,2274,5006,0.00029838085174561,11.710557424
2,3,4096,4194304,16777216,7,reverse,post,2275,4920,0.00029325485229492,11.735557400
2,3,4096,4194304,16777216,7,reverse,post,2276,4810,0.00028669834136963,11.768178821
2,3,4096,4194304,16777216,7,reverse,post,2277,4726,0.00028169155120850,11.793596086
2,3,4096,4194304,16777216,7,reverse,post,2278,4632,0.00027608871459961,11.822580462
2,3,4096,4194304,16777216,7,reverse,post,2279,4572,0.00027251243591309,11.841390312
2,3,4096,4194304,16777216,7,reverse,post,2280,4497,0.00026804208755493,11.865252831
2,3,4096,4194304,16777216,7,reverse,post,2281,4388,0.00026154518127441,11.900652190
2,3,4096,4194304,16777216,7,reverse,post,2282,4247,0.00025314092636108,11.947771607
2,3,4096,4194304,16777216,7,reverse,post,2283,4102,0.00024449825286865,11.997888224
2,3,4096,4194304,16777216,7,reverse,post,2284,3917,0.00023347139358521,12.064466587
2,3,4096,4194304,16777216,7,reverse,post,2285,3759,0.00022405385971069,12.123866800
2,3,4096,4194304,16777216,7,reverse,post,2286,3587,0.00021380186080933,12.191437970
2,3,4096,4194304,16777216,7,reverse,post,2287,3442,0.00020515918731689,12.250968618
2,3,4096,4194304,16777216,7,reverse,post,2288,3295,0.00019639730453491,12.313937250
2,3,4096,4194304,16777216,7,reverse,post,2289,3166,0.00018870830535889,12.371554460
2,3,4096,4194304,16777216,7,reverse,post,2290,3072,0.00018310546875000,12.415037499
2,3,4096,4194304,16777216,7,reverse,post,2291,2983,0.00017780065536499,12.457451738
2,3,4096,4194304,16777216,7,reverse,post,2292,2881,0.00017172098159790,12.507646055
2,3,4096,4194304,16777216,7,reverse,post,2293,2792,0.00016641616821289,12.552916774
2,3,4096,4194304,16777216,7,reverse,post,2294,2718,0.00016200542449951,12.591670259
2,3,4096,4194304,16777216,7,reverse,post,2295,2630,0.00015676021575928,12.639152916
2,3,4096,4194304,16777216,7,reverse,post,2296,2552,0.00015211105346680,12.682587386
2,3,4096,4194304,16777216,7,reverse,post,2297,2488,0.00014829635620117,12.719229230
2,3,4096,4194304,16777216,7,reverse,post,2298,2446,0.00014579296112061,12.743791311
2,3,4096,4194304,16777216,7,reverse,post,2299,2419,0.00014418363571167,12.759804946
2,3,4096,4194304,16777216,7,reverse,post,2300,2385,0.00014215707778931,12.780226449
2,3,4096,4194304,16777216,7,reverse,post,2301,2345,0.00013977289199829,12.804627793
2,3,4096,4194304,16777216,7,reverse,post,2302,2314,0.00013792514801025,12.823826851
2,3,4096,4194304,16777216,7,reverse,post,2303,2297,0.00013691186904907,12.834464859
2,3,4096,4194304,16777216,7,reverse,post,2304,2276,0.00013566017150879,12.847715158
2,3,4096,4194304,16777216,7,reverse,post,2305,2248,0.00013399124145508,12.865573680
2,3,4096,4194304,16777216,7,reverse,post,2306,2221,0.00013238191604614,12.883006322
2,3,4096,4194304,16777216,7,reverse,post,2307,2196,0.00013089179992676,12.899337661
2,3,4096,4194304,16777216,7,reverse,post,2308,2163,0.00012892484664917,12.921182050
2,3,4096,4194304,16777216,7,reverse,post,2309,2117,0.00012618303298950,12.952194446
2,3,4096,4194304,16777216,7,reverse,post,2310,2082,0.00012409687042236,12.976245647
2,3,4096,4194304,16777216,7,reverse,post,2311,2046,0.00012195110321045,13.001409570
2,3,4096,4194304,16777216,7,reverse,post,2312,2015,0.00012010335922241,13.023435877
2,3,4096,4194304,16777216,7,reverse,post,2313,1983,0.00011819601058960,13.046531038
2,3,4096,4194304,16777216,7,reverse,post,2314,1942,0.00011575222015381,13.076672515
2,3,4096,4194304,16777216,7,reverse,post,2315,1906,0.00011360645294189,13.103667596
2,3,4096,4194304,16777216,7,reverse,post,2316,1857,0.00011068582534790,13.141241900
2,3,4096,4194304,16777216,7,reverse,post,2317,1815,0.00010818243026733,13.174246167
2,3,4096,4194304,16777216,7,reverse,post,2318,1760,0.00010490417480469,13.218640286
2,3,4096,4194304,16777216,7,reverse,post,2319,1709,0.00010186433792114,13.261063318
2,3,4096,4194304,16777216,7,reverse,post,2320,1661,0.00009900331497192,13.302163642
2,3,4096,4194304,16777216,7,reverse,post,2321,1630,0.00009715557098389,13.329343751
2,3,4096,4194304,16777216,7,reverse,post,2322,1592,0.00009489059448242,13.363375379
2,3,4096,4194304,16777216,7,reverse,post,2323,1561,0.00009304285049438,13.391745178
2,3,4096,4194304,16777216,7,reverse,post,2324,1539,0.00009173154830933,13.412222484
2,3,4096,4194304,16777216,7,reverse,post,2325,1525,0.00009089708328247,13.425406473
2,3,4096,4194304,16777216,7,reverse,post,2326,1499,0.00008934736251831,13.450215332
2,3,4096,4194304,16777216,7,reverse,post,2327,1477,0.00008803606033325,13.471545889
2,3,4096,4194304,16777216,7,reverse,post,2328,1469,0.00008755922317505,13.479381319
2,3,4096,4194304,16777216,7,reverse,post,2329,1463,0.00008720159530640,13.485285946
2,3,4096,4194304,16777216,7,reverse,post,2330,1450,0.00008642673492432,13.498162815
2,3,4096,4194304,16777216,7,reverse,post,2331,1440,0.00008583068847656,13.508146904
2,3,4096,4194304,16777216,7,reverse,post,2332,1431,0.00008529424667358,13.517192043
2,3,4096,4194304,16777216,7,reverse,post,2333,1417,0.00008445978164673,13.531375957
2,3,4096,4194304,16777216,7,reverse,post,2334,1396,0.00008320808410645,13.552916774
2,3,4096,4194304,16777216,7,reverse,post,2335,1369,0.00008159875869751,13.581093269
2,3,4096,4194304,16777216,7,reverse,post,2336,1350,0.00008046627044678,13.601256308
2,3,4096,4194304,16777216,7,reverse,post,2337,1340,0.00007987022399902,13.611982715
2,3,4096,4194304,16777216,7,reverse,post,2338,1328,0.00007915496826172,13.624960569
2,3,4096,4194304,16777216,7,reverse,post,2339,1307,0.00007790327072144,13.647956574
2,3,4096,4194304,16777216,7,reverse,post,2340,1285,0.00007659196853638,13.672447356
2,3,4096,4194304,16777216,7,reverse,post,2341,1270,0.00007569789886475,13.689387218
2,3,4096,4194304,16777216,7,reverse,post,2342,1251,0.00007456541061401,13.711133926
2,3,4096,4194304,16777216,7,reverse,post,2343,1229,0.00007325410842896,13.736730800
2,3,4096,4194304,16777216,7,reverse,post,2344,1184,0.00007057189941406,13.790546634
2,3,4096,4194304,16777216,7,reverse,post,2345,1133,0.00006753206253052,13.854067854
2,3,4096,4194304,16777216,7,reverse,post,2346,1078,0.00006425380706787,13.925858537
2,3,4096,4194304,16777216,7,reverse,post,2347,1027,0.00006121397018433,13.995779534
2,3,4096,4194304,16777216,7,reverse,post,2348,1011,0.00006026029586792,14.018432718
2,3,4096,4194304,16777216,7,reverse,post,2349,997,0.00005942583084106,14.038550306
2,3,4096,4194304,16777216,7,reverse,post,2350,964,0.00005745887756348,14.087110664
2,3,4096,4194304,16777216,7,reverse,post,2351,937,0.00005584955215454,14.128094762
2,3,4096,4194304,16777216,7,reverse,post,2352,923,0.00005501508712769,14.149813162
2,3,4096,4194304,16777216,7,reverse,post,2353,889,0.00005298852920532,14.203960391
2,3,4096,4194304,16777216,7,reverse,post,2354,850,0.00005066394805908,14.268680969
2,3,4096,4194304,16777216,7,reverse,post,2355,818,0.00004875659942627,14.324042967
2,3,4096,4194304,16777216,7,reverse,post,2356,775,0.00004619359970093,14.401947500
2,3,4096,4194304,16777216,7,reverse,post,2357,722,0.00004303455352783,14.504144973
2,3,4096,4194304,16777216,7,reverse,post,2358,694,0.00004136562347412,14.561208147
2,3,4096,4194304,16777216,7,reverse,post,2359,665,0.00003963708877563,14.622789470
2,3,4096,4194304,16777216,7,reverse,post,2360,625,0.00003725290298462,14.712287620
2,3,4096,4194304,16777216,7,reverse,post,2361,605,0.00003606081008911,14.759208668
2,3,4096,4194304,16777216,7,reverse,post,2362,585,0.00003486871719360,14.807707186
2,3,4096,4194304,16777216,7,reverse,post,2363,566,0.00003373622894287,14.855341757
2,3,4096,4194304,16777216,7,reverse,post,2364,542,0.00003230571746826,14.917850959
2,3,4096,4194304,16777216,7,reverse,post,2365,525,0.00003129243850708,14.963826387
2,3,4096,4194304,16777216,7,reverse,post,2366,519,0.00003093481063843,14.980409272
2,3,4096,4194304,16777216,7,reverse,post,2367,515,0.00003069639205933,14.991571378
2,3,4096,4194304,16777216,7,reverse,post,2368,508,0.00003027915954590,15.011315313
2,3,4096,4194304,16777216,7,reverse,post,2369,500,0.00002980232238770,15.034215715
2,3,4096,4194304,16777216,7,reverse,post,2370,497,0.00002962350845337,15.042897958
2,3,4096,4194304,16777216,7,reverse,post,2371,495,0.00002950429916382,15.048715285
2,3,4096,4194304,16777216,7,reverse,post,2372,493,0.00002938508987427,15.054556164
2,3,4096,4194304,16777216,7,reverse,post,2373,491,0.00002926588058472,15.060420786
2,3,4096,4194304,16777216,7,reverse,post,2374,489,0.00002914667129517,15.066309345
2,3,4096,4194304,16777216,7,reverse,post,2375,484,0.00002884864807129,15.081136763
2,3,4096,4194304,16777216,7,reverse,post,2376,483,0.00002878904342651,15.084120621
2,3,4096,4194304,16777216,7,reverse,post,2377,476,0.00002837181091309,15.105182237
2,3,4096,4194304,16777216,7,reverse,post,2378,472,0.00002813339233398,15.117356951
2,3,4096,4194304,16777216,7,reverse,post,2379,467,0.00002783536911011,15.132721260
2,3,4096,4194304,16777216,7,reverse,post,2380,463,0.00002759695053101,15.145131617
2,3,4096,4194304,16777216,7,reverse,post,2381,455,0.00002712011337280,15.170277265
2,3,4096,4194304,16777216,7,reverse,post,2382,451,0.00002688169479370,15.183016377
2,3,4096,4194304,16777216,7,reverse,post,2383,450,0.00002682209014893,15.186218809
2,3,4096,4194304,16777216,7,reverse,post,2384,438,0.00002610683441162,15.225212940
2,3,4096,4194304,16777216,7,reverse,post,2385,432,0.00002574920654297,15.245112498
2,3,4096,4194304,16777216,7,reverse,post,2386,427,0.00002545118331909,15.261907740
2,3,4096,4194304,16777216,7,reverse,post,2387,414,0.00002467632293701,15.306513043
2,3,4096,4194304,16777216,7,reverse,post,2388,403,0.00002402067184448,15.345363971
2,3,4096,4194304,16777216,7,reverse,post,2389,388,0.00002312660217285,15.400087158
2,3,4096,4194304,16777216,7,reverse,post,2390,377,0.00002247095108032,15.441579287
2,3,4096,4194304,16777216,7,reverse,post,2391,375,0.00002235174179077,15.449253215
2,3,4096,4194304,16777216,7,reverse,post,2392,370,0.00002205371856689,15.468618539
2,3,4096,4194304,16777216,7,reverse,post,2393,366,0.00002181529998779,15.484300162
2,3,4096,4194304,16777216,7,reverse,post,2394,358,0.00002133846282959,15.516184223
2,3,4096,4194304,16777216,7,reverse,post,2395,356,0.00002121925354004,15.524266569
2,3,4096,4194304,16777216,7,reverse,post,2396,345,0.00002056360244751,15.569547448
2,3,4096,4194304,16777216,7,reverse,post,2397,327,0.00001949071884155,15.646853175
2,3,4096,4194304,16777216,7,reverse,post,2398,301,0.00001794099807739,15.766380323
2,3,4096,4194304,16777216,7,reverse,post,2399,276,0.00001645088195801,15.891475543
2,3,4096,4194304,16777216,7,reverse,post,2400,252,0.00001502037048340,16.022720077
2,3,4096,4194304,16777216,7,reverse,post,2401,222,0.00001323223114014,16.205584134
2,3,4096,4194304,16777216,7,reverse,post,2402,198,0.00001180171966553,16.370643380
2,3,4096,4194304,16777216,7,reverse,post,2403,194,0.00001156330108643,16.400087158
2,3,4096,4194304,16777216,7,reverse,post,2404,186,0.00001108646392822,16.460841189
2,3,4096,4194304,16777216,7,reverse,post,2405,173,0.00001031160354614,16.565371772
2,3,4096,4194304,16777216,7,reverse,post,2406,161,0.00000959634780884,16.669083122
2,3,4096,4194304,16777216,7,reverse,post,2407,150,0.00000894069671631,16.771181310
2,3,4096,4194304,16777216,7,reverse,post,2408,122,0.00000727176666260,17.069262662
2,3,4096,4194304,16777216,7,reverse,post,2409,90,0.00000536441802979,17.508146904
2,3,4096,4194304,16777216,7,reverse,post,2410,73,0.00000435113906860,17.810175441
2,3,4096,4194304,16777216,7,reverse,post,2411,67,0.00000399351119995,17.933910810
2,3,4096,4194304,16777216,7,reverse,post,2412,52,0.00000309944152832,18.299560282
2,3,4096,4194304,16777216,7,reverse,post,2413,34,0.00000202655792236,18.912537159
2,3,4096,4194304,16777216,7,reverse,post,2414,19,0.00000113248825073,19.752072487
2,3,4096,4194304,16777216,7,reverse,post,2415,9,0.00000053644180298,20.830074999
2,3,4096,4194304,16777216,7,reverse,post,2416,0,0.00000000000000000,inf
2,3,4096,4194304,16777216,7,reverse,insertion,0,16777216,1.00000000000000000,-0.000000000
2,3,4096,4194304,16777216,7,reverse,insertion,1,16777216,1.00000000000000000,-0.000000000
2,3,4096,4194304,16777216,7,reverse,insertion,2,16777216,1.00000000000000000,-0.000000000
2,3,4096,4194304,16777216,7,reverse,insertion,3,16777216,1.00000000000000000,-0.000000000
2,3,4096,4194304,16777216,7,reverse,insertion,4,16777216,1.00000000000000000,-0.000000000
2,3,4096,4194304,16777216,7,reverse,insertion,5,16777216,1.00000000000000000,-0.000000000
2,3,4096,4194304,16777216,7,reverse,insertion,6,16777216,1.00000000000000000,-0.000000000
2,3,4096,4194304,16777216,7,reverse,insertion,7,16777216,1.00000000000000000,-0.000000000
2,3,4096,4194304,16777216,7,reverse,insertion,8,16777216,1.00000000000000000,-0.000000000
2,3,4096,4194304,16777216,7,reverse,insertion,9,16777216,1.00000000000000000,-0.000000000
2,3,4096,4194304,16777216,7,reverse,insertion,10,16777216,1.00000000000000000,-0.000000000
2,3,4096,4194304,16777216,7,reverse,insertion,11,16777216,1.00000000000000000,-0.000000000
2,3,4096,4194304,16777216,7,reverse,insertion,12,16777216,1.00000000000000000,-0.000000000
2,3,4096,4194304,16777216,7,reverse,insertion,13,16777216,1.00000000000000000,-0.000000000
2,3,4096,4194304,16777216,7,reverse,insertion,14,16777216,1.00000000000000000,-0.000000000
2,3,4096,4194304,16777216,7,reverse,insertion,15,16777216,1.00000000000000000,-0.000000000
2,3,4096,4194304,16777216,7,reverse,insertion,16,16777216,1.00000000000000000,-0.000000000
2,3,4096,4194304,16777216,7,reverse,insertion,17,16777216,1.00000000000000000,-0.000000000
2,3,4096,4194304,16777216,7,reverse,insertion,18,16777216,1.00000000000000000,-0.000000000
2,3,4096,4194304,16777216,7,reverse,insertion,19,16777216,1.00000000000000000,-0.000000000
2,3,4096,4194304,16777216,7,reverse,insertion,20,16777216,1.00000000000000000,-0.000000000
2,3,4096,4194304,16777216,7,reverse,insertion,21,16777216,1.00000000000000000,-0.000000000
2,3,4096,4194304,16777216,7,reverse,insertion,22,16777216,1.00000000000000000,-0.000000000
2,3,4096,4194304,16777216,7,reverse,insertion,23,16777216,1.00000000000000000,-0.000000000
2,3,4096,4194304,16777216,7,reverse,insertion,24,16777216,1.00000000000000000,-0.000000000
2,3,4096,4194304,16777216,7,reverse,insertion,25,16777216,1.00000000000000000,-0.000000000
2,3,4096,4194304,16777216,7,reverse,insertion,26,16777216,1.00000000000000000,-0.000000000
2,3,4096,4194304,16777216,7,reverse,insertion,27,16777216,1.00000000000000000,-0.000000000
2,3,4096,4194304,16777216,7,reverse,insertion,28,16777216,1.00000000000000000,-0.000000000
2,3,4096,4194304,16777216,7,reverse,insertion,29,16777216,1.00000000000000000,-0.000000000
2,3,4096,4194304,16777216,7,reverse,insertion,30,16777216,1.00000000000000000,-0.000000000
2,3,4096,4194304,16777216,7,reverse,insertion,31,16777216,1.00000000000000000,-0.000000000
2,3,4096,4194304,16777216,7,reverse,insertion,32,16777216,1.00000000000000000,-0.000000000
2,3,4096,4194304,16777216,7,reverse,insertion,33,16777216,1.00000000000000000,-0.000000000
2,3,4096,4194304,16777216,7,reverse,insertion,34,16777216,1.00000000000000000,-0.000000000
2,3,4096,4194304,16777216,7,reverse,insertion,35,16777216,1.00000000000000000,-0.000000000
2,3,4096,4194304,16777216,7,reverse,insertion,36,16777216,1.00000000000000000,-0.000000000
2,3,4096,4194304,16777216,7,reverse,insertion,37,16777216,1.00000000000000000,-0.000000000
2,3,4096,4194304,16777216,7,reverse,insertion,38,16777216,1.00000000000000000,-0.000000000
2,3,4096,4194304,16777216,7,reverse,insertion,39,16777216,1.00000000000000000,-0.000000000
2,3,4096,4194304,16777216,7,reverse,insertion,40,16777216,1.00000000000000000,-0.000000000
2,3,4096,4194304,16777216,7,reverse,insertion,41,16777216,1.00000000000000000,-0.000000000
2,3,4096,4194304,16777216,7,reverse,insertion,42,16777216,1.00000000000000000,-0.000000000
2,3,4096,4194304,16777216,7,reverse,insertion,43,16777216,1.00000000000000000,-0.000000000
2,3,4096,4194304,16777216,7,reverse,insertion,44,16777216,1.00000000000000000,-0.000000000
2,3,4096,4194304,16777216,7,reverse,insertion,45,16777216,1.00000000000000000,-0.000000000
2,3,4096,4194304,16777216,7,reverse,insertion,46,16777216,1.00000000000000000,-0.000000000
2,3,4096,4194304,16777216,7,reverse,insertion,47,16777216,1.00000000000000000,-0.000000000
2,3,4096,4194304,16777216,7,reverse,insertion,48,16777216,1.00000000000000000,-0.000000000
2,3,4096,4194304,16777216,7,reverse,insertion,49,16777216,1.00000000000000000,-0.000000000
2,3,4096,4194304,16777216,7,reverse,insertion,50,16777216,1.00000000000000000,-0.000000000
2,3,4096,4194304,16777216,7,reverse,insertion,51,16777216,1.00000000000000000,-0.000000000
2,3,4096,4194304,16777216,7,reverse,insertion,52,16777216,1.00000000000000000,-0.000000000
2,3,4096,4194304,16777216,7,reverse,insertion,53,16777216,1.00000000000000000,-0.000000000
2,3,4096,4194304,16777216,7,reverse,insertion,54,16777216,1.00000000000000000,-0.000000000
2,3,4096,4194304,16777216,7,reverse,insertion,55,16777216,1.00000000000000000,-0.000000000
2,3,4096,4194304,16777216,7,reverse,insertion,56,16777216,1.00000000000000000,-0.000000000
2,3,4096,4194304,16777216,7,reverse,insertion,57,16777216,1.00000000000000000,-0.000000000
2,3,4096,4194304,16777216,7,reverse,insertion,58,16777216,1.00000000000000000,-0.000000000
2,3,4096,4194304,16777216,7,reverse,insertion,59,16777216,1.00000000000000000,-0.000000000
2,3,4096,4194304,16777216,7,reverse,insertion,60,16777216,1.00000000000000000,-0.000000000
2,3,4096,4194304,16777216,7,reverse,insertion,61,16777216,1.00000000000000000,-0.000000000
2,3,4096,4194304,16777216,7,reverse,insertion,62,16777216,1.00000000000000000,-0.000000000
2,3,4096,4194304,16777216,7,reverse,insertion,63,16777216,1.00000000000000000,-0.000000000
2,3,4096,4194304,16777216,7,reverse,insertion,64,16777216,1.00000000000000000,-0.000000000
2,3,4096,4194304,16777216,7,reverse,insertion,65,16777216,1.00000000000000000,-0.000000000
2,3,4096,4194304,16777216,7,reverse,insertion,66,16777216,1.00000000000000000,-0.000000000
2,3,4096,4194304,16777216,7,reverse,insertion,67,16777216,1.00000000000000000,-0.000000000
2,3,4096,4194304,16777216,7,reverse,insertion,68,16777216,1.00000000000000000,-0.000000000
2,3,4096,4194304,16777216,7,reverse,insertion,69,16777216,1.00000000000000000,-0.000000000
2,3,4096,4194304,16777216,7,reverse,insertion,70,16777216,1.00000000000000000,-0.000000000
2,3,4096,4194304,16777216,7,reverse,insertion,71,16777216,1.00000000000000000,-0.000000000
2,3,4096,4194304,16777216,7,reverse,insertion,72,16777216,1.00000000000000000,-0.000000000
2,3,4096,4194304,16777216,7,reverse,insertion,73,16777216,1.00000000000000000,-0.000000000
2,3,4096,4194304,16777216,7,reverse,insertion,74,16777216,1.00000000000000000,-0.000000000
2,3,4096,4194304,16777216,7,reverse,insertion,75,16777216,1.00000000000000000,-0.000000000
2,3,4096,4194304,16777216,7,reverse,insertion,76,16777216,1.00000000000000000,-0.000000000
2,3,4096,4194304,16777216,7,reverse,insertion,77,16777216,1.00000000000000000,-0.000000000
2,3,4096,4194304,16777216,7,reverse,insertion,78,16777216,1.00000000000000000,-0.000000000
2,3,4096,4194304,16777216,7,reverse,insertion,79,16777216,1.00000000000000000,-0.000000000
2,3,4096,4194304,16777216,7,reverse,insertion,80,16777216,1.00000000000000000,-0.000000000
2,3,4096,4194304,16777216,7,reverse,insertion,81,16777216,1.00000000000000000,-0.000000000
2,3,4096,4194304,16777216,7,reverse,insertion,82,16777216,1.00000000000000000,-0.000000000
2,3,4096,4194304,16777216,7,reverse,insertion,83,16777216,1.00000000000000000,-0.000000000
2,3,4096,4194304,16777216,7,reverse,insertion,84,16777216,1.00000000000000000,-0.000000000
2,3,4096,4194304,16777216,7,reverse,insertion,85,16777216,1.00000000000000000,-0.000000000
2,3,4096,4194304,16777216,7,reverse,insertion,86,16777216,1.00000000000000000,-0.000000000
2,3,4096,4194304,16777216,7,reverse,insertion,87,16777216,1.00000000000000000,-0.000000000
2,3,4096,4194304,16777216,7,reverse,insertion,88,16777216,1.00000000000000000,-0.000000000
2,3,4096,4194304,16777216,7,reverse,insertion,89,16777216,1.00000000000000000,-0.000000000
2,3,4096,4194304,16777216,7,reverse,insertion,90,16777216,1.00000000000000000,-0.000000000
2,3,4096,4194304,16777216,7,reverse,insertion,91,16777216,1.00000000000000000,-0.000000000
2,3,4096,4194304,16777216,7,reverse,insertion,92,16777216,1.00000000000000000,-0.000000000
2,3,4096,4194304,16777216,7,reverse,insertion,93,16777216,1.00000000000000000,-0.000000000
2,3,4096,4194304,16777216,7,reverse,insertion,94,16777216,1.00000000000000000,-0.000000000
2,3,4096,4194304,16777216,7,reverse,insertion,95,16777216,1.00000000000000000,-0.000000000
2,3,4096,4194304,16777216,7,reverse,insertion,96,16777216,1.00000000000000000,-0.000000000
2,3,4096,4194304,16777216,7,reverse,insertion,97,16777216,1.00000000000000000,-0.000000000
2,3,4096,4194304,16777216,7,reverse,insertion,98,16777216,1.00000000000000000,-0.000000000
2,3,4096,4194304,16777216,7,reverse,insertion,99,16777216,1.00000000000000000,-0.000000000
2,3,4096,4194304,16777216,7,reverse,insertion,100,16777216,1.00000000000000000,-0.000000000
2,3,4096,4194304,16777216,7,reverse,insertion,101,16777216,1.00000000000000000,-0.000000000
2,3,4096,4194304,16777216,7,reverse,insertion,102,16777216,1.00000000000000000,-0.000000000
2,3,4096,4194304,16777216,7,reverse,insertion,103,16777216,1.00000000000000000,-0.000000000
2,3,4096,4194304,16777216,7,reverse,insertion,104,16777216,1.00000000000000000,-0.000000000
2,3,4096,4194304,16777216,7,reverse,insertion,105,16777216,1.00000000000000000,-0.000000000
2,3,4096,4194304,16777216,7,reverse,insertion,106,16777216,1.00000000000000000,-0.000000000
2,3,4096,4194304,16777216,7,reverse,insertion,107,16777216,1.00000000000000000,-0.000000000
2,3,4096,4194304,16777216,7,reverse,insertion,108,16777216,1.00000000000000000,-0.000000000
2,3,4096,4194304,16777216,7,reverse,insertion,109,16777216,1.00000000000000000,-0.000000000
2,3,4096,4194304,16777216,7,reverse,insertion,110,16777216,1.00000000000000000,-0.000000000
2,3,4096,4194304,16777216,7,reverse,insertion,111,16777216,1.00000000000000000,-0.000000000
2,3,4096,4194304,16777216,7,reverse,insertion,112,16777216,1.00000000000000000,-0.000000000
2,3,4096,4194304,16777216,7,reverse,insertion,113,16777216,1.00000000000000000,-0.000000000
2,3,4096,4194304,16777216,7,reverse,insertion,114,16777216,1.00000000000000000,-0.000000000
2,3,4096,4194304,16777216,7,reverse,insertion,115,16777216,1.00000000000000000,-0.000000000
2,3,4096,4194304,16777216,7,reverse,insertion,116,16777216,1.00000000000000000,-0.000000000
2,3,4096,4194304,16777216,7,reverse,insertion,117,16777216,1.00000000000000000,-0.000000000
2,3,4096,4194304,16777216,7,reverse,insertion,118,16777216,1.00000000000000000,-0.000000000
2,3,4096,4194304,16777216,7,reverse,insertion,119,16777216,1.00000000000000000,-0.000000000
2,3,4096,4194304,16777216,7,reverse,insertion,120,16777216,1.00000000000000000,-0.000000000
2,3,4096,4194304,16777216,7,reverse,insertion,121,16777216,1.00000000000000000,-0.000000000
2,3,4096,4194304,16777216,7,reverse,insertion,122,16777216,1.00000000000000000,-0.000000000
2,3,4096,4194304,16777216,7,reverse,insertion,123,16777216,1.00000000000000000,-0.000000000
2,3,4096,4194304,16777216,7,reverse,insertion,124,16777216,1.00000000000000000,-0.000000000
2,3,4096,4194304,16777216,7,reverse,insertion,125,16777216,1.00000000000000000,-0.000000000
2,3,4096,4194304,16777216,7,reverse,insertion,126,16777216,1.00000000000000000,-0.000000000
2,3,4096,4194304,16777216,7,reverse,insertion,127,16777216,1.00000000000000000,-0.000000000
2,3,4096,4194304,16777216,7,reverse,insertion,128,16777216,1.00000000000000000,-0.000000000
2,3,4096,4194304,16777216,7,reverse,insertion,129,16777216,1.00000000000000000,-0.000000000
2,3,4096,4194304,16777216,7,reverse,insertion,130,16777216,1.00000000000000000,-0.000000000
2,3,4096,4194304,16777216,7,reverse,insertion,131,16777216,1.00000000000000000,-0.000000000
2,3,4096,4194304,16777216,7,reverse,insertion,132,16777216,1.00000000000000000,-0.000000000
2,3,4096,4194304,16777216,7,reverse,insertion,133,16777216,1.00000000000000000,-0.000000000
2,3,4096,4194304,16777216,7,reverse,insertion,134,16777216,1.00000000000000000,-0.000000000
2,3,4096,4194304,16777216,7,reverse,insertion,135,16777216,1.00000000000000000,-0.000000000
2,3,4096,4194304,16777216,7,reverse,insertion,136,16777216,1.00000000000000000,-0.000000000
2,3,4096,4194304,16777216,7,reverse,insertion,137,16777216,1.00000000000000000,-0.000000000
2,3,4096,4194304,16777216,7,reverse,insertion,138,16777216,1.00000000000000000,-0.000000000
2,3,4096,4194304,16777216,7,reverse,insertion,139,16777216,1.00000000000000000,-0.000000000
2,3,4096,4194304,16777216,7,reverse,insertion,140,16777216,1.00000000000000000,-0.000000000
2,3,4096,4194304,16777216,7,reverse,insertion,141,16777216,1.00000000000000000,-0.000000000
2,3,4096,4194304,16777216,7,reverse,insertion,142,16777216,1.00000000000000000,-0.000000000
2,3,4096,4194304,16777216,7,reverse,insertion,143,16777216,1.00000000000000000,-0.000000000
2,3,4096,4194304,16777216,7,reverse,insertion,144,16777216,1.00000000000000000,-0.000000000
2,3,4096,4194304,16777216,7,reverse,insertion,145,16777216,1.00000000000000000,-0.000000000
2,3,4096,4194304,16777216,7,reverse,insertion,146,16777216,1.00000000000000000,-0.000000000
2,3,4096,4194304,16777216,7,reverse,insertion,147,16777216,1.00000000000000000,-0.000000000
2,3,4096,4194304,16777216,7,reverse,insertion,148,16777216,1.00000000000000000,-0.000000000
2,3,4096,4194304,16777216,7,reverse,insertion,149,16777216,1.00000000000000000,-0.000000000
2,3,4096,4194304,16777216,7,reverse,insertion,150,16777216,1.00000000000000000,-0.000000000
2,3,4096,4194304,16777216,7,reverse,insertion,151,16777216,1.00000000000000000,-0.000000000
2,3,4096,4194304,16777216,7,reverse,insertion,152,16777216,1.00000000000000000,-0.000000000
2,3,4096,4194304,16777216,7,reverse,insertion,153,16777216,1.00000000000000000,-0.000000000
2,3,4096,4194304,16777216,7,reverse,insertion,154,16777216,1.00000000000000000,-0.000000000
2,3,4096,4194304,16777216,7,reverse,insertion,155,16777216,1.00000000000000000,-0.000000000
2,3,4096,4194304,16777216,7,reverse,insertion,156,16777216,1.00000000000000000,-0.000000000
2,3,4096,4194304,16777216,7,reverse,insertion,157,16777216,1.00000000000000000,-0.000000000
2,3,4096,4194304,16777216,7,reverse,insertion,158,16777216,1.00000000000000000,-0.000000000
2,3,4096,4194304,16777216,7,reverse,insertion,159,16777216,1.00000000000000000,-0.000000000
2,3,4096,4194304,16777216,7,reverse,insertion,160,16777216,1.00000000000000000,-0.000000000
2,3,4096,4194304,16777216,7,reverse,insertion,161,16777216,1.00000000000000000,-0.000000000
2,3,4096,4194304,16777216,7,reverse,insertion,162,16777216,1.00000000000000000,-0.000000000
2,3,4096,4194304,16777216,7,reverse,insertion,163,16777216,1.00000000000000000,-0.000000000
2,3,4096,4194304,16777216,7,reverse,insertion,164,16777216,1.00000000000000000,-0.000000000
2,3,4096,4194304,16777216,7,reverse,insertion,165,16777216,1.00000000000000000,-0.000000000
2,3,4096,4194304,16777216,7,reverse,insertion,166,16777216,1.00000000000000000,-0.000000000
2,3,4096,4194304,16777216,7,reverse,insertion,167,16777216,1.00000000000000000,-0.000000000
2,3,4096,4194304,16777216,7,reverse,insertion,168,16777216,1.00000000000000000,-0.000000000
2,3,4096,4194304,16777216,7,reverse,insertion,169,16777216,1.00000000000000000,-0.000000000
2,3,4096,4194304,16777216,7,reverse,insertion,170,16777216,1.00000000000000000,-0.000000000
2,3,4096,4194304,16777216,7,reverse,insertion,171,16777216,1.00000000000000000,-0.000000000
2,3,4096,4194304,16777216,7,reverse,insertion,172,16777216,1.00000000000000000,-0.000000000
2,3,4096,4194304,16777216,7,reverse,insertion,173,16777216,1.00000000000000000,-0.000000000
2,3,4096,4194304,16777216,7,reverse,insertion,174,16777216,1.00000000000000000,-0.000000000
2,3,4096,4194304,16777216,7,reverse,insertion,175,16777216,1.00000000000000000,-0.000000000
2,3,4096,4194304,16777216,7,reverse,insertion,176,16777216,1.00000000000000000,-0.000000000
2,3,4096,4194304,16777216,7,reverse,insertion,177,16777216,1.00000000000000000,-0.000000000
2,3,4096,4194304,16777216,7,reverse,insertion,178,16777216,1.00000000000000000,-0.000000000
2,3,4096,4194304,16777216,7,reverse,insertion,179,16777216,1.00000000000000000,-0.000000000
2,3,4096,4194304,16777216,7,reverse,insertion,180,16777216,1.00000000000000000,-0.000000000
2,3,4096,4194304,16777216,7,reverse,insertion,181,16777216,1.00000000000000000,-0.000000000
2,3,4096,4194304,16777216,7,reverse,insertion,182,16777216,1.00000000000000000,-0.000000000
2,3,4096,4194304,16777216,7,reverse,insertion,183,16777216,1.00000000000000000,-0.000000000
2,3,4096,4194304,16777216,7,reverse,insertion,184,16777216,1.00000000000000000,-0.000000000
2,3,4096,4194304,16777216,7,reverse,insertion,185,16777216,1.00000000000000000,-0.000000000
2,3,4096,4194304,16777216,7,reverse,insertion,186,16777216,1.00000000000000000,-0.000000000
2,3,4096,4194304,16777216,7,reverse,insertion,187,16777216,1.00000000000000000,-0.000000000
2,3,4096,4194304,16777216,7,reverse,insertion,188,16777216,1.00000000000000000,-0.000000000
2,3,4096,4194304,16777216,7,reverse,insertion,189,16777216,1.00000000000000000,-0.000000000
2,3,4096,4194304,16777216,7,reverse,insertion,190,16777216,1.00000000000000000,-0.000000000
2,3,4096,4194304,16777216,7,reverse,insertion,191,16777216,1.00000000000000000,-0.000000000
2,3,4096,4194304,16777216,7,reverse,insertion,192,16777216,1.00000000000000000,-0.000000000
2,3,4096,4194304,16777216,7,reverse,insertion,193,16777216,1.00000000000000000,-0.000000000
2,3,4096,4194304,16777216,7,reverse,insertion,194,16777216,1.00000000000000000,-0.000000000
2,3,4096,4194304,16777216,7,reverse,insertion,195,16777216,1.00000000000000000,-0.000000000
2,3,4096,4194304,16777216,7,reverse,insertion,196,16777216,1.00000000000000000,-0.000000000
2,3,4096,4194304,16777216,7,reverse,insertion,197,16777216,1.00000000000000000,-0.000000000
2,3,4096,4194304,16777216,7,reverse,insertion,198,16777216,1.00000000000000000,-0.000000000
2,3,4096,4194304,16777216,7,reverse,insertion,199,16777216,1.00000000000000000,-0.000000000
2,3,4096,4194304,16777216,7,reverse,insertion,200,16777216,1.00000000000000000,-0.000000000
2,3,4096,4194304,16777216,7,reverse,insertion,201,16777216,1.00000000000000000,-0.000000000
2,3,4096,4194304,16777216,7,reverse,insertion,202,16777216,1.00000000000000000,-0.000000000
2,3,4096,4194304,16777216,7,reverse,insertion,203,16777216,1.00000000000000000,-0.000000000
2,3,4096,4194304,16777216,7,reverse,insertion,204,16777216,1.00000000000000000,-0.000000000
2,3,4096,4194304,16777216,7,reverse,insertion,205,16777216,1.00000000000000000,-0.000000000
2,3,4096,4194304,16777216,7,reverse,insertion,206,16777216,1.00000000000000000,-0.000000000
2,3,4096,4194304,16777216,7,reverse,insertion,207,16777216,1.00000000000000000,-0.000000000
2,3,4096,4194304,16777216,7,reverse,insertion,208,16777216,1.00000000000000000,-0.000000000
2,3,4096,4194304,16777216,7,reverse,insertion,209,16777216,1.00000000000000000,-0.000000000
2,3,4096,4194304,16777216,7,reverse,insertion,210,16777216,1.00000000000000000,-0.000000000
2,3,4096,4194304,16777216,7,reverse,insertion,211,16777216,1.00000000000000000,-0.000000000
2,3,4096,4194304,16777216,7,reverse,insertion,212,16777216,1.00000000000000000,-0.000000000
2,3,4096,4194304,16777216,7,reverse,insertion,213,16777216,1.00000000000000000,-0.000000000
2,3,4096,4194304,16777216,7,reverse,insertion,214,16777216,1.00000000000000000,-0.000000000
2,3,4096,4194304,16777216,7,reverse,insertion,215,16777216,1.00000000000000000,-0.000000000
2,3,4096,4194304,16777216,7,reverse,insertion,216,16777216,1.00000000000000000,-0.000000000
2,3,4096,4194304,16777216,7,reverse,insertion,217,16777216,1.00000000000000000,-0.000000000
2,3,4096,4194304,16777216,7,reverse,insertion,218,16777216,1.00000000000000000,-0.000000000
2,3,4096,4194304,16777216,7,reverse,insertion,219,16777216,1.00000000000000000,-0.000000000
2,3,4096,4194304,16777216,7,reverse,insertion,220,16777216,1.00000000000000000,-0.000000000
2,3,4096,4194304,16777216,7,reverse,insertion,221,16777216,1.00000000000000000,-0.000000000
2,3,4096,4194304,16777216,7,reverse,insertion,222,16777216,1.00000000000000000,-0.000000000
2,3,4096,4194304,16777216,7,reverse,insertion,223,16777216,1.00000000000000000,-0.000000000
2,3,4096,4194304,16777216,7,reverse,insertion,224,16777216,1.00000000000000000,-0.000000000
2,3,4096,4194304,16777216,7,reverse,insertion,225,16777216,1.00000000000000000,-0.000000000
2,3,4096,4194304,16777216,7,reverse,insertion,226,16777216,1.00000000000000000,-0.000000000
2,3,4096,4194304,16777216,7,reverse,insertion,227,16777216,1.00000000000000000,-0.000000000
2,3,4096,4194304,16777216,7,reverse,insertion,228,16777216,1.00000000000000000,-0.000000000
2,3,4096,4194304,16777216,7,reverse,insertion,229,16777216,1.00000000000000000,-0.000000000
2,3,4096,4194304,16777216,7,reverse,insertion,230,16777216,1.00000000000000000,-0.000000000
2,3,4096,4194304,16777216,7,reverse,insertion,231,16777216,1.00000000000000000,-0.000000000
2,3,4096,4194304,16777216,7,reverse,insertion,232,16777216,1.00000000000000000,-0.000000000
2,3,4096,4194304,16777216,7,reverse,insertion,233,16777216,1.00000000000000000,-0.000000000
2,3,4096,4194304,16777216,7,reverse,insertion,234,16777216,1.00000000000000000,-0.000000000
2,3,4096,4194304,16777216,7,reverse,insertion,235,16777216,1.00000000000000000,-0.000000000
2,3,4096,4194304,16777216,7,reverse,insertion,236,16777216,1.00000000000000000,-0.000000000
2,3,4096,4194304,16777216,7,reverse,insertion,237,16777216,1.00000000000000000,-0.000000000
2,3,4096,4194304,16777216,7,reverse,insertion,238,16777216,1.00000000000000000,-0.000000000
2,3,4096,4194304,16777216,7,reverse,insertion,239,16777216,1.00000000000000000,-0.000000000
2,3,4096,4194304,16777216,7,reverse,insertion,240,16777216,1.00000000000000000,-0.000000000
2,3,4096,4194304,16777216,7,reverse,insertion,241,16777216,1.00000000000000000,-0.000000000
2,3,4096,4194304,16777216,7,reverse,insertion,242,16777216,1.00000000000000000,-0.000000000
2,3,4096,4194304,16777216,7,reverse,insertion,243,16777216,1.00000000000000000,-0.000000000
2,3,4096,4194304,16777216,7,reverse,insertion,244,16777216,1.00000000000000000,-0.000000000
2,3,4096,4194304,16777216,7,reverse,insertion,245,16777216,1.00000000000000000,-0.000000000
2,3,4096,4194304,16777216,7,reverse,insertion,246,16777216,1.00000000000000000,-0.000000000
2,3,4096,4194304,16777216,7,reverse,insertion,247,16777216,1.00000000000000000,-0.000000000
2,3,4096,4194304,16777216,7,reverse,insertion,248,16777216,1.00000000000000000,-0.000000000
2,3,4096,4194304,16777216,7,reverse,insertion,249,16777216,1.00000000000000000,-0.000000000
2,3,4096,4194304,16777216,7,reverse,insertion,250,16777216,1.00000000000000000,-0.000000000
2,3,4096,4194304,16777216,7,reverse,insertion,251,16777216,1.00000000000000000,-0.000000000
2,3,4096,4194304,16777216,7,reverse,insertion,252,16777216,1.00000000000000000,-0.000000000
2,3,4096,4194304,16777216,7,reverse,insertion,253,16777216,1.00000000000000000,-0.000000000
2,3,4096,4194304,16777216,7,reverse,insertion,254,16777216,1.00000000000000000,-0.000000000
2,3,4096,4194304,16777216,7,reverse,insertion,255,16777216,1.00000000000000000,-0.000000000
2,3,4096,4194304,16777216,7,reverse,insertion,256,16777216,1.00000000000000000,-0.000000000
2,3,4096,4194304,16777216,7,reverse,insertion,257,16777216,1.00000000000000000,-0.000000000
2,3,4096,4194304,16777216,7,reverse,insertion,258,16777216,1.00000000000000000,-0.000000000
2,3,4096,4194304,16777216,7,reverse,insertion,259,16777216,1.00000000000000000,-0.000000000
2,3,4096,4194304,16777216,7,reverse,insertion,260,16777216,1.00000000000000000,-0.000000000
2,3,4096,4194304,16777216,7,reverse,insertion,261,16777216,1.00000000000000000,-0.000000000
2,3,4096,4194304,16777216,7,reverse,insertion,262,16777216,1.00000000000000000,-0.000000000
2,3,4096,4194304,16777216,7,reverse,insertion,263,16777216,1.00000000000000000,-0.000000000
2,3,4096,4194304,16777216,7,reverse,insertion,264,16777216,1.00000000000000000,-0.000000000
2,3,4096,4194304,16777216,7,reverse,insertion,265,16777216,1.00000000000000000,-0.000000000
2,3,4096,4194304,16777216,7,reverse,insertion,266,16777216,1.00000000000000000,-0.000000000
2,3,4096,4194304,16777216,7,reverse,insertion,267,16777216,1.00000000000000000,-0.000000000
2,3,4096,4194304,16777216,7,reverse,insertion,268,16777216,1.00000000000000000,-0.000000000
2,3,4096,4194304,16777216,7,reverse,insertion,269,16777216,1.00000000000000000,-0.000000000
2,3,4096,4194304,16777216,7,reverse,insertion,270,16777216,1.00000000000000000,-0.000000000
2,3,4096,4194304,16777216,7,reverse,insertion,271,16777216,1.00000000000000000,-0.000000000
2,3,4096,4194304,16777216,7,reverse,insertion,272,16777216,1.00000000000000000,-0.000000000
2,3,4096,4194304,16777216,7,reverse,insertion,273,16777216,1.00000000000000000,-0.000000000
2,3,4096,4194304,16777216,7,reverse,insertion,274,16777216,1.00000000000000000,-0.000000000
2,3,4096,4194304,16777216,7,reverse,insertion,275,16777216,1.00000000000000000,-0.000000000
2,3,4096,4194304,16777216,7,reverse,insertion,276,16777216,1.00000000000000000,-0.000000000
2,3,4096,4194304,16777216,7,reverse,insertion,277,16777216,1.00000000000000000,-0.000000000
2,3,4096,4194304,16777216,7,reverse,insertion,278,16777216,1.00000000000000000,-0.000000000
2,3,4096,4194304,16777216,7,reverse,insertion,279,16777216,1.00000000000000000,-0.000000000
2,3,4096,4194304,16777216,7,reverse,insertion,280,16777216,1.00000000000000000,-0.000000000
2,3,4096,4194304,16777216,7,reverse,insertion,281,16777216,1.00000000000000000,-0.000000000
2,3,4096,4194304,16777216,7,reverse,insertion,282,16777216,1.00000000000000000,-0.000000000
2,3,4096,4194304,16777216,7,reverse,insertion,283,16777216,1.00000000000000000,-0.000000000
2,3,4096,4194304,16777216,7,reverse,insertion,284,16777216,1.00000000000000000,-0.000000000
2,3,4096,4194304,16777216,7,reverse,insertion,285,16777216,1.00000000000000000,-0.000000000
2,3,4096,4194304,16777216,7,reverse,insertion,286,16777216,1.00000000000000000,-0.000000000
2,3,4096,4194304,16777216,7,reverse,insertion,287,16777216,1.00000000000000000,-0.000000000
2,3,4096,4194304,16777216,7,reverse,insertion,288,16777216,1.00000000000000000,-0.000000000
2,3,4096,4194304,16777216,7,reverse,insertion,289,16777216,1.00000000000000000,-0.000000000
2,3,4096,4194304,16777216,7,reverse,insertion,290,16777216,1.00000000000000000,-0.000000000
2,3,4096,4194304,16777216,7,reverse,insertion,291,16777216,1.00000000000000000,-0.000000000
2,3,4096,4194304,16777216,7,reverse,insertion,292,16777216,1.00000000000000000,-0.000000000
2,3,4096,4194304,16777216,7,reverse,insertion,293,16777216,1.00000000000000000,-0.000000000
2,3,4096,4194304,16777216,7,reverse,insertion,294,16777216,1.00000000000000000,-0.000000000
2,3,4096,4194304,16777216,7,reverse,insertion,295,16777216,1.00000000000000000,-0.000000000
2,3,4096,4194304,16777216,7,reverse,insertion,296,16777216,1.00000000000000000,-0.000000000
2,3,4096,4194304,16777216,7,reverse,insertion,297,16777216,1.00000000000000000,-0.000000000
2,3,4096,4194304,16777216,7,reverse,insertion,298,16777216,1.00000000000000000,-0.000000000
2,3,4096,4194304,16777216,7,reverse,insertion,299,16777216,1.00000000000000000,-0.000000000
2,3,4096,4194304,16777216,7,reverse,insertion,300,16777216,1.00000000000000000,-0.000000000
2,3,4096,4194304,16777216,7,reverse,insertion,301,16777216,1.00000000000000000,-0.000000000
2,3,4096,4194304,16777216,7,reverse,insertion,302,16777216,1.00000000000000000,-0.000000000
2,3,4096,4194304,16777216,7,reverse,insertion,303,16777216,1.00000000000000000,-0.000000000
2,3,4096,4194304,16777216,7,reverse,insertion,304,16777216,1.00000000000000000,-0.000000000
2,3,4096,4194304,16777216,7,reverse,insertion,305,16777216,1.00000000000000000,-0.000000000
2,3,4096,4194304,16777216,7,reverse,insertion,306,16777216,1.00000000000000000,-0.000000000
2,3,4096,4194304,16777216,7,reverse,insertion,307,16777216,1.00000000000000000,-0.000000000
2,3,4096,4194304,16777216,7,reverse,insertion,308,16777216,1.00000000000000000,-0.000000000
2,3,4096,4194304,16777216,7,reverse,insertion,309,16777216,1.00000000000000000,-0.000000000
2,3,4096,4194304,16777216,7,reverse,insertion,310,16777216,1.00000000000000000,-0.000000000
2,3,4096,4194304,16777216,7,reverse,insertion,311,16777216,1.00000000000000000,-0.000000000
2,3,4096,4194304,16777216,7,reverse,insertion,312,16777216,1.00000000000000000,-0.000000000
2,3,4096,4194304,16777216,7,reverse,insertion,313,16777216,1.00000000000000000,-0.000000000
2,3,4096,4194304,16777216,7,reverse,insertion,314,16777216,1.00000000000000000,-0.000000000
2,3,4096,4194304,16777216,7,reverse,insertion,315,16777216,1.00000000000000000,-0.000000000
2,3,4096,4194304,16777216,7,reverse,insertion,316,16777216,1.00000000000000000,-0.000000000
2,3,4096,4194304,16777216,7,reverse,insertion,317,16777216,1.00000000000000000,-0.000000000
2,3,4096,4194304,16777216,7,reverse,insertion,318,16777216,1.00000000000000000,-0.000000000
2,3,4096,4194304,16777216,7,reverse,insertion,319,16777216,1.00000000000000000,-0.000000000
2,3,4096,4194304,16777216,7,reverse,insertion,320,16777216,1.00000000000000000,-0.000000000
2,3,4096,4194304,16777216,7,reverse,insertion,321,16777216,1.00000000000000000,-0.000000000
2,3,4096,4194304,16777216,7,reverse,insertion,322,16777216,1.00000000000000000,-0.000000000
2,3,4096,4194304,16777216,7,reverse,insertion,323,16777216,1.00000000000000000,-0.000000000
2,3,4096,4194304,16777216,7,reverse,insertion,324,16777216,1.00000000000000000,-0.000000000
2,3,4096,4194304,16777216,7,reverse,insertion,325,16777216,1.00000000000000000,-0.000000000
2,3,4096,4194304,16777216,7,reverse,insertion,326,16777216,1.00000000000000000,-0.000000000
2,3,4096,4194304,16777216,7,reverse,insertion,327,16777216,1.00000000000000000,-0.000000000
2,3,4096,4194304,16777216,7,reverse,insertion,328,16777216,1.00000000000000000,-0.000000000
2,3,4096,4194304,16777216,7,reverse,insertion,329,16777216,1.00000000000000000,-0.000000000
2,3,4096,4194304,16777216,7,reverse,insertion,330,16777216,1.00000000000000000,-0.000000000
2,3,4096,4194304,16777216,7,reverse,insertion,331,16777216,1.00000000000000000,-0.000000000
2,3,4096,4194304,16777216,7,reverse,insertion,332,16777216,1.00000000000000000,-0.000000000
2,3,4096,4194304,16777216,7,reverse,insertion,333,16777216,1.00000000000000000,-0.000000000
2,3,4096,4194304,16777216,7,reverse,insertion,334,16777216,1.00000000000000000,-0.000000000
2,3,4096,4194304,16777216,7,reverse,insertion,335,16777216,1.00000000000000000,-0.000000000
2,3,4096,4194304,16777216,7,reverse,insertion,336,16777216,1.00000000000000000,-0.000000000
2,3,4096,4194304,16777216,7,reverse,insertion,337,16777216,1.00000000000000000,-0.000000000
2,3,4096,4194304,16777216,7,reverse,insertion,338,16777216,1.00000000000000000,-0.000000000
2,3,4096,4194304,16777216,7,reverse,insertion,339,16777216,1.00000000000000000,-0.000000000
2,3,4096,4194304,16777216,7,reverse,insertion,340,16777216,1.00000000000000000,-0.000000000
2,3,4096,4194304,16777216,7,reverse,insertion,341,16777216,1.00000000000000000,-0.000000000
2,3,4096,4194304,16777216,7,reverse,insertion,342,16777216,1.00000000000000000,-0.000000000
2,3,4096,4194304,16777216,7,reverse,insertion,343,16777216,1.00000000000000000,-0.000000000
2,3,4096,4194304,16777216,7,reverse,insertion,344,16777216,1.00000000000000000,-0.000000000
2,3,4096,4194304,16777216,7,reverse,insertion,345,16777216,1.00000000000000000,-0.000000000
2,3,4096,4194304,16777216,7,reverse,insertion,346,16777216,1.00000000000000000,-0.000000000
2,3,4096,4194304,16777216,7,reverse,insertion,347,16777216,1.00000000000000000,-0.000000000
2,3,4096,4194304,16777216,7,reverse,insertion,348,16777216,1.00000000000000000,-0.000000000
2,3,4096,4194304,16777216,7,reverse,insertion,349,16777216,1.00000000000000000,-0.000000000
2,3,4096,4194304,16777216,7,reverse,insertion,350,16777216,1.00000000000000000,-0.000000000
2,3,4096,4194304,16777216,7,reverse,insertion,351,16777216,1.00000000000000000,-0.000000000
2,3,4096,4194304,16777216,7,reverse,insertion,352,16777216,1.00000000000000000,-0.000000000
2,3,4096,4194304,16777216,7,reverse,insertion,353,16777216,1.00000000000000000,-0.000000000
2,3,4096,4194304,16777216,7,reverse,insertion,354,16777216,1.00000000000000000,-0.000000000
2,3,4096,4194304,16777216,7,reverse,insertion,355,16777216,1.00000000000000000,-0.000000000
2,3,4096,4194304,16777216,7,reverse,insertion,356,16777216,1.00000000000000000,-0.000000000
2,3,4096,4194304,16777216,7,reverse,insertion,357,16777216,1.00000000000000000,-0.000000000
2,3,4096,4194304,16777216,7,reverse,insertion,358,16777216,1.00000000000000000,-0.000000000
2,3,4096,4194304,16777216,7,reverse,insertion,359,16777216,1.00000000000000000,-0.000000000
2,3,4096,4194304,16777216,7,reverse,insertion,360,16777216,1.00000000000000000,-0.000000000
2,3,4096,4194304,16777216,7,reverse,insertion,361,16777216,1.00000000000000000,-0.000000000
2,3,4096,4194304,16777216,7,reverse,insertion,362,16777216,1.00000000000000000,-0.000000000
2,3,4096,4194304,16777216,7,reverse,insertion,363,16777216,1.00000000000000000,-0.000000000
2,3,4096,4194304,16777216,7,reverse,insertion,364,16777216,1.00000000000000000,-0.000000000
2,3,4096,4194304,16777216,7,reverse,insertion,365,16777216,1.00000000000000000,-0.000000000
2,3,4096,4194304,16777216,7,reverse,insertion,366,16777216,1.00000000000000000,-0.000000000
2,3,4096,4194304,16777216,7,reverse,insertion,367,16777216,1.00000000000000000,-0.000000000
2,3,4096,4194304,16777216,7,reverse,insertion,368,16777216,1.00000000000000000,-0.000000000
2,3,4096,4194304,16777216,7,reverse,insertion,369,16777216,1.00000000000000000,-0.000000000
2,3,4096,4194304,16777216,7,reverse,insertion,370,16777216,1.00000000000000000,-0.000000000
2,3,4096,4194304,16777216,7,reverse,insertion,371,16777216,1.00000000000000000,-0.000000000
2,3,4096,4194304,16777216,7,reverse,insertion,372,16777216,1.00000000000000000,-0.000000000
2,3,4096,4194304,16777216,7,reverse,insertion,373,16777216,1.00000000000000000,-0.000000000
2,3,4096,4194304,16777216,7,reverse,insertion,374,16777216,1.00000000000000000,-0.000000000
2,3,4096,4194304,16777216,7,reverse,insertion,375,16777216,1.00000000000000000,-0.000000000
2,3,4096,4194304,16777216,7,reverse,insertion,376,16777216,1.00000000000000000,-0.000000000
2,3,4096,4194304,16777216,7,reverse,insertion,377,16777216,1.00000000000000000,-0.000000000
2,3,4096,4194304,16777216,7,reverse,insertion,378,16777216,1.00000000000000000,-0.000000000
2,3,4096,4194304,16777216,7,reverse,insertion,379,16777216,1.00000000000000000,-0.000000000
2,3,4096,4194304,16777216,7,reverse,insertion,380,16777216,1.00000000000000000,-0.000000000
2,3,4096,4194304,16777216,7,reverse,insertion,381,16777216,1.00000000000000000,-0.000000000
2,3,4096,4194304,16777216,7,reverse,insertion,382,16777216,1.00000000000000000,-0.000000000
2,3,4096,4194304,16777216,7,reverse,insertion,383,16777216,1.00000000000000000,-0.000000000
2,3,4096,4194304,16777216,7,reverse,insertion,384,16777216,1.00000000000000000,-0.000000000
2,3,4096,4194304,16777216,7,reverse,insertion,385,16777216,1.00000000000000000,-0.000000000
2,3,4096,4194304,16777216,7,reverse,insertion,386,16777216,1.00000000000000000,-0.000000000
2,3,4096,4194304,16777216,7,reverse,insertion,387,16777216,1.00000000000000000,-0.000000000
2,3,4096,4194304,16777216,7,reverse,insertion,388,16777216,1.00000000000000000,-0.000000000
2,3,4096,4194304,16777216,7,reverse,insertion,389,16777216,1.00000000000000000,-0.000000000
2,3,4096,4194304,16777216,7,reverse,insertion,390,16777216,1.00000000000000000,-0.000000000
2,3,4096,4194304,16777216,7,reverse,insertion,391,16777216,1.00000000000000000,-0.000000000
2,3,4096,4194304,16777216,7,reverse,insertion,392,16777216,1.00000000000000000,-0.000000000
2,3,4096,4194304,16777216,7,reverse,insertion,393,16777216,1.00000000000000000,-0.000000000
2,3,4096,4194304,16777216,7,reverse,insertion,394,16777216,1.00000000000000000,-0.000000000
2,3,4096,4194304,16777216,7,reverse,insertion,395,16777216,1.00000000000000000,-0.000000000
2,3,4096,4194304,16777216,7,reverse,insertion,396,16777216,1.00000000000000000,-0.000000000
2,3,4096,4194304,16777216,7,reverse,insertion,397,16777216,1.00000000000000000,-0.000000000
2,3,4096,4194304,16777216,7,reverse,insertion,398,16777216,1.00000000000000000,-0.000000000
2,3,4096,4194304,16777216,7,reverse,insertion,399,16777216,1.00000000000000000,-0.000000000
2,3,4096,4194304,16777216,7,reverse,insertion,400,16777216,1.00000000000000000,-0.000000000
2,3,4096,4194304,16777216,7,reverse,insertion,401,16777216,1.00000000000000000,-0.000000000
2,3,4096,4194304,16777216,7,reverse,insertion,402,16777216,1.00000000000000000,-0.000000000
2,3,4096,4194304,16777216,7,reverse,insertion,403,16777216,1.00000000000000000,-0.000000000
2,3,4096,4194304,16777216,7,reverse,insertion,404,16777216,1.00000000000000000,-0.000000000
2,3,4096,4194304,16777216,7,reverse,insertion,405,16777216,1.00000000000000000,-0.000000000
2,3,4096,4194304,16777216,7,reverse,insertion,406,16777216,1.00000000000000000,-0.000000000
2,3,4096,4194304,16777216,7,reverse,insertion,407,16777216,1.00000000000000000,-0.000000000
2,3,4096,4194304,16777216,7,reverse,insertion,408,16777216,1.00000000000000000,-0.000000000
2,3,4096,4194304,16777216,7,reverse,insertion,409,16777216,1.00000000000000000,-0.000000000
2,3,4096,4194304,16777216,7,reverse,insertion,410,16777216,1.00000000000000000,-0.000000000
2,3,4096,4194304,16777216,7,reverse,insertion,411,16777216,1.00000000000000000,-0.000000000
2,3,4096,4194304,16777216,7,reverse,insertion,412,16777216,1.00000000000000000,-0.000000000
2,3,4096,4194304,16777216,7,reverse,insertion,413,16777216,1.00000000000000000,-0.000000000
2,3,4096,4194304,16777216,7,reverse,insertion,414,16777216,1.00000000000000000,-0.000000000
2,3,4096,4194304,16777216,7,reverse,insertion,415,16777216,1.00000000000000000,-0.000000000
2,3,4096,4194304,16777216,7,reverse,insertion,416,16777216,1.00000000000000000,-0.000000000
2,3,4096,4194304,16777216,7,reverse,insertion,417,16777216,1.00000000000000000,-0.000000000
2,3,4096,4194304,16777216,7,reverse,insertion,418,16777216,1.00000000000000000,-0.000000000
2,3,4096,4194304,16777216,7,reverse,insertion,419,16777216,1.00000000000000000,-0.000000000
2,3,4096,4194304,16777216,7,reverse,insertion,420,16777216,1.00000000000000000,-0.000000000
2,3,4096,4194304,16777216,7,reverse,insertion,421,16777216,1.00000000000000000,-0.000000000
2,3,4096,4194304,16777216,7,reverse,insertion,422,16777216,1.00000000000000000,-0.000000000
2,3,4096,4194304,16777216,7,reverse,insertion,423,16777216,1.00000000000000000,-0.000000000
2,3,4096,4194304,16777216,7,reverse,insertion,424,16777216,1.00000000000000000,-0.000000000
2,3,4096,4194304,16777216,7,reverse,insertion,425,16777216,1.00000000000000000,-0.000000000
2,3,4096,4194304,16777216,7,reverse,insertion,426,16777216,1.00000000000000000,-0.000000000
2,3,4096,4194304,16777216,7,reverse,insertion,427,16777216,1.00000000000000000,-0.000000000
2,3,4096,4194304,16777216,7,reverse,insertion,428,16777216,1.00000000000000000,-0.000000000
2,3,4096,4194304,16777216,7,reverse,insertion,429,16777216,1.00000000000000000,-0.000000000
2,3,4096,4194304,16777216,7,reverse,insertion,430,16777216,1.00000000000000000,-0.000000000
2,3,4096,4194304,16777216,7,reverse,insertion,431,16777216,1.00000000000000000,-0.000000000
2,3,4096,4194304,16777216,7,reverse,insertion,432,16777216,1.00000000000000000,-0.000000000
2,3,4096,4194304,16777216,7,reverse,insertion,433,16777216,1.00000000000000000,-0.000000000
2,3,4096,4194304,16777216,7,reverse,insertion,434,16777216,1.00000000000000000,-0.000000000
2,3,4096,4194304,16777216,7,reverse,insertion,435,16777216,1.00000000000000000,-0.000000000
2,3,4096,4194304,16777216,7,reverse,insertion,436,16777216,1.00000000000000000,-0.000000000
2,3,4096,4194304,16777216,7,reverse,insertion,437,16777216,1.00000000000000000,-0.000000000
2,3,4096,4194304,16777216,7,reverse,insertion,438,16777216,1.00000000000000000,-0.000000000
2,3,4096,4194304,16777216,7,reverse,insertion,439,16777216,1.00000000000000000,-0.000000000
2,3,4096,4194304,16777216,7,reverse,insertion,440,16777216,1.00000000000000000,-0.000000000
2,3,4096,4194304,16777216,7,reverse,insertion,441,16777216,1.00000000000000000,-0.000000000
2,3,4096,4194304,16777216,7,reverse,insertion,442,16777216,1.00000000000000000,-0.000000000
2,3,4096,4194304,16777216,7,reverse,insertion,443,16777216,1.00000000000000000,-0.000000000
2,3,4096,4194304,16777216,7,reverse,insertion,444,16777216,1.00000000000000000,-0.000000000
2,3,4096,4194304,16777216,7,reverse,insertion,445,16777216,1.00000000000000000,-0.000000000
2,3,4096,4194304,16777216,7,reverse,insertion,446,16777216,1.00000000000000000,-0.000000000
2,3,4096,4194304,16777216,7,reverse,insertion,447,16777216,1.00000000000000000,-0.000000000
2,3,4096,4194304,16777216,7,reverse,insertion,448,16777216,1.00000000000000000,-0.000000000
2,3,4096,4194304,16777216,7,reverse,insertion,449,16777216,1.00000000000000000,-0.000000000
2,3,4096,4194304,16777216,7,reverse,insertion,450,16777216,1.00000000000000000,-0.000000000
2,3,4096,4194304,16777216,7,reverse,insertion,451,16777216,1.00000000000000000,-0.000000000
2,3,4096,4194304,16777216,7,reverse,insertion,452,16777216,1.00000000000000000,-0.000000000
2,3,4096,4194304,16777216,7,reverse,insertion,453,16777216,1.00000000000000000,-0.000000000
2,3,4096,4194304,16777216,7,reverse,insertion,454,16777216,1.00000000000000000,-0.000000000
2,3,4096,4194304,16777216,7,reverse,insertion,455,16777216,1.00000000000000000,-0.000000000
2,3,4096,4194304,16777216,7,reverse,insertion,456,16777216,1.00000000000000000,-0.000000000
2,3,4096,4194304,16777216,7,reverse,insertion,457,16777216,1.00000000000000000,-0.000000000
2,3,4096,4194304,16777216,7,reverse,insertion,458,16777216,1.00000000000000000,-0.000000000
2,3,4096,4194304,16777216,7,reverse,insertion,459,16777216,1.00000000000000000,-0.000000000
2,3,4096,4194304,16777216,7,reverse,insertion,460,16777216,1.00000000000000000,-0.000000000
2,3,4096,4194304,16777216,7,reverse,insertion,461,16777216,1.00000000000000000,-0.000000000
2,3,4096,4194304,16777216,7,reverse,insertion,462,16777216,1.00000000000000000,-0.000000000
2,3,4096,4194304,16777216,7,reverse,insertion,463,16777216,1.00000000000000000,-0.000000000
2,3,4096,4194304,16777216,7,reverse,insertion,464,16777216,1.00000000000000000,-0.000000000
2,3,4096,4194304,16777216,7,reverse,insertion,465,16777216,1.00000000000000000,-0.000000000
2,3,4096,4194304,16777216,7,reverse,insertion,466,16777216,1.00000000000000000,-0.000000000
2,3,4096,4194304,16777216,7,reverse,insertion,467,16777216,1.00000000000000000,-0.000000000
2,3,4096,4194304,16777216,7,reverse,insertion,468,16777216,1.00000000000000000,-0.000000000
2,3,4096,4194304,16777216,7,reverse,insertion,469,16777216,1.00000000000000000,-0.000000000
2,3,4096,4194304,16777216,7,reverse,insertion,470,16777216,1.00000000000000000,-0.000000000
2,3,4096,4194304,16777216,7,reverse,insertion,471,16777216,1.00000000000000000,-0.000000000
2,3,4096,4194304,16777216,7,reverse,insertion,472,16777216,1.00000000000000000,-0.000000000
2,3,4096,4194304,16777216,7,reverse,insertion,473,16777216,1.00000000000000000,-0.000000000
2,3,4096,4194304,16777216,7,reverse,insertion,474,16777216,1.00000000000000000,-0.000000000
2,3,4096,4194304,16777216,7,reverse,insertion,475,16777216,1.00000000000000000,-0.000000000
2,3,4096,4194304,16777216,7,reverse,insertion,476,16777216,1.00000000000000000,-0.000000000
2,3,4096,4194304,16777216,7,reverse,insertion,477,16777216,1.00000000000000000,-0.000000000
2,3,4096,4194304,16777216,7,reverse,insertion,478,16777216,1.00000000000000000,-0.000000000
2,3,4096,4194304,16777216,7,reverse,insertion,479,16777216,1.00000000000000000,-0.000000000
2,3,4096,4194304,16777216,7,reverse,insertion,480,16777216,1.00000000000000000,-0.000000000
2,3,4096,4194304,16777216,7,reverse,insertion,481,16777216,1.00000000000000000,-0.000000000
2,3,4096,4194304,16777216,7,reverse,insertion,482,16777216,1.00000000000000000,-0.000000000
2,3,4096,4194304,16777216,7,reverse,insertion,483,16777216,1.00000000000000000,-0.000000000
2,3,4096,4194304,16777216,7,reverse,insertion,484,16777216,1.00000000000000000,-0.000000000
2,3,4096,4194304,16777216,7,reverse,insertion,485,16777216,1.00000000000000000,-0.000000000
2,3,4096,4194304,16777216,7,reverse,insertion,486,16777216,1.00000000000000000,-0.000000000
2,3,4096,4194304,16777216,7,reverse,insertion,487,16777216,1.00000000000000000,-0.000000000
2,3,4096,4194304,16777216,7,reverse,insertion,488,16777216,1.00000000000000000,-0.000000000
2,3,4096,4194304,16777216,7,reverse,insertion,489,16777216,1.00000000000000000,-0.000000000
2,3,4096,4194304,16777216,7,reverse,insertion,490,16777216,1.00000000000000000,-0.000000000
2,3,4096,4194304,16777216,7,reverse,insertion,491,16777216,1.00000000000000000,-0.000000000
2,3,4096,4194304,16777216,7,reverse,insertion,492,16777216,1.00000000000000000,-0.000000000
2,3,4096,4194304,16777216,7,reverse,insertion,493,16777216,1.00000000000000000,-0.000000000
2,3,4096,4194304,16777216,7,reverse,insertion,494,16777216,1.00000000000000000,-0.000000000
2,3,4096,4194304,16777216,7,reverse,insertion,495,16777216,1.00000000000000000,-0.000000000
2,3,4096,4194304,16777216,7,reverse,insertion,496,16777216,1.00000000000000000,-0.000000000
2,3,4096,4194304,16777216,7,reverse,insertion,497,16777216,1.00000000000000000,-0.000000000
2,3,4096,4194304,16777216,7,reverse,insertion,498,16777216,1.00000000000000000,-0.000000000
2,3,4096,4194304,16777216,7,reverse,insertion,499,16777216,1.00000000000000000,-0.000000000
2,3,4096,4194304,16777216,7,reverse,insertion,500,16777216,1.00000000000000000,-0.000000000
2,3,4096,4194304,16777216,7,reverse,insertion,501,16777216,1.00000000000000000,-0.000000000
2,3,4096,4194304,16777216,7,reverse,insertion,502,16777216,1.00000000000000000,-0.000000000
2,3,4096,4194304,16777216,7,reverse,insertion,503,16777216,1.00000000000000000,-0.000000000
2,3,4096,4194304,16777216,7,reverse,insertion,504,16777216,1.00000000000000000,-0.000000000
2,3,4096,4194304,16777216,7,reverse,insertion,505,16777216,1.00000000000000000,-0.000000000
2,3,4096,4194304,16777216,7,reverse,insertion,506,16777216,1.00000000000000000,-0.000000000
2,3,4096,4194304,16777216,7,reverse,insertion,507,16777216,1.00000000000000000,-0.000000000
2,3,4096,4194304,16777216,7,reverse,insertion,508,16777216,1.00000000000000000,-0.000000000
2,3,4096,4194304,16777216,7,reverse,insertion,509,16777216,1.00000000000000000,-0.000000000
2,3,4096,4194304,16777216,7,reverse,insertion,510,16777216,1.00000000000000000,-0.000000000
2,3,4096,4194304,16777216,7,reverse,insertion,511,16777216,1.00000000000000000,-0.000000000
2,3,4096,4194304,16777216,7,reverse,insertion,512,16777216,1.00000000000000000,-0.000000000
2,3,4096,4194304,16777216,7,reverse,insertion,513,16777216,1.00000000000000000,-0.000000000
2,3,4096,4194304,16777216,7,reverse,insertion,514,16777216,1.00000000000000000,-0.000000000
2,3,4096,4194304,16777216,7,reverse,insertion,515,16777216,1.00000000000000000,-0.000000000
2,3,4096,4194304,16777216,7,reverse,insertion,516,16777216,1.00000000000000000,-0.000000000
2,3,4096,4194304,16777216,7,reverse,insertion,517,16777216,1.00000000000000000,-0.000000000
2,3,4096,4194304,16777216,7,reverse,insertion,518,16777216,1.00000000000000000,-0.000000000
2,3,4096,4194304,16777216,7,reverse,insertion,519,16777216,1.00000000000000000,-0.000000000
2,3,4096,4194304,16777216,7,reverse,insertion,520,16777216,1.00000000000000000,-0.000000000
2,3,4096,4194304,16777216,7,reverse,insertion,521,16777216,1.00000000000000000,-0.000000000
2,3,4096,4194304,16777216,7,reverse,insertion,522,16777216,1.00000000000000000,-0.000000000
2,3,4096,4194304,16777216,7,reverse,insertion,523,16777216,1.00000000000000000,-0.000000000
2,3,4096,4194304,16777216,7,reverse,insertion,524,16777216,1.00000000000000000,-0.000000000
2,3,4096,4194304,16777216,7,reverse,insertion,525,16777216,1.00000000000000000,-0.000000000
2,3,4096,4194304,16777216,7,reverse,insertion,526,16777216,1.00000000000000000,-0.000000000
2,3,4096,4194304,16777216,7,reverse,insertion,527,16777216,1.00000000000000000,-0.000000000
2,3,4096,4194304,16777216,7,reverse,insertion,528,16777216,1.00000000000000000,-0.000000000
2,3,4096,4194304,16777216,7,reverse,insertion,529,16777216,1.00000000000000000,-0.000000000
2,3,4096,4194304,16777216,7,reverse,insertion,530,16777216,1.00000000000000000,-0.000000000
2,3,4096,4194304,16777216,7,reverse,insertion,531,16777216,1.00000000000000000,-0.000000000
2,3,4096,4194304,16777216,7,reverse,insertion,532,16777216,1.00000000000000000,-0.000000000
2,3,4096,4194304,16777216,7,reverse,insertion,533,16777216,1.00000000000000000,-0.000000000
2,3,4096,4194304,16777216,7,reverse,insertion,534,16777216,1.00000000000000000,-0.000000000
2,3,4096,4194304,16777216,7,reverse,insertion,535,16777216,1.00000000000000000,-0.000000000
2,3,4096,4194304,16777216,7,reverse,insertion,536,16777216,1.00000000000000000,-0.000000000
2,3,4096,4194304,16777216,7,reverse,insertion,537,16777216,1.00000000000000000,-0.000000000
2,3,4096,4194304,16777216,7,reverse,insertion,538,16777216,1.00000000000000000,-0.000000000
2,3,4096,4194304,16777216,7,reverse,insertion,539,16777216,1.00000000000000000,-0.000000000
2,3,4096,4194304,16777216,7,reverse,insertion,540,16777216,1.00000000000000000,-0.000000000
2,3,4096,4194304,16777216,7,reverse,insertion,541,16777216,1.00000000000000000,-0.000000000
2,3,4096,4194304,16777216,7,reverse,insertion,542,16777216,1.00000000000000000,-0.000000000
2,3,4096,4194304,16777216,7,reverse,insertion,543,16777216,1.00000000000000000,-0.000000000
2,3,4096,4194304,16777216,7,reverse,insertion,544,16777216,1.00000000000000000,-0.000000000
2,3,4096,4194304,16777216,7,reverse,insertion,545,16777216,1.00000000000000000,-0.000000000
2,3,4096,4194304,16777216,7,reverse,insertion,546,16777216,1.00000000000000000,-0.000000000
2,3,4096,4194304,16777216,7,reverse,insertion,547,16777216,1.00000000000000000,-0.000000000
2,3,4096,4194304,16777216,7,reverse,insertion,548,16777216,1.00000000000000000,-0.000000000
2,3,4096,4194304,16777216,7,reverse,insertion,549,16777216,1.00000000000000000,-0.000000000
2,3,4096,4194304,16777216,7,reverse,insertion,550,16777216,1.00000000000000000,-0.000000000
2,3,4096,4194304,16777216,7,reverse,insertion,551,16777216,1.00000000000000000,-0.000000000
2,3,4096,4194304,16777216,7,reverse,insertion,552,16777216,1.00000000000000000,-0.000000000
2,3,4096,4194304,16777216,7,reverse,insertion,553,16777216,1.00000000000000000,-0.000000000
2,3,4096,4194304,16777216,7,reverse,insertion,554,16777216,1.00000000000000000,-0.000000000
2,3,4096,4194304,16777216,7,reverse,insertion,555,16777216,1.00000000000000000,-0.000000000
2,3,4096,4194304,16777216,7,reverse,insertion,556,16777216,1.00000000000000000,-0.000000000
2,3,4096,4194304,16777216,7,reverse,insertion,557,16777216,1.00000000000000000,-0.000000000
2,3,4096,4194304,16777216,7,reverse,insertion,558,16777216,1.00000000000000000,-0.000000000
2,3,4096,4194304,16777216,7,reverse,insertion,559,16777216,1.00000000000000000,-0.000000000
2,3,4096,4194304,16777216,7,reverse,insertion,560,16777216,1.00000000000000000,-0.000000000
2,3,4096,4194304,16777216,7,reverse,insertion,561,16777216,1.00000000000000000,-0.000000000
2,3,4096,4194304,16777216,7,reverse,insertion,562,16777216,1.00000000000000000,-0.000000000
2,3,4096,4194304,16777216,7,reverse,insertion,563,16777216,1.00000000000000000,-0.000000000
2,3,4096,4194304,16777216,7,reverse,insertion,564,16777216,1.00000000000000000,-0.000000000
2,3,4096,4194304,16777216,7,reverse,insertion,565,16777216,1.00000000000000000,-0.000000000
2,3,4096,4194304,16777216,7,reverse,insertion,566,16777216,1.00000000000000000,-0.000000000
2,3,4096,4194304,16777216,7,reverse,insertion,567,16777216,1.00000000000000000,-0.000000000
2,3,4096,4194304,16777216,7,reverse,insertion,568,16777216,1.00000000000000000,-0.000000000
2,3,4096,4194304,16777216,7,reverse,insertion,569,16777216,1.00000000000000000,-0.000000000
2,3,4096,4194304,16777216,7,reverse,insertion,570,16777216,1.00000000000000000,-0.000000000
2,3,4096,4194304,16777216,7,reverse,insertion,571,16777216,1.00000000000000000,-0.000000000
2,3,4096,4194304,16777216,7,reverse,insertion,572,16777216,1.00000000000000000,-0.000000000
2,3,4096,4194304,16777216,7,reverse,insertion,573,16777216,1.00000000000000000,-0.000000000
2,3,4096,4194304,16777216,7,reverse,insertion,574,16777216,1.00000000000000000,-0.000000000
2,3,4096,4194304,16777216,7,reverse,insertion,575,16777216,1.00000000000000000,-0.000000000
2,3,4096,4194304,16777216,7,reverse,insertion,576,16777216,1.00000000000000000,-0.000000000
2,3,4096,4194304,16777216,7,reverse,insertion,577,16777216,1.00000000000000000,-0.000000000
2,3,4096,4194304,16777216,7,reverse,insertion,578,16777216,1.00000000000000000,-0.000000000
2,3,4096,4194304,16777216,7,reverse,insertion,579,16777216,1.00000000000000000,-0.000000000
2,3,4096,4194304,16777216,7,reverse,insertion,580,16777216,1.00000000000000000,-0.000000000
2,3,4096,4194304,16777216,7,reverse,insertion,581,16777216,1.00000000000000000,-0.000000000
2,3,4096,4194304,16777216,7,reverse,insertion,582,16777216,1.00000000000000000,-0.000000000
2,3,4096,4194304,16777216,7,reverse,insertion,583,16777216,1.00000000000000000,-0.000000000
2,3,4096,4194304,16777216,7,reverse,insertion,584,16777216,1.00000000000000000,-0.000000000
2,3,4096,4194304,16777216,7,reverse,insertion,585,16777216,1.00000000000000000,-0.000000000
2,3,4096,4194304,16777216,7,reverse,insertion,586,16777216,1.00000000000000000,-0.000000000
2,3,4096,4194304,16777216,7,reverse,insertion,587,16777216,1.00000000000000000,-0.000000000
2,3,4096,4194304,16777216,7,reverse,insertion,588,16777216,1.00000000000000000,-0.000000000
2,3,4096,4194304,16777216,7,reverse,insertion,589,16777216,1.00000000000000000,-0.000000000
2,3,4096,4194304,16777216,7,reverse,insertion,590,16777216,1.00000000000000000,-0.000000000
2,3,4096,4194304,16777216,7,reverse,insertion,591,16777216,1.00000000000000000,-0.000000000
2,3,4096,4194304,16777216,7,reverse,insertion,592,16777216,1.00000000000000000,-0.000000000
2,3,4096,4194304,16777216,7,reverse,insertion,593,16777216,1.00000000000000000,-0.000000000
2,3,4096,4194304,16777216,7,reverse,insertion,594,16777216,1.00000000000000000,-0.000000000
2,3,4096,4194304,16777216,7,reverse,insertion,595,16777216,1.00000000000000000,-0.000000000
2,3,4096,4194304,16777216,7,reverse,insertion,596,16777216,1.00000000000000000,-0.000000000
2,3,4096,4194304,16777216,7,reverse,insertion,597,16777216,1.00000000000000000,-0.000000000
2,3,4096,4194304,16777216,7,reverse,insertion,598,16777216,1.00000000000000000,-0.000000000
2,3,4096,4194304,16777216,7,reverse,insertion,599,16777216,1.00000000000000000,-0.000000000
2,3,4096,4194304,16777216,7,reverse,insertion,600,16777216,1.00000000000000000,-0.000000000
2,3,4096,4194304,16777216,7,reverse,insertion,601,16777216,1.00000000000000000,-0.000000000
2,3,4096,4194304,16777216,7,reverse,insertion,602,16777216,1.00000000000000000,-0.000000000
2,3,4096,4194304,16777216,7,reverse,insertion,603,16777216,1.00000000000000000,-0.000000000
2,3,4096,4194304,16777216,7,reverse,insertion,604,16777216,1.00000000000000000,-0.000000000
2,3,4096,4194304,16777216,7,reverse,insertion,605,16777216,1.00000000000000000,-0.000000000
2,3,4096,4194304,16777216,7,reverse,insertion,606,16777216,1.00000000000000000,-0.000000000
2,3,4096,4194304,16777216,7,reverse,insertion,607,16777216,1.00000000000000000,-0.000000000
2,3,4096,4194304,16777216,7,reverse,insertion,608,16777216,1.00000000000000000,-0.000000000
2,3,4096,4194304,16777216,7,reverse,insertion,609,16777216,1.00000000000000000,-0.000000000
2,3,4096,4194304,16777216,7,reverse,insertion,610,16777216,1.00000000000000000,-0.000000000
2,3,4096,4194304,16777216,7,reverse,insertion,611,16777216,1.00000000000000000,-0.000000000
2,3,4096,4194304,16777216,7,reverse,insertion,612,16777216,1.00000000000000000,-0.000000000
2,3,4096,4194304,16777216,7,reverse,insertion,613,16777216,1.00000000000000000,-0.000000000
2,3,4096,4194304,16777216,7,reverse,insertion,614,16777216,1.00000000000000000,-0.000000000
2,3,4096,4194304,16777216,7,reverse,insertion,615,16777216,1.00000000000000000,-0.000000000
2,3,4096,4194304,16777216,7,reverse,insertion,616,16777216,1.00000000000000000,-0.000000000
2,3,4096,4194304,16777216,7,reverse,insertion,617,16777216,1.00000000000000000,-0.000000000
2,3,4096,4194304,16777216,7,reverse,insertion,618,16777216,1.00000000000000000,-0.000000000
2,3,4096,4194304,16777216,7,reverse,insertion,619,16777216,1.00000000000000000,-0.000000000
2,3,4096,4194304,16777216,7,reverse,insertion,620,16777216,1.00000000000000000,-0.000000000
2,3,4096,4194304,16777216,7,reverse,insertion,621,16777216,1.00000000000000000,-0.000000000
2,3,4096,4194304,16777216,7,reverse,insertion,622,16777216,1.00000000000000000,-0.000000000
2,3,4096,4194304,16777216,7,reverse,insertion,623,16777216,1.00000000000000000,-0.000000000
2,3,4096,4194304,16777216,7,reverse,insertion,624,16777216,1.00000000000000000,-0.000000000
2,3,4096,4194304,16777216,7,reverse,insertion,625,16777216,1.00000000000000000,-0.000000000
2,3,4096,4194304,16777216,7,reverse,insertion,626,16777216,1.00000000000000000,-0.000000000
2,3,4096,4194304,16777216,7,reverse,insertion,627,16777216,1.00000000000000000,-0.000000000
2,3,4096,4194304,16777216,7,reverse,insertion,628,16777216,1.00000000000000000,-0.000000000
2,3,4096,4194304,16777216,7,reverse,insertion,629,16777216,1.00000000000000000,-0.000000000
2,3,4096,4194304,16777216,7,reverse,insertion,630,16777216,1.00000000000000000,-0.000000000
2,3,4096,4194304,16777216,7,reverse,insertion,631,16777216,1.00000000000000000,-0.000000000
2,3,4096,4194304,16777216,7,reverse,insertion,632,16777216,1.00000000000000000,-0.000000000
2,3,4096,4194304,16777216,7,reverse,insertion,633,16777216,1.00000000000000000,-0.000000000
2,3,4096,4194304,16777216,7,reverse,insertion,634,16777216,1.00000000000000000,-0.000000000
2,3,4096,4194304,16777216,7,reverse,insertion,635,16777216,1.00000000000000000,-0.000000000
2,3,4096,4194304,16777216,7,reverse,insertion,636,16777216,1.00000000000000000,-0.000000000
2,3,4096,4194304,16777216,7,reverse,insertion,637,16777216,1.00000000000000000,-0.000000000
2,3,4096,4194304,16777216,7,reverse,insertion,638,16777216,1.00000000000000000,-0.000000000
2,3,4096,4194304,16777216,7,reverse,insertion,639,16777216,1.00000000000000000,-0.000000000
2,3,4096,4194304,16777216,7,reverse,insertion,640,16777216,1.00000000000000000,-0.000000000
2,3,4096,4194304,16777216,7,reverse,insertion,641,16777216,1.00000000000000000,-0.000000000
2,3,4096,4194304,16777216,7,reverse,insertion,642,16777216,1.00000000000000000,-0.000000000
2,3,4096,4194304,16777216,7,reverse,insertion,643,16777216,1.00000000000000000,-0.000000000
2,3,4096,4194304,16777216,7,reverse,insertion,644,16777216,1.00000000000000000,-0.000000000
2,3,4096,4194304,16777216,7,reverse,insertion,645,16777216,1.00000000000000000,-0.000000000
2,3,4096,4194304,16777216,7,reverse,insertion,646,16777216,1.00000000000000000,-0.000000000
2,3,4096,4194304,16777216,7,reverse,insertion,647,16777216,1.00000000000000000,-0.000000000
2,3,4096,4194304,16777216,7,reverse,insertion,648,16777216,1.00000000000000000,-0.000000000
2,3,4096,4194304,16777216,7,reverse,insertion,649,16777216,1.00000000000000000,-0.000000000
2,3,4096,4194304,16777216,7,reverse,insertion,650,16777216,1.00000000000000000,-0.000000000
2,3,4096,4194304,16777216,7,reverse,insertion,651,16777216,1.00000000000000000,-0.000000000
2,3,4096,4194304,16777216,7,reverse,insertion,652,16777216,1.00000000000000000,-0.000000000
2,3,4096,4194304,16777216,7,reverse,insertion,653,16777216,1.00000000000000000,-0.000000000
2,3,4096,4194304,16777216,7,reverse,insertion,654,16777216,1.00000000000000000,-0.000000000
2,3,4096,4194304,16777216,7,reverse,insertion,655,16777216,1.00000000000000000,-0.000000000
2,3,4096,4194304,16777216,7,reverse,insertion,656,16777216,1.00000000000000000,-0.000000000
2,3,4096,4194304,16777216,7,reverse,insertion,657,16777216,1.00000000000000000,-0.000000000
2,3,4096,4194304,16777216,7,reverse,insertion,658,16777216,1.00000000000000000,-0.000000000
2,3,4096,4194304,16777216,7,reverse,insertion,659,16777216,1.00000000000000000,-0.000000000
2,3,4096,4194304,16777216,7,reverse,insertion,660,16777216,1.00000000000000000,-0.000000000
2,3,4096,4194304,16777216,7,reverse,insertion,661,16777216,1.00000000000000000,-0.000000000
2,3,4096,4194304,16777216,7,reverse,insertion,662,16777216,1.00000000000000000,-0.000000000
2,3,4096,4194304,16777216,7,reverse,insertion,663,16777216,1.00000000000000000,-0.000000000
2,3,4096,4194304,16777216,7,reverse,insertion,664,16777216,1.00000000000000000,-0.000000000
2,3,4096,4194304,16777216,7,reverse,insertion,665,16777216,1.00000000000000000,-0.000000000
2,3,4096,4194304,16777216,7,reverse,insertion,666,16777216,1.00000000000000000,-0.000000000
2,3,4096,4194304,16777216,7,reverse,insertion,667,16777216,1.00000000000000000,-0.000000000
2,3,4096,4194304,16777216,7,reverse,insertion,668,16777216,1.00000000000000000,-0.000000000
2,3,4096,4194304,16777216,7,reverse,insertion,669,16777216,1.00000000000000000,-0.000000000
2,3,4096,4194304,16777216,7,reverse,insertion,670,16777216,1.00000000000000000,-0.000000000
2,3,4096,4194304,16777216,7,reverse,insertion,671,16777216,1.00000000000000000,-0.000000000
2,3,4096,4194304,16777216,7,reverse,insertion,672,16777216,1.00000000000000000,-0.000000000
2,3,4096,4194304,16777216,7,reverse,insertion,673,16777216,1.00000000000000000,-0.000000000
2,3,4096,4194304,16777216,7,reverse,insertion,674,16777216,1.00000000000000000,-0.000000000
2,3,4096,4194304,16777216,7,reverse,insertion,675,16777216,1.00000000000000000,-0.000000000
2,3,4096,4194304,16777216,7,reverse,insertion,676,16777216,1.00000000000000000,-0.000000000
2,3,4096,4194304,16777216,7,reverse,insertion,677,16777216,1.00000000000000000,-0.000000000
2,3,4096,4194304,16777216,7,reverse,insertion,678,16777216,1.00000000000000000,-0.000000000
2,3,4096,4194304,16777216,7,reverse,insertion,679,16777216,1.00000000000000000,-0.000000000
2,3,4096,4194304,16777216,7,reverse,insertion,680,16777216,1.00000000000000000,-0.000000000
2,3,4096,4194304,16777216,7,reverse,insertion,681,16777216,1.00000000000000000,-0.000000000
2,3,4096,4194304,16777216,7,reverse,insertion,682,16777216,1.00000000000000000,-0.000000000
2,3,4096,4194304,16777216,7,reverse,insertion,683,16777216,1.00000000000000000,-0.000000000
2,3,4096,4194304,16777216,7,reverse,insertion,684,16777216,1.00000000000000000,-0.000000000
2,3,4096,4194304,16777216,7,reverse,insertion,685,16777216,1.00000000000000000,-0.000000000
2,3,4096,4194304,16777216,7,reverse,insertion,686,16777216,1.00000000000000000,-0.000000000
2,3,4096,4194304,16777216,7,reverse,insertion,687,16777216,1.00000000000000000,-0.000000000
2,3,4096,4194304,16777216,7,reverse,insertion,688,16777216,1.00000000000000000,-0.000000000
2,3,4096,4194304,16777216,7,reverse,insertion,689,16777216,1.00000000000000000,-0.000000000
2,3,4096,4194304,16777216,7,reverse,insertion,690,16777216,1.00000000000000000,-0.000000000
2,3,4096,4194304,16777216,7,reverse,insertion,691,16777216,1.00000000000000000,-0.000000000
2,3,4096,4194304,16777216,7,reverse,insertion,692,16777216,1.00000000000000000,-0.000000000
2,3,4096,4194304,16777216,7,reverse,insertion,693,16777216,1.00000000000000000,-0.000000000
2,3,4096,4194304,16777216,7,reverse,insertion,694,16777216,1.00000000000000000,-0.000000000
2,3,4096,4194304,16777216,7,reverse,insertion,695,16777216,1.00000000000000000,-0.000000000
2,3,4096,4194304,16777216,7,reverse,insertion,696,16777216,1.00000000000000000,-0.000000000
2,3,4096,4194304,16777216,7,reverse,insertion,697,16777216,1.00000000000000000,-0.000000000
2,3,4096,4194304,16777216,7,reverse,insertion,698,16777216,1.00000000000000000,-0.000000000
2,3,4096,4194304,16777216,7,reverse,insertion,699,16777216,1.00000000000000000,-0.000000000
2,3,4096,4194304,16777216,7,reverse,insertion,700,16777216,1.00000000000000000,-0.000000000
2,3,4096,4194304,16777216,7,reverse,insertion,701,16777216,1.00000000000000000,-0.000000000
2,3,4096,4194304,16777216,7,reverse,insertion,702,16777216,1.00000000000000000,-0.000000000
2,3,4096,4194304,16777216,7,reverse,insertion,703,16777216,1.00000000000000000,-0.000000000
2,3,4096,4194304,16777216,7,reverse,insertion,704,16777216,1.00000000000000000,-0.000000000
2,3,4096,4194304,16777216,7,reverse,insertion,705,16777216,1.00000000000000000,-0.000000000
2,3,4096,4194304,16777216,7,reverse,insertion,706,16777216,1.00000000000000000,-0.000000000
2,3,4096,4194304,16777216,7,reverse,insertion,707,16777216,1.00000000000000000,-0.000000000
2,3,4096,4194304,16777216,7,reverse,insertion,708,16777216,1.00000000000000000,-0.000000000
2,3,4096,4194304,16777216,7,reverse,insertion,709,16777216,1.00000000000000000,-0.000000000
2,3,4096,4194304,16777216,7,reverse,insertion,710,16777216,1.00000000000000000,-0.000000000
2,3,4096,4194304,16777216,7,reverse,insertion,711,16777216,1.00000000000000000,-0.000000000
2,3,4096,4194304,16777216,7,reverse,insertion,712,16777216,1.00000000000000000,-0.000000000
2,3,4096,4194304,16777216,7,reverse,insertion,713,16777216,1.00000000000000000,-0.000000000
2,3,4096,4194304,16777216,7,reverse,insertion,714,16777216,1.00000000000000000,-0.000000000
2,3,4096,4194304,16777216,7,reverse,insertion,715,16777216,1.00000000000000000,-0.000000000
2,3,4096,4194304,16777216,7,reverse,insertion,716,16777216,1.00000000000000000,-0.000000000
2,3,4096,4194304,16777216,7,reverse,insertion,717,16777216,1.00000000000000000,-0.000000000
2,3,4096,4194304,16777216,7,reverse,insertion,718,16777216,1.00000000000000000,-0.000000000
2,3,4096,4194304,16777216,7,reverse,insertion,719,16777216,1.00000000000000000,-0.000000000
2,3,4096,4194304,16777216,7,reverse,insertion,720,16777216,1.00000000000000000,-0.000000000
2,3,4096,4194304,16777216,7,reverse,insertion,721,16777216,1.00000000000000000,-0.000000000
2,3,4096,4194304,16777216,7,reverse,insertion,722,16777216,1.00000000000000000,-0.000000000
2,3,4096,4194304,16777216,7,reverse,insertion,723,16777216,1.00000000000000000,-0.000000000
2,3,4096,4194304,16777216,7,reverse,insertion,724,16777216,1.00000000000000000,-0.000000000
2,3,4096,4194304,16777216,7,reverse,insertion,725,16777216,1.00000000000000000,-0.000000000
2,3,4096,4194304,16777216,7,reverse,insertion,726,16777216,1.00000000000000000,-0.000000000
2,3,4096,4194304,16777216,7,reverse,insertion,727,16777216,1.00000000000000000,-0.000000000
2,3,4096,4194304,16777216,7,reverse,insertion,728,16777216,1.00000000000000000,-0.000000000
2,3,4096,4194304,16777216,7,reverse,insertion,729,16777216,1.00000000000000000,-0.000000000
2,3,4096,4194304,16777216,7,reverse,insertion,730,16777216,1.00000000000000000,-0.000000000
2,3,4096,4194304,16777216,7,reverse,insertion,731,16777216,1.00000000000000000,-0.000000000
2,3,4096,4194304,16777216,7,reverse,insertion,732,16777216,1.00000000000000000,-0.000000000
2,3,4096,4194304,16777216,7,reverse,insertion,733,16777216,1.00000000000000000,-0.000000000
2,3,4096,4194304,16777216,7,reverse,insertion,734,16777216,1.00000000000000000,-0.000000000
2,3,4096,4194304,16777216,7,reverse,insertion,735,16777216,1.00000000000000000,-0.000000000
2,3,4096,4194304,16777216,7,reverse,insertion,736,16777216,1.00000000000000000,-0.000000000
2,3,4096,4194304,16777216,7,reverse,insertion,737,16777216,1.00000000000000000,-0.000000000
2,3,4096,4194304,16777216,7,reverse,insertion,738,16777216,1.00000000000000000,-0.000000000
2,3,4096,4194304,16777216,7,reverse,insertion,739,16777216,1.00000000000000000,-0.000000000
2,3,4096,4194304,16777216,7,reverse,insertion,740,16777216,1.00000000000000000,-0.000000000
2,3,4096,4194304,16777216,7,reverse,insertion,741,16777216,1.00000000000000000,-0.000000000
2,3,4096,4194304,16777216,7,reverse,insertion,742,16777216,1.00000000000000000,-0.000000000
2,3,4096,4194304,16777216,7,reverse,insertion,743,16777216,1.00000000000000000,-0.000000000
2,3,4096,4194304,16777216,7,reverse,insertion,744,16777216,1.00000000000000000,-0.000000000
2,3,4096,4194304,16777216,7,reverse,insertion,745,16777216,1.00000000000000000,-0.000000000
2,3,4096,4194304,16777216,7,reverse,insertion,746,16777216,1.00000000000000000,-0.000000000
2,3,4096,4194304,16777216,7,reverse,insertion,747,16777216,1.00000000000000000,-0.000000000
2,3,4096,4194304,16777216,7,reverse,insertion,748,16777216,1.00000000000000000,-0.000000000
2,3,4096,4194304,16777216,7,reverse,insertion,749,16777216,1.00000000000000000,-0.000000000
2,3,4096,4194304,16777216,7,reverse,insertion,750,16777216,1.00000000000000000,-0.000000000
2,3,4096,4194304,16777216,7,reverse,insertion,751,16777216,1.00000000000000000,-0.000000000
2,3,4096,4194304,16777216,7,reverse,insertion,752,16777216,1.00000000000000000,-0.000000000
2,3,4096,4194304,16777216,7,reverse,insertion,753,16777216,1.00000000000000000,-0.000000000
2,3,4096,4194304,16777216,7,reverse,insertion,754,16777216,1.00000000000000000,-0.000000000
2,3,4096,4194304,16777216,7,reverse,insertion,755,16777216,1.00000000000000000,-0.000000000
2,3,4096,4194304,16777216,7,reverse,insertion,756,16777216,1.00000000000000000,-0.000000000
2,3,4096,4194304,16777216,7,reverse,insertion,757,16777216,1.00000000000000000,-0.000000000
2,3,4096,4194304,16777216,7,reverse,insertion,758,16777216,1.00000000000000000,-0.000000000
2,3,4096,4194304,16777216,7,reverse,insertion,759,16777216,1.00000000000000000,-0.000000000
2,3,4096,4194304,16777216,7,reverse,insertion,760,16777216,1.00000000000000000,-0.000000000
2,3,4096,4194304,16777216,7,reverse,insertion,761,16777216,1.00000000000000000,-0.000000000
2,3,4096,4194304,16777216,7,reverse,insertion,762,16777216,1.00000000000000000,-0.000000000
2,3,4096,4194304,16777216,7,reverse,insertion,763,16777216,1.00000000000000000,-0.000000000
2,3,4096,4194304,16777216,7,reverse,insertion,764,16777216,1.00000000000000000,-0.000000000
2,3,4096,4194304,16777216,7,reverse,insertion,765,16777216,1.00000000000000000,-0.000000000
2,3,4096,4194304,16777216,7,reverse,insertion,766,16777216,1.00000000000000000,-0.000000000
2,3,4096,4194304,16777216,7,reverse,insertion,767,16777216,1.00000000000000000,-0.000000000
2,3,4096,4194304,16777216,7,reverse,insertion,768,16777216,1.00000000000000000,-0.000000000
2,3,4096,4194304,16777216,7,reverse,insertion,769,16777216,1.00000000000000000,-0.000000000
2,3,4096,4194304,16777216,7,reverse,insertion,770,16777216,1.00000000000000000,-0.000000000
2,3,4096,4194304,16777216,7,reverse,insertion,771,16777216,1.00000000000000000,-0.000000000
2,3,4096,4194304,16777216,7,reverse,insertion,772,16777216,1.00000000000000000,-0.000000000
2,3,4096,4194304,16777216,7,reverse,insertion,773,16777216,1.00000000000000000,-0.000000000
2,3,4096,4194304,16777216,7,reverse,insertion,774,16777216,1.00000000000000000,-0.000000000
2,3,4096,4194304,16777216,7,reverse,insertion,775,16777216,1.00000000000000000,-0.000000000
2,3,4096,4194304,16777216,7,reverse,insertion,776,16777216,1.00000000000000000,-0.000000000
2,3,4096,4194304,16777216,7,reverse,insertion,777,16777216,1.00000000000000000,-0.000000000
2,3,4096,4194304,16777216,7,reverse,insertion,778,16777216,1.00000000000000000,-0.000000000
2,3,4096,4194304,16777216,7,reverse,insertion,779,16777216,1.00000000000000000,-0.000000000
2,3,4096,4194304,16777216,7,reverse,insertion,780,16777216,1.00000000000000000,-0.000000000
2,3,4096,4194304,16777216,7,reverse,insertion,781,16777216,1.00000000000000000,-0.000000000
2,3,4096,4194304,16777216,7,reverse,insertion,782,16777216,1.00000000000000000,-0.000000000
2,3,4096,4194304,16777216,7,reverse,insertion,783,16777216,1.00000000000000000,-0.000000000
2,3,4096,4194304,16777216,7,reverse,insertion,784,16777216,1.00000000000000000,-0.000000000
2,3,4096,4194304,16777216,7,reverse,insertion,785,16777216,1.00000000000000000,-0.000000000
2,3,4096,4194304,16777216,7,reverse,insertion,786,16777216,1.00000000000000000,-0.000000000
2,3,4096,4194304,16777216,7,reverse,insertion,787,16777216,1.00000000000000000,-0.000000000
2,3,4096,4194304,16777216,7,reverse,insertion,788,16777216,1.00000000000000000,-0.000000000
2,3,4096,4194304,16777216,7,reverse,insertion,789,16777216,1.00000000000000000,-0.000000000
2,3,4096,4194304,16777216,7,reverse,insertion,790,16777216,1.00000000000000000,-0.000000000
2,3,4096,4194304,16777216,7,reverse,insertion,791,16777216,1.00000000000000000,-0.000000000
2,3,4096,4194304,16777216,7,reverse,insertion,792,16777216,1.00000000000000000,-0.000000000
2,3,4096,4194304,16777216,7,reverse,insertion,793,16777216,1.00000000000000000,-0.000000000
2,3,4096,4194304,16777216,7,reverse,insertion,794,16777216,1.00000000000000000,-0.000000000
2,3,4096,4194304,16777216,7,reverse,insertion,795,16777216,1.00000000000000000,-0.000000000
2,3,4096,4194304,16777216,7,reverse,insertion,796,16777216,1.00000000000000000,-0.000000000
2,3,4096,4194304,16777216,7,reverse,insertion,797,16777216,1.00000000000000000,-0.000000000
2,3,4096,4194304,16777216,7,reverse,insertion,798,16777216,1.00000000000000000,-0.000000000
2,3,4096,4194304,16777216,7,reverse,insertion,799,16777216,1.00000000000000000,-0.000000000
2,3,4096,4194304,16777216,7,reverse,insertion,800,16777216,1.00000000000000000,-0.000000000
2,3,4096,4194304,16777216,7,reverse,insertion,801,16777216,1.00000000000000000,-0.000000000
2,3,4096,4194304,16777216,7,reverse,insertion,802,16777216,1.00000000000000000,-0.000000000
2,3,4096,4194304,16777216,7,reverse,insertion,803,16777216,1.00000000000000000,-0.000000000
2,3,4096,4194304,16777216,7,reverse,insertion,804,16777216,1.00000000000000000,-0.000000000
2,3,4096,4194304,16777216,7,reverse,insertion,805,16777216,1.00000000000000000,-0.000000000
2,3,4096,4194304,16777216,7,reverse,insertion,806,16777216,1.00000000000000000,-0.000000000
2,3,4096,4194304,16777216,7,reverse,insertion,807,16777216,1.00000000000000000,-0.000000000
2,3,4096,4194304,16777216,7,reverse,insertion,808,16777216,1.00000000000000000,-0.000000000
2,3,4096,4194304,16777216,7,reverse,insertion,809,16777216,1.00000000000000000,-0.000000000
2,3,4096,4194304,16777216,7,reverse,insertion,810,16777216,1.00000000000000000,-0.000000000
2,3,4096,4194304,16777216,7,reverse,insertion,811,16777216,1.00000000000000000,-0.000000000
2,3,4096,4194304,16777216,7,reverse,insertion,812,16777216,1.00000000000000000,-0.000000000
2,3,4096,4194304,16777216,7,reverse,insertion,813,16777216,1.00000000000000000,-0.000000000
2,3,4096,4194304,16777216,7,reverse,insertion,814,16777216,1.00000000000000000,-0.000000000
2,3,4096,4194304,16777216,7,reverse,insertion,815,16777216,1.00000000000000000,-0.000000000
2,3,4096,4194304,16777216,7,reverse,insertion,816,16777216,1.00000000000000000,-0.000000000
2,3,4096,4194304,16777216,7,reverse,insertion,817,16777216,1.00000000000000000,-0.000000000
2,3,4096,4194304,16777216,7,reverse,insertion,818,16777216,1.00000000000000000,-0.000000000
2,3,4096,4194304,16777216,7,reverse,insertion,819,16777216,1.00000000000000000,-0.000000000
2,3,4096,4194304,16777216,7,reverse,insertion,820,16777216,1.00000000000000000,-0.000000000
2,3,4096,4194304,16777216,7,reverse,insertion,821,16777216,1.00000000000000000,-0.000000000
2,3,4096,4194304,16777216,7,reverse,insertion,822,16777216,1.00000000000000000,-0.000000000
2,3,4096,4194304,16777216,7,reverse,insertion,823,16777216,1.00000000000000000,-0.000000000
2,3,4096,4194304,16777216,7,reverse,insertion,824,16777216,1.00000000000000000,-0.000000000
2,3,4096,4194304,16777216,7,reverse,insertion,825,16777216,1.00000000000000000,-0.000000000
2,3,4096,4194304,16777216,7,reverse,insertion,826,16777216,1.00000000000000000,-0.000000000
2,3,4096,4194304,16777216,7,reverse,insertion,827,16777216,1.00000000000000000,-0.000000000
2,3,4096,4194304,16777216,7,reverse,insertion,828,16777216,1.00000000000000000,-0.000000000
2,3,4096,4194304,16777216,7,reverse,insertion,829,16777216,1.00000000000000000,-0.000000000
2,3,4096,4194304,16777216,7,reverse,insertion,830,16777216,1.00000000000000000,-0.000000000
2,3,4096,4194304,16777216,7,reverse,insertion,831,16777216,1.00000000000000000,-0.000000000
2,3,4096,4194304,16777216,7,reverse,insertion,832,16777216,1.00000000000000000,-0.000000000
2,3,4096,4194304,16777216,7,reverse,insertion,833,16777216,1.00000000000000000,-0.000000000
2,3,4096,4194304,16777216,7,reverse,insertion,834,16777216,1.00000000000000000,-0.000000000
2,3,4096,4194304,16777216,7,reverse,insertion,835,16777216,1.00000000000000000,-0.000000000
2,3,4096,4194304,16777216,7,reverse,insertion,836,16777216,1.00000000000000000,-0.000000000
2,3,4096,4194304,16777216,7,reverse,insertion,837,16777216,1.00000000000000000,-0.000000000
2,3,4096,4194304,16777216,7,reverse,insertion,838,16777216,1.00000000000000000,-0.000000000
2,3,4096,4194304,16777216,7,reverse,insertion,839,16777216,1.00000000000000000,-0.000000000
2,3,4096,4194304,16777216,7,reverse,insertion,840,16777216,1.00000000000000000,-0.000000000
2,3,4096,4194304,16777216,7,reverse,insertion,841,16777216,1.00000000000000000,-0.000000000
2,3,4096,4194304,16777216,7,reverse,insertion,842,16777216,1.00000000000000000,-0.000000000
2,3,4096,4194304,16777216,7,reverse,insertion,843,16777216,1.00000000000000000,-0.000000000
2,3,4096,4194304,16777216,7,reverse,insertion,844,16777216,1.00000000000000000,-0.000000000
2,3,4096,4194304,16777216,7,reverse,insertion,845,16777216,1.00000000000000000,-0.000000000
2,3,4096,4194304,16777216,7,reverse,insertion,846,16777216,1.00000000000000000,-0.000000000
2,3,4096,4194304,16777216,7,reverse,insertion,847,16777216,1.00000000000000000,-0.000000000
2,3,4096,4194304,16777216,7,reverse,insertion,848,16777216,1.00000000000000000,-0.000000000
2,3,4096,4194304,16777216,7,reverse,insertion,849,16777216,1.00000000000000000,-0.000000000
2,3,4096,4194304,16777216,7,reverse,insertion,850,16777216,1.00000000000000000,-0.000000000
2,3,4096,4194304,16777216,7,reverse,insertion,851,16777216,1.00000000000000000,-0.000000000
2,3,4096,4194304,16777216,7,reverse,insertion,852,16777216,1.00000000000000000,-0.000000000
2,3,4096,4194304,16777216,7,reverse,insertion,853,16777216,1.00000000000000000,-0.000000000
2,3,4096,4194304,16777216,7,reverse,insertion,854,16777216,1.00000000000000000,-0.000000000
2,3,4096,4194304,16777216,7,reverse,insertion,855,16777216,1.00000000000000000,-0.000000000
2,3,4096,4194304,16777216,7,reverse,insertion,856,16777216,1.00000000000000000,-0.000000000
2,3,4096,4194304,16777216,7,reverse,insertion,857,16777216,1.00000000000000000,-0.000000000
2,3,4096,4194304,16777216,7,reverse,insertion,858,16777216,1.00000000000000000,-0.000000000
2,3,4096,4194304,16777216,7,reverse,insertion,859,16777216,1.00000000000000000,-0.000000000
2,3,4096,4194304,16777216,7,reverse,insertion,860,16777216,1.00000000000000000,-0.000000000
2,3,4096,4194304,16777216,7,reverse,insertion,861,16777216,1.00000000000000000,-0.000000000
2,3,4096,4194304,16777216,7,reverse,insertion,862,16777216,1.00000000000000000,-0.000000000
2,3,4096,4194304,16777216,7,reverse,insertion,863,16777216,1.00000000000000000,-0.000000000
2,3,4096,4194304,16777216,7,reverse,insertion,864,16777216,1.00000000000000000,-0.000000000
2,3,4096,4194304,16777216,7,reverse,insertion,865,16777216,1.00000000000000000,-0.000000000
2,3,4096,4194304,16777216,7,reverse,insertion,866,16777216,1.00000000000000000,-0.000000000
2,3,4096,4194304,16777216,7,reverse,insertion,867,16777216,1.00000000000000000,-0.000000000
2,3,4096,4194304,16777216,7,reverse,insertion,868,16777216,1.00000000000000000,-0.000000000
2,3,4096,4194304,16777216,7,reverse,insertion,869,16777216,1.00000000000000000,-0.000000000
2,3,4096,4194304,16777216,7,reverse,insertion,870,16777216,1.00000000000000000,-0.000000000
2,3,4096,4194304,16777216,7,reverse,insertion,871,16777216,1.00000000000000000,-0.000000000
2,3,4096,4194304,16777216,7,reverse,insertion,872,16777216,1.00000000000000000,-0.000000000
2,3,4096,4194304,16777216,7,reverse,insertion,873,16777216,1.00000000000000000,-0.000000000
2,3,4096,4194304,16777216,7,reverse,insertion,874,16777216,1.00000000000000000,-0.000000000
2,3,4096,4194304,16777216,7,reverse,insertion,875,16777216,1.00000000000000000,-0.000000000
2,3,4096,4194304,16777216,7,reverse,insertion,876,16777216,1.00000000000000000,-0.000000000
2,3,4096,4194304,16777216,7,reverse,insertion,877,16777216,1.00000000000000000,-0.000000000
2,3,4096,4194304,16777216,7,reverse,insertion,878,16777216,1.00000000000000000,-0.000000000
2,3,4096,4194304,16777216,7,reverse,insertion,879,16777216,1.00000000000000000,-0.000000000
2,3,4096,4194304,16777216,7,reverse,insertion,880,16777216,1.00000000000000000,-0.000000000
2,3,4096,4194304,16777216,7,reverse,insertion,881,16777216,1.00000000000000000,-0.000000000
2,3,4096,4194304,16777216,7,reverse,insertion,882,16777216,1.00000000000000000,-0.000000000
2,3,4096,4194304,16777216,7,reverse,insertion,883,16777216,1.00000000000000000,-0.000000000
2,3,4096,4194304,16777216,7,reverse,insertion,884,16777216,1.00000000000000000,-0.000000000
2,3,4096,4194304,16777216,7,reverse,insertion,885,16777216,1.00000000000000000,-0.000000000
2,3,4096,4194304,16777216,7,reverse,insertion,886,16777216,1.00000000000000000,-0.000000000
2,3,4096,4194304,16777216,7,reverse,insertion,887,16777216,1.00000000000000000,-0.000000000
2,3,4096,4194304,16777216,7,reverse,insertion,888,16777216,1.00000000000000000,-0.000000000
2,3,4096,4194304,16777216,7,reverse,insertion,889,16777216,1.00000000000000000,-0.000000000
2,3,4096,4194304,16777216,7,reverse,insertion,890,16777216,1.00000000000000000,-0.000000000
2,3,4096,4194304,16777216,7,reverse,insertion,891,16777216,1.00000000000000000,-0.000000000
2,3,4096,4194304,16777216,7,reverse,insertion,892,16777216,1.00000000000000000,-0.000000000
2,3,4096,4194304,16777216,7,reverse,insertion,893,16777216,1.00000000000000000,-0.000000000
2,3,4096,4194304,16777216,7,reverse,insertion,894,16777216,1.00000000000000000,-0.000000000
2,3,4096,4194304,16777216,7,reverse,insertion,895,16777216,1.00000000000000000,-0.000000000
2,3,4096,4194304,16777216,7,reverse,insertion,896,16777216,1.00000000000000000,-0.000000000
2,3,4096,4194304,16777216,7,reverse,insertion,897,16777216,1.00000000000000000,-0.000000000
2,3,4096,4194304,16777216,7,reverse,insertion,898,16777216,1.00000000000000000,-0.000000000
2,3,4096,4194304,16777216,7,reverse,insertion,899,16777216,1.00000000000000000,-0.000000000
2,3,4096,4194304,16777216,7,reverse,insertion,900,16777216,1.00000000000000000,-0.000000000
2,3,4096,4194304,16777216,7,reverse,insertion,901,16777216,1.00000000000000000,-0.000000000
2,3,4096,4194304,16777216,7,reverse,insertion,902,16777216,1.00000000000000000,-0.000000000
2,3,4096,4194304,16777216,7,reverse,insertion,903,16777216,1.00000000000000000,-0.000000000
2,3,4096,4194304,16777216,7,reverse,insertion,904,16777216,1.00000000000000000,-0.000000000
2,3,4096,4194304,16777216,7,reverse,insertion,905,16777216,1.00000000000000000,-0.000000000
2,3,4096,4194304,16777216,7,reverse,insertion,906,16777216,1.00000000000000000,-0.000000000
2,3,4096,4194304,16777216,7,reverse,insertion,907,16777216,1.00000000000000000,-0.000000000
2,3,4096,4194304,16777216,7,reverse,insertion,908,16777216,1.00000000000000000,-0.000000000
2,3,4096,4194304,16777216,7,reverse,insertion,909,16777216,1.00000000000000000,-0.000000000
2,3,4096,4194304,16777216,7,reverse,insertion,910,16777216,1.00000000000000000,-0.000000000
2,3,4096,4194304,16777216,7,reverse,insertion,911,16777216,1.00000000000000000,-0.000000000
2,3,4096,4194304,16777216,7,reverse,insertion,912,16777216,1.00000000000000000,-0.000000000
2,3,4096,4194304,16777216,7,reverse,insertion,913,16777216,1.00000000000000000,-0.000000000
2,3,4096,4194304,16777216,7,reverse,insertion,914,16777216,1.00000000000000000,-0.000000000
2,3,4096,4194304,16777216,7,reverse,insertion,915,16777216,1.00000000000000000,-0.000000000
2,3,4096,4194304,16777216,7,reverse,insertion,916,16777216,1.00000000000000000,-0.000000000
2,3,4096,4194304,16777216,7,reverse,insertion,917,16777216,1.00000000000000000,-0.000000000
2,3,4096,4194304,16777216,7,reverse,insertion,918,16777216,1.00000000000000000,-0.000000000
2,3,4096,4194304,16777216,7,reverse,insertion,919,16777216,1.00000000000000000,-0.000000000
2,3,4096,4194304,16777216,7,reverse,insertion,920,16777216,1.00000000000000000,-0.000000000
2,3,4096,4194304,16777216,7,reverse,insertion,921,16777216,1.00000000000000000,-0.000000000
2,3,4096,4194304,16777216,7,reverse,insertion,922,16777216,1.00000000000000000,-0.000000000
2,3,4096,4194304,16777216,7,reverse,insertion,923,16777216,1.00000000000000000,-0.000000000
2,3,4096,4194304,16777216,7,reverse,insertion,924,16777216,1.00000000000000000,-0.000000000
2,3,4096,4194304,16777216,7,reverse,insertion,925,16777216,1.00000000000000000,-0.000000000
2,3,4096,4194304,16777216,7,reverse,insertion,926,16777216,1.00000000000000000,-0.000000000
2,3,4096,4194304,16777216,7,reverse,insertion,927,16777216,1.00000000000000000,-0.000000000
2,3,4096,4194304,16777216,7,reverse,insertion,928,16777216,1.00000000000000000,-0.000000000
2,3,4096,4194304,16777216,7,reverse,insertion,929,16777216,1.00000000000000000,-0.000000000
2,3,4096,4194304,16777216,7,reverse,insertion,930,16777216,1.00000000000000000,-0.000000000
2,3,4096,4194304,16777216,7,reverse,insertion,931,16777216,1.00000000000000000,-0.000000000
2,3,4096,4194304,16777216,7,reverse,insertion,932,16777216,1.00000000000000000,-0.000000000
2,3,4096,4194304,16777216,7,reverse,insertion,933,16777216,1.00000000000000000,-0.000000000
2,3,4096,4194304,16777216,7,reverse,insertion,934,16777216,1.00000000000000000,-0.000000000
2,3,4096,4194304,16777216,7,reverse,insertion,935,16777216,1.00000000000000000,-0.000000000
2,3,4096,4194304,16777216,7,reverse,insertion,936,16777216,1.00000000000000000,-0.000000000
2,3,4096,4194304,16777216,7,reverse,insertion,937,16777216,1.00000000000000000,-0.000000000
2,3,4096,4194304,16777216,7,reverse,insertion,938,16777216,1.00000000000000000,-0.000000000
2,3,4096,4194304,16777216,7,reverse,insertion,939,16777216,1.00000000000000000,-0.000000000
2,3,4096,4194304,16777216,7,reverse,insertion,940,16777216,1.00000000000000000,-0.000000000
2,3,4096,4194304,16777216,7,reverse,insertion,941,16777216,1.00000000000000000,-0.000000000
2,3,4096,4194304,16777216,7,reverse,insertion,942,16777216,1.00000000000000000,-0.000000000
2,3,4096,4194304,16777216,7,reverse,insertion,943,16777216,1.00000000000000000,-0.000000000
2,3,4096,4194304,16777216,7,reverse,insertion,944,16777216,1.00000000000000000,-0.000000000
2,3,4096,4194304,16777216,7,reverse,insertion,945,16777216,1.00000000000000000,-0.000000000
2,3,4096,4194304,16777216,7,reverse,insertion,946,16777216,1.00000000000000000,-0.000000000
2,3,4096,4194304,16777216,7,reverse,insertion,947,16777216,1.00000000000000000,-0.000000000
2,3,4096,4194304,16777216,7,reverse,insertion,948,16777216,1.00000000000000000,-0.000000000
2,3,4096,4194304,16777216,7,reverse,insertion,949,16777216,1.00000000000000000,-0.000000000
2,3,4096,4194304,16777216,7,reverse,insertion,950,16777216,1.00000000000000000,-0.000000000
2,3,4096,4194304,16777216,7,reverse,insertion,951,16777216,1.00000000000000000,-0.000000000
2,3,4096,4194304,16777216,7,reverse,insertion,952,16777216,1.00000000000000000,-0.000000000
2,3,4096,4194304,16777216,7,reverse,insertion,953,16777216,1.00000000000000000,-0.000000000
2,3,4096,4194304,16777216,7,reverse,insertion,954,16777216,1.00000000000000000,-0.000000000
2,3,4096,4194304,16777216,7,reverse,insertion,955,16777216,1.00000000000000000,-0.000000000
2,3,4096,4194304,16777216,7,reverse,insertion,956,16777216,1.00000000000000000,-0.000000000
2,3,4096,4194304,16777216,7,reverse,insertion,957,16777216,1.00000000000000000,-0.000000000
2,3,4096,4194304,16777216,7,reverse,insertion,958,16777216,1.00000000000000000,-0.000000000
2,3,4096,4194304,16777216,7,reverse,insertion,959,16777216,1.00000000000000000,-0.000000000
2,3,4096,4194304,16777216,7,reverse,insertion,960,16777216,1.00000000000000000,-0.000000000
2,3,4096,4194304,16777216,7,reverse,insertion,961,16777216,1.00000000000000000,-0.000000000
2,3,4096,4194304,16777216,7,reverse,insertion,962,16777216,1.00000000000000000,-0.000000000
2,3,4096,4194304,16777216,7,reverse,insertion,963,16777216,1.00000000000000000,-0.000000000
2,3,4096,4194304,16777216,7,reverse,insertion,964,16777216,1.00000000000000000,-0.000000000
2,3,4096,4194304,16777216,7,reverse,insertion,965,16777216,1.00000000000000000,-0.000000000
2,3,4096,4194304,16777216,7,reverse,insertion,966,16777216,1.00000000000000000,-0.000000000
2,3,4096,4194304,16777216,7,reverse,insertion,967,16777216,1.00000000000000000,-0.000000000
2,3,4096,4194304,16777216,7,reverse,insertion,968,16777216,1.00000000000000000,-0.000000000
2,3,4096,4194304,16777216,7,reverse,insertion,969,16777216,1.00000000000000000,-0.000000000
2,3,4096,4194304,16777216,7,reverse,insertion,970,16777216,1.00000000000000000,-0.000000000
2,3,4096,4194304,16777216,7,reverse,insertion,971,16777216,1.00000000000000000,-0.000000000
2,3,4096,4194304,16777216,7,reverse,insertion,972,16777216,1.00000000000000000,-0.000000000
2,3,4096,4194304,16777216,7,reverse,insertion,973,16777216,1.00000000000000000,-0.000000000
2,3,4096,4194304,16777216,7,reverse,insertion,974,16777216,1.00000000000000000,-0.000000000
2,3,4096,4194304,16777216,7,reverse,insertion,975,16777216,1.00000000000000000,-0.000000000
2,3,4096,4194304,16777216,7,reverse,insertion,976,16777216,1.00000000000000000,-0.000000000
2,3,4096,4194304,16777216,7,reverse,insertion,977,16777216,1.00000000000000000,-0.000000000
2,3,4096,4194304,16777216,7,reverse,insertion,978,16777216,1.00000000000000000,-0.000000000
2,3,4096,4194304,16777216,7,reverse,insertion,979,16777216,1.00000000000000000,-0.000000000
2,3,4096,4194304,16777216,7,reverse,insertion,980,16777216,1.00000000000000000,-0.000000000
2,3,4096,4194304,16777216,7,reverse,insertion,981,16777216,1.00000000000000000,-0.000000000
2,3,4096,4194304,16777216,7,reverse,insertion,982,16777216,1.00000000000000000,-0.000000000
2,3,4096,4194304,16777216,7,reverse,insertion,983,16777216,1.00000000000000000,-0.000000000
2,3,4096,4194304,16777216,7,reverse,insertion,984,16777216,1.00000000000000000,-0.000000000
2,3,4096,4194304,16777216,7,reverse,insertion,985,16777216,1.00000000000000000,-0.000000000
2,3,4096,4194304,16777216,7,reverse,insertion,986,16777216,1.00000000000000000,-0.000000000
2,3,4096,4194304,16777216,7,reverse,insertion,987,16777216,1.00000000000000000,-0.000000000
2,3,4096,4194304,16777216,7,reverse,insertion,988,16777216,1.00000000000000000,-0.000000000
2,3,4096,4194304,16777216,7,reverse,insertion,989,16777216,1.00000000000000000,-0.000000000
2,3,4096,4194304,16777216,7,reverse,insertion,990,16777216,1.00000000000000000,-0.000000000
2,3,4096,4194304,16777216,7,reverse,insertion,991,16777216,1.00000000000000000,-0.000000000
2,3,4096,4194304,16777216,7,reverse,insertion,992,16777216,1.00000000000000000,-0.000000000
2,3,4096,4194304,16777216,7,reverse,insertion,993,16777216,1.00000000000000000,-0.000000000
2,3,4096,4194304,16777216,7,reverse,insertion,994,16777216,1.00000000000000000,-0.000000000
2,3,4096,4194304,16777216,7,reverse,insertion,995,16777216,1.00000000000000000,-0.000000000
2,3,4096,4194304,16777216,7,reverse,insertion,996,16777216,1.00000000000000000,-0.000000000
2,3,4096,4194304,16777216,7,reverse,insertion,997,16777216,1.00000000000000000,-0.000000000
2,3,4096,4194304,16777216,7,reverse,insertion,998,16777216,1.00000000000000000,-0.000000000
2,3,4096,4194304,16777216,7,reverse,insertion,999,16777216,1.00000000000000000,-0.000000000
2,3,4096,4194304,16777216,7,reverse,insertion,1000,16777216,1.00000000000000000,-0.000000000
2,3,4096,4194304,16777216,7,reverse,insertion,1001,16777216,1.00000000000000000,-0.000000000
2,3,4096,4194304,16777216,7,reverse,insertion,1002,16777216,1.00000000000000000,-0.000000000
2,3,4096,4194304,16777216,7,reverse,insertion,1003,16777216,1.00000000000000000,-0.000000000
2,3,4096,4194304,16777216,7,reverse,insertion,1004,16777216,1.00000000000000000,-0.000000000
2,3,4096,4194304,16777216,7,reverse,insertion,1005,16777216,1.00000000000000000,-0.000000000
2,3,4096,4194304,16777216,7,reverse,insertion,1006,16777216,1.00000000000000000,-0.000000000
2,3,4096,4194304,16777216,7,reverse,insertion,1007,16777216,1.00000000000000000,-0.000000000
2,3,4096,4194304,16777216,7,reverse,insertion,1008,16777216,1.00000000000000000,-0.000000000
2,3,4096,4194304,16777216,7,reverse,insertion,1009,16777216,1.00000000000000000,-0.000000000
2,3,4096,4194304,16777216,7,reverse,insertion,1010,16777216,1.00000000000000000,-0.000000000
2,3,4096,4194304,16777216,7,reverse,insertion,1011,16777216,1.00000000000000000,-0.000000000
2,3,4096,4194304,16777216,7,reverse,insertion,1012,16777216,1.00000000000000000,-0.000000000
2,3,4096,4194304,16777216,7,reverse,insertion,1013,16777216,1.00000000000000000,-0.000000000
2,3,4096,4194304,16777216,7,reverse,insertion,1014,16777216,1.00000000000000000,-0.000000000
2,3,4096,4194304,16777216,7,reverse,insertion,1015,16777216,1.00000000000000000,-0.000000000
2,3,4096,4194304,16777216,7,reverse,insertion,1016,16777216,1.00000000000000000,-0.000000000
2,3,4096,4194304,16777216,7,reverse,insertion,1017,16777216,1.00000000000000000,-0.000000000
2,3,4096,4194304,16777216,7,reverse,insertion,1018,16777216,1.00000000000000000,-0.000000000
2,3,4096,4194304,16777216,7,reverse,insertion,1019,16777216,1.00000000000000000,-0.000000000
2,3,4096,4194304,16777216,7,reverse,insertion,1020,16777216,1.00000000000000000,-0.000000000
2,3,4096,4194304,16777216,7,reverse,insertion,1021,16777216,1.00000000000000000,-0.000000000
2,3,4096,4194304,16777216,7,reverse,insertion,1022,16777216,1.00000000000000000,-0.000000000
2,3,4096,4194304,16777216,7,reverse,insertion,1023,16777216,1.00000000000000000,-0.000000000
2,3,4096,4194304,16777216,7,reverse,insertion,1024,16777216,1.00000000000000000,-0.000000000
2,3,4096,4194304,16777216,7,reverse,insertion,1025,16777216,1.00000000000000000,-0.000000000
2,3,4096,4194304,16777216,7,reverse,insertion,1026,16777216,1.00000000000000000,-0.000000000
2,3,4096,4194304,16777216,7,reverse,insertion,1027,16777216,1.00000000000000000,-0.000000000
2,3,4096,4194304,16777216,7,reverse,insertion,1028,16777216,1.00000000000000000,-0.000000000
2,3,4096,4194304,16777216,7,reverse,insertion,1029,16777216,1.00000000000000000,-0.000000000
2,3,4096,4194304,16777216,7,reverse,insertion,1030,16777216,1.00000000000000000,-0.000000000
2,3,4096,4194304,16777216,7,reverse,insertion,1031,16777216,1.00000000000000000,-0.000000000
2,3,4096,4194304,16777216,7,reverse,insertion,1032,16777216,1.00000000000000000,-0.000000000
2,3,4096,4194304,16777216,7,reverse,insertion,1033,16777216,1.00000000000000000,-0.000000000
2,3,4096,4194304,16777216,7,reverse,insertion,1034,16777216,1.00000000000000000,-0.000000000
2,3,4096,4194304,16777216,7,reverse,insertion,1035,16777216,1.00000000000000000,-0.000000000
2,3,4096,4194304,16777216,7,reverse,insertion,1036,16777216,1.00000000000000000,-0.000000000
2,3,4096,4194304,16777216,7,reverse,insertion,1037,16777216,1.00000000000000000,-0.000000000
2,3,4096,4194304,16777216,7,reverse,insertion,1038,16777216,1.00000000000000000,-0.000000000
2,3,4096,4194304,16777216,7,reverse,insertion,1039,16777216,1.00000000000000000,-0.000000000
2,3,4096,4194304,16777216,7,reverse,insertion,1040,16777216,1.00000000000000000,-0.000000000
2,3,4096,4194304,16777216,7,reverse,insertion,1041,16777216,1.00000000000000000,-0.000000000
2,3,4096,4194304,16777216,7,reverse,insertion,1042,16777216,1.00000000000000000,-0.000000000
2,3,4096,4194304,16777216,7,reverse,insertion,1043,16777216,1.00000000000000000,-0.000000000
2,3,4096,4194304,16777216,7,reverse,insertion,1044,16777216,1.00000000000000000,-0.000000000
2,3,4096,4194304,16777216,7,reverse,insertion,1045,16777216,1.00000000000000000,-0.000000000
2,3,4096,4194304,16777216,7,reverse,insertion,1046,16777216,1.00000000000000000,-0.000000000
2,3,4096,4194304,16777216,7,reverse,insertion,1047,16777216,1.00000000000000000,-0.000000000
2,3,4096,4194304,16777216,7,reverse,insertion,1048,16777216,1.00000000000000000,-0.000000000
2,3,4096,4194304,16777216,7,reverse,insertion,1049,16777216,1.00000000000000000,-0.000000000
2,3,4096,4194304,16777216,7,reverse,insertion,1050,16777216,1.00000000000000000,-0.000000000
2,3,4096,4194304,16777216,7,reverse,insertion,1051,16777216,1.00000000000000000,-0.000000000
2,3,4096,4194304,16777216,7,reverse,insertion,1052,16777216,1.00000000000000000,-0.000000000
2,3,4096,4194304,16777216,7,reverse,insertion,1053,16777216,1.00000000000000000,-0.000000000
2,3,4096,4194304,16777216,7,reverse,insertion,1054,16777216,1.00000000000000000,-0.000000000
2,3,4096,4194304,16777216,7,reverse,insertion,1055,16777216,1.00000000000000000,-0.000000000
2,3,4096,4194304,16777216,7,reverse,insertion,1056,16777216,1.00000000000000000,-0.000000000
2,3,4096,4194304,16777216,7,reverse,insertion,1057,16777216,1.00000000000000000,-0.000000000
2,3,4096,4194304,16777216,7,reverse,insertion,1058,16777216,1.00000000000000000,-0.000000000
2,3,4096,4194304,16777216,7,reverse,insertion,1059,16777216,1.00000000000000000,-0.000000000
2,3,4096,4194304,16777216,7,reverse,insertion,1060,16777216,1.00000000000000000,-0.000000000
2,3,4096,4194304,16777216,7,reverse,insertion,1061,16777216,1.00000000000000000,-0.000000000
2,3,4096,4194304,16777216,7,reverse,insertion,1062,16777216,1.00000000000000000,-0.000000000
2,3,4096,4194304,16777216,7,reverse,insertion,1063,16777216,1.00000000000000000,-0.000000000
2,3,4096,4194304,16777216,7,reverse,insertion,1064,16777216,1.00000000000000000,-0.000000000
2,3,4096,4194304,16777216,7,reverse,insertion,1065,16777216,1.00000000000000000,-0.000000000
2,3,4096,4194304,16777216,7,reverse,insertion,1066,16777216,1.00000000000000000,-0.000000000
2,3,4096,4194304,16777216,7,reverse,insertion,1067,16777216,1.00000000000000000,-0.000000000
2,3,4096,4194304,16777216,7,reverse,insertion,1068,16777216,1.00000000000000000,-0.000000000
2,3,4096,4194304,16777216,7,reverse,insertion,1069,16777216,1.00000000000000000,-0.000000000
2,3,4096,4194304,16777216,7,reverse,insertion,1070,16777216,1.00000000000000000,-0.000000000
2,3,4096,4194304,16777216,7,reverse,insertion,1071,16777216,1.00000000000000000,-0.000000000
2,3,4096,4194304,16777216,7,reverse,insertion,1072,16777216,1.00000000000000000,-0.000000000
2,3,4096,4194304,16777216,7,reverse,insertion,1073,16777216,1.00000000000000000,-0.000000000
2,3,4096,4194304,16777216,7,reverse,insertion,1074,16777216,1.00000000000000000,-0.000000000
2,3,4096,4194304,16777216,7,reverse,insertion,1075,16777216,1.00000000000000000,-0.000000000
2,3,4096,4194304,16777216,7,reverse,insertion,1076,16777216,1.00000000000000000,-0.000000000
2,3,4096,4194304,16777216,7,reverse,insertion,1077,16777216,1.00000000000000000,-0.000000000
2,3,4096,4194304,16777216,7,reverse,insertion,1078,16777216,1.00000000000000000,-0.000000000
2,3,4096,4194304,16777216,7,reverse,insertion,1079,16777216,1.00000000000000000,-0.000000000
2,3,4096,4194304,16777216,7,reverse,insertion,1080,16777216,1.00000000000000000,-0.000000000
2,3,4096,4194304,16777216,7,reverse,insertion,1081,16777216,1.00000000000000000,-0.000000000
2,3,4096,4194304,16777216,7,reverse,insertion,1082,16777216,1.00000000000000000,-0.000000000
2,3,4096,4194304,16777216,7,reverse,insertion,1083,16777216,1.00000000000000000,-0.000000000
2,3,4096,4194304,16777216,7,reverse,insertion,1084,16777216,1.00000000000000000,-0.000000000
2,3,4096,4194304,16777216,7,reverse,insertion,1085,16777216,1.00000000000000000,-0.000000000
2,3,4096,4194304,16777216,7,reverse,insertion,1086,16777216,1.00000000000000000,-0.000000000
2,3,4096,4194304,16777216,7,reverse,insertion,1087,16777216,1.00000000000000000,-0.000000000
2,3,4096,4194304,16777216,7,reverse,insertion,1088,16777216,1.00000000000000000,-0.000000000
2,3,4096,4194304,16777216,7,reverse,insertion,1089,16777216,1.00000000000000000,-0.000000000
2,3,4096,4194304,16777216,7,reverse,insertion,1090,16777216,1.00000000000000000,-0.000000000
2,3,4096,4194304,16777216,7,reverse,insertion,1091,16777216,1.00000000000000000,-0.000000000
2,3,4096,4194304,16777216,7,reverse,insertion,1092,16777216,1.00000000000000000,-0.000000000
2,3,4096,4194304,16777216,7,reverse,insertion,1093,16777216,1.00000000000000000,-0.000000000
2,3,4096,4194304,16777216,7,reverse,insertion,1094,16777216,1.00000000000000000,-0.000000000
2,3,4096,4194304,16777216,7,reverse,insertion,1095,16777216,1.00000000000000000,-0.000000000
2,3,4096,4194304,16777216,7,reverse,insertion,1096,16777216,1.00000000000000000,-0.000000000
2,3,4096,4194304,16777216,7,reverse,insertion,1097,16777216,1.00000000000000000,-0.000000000
2,3,4096,4194304,16777216,7,reverse,insertion,1098,16777216,1.00000000000000000,-0.000000000
2,3,4096,4194304,16777216,7,reverse,insertion,1099,16777216,1.00000000000000000,-0.000000000
2,3,4096,4194304,16777216,7,reverse,insertion,1100,16777216,1.00000000000000000,-0.000000000
2,3,4096,4194304,16777216,7,reverse,insertion,1101,16777216,1.00000000000000000,-0.000000000
2,3,4096,4194304,16777216,7,reverse,insertion,1102,16777216,1.00000000000000000,-0.000000000
2,3,4096,4194304,16777216,7,reverse,insertion,1103,16777216,1.00000000000000000,-0.000000000
2,3,4096,4194304,16777216,7,reverse,insertion,1104,16777216,1.00000000000000000,-0.000000000
2,3,4096,4194304,16777216,7,reverse,insertion,1105,16777216,1.00000000000000000,-0.000000000
2,3,4096,4194304,16777216,7,reverse,insertion,1106,16777216,1.00000000000000000,-0.000000000
2,3,4096,4194304,16777216,7,reverse,insertion,1107,16777216,1.00000000000000000,-0.000000000
2,3,4096,4194304,16777216,7,reverse,insertion,1108,16777216,1.00000000000000000,-0.000000000
2,3,4096,4194304,16777216,7,reverse,insertion,1109,16777216,1.00000000000000000,-0.000000000
2,3,4096,4194304,16777216,7,reverse,insertion,1110,16777216,1.00000000000000000,-0.000000000
2,3,4096,4194304,16777216,7,reverse,insertion,1111,16777216,1.00000000000000000,-0.000000000
2,3,4096,4194304,16777216,7,reverse,insertion,1112,16777216,1.00000000000000000,-0.000000000
2,3,4096,4194304,16777216,7,reverse,insertion,1113,16777216,1.00000000000000000,-0.000000000
2,3,4096,4194304,16777216,7,reverse,insertion,1114,16777216,1.00000000000000000,-0.000000000
2,3,4096,4194304,16777216,7,reverse,insertion,1115,16777216,1.00000000000000000,-0.000000000
2,3,4096,4194304,16777216,7,reverse,insertion,1116,16777216,1.00000000000000000,-0.000000000
2,3,4096,4194304,16777216,7,reverse,insertion,1117,16777216,1.00000000000000000,-0.000000000
2,3,4096,4194304,16777216,7,reverse,insertion,1118,16777216,1.00000000000000000,-0.000000000
2,3,4096,4194304,16777216,7,reverse,insertion,1119,16777216,1.00000000000000000,-0.000000000
2,3,4096,4194304,16777216,7,reverse,insertion,1120,16777216,1.00000000000000000,-0.000000000
2,3,4096,4194304,16777216,7,reverse,insertion,1121,16777216,1.00000000000000000,-0.000000000
2,3,4096,4194304,16777216,7,reverse,insertion,1122,16777216,1.00000000000000000,-0.000000000
2,3,4096,4194304,16777216,7,reverse,insertion,1123,16777216,1.00000000000000000,-0.000000000
2,3,4096,4194304,16777216,7,reverse,insertion,1124,16777216,1.00000000000000000,-0.000000000
2,3,4096,4194304,16777216,7,reverse,insertion,1125,16777216,1.00000000000000000,-0.000000000
2,3,4096,4194304,16777216,7,reverse,insertion,1126,16777216,1.00000000000000000,-0.000000000
2,3,4096,4194304,16777216,7,reverse,insertion,1127,16777216,1.00000000000000000,-0.000000000
2,3,4096,4194304,16777216,7,reverse,insertion,1128,16777216,1.00000000000000000,-0.000000000
2,3,4096,4194304,16777216,7,reverse,insertion,1129,16777216,1.00000000000000000,-0.000000000
2,3,4096,4194304,16777216,7,reverse,insertion,1130,16777216,1.00000000000000000,-0.000000000
2,3,4096,4194304,16777216,7,reverse,insertion,1131,16777216,1.00000000000000000,-0.000000000
2,3,4096,4194304,16777216,7,reverse,insertion,1132,16777216,1.00000000000000000,-0.000000000
2,3,4096,4194304,16777216,7,reverse,insertion,1133,16777216,1.00000000000000000,-0.000000000
2,3,4096,4194304,16777216,7,reverse,insertion,1134,16777216,1.00000000000000000,-0.000000000
2,3,4096,4194304,16777216,7,reverse,insertion,1135,16777216,1.00000000000000000,-0.000000000
2,3,4096,4194304,16777216,7,reverse,insertion,1136,16777216,1.00000000000000000,-0.000000000
2,3,4096,4194304,16777216,7,reverse,insertion,1137,16777216,1.00000000000000000,-0.000000000
2,3,4096,4194304,16777216,7,reverse,insertion,1138,16777216,1.00000000000000000,-0.000000000
2,3,4096,4194304,16777216,7,reverse,insertion,1139,16777216,1.00000000000000000,-0.000000000
2,3,4096,4194304,16777216,7,reverse,insertion,1140,16777216,1.00000000000000000,-0.000000000
2,3,4096,4194304,16777216,7,reverse,insertion,1141,16777216,1.00000000000000000,-0.000000000
2,3,4096,4194304,16777216,7,reverse,insertion,1142,16777216,1.00000000000000000,-0.000000000
2,3,4096,4194304,16777216,7,reverse,insertion,1143,16777216,1.00000000000000000,-0.000000000
2,3,4096,4194304,16777216,7,reverse,insertion,1144,16777216,1.00000000000000000,-0.000000000
2,3,4096,4194304,16777216,7,reverse,insertion,1145,16777216,1.00000000000000000,-0.000000000
2,3,4096,4194304,16777216,7,reverse,insertion,1146,16777216,1.00000000000000000,-0.000000000
2,3,4096,4194304,16777216,7,reverse,insertion,1147,16777216,1.00000000000000000,-0.000000000
2,3,4096,4194304,16777216,7,reverse,insertion,1148,16777216,1.00000000000000000,-0.000000000
2,3,4096,4194304,16777216,7,reverse,insertion,1149,16777216,1.00000000000000000,-0.000000000
2,3,4096,4194304,16777216,7,reverse,insertion,1150,16777216,1.00000000000000000,-0.000000000
2,3,4096,4194304,16777216,7,reverse,insertion,1151,16777216,1.00000000000000000,-0.000000000
2,3,4096,4194304,16777216,7,reverse,insertion,1152,16777216,1.00000000000000000,-0.000000000
2,3,4096,4194304,16777216,7,reverse,insertion,1153,16777216,1.00000000000000000,-0.000000000
2,3,4096,4194304,16777216,7,reverse,insertion,1154,16777216,1.00000000000000000,-0.000000000
2,3,4096,4194304,16777216,7,reverse,insertion,1155,16777216,1.00000000000000000,-0.000000000
2,3,4096,4194304,16777216,7,reverse,insertion,1156,16777216,1.00000000000000000,-0.000000000
2,3,4096,4194304,16777216,7,reverse,insertion,1157,16777216,1.00000000000000000,-0.000000000
2,3,4096,4194304,16777216,7,reverse,insertion,1158,16777216,1.00000000000000000,-0.000000000
2,3,4096,4194304,16777216,7,reverse,insertion,1159,16777216,1.00000000000000000,-0.000000000
2,3,4096,4194304,16777216,7,reverse,insertion,1160,16777216,1.00000000000000000,-0.000000000
2,3,4096,4194304,16777216,7,reverse,insertion,1161,16777216,1.00000000000000000,-0.000000000
2,3,4096,4194304,16777216,7,reverse,insertion,1162,16777216,1.00000000000000000,-0.000000000
2,3,4096,4194304,16777216,7,reverse,insertion,1163,16777216,1.00000000000000000,-0.000000000
2,3,4096,4194304,16777216,7,reverse,insertion,1164,16777216,1.00000000000000000,-0.000000000
2,3,4096,4194304,16777216,7,reverse,insertion,1165,16777216,1.00000000000000000,-0.000000000
2,3,4096,4194304,16777216,7,reverse,insertion,1166,16777216,1.00000000000000000,-0.000000000
2,3,4096,4194304,16777216,7,reverse,insertion,1167,16777216,1.00000000000000000,-0.000000000
2,3,4096,4194304,16777216,7,reverse,insertion,1168,16777216,1.00000000000000000,-0.000000000
2,3,4096,4194304,16777216,7,reverse,insertion,1169,16777216,1.00000000000000000,-0.000000000
2,3,4096,4194304,16777216,7,reverse,insertion,1170,16777216,1.00000000000000000,-0.000000000
2,3,4096,4194304,16777216,7,reverse,insertion,1171,16777216,1.00000000000000000,-0.000000000
2,3,4096,4194304,16777216,7,reverse,insertion,1172,16777216,1.00000000000000000,-0.000000000
2,3,4096,4194304,16777216,7,reverse,insertion,1173,16777216,1.00000000000000000,-0.000000000
2,3,4096,4194304,16777216,7,reverse,insertion,1174,16777216,1.00000000000000000,-0.000000000
2,3,4096,4194304,16777216,7,reverse,insertion,1175,16777216,1.00000000000000000,-0.000000000
2,3,4096,4194304,16777216,7,reverse,insertion,1176,16777216,1.00000000000000000,-0.000000000
2,3,4096,4194304,16777216,7,reverse,insertion,1177,16777216,1.00000000000000000,-0.000000000
2,3,4096,4194304,16777216,7,reverse,insertion,1178,16777216,1.00000000000000000,-0.000000000
2,3,4096,4194304,16777216,7,reverse,insertion,1179,16777216,1.00000000000000000,-0.000000000
2,3,4096,4194304,16777216,7,reverse,insertion,1180,16777216,1.00000000000000000,-0.000000000
2,3,4096,4194304,16777216,7,reverse,insertion,1181,16777216,1.00000000000000000,-0.000000000
2,3,4096,4194304,16777216,7,reverse,insertion,1182,16777216,1.00000000000000000,-0.000000000
2,3,4096,4194304,16777216,7,reverse,insertion,1183,16777216,1.00000000000000000,-0.000000000
2,3,4096,4194304,16777216,7,reverse,insertion,1184,16777216,1.00000000000000000,-0.000000000
2,3,4096,4194304,16777216,7,reverse,insertion,1185,16777216,1.00000000000000000,-0.000000000
2,3,4096,4194304,16777216,7,reverse,insertion,1186,16777216,1.00000000000000000,-0.000000000
2,3,4096,4194304,16777216,7,reverse,insertion,1187,16777216,1.00000000000000000,-0.000000000
2,3,4096,4194304,16777216,7,reverse,insertion,1188,16777216,1.00000000000000000,-0.000000000
2,3,4096,4194304,16777216,7,reverse,insertion,1189,16777216,1.00000000000000000,-0.000000000
2,3,4096,4194304,16777216,7,reverse,insertion,1190,16777216,1.00000000000000000,-0.000000000
2,3,4096,4194304,16777216,7,reverse,insertion,1191,16777216,1.00000000000000000,-0.000000000
2,3,4096,4194304,16777216,7,reverse,insertion,1192,16777216,1.00000000000000000,-0.000000000
2,3,4096,4194304,16777216,7,reverse,insertion,1193,16777216,1.00000000000000000,-0.000000000
2,3,4096,4194304,16777216,7,reverse,insertion,1194,16777216,1.00000000000000000,-0.000000000
2,3,4096,4194304,16777216,7,reverse,insertion,1195,16777216,1.00000000000000000,-0.000000000
2,3,4096,4194304,16777216,7,reverse,insertion,1196,16777216,1.00000000000000000,-0.000000000
2,3,4096,4194304,16777216,7,reverse,insertion,1197,16777216,1.00000000000000000,-0.000000000
2,3,4096,4194304,16777216,7,reverse,insertion,1198,16777216,1.00000000000000000,-0.000000000
2,3,4096,4194304,16777216,7,reverse,insertion,1199,16777216,1.00000000000000000,-0.000000000
2,3,4096,4194304,16777216,7,reverse,insertion,1200,16777216,1.00000000000000000,-0.000000000
2,3,4096,4194304,16777216,7,reverse,insertion,1201,16777216,1.00000000000000000,-0.000000000
2,3,4096,4194304,16777216,7,reverse,insertion,1202,16777216,1.00000000000000000,-0.000000000
2,3,4096,4194304,16777216,7,reverse,insertion,1203,16777216,1.00000000000000000,-0.000000000
2,3,4096,4194304,16777216,7,reverse,insertion,1204,16777216,1.00000000000000000,-0.000000000
2,3,4096,4194304,16777216,7,reverse,insertion,1205,16777216,1.00000000000000000,-0.000000000
2,3,4096,4194304,16777216,7,reverse,insertion,1206,16777216,1.00000000000000000,-0.000000000
2,3,4096,4194304,16777216,7,reverse,insertion,1207,16777216,1.00000000000000000,-0.000000000
2,3,4096,4194304,16777216,7,reverse,insertion,1208,16777216,1.00000000000000000,-0.000000000
2,3,4096,4194304,16777216,7,reverse,insertion,1209,16777216,1.00000000000000000,-0.000000000
2,3,4096,4194304,16777216,7,reverse,insertion,1210,16777216,1.00000000000000000,-0.000000000
2,3,4096,4194304,16777216,7,reverse,insertion,1211,16777216,1.00000000000000000,-0.000000000
2,3,4096,4194304,16777216,7,reverse,insertion,1212,16777216,1.00000000000000000,-0.000000000
2,3,4096,4194304,16777216,7,reverse,insertion,1213,16777216,1.00000000000000000,-0.000000000
2,3,4096,4194304,16777216,7,reverse,insertion,1214,16777216,1.00000000000000000,-0.000000000
2,3,4096,4194304,16777216,7,reverse,insertion,1215,16777216,1.00000000000000000,-0.000000000
2,3,4096,4194304,16777216,7,reverse,insertion,1216,16777216,1.00000000000000000,-0.000000000
2,3,4096,4194304,16777216,7,reverse,insertion,1217,16777216,1.00000000000000000,-0.000000000
2,3,4096,4194304,16777216,7,reverse,insertion,1218,16777216,1.00000000000000000,-0.000000000
2,3,4096,4194304,16777216,7,reverse,insertion,1219,16777216,1.00000000000000000,-0.000000000
2,3,4096,4194304,16777216,7,reverse,insertion,1220,16777216,1.00000000000000000,-0.000000000
2,3,4096,4194304,16777216,7,reverse,insertion,1221,16777216,1.00000000000000000,-0.000000000
2,3,4096,4194304,16777216,7,reverse,insertion,1222,16777216,1.00000000000000000,-0.000000000
2,3,4096,4194304,16777216,7,reverse,insertion,1223,16777216,1.00000000000000000,-0.000000000
2,3,4096,4194304,16777216,7,reverse,insertion,1224,16777216,1.00000000000000000,-0.000000000
2,3,4096,4194304,16777216,7,reverse,insertion,1225,16777216,1.00000000000000000,-0.000000000
2,3,4096,4194304,16777216,7,reverse,insertion,1226,16777216,1.00000000000000000,-0.000000000
2,3,4096,4194304,16777216,7,reverse,insertion,1227,16777216,1.00000000000000000,-0.000000000
2,3,4096,4194304,16777216,7,reverse,insertion,1228,16777216,1.00000000000000000,-0.000000000
2,3,4096,4194304,16777216,7,reverse,insertion,1229,16777216,1.00000000000000000,-0.000000000
2,3,4096,4194304,16777216,7,reverse,insertion,1230,16777216,1.00000000000000000,-0.000000000
2,3,4096,4194304,16777216,7,reverse,insertion,1231,16777216,1.00000000000000000,-0.000000000
2,3,4096,4194304,16777216,7,reverse,insertion,1232,16777216,1.00000000000000000,-0.000000000
2,3,4096,4194304,16777216,7,reverse,insertion,1233,16777216,1.00000000000000000,-0.000000000
2,3,4096,4194304,16777216,7,reverse,insertion,1234,16777216,1.00000000000000000,-0.000000000
2,3,4096,4194304,16777216,7,reverse,insertion,1235,16777216,1.00000000000000000,-0.000000000
2,3,4096,4194304,16777216,7,reverse,insertion,1236,16777216,1.00000000000000000,-0.000000000
2,3,4096,4194304,16777216,7,reverse,insertion,1237,16777216,1.00000000000000000,-0.000000000
2,3,4096,4194304,16777216,7,reverse,insertion,1238,16777216,1.00000000000000000,-0.000000000
2,3,4096,4194304,16777216,7,reverse,insertion,1239,16777216,1.00000000000000000,-0.000000000
2,3,4096,4194304,16777216,7,reverse,insertion,1240,16777216,1.00000000000000000,-0.000000000
2,3,4096,4194304,16777216,7,reverse,insertion,1241,16777216,1.00000000000000000,-0.000000000
2,3,4096,4194304,16777216,7,reverse,insertion,1242,16777216,1.00000000000000000,-0.000000000
2,3,4096,4194304,16777216,7,reverse,insertion,1243,16777216,1.00000000000000000,-0.000000000
2,3,4096,4194304,16777216,7,reverse,insertion,1244,16777216,1.00000000000000000,-0.000000000
2,3,4096,4194304,16777216,7,reverse,insertion,1245,16777216,1.00000000000000000,-0.000000000
2,3,4096,4194304,16777216,7,reverse,insertion,1246,16777216,1.00000000000000000,-0.000000000
2,3,4096,4194304,16777216,7,reverse,insertion,1247,16777216,1.00000000000000000,-0.000000000
2,3,4096,4194304,16777216,7,reverse,insertion,1248,16777216,1.00000000000000000,-0.000000000
2,3,4096,4194304,16777216,7,reverse,insertion,1249,16777216,1.00000000000000000,-0.000000000
2,3,4096,4194304,16777216,7,reverse,insertion,1250,16777216,1.00000000000000000,-0.000000000
2,3,4096,4194304,16777216,7,reverse,insertion,1251,16777216,1.00000000000000000,-0.000000000
2,3,4096,4194304,16777216,7,reverse,insertion,1252,16777216,1.00000000000000000,-0.000000000
2,3,4096,4194304,16777216,7,reverse,insertion,1253,16777216,1.00000000000000000,-0.000000000
2,3,4096,4194304,16777216,7,reverse,insertion,1254,16777216,1.00000000000000000,-0.000000000
2,3,4096,4194304,16777216,7,reverse,insertion,1255,16777216,1.00000000000000000,-0.000000000
2,3,4096,4194304,16777216,7,reverse,insertion,1256,16777216,1.00000000000000000,-0.000000000
2,3,4096,4194304,16777216,7,reverse,insertion,1257,16777216,1.00000000000000000,-0.000000000
2,3,4096,4194304,16777216,7,reverse,insertion,1258,16777216,1.00000000000000000,-0.000000000
2,3,4096,4194304,16777216,7,reverse,insertion,1259,16777216,1.00000000000000000,-0.000000000
2,3,4096,4194304,16777216,7,reverse,insertion,1260,16777216,1.00000000000000000,-0.000000000
2,3,4096,4194304,16777216,7,reverse,insertion,1261,16777216,1.00000000000000000,-0.000000000
2,3,4096,4194304,16777216,7,reverse,insertion,1262,16777216,1.00000000000000000,-0.000000000
2,3,4096,4194304,16777216,7,reverse,insertion,1263,16777216,1.00000000000000000,-0.000000000
2,3,4096,4194304,16777216,7,reverse,insertion,1264,16777216,1.00000000000000000,-0.000000000
2,3,4096,4194304,16777216,7,reverse,insertion,1265,16777216,1.00000000000000000,-0.000000000
2,3,4096,4194304,16777216,7,reverse,insertion,1266,16777216,1.00000000000000000,-0.000000000
2,3,4096,4194304,16777216,7,reverse,insertion,1267,16777216,1.00000000000000000,-0.000000000
2,3,4096,4194304,16777216,7,reverse,insertion,1268,16777216,1.00000000000000000,-0.000000000
2,3,4096,4194304,16777216,7,reverse,insertion,1269,16777216,1.00000000000000000,-0.000000000
2,3,4096,4194304,16777216,7,reverse,insertion,1270,16777216,1.00000000000000000,-0.000000000
2,3,4096,4194304,16777216,7,reverse,insertion,1271,16777216,1.00000000000000000,-0.000000000
2,3,4096,4194304,16777216,7,reverse,insertion,1272,16777216,1.00000000000000000,-0.000000000
2,3,4096,4194304,16777216,7,reverse,insertion,1273,16777216,1.00000000000000000,-0.000000000
2,3,4096,4194304,16777216,7,reverse,insertion,1274,16777216,1.00000000000000000,-0.000000000
2,3,4096,4194304,16777216,7,reverse,insertion,1275,16777216,1.00000000000000000,-0.000000000
2,3,4096,4194304,16777216,7,reverse,insertion,1276,16777216,1.00000000000000000,-0.000000000
2,3,4096,4194304,16777216,7,reverse,insertion,1277,16777216,1.00000000000000000,-0.000000000
2,3,4096,4194304,16777216,7,reverse,insertion,1278,16777216,1.00000000000000000,-0.000000000
2,3,4096,4194304,16777216,7,reverse,insertion,1279,16777216,1.00000000000000000,-0.000000000
2,3,4096,4194304,16777216,7,reverse,insertion,1280,16777216,1.00000000000000000,-0.000000000
2,3,4096,4194304,16777216,7,reverse,insertion,1281,16777216,1.00000000000000000,-0.000000000
2,3,4096,4194304,16777216,7,reverse,insertion,1282,16777216,1.00000000000000000,-0.000000000
2,3,4096,4194304,16777216,7,reverse,insertion,1283,16777216,1.00000000000000000,-0.000000000
2,3,4096,4194304,16777216,7,reverse,insertion,1284,16777216,1.00000000000000000,-0.000000000
2,3,4096,4194304,16777216,7,reverse,insertion,1285,16777216,1.00000000000000000,-0.000000000
2,3,4096,4194304,16777216,7,reverse,insertion,1286,16777216,1.00000000000000000,-0.000000000
2,3,4096,4194304,16777216,7,reverse,insertion,1287,16777216,1.00000000000000000,-0.000000000
2,3,4096,4194304,16777216,7,reverse,insertion,1288,16777216,1.00000000000000000,-0.000000000
2,3,4096,4194304,16777216,7,reverse,insertion,1289,16777216,1.00000000000000000,-0.000000000
2,3,4096,4194304,16777216,7,reverse,insertion,1290,16777216,1.00000000000000000,-0.000000000
2,3,4096,4194304,16777216,7,reverse,insertion,1291,16777216,1.00000000000000000,-0.000000000
2,3,4096,4194304,16777216,7,reverse,insertion,1292,16777216,1.00000000000000000,-0.000000000
2,3,4096,4194304,16777216,7,reverse,insertion,1293,16777216,1.00000000000000000,-0.000000000
2,3,4096,4194304,16777216,7,reverse,insertion,1294,16777216,1.00000000000000000,-0.000000000
2,3,4096,4194304,16777216,7,reverse,insertion,1295,16777216,1.00000000000000000,-0.000000000
2,3,4096,4194304,16777216,7,reverse,insertion,1296,16777216,1.00000000000000000,-0.000000000
2,3,4096,4194304,16777216,7,reverse,insertion,1297,16777216,1.00000000000000000,-0.000000000
2,3,4096,4194304,16777216,7,reverse,insertion,1298,16777216,1.00000000000000000,-0.000000000
2,3,4096,4194304,16777216,7,reverse,insertion,1299,16777216,1.00000000000000000,-0.000000000
2,3,4096,4194304,16777216,7,reverse,insertion,1300,16777216,1.00000000000000000,-0.000000000
2,3,4096,4194304,16777216,7,reverse,insertion,1301,16777216,1.00000000000000000,-0.000000000
2,3,4096,4194304,16777216,7,reverse,insertion,1302,16777216,1.00000000000000000,-0.000000000
2,3,4096,4194304,16777216,7,reverse,insertion,1303,16777216,1.00000000000000000,-0.000000000
2,3,4096,4194304,16777216,7,reverse,insertion,1304,16777216,1.00000000000000000,-0.000000000
2,3,4096,4194304,16777216,7,reverse,insertion,1305,16777216,1.00000000000000000,-0.000000000
2,3,4096,4194304,16777216,7,reverse,insertion,1306,16777216,1.00000000000000000,-0.000000000
2,3,4096,4194304,16777216,7,reverse,insertion,1307,16777216,1.00000000000000000,-0.000000000
2,3,4096,4194304,16777216,7,reverse,insertion,1308,16777216,1.00000000000000000,-0.000000000
2,3,4096,4194304,16777216,7,reverse,insertion,1309,16777216,1.00000000000000000,-0.000000000
2,3,4096,4194304,16777216,7,reverse,insertion,1310,16777216,1.00000000000000000,-0.000000000
2,3,4096,4194304,16777216,7,reverse,insertion,1311,16777216,1.00000000000000000,-0.000000000
2,3,4096,4194304,16777216,7,reverse,insertion,1312,16777216,1.00000000000000000,-0.000000000
2,3,4096,4194304,16777216,7,reverse,insertion,1313,16777216,1.00000000000000000,-0.000000000
2,3,4096,4194304,16777216,7,reverse,insertion,1314,16777216,1.00000000000000000,-0.000000000
2,3,4096,4194304,16777216,7,reverse,insertion,1315,16777216,1.00000000000000000,-0.000000000
2,3,4096,4194304,16777216,7,reverse,insertion,1316,16777216,1.00000000000000000,-0.000000000
2,3,4096,4194304,16777216,7,reverse,insertion,1317,16777216,1.00000000000000000,-0.000000000
2,3,4096,4194304,16777216,7,reverse,insertion,1318,16777216,1.00000000000000000,-0.000000000
2,3,4096,4194304,16777216,7,reverse,insertion,1319,16777216,1.00000000000000000,-0.000000000
2,3,4096,4194304,16777216,7,reverse,insertion,1320,16777216,1.00000000000000000,-0.000000000
2,3,4096,4194304,16777216,7,reverse,insertion,1321,16777216,1.00000000000000000,-0.000000000
2,3,4096,4194304,16777216,7,reverse,insertion,1322,16777216,1.00000000000000000,-0.000000000
2,3,4096,4194304,16777216,7,reverse,insertion,1323,16777216,1.00000000000000000,-0.000000000
2,3,4096,4194304,16777216,7,reverse,insertion,1324,16777216,1.00000000000000000,-0.000000000
2,3,4096,4194304,16777216,7,reverse,insertion,1325,16777216,1.00000000000000000,-0.000000000
2,3,4096,4194304,16777216,7,reverse,insertion,1326,16777216,1.00000000000000000,-0.000000000
2,3,4096,4194304,16777216,7,reverse,insertion,1327,16777216,1.00000000000000000,-0.000000000
2,3,4096,4194304,16777216,7,reverse,insertion,1328,16777216,1.00000000000000000,-0.000000000
2,3,4096,4194304,16777216,7,reverse,insertion,1329,16777216,1.00000000000000000,-0.000000000
2,3,4096,4194304,16777216,7,reverse,insertion,1330,16777216,1.00000000000000000,-0.000000000
2,3,4096,4194304,16777216,7,reverse,insertion,1331,16777216,1.00000000000000000,-0.000000000
2,3,4096,4194304,16777216,7,reverse,insertion,1332,16777216,1.00000000000000000,-0.000000000
2,3,4096,4194304,16777216,7,reverse,insertion,1333,16777216,1.00000000000000000,-0.000000000
2,3,4096,4194304,16777216,7,reverse,insertion,1334,16777216,1.00000000000000000,-0.000000000
2,3,4096,4194304,16777216,7,reverse,insertion,1335,16777216,1.00000000000000000,-0.000000000
2,3,4096,4194304,16777216,7,reverse,insertion,1336,16777216,1.00000000000000000,-0.000000000
2,3,4096,4194304,16777216,7,reverse,insertion,1337,16777216,1.00000000000000000,-0.000000000
2,3,4096,4194304,16777216,7,reverse,insertion,1338,16777216,1.00000000000000000,-0.000000000
2,3,4096,4194304,16777216,7,reverse,insertion,1339,16777216,1.00000000000000000,-0.000000000
2,3,4096,4194304,16777216,7,reverse,insertion,1340,16777216,1.00000000000000000,-0.000000000
2,3,4096,4194304,16777216,7,reverse,insertion,1341,16777216,1.00000000000000000,-0.000000000
2,3,4096,4194304,16777216,7,reverse,insertion,1342,16777216,1.00000000000000000,-0.000000000
2,3,4096,4194304,16777216,7,reverse,insertion,1343,16777216,1.00000000000000000,-0.000000000
2,3,4096,4194304,16777216,7,reverse,insertion,1344,16777216,1.00000000000000000,-0.000000000
2,3,4096,4194304,16777216,7,reverse,insertion,1345,16777216,1.00000000000000000,-0.000000000
2,3,4096,4194304,16777216,7,reverse,insertion,1346,16777216,1.00000000000000000,-0.000000000
2,3,4096,4194304,16777216,7,reverse,insertion,1347,16777216,1.00000000000000000,-0.000000000
2,3,4096,4194304,16777216,7,reverse,insertion,1348,16777216,1.00000000000000000,-0.000000000
2,3,4096,4194304,16777216,7,reverse,insertion,1349,16777216,1.00000000000000000,-0.000000000
2,3,4096,4194304,16777216,7,reverse,insertion,1350,16777216,1.00000000000000000,-0.000000000
2,3,4096,4194304,16777216,7,reverse,insertion,1351,16777216,1.00000000000000000,-0.000000000
2,3,4096,4194304,16777216,7,reverse,insertion,1352,16777216,1.00000000000000000,-0.000000000
2,3,4096,4194304,16777216,7,reverse,insertion,1353,16777216,1.00000000000000000,-0.000000000
2,3,4096,4194304,16777216,7,reverse,insertion,1354,16777216,1.00000000000000000,-0.000000000
2,3,4096,4194304,16777216,7,reverse,insertion,1355,16777216,1.00000000000000000,-0.000000000
2,3,4096,4194304,16777216,7,reverse,insertion,1356,16777216,1.00000000000000000,-0.000000000
2,3,4096,4194304,16777216,7,reverse,insertion,1357,16777216,1.00000000000000000,-0.000000000
2,3,4096,4194304,16777216,7,reverse,insertion,1358,16777216,1.00000000000000000,-0.000000000
2,3,4096,4194304,16777216,7,reverse,insertion,1359,16777216,1.00000000000000000,-0.000000000
2,3,4096,4194304,16777216,7,reverse,insertion,1360,16777216,1.00000000000000000,-0.000000000
2,3,4096,4194304,16777216,7,reverse,insertion,1361,16777216,1.00000000000000000,-0.000000000
2,3,4096,4194304,16777216,7,reverse,insertion,1362,16777216,1.00000000000000000,-0.000000000
2,3,4096,4194304,16777216,7,reverse,insertion,1363,16777216,1.00000000000000000,-0.000000000
2,3,4096,4194304,16777216,7,reverse,insertion,1364,16777216,1.00000000000000000,-0.000000000
2,3,4096,4194304,16777216,7,reverse,insertion,1365,16777216,1.00000000000000000,-0.000000000
2,3,4096,4194304,16777216,7,reverse,insertion,1366,16777216,1.00000000000000000,-0.000000000
2,3,4096,4194304,16777216,7,reverse,insertion,1367,16777216,1.00000000000000000,-0.000000000
2,3,4096,4194304,16777216,7,reverse,insertion,1368,16777216,1.00000000000000000,-0.000000000
2,3,4096,4194304,16777216,7,reverse,insertion,1369,16777216,1.00000000000000000,-0.000000000
2,3,4096,4194304,16777216,7,reverse,insertion,1370,16777216,1.00000000000000000,-0.000000000
2,3,4096,4194304,16777216,7,reverse,insertion,1371,16777216,1.00000000000000000,-0.000000000
2,3,4096,4194304,16777216,7,reverse,insertion,1372,16777216,1.00000000000000000,-0.000000000
2,3,4096,4194304,16777216,7,reverse,insertion,1373,16777216,1.00000000000000000,-0.000000000
2,3,4096,4194304,16777216,7,reverse,insertion,1374,16777216,1.00000000000000000,-0.000000000
2,3,4096,4194304,16777216,7,reverse,insertion,1375,16777216,1.00000000000000000,-0.000000000
2,3,4096,4194304,16777216,7,reverse,insertion,1376,16777216,1.00000000000000000,-0.000000000
2,3,4096,4194304,16777216,7,reverse,insertion,1377,16777216,1.00000000000000000,-0.000000000
2,3,4096,4194304,16777216,7,reverse,insertion,1378,16777216,1.00000000000000000,-0.000000000
2,3,4096,4194304,16777216,7,reverse,insertion,1379,16777216,1.00000000000000000,-0.000000000
2,3,4096,4194304,16777216,7,reverse,insertion,1380,16777216,1.00000000000000000,-0.000000000
2,3,4096,4194304,16777216,7,reverse,insertion,1381,16777216,1.00000000000000000,-0.000000000
2,3,4096,4194304,16777216,7,reverse,insertion,1382,16777216,1.00000000000000000,-0.000000000
2,3,4096,4194304,16777216,7,reverse,insertion,1383,16777216,1.00000000000000000,-0.000000000
2,3,4096,4194304,16777216,7,reverse,insertion,1384,16777216,1.00000000000000000,-0.000000000
2,3,4096,4194304,16777216,7,reverse,insertion,1385,16777216,1.00000000000000000,-0.000000000
2,3,4096,4194304,16777216,7,reverse,insertion,1386,16777216,1.00000000000000000,-0.000000000
2,3,4096,4194304,16777216,7,reverse,insertion,1387,16777216,1.00000000000000000,-0.000000000
2,3,4096,4194304,16777216,7,reverse,insertion,1388,16777216,1.00000000000000000,-0.000000000
2,3,4096,4194304,16777216,7,reverse,insertion,1389,16777216,1.00000000000000000,-0.000000000
2,3,4096,4194304,16777216,7,reverse,insertion,1390,16777216,1.00000000000000000,-0.000000000
2,3,4096,4194304,16777216,7,reverse,insertion,1391,16777216,1.00000000000000000,-0.000000000
2,3,4096,4194304,16777216,7,reverse,insertion,1392,16777216,1.00000000000000000,-0.000000000
2,3,4096,4194304,16777216,7,reverse,insertion,1393,16777216,1.00000000000000000,-0.000000000
2,3,4096,4194304,16777216,7,reverse,insertion,1394,16777216,1.00000000000000000,-0.000000000
2,3,4096,4194304,16777216,7,reverse,insertion,1395,16777216,1.00000000000000000,-0.000000000
2,3,4096,4194304,16777216,7,reverse,insertion,1396,16777216,1.00000000000000000,-0.000000000
2,3,4096,4194304,16777216,7,reverse,insertion,1397,16777216,1.00000000000000000,-0.000000000
2,3,4096,4194304,16777216,7,reverse,insertion,1398,16777216,1.00000000000000000,-0.000000000
2,3,4096,4194304,16777216,7,reverse,insertion,1399,16777216,1.00000000000000000,-0.000000000
2,3,4096,4194304,16777216,7,reverse,insertion,1400,16777216,1.00000000000000000,-0.000000000
2,3,4096,4194304,16777216,7,reverse,insertion,1401,16777216,1.00000000000000000,-0.000000000
2,3,4096,4194304,16777216,7,reverse,insertion,1402,16777216,1.00000000000000000,-0.000000000
2,3,4096,4194304,16777216,7,reverse,insertion,1403,16777216,1.00000000000000000,-0.000000000
2,3,4096,4194304,16777216,7,reverse,insertion,1404,16777216,1.00000000000000000,-0.000000000
2,3,4096,4194304,16777216,7,reverse,insertion,1405,16777216,1.00000000000000000,-0.000000000
2,3,4096,4194304,16777216,7,reverse,insertion,1406,16777216,1.00000000000000000,-0.000000000
2,3,4096,4194304,16777216,7,reverse,insertion,1407,16777216,1.00000000000000000,-0.000000000
2,3,4096,4194304,16777216,7,reverse,insertion,1408,16777216,1.00000000000000000,-0.000000000
2,3,4096,4194304,16777216,7,reverse,insertion,1409,16777216,1.00000000000000000,-0.000000000
2,3,4096,4194304,16777216,7,reverse,insertion,1410,16777216,1.00000000000000000,-0.000000000
2,3,4096,4194304,16777216,7,reverse,insertion,1411,16777216,1.00000000000000000,-0.000000000
2,3,4096,4194304,16777216,7,reverse,insertion,1412,16777216,1.00000000000000000,-0.000000000
2,3,4096,4194304,16777216,7,reverse,insertion,1413,16777216,1.00000000000000000,-0.000000000
2,3,4096,4194304,16777216,7,reverse,insertion,1414,16777216,1.00000000000000000,-0.000000000
2,3,4096,4194304,16777216,7,reverse,insertion,1415,16777216,1.00000000000000000,-0.000000000
2,3,4096,4194304,16777216,7,reverse,insertion,1416,16777216,1.00000000000000000,-0.000000000
2,3,4096,4194304,16777216,7,reverse,insertion,1417,16777216,1.00000000000000000,-0.000000000
2,3,4096,4194304,16777216,7,reverse,insertion,1418,16777216,1.00000000000000000,-0.000000000
2,3,4096,4194304,16777216,7,reverse,insertion,1419,16777216,1.00000000000000000,-0.000000000
2,3,4096,4194304,16777216,7,reverse,insertion,1420,16777216,1.00000000000000000,-0.000000000
2,3,4096,4194304,16777216,7,reverse,insertion,1421,16777216,1.00000000000000000,-0.000000000
2,3,4096,4194304,16777216,7,reverse,insertion,1422,16777216,1.00000000000000000,-0.000000000
2,3,4096,4194304,16777216,7,reverse,insertion,1423,16777216,1.00000000000000000,-0.000000000
2,3,4096,4194304,16777216,7,reverse,insertion,1424,16777216,1.00000000000000000,-0.000000000
2,3,4096,4194304,16777216,7,reverse,insertion,1425,16777216,1.00000000000000000,-0.000000000
2,3,4096,4194304,16777216,7,reverse,insertion,1426,16777216,1.00000000000000000,-0.000000000
2,3,4096,4194304,16777216,7,reverse,insertion,1427,16777216,1.00000000000000000,-0.000000000
2,3,4096,4194304,16777216,7,reverse,insertion,1428,16777216,1.00000000000000000,-0.000000000
2,3,4096,4194304,16777216,7,reverse,insertion,1429,16777216,1.00000000000000000,-0.000000000
2,3,4096,4194304,16777216,7,reverse,insertion,1430,16777216,1.00000000000000000,-0.000000000
2,3,4096,4194304,16777216,7,reverse,insertion,1431,16777216,1.00000000000000000,-0.000000000
2,3,4096,4194304,16777216,7,reverse,insertion,1432,16777216,1.00000000000000000,-0.000000000
2,3,4096,4194304,16777216,7,reverse,insertion,1433,16777216,1.00000000000000000,-0.000000000
2,3,4096,4194304,16777216,7,reverse,insertion,1434,16777216,1.00000000000000000,-0.000000000
2,3,4096,4194304,16777216,7,reverse,insertion,1435,16777216,1.00000000000000000,-0.000000000
2,3,4096,4194304,16777216,7,reverse,insertion,1436,16777216,1.00000000000000000,-0.000000000
2,3,4096,4194304,16777216,7,reverse,insertion,1437,16777216,1.00000000000000000,-0.000000000
2,3,4096,4194304,16777216,7,reverse,insertion,1438,16777216,1.00000000000000000,-0.000000000
2,3,4096,4194304,16777216,7,reverse,insertion,1439,16777216,1.00000000000000000,-0.000000000
2,3,4096,4194304,16777216,7,reverse,insertion,1440,16777216,1.00000000000000000,-0.000000000
2,3,4096,4194304,16777216,7,reverse,insertion,1441,16777216,1.00000000000000000,-0.000000000
2,3,4096,4194304,16777216,7,reverse,insertion,1442,16777216,1.00000000000000000,-0.000000000
2,3,4096,4194304,16777216,7,reverse,insertion,1443,16777216,1.00000000000000000,-0.000000000
2,3,4096,4194304,16777216,7,reverse,insertion,1444,16777216,1.00000000000000000,-0.000000000
2,3,4096,4194304,16777216,7,reverse,insertion,1445,16777216,1.00000000000000000,-0.000000000
2,3,4096,4194304,16777216,7,reverse,insertion,1446,16777216,1.00000000000000000,-0.000000000
2,3,4096,4194304,16777216,7,reverse,insertion,1447,16777216,1.00000000000000000,-0.000000000
2,3,4096,4194304,16777216,7,reverse,insertion,1448,16777216,1.00000000000000000,-0.000000000
2,3,4096,4194304,16777216,7,reverse,insertion,1449,16777216,1.00000000000000000,-0.000000000
2,3,4096,4194304,16777216,7,reverse,insertion,1450,16777216,1.00000000000000000,-0.000000000
2,3,4096,4194304,16777216,7,reverse,insertion,1451,16777216,1.00000000000000000,-0.000000000
2,3,4096,4194304,16777216,7,reverse,insertion,1452,16777216,1.00000000000000000,-0.000000000
2,3,4096,4194304,16777216,7,reverse,insertion,1453,16777216,1.00000000000000000,-0.000000000
2,3,4096,4194304,16777216,7,reverse,insertion,1454,16777216,1.00000000000000000,-0.000000000
2,3,4096,4194304,16777216,7,reverse,insertion,1455,16777216,1.00000000000000000,-0.000000000
2,3,4096,4194304,16777216,7,reverse,insertion,1456,16777216,1.00000000000000000,-0.000000000
2,3,4096,4194304,16777216,7,reverse,insertion,1457,16777216,1.00000000000000000,-0.000000000
2,3,4096,4194304,16777216,7,reverse,insertion,1458,16777216,1.00000000000000000,-0.000000000
2,3,4096,4194304,16777216,7,reverse,insertion,1459,16777216,1.00000000000000000,-0.000000000
2,3,4096,4194304,16777216,7,reverse,insertion,1460,16777216,1.00000000000000000,-0.000000000
2,3,4096,4194304,16777216,7,reverse,insertion,1461,16777216,1.00000000000000000,-0.000000000
2,3,4096,4194304,16777216,7,reverse,insertion,1462,16777216,1.00000000000000000,-0.000000000
2,3,4096,4194304,16777216,7,reverse,insertion,1463,16777216,1.00000000000000000,-0.000000000
2,3,4096,4194304,16777216,7,reverse,insertion,1464,16777216,1.00000000000000000,-0.000000000
2,3,4096,4194304,16777216,7,reverse,insertion,1465,16777216,1.00000000000000000,-0.000000000
2,3,4096,4194304,16777216,7,reverse,insertion,1466,16777216,1.00000000000000000,-0.000000000
2,3,4096,4194304,16777216,7,reverse,insertion,1467,16777216,1.00000000000000000,-0.000000000
2,3,4096,4194304,16777216,7,reverse,insertion,1468,16777216,1.00000000000000000,-0.000000000
2,3,4096,4194304,16777216,7,reverse,insertion,1469,16777216,1.00000000000000000,-0.000000000
2,3,4096,4194304,16777216,7,reverse,insertion,1470,16777216,1.00000000000000000,-0.000000000
2,3,4096,4194304,16777216,7,reverse,insertion,1471,16777216,1.00000000000000000,-0.000000000
2,3,4096,4194304,16777216,7,reverse,insertion,1472,16777216,1.00000000000000000,-0.000000000
2,3,4096,4194304,16777216,7,reverse,insertion,1473,16777216,1.00000000000000000,-0.000000000
2,3,4096,4194304,16777216,7,reverse,insertion,1474,16777216,1.00000000000000000,-0.000000000
2,3,4096,4194304,16777216,7,reverse,insertion,1475,16777216,1.00000000000000000,-0.000000000
2,3,4096,4194304,16777216,7,reverse,insertion,1476,16777216,1.00000000000000000,-0.000000000
2,3,4096,4194304,16777216,7,reverse,insertion,1477,16777216,1.00000000000000000,-0.000000000
2,3,4096,4194304,16777216,7,reverse,insertion,1478,16777216,1.00000000000000000,-0.000000000
2,3,4096,4194304,16777216,7,reverse,insertion,1479,16777216,1.00000000000000000,-0.000000000
2,3,4096,4194304,16777216,7,reverse,insertion,1480,16777216,1.00000000000000000,-0.000000000
2,3,4096,4194304,16777216,7,reverse,insertion,1481,16777216,1.00000000000000000,-0.000000000
2,3,4096,4194304,16777216,7,reverse,insertion,1482,16777216,1.00000000000000000,-0.000000000
2,3,4096,4194304,16777216,7,reverse,insertion,1483,16777216,1.00000000000000000,-0.000000000
2,3,4096,4194304,16777216,7,reverse,insertion,1484,16777216,1.00000000000000000,-0.000000000
2,3,4096,4194304,16777216,7,reverse,insertion,1485,16777216,1.00000000000000000,-0.000000000
2,3,4096,4194304,16777216,7,reverse,insertion,1486,16777216,1.00000000000000000,-0.000000000
2,3,4096,4194304,16777216,7,reverse,insertion,1487,16777216,1.00000000000000000,-0.000000000
2,3,4096,4194304,16777216,7,reverse,insertion,1488,16777216,1.00000000000000000,-0.000000000
2,3,4096,4194304,16777216,7,reverse,insertion,1489,16777216,1.00000000000000000,-0.000000000
2,3,4096,4194304,16777216,7,reverse,insertion,1490,16777216,1.00000000000000000,-0.000000000
2,3,4096,4194304,16777216,7,reverse,insertion,1491,16777216,1.00000000000000000,-0.000000000
2,3,4096,4194304,16777216,7,reverse,insertion,1492,16777216,1.00000000000000000,-0.000000000
2,3,4096,4194304,16777216,7,reverse,insertion,1493,16777216,1.00000000000000000,-0.000000000
2,3,4096,4194304,16777216,7,reverse,insertion,1494,16777216,1.00000000000000000,-0.000000000
2,3,4096,4194304,16777216,7,reverse,insertion,1495,16777216,1.00000000000000000,-0.000000000
2,3,4096,4194304,16777216,7,reverse,insertion,1496,16777216,1.00000000000000000,-0.000000000
2,3,4096,4194304,16777216,7,reverse,insertion,1497,16777216,1.00000000000000000,-0.000000000
2,3,4096,4194304,16777216,7,reverse,insertion,1498,16777216,1.00000000000000000,-0.000000000
2,3,4096,4194304,16777216,7,reverse,insertion,1499,16777216,1.00000000000000000,-0.000000000
2,3,4096,4194304,16777216,7,reverse,insertion,1500,16777216,1.00000000000000000,-0.000000000
2,3,4096,4194304,16777216,7,reverse,insertion,1501,16777216,1.00000000000000000,-0.000000000
2,3,4096,4194304,16777216,7,reverse,insertion,1502,16777216,1.00000000000000000,-0.000000000
2,3,4096,4194304,16777216,7,reverse,insertion,1503,16777216,1.00000000000000000,-0.000000000
2,3,4096,4194304,16777216,7,reverse,insertion,1504,16777216,1.00000000000000000,-0.000000000
2,3,4096,4194304,16777216,7,reverse,insertion,1505,16777216,1.00000000000000000,-0.000000000
2,3,4096,4194304,16777216,7,reverse,insertion,1506,16777216,1.00000000000000000,-0.000000000
2,3,4096,4194304,16777216,7,reverse,insertion,1507,16777216,1.00000000000000000,-0.000000000
2,3,4096,4194304,16777216,7,reverse,insertion,1508,16777216,1.00000000000000000,-0.000000000
2,3,4096,4194304,16777216,7,reverse,insertion,1509,16777216,1.00000000000000000,-0.000000000
2,3,4096,4194304,16777216,7,reverse,insertion,1510,16777216,1.00000000000000000,-0.000000000
2,3,4096,4194304,16777216,7,reverse,insertion,1511,16777216,1.00000000000000000,-0.000000000
2,3,4096,4194304,16777216,7,reverse,insertion,1512,16777214,0.99999988079071045,0.000000172
2,3,4096,4194304,16777216,7,reverse,insertion,1513,16777205,0.99999934434890747,0.000000946
2,3,4096,4194304,16777216,7,reverse,insertion,1514,16777186,0.99999821186065674,0.000002580
2,3,4096,4194304,16777216,7,reverse,insertion,1515,16777161,0.99999672174453735,0.000004730
2,3,4096,4194304,16777216,7,reverse,insertion,1516,16777139,0.99999541044235229,0.000006621
2,3,4096,4194304,16777216,7,reverse,insertion,1517,16777117,0.99999409914016724,0.000008513
2,3,4096,4194304,16777216,7,reverse,insertion,1518,16777075,0.99999159574508667,0.000012125
2,3,4096,4194304,16777216,7,reverse,insertion,1519,16777056,0.99999046325683594,0.000013759
2,3,4096,4194304,16777216,7,reverse,insertion,1520,16777040,0.99998950958251953,0.000015135
2,3,4096,4194304,16777216,7,reverse,insertion,1521,16777009,0.99998766183853149,0.000017800
2,3,4096,4194304,16777216,7,reverse,insertion,1522,16776994,0.99998676776885986,0.000019090
2,3,4096,4194304,16777216,7,reverse,insertion,1523,16776979,0.99998587369918823,0.000020380
2,3,4096,4194304,16777216,7,reverse,insertion,1524,16776957,0.99998456239700317,0.000022272
2,3,4096,4194304,16777216,7,reverse,insertion,1525,16776934,0.99998319149017334,0.000024250
2,3,4096,4194304,16777216,7,reverse,insertion,1526,16776923,0.99998253583908081,0.000025196
2,3,4096,4194304,16777216,7,reverse,insertion,1527,16776919,0.99998229742050171,0.000025540
2,3,4096,4194304,16777216,7,reverse,insertion,1528,16776910,0.99998176097869873,0.000026314
2,3,4096,4194304,16777216,7,reverse,insertion,1529,16776894,0.99998080730438232,0.000027689
2,3,4096,4194304,16777216,7,reverse,insertion,1530,16776878,0.99997985363006592,0.000029065
2,3,4096,4194304,16777216,7,reverse,insertion,1531,16776866,0.99997913837432861,0.000030097
2,3,4096,4194304,16777216,7,reverse,insertion,1532,16776850,0.99997818470001221,0.000031473
2,3,4096,4194304,16777216,7,reverse,insertion,1533,16776833,0.99997717142105103,0.000032935
2,3,4096,4194304,16777216,7,reverse,insertion,1534,16776812,0.99997591972351074,0.000034741
2,3,4096,4194304,16777216,7,reverse,insertion,1535,16776801,0.99997526407241821,0.000035687
2,3,4096,4194304,16777216,7,reverse,insertion,1536,16776780,0.99997401237487793,0.000037493
2,3,4096,4194304,16777216,7,reverse,insertion,1537,16776768,0.99997329711914062,0.000038525
2,3,4096,4194304,16777216,7,reverse,insertion,1538,16776755,0.99997252225875854,0.000039643
2,3,4096,4194304,16777216,7,reverse,insertion,1539,16776745,0.99997192621231079,0.000040502
2,3,4096,4194304,16777216,7,reverse,insertion,1540,16776734,0.99997127056121826,0.000041448
2,3,4096,4194304,16777216,7,reverse,insertion,1541,16776726,0.99997079372406006,0.000042136
2,3,4096,4194304,16777216,7,reverse,insertion,1542,16776719,0.99997037649154663,0.000042738
2,3,4096,4194304,16777216,7,reverse,insertion,1543,16776709,0.99996978044509888,0.000043598
2,3,4096,4194304,16777216,7,reverse,insertion,1544,16776700,0.99996924400329590,0.000044372
2,3,4096,4194304,16777216,7,reverse,insertion,1545,16776694,0.99996888637542725,0.000044888
2,3,4096,4194304,16777216,7,reverse,insertion,1546,16776686,0.99996840953826904,0.000045576
2,3,4096,4194304,16777216,7,reverse,insertion,1547,16776684,0.99996829032897949,0.000045748
2,3,4096,4194304,16777216,7,reverse,insertion,1548,16776680,0.99996805191040039,0.000046092
2,3,4096,4194304,16777216,7,reverse,insertion,1549,16776674,0.99996769428253174,0.000046608
2,3,4096,4194304,16777216,7,reverse,insertion,1550,16776663,0.99996703863143921,0.000047554
2,3,4096,4194304,16777216,7,reverse,insertion,1551,16776650,0.99996626377105713,0.000048672
2,3,4096,4194304,16777216,7,reverse,insertion,1552,16776645,0.99996596574783325,0.000049102
2,3,4096,4194304,16777216,7,reverse,insertion,1553,16776641,0.99996572732925415,0.000049446
2,3,4096,4194304,16777216,7,reverse,insertion,1554,16776635,0.99996536970138550,0.000049962
2,3,4096,4194304,16777216,7,reverse,insertion,1555,16776624,0.99996471405029297,0.000050908
2,3,4096,4194304,16777216,7,reverse,insertion,1556,16776615,0.99996417760848999,0.000051682
2,3,4096,4194304,16777216,7,reverse,insertion,1557,16776603,0.99996346235275269,0.000052714
2,3,4096,4194304,16777216,7,reverse,insertion,1558,16776589,0.99996262788772583,0.000053918
2,3,4096,4194304,16777216,7,reverse,insertion,1559,16776564,0.99996113777160645,0.000056067
2,3,4096,4194304,16777216,7,reverse,insertion,1560,16776539,0.99995964765548706,0.000058217
2,3,4096,4194304,16777216,7,reverse,insertion,1561,16776528,0.99995899200439453,0.000059163
2,3,4096,4194304,16777216,7,reverse,insertion,1562,16776499,0.99995726346969604,0.000061657
2,3,4096,4194304,16777216,7,reverse,insertion,1563,16776477,0.99995595216751099,0.000063549
2,3,4096,4194304,16777216,7,reverse,insertion,1564,16776458,0.99995481967926025,0.000065183
2,3,4096,4194304,16777216,7,reverse,insertion,1565,16776450,0.99995434284210205,0.000065871
2,3,4096,4194304,16777216,7,reverse,insertion,1566,16776442,0.99995386600494385,0.000066559
2,3,4096,4194304,16777216,7,reverse,insertion,1567,16776435,0.99995344877243042,0.000067161
2,3,4096,4194304,16777216,7,reverse,insertion,1568,16776423,0.99995273351669312,0.000068193
2,3,4096,4194304,16777216,7,reverse,insertion,1569,16776411,0.99995201826095581,0.000069225
2,3,4096,4194304,16777216,7,reverse,insertion,1570,16776397,0.99995118379592896,0.000070429
2,3,4096,4194304,16777216,7,reverse,insertion,1571,16776377,0.99994999170303345,0.000072149
2,3,4096,4194304,16777216,7,reverse,insertion,1572,16776360,0.99994897842407227,0.000073610
2,3,4096,4194304,16777216,7,reverse,insertion,1573,16776345,0.99994808435440063,0.000074900
2,3,4096,4194304,16777216,7,reverse,insertion,1574,16776330,0.99994719028472900,0.000076190
2,3,4096,4194304,16777216,7,reverse,insertion,1575,16776313,0.99994617700576782,0.000077652
2,3,4096,4194304,16777216,7,reverse,insertion,1576,16776280,0.99994421005249023,0.000080490
2,3,4096,4194304,16777216,7,reverse,insertion,1577,16776242,0.99994194507598877,0.000083758
2,3,4096,4194304,16777216,7,reverse,insertion,1578,16776201,0.99993950128555298,0.000087284
2,3,4096,4194304,16777216,7,reverse,insertion,1579,16776138,0.99993574619293213,0.000092702
2,3,4096,4194304,16777216,7,reverse,insertion,1580,16776103,0.99993366003036499,0.000095712
2,3,4096,4194304,16777216,7,reverse,insertion,1581,16776079,0.99993222951889038,0.000097775
2,3,4096,4194304,16777216,7,reverse,insertion,1582,16776045,0.99993020296096802,0.000100699
2,3,4096,4194304,16777216,7,reverse,insertion,1583,16776003,0.99992769956588745,0.000104311
2,3,4096,4194304,16777216,7,reverse,insertion,1584,16775950,0.99992454051971436,0.000108869
2,3,4096,4194304,16777216,7,reverse,insertion,1585,16775872,0.99991989135742188,0.000115577
2,3,4096,4194304,16777216,7,reverse,insertion,1586,16775797,0.99991542100906372,0.000122027
2,3,4096,4194304,16777216,7,reverse,insertion,1587,16775717,0.99991065263748169,0.000128907
2,3,4096,4194304,16777216,7,reverse,insertion,1588,16775638,0.99990594387054443,0.000135701
2,3,4096,4194304,16777216,7,reverse,insertion,1589,16775564,0.99990153312683105,0.000142065
2,3,4096,4194304,16777216,7,reverse,insertion,1590,16775489,0.99989706277847290,0.000148515
2,3,4096,4194304,16777216,7,reverse,insertion,1591,16775397,0.99989157915115356,0.000156427
2,3,4096,4194304,16777216,7,reverse,insertion,1592,16775299,0.99988573789596558,0.000164855
2,3,4096,4194304,16777216,7,reverse,insertion,1593,16775197,0.99987965822219849,0.000173627
2,3,4096,4194304,16777216,7,reverse,insertion,1594,16775103,0.99987405538558960,0.000181711
2,3,4096,4194304,16777216,7,reverse,insertion,1595,16774955,0.99986523389816284,0.000194439
2,3,4096,4194304,16777216,7,reverse,insertion,1596,16774821,0.99985724687576294,0.000205964
2,3,4096,4194304,16777216,7,reverse,insertion,1597,16774714,0.99985086917877197,0.000215166
2,3,4096,4194304,16777216,7,reverse,insertion,1598,16774610,0.99984467029571533,0.000224111
2,3,4096,4194304,16777216,7,reverse,insertion,1599,16774470,0.99983632564544678,0.000236152
2,3,4096,4194304,16777216,7,reverse,insertion,1600,16774333,0.99982815980911255,0.000247934
2,3,4096,4194304,16777216,7,reverse,insertion,1601,16774208,0.99982070922851562,0.000258685
2,3,4096,4194304,16777216,7,reverse,insertion,1602,16774047,0.99981111288070679,0.000272532
2,3,4096,4194304,16777216,7,reverse,insertion,1603,16773910,0.99980294704437256,0.000284315
2,3,4096,4194304,16777216,7,reverse,insertion,1604,16773754,0.99979364871978760,0.000297733
2,3,4096,4194304,16777216,7,reverse,insertion,1605,16773538,0.99978077411651611,0.000316311
2,3,4096,4194304,16777216,7,reverse,insertion,1606,16773316,0.99976754188537598,0.000335405
2,3,4096,4194304,16777216,7,reverse,insertion,1607,16773098,0.99975454807281494,0.000354156
2,3,4096,4194304,16777216,7,reverse,insertion,1608,16772862,0.99974048137664795,0.000374455
2,3,4096,4194304,16777216,7,reverse,insertion,1609,16772611,0.99972552061080933,0.000396044
2,3,4096,4194304,16777216,7,reverse,insertion,1610,16772420,0.99971413612365723,0.000412473
2,3,4096,4194304,16777216,7,reverse,insertion,1611,16772206,0.99970138072967529,0.000430881
2,3,4096,4194304,16777216,7,reverse,insertion,1612,16771979,0.99968785047531128,0.000450407
2,3,4096,4194304,16777216,7,reverse,insertion,1613,16771784,0.99967622756958008,0.000467181
2,3,4096,4194304,16777216,7,reverse,insertion,1614,16771600,0.99966526031494141,0.000483008
2,3,4096,4194304,16777216,7,reverse,insertion,1615,16771361,0.99965101480484009,0.000503567
2,3,4096,4194304,16777216,7,reverse,insertion,1616,16771138,0.99963772296905518,0.000522750
2,3,4096,4194304,16777216,7,reverse,insertion,1617,16770896,0.99962329864501953,0.000543568
2,3,4096,4194304,16777216,7,reverse,insertion,1618,16770632,0.99960756301879883,0.000566278
2,3,4096,4194304,16777216,7,reverse,insertion,1619,16770363,0.99959152936935425,0.000589419
2,3,4096,4194304,16777216,7,reverse,insertion,1620,16770057,0.99957329034805298,0.000615743
2,3,4096,4194304,16777216,7,reverse,insertion,1621,16769748,0.99955487251281738,0.000642326
2,3,4096,4194304,16777216,7,reverse,insertion,1622,16769453,0.99953728914260864,0.000667705
2,3,4096,4194304,16777216,7,reverse,insertion,1623,16769136,0.99951839447021484,0.000694977
2,3,4096,4194304,16777216,7,reverse,insertion,1624,16768814,0.99949920177459717,0.000722680
2,3,4096,4194304,16777216,7,reverse,insertion,1625,16768477,0.99947911500930786,0.000751674
2,3,4096,4194304,16777216,7,reverse,insertion,1626,16768080,0.99945545196533203,0.000785831
2,3,4096,4194304,16777216,7,reverse,insertion,1627,16767651,0.99942988157272339,0.000822742
2,3,4096,4194304,16777216,7,reverse,insertion,1628,16767141,0.99939948320388794,0.000866623
2,3,4096,4194304,16777216,7,reverse,insertion,1629,16766628,0.99936890602111816,0.000910764
2,3,4096,4194304,16777216,7,reverse,insertion,1630,16766099,0.99933737516403198,0.000956282
2,3,4096,4194304,16777216,7,reverse,insertion,1631,16765563,0.99930542707443237,0.001002405
2,3,4096,4194304,16777216,7,reverse,insertion,1632,16765083,0.99927681684494019,0.001043710
2,3,4096,4194304,16777216,7,reverse,insertion,1633,16764621,0.99924927949905396,0.001083467
2,3,4096,4194304,16777216,7,reverse,insertion,1634,16764127,0.99921983480453491,0.001125980
2,3,4096,4194304,16777216,7,reverse,insertion,1635,16763682,0.99919331073760986,0.001164276
2,3,4096,4194304,16777216,7,reverse,insertion,1636,16763142,0.99916112422943115,0.001210750
2,3,4096,4194304,16777216,7,reverse,insertion,1637,16762576,0.99912738800048828,0.001259463
2,3,4096,4194304,16777216,7,reverse,insertion,1638,16762035,0.99909514188766479,0.001306025
2,3,4096,4194304,16777216,7,reverse,insertion,1639,16761505,0.99906355142593384,0.001351643
2,3,4096,4194304,16777216,7,reverse,insertion,1640,16761038,0.99903571605682373,0.001391839
2,3,4096,4194304,16777216,7,reverse,insertion,1641,16760517,0.99900466203689575,0.001436684
2,3,4096,4194304,16777216,7,reverse,insertion,1642,16759924,0.99896931648254395,0.001487729
2,3,4096,4194304,16777216,7,reverse,insertion,1643,16759295,0.99893182516098022,0.001541874
2,3,4096,4194304,16777216,7,reverse,insertion,1644,16758649,0.99889332056045532,0.001597485
2,3,4096,4194304,16777216,7,reverse,insertion,1645,16757955,0.99885195493698120,0.001657230
2,3,4096,4194304,16777216,7,reverse,insertion,1646,16757108,0.99880146980285645,0.001730151
2,3,4096,4194304,16777216,7,reverse,insertion,1647,16756203,0.99874752759933472,0.001808068
2,3,4096,4194304,16777216,7,reverse,insertion,1648,16755273,0.99869209527969360,0.001888143
2,3,4096,4194304,16777216,7,reverse,insertion,1649,16754334,0.99863612651824951,0.001968997
2,3,4096,4194304,16777216,7,reverse,insertion,1650,16753338,0.99857676029205322,0.002054763
2,3,4096,4194304,16777216,7,reverse,insertion,1651,16752359,0.99851840734481812,0.002139071
2,3,4096,4194304,16777216,7,reverse,insertion,1652,16751213,0.99845010042190552,0.002237767
2,3,4096,4194304,16777216,7,reverse,insertion,1653,16750132,0.99838566780090332,0.002330871
2,3,4096,4194304,16777216,7,reverse,insertion,1654,16749009,0.99831873178482056,0.002427599
2,3,4096,4194304,16777216,7,reverse,insertion,1655,16747783,0.99824565649032593,0.002533205
2,3,4096,4194304,16777216,7,reverse,insertion,1656,16746486,0.99816834926605225,0.002644936
2,3,4096,4194304,16777216,7,reverse,insertion,1657,16745184,0.99809074401855469,0.002757107
2,3,4096,4194304,16777216,7,reverse,insertion,1658,16743812,0.99800896644592285,0.002875318
2,3,4096,4194304,16777216,7,reverse,insertion,1659,16742414,0.99792563915252686,0.002995778
2,3,4096,4194304,16777216,7,reverse,insertion,1660,16741004,0.99784159660339355,0.003117283
2,3,4096,4194304,16777216,7,reverse,insertion,1661,16739651,0.99776095151901245,0.003233886
2,3,4096,4194304,16777216,7,reverse,insertion,1662,16738329,0.99768215417861938,0.003347826
2,3,4096,4194304,16777216,7,reverse,insertion,1663,16736853,0.99759417772293091,0.003475050
2,3,4096,4194304,16777216,7,reverse,insertion,1664,16735356,0.99750494956970215,0.003604095
2,3,4096,4194304,16777216,7,reverse,insertion,1665,16733686,0.99740540981292725,0.003748067
2,3,4096,4194304,16777216,7,reverse,insertion,1666,16731899,0.99729889631271362,0.003902141
2,3,4096,4194304,16777216,7,reverse,insertion,1667,16730102,0.99719178676605225,0.004057095
2,3,4096,4194304,16777216,7,reverse,insertion,1668,16728168,0.99707651138305664,0.004223880
2,3,4096,4194304,16777216,7,reverse,insertion,1669,16726137,0.99695545434951782,0.004399051
2,3,4096,4194304,16777216,7,reverse,insertion,1670,16724017,0.99682909250259399,0.004581921
2,3,4096,4194304,16777216,7,reverse,insertion,1671,16721869,0.99670106172561646,0.004767230
2,3,4096,4194304,16777216,7,reverse,insertion,1672,16719518,0.99656093120574951,0.004970079
2,3,4096,4194304,16777216,7,reverse,insertion,1673,16717120,0.99641799926757812,0.005177012
2,3,4096,4194304,16777216,7,reverse,insertion,1674,16714682,0.99627268314361572,0.005387428
2,3,4096,4194304,16777216,7,reverse,insertion,1675,16712238,0.99612700939178467,0.005598393
2,3,4096,4194304,16777216,7,reverse,insertion,1676,16709744,0.99597835540771484,0.005813705
2,3,4096,4194304,16777216,7,reverse,insertion,1677,16707007,0.99581521749496460,0.006050033
2,3,4096,4194304,16777216,7,reverse,insertion,1678,16704418,0.99566090106964111,0.006273617
2,3,4096,4194304,16777216,7,reverse,insertion,1679,16701765,0.99550276994705200,0.006502765
2,3,4096,4194304,16777216,7,reverse,insertion,1680,16699042,0.99534046649932861,0.006737996
2,3,4096,4194304,16777216,7,reverse,insertion,1681,16696094,0.99516475200653076,0.006992708
2,3,4096,4194304,16777216,7,reverse,insertion,1682,16693181,0.99499112367630005,0.007244439
2,3,4096,4194304,16777216,7,reverse,insertion,1683,16690056,0.99480485916137695,0.007514540
2,3,4096,4194304,16777216,7,reverse,insertion,1684,16686856,0.99461412429809570,0.007791176
2,3,4096,4194304,16777216,7,reverse,insertion,1685,16683490,0.99441349506378174,0.008082220
2,3,4096,4194304,16777216,7,reverse,insertion,1686,16680077,0.99421006441116333,0.008377387
2,3,4096,4194304,16777216,7,reverse,insertion,1687,16676497,0.99399667978286743,0.008687062
2,3,4096,4194304,16777216,7,reverse,insertion,1688,16672780,0.99377512931823730,0.009008658
2,3,4096,4194304,16777216,7,reverse,insertion,1689,16668861,0.99354153871536255,0.009347809
2,3,4096,4194304,16777216,7,reverse,insertion,1690,16664702,0.99329364299774170,0.009707817
2,3,4096,4194304,16777216,7,reverse,insertion,1691,16660465,0.99304109811782837,0.010074668
2,3,4096,4194304,16777216,7,reverse,insertion,1692,16656083,0.99277991056442261,0.010454173
2,3,4096,4194304,16777216,7,reverse,insertion,1693,16651663,0.99251645803451538,0.010837069
2,3,4096,4194304,16777216,7,reverse,insertion,1694,16647042,0.99224102497100830,0.011237487
2,3,4096,4194304,16777216,7,reverse,insertion,1695,16642273,0.99195677042007446,0.011650846
2,3,4096,4194304,16777216,7,reverse,insertion,1696,16637398,0.99166619777679443,0.012073514
2,3,4096,4194304,16777216,7,reverse,insertion,1697,16632388,0.99136757850646973,0.012508017
2,3,4096,4194304,16777216,7,reverse,insertion,1698,16626908,0.99104094505310059,0.012983431
2,3,4096,4194304,16777216,7,reverse,insertion,1699,16621117,0.99069577455520630,0.013485996
2,3,4096,4194304,16777216,7,reverse,insertion,1700,16615124,0.99033856391906738,0.014006276
2,3,4096,4194304,16777216,7,reverse,insertion,1701,16609300,0.98999142646789551,0.014512064
2,3,4096,4194304,16777216,7,reverse,insertion,1702,16603153,0.98962503671646118,0.015046095
2,3,4096,4194304,16777216,7,reverse,insertion,1703,16596959,0.98925584554672241,0.015584410
2,3,4096,4194304,16777216,7,reverse,insertion,1704,16590357,0.98886233568191528,0.016158404
2,3,4096,4194304,16777216,7,reverse,insertion,1705,16583409,0.98844820261001587,0.016762728
2,3,4096,4194304,16777216,7,reverse,insertion,1706,16576221,0.98801976442337036,0.017388193
2,3,4096,4194304,16777216,7,reverse,insertion,1707,16568909,0.98758393526077271,0.018024726
2,3,4096,4194304,16777216,7,reverse,insertion,1708,16561588,0.98714756965637207,0.018662324
2,3,4096,4194304,16777216,7,reverse,insertion,1709,16554146,0.98670399188995361,0.019310749
2,3,4096,4194304,16777216,7,reverse,insertion,1710,16546437,0.98624449968338013,0.019982746
2,3,4096,4194304,16777216,7,reverse,insertion,1711,16538652,0.98578047752380371,0.020661685
2,3,4096,4194304,16777216,7,reverse,insertion,1712,16530883,0.98531740903854370,0.021339547
2,3,4096,4194304,16777216,7,reverse,insertion,1713,16522962,0.98484528064727783,0.022031000
2,3,4096,4194304,16777216,7,reverse,insertion,1714,16514752,0.98435592651367188,0.022748031
2,3,4096,4194304,16777216,7,reverse,insertion,1715,16506246,0.98384892940521240,0.023491289
2,3,4096,4194304,16777216,7,reverse,insertion,1716,16497653,0.98333674669265747,0.024242538
2,3,4096,4194304,16777216,7,reverse,insertion,1717,16488860,0.98281264305114746,0.025011678
2,3,4096,4194304,16777216,7,reverse,insertion,1718,16479688,0.98226594924926758,0.025814407
2,3,4096,4194304,16777216,7,reverse,insertion,1719,16470305,0.98170667886734009,0.026636064
2,3,4096,4194304,16777216,7,reverse,insertion,1720,16460526,0.98112380504608154,0.027492898
2,3,4096,4194304,16777216,7,reverse,insertion,1721,16450446,0.98052299022674561,0.028376637
2,3,4096,4194304,16777216,7,reverse,insertion,1722,16440222,0.97991359233856201,0.029273555
2,3,4096,4194304,16777216,7,reverse,insertion,1723,16429649,0.97928339242935181,0.030201677
2,3,4096,4194304,16777216,7,reverse,insertion,1724,16418931,0.97864454984664917,0.031143136
2,3,4096,4194304,16777216,7,reverse,insertion,1725,16407924,0.97798848152160645,0.032110621
2,3,4096,4194304,16777216,7,reverse,insertion,1726,16396444,0.97730422019958496,0.033120373
2,3,4096,4194304,16777216,7,reverse,insertion,1727,16384742,0.97660672664642334,0.034150380
2,3,4096,4194304,16777216,7,reverse,insertion,1728,16372787,0.97589415311813354,0.035203415
2,3,4096,4194304,16777216,7,reverse,insertion,1729,16360679,0.97517246007919312,0.036270712
2,3,4096,4194304,16777216,7,reverse,insertion,1730,16348195,0.97442835569381714,0.037371979
2,3,4096,4194304,16777216,7,reverse,insertion,1731,16335185,0.97365289926528931,0.038520542
2,3,4096,4194304,16777216,7,reverse,insertion,1732,16321999,0.97286695241928101,0.039685577
2,3,4096,4194304,16777216,7,reverse,insertion,1733,16308213,0.97204524278640747,0.040904631
2,3,4096,4194304,16777216,7,reverse,insertion,1734,16294077,0.97120267152786255,0.042155705
2,3,4096,4194304,16777216,7,reverse,insertion,1735,16279311,0.97032254934310913,0.043463695
2,3,4096,4194304,16777216,7,reverse,insertion,1736,16264305,0.96942812204360962,0.044794161
2,3,4096,4194304,16777216,7,reverse,insertion,1737,16248683,0.96849697828292847,0.046180547
2,3,4096,4194304,16777216,7,reverse,insertion,1738,16232913,0.96755701303482056,0.047581421
2,3,4096,4194304,16777216,7,reverse,insertion,1739,16216671,0.96658891439437866,0.049025646
2,3,4096,4194304,16777216,7,reverse,insertion,1740,16199733,0.96557933092117310,0.050533301
2,3,4096,4194304,16777216,7,reverse,insertion,1741,16182300,0.96454024314880371,0.052086662
2,3,4096,4194304,16777216,7,reverse,insertion,1742,16164200,0.96346139907836914,0.053701229
2,3,4096,4194304,16777216,7,reverse,insertion,1743,16146419,0.96240156888961792,0.055289101
2,3,4096,4194304,16777216,7,reverse,insertion,1744,16127891,0.96129721403121948,0.056945542
2,3,4096,4194304,16777216,7,reverse,insertion,1745,16109447,0.96019786596298218,0.058596365
2,3,4096,4194304,16777216,7,reverse,insertion,1746,16090375,0.95906108617782593,0.060305386
2,3,4096,4194304,16777216,7,reverse,insertion,1747,16070449,0.95787340402603149,0.062093098
2,3,4096,4194304,16777216,7,reverse,insertion,1748,16049536,0.95662689208984375,0.063971747
2,3,4096,4194304,16777216,7,reverse,insertion,1749,16027602,0.95531952381134033,0.065944746
2,3,4096,4194304,16777216,7,reverse,insertion,1750,16005012,0.95397305488586426,0.067979577
2,3,4096,4194304,16777216,7,reverse,insertion,1751,15981674,0.95258200168609619,0.070084805
2,3,4096,4194304,16777216,7,reverse,insertion,1752,15957411,0.95113581418991089,0.072276734
2,3,4096,4194304,16777216,7,reverse,insertion,1753,15933214,0.94969356060028076,0.074466023
2,3,4096,4194304,16777216,7,reverse,insertion,1754,15909061,0.94825392961502075,0.076654650
2,3,4096,4194304,16777216,7,reverse,insertion,1755,15884347,0.94678086042404175,0.078897553
2,3,4096,4194304,16777216,7,reverse,insertion,1756,15859562,0.94530355930328369,0.081150408
2,3,4096,4194304,16777216,7,reverse,insertion,1757,15833874,0.94377243518829346,0.083489060
2,3,4096,4194304,16777216,7,reverse,insertion,1758,15807718,0.94221341609954834,0.085874220
2,3,4096,4194304,16777216,7,reverse,insertion,1759,15781212,0.94063353538513184,0.088295327
2,3,4096,4194304,16777216,7,reverse,insertion,1760,15754043,0.93901413679122925,0.090781217
2,3,4096,4194304,16777216,7,reverse,insertion,1761,15726237,0.93735677003860474,0.093329834
2,3,4096,4194304,16777216,7,reverse,insertion,1762,15697604,0.93565011024475098,0.095958965
2,3,4096,4194304,16777216,7,reverse,insertion,1763,15668517,0.93391638994216919,0.098634698
2,3,4096,4194304,16777216,7,reverse,insertion,1764,15639206,0.93216931819915771,0.101336067
2,3,4096,4194304,16777216,7,reverse,insertion,1765,15609062,0.93037259578704834,0.104119492
2,3,4096,4194304,16777216,7,reverse,insertion,1766,15578188,0.92853236198425293,0.106975902
2,3,4096,4194304,16777216,7,reverse,insertion,1767,15546673,0.92665392160415649,0.109897460
2,3,4096,4194304,16777216,7,reverse,insertion,1768,15514449,0.92473322153091431,0.112890876
2,3,4096,4194304,16777216,7,reverse,insertion,1769,15481741,0.92278367280960083,0.115935617
2,3,4096,4194304,16777216,7,reverse,insertion,1770,15449114,0.92083895206451416,0.118979233
2,3,4096,4194304,16777216,7,reverse,insertion,1771,15415296,0.91882324218750000,0.122140744
2,3,4096,4194304,16777216,7,reverse,insertion,1772,15381010,0.91677963733673096,0.125353094
2,3,4096,4194304,16777216,7,reverse,insertion,1773,15346327,0.91471236944198608,0.128609934
2,3,4096,4194304,16777216,7,reverse,insertion,1774,15310986,0.91260588169097900,0.131936143
2,3,4096,4194304,16777216,7,reverse,insertion,1775,15275632,0.91049861907958984,0.135271266
2,3,4096,4194304,16777216,7,reverse,insertion,1776,15239943,0.90837138891220093,0.138645829
2,3,4096,4194304,16777216,7,reverse,insertion,1777,15203021,0.90617066621780396,0.142145305
2,3,4096,4194304,16777216,7,reverse,insertion,1778,15165713,0.90394693613052368,0.145690009
2,3,4096,4194304,16777216,7,reverse,insertion,1779,15127943,0.90169566869735718,0.149287503
2,3,4096,4194304,16777216,7,reverse,insertion,1780,15089446,0.89940106868743896,0.152963497
2,3,4096,4194304,16777216,7,reverse,insertion,1781,15050865,0.89710146188735962,0.156656932
2,3,4096,4194304,16777216,7,reverse,insertion,1782,15011448,0.89475202560424805,0.160440190
2,3,4096,4194304,16777216,7,reverse,insertion,1783,14971033,0.89234310388565063,0.164329565
2,3,4096,4194304,16777216,7,reverse,insertion,1784,14930321,0.88991647958755493,0.168258152
2,3,4096,4194304,16777216,7,reverse,insertion,1785,14889493,0.88748294115066528,0.172208706
2,3,4096,4194304,16777216,7,reverse,insertion,1786,14847286,0.88496720790863037,0.176304097
2,3,4096,4194304,16777216,7,reverse,insertion,1787,14804053,0.88239032030105591,0.180511130
2,3,4096,4194304,16777216,7,reverse,insertion,1788,14760180,0.87977528572082520,0.184793021
2,3,4096,4194304,16777216,7,reverse,insertion,1789,14715881,0.87713485956192017,0.189129421
2,3,4096,4194304,16777216,7,reverse,insertion,1790,14670879,0.87445253133773804,0.193548024
2,3,4096,4194304,16777216,7,reverse,insertion,1791,14624816,0.87170696258544922,0.198084862
2,3,4096,4194304,16777216,7,reverse,insertion,1792,14578289,0.86893373727798462,0.202681930
2,3,4096,4194304,16777216,7,reverse,insertion,1793,14531090,0.86612045764923096,0.207360410
2,3,4096,4194304,16777216,7,reverse,insertion,1794,14483157,0.86326342821121216,0.212127224
2,3,4096,4194304,16777216,7,reverse,insertion,1795,14434858,0.86038458347320557,0.216946420
2,3,4096,4194304,16777216,7,reverse,insertion,1796,14385950,0.85746943950653076,0.221842841
2,3,4096,4194304,16777216,7,reverse,insertion,1797,14337062,0.85455548763275146,0.226753923
2,3,4096,4194304,16777216,7,reverse,insertion,1798,14287295,0.85158914327621460,0.231770538
2,3,4096,4194304,16777216,7,reverse,insertion,1799,14237594,0.84862673282623291,0.236797969
2,3,4096,4194304,16777216,7,reverse,insertion,1800,14186966,0.84560906887054443,0.241937246
2,3,4096,4194304,16777216,7,reverse,insertion,1801,14134882,0.84250462055206299,0.247243496
2,3,4096,4194304,16777216,7,reverse,insertion,1802,14083127,0.83941978216171265,0.252535632
2,3,4096,4194304,16777216,7,reverse,insertion,1803,14030586,0.83628809452056885,0.257928070
2,3,4096,4194304,16777216,7,reverse,insertion,1804,13976934,0.83309018611907959,0.263455412
2,3,4096,4194304,16777216,7,reverse,insertion,1805,13923105,0.82988172769546509,0.269022352
2,3,4096,4194304,16777216,7,reverse,insertion,1806,13868710,0.82663953304290771,0.274669734
2,3,4096,4194304,16777216,7,reverse,insertion,1807,13813649,0.82335764169692993,0.280408865
2,3,4096,4194304,16777216,7,reverse,insertion,1808,13758273,0.82005697488784790,0.286203948
2,3,4096,4194304,16777216,7,reverse,insertion,1809,13702399,0.81672662496566772,0.292074835
2,3,4096,4194304,16777216,7,reverse,insertion,1810,13646150,0.81337392330169678,0.298009356
2,3,4096,4194304,16777216,7,reverse,insertion,1811,13588847,0.80995839834213257,0.304080286
2,3,4096,4194304,16777216,7,reverse,insertion,1812,13529949,0.80644780397415161,0.310346935
2,3,4096,4194304,16777216,7,reverse,insertion,1813,13470801,0.80292230844497681,0.316667697
2,3,4096,4194304,16777216,7,reverse,insertion,1814,13411586,0.79939281940460205,0.323023481
2,3,4096,4194304,16777216,7,reverse,insertion,1815,13351510,0.79581201076507568,0.329500422
2,3,4096,4194304,16777216,7,reverse,insertion,1816,13291400,0.79222917556762695,0.336010262
2,3,4096,4194304,16777216,7,reverse,insertion,1817,13230819,0.78861826658248901,0.342600967
2,3,4096,4194304,16777216,7,reverse,insertion,1818,13168831,0.78492349386215210,0.349376053
2,3,4096,4194304,16777216,7,reverse,insertion,1819,13106762,0.78122389316558838,0.356192021
2,3,4096,4194304,16777216,7,reverse,insertion,1820,13043689,0.77746444940567017,0.363151387
2,3,4096,4194304,16777216,7,reverse,insertion,1821,12980246,0.77368295192718506,0.370185610
2,3,4096,4194304,16777216,7,reverse,insertion,1822,12916276,0.76987004280090332,0.377313161
2,3,4096,4194304,16777216,7,reverse,insertion,1823,12851321,0.76599842309951782,0.384586673
2,3,4096,4194304,16777216,7,reverse,insertion,1824,12785687,0.76208633184432983,0.391973654
2,3,4096,4194304,16777216,7,reverse,insertion,1825,12718776,0.75809812545776367,0.399543497
2,3,4096,4194304,16777216,7,reverse,insertion,1826,12652292,0.75413537025451660,0.407104579
2,3,4096,4194304,16777216,7,reverse,insertion,1827,12584275,0.75008124113082886,0.414881233
2,3,4096,4194304,16777216,7,reverse,insertion,1828,12516307,0.74603003263473511,0.422694385
2,3,4096,4194304,16777216,7,reverse,insertion,1829,12447830,0.74194848537445068,0.430609073
2,3,4096,4194304,16777216,7,reverse,insertion,1830,12379047,0.73784869909286499,0.438603083
2,3,4096,4194304,16777216,7,reverse,insertion,1831,12310417,0.73375803232192993,0.446623704
2,3,4096,4194304,16777216,7,reverse,insertion,1832,12241370,0.72964251041412354,0.454738309
2,3,4096,4194304,16777216,7,reverse,insertion,1833,12172495,0.72553724050521851,0.462878428
2,3,4096,4194304,16777216,7,reverse,insertion,1834,12103007,0.72139543294906616,0.471137805
2,3,4096,4194304,16777216,7,reverse,insertion,1835,12033081,0.71722751855850220,0.479497252
2,3,4096,4194304,16777216,7,reverse,insertion,1836,11962176,0.71300125122070312,0.488023486
2,3,4096,4194304,16777216,7,reverse,insertion,1837,11890902,0.70875298976898193,0.496645179
2,3,4096,4194304,16777216,7,reverse,insertion,1838,11819611,0.70450371503829956,0.505320781
2,3,4096,4194304,16777216,7,reverse,insertion,1839,11747448,0.70020246505737305,0.514155954
2,3,4096,4194304,16777216,7,reverse,insertion,1840,11674276,0.69584107398986816,0.523170254
2,3,4096,4194304,16777216,7,reverse,insertion,1841,11601235,0.69148749113082886,0.532224941
2,3,4096,4194304,16777216,7,reverse,insertion,1842,11528552,0.68715524673461914,0.541292016
2,3,4096,4194304,16777216,7,reverse,insertion,1843,11455206,0.68278348445892334,0.550499933
2,3,4096,4194304,16777216,7,reverse,insertion,1844,11380842,0.67835104465484619,0.559896038
2,3,4096,4194304,16777216,7,reverse,insertion,1845,11306279,0.67390674352645874,0.569379133
2,3,4096,4194304,16777216,7,reverse,insertion,1846,11231524,0.66945099830627441,0.578949636
2,3,4096,4194304,16777216,7,reverse,insertion,1847,11156269,0.66496545076370239,0.588648710
2,3,4096,4194304,16777216,7,reverse,insertion,1848,11080636,0.66045737266540527,0.598462645
2,3,4096,4194304,16777216,7,reverse,insertion,1849,11003905,0.65588384866714478,0.608487746
2,3,4096,4194304,16777216,7,reverse,insertion,1850,10927045,0.65130263566970825,0.618600030
2,3,4096,4194304,16777216,7,reverse,insertion,1851,10850106,0.64671671390533447,0.628794199
2,3,4096,4194304,16777216,7,reverse,insertion,1852,10772744,0.64210557937622070,0.639117560
2,3,4096,4194304,16777216,7,reverse,insertion,1853,10695254,0.63748681545257568,0.649532591
2,3,4096,4194304,16777216,7,reverse,insertion,1854,10617501,0.63285237550735474,0.660059091
2,3,4096,4194304,16777216,7,reverse,insertion,1855,10539340,0.62819361686706543,0.670718811
2,3,4096,4194304,16777216,7,reverse,insertion,1856,10461162,0.62353384494781494,0.681460224
2,3,4096,4194304,16777216,7,reverse,insertion,1857,10382931,0.61887091398239136,0.692289576
2,3,4096,4194304,16777216,7,reverse,insertion,1858,10304033,0.61416822671890259,0.703294217
2,3,4096,4194304,16777216,7,reverse,insertion,1859,10225818,0.60950624942779541,0.714287082
2,3,4096,4194304,16777216,7,reverse,insertion,1860,10147207,0.60482066869735718,0.725420653
2,3,4096,4194304,16777216,7,reverse,insertion,1861,10067942,0.60009610652923584,0.736734525
2,3,4096,4194304,16777216,7,reverse,insertion,1862,9988590,0.59536635875701904,0.748150391
2,3,4096,4194304,16777216,7,reverse,insertion,1863,9909294,0.59063994884490967,0.759649156
2,3,4096,4194304,16777216,7,reverse,insertion,1864,9830385,0.58593660593032837,0.771183511
2,3,4096,4194304,16777216,7,reverse,insertion,1865,9752066,0.58126842975616455,0.782723541
2,3,4096,4194304,16777216,7,reverse,insertion,1866,9673275,0.57657212018966675,0.794427017
2,3,4096,4194304,16777216,7,reverse,insertion,1867,9595127,0.57191413640975952,0.806129529
2,3,4096,4194304,16777216,7,reverse,insertion,1868,9516183,0.56720870733261108,0.818048415
2,3,4096,4194304,16777216,7,reverse,insertion,1869,9436240,0.56244373321533203,0.830219318
2,3,4096,4194304,16777216,7,reverse,insertion,1870,9356245,0.55767565965652466,0.842501790
2,3,4096,4194304,16777216,7,reverse,insertion,1871,9276247,0.55290740728378296,0.854890195
2,3,4096,4194304,16777216,7,reverse,insertion,1872,9195931,0.54812020063400269,0.867435790
2,3,4096,4194304,16777216,7,reverse,insertion,1873,9115858,0.54334747791290283,0.880052979
2,3,4096,4194304,16777216,7,reverse,insertion,1874,9036447,0.53861421346664429,0.892675793
2,3,4096,4194304,16777216,7,reverse,insertion,1875,8957034,0.53388082981109619,0.905410348
2,3,4096,4194304,16777216,7,reverse,insertion,1876,8877483,0.52913922071456909,0.918280738
2,3,4096,4194304,16777216,7,reverse,insertion,1877,8798252,0.52441668510437012,0.931214507
2,3,4096,4194304,16777216,7,reverse,insertion,1878,8718984,0.51969194412231445,0.944271399
2,3,4096,4194304,16777216,7,reverse,insertion,1879,8639239,0.51493877172470093,0.957527195
2,3,4096,4194304,16777216,7,reverse,insertion,1880,8561029,0.51027709245681763,0.970647218
2,3,4096,4194304,16777216,7,reverse,insertion,1881,8482562,0.50560009479522705,0.983931361
2,3,4096,4194304,16777216,7,reverse,insertion,1882,8404725,0.50096064805984497,0.997230815
2,3,4096,4194304,16777216,7,reverse,insertion,1883,8326363,0.49628990888595581,1.010744974
2,3,4096,4194304,16777216,7,reverse,insertion,1884,8248279,0.49163573980331421,1.024338298
2,3,4096,4194304,16777216,7,reverse,insertion,1885,8169881,0.48696285486221313,1.038116366
2,3,4096,4194304,16777216,7,reverse,insertion,1886,8092339,0.48234099149703979,1.051874673
2,3,4096,4194304,16777216,7,reverse,insertion,1887,8014600,0.47770738601684570,1.065800912
2,3,4096,4194304,16777216,7,reverse,insertion,1888,7936836,0.47307229042053223,1.079867436
2,3,4096,4194304,16777216,7,reverse,insertion,1889,7859011,0.46843355894088745,1.094083660
2,3,4096,4194304,16777216,7,reverse,insertion,1890,7780647,0.46376270055770874,1.108541303
2,3,4096,4194304,16777216,7,reverse,insertion,1891,7702877,0.45912724733352661,1.123034042
2,3,4096,4194304,16777216,7,reverse,insertion,1892,7625332,0.45450520515441895,1.137631278
2,3,4096,4194304,16777216,7,reverse,insertion,1893,7547381,0.44985896348953247,1.152455326
2,3,4096,4194304,16777216,7,reverse,insertion,1894,7470101,0.44525271654129028,1.167303681
2,3,4096,4194304,16777216,7,reverse,insertion,1895,7393281,0.44067388772964478,1.182216683
2,3,4096,4194304,16777216,7,reverse,insertion,1896,7316188,0.43607878684997559,1.197339283
2,3,4096,4194304,16777216,7,reverse,insertion,1897,7239235,0.43149203062057495,1.212594181
2,3,4096,4194304,16777216,7,reverse,insertion,1898,7163263,0.42696374654769897,1.227814519
2,3,4096,4194304,16777216,7,reverse,insertion,1899,7087501,0.42244797945022583,1.243154397
2,3,4096,4194304,16777216,7,reverse,insertion,1900,7012665,0.41798740625381470,1.258468620
2,3,4096,4194304,16777216,7,reverse,insertion,1901,6936883,0.41347044706344604,1.274143879
2,3,4096,4194304,16777216,7,reverse,insertion,1902,6861365,0.40896922349929810,1.289935816
2,3,4096,4194304,16777216,7,reverse,insertion,1903,6785426,0.40444290637969971,1.305992037
2,3,4096,4194304,16777216,7,reverse,insertion,1904,6709798,0.39993512630462646,1.322162096
2,3,4096,4194304,16777216,7,reverse,insertion,1905,6634960,0.39547443389892578,1.338343663
2,3,4096,4194304,16777216,7,reverse,insertion,1906,6560821,0.39105540513992310,1.354555070
2,3,4096,4194304,16777216,7,reverse,insertion,1907,6487779,0.38670176267623901,1.370706754
2,3,4096,4194304,16777216,7,reverse,insertion,1908,6414590,0.38233935832977295,1.387074375
2,3,4096,4194304,16777216,7,reverse,insertion,1909,6341323,0.37797230482101440,1.403647567
2,3,4096,4194304,16777216,7,reverse,insertion,1910,6268794,0.37364923954010010,1.420243509
2,3,4096,4194304,16777216,7,reverse,insertion,1911,6196483,0.36933916807174683,1.436981828
2,3,4096,4194304,16777216,7,reverse,insertion,1912,6124497,0.36504846811294556,1.453840069
2,3,4096,4194304,16777216,7,reverse,insertion,1913,6052417,0.36075216531753540,1.470920041
2,3,4096,4194304,16777216,7,reverse,insertion,1914,5981142,0.35650384426116943,1.488010461
2,3,4096,4194304,16777216,7,reverse,insertion,1915,5909873,0.35225588083267212,1.505304303
2,3,4096,4194304,16777216,7,reverse,insertion,1916,5839260,0.34804701805114746,1.522645880
2,3,4096,4194304,16777216,7,reverse,insertion,1917,5768307,0.34381788969039917,1.540283481
2,3,4096,4194304,16777216,7,reverse,insertion,1918,5697110,0.33957421779632568,1.558201169
2,3,4096,4194304,16777216,7,reverse,insertion,1919,5627130,0.33540308475494385,1.576032137
2,3,4096,4194304,16777216,7,reverse,insertion,1920,5556688,0.33120441436767578,1.594206193
2,3,4096,4194304,16777216,7,reverse,insertion,1921,5486749,0.32703572511672974,1.612479852
2,3,4096,4194304,16777216,7,reverse,insertion,1922,5417439,0.32290452718734741,1.630820427
2,3,4096,4194304,16777216,7,reverse,insertion,1923,5348301,0.31878358125686646,1.649350769
2,3,4096,4194304,16777216,7,reverse,insertion,1924,5279109,0.31465941667556763,1.668136976
2,3,4096,4194304,16777216,7,reverse,insertion,1925,5210800,0.31058788299560547,1.686926548
2,3,4096,4194304,16777216,7,reverse,insertion,1926,5142729,0.30653053522109985,1.705897299
2,3,4096,4194304,16777216,7,reverse,insertion,1927,5074889,0.30248695611953735,1.725055163
2,3,4096,4194304,16777216,7,reverse,insertion,1928,5007574,0.29847466945648193,1.744319595
2,3,4096,4194304,16777216,7,reverse,insertion,1929,4941762,0.29455196857452393,1.763405900
2,3,4096,4194304,16777216,7,reverse,insertion,1930,4876815,0.29068082571029663,1.782492185
2,3,4096,4194304,16777216,7,reverse,insertion,1931,4812601,0.28685337305068970,1.801614612
2,3,4096,4194304,16777216,7,reverse,insertion,1932,4749603,0.28309839963912964,1.820624501
2,3,4096,4194304,16777216,7,reverse,insertion,1933,4687101,0.27937299013137817,1.839735548
2,3,4096,4194304,16777216,7,reverse,insertion,1934,4624852,0.27566266059875488,1.859024232
2,3,4096,4194304,16777216,7,reverse,insertion,1935,4562331,0.27193611860275269,1.878660312
2,3,4096,4194304,16777216,7,reverse,insertion,1936,4500315,0.26823967695236206,1.898405444
2,3,4096,4194304,16777216,7,reverse,insertion,1937,4438789,0.26457244157791138,1.918265300
2,3,4096,4194304,16777216,7,reverse,insertion,1938,4377924,0.26094460487365723,1.938184521
2,3,4096,4194304,16777216,7,reverse,insertion,1939,4317494,0.25734269618988037,1.958237258
2,3,4096,4194304,16777216,7,reverse,insertion,1940,4257444,0.25376343727111816,1.978443877
2,3,4096,4194304,16777216,7,reverse,insertion,1941,4198312,0.25023889541625977,1.998622045
2,3,4096,4194304,16777216,7,reverse,insertion,1942,4139917,0.24675828218460083,2.018829587
2,3,4096,4194304,16777216,7,reverse,insertion,1943,4082100,0.24331212043762207,2.039119906
2,3,4096,4194304,16777216,7,reverse,insertion,1944,4025040,0.23991107940673828,2.059428310
2,3,4096,4194304,16777216,7,reverse,insertion,1945,3968765,0.23655682802200317,2.079741291
2,3,4096,4194304,16777216,7,reverse,insertion,1946,3913059,0.23323649168014526,2.100134568
2,3,4096,4194304,16777216,7,reverse,insertion,1947,3857328,0.22991466522216797,2.120829603
2,3,4096,4194304,16777216,7,reverse,insertion,1948,3801532,0.22658896446228027,2.141850495
2,3,4096,4194304,16777216,7,reverse,insertion,1949,3746382,0.22330176830291748,2.162933419
2,3,4096,4194304,16777216,7,reverse,insertion,1950,3692168,0.22007036209106445,2.183963231
2,3,4096,4194304,16777216,7,reverse,insertion,1951,3638533,0.21687346696853638,2.205074535
2,3,4096,4194304,16777216,7,reverse,insertion,1952,3584762,0.21366846561431885,2.226554092
2,3,4096,4194304,16777216,7,reverse,insertion,1953,3531321,0.21048313379287720,2.248223461
2,3,4096,4194304,16777216,7,reverse,insertion,1954,3479197,0.20737630128860474,2.269677061
2,3,4096,4194304,16777216,7,reverse,insertion,1955,3426553,0.20423847436904907,2.291673429
2,3,4096,4194304,16777216,7,reverse,insertion,1956,3374851,0.20115679502487183,2.313607622
2,3,4096,4194304,16777216,7,reverse,insertion,1957,3323835,0.19811600446701050,2.335582664
2,3,4096,4194304,16777216,7,reverse,insertion,1958,3273596,0.19512152671813965,2.357555143
2,3,4096,4194304,16777216,7,reverse,insertion,1959,3223880,0.19215822219848633,2.379633386
2,3,4096,4194304,16777216,7,reverse,insertion,1960,3174307,0.18920344114303589,2.401989767
2,3,4096,4194304,16777216,7,reverse,insertion,1961,3125074,0.18626892566680908,2.424541078
2,3,4096,4194304,16777216,7,reverse,insertion,1962,3076792,0.18339109420776367,2.447004514
2,3,4096,4194304,16777216,7,reverse,insertion,1963,3028454,0.18050992488861084,2.469849933
2,3,4096,4194304,16777216,7,reverse,insertion,1964,2981150,0.17769038677215576,2.492562463
2,3,4096,4194304,16777216,7,reverse,insertion,1965,2934003,0.17488020658493042,2.515561085
2,3,4096,4194304,16777216,7,reverse,insertion,1966,2887011,0.17207926511764526,2.538854826
2,3,4096,4194304,16777216,7,reverse,insertion,1967,2840196,0.16928887367248535,2.562440938
2,3,4096,4194304,16777216,7,reverse,insertion,1968,2794452,0.16656231880187988,2.585866036
2,3,4096,4194304,16777216,7,reverse,insertion,1969,2748681,0.16383415460586548,2.609691947
2,3,4096,4194304,16777216,7,reverse,insertion,1970,2703285,0.16112834215164185,2.633717811
2,3,4096,4194304,16777216,7,reverse,insertion,1971,2658220,0.15844225883483887,2.657970921
2,3,4096,4194304,16777216,7,reverse,insertion,1972,2614689,0.15584760904312134,2.681792073
2,3,4096,4194304,16777216,7,reverse,insertion,1973,2571738,0.15328752994537354,2.705687757
2,3,4096,4194304,16777216,7,reverse,insertion,1974,2529477,0.15076857805252075,2.729592310
2,3,4096,4194304,16777216,7,reverse,insertion,1975,2487717,0.14827948808670044,2.753609055
2,3,4096,4194304,16777216,7,reverse,insertion,1976,2446587,0.14582794904708862,2.777660845
2,3,4096,4194304,16777216,7,reverse,insertion,1977,2405908,0.14340329170227051,2.801849955
2,3,4096,4194304,16777216,7,reverse,insertion,1978,2365990,0.14102399349212646,2.825987455
2,3,4096,4194304,16777216,7,reverse,insertion,1979,2326797,0.13868790864944458,2.850086082
2,3,4096,4194304,16777216,7,reverse,insertion,1980,2288016,0.13637638092041016,2.874334290
2,3,4096,4194304,16777216,7,reverse,insertion,1981,2250009,0.13411098718643188,2.898500658
2,3,4096,4194304,16777216,7,reverse,insertion,1982,2212078,0.13185012340545654,2.923029173
2,3,4096,4194304,16777216,7,reverse,insertion,1983,2174500,0.12961030006408691,2.947747722
2,3,4096,4194304,16777216,7,reverse,insertion,1984,2137564,0.12740874290466309,2.972463815
2,3,4096,4194304,16777216,7,reverse,insertion,1985,2101212,0.12524199485778809,2.997209702
2,3,4096,4194304,16777216,7,reverse,insertion,1986,2065915,0.12313812971115112,3.021650533
2,3,4096,4194304,16777216,7,reverse,insertion,1987,2031196,0.12106871604919434,3.046101972
2,3,4096,4194304,16777216,7,reverse,insertion,1988,1996760,0.11901617050170898,3.070770492
2,3,4096,4194304,16777216,7,reverse,insertion,1989,1963141,0.11701232194900513,3.095267634
2,3,4096,4194304,16777216,7,reverse,insertion,1990,1929823,0.11502641439437866,3.119962899
2,3,4096,4194304,16777216,7,reverse,insertion,1991,1897421,0.11309510469436646,3.144391611
2,3,4096,4194304,16777216,7,reverse,insertion,1992,1865164,0.11117243766784668,3.169128941
2,3,4096,4194304,16777216,7,reverse,insertion,1993,1833731,0.10929888486862183,3.193649413
2,3,4096,4194304,16777216,7,reverse,insertion,1994,1802599,0.10744327306747437,3.218352935
2,3,4096,4194304,16777216,7,reverse,insertion,1995,1772330,0.10563910007476807,3.242784178
2,3,4096,4194304,16777216,7,reverse,insertion,1996,1742282,0.10384809970855713,3.267453278
2,3,4096,4194304,16777216,7,reverse,insertion,1997,1712239,0.10205739736557007,3.292547339
2,3,4096,4194304,16777216,7,reverse,insertion,1998,1682304,0.10027313232421875,3.317993000
2,3,4096,4194304,16777216,7,reverse,insertion,1999,1653497,0.09855610132217407,3.342911003
2,3,4096,4194304,16777216,7,reverse,insertion,2000,1624608,0.09683418273925781,3.368339777
2,3,4096,4194304,16777216,7,reverse,insertion,2001,1596164,0.09513878822326660,3.393822540
2,3,4096,4194304,16777216,7,reverse,insertion,2002,1568266,0.09347593784332275,3.419261149
2,3,4096,4194304,16777216,7,reverse,insertion,2003,1540618,0.09182798862457275,3.444922244
2,3,4096,4194304,16777216,7,reverse,insertion,2004,1513080,0.09018659591674805,3.470943163
2,3,4096,4194304,16777216,7,reverse,insertion,2005,1486099,0.08857840299606323,3.496901203
2,3,4096,4194304,16777216,7,reverse,insertion,2006,1459245,0.08697777986526489,3.523209306
2,3,4096,4194304,16777216,7,reverse,insertion,2007,1432644,0.08539223670959473,3.549751274
2,3,4096,4194304,16777216,7,reverse,insertion,2008,1407041,0.08386617898941040,3.575767063
2,3,4096,4194304,16777216,7,reverse,insertion,2009,1382298,0.08239138126373291,3.601362761
2,3,4096,4194304,16777216,7,reverse,insertion,2010,1357847,0.08093398809432983,3.627110502
2,3,4096,4194304,16777216,7,reverse,insertion,2011,1333957,0.07951003313064575,3.652719269
2,3,4096,4194304,16777216,7,reverse,insertion,2012,1310422,0.07810723781585693,3.678399948
2,3,4096,4194304,16777216,7,reverse,insertion,2013,1287042,0.07671368122100830,3.704372297
2,3,4096,4194304,16777216,7,reverse,insertion,2014,1263888,0.07533359527587891,3.730562807
2,3,4096,4194304,16777216,7,reverse,insertion,2015,1240919,0.07396453619003296,3.757022483
2,3,4096,4194304,16777216,7,reverse,insertion,2016,1218366,0.07262027263641357,3.783483843
2,3,4096,4194304,16777216,7,reverse,insertion,2017,1196333,0.07130700349807739,3.809812410
2,3,4096,4194304,16777216,7,reverse,insertion,2018,1174414,0.07000052928924561,3.836490359
2,3,4096,4194304,16777216,7,reverse,insertion,2019,1152870,0.06871640682220459,3.863201590
2,3,4096,4194304,16777216,7,reverse,insertion,2020,1131446,0.06743943691253662,3.890263699
2,3,4096,4194304,16777216,7,reverse,insertion,2021,1109833,0.06615120172500610,3.918088825
2,3,4096,4194304,16777216,7,reverse,insertion,2022,1088859,0.06490105390548706,3.945614284
2,3,4096,4194304,16777216,7,reverse,insertion,2023,1068225,0.06367117166519165,3.973215877
2,3,4096,4194304,16777216,7,reverse,insertion,2024,1047607,0.06244224309921265,4.001333826
2,3,4096,4194304,16777216,7,reverse,insertion,2025,1027861,0.06126528978347778,4.028786252
2,3,4096,4194304,16777216,7,reverse,insertion,2026,1007887,0.06007474660873413,4.057097532
2,3,4096,4194304,16777216,7,reverse,insertion,2027,987783,0.05887645483016968,4.086165386
2,3,4096,4194304,16777216,7,reverse,insertion,2028,967874,0.05768978595733643,4.115540279
2,3,4096,4194304,16777216,7,reverse,insertion,2029,948579,0.05653971433639526,4.144591596
2,3,4096,4194304,16777216,7,reverse,insertion,2030,929736,0.05541658401489258,4.173538407
2,3,4096,4194304,16777216,7,reverse,insertion,2031,910857,0.05429130792617798,4.203134950
2,3,4096,4194304,16777216,7,reverse,insertion,2032,892467,0.05319517850875854,4.232560701
2,3,4096,4194304,16777216,7,reverse,insertion,2033,874257,0.05210977792739868,4.262302083
2,3,4096,4194304,16777216,7,reverse,insertion,2034,856510,0.05105197429656982,4.291889435
2,3,4096,4194304,16777216,7,reverse,insertion,2035,839280,0.05002498626708984,4.321207324
2,3,4096,4194304,16777216,7,reverse,insertion,2036,822284,0.04901194572448730,4.350722768
2,3,4096,4194304,16777216,7,reverse,insertion,2037,806043,0.04804390668869019,4.379502721
2,3,4096,4194304,16777216,7,reverse,insertion,2038,789727,0.04707139730453491,4.409005510
2,3,4096,4194304,16777216,7,reverse,insertion,2039,773685,0.04611521959304810,4.438613222
2,3,4096,4194304,16777216,7,reverse,insertion,2040,758513,0.04521089792251587,4.467185619
2,3,4096,4194304,16777216,7,reverse,insertion,2041,743437,0.04431229829788208,4.496149034
2,3,4096,4194304,16777216,7,reverse,insertion,2042,728868,0.04344391822814941,4.524701963
2,3,4096,4194304,16777216,7,reverse,insertion,2043,714474,0.04258596897125244,4.553478014
2,3,4096,4194304,16777216,7,reverse,insertion,2044,700228,0.04173684120178223,4.582534774
2,3,4096,4194304,16777216,7,reverse,insertion,2045,686265,0.04090458154678345,4.611593747
2,3,4096,4194304,16777216,7,reverse,insertion,2046,672512,0.04008483886718750,4.640799515
2,3,4096,4194304,16777216,7,reverse,insertion,2047,658711,0.03926223516464233,4.670713883
2,3,4096,4194304,16777216,7,reverse,insertion,2048,644960,0.03844261169433594,4.701149837
2,3,4096,4194304,16777216,7,reverse,insertion,2049,631466,0.03763830661773682,4.731654468
2,3,4096,4194304,16777216,7,reverse,insertion,2050,618677,0.03687602281570435,4.761173124
2,3,4096,4194304,16777216,7,reverse,insertion,2051,606032,0.03612232208251953,4.790965552
2,3,4096,4194304,16777216,7,reverse,insertion,2052,593602,0.03538143634796143,4.820863573
2,3,4096,4194304,16777216,7,reverse,insertion,2053,581459,0.03465765714645386,4.850682058
2,3,4096,4194304,16777216,7,reverse,insertion,2054,569473,0.03394323587417603,4.880732083
2,3,4096,4194304,16777216,7,reverse,insertion,2055,557479,0.03322833776473999,4.911442065
2,3,4096,4194304,16777216,7,reverse,insertion,2056,545592,0.03251981735229492,4.942537035
2,3,4096,4194304,16777216,7,reverse,insertion,2057,534194,0.03184044361114502,4.972995754
2,3,4096,4194304,16777216,7,reverse,insertion,2058,522757,0.03115874528884888,5.004219050
2,3,4096,4194304,16777216,7,reverse,insertion,2059,511398,0.03048169612884521,5.035913007
2,3,4096,4194304,16777216,7,reverse,insertion,2060,500388,0.02982544898986816,5.067312333
2,3,4096,4194304,16777216,7,reverse,insertion,2061,489590,0.02918183803558350,5.098785435
2,3,4096,4194304,16777216,7,reverse,insertion,2062,478785,0.02853780984878540,5.130981571
2,3,4096,4194304,16777216,7,reverse,insertion,2063,468149,0.02790385484695435,5.163391749
2,3,4096,4194304,16777216,7,reverse,insertion,2064,457929,0.02729469537734985,5.195235594
2,3,4096,4194304,16777216,7,reverse,insertion,2065,447870,0.02669513225555420,5.227279493
2,3,4096,4194304,16777216,7,reverse,insertion,2066,437925,0.02610236406326294,5.259675714
2,3,4096,4194304,16777216,7,reverse,insertion,2067,428077,0.02551537752151489,5.292489202
2,3,4096,4194304,16777216,7,reverse,insertion,2068,418345,0.02493530511856079,5.325666333
2,3,4096,4194304,16777216,7,reverse,insertion,2069,409133,0.02438622713088989,5.357789618
2,3,4096,4194304,16777216,7,reverse,insertion,2070,399953,0.02383905649185181,5.390529052
2,3,4096,4194304,16777216,7,reverse,insertion,2071,390975,0.02330392599105835,5.423283165
2,3,4096,4194304,16777216,7,reverse,insertion,2072,382468,0.02279686927795410,5.455020479
2,3,4096,4194304,16777216,7,reverse,insertion,2073,373925,0.02228766679763794,5.487610595
2,3,4096,4194304,16777216,7,reverse,insertion,2074,365490,0.02178490161895752,5.520527592
2,3,4096,4194304,16777216,7,reverse,insertion,2075,357078,0.02128350734710693,5.554120275
2,3,4096,4194304,16777216,7,reverse,insertion,2076,348660,0.02078175544738770,5.588538665
2,3,4096,4194304,16777216,7,reverse,insertion,2077,340511,0.02029603719711304,5.622658121
2,3,4096,4194304,16777216,7,reverse,insertion,2078,332639,0.01982682943344116,5.656402199
2,3,4096,4194304,16777216,7,reverse,insertion,2079,324977,0.01937013864517212,5.690021909
2,3,4096,4194304,16777216,7,reverse,insertion,2080,317682,0.01893532276153564,5.722776177
2,3,4096,4194304,16777216,7,reverse,insertion,2081,310592,0.01851272583007812,5.755338855
2,3,4096,4194304,16777216,7,reverse,insertion,2082,303861,0.01811152696609497,5.786948006
2,3,4096,4194304,16777216,7,reverse,insertion,2083,296960,0.01770019531250000,5.820090910
2,3,4096,4194304,16777216,7,reverse,insertion,2084,290490,0.01731455326080322,5.851871025
2,3,4096,4194304,16777216,7,reverse,insertion,2085,284198,0.01693952083587646,5.883463124
2,3,4096,4194304,16777216,7,reverse,insertion,2086,277950,0.01656711101531982,5.915534143
2,3,4096,4194304,16777216,7,reverse,insertion,2087,271702,0.01619470119476318,5.948334340
2,3,4096,4194304,16777216,7,reverse,insertion,2088,265493,0.01582461595535278,5.981685702
2,3,4096,4194304,16777216,7,reverse,insertion,2089,259567,0.01547139883041382,6.014252547
2,3,4096,4194304,16777216,7,reverse,insertion,2090,253698,0.01512157917022705,6.047247379
2,3,4096,4194304,16777216,7,reverse,insertion,2091,247956,0.01477932929992676,6.080275390
2,3,4096,4194304,16777216,7,reverse,insertion,2092,242262,0.01443994045257568,6.113791397
2,3,4096,4194304,16777216,7,reverse,insertion,2093,236706,0.01410877704620361,6.147263250
2,3,4096,4194304,16777216,7,reverse,insertion,2094,231147,0.01377743482589722,6.181548887
2,3,4096,4194304,16777216,7,reverse,insertion,2095,225793,0.01345831155776978,6.215358765
2,3,4096,4194304,16777216,7,reverse,insertion,2096,220267,0.01312893629074097,6.251106156
2,3,4096,4194304,16777216,7,reverse,insertion,2097,214931,0.01281088590621948,6.286485945
2,3,4096,4194304,16777216,7,reverse,insertion,2098,209730,0.01250088214874268,6.321826285
2,3,4096,4194304,16777216,7,reverse,insertion,2099,204714,0.01220190525054932,6.356749757
2,3,4096,4194304,16777216,7,reverse,insertion,2100,199711,0.01190370321273804,6.392445728
2,3,4096,4194304,16777216,7,reverse,insertion,2101,194886,0.01161611080169678,6.427729070
2,3,4096,4194304,16777216,7,reverse,insertion,2102,190390,0.01134812831878662,6.461401821
2,3,4096,4194304,16777216,7,reverse,insertion,2103,185792,0.01107406616210938,6.496671143
2,3,4096,4194304,16777216,7,reverse,insertion,2104,181251,0.01080340147018433,6.532370571
2,3,4096,4194304,16777216,7,reverse,insertion,2105,176916,0.01054501533508301,6.567294997
2,3,4096,4194304,16777216,7,reverse,insertion,2106,172693,0.01029330492019653,6.602149920
2,3,4096,4194304,16777216,7,reverse,insertion,2107,168611,0.01004999876022339,6.636660866
2,3,4096,4194304,16777216,7,reverse,insertion,2108,164695,0.00981658697128296,6.670562769
2,3,4096,4194304,16777216,7,reverse,insertion,2109,160706,0.00957882404327393,6.705935732
2,3,4096,4194304,16777216,7,reverse,insertion,2110,156691,0.00933951139450073,6.742437209
2,3,4096,4194304,16777216,7,reverse,insertion,2111,152788,0.00910687446594238,6.778828287
2,3,4096,4194304,16777216,7,reverse,insertion,2112,149068,0.00888514518737793,6.814388934
2,3,4096,4194304,16777216,7,reverse,insertion,2113,145364,0.00866436958312988,6.850689502
2,3,4096,4194304,16777216,7,reverse,insertion,2114,141910,0.00845849514007568,6.885383270
2,3,4096,4194304,16777216,7,reverse,insertion,2115,138464,0.00825309753417969,6.920848595
2,3,4096,4194304,16777216,7,reverse,insertion,2116,135227,0.00806015729904175,6.954976291
2,3,4096,4194304,16777216,7,reverse,insertion,2117,132157,0.00787717103958130,6.988106683
2,3,4096,4194304,16777216,7,reverse,insertion,2118,129248,0.00770378112792969,7.020217569
2,3,4096,4194304,16777216,7,reverse,insertion,2119,126396,0.00753378868103027,7.052408718
2,3,4096,4194304,16777216,7,reverse,insertion,2120,123609,0.00736767053604126,7.084575736
2,3,4096,4194304,16777216,7,reverse,insertion,2121,120787,0.00719946622848511,7.117894336
2,3,4096,4194304,16777216,7,reverse,insertion,2122,118018,0.00703442096710205,7.151352611
2,3,4096,4194304,16777216,7,reverse,insertion,2123,115407,0.00687879323959351,7.183628792
2,3,4096,4194304,16777216,7,reverse,insertion,2124,112789,0.00672274827957153,7.216733153
2,3,4096,4194304,16777216,7,reverse,insertion,2125,110204,0.00656867027282715,7.250182936
2,3,4096,4194304,16777216,7,reverse,insertion,2126,107612,0.00641417503356934,7.284520561
2,3,4096,4194304,16777216,7,reverse,insertion,2127,105135,0.00626653432846069,7.318116495
2,3,4096,4194304,16777216,7,reverse,insertion,2128,102696,0.00612115859985352,7.351979536
2,3,4096,4194304,16777216,7,reverse,insertion,2129,100412,0.00598502159118652,7.384427833
2,3,4096,4194304,16777216,7,reverse,insertion,2130,98180,0.00585198402404785,7.416858454
2,3,4096,4194304,16777216,7,reverse,insertion,2131,96035,0.00572413206100464,7.448727328
2,3,4096,4194304,16777216,7,reverse,insertion,2132,93931,0.00559872388839722,7.480686252
2,3,4096,4194304,16777216,7,reverse,insertion,2133,91909,0.00547820329666138,7.512081479
2,3,4096,4194304,16777216,7,reverse,insertion,2134,89941,0.00536090135574341,7.543308696
2,3,4096,4194304,16777216,7,reverse,insertion,2135,88042,0.00524771213531494,7.574095702
2,3,4096,4194304,16777216,7,reverse,insertion,2136,86198,0.00513780117034912,7.604633225
2,3,4096,4194304,16777216,7,reverse,insertion,2137,84257,0.00502210855484009,7.637491071
2,3,4096,4194304,16777216,7,reverse,insertion,2138,82262,0.00490319728851318,7.672061473
2,3,4096,4194304,16777216,7,reverse,insertion,2139,80248,0.00478315353393555,7.707822184
2,3,4096,4194304,16777216,7,reverse,insertion,2140,78180,0.00465989112854004,7.745488036
2,3,4096,4194304,16777216,7,reverse,insertion,2141,76292,0.00454735755920410,7.780755837
2,3,4096,4194304,16777216,7,reverse,insertion,2142,74410,0.00443518161773682,7.816791102
2,3,4096,4194304,16777216,7,reverse,insertion,2143,72627,0.00432890653610229,7.851781632
2,3,4096,4194304,16777216,7,reverse,insertion,2144,70973,0.00423032045364380,7.885017331
2,3,4096,4194304,16777216,7,reverse,insertion,2145,69345,0.00413328409194946,7.918495757
2,3,4096,4194304,16777216,7,reverse,insertion,2146,67780,0.00404000282287598,7.951427984
2,3,4096,4194304,16777216,7,reverse,insertion,2147,66314,0.00395262241363525,7.982974141
2,3,4096,4194304,16777216,7,reverse,insertion,2148,64988,0.00387358665466309,8.012114271
2,3,4096,4194304,16777216,7,reverse,insertion,2149,63576,0.00378942489624023,8.043805371
2,3,4096,4194304,16777216,7,reverse,insertion,2150,62261,0.00371104478836060,8.073958872
2,3,4096,4194304,16777216,7,reverse,insertion,2151,60953,0.00363308191299438,8.104590391
2,3,4096,4194304,16777216,7,reverse,insertion,2152,59581,0.00355130434036255,8.137435283
2,3,4096,4194304,16777216,7,reverse,insertion,2153,58286,0.00347411632537842,8.169138223
2,3,4096,4194304,16777216,7,reverse,insertion,2154,57004,0.00339770317077637,8.201224463
2,3,4096,4194304,16777216,7,reverse,insertion,2155,55772,0.00332427024841309,8.232746613
2,3,4096,4194304,16777216,7,reverse,insertion,2156,54628,0.00325608253479004,8.262647015
2,3,4096,4194304,16777216,7,reverse,insertion,2157,53379,0.00318163633346558,8.296015342
2,3,4096,4194304,16777216,7,reverse,insertion,2158,52153,0.00310856103897095,8.329537377
2,3,4096,4194304,16777216,7,reverse,insertion,2159,50887,0.00303310155868530,8.364990479
2,3,4096,4194304,16777216,7,reverse,insertion,2160,49608,0.00295686721801758,8.401714826
2,3,4096,4194304,16777216,7,reverse,insertion,2161,48282,0.00287783145904541,8.440802182
2,3,4096,4194304,16777216,7,reverse,insertion,2162,46950,0.00279843807220459,8.481162463
2,3,4096,4194304,16777216,7,reverse,insertion,2163,45625,0.00271946191787720,8.522463062
2,3,4096,4194304,16777216,7,reverse,insertion,2164,44412,0.00264716148376465,8.561338079
2,3,4096,4194304,16777216,7,reverse,insertion,2165,43255,0.00257819890975952,8.599420712
2,3,4096,4194304,16777216,7,reverse,insertion,2166,42039,0.00250571966171265,8.640559269
2,3,4096,4194304,16777216,7,reverse,insertion,2167,40782,0.00243079662322998,8.684355092
2,3,4096,4194304,16777216,7,reverse,insertion,2168,39553,0.00235754251480103,8.728500497
2,3,4096,4194304,16777216,7,reverse,insertion,2169,38407,0.00228923559188843,8.770918342
2,3,4096,4194304,16777216,7,reverse,insertion,2170,37302,0.00222337245941162,8.813034636
2,3,4096,4194304,16777216,7,reverse,insertion,2171,36257,0.00216108560562134,8.854028063
2,3,4096,4194304,16777216,7,reverse,insertion,2172,35300,0.00210404396057129,8.892619437
2,3,4096,4194304,16777216,7,reverse,insertion,2173,34357,0.00204783678054810,8.931683552
2,3,4096,4194304,16777216,7,reverse,insertion,2174,33460,0.00199437141418457,8.969850175
2,3,4096,4194304,16777216,7,reverse,insertion,2175,32550,0.00194013118743896,9.009630077
2,3,4096,4194304,16777216,7,reverse,insertion,2176,31656,0.00188684463500977,9.049808650
2,3,4096,4194304,16777216,7,reverse,insertion,2177,30769,0.00183397531509399,9.090810064
2,3,4096,4194304,16777216,7,reverse,insertion,2178,29890,0.00178158283233643,9.132624723
2,3,4096,4194304,16777216,7,reverse,insertion,2179,29066,0.00173246860504150,9.172955076
2,3,4096,4194304,16777216,7,reverse,insertion,2180,28297,0.00168663263320923,9.211638511
2,3,4096,4194304,16777216,7,reverse,insertion,2181,27499,0.00163906812667847,9.252908464
2,3,4096,4194304,16777216,7,reverse,insertion,2182,26746,0.00159418582916260,9.292964475
2,3,4096,4194304,16777216,7,reverse,insertion,2183,26079,0.00155442953109741,9.329399070
2,3,4096,4194304,16777216,7,reverse,insertion,2184,25515,0.00152081251144409,9.360941979
2,3,4096,4194304,16777216,7,reverse,insertion,2185,24940,0.00148653984069824,9.393826155
2,3,4096,4194304,16777216,7,reverse,insertion,2186,24368,0.00145244598388672,9.427299774
2,3,4096,4194304,16777216,7,reverse,insertion,2187,23748,0.00141549110412598,9.464481602
2,3,4096,4194304,16777216,7,reverse,insertion,2188,23145,0.00137954950332642,9.501587058
2,3,4096,4194304,16777216,7,reverse,insertion,2189,22625,0.00134855508804321,9.534369828
2,3,4096,4194304,16777216,7,reverse,insertion,2190,22124,0.00131869316101074,9.566675373
2,3,4096,4194304,16777216,7,reverse,insertion,2191,21680,0.00129222869873047,9.595922864
2,3,4096,4194304,16777216,7,reverse,insertion,2192,21286,0.00126874446868896,9.622382752
2,3,4096,4194304,16777216,7,reverse,insertion,2193,20861,0.00124341249465942,9.651479303
2,3,4096,4194304,16777216,7,reverse,insertion,2194,20477,0.00122052431106567,9.678283253
2,3,4096,4194304,16777216,7,reverse,insertion,2195,20085,0.00119715929031372,9.706169159
2,3,4096,4194304,16777216,7,reverse,insertion,2196,19698,0.00117409229278564,9.734238465
2,3,4096,4194304,16777216,7,reverse,insertion,2197,19284,0.00114941596984863,9.764883286
2,3,4096,4194304,16777216,7,reverse,insertion,2198,18898,0.00112640857696533,9.794054060
2,3,4096,4194304,16777216,7,reverse,insertion,2199,18626,0.00111019611358643,9.814969737
2,3,4096,4194304,16777216,7,reverse,insertion,2200,18344,0.00109338760375977,9.836979360
2,3,4096,4194304,16777216,7,reverse,insertion,2201,18045,0.00107556581497192,9.860688477
2,3,4096,4194304,16777216,7,reverse,insertion,2202,17701,0.00105506181716919,9.888456754
2,3,4096,4194304,16777216,7,reverse,insertion,2203,17331,0.00103300809860229,9.918932720
2,3,4096,4194304,16777216,7,reverse,insertion,2204,16982,0.00101220607757568,9.948281243
2,3,4096,4194304,16777216,7,reverse,insertion,2205,16669,0.00099354982376099,9.975120063
2,3,4096,4194304,16777216,7,reverse,insertion,2206,16332,0.00097346305847168,10.004586148
2,3,4096,4194304,16777216,7,reverse,insertion,2207,15974,0.00095212459564209,10.036562002
2,3,4096,4194304,16777216,7,reverse,insertion,2208,15685,0.00093489885330200,10.062902091
2,3,4096,4194304,16777216,7,reverse,insertion,2209,15402,0.00091803073883057,10.089169919
2,3,4096,4194304,16777216,7,reverse,insertion,2210,15061,0.00089770555496216,10.121470057
2,3,4096,4194304,16777216,7,reverse,insertion,2211,14733,0.00087815523147583,10.153236392
2,3,4096,4194304,16777216,7,reverse,insertion,2212,14421,0.00085955858230591,10.184116411
2,3,4096,4194304,16777216,7,reverse,insertion,2213,14132,0.00084233283996582,10.213321966
2,3,4096,4194304,16777216,7,reverse,insertion,2214,13904,0.00082874298095703,10.236787633
2,3,4096,4194304,16777216,7,reverse,insertion,2215,13654,0.00081384181976318,10.262963963
2,3,4096,4194304,16777216,7,reverse,insertion,2216,13441,0.00080114603042603,10.285647143
2,3,4096,4194304,16777216,7,reverse,insertion,2217,13210,0.00078737735748291,10.310657154
2,3,4096,4194304,16777216,7,reverse,insertion,2218,12990,0.00077426433563232,10.334886190
2,3,4096,4194304,16777216,7,reverse,insertion,2219,12752,0.00076007843017578,10.361564086
2,3,4096,4194304,16777216,7,reverse,insertion,2220,12545,0.00074774026870728,10.385175150
2,3,4096,4194304,16777216,7,reverse,insertion,2221,12344,0.00073575973510742,10.408477653
2,3,4096,4194304,16777216,7,reverse,insertion,2222,12158,0.00072467327117920,10.430381697
2,3,4096,4194304,16777216,7,reverse,insertion,2223,11984,0.00071430206298828,10.451178092
2,3,4096,4194304,16777216,7,reverse,insertion,2224,11804,0.00070357322692871,10.473011795
2,3,4096,4194304,16777216,7,reverse,insertion,2225,11603,0.00069159269332886,10.497789753
2,3,4096,4194304,16777216,7,reverse,insertion,2226,11375,0.00067800283432007,10.526421075
2,3,4096,4194304,16777216,7,reverse,insertion,2227,11138,0.00066387653350830,10.556797423
2,3,4096,4194304,16777216,7,reverse,insertion,2228,10927,0.00065129995346069,10.584390256
2,3,4096,4194304,16777216,7,reverse,insertion,2229,10692,0.00063729286193848,10.615755878
2,3,4096,4194304,16777216,7,reverse,insertion,2230,10484,0.00062489509582520,10.644098362
2,3,4096,4194304,16777216,7,reverse,insertion,2231,10271,0.00061219930648804,10.673710969
2,3,4096,4194304,16777216,7,reverse,insertion,2232,10051,0.00059908628463745,10.704948574
2,3,4096,4194304,16777216,7,reverse,insertion,2233,9898,0.00058996677398682,10.727078673
2,3,4096,4194304,16777216,7,reverse,insertion,2234,9750,0.00058114528656006,10.748813496
2,3,4096,4194304,16777216,7,reverse,insertion,2235,9621,0.00057345628738403,10.768028861
2,3,4096,4194304,16777216,7,reverse,insertion,2236,9420,0.00056147575378418,10.798488655
2,3,4096,4194304,16777216,7,reverse,insertion,2237,9173,0.00054675340652466,10.836822076
2,3,4096,4194304,16777216,7,reverse,insertion,2238,8951,0.00053352117538452,10.872166847
2,3,4096,4194304,16777216,7,reverse,insertion,2239,8706,0.00051891803741455,10.912205695
2,3,4096,4194304,16777216,7,reverse,insertion,2240,8502,0.00050675868988037,10.946413456
2,3,4096,4194304,16777216,7,reverse,insertion,2241,8338,0.00049698352813721,10.974514343
2,3,4096,4194304,16777216,7,reverse,insertion,2242,8168,0.00048685073852539,11.004232849
2,3,4096,4194304,16777216,7,reverse,insertion,2243,8049,0.00047975778579712,11.025406160
2,3,4096,4194304,16777216,7,reverse,insertion,2244,7900,0.00047087669372559,11.052363062
2,3,4096,4194304,16777216,7,reverse,insertion,2245,7752,0.00046205520629883,11.079647145
2,3,4096,4194304,16777216,7,reverse,insertion,2246,7636,0.00045514106750488,11.101398613
2,3,4096,4194304,16777216,7,reverse,insertion,2247,7534,0.00044906139373779,11.120799682
2,3,4096,4194304,16777216,7,reverse,insertion,2248,7430,0.00044286251068115,11.140853505
2,3,4096,4194304,16777216,7,reverse,insertion,2249,7347,0.00043791532516479,11.157060441
2,3,4096,4194304,16777216,7,reverse,insertion,2250,7264,0.00043296813964844,11.173451513
2,3,4096,4194304,16777216,7,reverse,insertion,2251,7155,0.00042647123336792,11.195263948
2,3,4096,4194304,16777216,7,reverse,insertion,2252,7074,0.00042164325714111,11.211689496
2,3,4096,4194304,16777216,7,reverse,insertion,2253,6976,0.00041580200195312,11.231815675
2,3,4096,4194304,16777216,7,reverse,insertion,2254,6899,0.00041121244430542,11.247828455
2,3,4096,4194304,16777216,7,reverse,insertion,2255,6819,0.00040644407272339,11.264655530
2,3,4096,4194304,16777216,7,reverse,insertion,2256,6751,0.00040239095687866,11.279114496
2,3,4096,4194304,16777216,7,reverse,insertion,2257,6675,0.00039786100387573,11.295447879
2,3,4096,4194304,16777216,7,reverse,insertion,2258,6601,0.00039345026016235,11.311531117
2,3,4096,4194304,16777216,7,reverse,insertion,2259,6531,0.00038927793502808,11.326911807
2,3,4096,4194304,16777216,7,reverse,insertion,2260,6451,0.00038450956344604,11.344692898
2,3,4096,4194304,16777216,7,reverse,insertion,2261,6367,0.00037950277328491,11.363601951
2,3,4096,4194304,16777216,7,reverse,insertion,2262,6269,0.00037366151809692,11.385980386
2,3,4096,4194304,16777216,7,reverse,insertion,2263,6163,0.00036734342575073,11.410582924
2,3,4096,4194304,16777216,7,reverse,insertion,2264,6062,0.00036132335662842,11.434421863
2,3,4096,4194304,16777216,7,reverse,insertion,2265,5961,0.00035530328750610,11.458661342
2,3,4096,4194304,16777216,7,reverse,insertion,2266,5846,0.00034844875335693,11.486765886
2,3,4096,4194304,16777216,7,reverse,insertion,2267,5720,0.00034093856811523,11.518200568
2,3,4096,4194304,16777216,7,reverse,insertion,2268,5612,0.00033450126647949,11.545700706
2,3,4096,4194304,16777216,7,reverse,insertion,2269,5505,0.00032812356948853,11.573473152
2,3,4096,4194304,16777216,7,reverse,insertion,2270,5402,0.00032198429107666,11.600722075
2,3,4096,4194304,16777216,7,reverse,insertion,2271,5289,0.00031524896621704,11.631220740
2,3,4096,4194304,16777216,7,reverse,insertion,2272,5202,0.00031006336212158,11.655149316
2,3,4096,4194304,16777216,7,reverse,insertion,2273,5126,0.00030553340911865,11.676382237
2,3,4096,4194304,16777216,7,reverse,insertion,2274,5054,0.00030124187469482,11.696790051
2,3,4096,4194304,16777216,7,reverse,insertion,2275,4974,0.00029647350311279,11.719809208
2,3,4096,4194304,16777216,7,reverse,insertion,2276,4868,0.00029015541076660,11.750886547
2,3,4096,4194304,16777216,7,reverse,insertion,2277,4767,0.00028413534164429,11.781134090
2,3,4096,4194304,16777216,7,reverse,insertion,2278,4685,0.00027924776077271,11.806166667
2,3,4096,4194304,16777216,7,reverse,insertion,2279,4606,0.00027453899383545,11.830701304
2,3,4096,4194304,16777216,7,reverse,insertion,2280,4537,0.00027042627334595,11.852477056
2,3,4096,4194304,16777216,7,reverse,insertion,2281,4451,0.00026530027389526,11.880086215
2,3,4096,4194304,16777216,7,reverse,insertion,2282,4335,0.00025838613510132,11.918183722
2,3,4096,4194304,16777216,7,reverse,insertion,2283,4187,0.00024956464767456,11.968298797
2,3,4096,4194304,16777216,7,reverse,insertion,2284,4024,0.00023984909057617,12.025585410
2,3,4096,4194304,16777216,7,reverse,insertion,2285,3850,0.00022947788238525,12.089357270
2,3,4096,4194304,16777216,7,reverse,insertion,2286,3683,0.00021952390670776,12.153334318
2,3,4096,4194304,16777216,7,reverse,insertion,2287,3515,0.00020951032638550,12.220691026
2,3,4096,4194304,16777216,7,reverse,insertion,2288,3369,0.00020080804824829,12.281895287
2,3,4096,4194304,16777216,7,reverse,insertion,2289,3226,0.00019228458404541,12.344469277
2,3,4096,4194304,16777216,7,reverse,insertion,2290,3128,0.00018644332885742,12.388975203
2,3,4096,4194304,16777216,7,reverse,insertion,2291,3028,0.00018048286437988,12.435850510
2,3,4096,4194304,16777216,7,reverse,insertion,2292,2937,0.00017505884170532,12.479872450
2,3,4096,4194304,16777216,7,reverse,insertion,2293,2846,0.00016963481903076,12.525280053
2,3,4096,4194304,16777216,7,reverse,insertion,2294,2751,0.00016397237777710,12.574259576
2,3,4096,4194304,16777216,7,reverse,insertion,2295,2672,0.00015926361083984,12.616295708
2,3,4096,4194304,16777216,7,reverse,insertion,2296,2593,0.00015455484390259,12.659593509
2,3,4096,4194304,16777216,7,reverse,insertion,2297,2516,0.00014996528625488,12.703083793
2,3,4096,4194304,16777216,7,reverse,insertion,2298,2468,0.00014710426330566,12.730873321
2,3,4096,4194304,16777216,7,reverse,insertion,2299,2431,0.00014489889144897,12.752665822
2,3,4096,4194304,16777216,7,reverse,insertion,2300,2404,0.00014328956604004,12.768778819
2,3,4096,4194304,16777216,7,reverse,insertion,2301,2361,0.00014072656631470,12.794817674
2,3,4096,4194304,16777216,7,reverse,insertion,2302,2326,0.00013864040374756,12.816364619
2,3,4096,4194304,16777216,7,reverse,insertion,2303,2307,0.00013750791549683,12.828197711
2,3,4096,4194304,16777216,7,reverse,insertion,2304,2284,0.00013613700866699,12.842653065
2,3,4096,4194304,16777216,7,reverse,insertion,2305,2259,0.00013464689254761,12.858531445
2,3,4096,4194304,16777216,7,reverse,insertion,2306,2235,0.00013321638107300,12.873940884
2,3,4096,4194304,16777216,7,reverse,insertion,2307,2204,0.00013136863708496,12.894091491
2,3,4096,4194304,16777216,7,reverse,insertion,2308,2179,0.00012987852096558,12.910549519
2,3,4096,4194304,16777216,7,reverse,insertion,2309,2131,0.00012701749801636,12.942685122
2,3,4096,4194304,16777216,7,reverse,insertion,2310,2100,0.00012516975402832,12.963826387
2,3,4096,4194304,16777216,7,reverse,insertion,2311,2064,0.00012302398681641,12.988772745
2,3,4096,4194304,16777216,7,reverse,insertion,2312,2028,0.00012087821960449,13.014158063
2,3,4096,4194304,16777216,7,reverse,insertion,2313,2001,0.00011926889419556,13.033494548
2,3,4096,4194304,16777216,7,reverse,insertion,2314,1957,0.00011664628982544,13.065571959
2,3,4096,4194304,16777216,7,reverse,insertion,2315,1927,0.00011485815048218,13.087859144
2,3,4096,4194304,16777216,7,reverse,insertion,2316,1883,0.00011223554611206,13.121182715
2,3,4096,4194304,16777216,7,reverse,insertion,2317,1838,0.00010955333709717,13.156078949
2,3,4096,4194304,16777216,7,reverse,insertion,2318,1786,0.00010645389556885,13.197483635
2,3,4096,4194304,16777216,7,reverse,insertion,2319,1729,0.00010305643081665,13.244277846
2,3,4096,4194304,16777216,7,reverse,insertion,2320,1681,0.00010019540786743,13.284895991
2,3,4096,4194304,16777216,7,reverse,insertion,2321,1643,0.00009793043136597,13.317883235
2,3,4096,4194304,16777216,7,reverse,insertion,2322,1609,0.00009590387344360,13.348051389
2,3,4096,4194304,16777216,7,reverse,insertion,2323,1576,0.00009393692016602,13.377948181
2,3,4096,4194304,16777216,7,reverse,insertion,2324,1548,0.00009226799011230,13.403810244
2,3,4096,4194304,16777216,7,reverse,insertion,2325,1537,0.00009161233901978,13.414098550
2,3,4096,4194304,16777216,7,reverse,insertion,2326,1510,0.00009000301361084,13.439667166
2,3,4096,4194304,16777216,7,reverse,insertion,2327,1488,0.00008869171142578,13.460841189
2,3,4096,4194304,16777216,7,reverse,insertion,2328,1473,0.00008779764175415,13.475458285
2,3,4096,4194304,16777216,7,reverse,insertion,2329,1468,0.00008749961853027,13.480363747
2,3,4096,4194304,16777216,7,reverse,insertion,2330,1455,0.00008672475814819,13.493196562
2,3,4096,4194304,16777216,7,reverse,insertion,2331,1443,0.00008600950241089,13.505144416
2,3,4096,4194304,16777216,7,reverse,insertion,2332,1438,0.00008571147918701,13.510152040
2,3,4096,4194304,16777216,7,reverse,insertion,2333,1424,0.00008487701416016,13.524266569
2,3,4096,4194304,16777216,7,reverse,insertion,2334,1406,0.00008380413055420,13.542619121
2,3,4096,4194304,16777216,7,reverse,insertion,2335,1379,0.00008219480514526,13.570593258
2,3,4096,4194304,16777216,7,reverse,insertion,2336,1357,0.00008088350296021,13.593794995
2,3,4096,4194304,16777216,7,reverse,insertion,2337,1344,0.00008010864257812,13.607682577
2,3,4096,4194304,16777216,7,reverse,insertion,2338,1334,0.00007951259613037,13.618457049
2,3,4096,4194304,16777216,7,reverse,insertion,2339,1318,0.00007855892181396,13.635865345
2,3,4096,4194304,16777216,7,reverse,insertion,2340,1296,0.00007724761962891,13.660149997
2,3,4096,4194304,16777216,7,reverse,insertion,2341,1278,0.00007617473602295,13.680327879
2,3,4096,4194304,16777216,7,reverse,insertion,2342,1258,0.00007498264312744,13.703083793
2,3,4096,4194304,16777216,7,reverse,insertion,2343,1241,0.00007396936416626,13.722712600
2,3,4096,4194304,16777216,7,reverse,insertion,2344,1208,0.00007200241088867,13.761595261
2,3,4096,4194304,16777216,7,reverse,insertion,2345,1163,0.00006932020187378,13.816364619
2,3,4096,4194304,16777216,7,reverse,insertion,2346,1106,0.00006592273712158,13.888864330
2,3,4096,4194304,16777216,7,reverse,insertion,2347,1047,0.00006240606307983,13.967954273
2,3,4096,4194304,16777216,7,reverse,insertion,2348,1018,0.00006067752838135,14.008478154
2,3,4096,4194304,16777216,7,reverse,insertion,2349,1002,0.00005972385406494,14.031333207
2,3,4096,4194304,16777216,7,reverse,insertion,2350,979,0.00005835294723511,14.064834950
2,3,4096,4194304,16777216,7,reverse,insertion,2351,946,0.00005638599395752,14.114303627
2,3,4096,4194304,16777216,7,reverse,insertion,2352,931,0.00005549192428589,14.137362642
2,3,4096,4194304,16777216,7,reverse,insertion,2353,902,0.00005376338958740,14.183016377
2,3,4096,4194304,16777216,7,reverse,insertion,2354,864,0.00005149841308594,14.245112498
2,3,4096,4194304,16777216,7,reverse,insertion,2355,834,0.00004971027374268,14.296096427
2,3,4096,4194304,16777216,7,reverse,insertion,2356,790,0.00004708766937256,14.374291157
2,3,4096,4194304,16777216,7,reverse,insertion,2357,738,0.00004398822784424,14.472522994
2,3,4096,4194304,16777216,7,reverse,insertion,2358,709,0.00004225969314575,14.530358183
2,3,4096,4194304,16777216,7,reverse,insertion,2359,681,0.00004059076309204,14.588489012
2,3,4096,4194304,16777216,7,reverse,insertion,2360,643,0.00003832578659058,14.671325073
2,3,4096,4194304,16777216,7,reverse,insertion,2361,615,0.00003665685653687,14.735557400
2,3,4096,4194304,16777216,7,reverse,insertion,2362,591,0.00003522634506226,14.792985680
2,3,4096,4194304,16777216,7,reverse,insertion,2363,577,0.00003439188003540,14.827572491
2,3,4096,4194304,16777216,7,reverse,insertion,2364,555,0.00003308057785034,14.883656039
2,3,4096,4194304,16777216,7,reverse,insertion,2365,534,0.00003182888031006,14.939304068
2,3,4096,4194304,16777216,7,reverse,insertion,2366,522,0.00003111362457275,14.972094003
2,3,4096,4194304,16777216,7,reverse,insertion,2367,518,0.00003087520599365,14.983191712
2,3,4096,4194304,16777216,7,reverse,insertion,2368,510,0.00003039836883545,15.005646563
2,3,4096,4194304,16777216,7,reverse,insertion,2369,501,0.00002986192703247,15.031333207
2,3,4096,4194304,16777216,7,reverse,insertion,2370,498,0.00002968311309814,15.039998068
2,3,4096,4194304,16777216,7,reverse,insertion,2371,496,0.00002956390380859,15.045803690
2,3,4096,4194304,16777216,7,reverse,insertion,2372,494,0.00002944469451904,15.051632768
2,3,4096,4194304,16777216,7,reverse,insertion,2373,492,0.00002932548522949,15.057485495
2,3,4096,4194304,16777216,7,reverse,insertion,2374,490,0.00002920627593994,15.063362061
2,3,4096,4194304,16777216,7,reverse,insertion,2375,485,0.00002890825271606,15.078159063
2,3,4096,4194304,16777216,7,reverse,insertion,2376,484,0.00002884864807129,15.081136763
2,3,4096,4194304,16777216,7,reverse,insertion,2377,477,0.00002843141555786,15.102154544
2,3,4096,4194304,16777216,7,reverse,insertion,2378,473,0.00002819299697876,15.114303627
2,3,4096,4194304,16777216,7,reverse,insertion,2379,469,0.00002795457839966,15.126555887
2,3,4096,4194304,16777216,7,reverse,insertion,2380,466,0.00002777576446533,15.135813855
2,3,4096,4194304,16777216,7,reverse,insertion,2381,458,0.00002729892730713,15.160796212
2,3,4096,4194304,16777216,7,reverse,insertion,2382,455,0.00002712011337280,15.170277265
2,3,4096,4194304,16777216,7,reverse,insertion,2383,451,0.00002688169479370,15.183016377
2,3,4096,4194304,16777216,7,reverse,insertion,2384,443,0.00002640485763550,15.208837111
2,3,4096,4194304,16777216,7,reverse,insertion,2385,435,0.00002592802047729,15.235128409
2,3,4096,4194304,16777216,7,reverse,insertion,2386,429,0.00002557039260864,15.255166163
2,3,4096,4194304,16777216,7,reverse,insertion,2387,420,0.00002503395080566,15.285754482
2,3,4096,4194304,16777216,7,reverse,insertion,2388,408,0.00002431869506836,15.327574658
2,3,4096,4194304,16777216,7,reverse,insertion,2389,391,0.00002330541610718,15.388975203
2,3,4096,4194304,16777216,7,reverse,insertion,2390,381,0.00002270936965942,15.426352813
2,3,4096,4194304,16777216,7,reverse,insertion,2391,377,0.00002247095108032,15.441579287
2,3,4096,4194304,16777216,7,reverse,insertion,2392,372,0.00002217292785645,15.460841189
2,3,4096,4194304,16777216,7,reverse,insertion,2393,368,0.00002193450927734,15.476438044
2,3,4096,4194304,16777216,7,reverse,insertion,2394,362,0.00002157688140869,15.500154113
2,3,4096,4194304,16777216,7,reverse,insertion,2395,358,0.00002133846282959,15.516184223
2,3,4096,4194304,16777216,7,reverse,insertion,2396,354,0.00002110004425049,15.532394450
2,3,4096,4194304,16777216,7,reverse,insertion,2397,336,0.00002002716064453,15.607682577
2,3,4096,4194304,16777216,7,reverse,insertion,2398,317,0.00001889467239380,15.691660970
2,3,4096,4194304,16777216,7,reverse,insertion,2399,291,0.00001734495162964,15.815124657
2,3,4096,4194304,16777216,7,reverse,insertion,2400,264,0.00001573562622070,15.955605881
2,3,4096,4194304,16777216,7,reverse,insertion,2401,240,0.00001430511474609,16.093109404
2,3,4096,4194304,16777216,7,reverse,insertion,2402,206,0.00001227855682373,16.313499473
2,3,4096,4194304,16777216,7,reverse,insertion,2403,196,0.00001168251037598,16.385290156
2,3,4096,4194304,16777216,7,reverse,insertion,2404,188,0.00001120567321777,16.445411148
2,3,4096,4194304,16777216,7,reverse,insertion,2405,181,0.00001078844070435,16.500154113
2,3,4096,4194304,16777216,7,reverse,insertion,2406,166,0.00000989437103271,16.624960569
2,3,4096,4194304,16777216,7,reverse,insertion,2407,159,0.00000947713851929,16.687117045
2,3,4096,4194304,16777216,7,reverse,insertion,2408,139,0.00000828504562378,16.881058927
2,3,4096,4194304,16777216,7,reverse,insertion,2409,107,0.00000637769699097,17.258533014
2,3,4096,4194304,16777216,7,reverse,insertion,2410,80,0.00000476837158203,17.678071905
2,3,4096,4194304,16777216,7,reverse,insertion,2411,70,0.00000417232513428,17.870716983
2,3,4096,4194304,16777216,7,reverse,insertion,2412,62,0.00000369548797607,18.045803690
2,3,4096,4194304,16777216,7,reverse,insertion,2413,41,0.00000244379043579,18.642447995
2,3,4096,4194304,16777216,7,reverse,insertion,2414,25,0.00000149011611938,19.356143810
2,3,4096,4194304,16777216,7,reverse,insertion,2415,15,0.00000089406967163,20.093109404
2,3,4096,4194304,16777216,7,reverse,insertion,2416,4,0.00000023841857910,22.000000000
2,3,4096,4194304,16777216,7,reverse,insertion,2417,0,0.00000000000000000,inf
