b,z,y,n,warmup,operations,workload,bucket_slots,queue_policy,rng_source,initialization,metric,threshold,exceed_count,probability,log2_inverse,eviction_policy,eviction_chains,path_schedule,deterministic_numerator,deterministic_denominator
2,8,1,8192,1048576,1048576,cycle,8,random,os-getrandom,random-old-and-new-paths,post,0,1048576,1.00000000000000000,-0.000000000,fixed,1,access-plus-rate-deterministic,1,8
2,8,1,8192,1048576,1048576,cycle,8,random,os-getrandom,random-old-and-new-paths,post,1,1048576,1.00000000000000000,-0.000000000,fixed,1,access-plus-rate-deterministic,1,8
2,8,1,8192,1048576,1048576,cycle,8,random,os-getrandom,random-old-and-new-paths,post,2,1048576,1.00000000000000000,-0.000000000,fixed,1,access-plus-rate-deterministic,1,8
2,8,1,8192,1048576,1048576,cycle,8,random,os-getrandom,random-old-and-new-paths,post,3,1048576,1.00000000000000000,-0.000000000,fixed,1,access-plus-rate-deterministic,1,8
2,8,1,8192,1048576,1048576,cycle,8,random,os-getrandom,random-old-and-new-paths,post,4,1048576,1.00000000000000000,-0.000000000,fixed,1,access-plus-rate-deterministic,1,8
2,8,1,8192,1048576,1048576,cycle,8,random,os-getrandom,random-old-and-new-paths,post,5,1048576,1.00000000000000000,-0.000000000,fixed,1,access-plus-rate-deterministic,1,8
2,8,1,8192,1048576,1048576,cycle,8,random,os-getrandom,random-old-and-new-paths,post,6,1048576,1.00000000000000000,-0.000000000,fixed,1,access-plus-rate-deterministic,1,8
2,8,1,8192,1048576,1048576,cycle,8,random,os-getrandom,random-old-and-new-paths,post,7,1048576,1.00000000000000000,-0.000000000,fixed,1,access-plus-rate-deterministic,1,8
2,8,1,8192,1048576,1048576,cycle,8,random,os-getrandom,random-old-and-new-paths,post,8,1048576,1.00000000000000000,-0.000000000,fixed,1,access-plus-rate-deterministic,1,8
2,8,1,8192,1048576,1048576,cycle,8,random,os-getrandom,random-old-and-new-paths,post,9,1048576,1.00000000000000000,-0.000000000,fixed,1,access-plus-rate-deterministic,1,8
2,8,1,8192,1048576,1048576,cycle,8,random,os-getrandom,random-old-and-new-paths,post,10,1048576,1.00000000000000000,-0.000000000,fixed,1,access-plus-rate-deterministic,1,8
2,8,1,8192,1048576,1048576,cycle,8,random,os-getrandom,random-old-and-new-paths,post,11,1048576,1.00000000000000000,-0.000000000,fixed,1,access-plus-rate-deterministic,1,8
2,8,1,8192,1048576,1048576,cycle,8,random,os-getrandom,random-old-and-new-paths,post,12,1048576,1.00000000000000000,-0.000000000,fixed,1,access-plus-rate-deterministic,1,8
2,8,1,8192,1048576,1048576,cycle,8,random,os-getrandom,random-old-and-new-paths,post,13,1048576,1.00000000000000000,-0.000000000,fixed,1,access-plus-rate-deterministic,1,8
2,8,1,8192,1048576,1048576,cycle,8,random,os-getrandom,random-old-and-new-paths,post,14,1048576,1.00000000000000000,-0.000000000,fixed,1,access-plus-rate-deterministic,1,8
2,8,1,8192,1048576,1048576,cycle,8,random,os-getrandom,random-old-and-new-paths,post,15,1048576,1.00000000000000000,-0.000000000,fixed,1,access-plus-rate-deterministic,1,8
2,8,1,8192,1048576,1048576,cycle,8,random,os-getrandom,random-old-and-new-paths,post,16,1048576,1.00000000000000000,-0.000000000,fixed,1,access-plus-rate-deterministic,1,8
2,8,1,8192,1048576,1048576,cycle,8,random,os-getrandom,random-old-and-new-paths,post,17,1048576,1.00000000000000000,-0.000000000,fixed,1,access-plus-rate-deterministic,1,8
2,8,1,8192,1048576,1048576,cycle,8,random,os-getrandom,random-old-and-new-paths,post,18,1048576,1.00000000000000000,-0.000000000,fixed,1,access-plus-rate-deterministic,1,8
2,8,1,8192,1048576,1048576,cycle,8,random,os-getrandom,random-old-and-new-paths,post,19,1048576,1.00000000000000000,-0.000000000,fixed,1,access-plus-rate-deterministic,1,8
2,8,1,8192,1048576,1048576,cycle,8,random,os-getrandom,random-old-and-new-paths,post,20,1048576,1.00000000000000000,-0.000000000,fixed,1,access-plus-rate-deterministic,1,8
2,8,1,8192,1048576,1048576,cycle,8,random,os-getrandom,random-old-and-new-paths,post,21,1048576,1.00000000000000000,-0.000000000,fixed,1,access-plus-rate-deterministic,1,8
2,8,1,8192,1048576,1048576,cycle,8,random,os-getrandom,random-old-and-new-paths,post,22,1048576,1.00000000000000000,-0.000000000,fixed,1,access-plus-rate-deterministic,1,8
2,8,1,8192,1048576,1048576,cycle,8,random,os-getrandom,random-old-and-new-paths,post,23,1048576,1.00000000000000000,-0.000000000,fixed,1,access-plus-rate-deterministic,1,8
2,8,1,8192,1048576,1048576,cycle,8,random,os-getrandom,random-old-and-new-paths,post,24,1048576,1.00000000000000000,-0.000000000,fixed,1,access-plus-rate-deterministic,1,8
2,8,1,8192,1048576,1048576,cycle,8,random,os-getrandom,random-old-and-new-paths,post,25,1048576,1.00000000000000000,-0.000000000,fixed,1,access-plus-rate-deterministic,1,8
2,8,1,8192,1048576,1048576,cycle,8,random,os-getrandom,random-old-and-new-paths,post,26,1048576,1.00000000000000000,-0.000000000,fixed,1,access-plus-rate-deterministic,1,8
2,8,1,8192,1048576,1048576,cycle,8,random,os-getrandom,random-old-and-new-paths,post,27,1048576,1.00000000000000000,-0.000000000,fixed,1,access-plus-rate-deterministic,1,8
2,8,1,8192,1048576,1048576,cycle,8,random,os-getrandom,random-old-and-new-paths,post,28,1048576,1.00000000000000000,-0.000000000,fixed,1,access-plus-rate-deterministic,1,8
2,8,1,8192,1048576,1048576,cycle,8,random,os-getrandom,random-old-and-new-paths,post,29,1048576,1.00000000000000000,-0.000000000,fixed,1,access-plus-rate-deterministic,1,8
2,8,1,8192,1048576,1048576,cycle,8,random,os-getrandom,random-old-and-new-paths,post,30,1048576,1.00000000000000000,-0.000000000,fixed,1,access-plus-rate-deterministic,1,8
2,8,1,8192,1048576,1048576,cycle,8,random,os-getrandom,random-old-and-new-paths,post,31,1048576,1.00000000000000000,-0.000000000,fixed,1,access-plus-rate-deterministic,1,8
2,8,1,8192,1048576,1048576,cycle,8,random,os-getrandom,random-old-and-new-paths,post,32,1048576,1.00000000000000000,-0.000000000,fixed,1,access-plus-rate-deterministic,1,8
2,8,1,8192,1048576,1048576,cycle,8,random,os-getrandom,random-old-and-new-paths,post,33,1048576,1.00000000000000000,-0.000000000,fixed,1,access-plus-rate-deterministic,1,8
2,8,1,8192,1048576,1048576,cycle,8,random,os-getrandom,random-old-and-new-paths,post,34,1048576,1.00000000000000000,-0.000000000,fixed,1,access-plus-rate-deterministic,1,8
2,8,1,8192,1048576,1048576,cycle,8,random,os-getrandom,random-old-and-new-paths,post,35,1048576,1.00000000000000000,-0.000000000,fixed,1,access-plus-rate-deterministic,1,8
2,8,1,8192,1048576,1048576,cycle,8,random,os-getrandom,random-old-and-new-paths,post,36,1048576,1.00000000000000000,-0.000000000,fixed,1,access-plus-rate-deterministic,1,8
2,8,1,8192,1048576,1048576,cycle,8,random,os-getrandom,random-old-and-new-paths,post,37,1048576,1.00000000000000000,-0.000000000,fixed,1,access-plus-rate-deterministic,1,8
2,8,1,8192,1048576,1048576,cycle,8,random,os-getrandom,random-old-and-new-paths,post,38,1048576,1.00000000000000000,-0.000000000,fixed,1,access-plus-rate-deterministic,1,8
2,8,1,8192,1048576,1048576,cycle,8,random,os-getrandom,random-old-and-new-paths,post,39,1048576,1.00000000000000000,-0.000000000,fixed,1,access-plus-rate-deterministic,1,8
2,8,1,8192,1048576,1048576,cycle,8,random,os-getrandom,random-old-and-new-paths,post,40,1048576,1.00000000000000000,-0.000000000,fixed,1,access-plus-rate-deterministic,1,8
2,8,1,8192,1048576,1048576,cycle,8,random,os-getrandom,random-old-and-new-paths,post,41,1048576,1.00000000000000000,-0.000000000,fixed,1,access-plus-rate-deterministic,1,8
2,8,1,8192,1048576,1048576,cycle,8,random,os-getrandom,random-old-and-new-paths,post,42,1048576,1.00000000000000000,-0.000000000,fixed,1,access-plus-rate-deterministic,1,8
2,8,1,8192,1048576,1048576,cycle,8,random,os-getrandom,random-old-and-new-paths,post,43,1048576,1.00000000000000000,-0.000000000,fixed,1,access-plus-rate-deterministic,1,8
2,8,1,8192,1048576,1048576,cycle,8,random,os-getrandom,random-old-and-new-paths,post,44,1048576,1.00000000000000000,-0.000000000,fixed,1,access-plus-rate-deterministic,1,8
2,8,1,8192,1048576,1048576,cycle,8,random,os-getrandom,random-old-and-new-paths,post,45,1048576,1.00000000000000000,-0.000000000,fixed,1,access-plus-rate-deterministic,1,8
2,8,1,8192,1048576,1048576,cycle,8,random,os-getrandom,random-old-and-new-paths,post,46,1048576,1.00000000000000000,-0.000000000,fixed,1,access-plus-rate-deterministic,1,8
2,8,1,8192,1048576,1048576,cycle,8,random,os-getrandom,random-old-and-new-paths,post,47,1048576,1.00000000000000000,-0.000000000,fixed,1,access-plus-rate-deterministic,1,8
2,8,1,8192,1048576,1048576,cycle,8,random,os-getrandom,random-old-and-new-paths,post,48,1048576,1.00000000000000000,-0.000000000,fixed,1,access-plus-rate-deterministic,1,8
2,8,1,8192,1048576,1048576,cycle,8,random,os-getrandom,random-old-and-new-paths,post,49,1048576,1.00000000000000000,-0.000000000,fixed,1,access-plus-rate-deterministic,1,8
2,8,1,8192,1048576,1048576,cycle,8,random,os-getrandom,random-old-and-new-paths,post,50,1048576,1.00000000000000000,-0.000000000,fixed,1,access-plus-rate-deterministic,1,8
2,8,1,8192,1048576,1048576,cycle,8,random,os-getrandom,random-old-and-new-paths,post,51,1048576,1.00000000000000000,-0.000000000,fixed,1,access-plus-rate-deterministic,1,8
2,8,1,8192,1048576,1048576,cycle,8,random,os-getrandom,random-old-and-new-paths,post,52,1048576,1.00000000000000000,-0.000000000,fixed,1,access-plus-rate-deterministic,1,8
2,8,1,8192,1048576,1048576,cycle,8,random,os-getrandom,random-old-and-new-paths,post,53,1048576,1.00000000000000000,-0.000000000,fixed,1,access-plus-rate-deterministic,1,8
2,8,1,8192,1048576,1048576,cycle,8,random,os-getrandom,random-old-and-new-paths,post,54,1048576,1.00000000000000000,-0.000000000,fixed,1,access-plus-rate-deterministic,1,8
2,8,1,8192,1048576,1048576,cycle,8,random,os-getrandom,random-old-and-new-paths,post,55,1048576,1.00000000000000000,-0.000000000,fixed,1,access-plus-rate-deterministic,1,8
2,8,1,8192,1048576,1048576,cycle,8,random,os-getrandom,random-old-and-new-paths,post,56,1048576,1.00000000000000000,-0.000000000,fixed,1,access-plus-rate-deterministic,1,8
2,8,1,8192,1048576,1048576,cycle,8,random,os-getrandom,random-old-and-new-paths,post,57,1048576,1.00000000000000000,-0.000000000,fixed,1,access-plus-rate-deterministic,1,8
2,8,1,8192,1048576,1048576,cycle,8,random,os-getrandom,random-old-and-new-paths,post,58,1048576,1.00000000000000000,-0.000000000,fixed,1,access-plus-rate-deterministic,1,8
2,8,1,8192,1048576,1048576,cycle,8,random,os-getrandom,random-old-and-new-paths,post,59,1048576,1.00000000000000000,-0.000000000,fixed,1,access-plus-rate-deterministic,1,8
2,8,1,8192,1048576,1048576,cycle,8,random,os-getrandom,random-old-and-new-paths,post,60,1048576,1.00000000000000000,-0.000000000,fixed,1,access-plus-rate-deterministic,1,8
2,8,1,8192,1048576,1048576,cycle,8,random,os-getrandom,random-old-and-new-paths,post,61,1048576,1.00000000000000000,-0.000000000,fixed,1,access-plus-rate-deterministic,1,8
2,8,1,8192,1048576,1048576,cycle,8,random,os-getrandom,random-old-and-new-paths,post,62,1048576,1.00000000000000000,-0.000000000,fixed,1,access-plus-rate-deterministic,1,8
2,8,1,8192,1048576,1048576,cycle,8,random,os-getrandom,random-old-and-new-paths,post,63,1048576,1.00000000000000000,-0.000000000,fixed,1,access-plus-rate-deterministic,1,8
2,8,1,8192,1048576,1048576,cycle,8,random,os-getrandom,random-old-and-new-paths,post,64,1048576,1.00000000000000000,-0.000000000,fixed,1,access-plus-rate-deterministic,1,8
2,8,1,8192,1048576,1048576,cycle,8,random,os-getrandom,random-old-and-new-paths,post,65,1048576,1.00000000000000000,-0.000000000,fixed,1,access-plus-rate-deterministic,1,8
2,8,1,8192,1048576,1048576,cycle,8,random,os-getrandom,random-old-and-new-paths,post,66,1048576,1.00000000000000000,-0.000000000,fixed,1,access-plus-rate-deterministic,1,8
2,8,1,8192,1048576,1048576,cycle,8,random,os-getrandom,random-old-and-new-paths,post,67,1048576,1.00000000000000000,-0.000000000,fixed,1,access-plus-rate-deterministic,1,8
2,8,1,8192,1048576,1048576,cycle,8,random,os-getrandom,random-old-and-new-paths,post,68,1048576,1.00000000000000000,-0.000000000,fixed,1,access-plus-rate-deterministic,1,8
2,8,1,8192,1048576,1048576,cycle,8,random,os-getrandom,random-old-and-new-paths,post,69,1048576,1.00000000000000000,-0.000000000,fixed,1,access-plus-rate-deterministic,1,8
2,8,1,8192,1048576,1048576,cycle,8,random,os-getrandom,random-old-and-new-paths,post,70,1048576,1.00000000000000000,-0.000000000,fixed,1,access-plus-rate-deterministic,1,8
2,8,1,8192,1048576,1048576,cycle,8,random,os-getrandom,random-old-and-new-paths,post,71,1048576,1.00000000000000000,-0.000000000,fixed,1,access-plus-rate-deterministic,1,8
2,8,1,8192,1048576,1048576,cycle,8,random,os-getrandom,random-old-and-new-paths,post,72,1048576,1.00000000000000000,-0.000000000,fixed,1,access-plus-rate-deterministic,1,8
2,8,1,8192,1048576,1048576,cycle,8,random,os-getrandom,random-old-and-new-paths,post,73,1048576,1.00000000000000000,-0.000000000,fixed,1,access-plus-rate-deterministic,1,8
2,8,1,8192,1048576,1048576,cycle,8,random,os-getrandom,random-old-and-new-paths,post,74,1048576,1.00000000000000000,-0.000000000,fixed,1,access-plus-rate-deterministic,1,8
2,8,1,8192,1048576,1048576,cycle,8,random,os-getrandom,random-old-and-new-paths,post,75,1048576,1.00000000000000000,-0.000000000,fixed,1,access-plus-rate-deterministic,1,8
2,8,1,8192,1048576,1048576,cycle,8,random,os-getrandom,random-old-and-new-paths,post,76,1048576,1.00000000000000000,-0.000000000,fixed,1,access-plus-rate-deterministic,1,8
2,8,1,8192,1048576,1048576,cycle,8,random,os-getrandom,random-old-and-new-paths,post,77,1048576,1.00000000000000000,-0.000000000,fixed,1,access-plus-rate-deterministic,1,8
2,8,1,8192,1048576,1048576,cycle,8,random,os-getrandom,random-old-and-new-paths,post,78,1048576,1.00000000000000000,-0.000000000,fixed,1,access-plus-rate-deterministic,1,8
2,8,1,8192,1048576,1048576,cycle,8,random,os-getrandom,random-old-and-new-paths,post,79,1048576,1.00000000000000000,-0.000000000,fixed,1,access-plus-rate-deterministic,1,8
2,8,1,8192,1048576,1048576,cycle,8,random,os-getrandom,random-old-and-new-paths,post,80,1048576,1.00000000000000000,-0.000000000,fixed,1,access-plus-rate-deterministic,1,8
2,8,1,8192,1048576,1048576,cycle,8,random,os-getrandom,random-old-and-new-paths,post,81,1048576,1.00000000000000000,-0.000000000,fixed,1,access-plus-rate-deterministic,1,8
2,8,1,8192,1048576,1048576,cycle,8,random,os-getrandom,random-old-and-new-paths,post,82,1048576,1.00000000000000000,-0.000000000,fixed,1,access-plus-rate-deterministic,1,8
2,8,1,8192,1048576,1048576,cycle,8,random,os-getrandom,random-old-and-new-paths,post,83,1048576,1.00000000000000000,-0.000000000,fixed,1,access-plus-rate-deterministic,1,8
2,8,1,8192,1048576,1048576,cycle,8,random,os-getrandom,random-old-and-new-paths,post,84,1048576,1.00000000000000000,-0.000000000,fixed,1,access-plus-rate-deterministic,1,8
2,8,1,8192,1048576,1048576,cycle,8,random,os-getrandom,random-old-and-new-paths,post,85,1048576,1.00000000000000000,-0.000000000,fixed,1,access-plus-rate-deterministic,1,8
2,8,1,8192,1048576,1048576,cycle,8,random,os-getrandom,random-old-and-new-paths,post,86,1048576,1.00000000000000000,-0.000000000,fixed,1,access-plus-rate-deterministic,1,8
2,8,1,8192,1048576,1048576,cycle,8,random,os-getrandom,random-old-and-new-paths,post,87,1048576,1.00000000000000000,-0.000000000,fixed,1,access-plus-rate-deterministic,1,8
2,8,1,8192,1048576,1048576,cycle,8,random,os-getrandom,random-old-and-new-paths,post,88,1048576,1.00000000000000000,-0.000000000,fixed,1,access-plus-rate-deterministic,1,8
2,8,1,8192,1048576,1048576,cycle,8,random,os-getrandom,random-old-and-new-paths,post,89,1048576,1.00000000000000000,-0.000000000,fixed,1,access-plus-rate-deterministic,1,8
2,8,1,8192,1048576,1048576,cycle,8,random,os-getrandom,random-old-and-new-paths,post,90,1048576,1.00000000000000000,-0.000000000,fixed,1,access-plus-rate-deterministic,1,8
2,8,1,8192,1048576,1048576,cycle,8,random,os-getrandom,random-old-and-new-paths,post,91,1048576,1.00000000000000000,-0.000000000,fixed,1,access-plus-rate-deterministic,1,8
2,8,1,8192,1048576,1048576,cycle,8,random,os-getrandom,random-old-and-new-paths,post,92,1048576,1.00000000000000000,-0.000000000,fixed,1,access-plus-rate-deterministic,1,8
2,8,1,8192,1048576,1048576,cycle,8,random,os-getrandom,random-old-and-new-paths,post,93,1048576,1.00000000000000000,-0.000000000,fixed,1,access-plus-rate-deterministic,1,8
2,8,1,8192,1048576,1048576,cycle,8,random,os-getrandom,random-old-and-new-paths,post,94,1048576,1.00000000000000000,-0.000000000,fixed,1,access-plus-rate-deterministic,1,8
2,8,1,8192,1048576,1048576,cycle,8,random,os-getrandom,random-old-and-new-paths,post,95,1048576,1.00000000000000000,-0.000000000,fixed,1,access-plus-rate-deterministic,1,8
2,8,1,8192,1048576,1048576,cycle,8,random,os-getrandom,random-old-and-new-paths,post,96,1048576,1.00000000000000000,-0.000000000,fixed,1,access-plus-rate-deterministic,1,8
2,8,1,8192,1048576,1048576,cycle,8,random,os-getrandom,random-old-and-new-paths,post,97,1048576,1.00000000000000000,-0.000000000,fixed,1,access-plus-rate-deterministic,1,8
2,8,1,8192,1048576,1048576,cycle,8,random,os-getrandom,random-old-and-new-paths,post,98,1048576,1.00000000000000000,-0.000000000,fixed,1,access-plus-rate-deterministic,1,8
2,8,1,8192,1048576,1048576,cycle,8,random,os-getrandom,random-old-and-new-paths,post,99,1048576,1.00000000000000000,-0.000000000,fixed,1,access-plus-rate-deterministic,1,8
2,8,1,8192,1048576,1048576,cycle,8,random,os-getrandom,random-old-and-new-paths,post,100,1048576,1.00000000000000000,-0.000000000,fixed,1,access-plus-rate-deterministic,1,8
2,8,1,8192,1048576,1048576,cycle,8,random,os-getrandom,random-old-and-new-paths,post,101,1048576,1.00000000000000000,-0.000000000,fixed,1,access-plus-rate-deterministic,1,8
2,8,1,8192,1048576,1048576,cycle,8,random,os-getrandom,random-old-and-new-paths,post,102,1048576,1.00000000000000000,-0.000000000,fixed,1,access-plus-rate-deterministic,1,8
2,8,1,8192,1048576,1048576,cycle,8,random,os-getrandom,random-old-and-new-paths,post,103,1048576,1.00000000000000000,-0.000000000,fixed,1,access-plus-rate-deterministic,1,8
2,8,1,8192,1048576,1048576,cycle,8,random,os-getrandom,random-old-and-new-paths,post,104,1048576,1.00000000000000000,-0.000000000,fixed,1,access-plus-rate-deterministic,1,8
2,8,1,8192,1048576,1048576,cycle,8,random,os-getrandom,random-old-and-new-paths,post,105,1048576,1.00000000000000000,-0.000000000,fixed,1,access-plus-rate-deterministic,1,8
2,8,1,8192,1048576,1048576,cycle,8,random,os-getrandom,random-old-and-new-paths,post,106,1048576,1.00000000000000000,-0.000000000,fixed,1,access-plus-rate-deterministic,1,8
2,8,1,8192,1048576,1048576,cycle,8,random,os-getrandom,random-old-and-new-paths,post,107,1048576,1.00000000000000000,-0.000000000,fixed,1,access-plus-rate-deterministic,1,8
2,8,1,8192,1048576,1048576,cycle,8,random,os-getrandom,random-old-and-new-paths,post,108,1048576,1.00000000000000000,-0.000000000,fixed,1,access-plus-rate-deterministic,1,8
2,8,1,8192,1048576,1048576,cycle,8,random,os-getrandom,random-old-and-new-paths,post,109,1048576,1.00000000000000000,-0.000000000,fixed,1,access-plus-rate-deterministic,1,8
2,8,1,8192,1048576,1048576,cycle,8,random,os-getrandom,random-old-and-new-paths,post,110,1048576,1.00000000000000000,-0.000000000,fixed,1,access-plus-rate-deterministic,1,8
2,8,1,8192,1048576,1048576,cycle,8,random,os-getrandom,random-old-and-new-paths,post,111,1048576,1.00000000000000000,-0.000000000,fixed,1,access-plus-rate-deterministic,1,8
2,8,1,8192,1048576,1048576,cycle,8,random,os-getrandom,random-old-and-new-paths,post,112,1048576,1.00000000000000000,-0.000000000,fixed,1,access-plus-rate-deterministic,1,8
2,8,1,8192,1048576,1048576,cycle,8,random,os-getrandom,random-old-and-new-paths,post,113,1048576,1.00000000000000000,-0.000000000,fixed,1,access-plus-rate-deterministic,1,8
2,8,1,8192,1048576,1048576,cycle,8,random,os-getrandom,random-old-and-new-paths,post,114,1048576,1.00000000000000000,-0.000000000,fixed,1,access-plus-rate-deterministic,1,8
2,8,1,8192,1048576,1048576,cycle,8,random,os-getrandom,random-old-and-new-paths,post,115,1048576,1.00000000000000000,-0.000000000,fixed,1,access-plus-rate-deterministic,1,8
2,8,1,8192,1048576,1048576,cycle,8,random,os-getrandom,random-old-and-new-paths,post,116,1048576,1.00000000000000000,-0.000000000,fixed,1,access-plus-rate-deterministic,1,8
2,8,1,8192,1048576,1048576,cycle,8,random,os-getrandom,random-old-and-new-paths,post,117,1048576,1.00000000000000000,-0.000000000,fixed,1,access-plus-rate-deterministic,1,8
2,8,1,8192,1048576,1048576,cycle,8,random,os-getrandom,random-old-and-new-paths,post,118,1048576,1.00000000000000000,-0.000000000,fixed,1,access-plus-rate-deterministic,1,8
2,8,1,8192,1048576,1048576,cycle,8,random,os-getrandom,random-old-and-new-paths,post,119,1048576,1.00000000000000000,-0.000000000,fixed,1,access-plus-rate-deterministic,1,8
2,8,1,8192,1048576,1048576,cycle,8,random,os-getrandom,random-old-and-new-paths,post,120,1048576,1.00000000000000000,-0.000000000,fixed,1,access-plus-rate-deterministic,1,8
2,8,1,8192,1048576,1048576,cycle,8,random,os-getrandom,random-old-and-new-paths,post,121,1048576,1.00000000000000000,-0.000000000,fixed,1,access-plus-rate-deterministic,1,8
2,8,1,8192,1048576,1048576,cycle,8,random,os-getrandom,random-old-and-new-paths,post,122,1048576,1.00000000000000000,-0.000000000,fixed,1,access-plus-rate-deterministic,1,8
2,8,1,8192,1048576,1048576,cycle,8,random,os-getrandom,random-old-and-new-paths,post,123,1048576,1.00000000000000000,-0.000000000,fixed,1,access-plus-rate-deterministic,1,8
2,8,1,8192,1048576,1048576,cycle,8,random,os-getrandom,random-old-and-new-paths,post,124,1048576,1.00000000000000000,-0.000000000,fixed,1,access-plus-rate-deterministic,1,8
2,8,1,8192,1048576,1048576,cycle,8,random,os-getrandom,random-old-and-new-paths,post,125,1048576,1.00000000000000000,-0.000000000,fixed,1,access-plus-rate-deterministic,1,8
2,8,1,8192,1048576,1048576,cycle,8,random,os-getrandom,random-old-and-new-paths,post,126,1048576,1.00000000000000000,-0.000000000,fixed,1,access-plus-rate-deterministic,1,8
2,8,1,8192,1048576,1048576,cycle,8,random,os-getrandom,random-old-and-new-paths,post,127,1048576,1.00000000000000000,-0.000000000,fixed,1,access-plus-rate-deterministic,1,8
2,8,1,8192,1048576,1048576,cycle,8,random,os-getrandom,random-old-and-new-paths,post,128,1048576,1.00000000000000000,-0.000000000,fixed,1,access-plus-rate-deterministic,1,8
2,8,1,8192,1048576,1048576,cycle,8,random,os-getrandom,random-old-and-new-paths,post,129,1048576,1.00000000000000000,-0.000000000,fixed,1,access-plus-rate-deterministic,1,8
2,8,1,8192,1048576,1048576,cycle,8,random,os-getrandom,random-old-and-new-paths,post,130,1048576,1.00000000000000000,-0.000000000,fixed,1,access-plus-rate-deterministic,1,8
2,8,1,8192,1048576,1048576,cycle,8,random,os-getrandom,random-old-and-new-paths,post,131,1048576,1.00000000000000000,-0.000000000,fixed,1,access-plus-rate-deterministic,1,8
2,8,1,8192,1048576,1048576,cycle,8,random,os-getrandom,random-old-and-new-paths,post,132,1048576,1.00000000000000000,-0.000000000,fixed,1,access-plus-rate-deterministic,1,8
2,8,1,8192,1048576,1048576,cycle,8,random,os-getrandom,random-old-and-new-paths,post,133,1048576,1.00000000000000000,-0.000000000,fixed,1,access-plus-rate-deterministic,1,8
2,8,1,8192,1048576,1048576,cycle,8,random,os-getrandom,random-old-and-new-paths,post,134,1048576,1.00000000000000000,-0.000000000,fixed,1,access-plus-rate-deterministic,1,8
2,8,1,8192,1048576,1048576,cycle,8,random,os-getrandom,random-old-and-new-paths,post,135,1048576,1.00000000000000000,-0.000000000,fixed,1,access-plus-rate-deterministic,1,8
2,8,1,8192,1048576,1048576,cycle,8,random,os-getrandom,random-old-and-new-paths,post,136,1048576,1.00000000000000000,-0.000000000,fixed,1,access-plus-rate-deterministic,1,8
2,8,1,8192,1048576,1048576,cycle,8,random,os-getrandom,random-old-and-new-paths,post,137,1048576,1.00000000000000000,-0.000000000,fixed,1,access-plus-rate-deterministic,1,8
2,8,1,8192,1048576,1048576,cycle,8,random,os-getrandom,random-old-and-new-paths,post,138,1048576,1.00000000000000000,-0.000000000,fixed,1,access-plus-rate-deterministic,1,8
2,8,1,8192,1048576,1048576,cycle,8,random,os-getrandom,random-old-and-new-paths,post,139,1048576,1.00000000000000000,-0.000000000,fixed,1,access-plus-rate-deterministic,1,8
2,8,1,8192,1048576,1048576,cycle,8,random,os-getrandom,random-old-and-new-paths,post,140,1048576,1.00000000000000000,-0.000000000,fixed,1,access-plus-rate-deterministic,1,8
2,8,1,8192,1048576,1048576,cycle,8,random,os-getrandom,random-old-and-new-paths,post,141,1048576,1.00000000000000000,-0.000000000,fixed,1,access-plus-rate-deterministic,1,8
2,8,1,8192,1048576,1048576,cycle,8,random,os-getrandom,random-old-and-new-paths,post,142,1048576,1.00000000000000000,-0.000000000,fixed,1,access-plus-rate-deterministic,1,8
2,8,1,8192,1048576,1048576,cycle,8,random,os-getrandom,random-old-and-new-paths,post,143,1048576,1.00000000000000000,-0.000000000,fixed,1,access-plus-rate-deterministic,1,8
2,8,1,8192,1048576,1048576,cycle,8,random,os-getrandom,random-old-and-new-paths,post,144,1048576,1.00000000000000000,-0.000000000,fixed,1,access-plus-rate-deterministic,1,8
2,8,1,8192,1048576,1048576,cycle,8,random,os-getrandom,random-old-and-new-paths,post,145,1048576,1.00000000000000000,-0.000000000,fixed,1,access-plus-rate-deterministic,1,8
2,8,1,8192,1048576,1048576,cycle,8,random,os-getrandom,random-old-and-new-paths,post,146,1048576,1.00000000000000000,-0.000000000,fixed,1,access-plus-rate-deterministic,1,8
2,8,1,8192,1048576,1048576,cycle,8,random,os-getrandom,random-old-and-new-paths,post,147,1048576,1.00000000000000000,-0.000000000,fixed,1,access-plus-rate-deterministic,1,8
2,8,1,8192,1048576,1048576,cycle,8,random,os-getrandom,random-old-and-new-paths,post,148,1048576,1.00000000000000000,-0.000000000,fixed,1,access-plus-rate-deterministic,1,8
2,8,1,8192,1048576,1048576,cycle,8,random,os-getrandom,random-old-and-new-paths,post,149,1048576,1.00000000000000000,-0.000000000,fixed,1,access-plus-rate-deterministic,1,8
2,8,1,8192,1048576,1048576,cycle,8,random,os-getrandom,random-old-and-new-paths,post,150,1048576,1.00000000000000000,-0.000000000,fixed,1,access-plus-rate-deterministic,1,8
2,8,1,8192,1048576,1048576,cycle,8,random,os-getrandom,random-old-and-new-paths,post,151,1048576,1.00000000000000000,-0.000000000,fixed,1,access-plus-rate-deterministic,1,8
2,8,1,8192,1048576,1048576,cycle,8,random,os-getrandom,random-old-and-new-paths,post,152,1048576,1.00000000000000000,-0.000000000,fixed,1,access-plus-rate-deterministic,1,8
2,8,1,8192,1048576,1048576,cycle,8,random,os-getrandom,random-old-and-new-paths,post,153,1048576,1.00000000000000000,-0.000000000,fixed,1,access-plus-rate-deterministic,1,8
2,8,1,8192,1048576,1048576,cycle,8,random,os-getrandom,random-old-and-new-paths,post,154,1048576,1.00000000000000000,-0.000000000,fixed,1,access-plus-rate-deterministic,1,8
2,8,1,8192,1048576,1048576,cycle,8,random,os-getrandom,random-old-and-new-paths,post,155,1048576,1.00000000000000000,-0.000000000,fixed,1,access-plus-rate-deterministic,1,8
2,8,1,8192,1048576,1048576,cycle,8,random,os-getrandom,random-old-and-new-paths,post,156,1048576,1.00000000000000000,-0.000000000,fixed,1,access-plus-rate-deterministic,1,8
2,8,1,8192,1048576,1048576,cycle,8,random,os-getrandom,random-old-and-new-paths,post,157,1048576,1.00000000000000000,-0.000000000,fixed,1,access-plus-rate-deterministic,1,8
2,8,1,8192,1048576,1048576,cycle,8,random,os-getrandom,random-old-and-new-paths,post,158,1048576,1.00000000000000000,-0.000000000,fixed,1,access-plus-rate-deterministic,1,8
2,8,1,8192,1048576,1048576,cycle,8,random,os-getrandom,random-old-and-new-paths,post,159,1048576,1.00000000000000000,-0.000000000,fixed,1,access-plus-rate-deterministic,1,8
2,8,1,8192,1048576,1048576,cycle,8,random,os-getrandom,random-old-and-new-paths,post,160,1048576,1.00000000000000000,-0.000000000,fixed,1,access-plus-rate-deterministic,1,8
2,8,1,8192,1048576,1048576,cycle,8,random,os-getrandom,random-old-and-new-paths,post,161,1048576,1.00000000000000000,-0.000000000,fixed,1,access-plus-rate-deterministic,1,8
2,8,1,8192,1048576,1048576,cycle,8,random,os-getrandom,random-old-and-new-paths,post,162,1048576,1.00000000000000000,-0.000000000,fixed,1,access-plus-rate-deterministic,1,8
2,8,1,8192,1048576,1048576,cycle,8,random,os-getrandom,random-old-and-new-paths,post,163,1048576,1.00000000000000000,-0.000000000,fixed,1,access-plus-rate-deterministic,1,8
2,8,1,8192,1048576,1048576,cycle,8,random,os-getrandom,random-old-and-new-paths,post,164,1048576,1.00000000000000000,-0.000000000,fixed,1,access-plus-rate-deterministic,1,8
2,8,1,8192,1048576,1048576,cycle,8,random,os-getrandom,random-old-and-new-paths,post,165,1048576,1.00000000000000000,-0.000000000,fixed,1,access-plus-rate-deterministic,1,8
2,8,1,8192,1048576,1048576,cycle,8,random,os-getrandom,random-old-and-new-paths,post,166,1048576,1.00000000000000000,-0.000000000,fixed,1,access-plus-rate-deterministic,1,8
2,8,1,8192,1048576,1048576,cycle,8,random,os-getrandom,random-old-and-new-paths,post,167,1048576,1.00000000000000000,-0.000000000,fixed,1,access-plus-rate-deterministic,1,8
2,8,1,8192,1048576,1048576,cycle,8,random,os-getrandom,random-old-and-new-paths,post,168,1048576,1.00000000000000000,-0.000000000,fixed,1,access-plus-rate-deterministic,1,8
2,8,1,8192,1048576,1048576,cycle,8,random,os-getrandom,random-old-and-new-paths,post,169,1048576,1.00000000000000000,-0.000000000,fixed,1,access-plus-rate-deterministic,1,8
2,8,1,8192,1048576,1048576,cycle,8,random,os-getrandom,random-old-and-new-paths,post,170,1048576,1.00000000000000000,-0.000000000,fixed,1,access-plus-rate-deterministic,1,8
2,8,1,8192,1048576,1048576,cycle,8,random,os-getrandom,random-old-and-new-paths,post,171,1048576,1.00000000000000000,-0.000000000,fixed,1,access-plus-rate-deterministic,1,8
2,8,1,8192,1048576,1048576,cycle,8,random,os-getrandom,random-old-and-new-paths,post,172,1048576,1.00000000000000000,-0.000000000,fixed,1,access-plus-rate-deterministic,1,8
2,8,1,8192,1048576,1048576,cycle,8,random,os-getrandom,random-old-and-new-paths,post,173,1048576,1.00000000000000000,-0.000000000,fixed,1,access-plus-rate-deterministic,1,8
2,8,1,8192,1048576,1048576,cycle,8,random,os-getrandom,random-old-and-new-paths,post,174,1048576,1.00000000000000000,-0.000000000,fixed,1,access-plus-rate-deterministic,1,8
2,8,1,8192,1048576,1048576,cycle,8,random,os-getrandom,random-old-and-new-paths,post,175,1048576,1.00000000000000000,-0.000000000,fixed,1,access-plus-rate-deterministic,1,8
2,8,1,8192,1048576,1048576,cycle,8,random,os-getrandom,random-old-and-new-paths,post,176,1048576,1.00000000000000000,-0.000000000,fixed,1,access-plus-rate-deterministic,1,8
2,8,1,8192,1048576,1048576,cycle,8,random,os-getrandom,random-old-and-new-paths,post,177,1048576,1.00000000000000000,-0.000000000,fixed,1,access-plus-rate-deterministic,1,8
2,8,1,8192,1048576,1048576,cycle,8,random,os-getrandom,random-old-and-new-paths,post,178,1048576,1.00000000000000000,-0.000000000,fixed,1,access-plus-rate-deterministic,1,8
2,8,1,8192,1048576,1048576,cycle,8,random,os-getrandom,random-old-and-new-paths,post,179,1048576,1.00000000000000000,-0.000000000,fixed,1,access-plus-rate-deterministic,1,8
2,8,1,8192,1048576,1048576,cycle,8,random,os-getrandom,random-old-and-new-paths,post,180,1048576,1.00000000000000000,-0.000000000,fixed,1,access-plus-rate-deterministic,1,8
2,8,1,8192,1048576,1048576,cycle,8,random,os-getrandom,random-old-and-new-paths,post,181,1048576,1.00000000000000000,-0.000000000,fixed,1,access-plus-rate-deterministic,1,8
2,8,1,8192,1048576,1048576,cycle,8,random,os-getrandom,random-old-and-new-paths,post,182,1048576,1.00000000000000000,-0.000000000,fixed,1,access-plus-rate-deterministic,1,8
2,8,1,8192,1048576,1048576,cycle,8,random,os-getrandom,random-old-and-new-paths,post,183,1048576,1.00000000000000000,-0.000000000,fixed,1,access-plus-rate-deterministic,1,8
2,8,1,8192,1048576,1048576,cycle,8,random,os-getrandom,random-old-and-new-paths,post,184,1048576,1.00000000000000000,-0.000000000,fixed,1,access-plus-rate-deterministic,1,8
2,8,1,8192,1048576,1048576,cycle,8,random,os-getrandom,random-old-and-new-paths,post,185,1048576,1.00000000000000000,-0.000000000,fixed,1,access-plus-rate-deterministic,1,8
2,8,1,8192,1048576,1048576,cycle,8,random,os-getrandom,random-old-and-new-paths,post,186,1048576,1.00000000000000000,-0.000000000,fixed,1,access-plus-rate-deterministic,1,8
2,8,1,8192,1048576,1048576,cycle,8,random,os-getrandom,random-old-and-new-paths,post,187,1048576,1.00000000000000000,-0.000000000,fixed,1,access-plus-rate-deterministic,1,8
2,8,1,8192,1048576,1048576,cycle,8,random,os-getrandom,random-old-and-new-paths,post,188,1048576,1.00000000000000000,-0.000000000,fixed,1,access-plus-rate-deterministic,1,8
2,8,1,8192,1048576,1048576,cycle,8,random,os-getrandom,random-old-and-new-paths,post,189,1048576,1.00000000000000000,-0.000000000,fixed,1,access-plus-rate-deterministic,1,8
2,8,1,8192,1048576,1048576,cycle,8,random,os-getrandom,random-old-and-new-paths,post,190,1048576,1.00000000000000000,-0.000000000,fixed,1,access-plus-rate-deterministic,1,8
2,8,1,8192,1048576,1048576,cycle,8,random,os-getrandom,random-old-and-new-paths,post,191,1048576,1.00000000000000000,-0.000000000,fixed,1,access-plus-rate-deterministic,1,8
2,8,1,8192,1048576,1048576,cycle,8,random,os-getrandom,random-old-and-new-paths,post,192,1048576,1.00000000000000000,-0.000000000,fixed,1,access-plus-rate-deterministic,1,8
2,8,1,8192,1048576,1048576,cycle,8,random,os-getrandom,random-old-and-new-paths,post,193,1048576,1.00000000000000000,-0.000000000,fixed,1,access-plus-rate-deterministic,1,8
2,8,1,8192,1048576,1048576,cycle,8,random,os-getrandom,random-old-and-new-paths,post,194,1048576,1.00000000000000000,-0.000000000,fixed,1,access-plus-rate-deterministic,1,8
2,8,1,8192,1048576,1048576,cycle,8,random,os-getrandom,random-old-and-new-paths,post,195,1048576,1.00000000000000000,-0.000000000,fixed,1,access-plus-rate-deterministic,1,8
2,8,1,8192,1048576,1048576,cycle,8,random,os-getrandom,random-old-and-new-paths,post,196,1048576,1.00000000000000000,-0.000000000,fixed,1,access-plus-rate-deterministic,1,8
2,8,1,8192,1048576,1048576,cycle,8,random,os-getrandom,random-old-and-new-paths,post,197,1048576,1.00000000000000000,-0.000000000,fixed,1,access-plus-rate-deterministic,1,8
2,8,1,8192,1048576,1048576,cycle,8,random,os-getrandom,random-old-and-new-paths,post,198,1048576,1.00000000000000000,-0.000000000,fixed,1,access-plus-rate-deterministic,1,8
2,8,1,8192,1048576,1048576,cycle,8,random,os-getrandom,random-old-and-new-paths,post,199,1048576,1.00000000000000000,-0.000000000,fixed,1,access-plus-rate-deterministic,1,8
2,8,1,8192,1048576,1048576,cycle,8,random,os-getrandom,random-old-and-new-paths,post,200,1048576,1.00000000000000000,-0.000000000,fixed,1,access-plus-rate-deterministic,1,8
2,8,1,8192,1048576,1048576,cycle,8,random,os-getrandom,random-old-and-new-paths,post,201,1048576,1.00000000000000000,-0.000000000,fixed,1,access-plus-rate-deterministic,1,8
2,8,1,8192,1048576,1048576,cycle,8,random,os-getrandom,random-old-and-new-paths,post,202,1048576,1.00000000000000000,-0.000000000,fixed,1,access-plus-rate-deterministic,1,8
2,8,1,8192,1048576,1048576,cycle,8,random,os-getrandom,random-old-and-new-paths,post,203,1048576,1.00000000000000000,-0.000000000,fixed,1,access-plus-rate-deterministic,1,8
2,8,1,8192,1048576,1048576,cycle,8,random,os-getrandom,random-old-and-new-paths,post,204,1048576,1.00000000000000000,-0.000000000,fixed,1,access-plus-rate-deterministic,1,8
2,8,1,8192,1048576,1048576,cycle,8,random,os-getrandom,random-old-and-new-paths,post,205,1048576,1.00000000000000000,-0.000000000,fixed,1,access-plus-rate-deterministic,1,8
2,8,1,8192,1048576,1048576,cycle,8,random,os-getrandom,random-old-and-new-paths,post,206,1048576,1.00000000000000000,-0.000000000,fixed,1,access-plus-rate-deterministic,1,8
2,8,1,8192,1048576,1048576,cycle,8,random,os-getrandom,random-old-and-new-paths,post,207,1048576,1.00000000000000000,-0.000000000,fixed,1,access-plus-rate-deterministic,1,8
2,8,1,8192,1048576,1048576,cycle,8,random,os-getrandom,random-old-and-new-paths,post,208,1048576,1.00000000000000000,-0.000000000,fixed,1,access-plus-rate-deterministic,1,8
2,8,1,8192,1048576,1048576,cycle,8,random,os-getrandom,random-old-and-new-paths,post,209,1048576,1.00000000000000000,-0.000000000,fixed,1,access-plus-rate-deterministic,1,8
2,8,1,8192,1048576,1048576,cycle,8,random,os-getrandom,random-old-and-new-paths,post,210,1048576,1.00000000000000000,-0.000000000,fixed,1,access-plus-rate-deterministic,1,8
2,8,1,8192,1048576,1048576,cycle,8,random,os-getrandom,random-old-and-new-paths,post,211,1048576,1.00000000000000000,-0.000000000,fixed,1,access-plus-rate-deterministic,1,8
2,8,1,8192,1048576,1048576,cycle,8,random,os-getrandom,random-old-and-new-paths,post,212,1048576,1.00000000000000000,-0.000000000,fixed,1,access-plus-rate-deterministic,1,8
2,8,1,8192,1048576,1048576,cycle,8,random,os-getrandom,random-old-and-new-paths,post,213,1048576,1.00000000000000000,-0.000000000,fixed,1,access-plus-rate-deterministic,1,8
2,8,1,8192,1048576,1048576,cycle,8,random,os-getrandom,random-old-and-new-paths,post,214,1048576,1.00000000000000000,-0.000000000,fixed,1,access-plus-rate-deterministic,1,8
2,8,1,8192,1048576,1048576,cycle,8,random,os-getrandom,random-old-and-new-paths,post,215,1048576,1.00000000000000000,-0.000000000,fixed,1,access-plus-rate-deterministic,1,8
2,8,1,8192,1048576,1048576,cycle,8,random,os-getrandom,random-old-and-new-paths,post,216,1048576,1.00000000000000000,-0.000000000,fixed,1,access-plus-rate-deterministic,1,8
2,8,1,8192,1048576,1048576,cycle,8,random,os-getrandom,random-old-and-new-paths,post,217,1048576,1.00000000000000000,-0.000000000,fixed,1,access-plus-rate-deterministic,1,8
2,8,1,8192,1048576,1048576,cycle,8,random,os-getrandom,random-old-and-new-paths,post,218,1048576,1.00000000000000000,-0.000000000,fixed,1,access-plus-rate-deterministic,1,8
2,8,1,8192,1048576,1048576,cycle,8,random,os-getrandom,random-old-and-new-paths,post,219,1048576,1.00000000000000000,-0.000000000,fixed,1,access-plus-rate-deterministic,1,8
2,8,1,8192,1048576,1048576,cycle,8,random,os-getrandom,random-old-and-new-paths,post,220,1048576,1.00000000000000000,-0.000000000,fixed,1,access-plus-rate-deterministic,1,8
2,8,1,8192,1048576,1048576,cycle,8,random,os-getrandom,random-old-and-new-paths,post,221,1048576,1.00000000000000000,-0.000000000,fixed,1,access-plus-rate-deterministic,1,8
2,8,1,8192,1048576,1048576,cycle,8,random,os-getrandom,random-old-and-new-paths,post,222,1048576,1.00000000000000000,-0.000000000,fixed,1,access-plus-rate-deterministic,1,8
2,8,1,8192,1048576,1048576,cycle,8,random,os-getrandom,random-old-and-new-paths,post,223,1048576,1.00000000000000000,-0.000000000,fixed,1,access-plus-rate-deterministic,1,8
2,8,1,8192,1048576,1048576,cycle,8,random,os-getrandom,random-old-and-new-paths,post,224,1048576,1.00000000000000000,-0.000000000,fixed,1,access-plus-rate-deterministic,1,8
2,8,1,8192,1048576,1048576,cycle,8,random,os-getrandom,random-old-and-new-paths,post,225,1048576,1.00000000000000000,-0.000000000,fixed,1,access-plus-rate-deterministic,1,8
2,8,1,8192,1048576,1048576,cycle,8,random,os-getrandom,random-old-and-new-paths,post,226,1048576,1.00000000000000000,-0.000000000,fixed,1,access-plus-rate-deterministic,1,8
2,8,1,8192,1048576,1048576,cycle,8,random,os-getrandom,random-old-and-new-paths,post,227,1048576,1.00000000000000000,-0.000000000,fixed,1,access-plus-rate-deterministic,1,8
2,8,1,8192,1048576,1048576,cycle,8,random,os-getrandom,random-old-and-new-paths,post,228,1048576,1.00000000000000000,-0.000000000,fixed,1,access-plus-rate-deterministic,1,8
2,8,1,8192,1048576,1048576,cycle,8,random,os-getrandom,random-old-and-new-paths,post,229,1048576,1.00000000000000000,-0.000000000,fixed,1,access-plus-rate-deterministic,1,8
2,8,1,8192,1048576,1048576,cycle,8,random,os-getrandom,random-old-and-new-paths,post,230,1048576,1.00000000000000000,-0.000000000,fixed,1,access-plus-rate-deterministic,1,8
2,8,1,8192,1048576,1048576,cycle,8,random,os-getrandom,random-old-and-new-paths,post,231,1048576,1.00000000000000000,-0.000000000,fixed,1,access-plus-rate-deterministic,1,8
2,8,1,8192,1048576,1048576,cycle,8,random,os-getrandom,random-old-and-new-paths,post,232,1048576,1.00000000000000000,-0.000000000,fixed,1,access-plus-rate-deterministic,1,8
2,8,1,8192,1048576,1048576,cycle,8,random,os-getrandom,random-old-and-new-paths,post,233,1048576,1.00000000000000000,-0.000000000,fixed,1,access-plus-rate-deterministic,1,8
2,8,1,8192,1048576,1048576,cycle,8,random,os-getrandom,random-old-and-new-paths,post,234,1048576,1.00000000000000000,-0.000000000,fixed,1,access-plus-rate-deterministic,1,8
2,8,1,8192,1048576,1048576,cycle,8,random,os-getrandom,random-old-and-new-paths,post,235,1048576,1.00000000000000000,-0.000000000,fixed,1,access-plus-rate-deterministic,1,8
2,8,1,8192,1048576,1048576,cycle,8,random,os-getrandom,random-old-and-new-paths,post,236,1048576,1.00000000000000000,-0.000000000,fixed,1,access-plus-rate-deterministic,1,8
2,8,1,8192,1048576,1048576,cycle,8,random,os-getrandom,random-old-and-new-paths,post,237,1048576,1.00000000000000000,-0.000000000,fixed,1,access-plus-rate-deterministic,1,8
2,8,1,8192,1048576,1048576,cycle,8,random,os-getrandom,random-old-and-new-paths,post,238,1048576,1.00000000000000000,-0.000000000,fixed,1,access-plus-rate-deterministic,1,8
2,8,1,8192,1048576,1048576,cycle,8,random,os-getrandom,random-old-and-new-paths,post,239,1048576,1.00000000000000000,-0.000000000,fixed,1,access-plus-rate-deterministic,1,8
2,8,1,8192,1048576,1048576,cycle,8,random,os-getrandom,random-old-and-new-paths,post,240,1048576,1.00000000000000000,-0.000000000,fixed,1,access-plus-rate-deterministic,1,8
2,8,1,8192,1048576,1048576,cycle,8,random,os-getrandom,random-old-and-new-paths,post,241,1048576,1.00000000000000000,-0.000000000,fixed,1,access-plus-rate-deterministic,1,8
2,8,1,8192,1048576,1048576,cycle,8,random,os-getrandom,random-old-and-new-paths,post,242,1048576,1.00000000000000000,-0.000000000,fixed,1,access-plus-rate-deterministic,1,8
2,8,1,8192,1048576,1048576,cycle,8,random,os-getrandom,random-old-and-new-paths,post,243,1048576,1.00000000000000000,-0.000000000,fixed,1,access-plus-rate-deterministic,1,8
2,8,1,8192,1048576,1048576,cycle,8,random,os-getrandom,random-old-and-new-paths,post,244,1048576,1.00000000000000000,-0.000000000,fixed,1,access-plus-rate-deterministic,1,8
2,8,1,8192,1048576,1048576,cycle,8,random,os-getrandom,random-old-and-new-paths,post,245,1048576,1.00000000000000000,-0.000000000,fixed,1,access-plus-rate-deterministic,1,8
2,8,1,8192,1048576,1048576,cycle,8,random,os-getrandom,random-old-and-new-paths,post,246,1048576,1.00000000000000000,-0.000000000,fixed,1,access-plus-rate-deterministic,1,8
2,8,1,8192,1048576,1048576,cycle,8,random,os-getrandom,random-old-and-new-paths,post,247,1048576,1.00000000000000000,-0.000000000,fixed,1,access-plus-rate-deterministic,1,8
2,8,1,8192,1048576,1048576,cycle,8,random,os-getrandom,random-old-and-new-paths,post,248,1048576,1.00000000000000000,-0.000000000,fixed,1,access-plus-rate-deterministic,1,8
2,8,1,8192,1048576,1048576,cycle,8,random,os-getrandom,random-old-and-new-paths,post,249,1048576,1.00000000000000000,-0.000000000,fixed,1,access-plus-rate-deterministic,1,8
2,8,1,8192,1048576,1048576,cycle,8,random,os-getrandom,random-old-and-new-paths,post,250,1048576,1.00000000000000000,-0.000000000,fixed,1,access-plus-rate-deterministic,1,8
2,8,1,8192,1048576,1048576,cycle,8,random,os-getrandom,random-old-and-new-paths,post,251,1048576,1.00000000000000000,-0.000000000,fixed,1,access-plus-rate-deterministic,1,8
2,8,1,8192,1048576,1048576,cycle,8,random,os-getrandom,random-old-and-new-paths,post,252,1048576,1.00000000000000000,-0.000000000,fixed,1,access-plus-rate-deterministic,1,8
2,8,1,8192,1048576,1048576,cycle,8,random,os-getrandom,random-old-and-new-paths,post,253,1048576,1.00000000000000000,-0.000000000,fixed,1,access-plus-rate-deterministic,1,8
2,8,1,8192,1048576,1048576,cycle,8,random,os-getrandom,random-old-and-new-paths,post,254,1048576,1.00000000000000000,-0.000000000,fixed,1,access-plus-rate-deterministic,1,8
2,8,1,8192,1048576,1048576,cycle,8,random,os-getrandom,random-old-and-new-paths,post,255,1048576,1.00000000000000000,-0.000000000,fixed,1,access-plus-rate-deterministic,1,8
2,8,1,8192,1048576,1048576,cycle,8,random,os-getrandom,random-old-and-new-paths,post,256,1048576,1.00000000000000000,-0.000000000,fixed,1,access-plus-rate-deterministic,1,8
2,8,1,8192,1048576,1048576,cycle,8,random,os-getrandom,random-old-and-new-paths,post,257,1048576,1.00000000000000000,-0.000000000,fixed,1,access-plus-rate-deterministic,1,8
2,8,1,8192,1048576,1048576,cycle,8,random,os-getrandom,random-old-and-new-paths,post,258,1048576,1.00000000000000000,-0.000000000,fixed,1,access-plus-rate-deterministic,1,8
2,8,1,8192,1048576,1048576,cycle,8,random,os-getrandom,random-old-and-new-paths,post,259,1048576,1.00000000000000000,-0.000000000,fixed,1,access-plus-rate-deterministic,1,8
2,8,1,8192,1048576,1048576,cycle,8,random,os-getrandom,random-old-and-new-paths,post,260,1048576,1.00000000000000000,-0.000000000,fixed,1,access-plus-rate-deterministic,1,8
2,8,1,8192,1048576,1048576,cycle,8,random,os-getrandom,random-old-and-new-paths,post,261,1048576,1.00000000000000000,-0.000000000,fixed,1,access-plus-rate-deterministic,1,8
2,8,1,8192,1048576,1048576,cycle,8,random,os-getrandom,random-old-and-new-paths,post,262,1048576,1.00000000000000000,-0.000000000,fixed,1,access-plus-rate-deterministic,1,8
2,8,1,8192,1048576,1048576,cycle,8,random,os-getrandom,random-old-and-new-paths,post,263,1048576,1.00000000000000000,-0.000000000,fixed,1,access-plus-rate-deterministic,1,8
2,8,1,8192,1048576,1048576,cycle,8,random,os-getrandom,random-old-and-new-paths,post,264,1048576,1.00000000000000000,-0.000000000,fixed,1,access-plus-rate-deterministic,1,8
2,8,1,8192,1048576,1048576,cycle,8,random,os-getrandom,random-old-and-new-paths,post,265,1048576,1.00000000000000000,-0.000000000,fixed,1,access-plus-rate-deterministic,1,8
2,8,1,8192,1048576,1048576,cycle,8,random,os-getrandom,random-old-and-new-paths,post,266,1048576,1.00000000000000000,-0.000000000,fixed,1,access-plus-rate-deterministic,1,8
2,8,1,8192,1048576,1048576,cycle,8,random,os-getrandom,random-old-and-new-paths,post,267,1048576,1.00000000000000000,-0.000000000,fixed,1,access-plus-rate-deterministic,1,8
2,8,1,8192,1048576,1048576,cycle,8,random,os-getrandom,random-old-and-new-paths,post,268,1048576,1.00000000000000000,-0.000000000,fixed,1,access-plus-rate-deterministic,1,8
2,8,1,8192,1048576,1048576,cycle,8,random,os-getrandom,random-old-and-new-paths,post,269,1048576,1.00000000000000000,-0.000000000,fixed,1,access-plus-rate-deterministic,1,8
2,8,1,8192,1048576,1048576,cycle,8,random,os-getrandom,random-old-and-new-paths,post,270,1048576,1.00000000000000000,-0.000000000,fixed,1,access-plus-rate-deterministic,1,8
2,8,1,8192,1048576,1048576,cycle,8,random,os-getrandom,random-old-and-new-paths,post,271,1048576,1.00000000000000000,-0.000000000,fixed,1,access-plus-rate-deterministic,1,8
2,8,1,8192,1048576,1048576,cycle,8,random,os-getrandom,random-old-and-new-paths,post,272,1048576,1.00000000000000000,-0.000000000,fixed,1,access-plus-rate-deterministic,1,8
2,8,1,8192,1048576,1048576,cycle,8,random,os-getrandom,random-old-and-new-paths,post,273,1048576,1.00000000000000000,-0.000000000,fixed,1,access-plus-rate-deterministic,1,8
2,8,1,8192,1048576,1048576,cycle,8,random,os-getrandom,random-old-and-new-paths,post,274,1048576,1.00000000000000000,-0.000000000,fixed,1,access-plus-rate-deterministic,1,8
2,8,1,8192,1048576,1048576,cycle,8,random,os-getrandom,random-old-and-new-paths,post,275,1048576,1.00000000000000000,-0.000000000,fixed,1,access-plus-rate-deterministic,1,8
2,8,1,8192,1048576,1048576,cycle,8,random,os-getrandom,random-old-and-new-paths,post,276,1048576,1.00000000000000000,-0.000000000,fixed,1,access-plus-rate-deterministic,1,8
2,8,1,8192,1048576,1048576,cycle,8,random,os-getrandom,random-old-and-new-paths,post,277,1048576,1.00000000000000000,-0.000000000,fixed,1,access-plus-rate-deterministic,1,8
2,8,1,8192,1048576,1048576,cycle,8,random,os-getrandom,random-old-and-new-paths,post,278,1048576,1.00000000000000000,-0.000000000,fixed,1,access-plus-rate-deterministic,1,8
2,8,1,8192,1048576,1048576,cycle,8,random,os-getrandom,random-old-and-new-paths,post,279,1048576,1.00000000000000000,-0.000000000,fixed,1,access-plus-rate-deterministic,1,8
2,8,1,8192,1048576,1048576,cycle,8,random,os-getrandom,random-old-and-new-paths,post,280,1048576,1.00000000000000000,-0.000000000,fixed,1,access-plus-rate-deterministic,1,8
2,8,1,8192,1048576,1048576,cycle,8,random,os-getrandom,random-old-and-new-paths,post,281,1048576,1.00000000000000000,-0.000000000,fixed,1,access-plus-rate-deterministic,1,8
2,8,1,8192,1048576,1048576,cycle,8,random,os-getrandom,random-old-and-new-paths,post,282,1048576,1.00000000000000000,-0.000000000,fixed,1,access-plus-rate-deterministic,1,8
2,8,1,8192,1048576,1048576,cycle,8,random,os-getrandom,random-old-and-new-paths,post,283,1048576,1.00000000000000000,-0.000000000,fixed,1,access-plus-rate-deterministic,1,8
2,8,1,8192,1048576,1048576,cycle,8,random,os-getrandom,random-old-and-new-paths,post,284,1048576,1.00000000000000000,-0.000000000,fixed,1,access-plus-rate-deterministic,1,8
2,8,1,8192,1048576,1048576,cycle,8,random,os-getrandom,random-old-and-new-paths,post,285,1048576,1.00000000000000000,-0.000000000,fixed,1,access-plus-rate-deterministic,1,8
2,8,1,8192,1048576,1048576,cycle,8,random,os-getrandom,random-old-and-new-paths,post,286,1048576,1.00000000000000000,-0.000000000,fixed,1,access-plus-rate-deterministic,1,8
2,8,1,8192,1048576,1048576,cycle,8,random,os-getrandom,random-old-and-new-paths,post,287,1048576,1.00000000000000000,-0.000000000,fixed,1,access-plus-rate-deterministic,1,8
2,8,1,8192,1048576,1048576,cycle,8,random,os-getrandom,random-old-and-new-paths,post,288,1048576,1.00000000000000000,-0.000000000,fixed,1,access-plus-rate-deterministic,1,8
2,8,1,8192,1048576,1048576,cycle,8,random,os-getrandom,random-old-and-new-paths,post,289,1048576,1.00000000000000000,-0.000000000,fixed,1,access-plus-rate-deterministic,1,8
2,8,1,8192,1048576,1048576,cycle,8,random,os-getrandom,random-old-and-new-paths,post,290,1048576,1.00000000000000000,-0.000000000,fixed,1,access-plus-rate-deterministic,1,8
2,8,1,8192,1048576,1048576,cycle,8,random,os-getrandom,random-old-and-new-paths,post,291,1048576,1.00000000000000000,-0.000000000,fixed,1,access-plus-rate-deterministic,1,8
2,8,1,8192,1048576,1048576,cycle,8,random,os-getrandom,random-old-and-new-paths,post,292,1048576,1.00000000000000000,-0.000000000,fixed,1,access-plus-rate-deterministic,1,8
2,8,1,8192,1048576,1048576,cycle,8,random,os-getrandom,random-old-and-new-paths,post,293,1048576,1.00000000000000000,-0.000000000,fixed,1,access-plus-rate-deterministic,1,8
2,8,1,8192,1048576,1048576,cycle,8,random,os-getrandom,random-old-and-new-paths,post,294,1048576,1.00000000000000000,-0.000000000,fixed,1,access-plus-rate-deterministic,1,8
2,8,1,8192,1048576,1048576,cycle,8,random,os-getrandom,random-old-and-new-paths,post,295,1048576,1.00000000000000000,-0.000000000,fixed,1,access-plus-rate-deterministic,1,8
2,8,1,8192,1048576,1048576,cycle,8,random,os-getrandom,random-old-and-new-paths,post,296,1048576,1.00000000000000000,-0.000000000,fixed,1,access-plus-rate-deterministic,1,8
2,8,1,8192,1048576,1048576,cycle,8,random,os-getrandom,random-old-and-new-paths,post,297,1048576,1.00000000000000000,-0.000000000,fixed,1,access-plus-rate-deterministic,1,8
2,8,1,8192,1048576,1048576,cycle,8,random,os-getrandom,random-old-and-new-paths,post,298,1048576,1.00000000000000000,-0.000000000,fixed,1,access-plus-rate-deterministic,1,8
2,8,1,8192,1048576,1048576,cycle,8,random,os-getrandom,random-old-and-new-paths,post,299,1048576,1.00000000000000000,-0.000000000,fixed,1,access-plus-rate-deterministic,1,8
2,8,1,8192,1048576,1048576,cycle,8,random,os-getrandom,random-old-and-new-paths,post,300,1048576,1.00000000000000000,-0.000000000,fixed,1,access-plus-rate-deterministic,1,8
2,8,1,8192,1048576,1048576,cycle,8,random,os-getrandom,random-old-and-new-paths,post,301,1048576,1.00000000000000000,-0.000000000,fixed,1,access-plus-rate-deterministic,1,8
2,8,1,8192,1048576,1048576,cycle,8,random,os-getrandom,random-old-and-new-paths,post,302,1048576,1.00000000000000000,-0.000000000,fixed,1,access-plus-rate-deterministic,1,8
2,8,1,8192,1048576,1048576,cycle,8,random,os-getrandom,random-old-and-new-paths,post,303,1048576,1.00000000000000000,-0.000000000,fixed,1,access-plus-rate-deterministic,1,8
2,8,1,8192,1048576,1048576,cycle,8,random,os-getrandom,random-old-and-new-paths,post,304,1048576,1.00000000000000000,-0.000000000,fixed,1,access-plus-rate-deterministic,1,8
2,8,1,8192,1048576,1048576,cycle,8,random,os-getrandom,random-old-and-new-paths,post,305,1048576,1.00000000000000000,-0.000000000,fixed,1,access-plus-rate-deterministic,1,8
2,8,1,8192,1048576,1048576,cycle,8,random,os-getrandom,random-old-and-new-paths,post,306,1048576,1.00000000000000000,-0.000000000,fixed,1,access-plus-rate-deterministic,1,8
2,8,1,8192,1048576,1048576,cycle,8,random,os-getrandom,random-old-and-new-paths,post,307,1048576,1.00000000000000000,-0.000000000,fixed,1,access-plus-rate-deterministic,1,8
2,8,1,8192,1048576,1048576,cycle,8,random,os-getrandom,random-old-and-new-paths,post,308,1048576,1.00000000000000000,-0.000000000,fixed,1,access-plus-rate-deterministic,1,8
2,8,1,8192,1048576,1048576,cycle,8,random,os-getrandom,random-old-and-new-paths,post,309,1048576,1.00000000000000000,-0.000000000,fixed,1,access-plus-rate-deterministic,1,8
2,8,1,8192,1048576,1048576,cycle,8,random,os-getrandom,random-old-and-new-paths,post,310,1048576,1.00000000000000000,-0.000000000,fixed,1,access-plus-rate-deterministic,1,8
2,8,1,8192,1048576,1048576,cycle,8,random,os-getrandom,random-old-and-new-paths,post,311,1048576,1.00000000000000000,-0.000000000,fixed,1,access-plus-rate-deterministic,1,8
2,8,1,8192,1048576,1048576,cycle,8,random,os-getrandom,random-old-and-new-paths,post,312,1048576,1.00000000000000000,-0.000000000,fixed,1,access-plus-rate-deterministic,1,8
2,8,1,8192,1048576,1048576,cycle,8,random,os-getrandom,random-old-and-new-paths,post,313,1048576,1.00000000000000000,-0.000000000,fixed,1,access-plus-rate-deterministic,1,8
2,8,1,8192,1048576,1048576,cycle,8,random,os-getrandom,random-old-and-new-paths,post,314,1048576,1.00000000000000000,-0.000000000,fixed,1,access-plus-rate-deterministic,1,8
2,8,1,8192,1048576,1048576,cycle,8,random,os-getrandom,random-old-and-new-paths,post,315,1048576,1.00000000000000000,-0.000000000,fixed,1,access-plus-rate-deterministic,1,8
2,8,1,8192,1048576,1048576,cycle,8,random,os-getrandom,random-old-and-new-paths,post,316,1048576,1.00000000000000000,-0.000000000,fixed,1,access-plus-rate-deterministic,1,8
2,8,1,8192,1048576,1048576,cycle,8,random,os-getrandom,random-old-and-new-paths,post,317,1048576,1.00000000000000000,-0.000000000,fixed,1,access-plus-rate-deterministic,1,8
2,8,1,8192,1048576,1048576,cycle,8,random,os-getrandom,random-old-and-new-paths,post,318,1048576,1.00000000000000000,-0.000000000,fixed,1,access-plus-rate-deterministic,1,8
2,8,1,8192,1048576,1048576,cycle,8,random,os-getrandom,random-old-and-new-paths,post,319,1048576,1.00000000000000000,-0.000000000,fixed,1,access-plus-rate-deterministic,1,8
2,8,1,8192,1048576,1048576,cycle,8,random,os-getrandom,random-old-and-new-paths,post,320,1048576,1.00000000000000000,-0.000000000,fixed,1,access-plus-rate-deterministic,1,8
2,8,1,8192,1048576,1048576,cycle,8,random,os-getrandom,random-old-and-new-paths,post,321,1048576,1.00000000000000000,-0.000000000,fixed,1,access-plus-rate-deterministic,1,8
2,8,1,8192,1048576,1048576,cycle,8,random,os-getrandom,random-old-and-new-paths,post,322,1048576,1.00000000000000000,-0.000000000,fixed,1,access-plus-rate-deterministic,1,8
2,8,1,8192,1048576,1048576,cycle,8,random,os-getrandom,random-old-and-new-paths,post,323,1048576,1.00000000000000000,-0.000000000,fixed,1,access-plus-rate-deterministic,1,8
2,8,1,8192,1048576,1048576,cycle,8,random,os-getrandom,random-old-and-new-paths,post,324,1048576,1.00000000000000000,-0.000000000,fixed,1,access-plus-rate-deterministic,1,8
2,8,1,8192,1048576,1048576,cycle,8,random,os-getrandom,random-old-and-new-paths,post,325,1048576,1.00000000000000000,-0.000000000,fixed,1,access-plus-rate-deterministic,1,8
2,8,1,8192,1048576,1048576,cycle,8,random,os-getrandom,random-old-and-new-paths,post,326,1048576,1.00000000000000000,-0.000000000,fixed,1,access-plus-rate-deterministic,1,8
2,8,1,8192,1048576,1048576,cycle,8,random,os-getrandom,random-old-and-new-paths,post,327,1048576,1.00000000000000000,-0.000000000,fixed,1,access-plus-rate-deterministic,1,8
2,8,1,8192,1048576,1048576,cycle,8,random,os-getrandom,random-old-and-new-paths,post,328,1048576,1.00000000000000000,-0.000000000,fixed,1,access-plus-rate-deterministic,1,8
2,8,1,8192,1048576,1048576,cycle,8,random,os-getrandom,random-old-and-new-paths,post,329,1048576,1.00000000000000000,-0.000000000,fixed,1,access-plus-rate-deterministic,1,8
2,8,1,8192,1048576,1048576,cycle,8,random,os-getrandom,random-old-and-new-paths,post,330,1048576,1.00000000000000000,-0.000000000,fixed,1,access-plus-rate-deterministic,1,8
2,8,1,8192,1048576,1048576,cycle,8,random,os-getrandom,random-old-and-new-paths,post,331,1048576,1.00000000000000000,-0.000000000,fixed,1,access-plus-rate-deterministic,1,8
2,8,1,8192,1048576,1048576,cycle,8,random,os-getrandom,random-old-and-new-paths,post,332,1048576,1.00000000000000000,-0.000000000,fixed,1,access-plus-rate-deterministic,1,8
2,8,1,8192,1048576,1048576,cycle,8,random,os-getrandom,random-old-and-new-paths,post,333,1048576,1.00000000000000000,-0.000000000,fixed,1,access-plus-rate-deterministic,1,8
2,8,1,8192,1048576,1048576,cycle,8,random,os-getrandom,random-old-and-new-paths,post,334,1048576,1.00000000000000000,-0.000000000,fixed,1,access-plus-rate-deterministic,1,8
2,8,1,8192,1048576,1048576,cycle,8,random,os-getrandom,random-old-and-new-paths,post,335,1048576,1.00000000000000000,-0.000000000,fixed,1,access-plus-rate-deterministic,1,8
2,8,1,8192,1048576,1048576,cycle,8,random,os-getrandom,random-old-and-new-paths,post,336,1048576,1.00000000000000000,-0.000000000,fixed,1,access-plus-rate-deterministic,1,8
2,8,1,8192,1048576,1048576,cycle,8,random,os-getrandom,random-old-and-new-paths,post,337,1048576,1.00000000000000000,-0.000000000,fixed,1,access-plus-rate-deterministic,1,8
2,8,1,8192,1048576,1048576,cycle,8,random,os-getrandom,random-old-and-new-paths,post,338,1048576,1.00000000000000000,-0.000000000,fixed,1,access-plus-rate-deterministic,1,8
2,8,1,8192,1048576,1048576,cycle,8,random,os-getrandom,random-old-and-new-paths,post,339,1048576,1.00000000000000000,-0.000000000,fixed,1,access-plus-rate-deterministic,1,8
2,8,1,8192,1048576,1048576,cycle,8,random,os-getrandom,random-old-and-new-paths,post,340,1048576,1.00000000000000000,-0.000000000,fixed,1,access-plus-rate-deterministic,1,8
2,8,1,8192,1048576,1048576,cycle,8,random,os-getrandom,random-old-and-new-paths,post,341,1048576,1.00000000000000000,-0.000000000,fixed,1,access-plus-rate-deterministic,1,8
2,8,1,8192,1048576,1048576,cycle,8,random,os-getrandom,random-old-and-new-paths,post,342,1048576,1.00000000000000000,-0.000000000,fixed,1,access-plus-rate-deterministic,1,8
2,8,1,8192,1048576,1048576,cycle,8,random,os-getrandom,random-old-and-new-paths,post,343,1048576,1.00000000000000000,-0.000000000,fixed,1,access-plus-rate-deterministic,1,8
2,8,1,8192,1048576,1048576,cycle,8,random,os-getrandom,random-old-and-new-paths,post,344,1048576,1.00000000000000000,-0.000000000,fixed,1,access-plus-rate-deterministic,1,8
2,8,1,8192,1048576,1048576,cycle,8,random,os-getrandom,random-old-and-new-paths,post,345,1048576,1.00000000000000000,-0.000000000,fixed,1,access-plus-rate-deterministic,1,8
2,8,1,8192,1048576,1048576,cycle,8,random,os-getrandom,random-old-and-new-paths,post,346,1048576,1.00000000000000000,-0.000000000,fixed,1,access-plus-rate-deterministic,1,8
2,8,1,8192,1048576,1048576,cycle,8,random,os-getrandom,random-old-and-new-paths,post,347,1048576,1.00000000000000000,-0.000000000,fixed,1,access-plus-rate-deterministic,1,8
2,8,1,8192,1048576,1048576,cycle,8,random,os-getrandom,random-old-and-new-paths,post,348,1048576,1.00000000000000000,-0.000000000,fixed,1,access-plus-rate-deterministic,1,8
2,8,1,8192,1048576,1048576,cycle,8,random,os-getrandom,random-old-and-new-paths,post,349,1048576,1.00000000000000000,-0.000000000,fixed,1,access-plus-rate-deterministic,1,8
2,8,1,8192,1048576,1048576,cycle,8,random,os-getrandom,random-old-and-new-paths,post,350,1048576,1.00000000000000000,-0.000000000,fixed,1,access-plus-rate-deterministic,1,8
2,8,1,8192,1048576,1048576,cycle,8,random,os-getrandom,random-old-and-new-paths,post,351,1048576,1.00000000000000000,-0.000000000,fixed,1,access-plus-rate-deterministic,1,8
2,8,1,8192,1048576,1048576,cycle,8,random,os-getrandom,random-old-and-new-paths,post,352,1048576,1.00000000000000000,-0.000000000,fixed,1,access-plus-rate-deterministic,1,8
2,8,1,8192,1048576,1048576,cycle,8,random,os-getrandom,random-old-and-new-paths,post,353,1048576,1.00000000000000000,-0.000000000,fixed,1,access-plus-rate-deterministic,1,8
2,8,1,8192,1048576,1048576,cycle,8,random,os-getrandom,random-old-and-new-paths,post,354,1048576,1.00000000000000000,-0.000000000,fixed,1,access-plus-rate-deterministic,1,8
2,8,1,8192,1048576,1048576,cycle,8,random,os-getrandom,random-old-and-new-paths,post,355,1048576,1.00000000000000000,-0.000000000,fixed,1,access-plus-rate-deterministic,1,8
2,8,1,8192,1048576,1048576,cycle,8,random,os-getrandom,random-old-and-new-paths,post,356,1048576,1.00000000000000000,-0.000000000,fixed,1,access-plus-rate-deterministic,1,8
2,8,1,8192,1048576,1048576,cycle,8,random,os-getrandom,random-old-and-new-paths,post,357,1048576,1.00000000000000000,-0.000000000,fixed,1,access-plus-rate-deterministic,1,8
2,8,1,8192,1048576,1048576,cycle,8,random,os-getrandom,random-old-and-new-paths,post,358,1048576,1.00000000000000000,-0.000000000,fixed,1,access-plus-rate-deterministic,1,8
2,8,1,8192,1048576,1048576,cycle,8,random,os-getrandom,random-old-and-new-paths,post,359,1048576,1.00000000000000000,-0.000000000,fixed,1,access-plus-rate-deterministic,1,8
2,8,1,8192,1048576,1048576,cycle,8,random,os-getrandom,random-old-and-new-paths,post,360,1048576,1.00000000000000000,-0.000000000,fixed,1,access-plus-rate-deterministic,1,8
2,8,1,8192,1048576,1048576,cycle,8,random,os-getrandom,random-old-and-new-paths,post,361,1048576,1.00000000000000000,-0.000000000,fixed,1,access-plus-rate-deterministic,1,8
2,8,1,8192,1048576,1048576,cycle,8,random,os-getrandom,random-old-and-new-paths,post,362,1048576,1.00000000000000000,-0.000000000,fixed,1,access-plus-rate-deterministic,1,8
2,8,1,8192,1048576,1048576,cycle,8,random,os-getrandom,random-old-and-new-paths,post,363,1048576,1.00000000000000000,-0.000000000,fixed,1,access-plus-rate-deterministic,1,8
2,8,1,8192,1048576,1048576,cycle,8,random,os-getrandom,random-old-and-new-paths,post,364,1048576,1.00000000000000000,-0.000000000,fixed,1,access-plus-rate-deterministic,1,8
2,8,1,8192,1048576,1048576,cycle,8,random,os-getrandom,random-old-and-new-paths,post,365,1048576,1.00000000000000000,-0.000000000,fixed,1,access-plus-rate-deterministic,1,8
2,8,1,8192,1048576,1048576,cycle,8,random,os-getrandom,random-old-and-new-paths,post,366,1048576,1.00000000000000000,-0.000000000,fixed,1,access-plus-rate-deterministic,1,8
2,8,1,8192,1048576,1048576,cycle,8,random,os-getrandom,random-old-and-new-paths,post,367,1048576,1.00000000000000000,-0.000000000,fixed,1,access-plus-rate-deterministic,1,8
2,8,1,8192,1048576,1048576,cycle,8,random,os-getrandom,random-old-and-new-paths,post,368,1048576,1.00000000000000000,-0.000000000,fixed,1,access-plus-rate-deterministic,1,8
2,8,1,8192,1048576,1048576,cycle,8,random,os-getrandom,random-old-and-new-paths,post,369,1048576,1.00000000000000000,-0.000000000,fixed,1,access-plus-rate-deterministic,1,8
2,8,1,8192,1048576,1048576,cycle,8,random,os-getrandom,random-old-and-new-paths,post,370,1048576,1.00000000000000000,-0.000000000,fixed,1,access-plus-rate-deterministic,1,8
2,8,1,8192,1048576,1048576,cycle,8,random,os-getrandom,random-old-and-new-paths,post,371,1048576,1.00000000000000000,-0.000000000,fixed,1,access-plus-rate-deterministic,1,8
2,8,1,8192,1048576,1048576,cycle,8,random,os-getrandom,random-old-and-new-paths,post,372,1048576,1.00000000000000000,-0.000000000,fixed,1,access-plus-rate-deterministic,1,8
2,8,1,8192,1048576,1048576,cycle,8,random,os-getrandom,random-old-and-new-paths,post,373,1048576,1.00000000000000000,-0.000000000,fixed,1,access-plus-rate-deterministic,1,8
2,8,1,8192,1048576,1048576,cycle,8,random,os-getrandom,random-old-and-new-paths,post,374,1048576,1.00000000000000000,-0.000000000,fixed,1,access-plus-rate-deterministic,1,8
2,8,1,8192,1048576,1048576,cycle,8,random,os-getrandom,random-old-and-new-paths,post,375,1048576,1.00000000000000000,-0.000000000,fixed,1,access-plus-rate-deterministic,1,8
2,8,1,8192,1048576,1048576,cycle,8,random,os-getrandom,random-old-and-new-paths,post,376,1048576,1.00000000000000000,-0.000000000,fixed,1,access-plus-rate-deterministic,1,8
2,8,1,8192,1048576,1048576,cycle,8,random,os-getrandom,random-old-and-new-paths,post,377,1048576,1.00000000000000000,-0.000000000,fixed,1,access-plus-rate-deterministic,1,8
2,8,1,8192,1048576,1048576,cycle,8,random,os-getrandom,random-old-and-new-paths,post,378,1048576,1.00000000000000000,-0.000000000,fixed,1,access-plus-rate-deterministic,1,8
2,8,1,8192,1048576,1048576,cycle,8,random,os-getrandom,random-old-and-new-paths,post,379,1048576,1.00000000000000000,-0.000000000,fixed,1,access-plus-rate-deterministic,1,8
2,8,1,8192,1048576,1048576,cycle,8,random,os-getrandom,random-old-and-new-paths,post,380,1048576,1.00000000000000000,-0.000000000,fixed,1,access-plus-rate-deterministic,1,8
2,8,1,8192,1048576,1048576,cycle,8,random,os-getrandom,random-old-and-new-paths,post,381,1048576,1.00000000000000000,-0.000000000,fixed,1,access-plus-rate-deterministic,1,8
2,8,1,8192,1048576,1048576,cycle,8,random,os-getrandom,random-old-and-new-paths,post,382,1048576,1.00000000000000000,-0.000000000,fixed,1,access-plus-rate-deterministic,1,8
2,8,1,8192,1048576,1048576,cycle,8,random,os-getrandom,random-old-and-new-paths,post,383,1048576,1.00000000000000000,-0.000000000,fixed,1,access-plus-rate-deterministic,1,8
2,8,1,8192,1048576,1048576,cycle,8,random,os-getrandom,random-old-and-new-paths,post,384,1048576,1.00000000000000000,-0.000000000,fixed,1,access-plus-rate-deterministic,1,8
2,8,1,8192,1048576,1048576,cycle,8,random,os-getrandom,random-old-and-new-paths,post,385,1048576,1.00000000000000000,-0.000000000,fixed,1,access-plus-rate-deterministic,1,8
2,8,1,8192,1048576,1048576,cycle,8,random,os-getrandom,random-old-and-new-paths,post,386,1048576,1.00000000000000000,-0.000000000,fixed,1,access-plus-rate-deterministic,1,8
2,8,1,8192,1048576,1048576,cycle,8,random,os-getrandom,random-old-and-new-paths,post,387,1048576,1.00000000000000000,-0.000000000,fixed,1,access-plus-rate-deterministic,1,8
2,8,1,8192,1048576,1048576,cycle,8,random,os-getrandom,random-old-and-new-paths,post,388,1048576,1.00000000000000000,-0.000000000,fixed,1,access-plus-rate-deterministic,1,8
2,8,1,8192,1048576,1048576,cycle,8,random,os-getrandom,random-old-and-new-paths,post,389,1048576,1.00000000000000000,-0.000000000,fixed,1,access-plus-rate-deterministic,1,8
2,8,1,8192,1048576,1048576,cycle,8,random,os-getrandom,random-old-and-new-paths,post,390,1048576,1.00000000000000000,-0.000000000,fixed,1,access-plus-rate-deterministic,1,8
2,8,1,8192,1048576,1048576,cycle,8,random,os-getrandom,random-old-and-new-paths,post,391,1048576,1.00000000000000000,-0.000000000,fixed,1,access-plus-rate-deterministic,1,8
2,8,1,8192,1048576,1048576,cycle,8,random,os-getrandom,random-old-and-new-paths,post,392,1048576,1.00000000000000000,-0.000000000,fixed,1,access-plus-rate-deterministic,1,8
2,8,1,8192,1048576,1048576,cycle,8,random,os-getrandom,random-old-and-new-paths,post,393,1048576,1.00000000000000000,-0.000000000,fixed,1,access-plus-rate-deterministic,1,8
2,8,1,8192,1048576,1048576,cycle,8,random,os-getrandom,random-old-and-new-paths,post,394,1048576,1.00000000000000000,-0.000000000,fixed,1,access-plus-rate-deterministic,1,8
2,8,1,8192,1048576,1048576,cycle,8,random,os-getrandom,random-old-and-new-paths,post,395,1048576,1.00000000000000000,-0.000000000,fixed,1,access-plus-rate-deterministic,1,8
2,8,1,8192,1048576,1048576,cycle,8,random,os-getrandom,random-old-and-new-paths,post,396,1048576,1.00000000000000000,-0.000000000,fixed,1,access-plus-rate-deterministic,1,8
2,8,1,8192,1048576,1048576,cycle,8,random,os-getrandom,random-old-and-new-paths,post,397,1048576,1.00000000000000000,-0.000000000,fixed,1,access-plus-rate-deterministic,1,8
2,8,1,8192,1048576,1048576,cycle,8,random,os-getrandom,random-old-and-new-paths,post,398,1048576,1.00000000000000000,-0.000000000,fixed,1,access-plus-rate-deterministic,1,8
2,8,1,8192,1048576,1048576,cycle,8,random,os-getrandom,random-old-and-new-paths,post,399,1048576,1.00000000000000000,-0.000000000,fixed,1,access-plus-rate-deterministic,1,8
2,8,1,8192,1048576,1048576,cycle,8,random,os-getrandom,random-old-and-new-paths,post,400,1048576,1.00000000000000000,-0.000000000,fixed,1,access-plus-rate-deterministic,1,8
2,8,1,8192,1048576,1048576,cycle,8,random,os-getrandom,random-old-and-new-paths,post,401,1048576,1.00000000000000000,-0.000000000,fixed,1,access-plus-rate-deterministic,1,8
2,8,1,8192,1048576,1048576,cycle,8,random,os-getrandom,random-old-and-new-paths,post,402,1048576,1.00000000000000000,-0.000000000,fixed,1,access-plus-rate-deterministic,1,8
2,8,1,8192,1048576,1048576,cycle,8,random,os-getrandom,random-old-and-new-paths,post,403,1048576,1.00000000000000000,-0.000000000,fixed,1,access-plus-rate-deterministic,1,8
2,8,1,8192,1048576,1048576,cycle,8,random,os-getrandom,random-old-and-new-paths,post,404,1048576,1.00000000000000000,-0.000000000,fixed,1,access-plus-rate-deterministic,1,8
2,8,1,8192,1048576,1048576,cycle,8,random,os-getrandom,random-old-and-new-paths,post,405,1048576,1.00000000000000000,-0.000000000,fixed,1,access-plus-rate-deterministic,1,8
2,8,1,8192,1048576,1048576,cycle,8,random,os-getrandom,random-old-and-new-paths,post,406,1048576,1.00000000000000000,-0.000000000,fixed,1,access-plus-rate-deterministic,1,8
2,8,1,8192,1048576,1048576,cycle,8,random,os-getrandom,random-old-and-new-paths,post,407,1048576,1.00000000000000000,-0.000000000,fixed,1,access-plus-rate-deterministic,1,8
2,8,1,8192,1048576,1048576,cycle,8,random,os-getrandom,random-old-and-new-paths,post,408,1048574,0.99999809265136719,0.000002752,fixed,1,access-plus-rate-deterministic,1,8
2,8,1,8192,1048576,1048576,cycle,8,random,os-getrandom,random-old-and-new-paths,post,409,1048569,0.99999332427978516,0.000009631,fixed,1,access-plus-rate-deterministic,1,8
2,8,1,8192,1048576,1048576,cycle,8,random,os-getrandom,random-old-and-new-paths,post,410,1048557,0.99998188018798828,0.000026142,fixed,1,access-plus-rate-deterministic,1,8
2,8,1,8192,1048576,1048576,cycle,8,random,os-getrandom,random-old-and-new-paths,post,411,1048532,0.99995803833007812,0.000060539,fixed,1,access-plus-rate-deterministic,1,8
2,8,1,8192,1048576,1048576,cycle,8,random,os-getrandom,random-old-and-new-paths,post,412,1048504,0.99993133544921875,0.000099065,fixed,1,access-plus-rate-deterministic,1,8
2,8,1,8192,1048576,1048576,cycle,8,random,os-getrandom,random-old-and-new-paths,post,413,1048457,0.99988651275634766,0.000163737,fixed,1,access-plus-rate-deterministic,1,8
2,8,1,8192,1048576,1048576,cycle,8,random,os-getrandom,random-old-and-new-paths,post,414,1048406,0.99983787536621094,0.000233915,fixed,1,access-plus-rate-deterministic,1,8
2,8,1,8192,1048576,1048576,cycle,8,random,os-getrandom,random-old-and-new-paths,post,415,1048346,0.99978065490722656,0.000316483,fixed,1,access-plus-rate-deterministic,1,8
2,8,1,8192,1048576,1048576,cycle,8,random,os-getrandom,random-old-and-new-paths,post,416,1048279,0.99971675872802734,0.000408689,fixed,1,access-plus-rate-deterministic,1,8
2,8,1,8192,1048576,1048576,cycle,8,random,os-getrandom,random-old-and-new-paths,post,417,1048188,0.99962997436523438,0.000533933,fixed,1,access-plus-rate-deterministic,1,8
2,8,1,8192,1048576,1048576,cycle,8,random,os-getrandom,random-old-and-new-paths,post,418,1048112,0.99955749511718750,0.000638541,fixed,1,access-plus-rate-deterministic,1,8
2,8,1,8192,1048576,1048576,cycle,8,random,os-getrandom,random-old-and-new-paths,post,419,1048035,0.99948406219482422,0.000744533,fixed,1,access-plus-rate-deterministic,1,8
2,8,1,8192,1048576,1048576,cycle,8,random,os-getrandom,random-old-and-new-paths,post,420,1047941,0.99939441680908203,0.000873937,fixed,1,access-plus-rate-deterministic,1,8
2,8,1,8192,1048576,1048576,cycle,8,random,os-getrandom,random-old-and-new-paths,post,421,1047864,0.99932098388671875,0.000979946,fixed,1,access-plus-rate-deterministic,1,8
2,8,1,8192,1048576,1048576,cycle,8,random,os-getrandom,random-old-and-new-paths,post,422,1047795,0.99925518035888672,0.001074948,fixed,1,access-plus-rate-deterministic,1,8
2,8,1,8192,1048576,1048576,cycle,8,random,os-getrandom,random-old-and-new-paths,post,423,1047724,0.99918746948242188,0.001172710,fixed,1,access-plus-rate-deterministic,1,8
2,8,1,8192,1048576,1048576,cycle,8,random,os-getrandom,random-old-and-new-paths,post,424,1047636,0.99910354614257812,0.001293890,fixed,1,access-plus-rate-deterministic,1,8
2,8,1,8192,1048576,1048576,cycle,8,random,os-getrandom,random-old-and-new-paths,post,425,1047533,0.99900531768798828,0.001435737,fixed,1,access-plus-rate-deterministic,1,8
2,8,1,8192,1048576,1048576,cycle,8,random,os-getrandom,random-old-and-new-paths,post,426,1047399,0.99887752532958984,0.001620298,fixed,1,access-plus-rate-deterministic,1,8
2,8,1,8192,1048576,1048576,cycle,8,random,os-getrandom,random-old-and-new-paths,post,427,1047231,0.99871730804443359,0.001851721,fixed,1,access-plus-rate-deterministic,1,8
2,8,1,8192,1048576,1048576,cycle,8,random,os-getrandom,random-old-and-new-paths,post,428,1047030,0.99852561950683594,0.002128651,fixed,1,access-plus-rate-deterministic,1,8
2,8,1,8192,1048576,1048576,cycle,8,random,os-getrandom,random-old-and-new-paths,post,429,1046818,0.99832344055175781,0.002420794,fixed,1,access-plus-rate-deterministic,1,8
2,8,1,8192,1048576,1048576,cycle,8,random,os-getrandom,random-old-and-new-paths,post,430,1046538,0.99805641174316406,0.002806734,fixed,1,access-plus-rate-deterministic,1,8
2,8,1,8192,1048576,1048576,cycle,8,random,os-getrandom,random-old-and-new-paths,post,431,1046268,0.99779891967773438,0.003178988,fixed,1,access-plus-rate-deterministic,1,8
2,8,1,8192,1048576,1048576,cycle,8,random,os-getrandom,random-old-and-new-paths,post,432,1045902,0.99744987487792969,0.003683752,fixed,1,access-plus-rate-deterministic,1,8
2,8,1,8192,1048576,1048576,cycle,8,random,os-getrandom,random-old-and-new-paths,post,433,1045507,0.99707317352294922,0.004228709,fixed,1,access-plus-rate-deterministic,1,8
2,8,1,8192,1048576,1048576,cycle,8,random,os-getrandom,random-old-and-new-paths,post,434,1045112,0.99669647216796875,0.004773873,fixed,1,access-plus-rate-deterministic,1,8
2,8,1,8192,1048576,1048576,cycle,8,random,os-getrandom,random-old-and-new-paths,post,435,1044650,0.99625587463378906,0.005411769,fixed,1,access-plus-rate-deterministic,1,8
2,8,1,8192,1048576,1048576,cycle,8,random,os-getrandom,random-old-and-new-paths,post,436,1044126,0.99575614929199219,0.006135611,fixed,1,access-plus-rate-deterministic,1,8
2,8,1,8192,1048576,1048576,cycle,8,random,os-getrandom,random-old-and-new-paths,post,437,1043582,0.99523735046386719,0.006887465,fixed,1,access-plus-rate-deterministic,1,8
2,8,1,8192,1048576,1048576,cycle,8,random,os-getrandom,random-old-and-new-paths,post,438,1043017,0.99469852447509766,0.007668758,fixed,1,access-plus-rate-deterministic,1,8
2,8,1,8192,1048576,1048576,cycle,8,random,os-getrandom,random-old-and-new-paths,post,439,1042372,0.99408340454101562,0.008561195,fixed,1,access-plus-rate-deterministic,1,8
2,8,1,8192,1048576,1048576,cycle,8,random,os-getrandom,random-old-and-new-paths,post,440,1041725,0.99346637725830078,0.009456953,fixed,1,access-plus-rate-deterministic,1,8
2,8,1,8192,1048576,1048576,cycle,8,random,os-getrandom,random-old-and-new-paths,post,441,1041006,0.99278068542480469,0.010453047,fixed,1,access-plus-rate-deterministic,1,8
2,8,1,8192,1048576,1048576,cycle,8,random,os-getrandom,random-old-and-new-paths,post,442,1040262,0.99207115173339844,0.011484500,fixed,1,access-plus-rate-deterministic,1,8
2,8,1,8192,1048576,1048576,cycle,8,random,os-getrandom,random-old-and-new-paths,post,443,1039513,0.99135684967041016,0.012523630,fixed,1,access-plus-rate-deterministic,1,8
2,8,1,8192,1048576,1048576,cycle,8,random,os-getrandom,random-old-and-new-paths,post,444,1038769,0.99064731597900391,0.013556565,fixed,1,access-plus-rate-deterministic,1,8
2,8,1,8192,1048576,1048576,cycle,8,random,os-getrandom,random-old-and-new-paths,post,445,1037890,0.98980903625488281,0.014777882,fixed,1,access-plus-rate-deterministic,1,8
2,8,1,8192,1048576,1048576,cycle,8,random,os-getrandom,random-old-and-new-paths,post,446,1036915,0.98887920379638672,0.016133795,fixed,1,access-plus-rate-deterministic,1,8
2,8,1,8192,1048576,1048576,cycle,8,random,os-getrandom,random-old-and-new-paths,post,447,1035798,0.98781394958496094,0.017688753,fixed,1,access-plus-rate-deterministic,1,8
2,8,1,8192,1048576,1048576,cycle,8,random,os-getrandom,random-old-and-new-paths,post,448,1034576,0.98664855957031250,0.019391801,fixed,1,access-plus-rate-deterministic,1,8
2,8,1,8192,1048576,1048576,cycle,8,random,os-getrandom,random-old-and-new-paths,post,449,1033131,0.98527050018310547,0.021408233,fixed,1,access-plus-rate-deterministic,1,8
2,8,1,8192,1048576,1048576,cycle,8,random,os-getrandom,random-old-and-new-paths,post,450,1031387,0.98360729217529297,0.023845664,fixed,1,access-plus-rate-deterministic,1,8
2,8,1,8192,1048576,1048576,cycle,8,random,os-getrandom,random-old-and-new-paths,post,451,1029341,0.98165607452392578,0.026710433,fixed,1,access-plus-rate-deterministic,1,8
2,8,1,8192,1048576,1048576,cycle,8,random,os-getrandom,random-old-and-new-paths,post,452,1027077,0.97949695587158203,0.029887086,fixed,1,access-plus-rate-deterministic,1,8
2,8,1,8192,1048576,1048576,cycle,8,random,os-getrandom,random-old-and-new-paths,post,453,1024523,0.97706127166748047,0.033479058,fixed,1,access-plus-rate-deterministic,1,8
2,8,1,8192,1048576,1048576,cycle,8,random,os-getrandom,random-old-and-new-paths,post,454,1021839,0.97450160980224609,0.037263526,fixed,1,access-plus-rate-deterministic,1,8
2,8,1,8192,1048576,1048576,cycle,8,random,os-getrandom,random-old-and-new-paths,post,455,1018894,0.97169303894042969,0.041427461,fixed,1,access-plus-rate-deterministic,1,8
2,8,1,8192,1048576,1048576,cycle,8,random,os-getrandom,random-old-and-new-paths,post,456,1015751,0.96869564056396484,0.045884646,fixed,1,access-plus-rate-deterministic,1,8
2,8,1,8192,1048576,1048576,cycle,8,random,os-getrandom,random-old-and-new-paths,post,457,1012363,0.96546459197998047,0.050704745,fixed,1,access-plus-rate-deterministic,1,8
2,8,1,8192,1048576,1048576,cycle,8,random,os-getrandom,random-old-and-new-paths,post,458,1008753,0.96202182769775391,0.055858467,fixed,1,access-plus-rate-deterministic,1,8
2,8,1,8192,1048576,1048576,cycle,8,random,os-getrandom,random-old-and-new-paths,post,459,1004814,0.95826530456542969,0.061502960,fixed,1,access-plus-rate-deterministic,1,8
2,8,1,8192,1048576,1048576,cycle,8,random,os-getrandom,random-old-and-new-paths,post,460,1000532,0.95418167114257812,0.067664121,fixed,1,access-plus-rate-deterministic,1,8
2,8,1,8192,1048576,1048576,cycle,8,random,os-getrandom,random-old-and-new-paths,post,461,995896,0.94976043701171875,0.074364434,fixed,1,access-plus-rate-deterministic,1,8
2,8,1,8192,1048576,1048576,cycle,8,random,os-getrandom,random-old-and-new-paths,post,462,990921,0.94501590728759766,0.081589481,fixed,1,access-plus-rate-deterministic,1,8
2,8,1,8192,1048576,1048576,cycle,8,random,os-getrandom,random-old-and-new-paths,post,463,985537,0.93988132476806641,0.089449490,fixed,1,access-plus-rate-deterministic,1,8
2,8,1,8192,1048576,1048576,cycle,8,random,os-getrandom,random-old-and-new-paths,post,464,979810,0.93441963195800781,0.097857510,fixed,1,access-plus-rate-deterministic,1,8
2,8,1,8192,1048576,1048576,cycle,8,random,os-getrandom,random-old-and-new-paths,post,465,973860,0.92874526977539062,0.106645137,fixed,1,access-plus-rate-deterministic,1,8
2,8,1,8192,1048576,1048576,cycle,8,random,os-getrandom,random-old-and-new-paths,post,466,967601,0.92277622222900391,0.115947265,fixed,1,access-plus-rate-deterministic,1,8
2,8,1,8192,1048576,1048576,cycle,8,random,os-getrandom,random-old-and-new-paths,post,467,961000,0.91648101806640625,0.125823095,fixed,1,access-plus-rate-deterministic,1,8
2,8,1,8192,1048576,1048576,cycle,8,random,os-getrandom,random-old-and-new-paths,post,468,954079,0.90988063812255859,0.136250796,fixed,1,access-plus-rate-deterministic,1,8
2,8,1,8192,1048576,1048576,cycle,8,random,os-getrandom,random-old-and-new-paths,post,469,946830,0.90296745300292969,0.147254107,fixed,1,access-plus-rate-deterministic,1,8
2,8,1,8192,1048576,1048576,cycle,8,random,os-getrandom,random-old-and-new-paths,post,470,939365,0.89584827423095703,0.158673685,fixed,1,access-plus-rate-deterministic,1,8
2,8,1,8192,1048576,1048576,cycle,8,random,os-getrandom,random-old-and-new-paths,post,471,931518,0.88836479187011719,0.170775879,fixed,1,access-plus-rate-deterministic,1,8
2,8,1,8192,1048576,1048576,cycle,8,random,os-getrandom,random-old-and-new-paths,post,472,923602,0.88081550598144531,0.183088228,fixed,1,access-plus-rate-deterministic,1,8
2,8,1,8192,1048576,1048576,cycle,8,random,os-getrandom,random-old-and-new-paths,post,473,915369,0.87296390533447266,0.196006091,fixed,1,access-plus-rate-deterministic,1,8
2,8,1,8192,1048576,1048576,cycle,8,random,os-getrandom,random-old-and-new-paths,post,474,906796,0.86478805541992188,0.209581498,fixed,1,access-plus-rate-deterministic,1,8
2,8,1,8192,1048576,1048576,cycle,8,random,os-getrandom,random-old-and-new-paths,post,475,897900,0.85630416870117188,0.223804746,fixed,1,access-plus-rate-deterministic,1,8
2,8,1,8192,1048576,1048576,cycle,8,random,os-getrandom,random-old-and-new-paths,post,476,888616,0.84745025634765625,0.238799407,fixed,1,access-plus-rate-deterministic,1,8
2,8,1,8192,1048576,1048576,cycle,8,random,os-getrandom,random-old-and-new-paths,post,477,879225,0.83849430084228516,0.254127117,fixed,1,access-plus-rate-deterministic,1,8
2,8,1,8192,1048576,1048576,cycle,8,random,os-getrandom,random-old-and-new-paths,post,478,869374,0.82909965515136719,0.270382575,fixed,1,access-plus-rate-deterministic,1,8
2,8,1,8192,1048576,1048576,cycle,8,random,os-getrandom,random-old-and-new-paths,post,479,859522,0.81970405578613281,0.286824959,fixed,1,access-plus-rate-deterministic,1,8
2,8,1,8192,1048576,1048576,cycle,8,random,os-getrandom,random-old-and-new-paths,post,480,849135,0.80979824066162109,0.304365586,fixed,1,access-plus-rate-deterministic,1,8
2,8,1,8192,1048576,1048576,cycle,8,random,os-getrandom,random-old-and-new-paths,post,481,838231,0.79939937591552734,0.323011648,fixed,1,access-plus-rate-deterministic,1,8
2,8,1,8192,1048576,1048576,cycle,8,random,os-getrandom,random-old-and-new-paths,post,482,826862,0.78855705261230469,0.342712956,fixed,1,access-plus-rate-deterministic,1,8
2,8,1,8192,1048576,1048576,cycle,8,random,os-getrandom,random-old-and-new-paths,post,483,815172,0.77740859985351562,0.363255028,fixed,1,access-plus-rate-deterministic,1,8
2,8,1,8192,1048576,1048576,cycle,8,random,os-getrandom,random-old-and-new-paths,post,484,803011,0.76581096649169922,0.384939775,fixed,1,access-plus-rate-deterministic,1,8
2,8,1,8192,1048576,1048576,cycle,8,random,os-getrandom,random-old-and-new-paths,post,485,790451,0.75383281707763672,0.407683493,fixed,1,access-plus-rate-deterministic,1,8
2,8,1,8192,1048576,1048576,cycle,8,random,os-getrandom,random-old-and-new-paths,post,486,777719,0.74169063568115234,0.431110541,fixed,1,access-plus-rate-deterministic,1,8
2,8,1,8192,1048576,1048576,cycle,8,random,os-getrandom,random-old-and-new-paths,post,487,764575,0.72915554046630859,0.455701498,fixed,1,access-plus-rate-deterministic,1,8
2,8,1,8192,1048576,1048576,cycle,8,random,os-getrandom,random-old-and-new-paths,post,488,751115,0.71631908416748047,0.481325716,fixed,1,access-plus-rate-deterministic,1,8
2,8,1,8192,1048576,1048576,cycle,8,random,os-getrandom,random-old-and-new-paths,post,489,737257,0.70310306549072266,0.508191910,fixed,1,access-plus-rate-deterministic,1,8
2,8,1,8192,1048576,1048576,cycle,8,random,os-getrandom,random-old-and-new-paths,post,490,723008,0.68951416015625000,0.536347915,fixed,1,access-plus-rate-deterministic,1,8
2,8,1,8192,1048576,1048576,cycle,8,random,os-getrandom,random-old-and-new-paths,post,491,708409,0.67559146881103516,0.565776985,fixed,1,access-plus-rate-deterministic,1,8
2,8,1,8192,1048576,1048576,cycle,8,random,os-getrandom,random-old-and-new-paths,post,492,693312,0.66119384765625000,0.596854794,fixed,1,access-plus-rate-deterministic,1,8
2,8,1,8192,1048576,1048576,cycle,8,random,os-getrandom,random-old-and-new-paths,post,493,677905,0.64650058746337891,0.629276414,fixed,1,access-plus-rate-deterministic,1,8
2,8,1,8192,1048576,1048576,cycle,8,random,os-getrandom,random-old-and-new-paths,post,494,662051,0.63138103485107422,0.663417169,fixed,1,access-plus-rate-deterministic,1,8
2,8,1,8192,1048576,1048576,cycle,8,random,os-getrandom,random-old-and-new-paths,post,495,646133,0.61620044708251953,0.698528366,fixed,1,access-plus-rate-deterministic,1,8
2,8,1,8192,1048576,1048576,cycle,8,random,os-getrandom,random-old-and-new-paths,post,496,629863,0.60068416595458984,0.735321460,fixed,1,access-plus-rate-deterministic,1,8
2,8,1,8192,1048576,1048576,cycle,8,random,os-getrandom,random-old-and-new-paths,post,497,613291,0.58487987518310547,0.773787746,fixed,1,access-plus-rate-deterministic,1,8
2,8,1,8192,1048576,1048576,cycle,8,random,os-getrandom,random-old-and-new-paths,post,498,596377,0.56874942779541016,0.814134906,fixed,1,access-plus-rate-deterministic,1,8
2,8,1,8192,1048576,1048576,cycle,8,random,os-getrandom,random-old-and-new-paths,post,499,579380,0.55253982543945312,0.855849641,fixed,1,access-plus-rate-deterministic,1,8
2,8,1,8192,1048576,1048576,cycle,8,random,os-getrandom,random-old-and-new-paths,post,500,562343,0.53629207611083984,0.898909158,fixed,1,access-plus-rate-deterministic,1,8
2,8,1,8192,1048576,1048576,cycle,8,random,os-getrandom,random-old-and-new-paths,post,501,545287,0.52002620697021484,0.943343764,fixed,1,access-plus-rate-deterministic,1,8
2,8,1,8192,1048576,1048576,cycle,8,random,os-getrandom,random-old-and-new-paths,post,502,528463,0.50398159027099609,0.988557060,fixed,1,access-plus-rate-deterministic,1,8
2,8,1,8192,1048576,1048576,cycle,8,random,os-getrandom,random-old-and-new-paths,post,503,511897,0.48818302154541016,1.034505974,fixed,1,access-plus-rate-deterministic,1,8
2,8,1,8192,1048576,1048576,cycle,8,random,os-getrandom,random-old-and-new-paths,post,504,495501,0.47254657745361328,1.081471557,fixed,1,access-plus-rate-deterministic,1,8
2,8,1,8192,1048576,1048576,cycle,8,random,os-getrandom,random-old-and-new-paths,post,505,478742,0.45656394958496094,1.131111146,fixed,1,access-plus-rate-deterministic,1,8
2,8,1,8192,1048576,1048576,cycle,8,random,os-getrandom,random-old-and-new-paths,post,506,462200,0.44078826904296875,1.181842266,fixed,1,access-plus-rate-deterministic,1,8
2,8,1,8192,1048576,1048576,cycle,8,random,os-getrandom,random-old-and-new-paths,post,507,445756,0.42510604858398438,1.234105309,fixed,1,access-plus-rate-deterministic,1,8
2,8,1,8192,1048576,1048576,cycle,8,random,os-getrandom,random-old-and-new-paths,post,508,429758,0.40984916687011719,1.286835030,fixed,1,access-plus-rate-deterministic,1,8
2,8,1,8192,1048576,1048576,cycle,8,random,os-getrandom,random-old-and-new-paths,post,509,414197,0.39500904083251953,1.340042421,fixed,1,access-plus-rate-deterministic,1,8
2,8,1,8192,1048576,1048576,cycle,8,random,os-getrandom,random-old-and-new-paths,post,510,398852,0.38037490844726562,1.394506013,fixed,1,access-plus-rate-deterministic,1,8
2,8,1,8192,1048576,1048576,cycle,8,random,os-getrandom,random-old-and-new-paths,post,511,383819,0.36603832244873047,1.449933395,fixed,1,access-plus-rate-deterministic,1,8
2,8,1,8192,1048576,1048576,cycle,8,random,os-getrandom,random-old-and-new-paths,post,512,368967,0.35187435150146484,1.506867737,fixed,1,access-plus-rate-deterministic,1,8
2,8,1,8192,1048576,1048576,cycle,8,random,os-getrandom,random-old-and-new-paths,post,513,354539,0.33811473846435547,1.564415190,fixed,1,access-plus-rate-deterministic,1,8
2,8,1,8192,1048576,1048576,cycle,8,random,os-getrandom,random-old-and-new-paths,post,514,340490,0.32471656799316406,1.622747098,fixed,1,access-plus-rate-deterministic,1,8
2,8,1,8192,1048576,1048576,cycle,8,random,os-getrandom,random-old-and-new-paths,post,515,326521,0.31139469146728516,1.683183745,fixed,1,access-plus-rate-deterministic,1,8
2,8,1,8192,1048576,1048576,cycle,8,random,os-getrandom,random-old-and-new-paths,post,516,313085,0.29858112335205078,1.743805135,fixed,1,access-plus-rate-deterministic,1,8
2,8,1,8192,1048576,1048576,cycle,8,random,os-getrandom,random-old-and-new-paths,post,517,299764,0.28587722778320312,1.806532392,fixed,1,access-plus-rate-deterministic,1,8
2,8,1,8192,1048576,1048576,cycle,8,random,os-getrandom,random-old-and-new-paths,post,518,286589,0.27331256866455078,1.871376289,fixed,1,access-plus-rate-deterministic,1,8
2,8,1,8192,1048576,1048576,cycle,8,random,os-getrandom,random-old-and-new-paths,post,519,273620,0.26094436645507812,1.938185839,fixed,1,access-plus-rate-deterministic,1,8
2,8,1,8192,1048576,1048576,cycle,8,random,os-getrandom,random-old-and-new-paths,post,520,260984,0.24889373779296875,2.006398163,fixed,1,access-plus-rate-deterministic,1,8
2,8,1,8192,1048576,1048576,cycle,8,random,os-getrandom,random-old-and-new-paths,post,521,248859,0.23733043670654297,2.075030962,fixed,1,access-plus-rate-deterministic,1,8
2,8,1,8192,1048576,1048576,cycle,8,random,os-getrandom,random-old-and-new-paths,post,522,237281,0.22628879547119141,2.143762943,fixed,1,access-plus-rate-deterministic,1,8
2,8,1,8192,1048576,1048576,cycle,8,random,os-getrandom,random-old-and-new-paths,post,523,226176,0.21569824218750000,2.212913675,fixed,1,access-plus-rate-deterministic,1,8
2,8,1,8192,1048576,1048576,cycle,8,random,os-getrandom,random-old-and-new-paths,post,524,215594,0.20560646057128906,2.282042497,fixed,1,access-plus-rate-deterministic,1,8
2,8,1,8192,1048576,1048576,cycle,8,random,os-getrandom,random-old-and-new-paths,post,525,205377,0.19586277008056641,2.352084901,fixed,1,access-plus-rate-deterministic,1,8
2,8,1,8192,1048576,1048576,cycle,8,random,os-getrandom,random-old-and-new-paths,post,526,195673,0.18660831451416016,2.421914827,fixed,1,access-plus-rate-deterministic,1,8
2,8,1,8192,1048576,1048576,cycle,8,random,os-getrandom,random-old-and-new-paths,post,527,186332,0.17770004272460938,2.492484067,fixed,1,access-plus-rate-deterministic,1,8
2,8,1,8192,1048576,1048576,cycle,8,random,os-getrandom,random-old-and-new-paths,post,528,177123,0.16891765594482422,2.565607963,fixed,1,access-plus-rate-deterministic,1,8
2,8,1,8192,1048576,1048576,cycle,8,random,os-getrandom,random-old-and-new-paths,post,529,168279,0.16048336029052734,2.639504376,fixed,1,access-plus-rate-deterministic,1,8
2,8,1,8192,1048576,1048576,cycle,8,random,os-getrandom,random-old-and-new-paths,post,530,159713,0.15231418609619141,2.714877778,fixed,1,access-plus-rate-deterministic,1,8
2,8,1,8192,1048576,1048576,cycle,8,random,os-getrandom,random-old-and-new-paths,post,531,151386,0.14437294006347656,2.792127733,fixed,1,access-plus-rate-deterministic,1,8
2,8,1,8192,1048576,1048576,cycle,8,random,os-getrandom,random-old-and-new-paths,post,532,143555,0.13690471649169922,2.868755945,fixed,1,access-plus-rate-deterministic,1,8
2,8,1,8192,1048576,1048576,cycle,8,random,os-getrandom,random-old-and-new-paths,post,533,135974,0.12967491149902344,2.947028710,fixed,1,access-plus-rate-deterministic,1,8
2,8,1,8192,1048576,1048576,cycle,8,random,os-getrandom,random-old-and-new-paths,post,534,128703,0.12274074554443359,3.026313843,fixed,1,access-plus-rate-deterministic,1,8
2,8,1,8192,1048576,1048576,cycle,8,random,os-getrandom,random-old-and-new-paths,post,535,121602,0.11596870422363281,3.108192568,fixed,1,access-plus-rate-deterministic,1,8
2,8,1,8192,1048576,1048576,cycle,8,random,os-getrandom,random-old-and-new-paths,post,536,114723,0.10940837860107422,3.192204870,fixed,1,access-plus-rate-deterministic,1,8
2,8,1,8192,1048576,1048576,cycle,8,random,os-getrandom,random-old-and-new-paths,post,537,108052,0.10304641723632812,3.278633749,fixed,1,access-plus-rate-deterministic,1,8
2,8,1,8192,1048576,1048576,cycle,8,random,os-getrandom,random-old-and-new-paths,post,538,101704,0.09699249267578125,3.365983104,fixed,1,access-plus-rate-deterministic,1,8
2,8,1,8192,1048576,1048576,cycle,8,random,os-getrandom,random-old-and-new-paths,post,539,95590,0.09116172790527344,3.455427920,fixed,1,access-plus-rate-deterministic,1,8
2,8,1,8192,1048576,1048576,cycle,8,random,os-getrandom,random-old-and-new-paths,post,540,89780,0.08562088012695312,3.545893524,fixed,1,access-plus-rate-deterministic,1,8
2,8,1,8192,1048576,1048576,cycle,8,random,os-getrandom,random-old-and-new-paths,post,541,84254,0.08035087585449219,3.637542440,fixed,1,access-plus-rate-deterministic,1,8
2,8,1,8192,1048576,1048576,cycle,8,random,os-getrandom,random-old-and-new-paths,post,542,78850,0.07519721984863281,3.733176865,fixed,1,access-plus-rate-deterministic,1,8
2,8,1,8192,1048576,1048576,cycle,8,random,os-getrandom,random-old-and-new-paths,post,543,73690,0.07027626037597656,3.830818767,fixed,1,access-plus-rate-deterministic,1,8
2,8,1,8192,1048576,1048576,cycle,8,random,os-getrandom,random-old-and-new-paths,post,544,68669,0.06548786163330078,3.932628666,fixed,1,access-plus-rate-deterministic,1,8
2,8,1,8192,1048576,1048576,cycle,8,random,os-getrandom,random-old-and-new-paths,post,545,63718,0.06076622009277344,4.040586637,fixed,1,access-plus-rate-deterministic,1,8
2,8,1,8192,1048576,1048576,cycle,8,random,os-getrandom,random-old-and-new-paths,post,546,58882,0.05615425109863281,4.154460945,fixed,1,access-plus-rate-deterministic,1,8
2,8,1,8192,1048576,1048576,cycle,8,random,os-getrandom,random-old-and-new-paths,post,547,54113,0.05160617828369141,4.276312395,fixed,1,access-plus-rate-deterministic,1,8
2,8,1,8192,1048576,1048576,cycle,8,random,os-getrandom,random-old-and-new-paths,post,548,49506,0.04721260070800781,4.404684234,fixed,1,access-plus-rate-deterministic,1,8
2,8,1,8192,1048576,1048576,cycle,8,random,os-getrandom,random-old-and-new-paths,post,549,45299,0.04320049285888672,4.532808418,fixed,1,access-plus-rate-deterministic,1,8
2,8,1,8192,1048576,1048576,cycle,8,random,os-getrandom,random-old-and-new-paths,post,550,41300,0.03938674926757812,4.666145839,fixed,1,access-plus-rate-deterministic,1,8
2,8,1,8192,1048576,1048576,cycle,8,random,os-getrandom,random-old-and-new-paths,post,551,37400,0.03566741943359375,4.809249350,fixed,1,access-plus-rate-deterministic,1,8
2,8,1,8192,1048576,1048576,cycle,8,random,os-getrandom,random-old-and-new-paths,post,552,33902,0.03233146667480469,4.950917235,fixed,1,access-plus-rate-deterministic,1,8
2,8,1,8192,1048576,1048576,cycle,8,random,os-getrandom,random-old-and-new-paths,post,553,30600,0.02918243408203125,5.098755968,fixed,1,access-plus-rate-deterministic,1,8
2,8,1,8192,1048576,1048576,cycle,8,random,os-getrandom,random-old-and-new-paths,post,554,27446,0.02617454528808594,5.255691715,fixed,1,access-plus-rate-deterministic,1,8
2,8,1,8192,1048576,1048576,cycle,8,random,os-getrandom,random-old-and-new-paths,post,555,24538,0.02340126037597656,5.417269955,fixed,1,access-plus-rate-deterministic,1,8
2,8,1,8192,1048576,1048576,cycle,8,random,os-getrandom,random-old-and-new-paths,post,556,22040,0.02101898193359375,5.572163397,fixed,1,access-plus-rate-deterministic,1,8
2,8,1,8192,1048576,1048576,cycle,8,random,os-getrandom,random-old-and-new-paths,post,557,19672,0.01876068115234375,5.736143980,fixed,1,access-plus-rate-deterministic,1,8
2,8,1,8192,1048576,1048576,cycle,8,random,os-getrandom,random-old-and-new-paths,post,558,17479,0.01666927337646484,5.906664972,fixed,1,access-plus-rate-deterministic,1,8
2,8,1,8192,1048576,1048576,cycle,8,random,os-getrandom,random-old-and-new-paths,post,559,15624,0.01490020751953125,6.068523766,fixed,1,access-plus-rate-deterministic,1,8
2,8,1,8192,1048576,1048576,cycle,8,random,os-getrandom,random-old-and-new-paths,post,560,13907,0.01326274871826172,6.236476383,fixed,1,access-plus-rate-deterministic,1,8
2,8,1,8192,1048576,1048576,cycle,8,random,os-getrandom,random-old-and-new-paths,post,561,12374,0.01180076599121094,6.404975681,fixed,1,access-plus-rate-deterministic,1,8
2,8,1,8192,1048576,1048576,cycle,8,random,os-getrandom,random-old-and-new-paths,post,562,10998,0.01048851013183594,6.575046429,fixed,1,access-plus-rate-deterministic,1,8
2,8,1,8192,1048576,1048576,cycle,8,random,os-getrandom,random-old-and-new-paths,post,563,9782,0.00932884216308594,6.744086251,fixed,1,access-plus-rate-deterministic,1,8
2,8,1,8192,1048576,1048576,cycle,8,random,os-getrandom,random-old-and-new-paths,post,564,8681,0.00827884674072266,6.916354473,fixed,1,access-plus-rate-deterministic,1,8
2,8,1,8192,1048576,1048576,cycle,8,random,os-getrandom,random-old-and-new-paths,post,565,7661,0.00730609893798828,7.096682994,fixed,1,access-plus-rate-deterministic,1,8
2,8,1,8192,1048576,1048576,cycle,8,random,os-getrandom,random-old-and-new-paths,post,566,6706,0.00639533996582031,7.288763232,fixed,1,access-plus-rate-deterministic,1,8
2,8,1,8192,1048576,1048576,cycle,8,random,os-getrandom,random-old-and-new-paths,post,567,5833,0.00556278228759766,7.489977641,fixed,1,access-plus-rate-deterministic,1,8
2,8,1,8192,1048576,1048576,cycle,8,random,os-getrandom,random-old-and-new-paths,post,568,5111,0.00487422943115234,7.680610124,fixed,1,access-plus-rate-deterministic,1,8
2,8,1,8192,1048576,1048576,cycle,8,random,os-getrandom,random-old-and-new-paths,post,569,4478,0.00427055358886719,7.871361187,fixed,1,access-plus-rate-deterministic,1,8
2,8,1,8192,1048576,1048576,cycle,8,random,os-getrandom,random-old-and-new-paths,post,570,3864,0.00368499755859375,8.084120621,fixed,1,access-plus-rate-deterministic,1,8
2,8,1,8192,1048576,1048576,cycle,8,random,os-getrandom,random-old-and-new-paths,post,571,3373,0.00321674346923828,8.280183397,fixed,1,access-plus-rate-deterministic,1,8
2,8,1,8192,1048576,1048576,cycle,8,random,os-getrandom,random-old-and-new-paths,post,572,2911,0.00277614593505859,8.492700876,fixed,1,access-plus-rate-deterministic,1,8
2,8,1,8192,1048576,1048576,cycle,8,random,os-getrandom,random-old-and-new-paths,post,573,2547,0.00242900848388672,8.685416756,fixed,1,access-plus-rate-deterministic,1,8
2,8,1,8192,1048576,1048576,cycle,8,random,os-getrandom,random-old-and-new-paths,post,574,2193,0.00209140777587891,8.901309903,fixed,1,access-plus-rate-deterministic,1,8
2,8,1,8192,1048576,1048576,cycle,8,random,os-getrandom,random-old-and-new-paths,post,575,1881,0.00179386138916016,9.122715866,fixed,1,access-plus-rate-deterministic,1,8
2,8,1,8192,1048576,1048576,cycle,8,random,os-getrandom,random-old-and-new-paths,post,576,1585,0.00151157379150391,9.369732875,fixed,1,access-plus-rate-deterministic,1,8
2,8,1,8192,1048576,1048576,cycle,8,random,os-getrandom,random-old-and-new-paths,post,577,1325,0.00126361846923828,9.628223356,fixed,1,access-plus-rate-deterministic,1,8
2,8,1,8192,1048576,1048576,cycle,8,random,os-getrandom,random-old-and-new-paths,post,578,1073,0.00102329254150391,9.932565639,fixed,1,access-plus-rate-deterministic,1,8
2,8,1,8192,1048576,1048576,cycle,8,random,os-getrandom,random-old-and-new-paths,post,579,866,0.00082588195800781,10.241776785,fixed,1,access-plus-rate-deterministic,1,8
2,8,1,8192,1048576,1048576,cycle,8,random,os-getrandom,random-old-and-new-paths,post,580,691,0.00065898895263672,10.567458100,fixed,1,access-plus-rate-deterministic,1,8
2,8,1,8192,1048576,1048576,cycle,8,random,os-getrandom,random-old-and-new-paths,post,581,544,0.00051879882812500,10.912537159,fixed,1,access-plus-rate-deterministic,1,8
2,8,1,8192,1048576,1048576,cycle,8,random,os-getrandom,random-old-and-new-paths,post,582,444,0.00042343139648438,11.205584134,fixed,1,access-plus-rate-deterministic,1,8
2,8,1,8192,1048576,1048576,cycle,8,random,os-getrandom,random-old-and-new-paths,post,583,372,0.00035476684570312,11.460841189,fixed,1,access-plus-rate-deterministic,1,8
2,8,1,8192,1048576,1048576,cycle,8,random,os-getrandom,random-old-and-new-paths,post,584,335,0.00031948089599609,11.611982715,fixed,1,access-plus-rate-deterministic,1,8
2,8,1,8192,1048576,1048576,cycle,8,random,os-getrandom,random-old-and-new-paths,post,585,300,0.00028610229492188,11.771181310,fixed,1,access-plus-rate-deterministic,1,8
2,8,1,8192,1048576,1048576,cycle,8,random,os-getrandom,random-old-and-new-paths,post,586,278,0.00026512145996094,11.881058927,fixed,1,access-plus-rate-deterministic,1,8
2,8,1,8192,1048576,1048576,cycle,8,random,os-getrandom,random-old-and-new-paths,post,587,255,0.00024318695068359,12.005646563,fixed,1,access-plus-rate-deterministic,1,8
2,8,1,8192,1048576,1048576,cycle,8,random,os-getrandom,random-old-and-new-paths,post,588,231,0.00022029876708984,12.148250959,fixed,1,access-plus-rate-deterministic,1,8
2,8,1,8192,1048576,1048576,cycle,8,random,os-getrandom,random-old-and-new-paths,post,589,205,0.00019550323486328,12.320519900,fixed,1,access-plus-rate-deterministic,1,8
2,8,1,8192,1048576,1048576,cycle,8,random,os-getrandom,random-old-and-new-paths,post,590,179,0.00017070770263672,12.516184223,fixed,1,access-plus-rate-deterministic,1,8
2,8,1,8192,1048576,1048576,cycle,8,random,os-getrandom,random-old-and-new-paths,post,591,151,0.00014400482177734,12.761595261,fixed,1,access-plus-rate-deterministic,1,8
2,8,1,8192,1048576,1048576,cycle,8,random,os-getrandom,random-old-and-new-paths,post,592,118,0.00011253356933594,13.117356951,fixed,1,access-plus-rate-deterministic,1,8
2,8,1,8192,1048576,1048576,cycle,8,random,os-getrandom,random-old-and-new-paths,post,593,84,0.00008010864257812,13.607682577,fixed,1,access-plus-rate-deterministic,1,8
2,8,1,8192,1048576,1048576,cycle,8,random,os-getrandom,random-old-and-new-paths,post,594,48,0.00004577636718750,14.415037499,fixed,1,access-plus-rate-deterministic,1,8
2,8,1,8192,1048576,1048576,cycle,8,random,os-getrandom,random-old-and-new-paths,post,595,25,0.00002384185791016,15.356143810,fixed,1,access-plus-rate-deterministic,1,8
2,8,1,8192,1048576,1048576,cycle,8,random,os-getrandom,random-old-and-new-paths,post,596,12,0.00001144409179688,16.415037499,fixed,1,access-plus-rate-deterministic,1,8
2,8,1,8192,1048576,1048576,cycle,8,random,os-getrandom,random-old-and-new-paths,post,597,6,0.00000572204589844,17.415037499,fixed,1,access-plus-rate-deterministic,1,8
2,8,1,8192,1048576,1048576,cycle,8,random,os-getrandom,random-old-and-new-paths,post,598,1,0.00000095367431641,20.000000000,fixed,1,access-plus-rate-deterministic,1,8
2,8,1,8192,1048576,1048576,cycle,8,random,os-getrandom,random-old-and-new-paths,post,599,0,0.00000000000000000,inf,fixed,1,access-plus-rate-deterministic,1,8
2,8,1,8192,1048576,1048576,cycle,8,random,os-getrandom,random-old-and-new-paths,insertion,0,1048576,1.00000000000000000,-0.000000000,fixed,1,access-plus-rate-deterministic,1,8
2,8,1,8192,1048576,1048576,cycle,8,random,os-getrandom,random-old-and-new-paths,insertion,1,1048576,1.00000000000000000,-0.000000000,fixed,1,access-plus-rate-deterministic,1,8
2,8,1,8192,1048576,1048576,cycle,8,random,os-getrandom,random-old-and-new-paths,insertion,2,1048576,1.00000000000000000,-0.000000000,fixed,1,access-plus-rate-deterministic,1,8
2,8,1,8192,1048576,1048576,cycle,8,random,os-getrandom,random-old-and-new-paths,insertion,3,1048576,1.00000000000000000,-0.000000000,fixed,1,access-plus-rate-deterministic,1,8
2,8,1,8192,1048576,1048576,cycle,8,random,os-getrandom,random-old-and-new-paths,insertion,4,1048576,1.00000000000000000,-0.000000000,fixed,1,access-plus-rate-deterministic,1,8
2,8,1,8192,1048576,1048576,cycle,8,random,os-getrandom,random-old-and-new-paths,insertion,5,1048576,1.00000000000000000,-0.000000000,fixed,1,access-plus-rate-deterministic,1,8
2,8,1,8192,1048576,1048576,cycle,8,random,os-getrandom,random-old-and-new-paths,insertion,6,1048576,1.00000000000000000,-0.000000000,fixed,1,access-plus-rate-deterministic,1,8
2,8,1,8192,1048576,1048576,cycle,8,random,os-getrandom,random-old-and-new-paths,insertion,7,1048576,1.00000000000000000,-0.000000000,fixed,1,access-plus-rate-deterministic,1,8
2,8,1,8192,1048576,1048576,cycle,8,random,os-getrandom,random-old-and-new-paths,insertion,8,1048576,1.00000000000000000,-0.000000000,fixed,1,access-plus-rate-deterministic,1,8
2,8,1,8192,1048576,1048576,cycle,8,random,os-getrandom,random-old-and-new-paths,insertion,9,1048576,1.00000000000000000,-0.000000000,fixed,1,access-plus-rate-deterministic,1,8
2,8,1,8192,1048576,1048576,cycle,8,random,os-getrandom,random-old-and-new-paths,insertion,10,1048576,1.00000000000000000,-0.000000000,fixed,1,access-plus-rate-deterministic,1,8
2,8,1,8192,1048576,1048576,cycle,8,random,os-getrandom,random-old-and-new-paths,insertion,11,1048576,1.00000000000000000,-0.000000000,fixed,1,access-plus-rate-deterministic,1,8
2,8,1,8192,1048576,1048576,cycle,8,random,os-getrandom,random-old-and-new-paths,insertion,12,1048576,1.00000000000000000,-0.000000000,fixed,1,access-plus-rate-deterministic,1,8
2,8,1,8192,1048576,1048576,cycle,8,random,os-getrandom,random-old-and-new-paths,insertion,13,1048576,1.00000000000000000,-0.000000000,fixed,1,access-plus-rate-deterministic,1,8
2,8,1,8192,1048576,1048576,cycle,8,random,os-getrandom,random-old-and-new-paths,insertion,14,1048576,1.00000000000000000,-0.000000000,fixed,1,access-plus-rate-deterministic,1,8
2,8,1,8192,1048576,1048576,cycle,8,random,os-getrandom,random-old-and-new-paths,insertion,15,1048576,1.00000000000000000,-0.000000000,fixed,1,access-plus-rate-deterministic,1,8
2,8,1,8192,1048576,1048576,cycle,8,random,os-getrandom,random-old-and-new-paths,insertion,16,1048576,1.00000000000000000,-0.000000000,fixed,1,access-plus-rate-deterministic,1,8
2,8,1,8192,1048576,1048576,cycle,8,random,os-getrandom,random-old-and-new-paths,insertion,17,1048576,1.00000000000000000,-0.000000000,fixed,1,access-plus-rate-deterministic,1,8
2,8,1,8192,1048576,1048576,cycle,8,random,os-getrandom,random-old-and-new-paths,insertion,18,1048576,1.00000000000000000,-0.000000000,fixed,1,access-plus-rate-deterministic,1,8
2,8,1,8192,1048576,1048576,cycle,8,random,os-getrandom,random-old-and-new-paths,insertion,19,1048576,1.00000000000000000,-0.000000000,fixed,1,access-plus-rate-deterministic,1,8
2,8,1,8192,1048576,1048576,cycle,8,random,os-getrandom,random-old-and-new-paths,insertion,20,1048576,1.00000000000000000,-0.000000000,fixed,1,access-plus-rate-deterministic,1,8
2,8,1,8192,1048576,1048576,cycle,8,random,os-getrandom,random-old-and-new-paths,insertion,21,1048576,1.00000000000000000,-0.000000000,fixed,1,access-plus-rate-deterministic,1,8
2,8,1,8192,1048576,1048576,cycle,8,random,os-getrandom,random-old-and-new-paths,insertion,22,1048576,1.00000000000000000,-0.000000000,fixed,1,access-plus-rate-deterministic,1,8
2,8,1,8192,1048576,1048576,cycle,8,random,os-getrandom,random-old-and-new-paths,insertion,23,1048576,1.00000000000000000,-0.000000000,fixed,1,access-plus-rate-deterministic,1,8
2,8,1,8192,1048576,1048576,cycle,8,random,os-getrandom,random-old-and-new-paths,insertion,24,1048576,1.00000000000000000,-0.000000000,fixed,1,access-plus-rate-deterministic,1,8
2,8,1,8192,1048576,1048576,cycle,8,random,os-getrandom,random-old-and-new-paths,insertion,25,1048576,1.00000000000000000,-0.000000000,fixed,1,access-plus-rate-deterministic,1,8
2,8,1,8192,1048576,1048576,cycle,8,random,os-getrandom,random-old-and-new-paths,insertion,26,1048576,1.00000000000000000,-0.000000000,fixed,1,access-plus-rate-deterministic,1,8
2,8,1,8192,1048576,1048576,cycle,8,random,os-getrandom,random-old-and-new-paths,insertion,27,1048576,1.00000000000000000,-0.000000000,fixed,1,access-plus-rate-deterministic,1,8
2,8,1,8192,1048576,1048576,cycle,8,random,os-getrandom,random-old-and-new-paths,insertion,28,1048576,1.00000000000000000,-0.000000000,fixed,1,access-plus-rate-deterministic,1,8
2,8,1,8192,1048576,1048576,cycle,8,random,os-getrandom,random-old-and-new-paths,insertion,29,1048576,1.00000000000000000,-0.000000000,fixed,1,access-plus-rate-deterministic,1,8
2,8,1,8192,1048576,1048576,cycle,8,random,os-getrandom,random-old-and-new-paths,insertion,30,1048576,1.00000000000000000,-0.000000000,fixed,1,access-plus-rate-deterministic,1,8
2,8,1,8192,1048576,1048576,cycle,8,random,os-getrandom,random-old-and-new-paths,insertion,31,1048576,1.00000000000000000,-0.000000000,fixed,1,access-plus-rate-deterministic,1,8
2,8,1,8192,1048576,1048576,cycle,8,random,os-getrandom,random-old-and-new-paths,insertion,32,1048576,1.00000000000000000,-0.000000000,fixed,1,access-plus-rate-deterministic,1,8
2,8,1,8192,1048576,1048576,cycle,8,random,os-getrandom,random-old-and-new-paths,insertion,33,1048576,1.00000000000000000,-0.000000000,fixed,1,access-plus-rate-deterministic,1,8
2,8,1,8192,1048576,1048576,cycle,8,random,os-getrandom,random-old-and-new-paths,insertion,34,1048576,1.00000000000000000,-0.000000000,fixed,1,access-plus-rate-deterministic,1,8
2,8,1,8192,1048576,1048576,cycle,8,random,os-getrandom,random-old-and-new-paths,insertion,35,1048576,1.00000000000000000,-0.000000000,fixed,1,access-plus-rate-deterministic,1,8
2,8,1,8192,1048576,1048576,cycle,8,random,os-getrandom,random-old-and-new-paths,insertion,36,1048576,1.00000000000000000,-0.000000000,fixed,1,access-plus-rate-deterministic,1,8
2,8,1,8192,1048576,1048576,cycle,8,random,os-getrandom,random-old-and-new-paths,insertion,37,1048576,1.00000000000000000,-0.000000000,fixed,1,access-plus-rate-deterministic,1,8
2,8,1,8192,1048576,1048576,cycle,8,random,os-getrandom,random-old-and-new-paths,insertion,38,1048576,1.00000000000000000,-0.000000000,fixed,1,access-plus-rate-deterministic,1,8
2,8,1,8192,1048576,1048576,cycle,8,random,os-getrandom,random-old-and-new-paths,insertion,39,1048576,1.00000000000000000,-0.000000000,fixed,1,access-plus-rate-deterministic,1,8
2,8,1,8192,1048576,1048576,cycle,8,random,os-getrandom,random-old-and-new-paths,insertion,40,1048576,1.00000000000000000,-0.000000000,fixed,1,access-plus-rate-deterministic,1,8
2,8,1,8192,1048576,1048576,cycle,8,random,os-getrandom,random-old-and-new-paths,insertion,41,1048576,1.00000000000000000,-0.000000000,fixed,1,access-plus-rate-deterministic,1,8
2,8,1,8192,1048576,1048576,cycle,8,random,os-getrandom,random-old-and-new-paths,insertion,42,1048576,1.00000000000000000,-0.000000000,fixed,1,access-plus-rate-deterministic,1,8
2,8,1,8192,1048576,1048576,cycle,8,random,os-getrandom,random-old-and-new-paths,insertion,43,1048576,1.00000000000000000,-0.000000000,fixed,1,access-plus-rate-deterministic,1,8
2,8,1,8192,1048576,1048576,cycle,8,random,os-getrandom,random-old-and-new-paths,insertion,44,1048576,1.00000000000000000,-0.000000000,fixed,1,access-plus-rate-deterministic,1,8
2,8,1,8192,1048576,1048576,cycle,8,random,os-getrandom,random-old-and-new-paths,insertion,45,1048576,1.00000000000000000,-0.000000000,fixed,1,access-plus-rate-deterministic,1,8
2,8,1,8192,1048576,1048576,cycle,8,random,os-getrandom,random-old-and-new-paths,insertion,46,1048576,1.00000000000000000,-0.000000000,fixed,1,access-plus-rate-deterministic,1,8
2,8,1,8192,1048576,1048576,cycle,8,random,os-getrandom,random-old-and-new-paths,insertion,47,1048576,1.00000000000000000,-0.000000000,fixed,1,access-plus-rate-deterministic,1,8
2,8,1,8192,1048576,1048576,cycle,8,random,os-getrandom,random-old-and-new-paths,insertion,48,1048576,1.00000000000000000,-0.000000000,fixed,1,access-plus-rate-deterministic,1,8
2,8,1,8192,1048576,1048576,cycle,8,random,os-getrandom,random-old-and-new-paths,insertion,49,1048576,1.00000000000000000,-0.000000000,fixed,1,access-plus-rate-deterministic,1,8
2,8,1,8192,1048576,1048576,cycle,8,random,os-getrandom,random-old-and-new-paths,insertion,50,1048576,1.00000000000000000,-0.000000000,fixed,1,access-plus-rate-deterministic,1,8
2,8,1,8192,1048576,1048576,cycle,8,random,os-getrandom,random-old-and-new-paths,insertion,51,1048576,1.00000000000000000,-0.000000000,fixed,1,access-plus-rate-deterministic,1,8
2,8,1,8192,1048576,1048576,cycle,8,random,os-getrandom,random-old-and-new-paths,insertion,52,1048576,1.00000000000000000,-0.000000000,fixed,1,access-plus-rate-deterministic,1,8
2,8,1,8192,1048576,1048576,cycle,8,random,os-getrandom,random-old-and-new-paths,insertion,53,1048576,1.00000000000000000,-0.000000000,fixed,1,access-plus-rate-deterministic,1,8
2,8,1,8192,1048576,1048576,cycle,8,random,os-getrandom,random-old-and-new-paths,insertion,54,1048576,1.00000000000000000,-0.000000000,fixed,1,access-plus-rate-deterministic,1,8
2,8,1,8192,1048576,1048576,cycle,8,random,os-getrandom,random-old-and-new-paths,insertion,55,1048576,1.00000000000000000,-0.000000000,fixed,1,access-plus-rate-deterministic,1,8
2,8,1,8192,1048576,1048576,cycle,8,random,os-getrandom,random-old-and-new-paths,insertion,56,1048576,1.00000000000000000,-0.000000000,fixed,1,access-plus-rate-deterministic,1,8
2,8,1,8192,1048576,1048576,cycle,8,random,os-getrandom,random-old-and-new-paths,insertion,57,1048576,1.00000000000000000,-0.000000000,fixed,1,access-plus-rate-deterministic,1,8
2,8,1,8192,1048576,1048576,cycle,8,random,os-getrandom,random-old-and-new-paths,insertion,58,1048576,1.00000000000000000,-0.000000000,fixed,1,access-plus-rate-deterministic,1,8
2,8,1,8192,1048576,1048576,cycle,8,random,os-getrandom,random-old-and-new-paths,insertion,59,1048576,1.00000000000000000,-0.000000000,fixed,1,access-plus-rate-deterministic,1,8
2,8,1,8192,1048576,1048576,cycle,8,random,os-getrandom,random-old-and-new-paths,insertion,60,1048576,1.00000000000000000,-0.000000000,fixed,1,access-plus-rate-deterministic,1,8
2,8,1,8192,1048576,1048576,cycle,8,random,os-getrandom,random-old-and-new-paths,insertion,61,1048576,1.00000000000000000,-0.000000000,fixed,1,access-plus-rate-deterministic,1,8
2,8,1,8192,1048576,1048576,cycle,8,random,os-getrandom,random-old-and-new-paths,insertion,62,1048576,1.00000000000000000,-0.000000000,fixed,1,access-plus-rate-deterministic,1,8
2,8,1,8192,1048576,1048576,cycle,8,random,os-getrandom,random-old-and-new-paths,insertion,63,1048576,1.00000000000000000,-0.000000000,fixed,1,access-plus-rate-deterministic,1,8
2,8,1,8192,1048576,1048576,cycle,8,random,os-getrandom,random-old-and-new-paths,insertion,64,1048576,1.00000000000000000,-0.000000000,fixed,1,access-plus-rate-deterministic,1,8
2,8,1,8192,1048576,1048576,cycle,8,random,os-getrandom,random-old-and-new-paths,insertion,65,1048576,1.00000000000000000,-0.000000000,fixed,1,access-plus-rate-deterministic,1,8
2,8,1,8192,1048576,1048576,cycle,8,random,os-getrandom,random-old-and-new-paths,insertion,66,1048576,1.00000000000000000,-0.000000000,fixed,1,access-plus-rate-deterministic,1,8
2,8,1,8192,1048576,1048576,cycle,8,random,os-getrandom,random-old-and-new-paths,insertion,67,1048576,1.00000000000000000,-0.000000000,fixed,1,access-plus-rate-deterministic,1,8
2,8,1,8192,1048576,1048576,cycle,8,random,os-getrandom,random-old-and-new-paths,insertion,68,1048576,1.00000000000000000,-0.000000000,fixed,1,access-plus-rate-deterministic,1,8
2,8,1,8192,1048576,1048576,cycle,8,random,os-getrandom,random-old-and-new-paths,insertion,69,1048576,1.00000000000000000,-0.000000000,fixed,1,access-plus-rate-deterministic,1,8
2,8,1,8192,1048576,1048576,cycle,8,random,os-getrandom,random-old-and-new-paths,insertion,70,1048576,1.00000000000000000,-0.000000000,fixed,1,access-plus-rate-deterministic,1,8
2,8,1,8192,1048576,1048576,cycle,8,random,os-getrandom,random-old-and-new-paths,insertion,71,1048576,1.00000000000000000,-0.000000000,fixed,1,access-plus-rate-deterministic,1,8
2,8,1,8192,1048576,1048576,cycle,8,random,os-getrandom,random-old-and-new-paths,insertion,72,1048576,1.00000000000000000,-0.000000000,fixed,1,access-plus-rate-deterministic,1,8
2,8,1,8192,1048576,1048576,cycle,8,random,os-getrandom,random-old-and-new-paths,insertion,73,1048576,1.00000000000000000,-0.000000000,fixed,1,access-plus-rate-deterministic,1,8
2,8,1,8192,1048576,1048576,cycle,8,random,os-getrandom,random-old-and-new-paths,insertion,74,1048576,1.00000000000000000,-0.000000000,fixed,1,access-plus-rate-deterministic,1,8
2,8,1,8192,1048576,1048576,cycle,8,random,os-getrandom,random-old-and-new-paths,insertion,75,1048576,1.00000000000000000,-0.000000000,fixed,1,access-plus-rate-deterministic,1,8
2,8,1,8192,1048576,1048576,cycle,8,random,os-getrandom,random-old-and-new-paths,insertion,76,1048576,1.00000000000000000,-0.000000000,fixed,1,access-plus-rate-deterministic,1,8
2,8,1,8192,1048576,1048576,cycle,8,random,os-getrandom,random-old-and-new-paths,insertion,77,1048576,1.00000000000000000,-0.000000000,fixed,1,access-plus-rate-deterministic,1,8
2,8,1,8192,1048576,1048576,cycle,8,random,os-getrandom,random-old-and-new-paths,insertion,78,1048576,1.00000000000000000,-0.000000000,fixed,1,access-plus-rate-deterministic,1,8
2,8,1,8192,1048576,1048576,cycle,8,random,os-getrandom,random-old-and-new-paths,insertion,79,1048576,1.00000000000000000,-0.000000000,fixed,1,access-plus-rate-deterministic,1,8
2,8,1,8192,1048576,1048576,cycle,8,random,os-getrandom,random-old-and-new-paths,insertion,80,1048576,1.00000000000000000,-0.000000000,fixed,1,access-plus-rate-deterministic,1,8
2,8,1,8192,1048576,1048576,cycle,8,random,os-getrandom,random-old-and-new-paths,insertion,81,1048576,1.00000000000000000,-0.000000000,fixed,1,access-plus-rate-deterministic,1,8
2,8,1,8192,1048576,1048576,cycle,8,random,os-getrandom,random-old-and-new-paths,insertion,82,1048576,1.00000000000000000,-0.000000000,fixed,1,access-plus-rate-deterministic,1,8
2,8,1,8192,1048576,1048576,cycle,8,random,os-getrandom,random-old-and-new-paths,insertion,83,1048576,1.00000000000000000,-0.000000000,fixed,1,access-plus-rate-deterministic,1,8
2,8,1,8192,1048576,1048576,cycle,8,random,os-getrandom,random-old-and-new-paths,insertion,84,1048576,1.00000000000000000,-0.000000000,fixed,1,access-plus-rate-deterministic,1,8
2,8,1,8192,1048576,1048576,cycle,8,random,os-getrandom,random-old-and-new-paths,insertion,85,1048576,1.00000000000000000,-0.000000000,fixed,1,access-plus-rate-deterministic,1,8
2,8,1,8192,1048576,1048576,cycle,8,random,os-getrandom,random-old-and-new-paths,insertion,86,1048576,1.00000000000000000,-0.000000000,fixed,1,access-plus-rate-deterministic,1,8
2,8,1,8192,1048576,1048576,cycle,8,random,os-getrandom,random-old-and-new-paths,insertion,87,1048576,1.00000000000000000,-0.000000000,fixed,1,access-plus-rate-deterministic,1,8
2,8,1,8192,1048576,1048576,cycle,8,random,os-getrandom,random-old-and-new-paths,insertion,88,1048576,1.00000000000000000,-0.000000000,fixed,1,access-plus-rate-deterministic,1,8
2,8,1,8192,1048576,1048576,cycle,8,random,os-getrandom,random-old-and-new-paths,insertion,89,1048576,1.00000000000000000,-0.000000000,fixed,1,access-plus-rate-deterministic,1,8
2,8,1,8192,1048576,1048576,cycle,8,random,os-getrandom,random-old-and-new-paths,insertion,90,1048576,1.00000000000000000,-0.000000000,fixed,1,access-plus-rate-deterministic,1,8
2,8,1,8192,1048576,1048576,cycle,8,random,os-getrandom,random-old-and-new-paths,insertion,91,1048576,1.00000000000000000,-0.000000000,fixed,1,access-plus-rate-deterministic,1,8
2,8,1,8192,1048576,1048576,cycle,8,random,os-getrandom,random-old-and-new-paths,insertion,92,1048576,1.00000000000000000,-0.000000000,fixed,1,access-plus-rate-deterministic,1,8
2,8,1,8192,1048576,1048576,cycle,8,random,os-getrandom,random-old-and-new-paths,insertion,93,1048576,1.00000000000000000,-0.000000000,fixed,1,access-plus-rate-deterministic,1,8
2,8,1,8192,1048576,1048576,cycle,8,random,os-getrandom,random-old-and-new-paths,insertion,94,1048576,1.00000000000000000,-0.000000000,fixed,1,access-plus-rate-deterministic,1,8
2,8,1,8192,1048576,1048576,cycle,8,random,os-getrandom,random-old-and-new-paths,insertion,95,1048576,1.00000000000000000,-0.000000000,fixed,1,access-plus-rate-deterministic,1,8
2,8,1,8192,1048576,1048576,cycle,8,random,os-getrandom,random-old-and-new-paths,insertion,96,1048576,1.00000000000000000,-0.000000000,fixed,1,access-plus-rate-deterministic,1,8
2,8,1,8192,1048576,1048576,cycle,8,random,os-getrandom,random-old-and-new-paths,insertion,97,1048576,1.00000000000000000,-0.000000000,fixed,1,access-plus-rate-deterministic,1,8
2,8,1,8192,1048576,1048576,cycle,8,random,os-getrandom,random-old-and-new-paths,insertion,98,1048576,1.00000000000000000,-0.000000000,fixed,1,access-plus-rate-deterministic,1,8
2,8,1,8192,1048576,1048576,cycle,8,random,os-getrandom,random-old-and-new-paths,insertion,99,1048576,1.00000000000000000,-0.000000000,fixed,1,access-plus-rate-deterministic,1,8
2,8,1,8192,1048576,1048576,cycle,8,random,os-getrandom,random-old-and-new-paths,insertion,100,1048576,1.00000000000000000,-0.000000000,fixed,1,access-plus-rate-deterministic,1,8
2,8,1,8192,1048576,1048576,cycle,8,random,os-getrandom,random-old-and-new-paths,insertion,101,1048576,1.00000000000000000,-0.000000000,fixed,1,access-plus-rate-deterministic,1,8
2,8,1,8192,1048576,1048576,cycle,8,random,os-getrandom,random-old-and-new-paths,insertion,102,1048576,1.00000000000000000,-0.000000000,fixed,1,access-plus-rate-deterministic,1,8
2,8,1,8192,1048576,1048576,cycle,8,random,os-getrandom,random-old-and-new-paths,insertion,103,1048576,1.00000000000000000,-0.000000000,fixed,1,access-plus-rate-deterministic,1,8
2,8,1,8192,1048576,1048576,cycle,8,random,os-getrandom,random-old-and-new-paths,insertion,104,1048576,1.00000000000000000,-0.000000000,fixed,1,access-plus-rate-deterministic,1,8
2,8,1,8192,1048576,1048576,cycle,8,random,os-getrandom,random-old-and-new-paths,insertion,105,1048576,1.00000000000000000,-0.000000000,fixed,1,access-plus-rate-deterministic,1,8
2,8,1,8192,1048576,1048576,cycle,8,random,os-getrandom,random-old-and-new-paths,insertion,106,1048576,1.00000000000000000,-0.000000000,fixed,1,access-plus-rate-deterministic,1,8
2,8,1,8192,1048576,1048576,cycle,8,random,os-getrandom,random-old-and-new-paths,insertion,107,1048576,1.00000000000000000,-0.000000000,fixed,1,access-plus-rate-deterministic,1,8
2,8,1,8192,1048576,1048576,cycle,8,random,os-getrandom,random-old-and-new-paths,insertion,108,1048576,1.00000000000000000,-0.000000000,fixed,1,access-plus-rate-deterministic,1,8
2,8,1,8192,1048576,1048576,cycle,8,random,os-getrandom,random-old-and-new-paths,insertion,109,1048576,1.00000000000000000,-0.000000000,fixed,1,access-plus-rate-deterministic,1,8
2,8,1,8192,1048576,1048576,cycle,8,random,os-getrandom,random-old-and-new-paths,insertion,110,1048576,1.00000000000000000,-0.000000000,fixed,1,access-plus-rate-deterministic,1,8
2,8,1,8192,1048576,1048576,cycle,8,random,os-getrandom,random-old-and-new-paths,insertion,111,1048576,1.00000000000000000,-0.000000000,fixed,1,access-plus-rate-deterministic,1,8
2,8,1,8192,1048576,1048576,cycle,8,random,os-getrandom,random-old-and-new-paths,insertion,112,1048576,1.00000000000000000,-0.000000000,fixed,1,access-plus-rate-deterministic,1,8
2,8,1,8192,1048576,1048576,cycle,8,random,os-getrandom,random-old-and-new-paths,insertion,113,1048576,1.00000000000000000,-0.000000000,fixed,1,access-plus-rate-deterministic,1,8
2,8,1,8192,1048576,1048576,cycle,8,random,os-getrandom,random-old-and-new-paths,insertion,114,1048576,1.00000000000000000,-0.000000000,fixed,1,access-plus-rate-deterministic,1,8
2,8,1,8192,1048576,1048576,cycle,8,random,os-getrandom,random-old-and-new-paths,insertion,115,1048576,1.00000000000000000,-0.000000000,fixed,1,access-plus-rate-deterministic,1,8
2,8,1,8192,1048576,1048576,cycle,8,random,os-getrandom,random-old-and-new-paths,insertion,116,1048576,1.00000000000000000,-0.000000000,fixed,1,access-plus-rate-deterministic,1,8
2,8,1,8192,1048576,1048576,cycle,8,random,os-getrandom,random-old-and-new-paths,insertion,117,1048576,1.00000000000000000,-0.000000000,fixed,1,access-plus-rate-deterministic,1,8
2,8,1,8192,1048576,1048576,cycle,8,random,os-getrandom,random-old-and-new-paths,insertion,118,1048576,1.00000000000000000,-0.000000000,fixed,1,access-plus-rate-deterministic,1,8
2,8,1,8192,1048576,1048576,cycle,8,random,os-getrandom,random-old-and-new-paths,insertion,119,1048576,1.00000000000000000,-0.000000000,fixed,1,access-plus-rate-deterministic,1,8
2,8,1,8192,1048576,1048576,cycle,8,random,os-getrandom,random-old-and-new-paths,insertion,120,1048576,1.00000000000000000,-0.000000000,fixed,1,access-plus-rate-deterministic,1,8
2,8,1,8192,1048576,1048576,cycle,8,random,os-getrandom,random-old-and-new-paths,insertion,121,1048576,1.00000000000000000,-0.000000000,fixed,1,access-plus-rate-deterministic,1,8
2,8,1,8192,1048576,1048576,cycle,8,random,os-getrandom,random-old-and-new-paths,insertion,122,1048576,1.00000000000000000,-0.000000000,fixed,1,access-plus-rate-deterministic,1,8
2,8,1,8192,1048576,1048576,cycle,8,random,os-getrandom,random-old-and-new-paths,insertion,123,1048576,1.00000000000000000,-0.000000000,fixed,1,access-plus-rate-deterministic,1,8
2,8,1,8192,1048576,1048576,cycle,8,random,os-getrandom,random-old-and-new-paths,insertion,124,1048576,1.00000000000000000,-0.000000000,fixed,1,access-plus-rate-deterministic,1,8
2,8,1,8192,1048576,1048576,cycle,8,random,os-getrandom,random-old-and-new-paths,insertion,125,1048576,1.00000000000000000,-0.000000000,fixed,1,access-plus-rate-deterministic,1,8
2,8,1,8192,1048576,1048576,cycle,8,random,os-getrandom,random-old-and-new-paths,insertion,126,1048576,1.00000000000000000,-0.000000000,fixed,1,access-plus-rate-deterministic,1,8
2,8,1,8192,1048576,1048576,cycle,8,random,os-getrandom,random-old-and-new-paths,insertion,127,1048576,1.00000000000000000,-0.000000000,fixed,1,access-plus-rate-deterministic,1,8
2,8,1,8192,1048576,1048576,cycle,8,random,os-getrandom,random-old-and-new-paths,insertion,128,1048576,1.00000000000000000,-0.000000000,fixed,1,access-plus-rate-deterministic,1,8
2,8,1,8192,1048576,1048576,cycle,8,random,os-getrandom,random-old-and-new-paths,insertion,129,1048576,1.00000000000000000,-0.000000000,fixed,1,access-plus-rate-deterministic,1,8
2,8,1,8192,1048576,1048576,cycle,8,random,os-getrandom,random-old-and-new-paths,insertion,130,1048576,1.00000000000000000,-0.000000000,fixed,1,access-plus-rate-deterministic,1,8
2,8,1,8192,1048576,1048576,cycle,8,random,os-getrandom,random-old-and-new-paths,insertion,131,1048576,1.00000000000000000,-0.000000000,fixed,1,access-plus-rate-deterministic,1,8
2,8,1,8192,1048576,1048576,cycle,8,random,os-getrandom,random-old-and-new-paths,insertion,132,1048576,1.00000000000000000,-0.000000000,fixed,1,access-plus-rate-deterministic,1,8
2,8,1,8192,1048576,1048576,cycle,8,random,os-getrandom,random-old-and-new-paths,insertion,133,1048576,1.00000000000000000,-0.000000000,fixed,1,access-plus-rate-deterministic,1,8
2,8,1,8192,1048576,1048576,cycle,8,random,os-getrandom,random-old-and-new-paths,insertion,134,1048576,1.00000000000000000,-0.000000000,fixed,1,access-plus-rate-deterministic,1,8
2,8,1,8192,1048576,1048576,cycle,8,random,os-getrandom,random-old-and-new-paths,insertion,135,1048576,1.00000000000000000,-0.000000000,fixed,1,access-plus-rate-deterministic,1,8
2,8,1,8192,1048576,1048576,cycle,8,random,os-getrandom,random-old-and-new-paths,insertion,136,1048576,1.00000000000000000,-0.000000000,fixed,1,access-plus-rate-deterministic,1,8
2,8,1,8192,1048576,1048576,cycle,8,random,os-getrandom,random-old-and-new-paths,insertion,137,1048576,1.00000000000000000,-0.000000000,fixed,1,access-plus-rate-deterministic,1,8
2,8,1,8192,1048576,1048576,cycle,8,random,os-getrandom,random-old-and-new-paths,insertion,138,1048576,1.00000000000000000,-0.000000000,fixed,1,access-plus-rate-deterministic,1,8
2,8,1,8192,1048576,1048576,cycle,8,random,os-getrandom,random-old-and-new-paths,insertion,139,1048576,1.00000000000000000,-0.000000000,fixed,1,access-plus-rate-deterministic,1,8
2,8,1,8192,1048576,1048576,cycle,8,random,os-getrandom,random-old-and-new-paths,insertion,140,1048576,1.00000000000000000,-0.000000000,fixed,1,access-plus-rate-deterministic,1,8
2,8,1,8192,1048576,1048576,cycle,8,random,os-getrandom,random-old-and-new-paths,insertion,141,1048576,1.00000000000000000,-0.000000000,fixed,1,access-plus-rate-deterministic,1,8
2,8,1,8192,1048576,1048576,cycle,8,random,os-getrandom,random-old-and-new-paths,insertion,142,1048576,1.00000000000000000,-0.000000000,fixed,1,access-plus-rate-deterministic,1,8
2,8,1,8192,1048576,1048576,cycle,8,random,os-getrandom,random-old-and-new-paths,insertion,143,1048576,1.00000000000000000,-0.000000000,fixed,1,access-plus-rate-deterministic,1,8
2,8,1,8192,1048576,1048576,cycle,8,random,os-getrandom,random-old-and-new-paths,insertion,144,1048576,1.00000000000000000,-0.000000000,fixed,1,access-plus-rate-deterministic,1,8
2,8,1,8192,1048576,1048576,cycle,8,random,os-getrandom,random-old-and-new-paths,insertion,145,1048576,1.00000000000000000,-0.000000000,fixed,1,access-plus-rate-deterministic,1,8
2,8,1,8192,1048576,1048576,cycle,8,random,os-getrandom,random-old-and-new-paths,insertion,146,1048576,1.00000000000000000,-0.000000000,fixed,1,access-plus-rate-deterministic,1,8
2,8,1,8192,1048576,1048576,cycle,8,random,os-getrandom,random-old-and-new-paths,insertion,147,1048576,1.00000000000000000,-0.000000000,fixed,1,access-plus-rate-deterministic,1,8
2,8,1,8192,1048576,1048576,cycle,8,random,os-getrandom,random-old-and-new-paths,insertion,148,1048576,1.00000000000000000,-0.000000000,fixed,1,access-plus-rate-deterministic,1,8
2,8,1,8192,1048576,1048576,cycle,8,random,os-getrandom,random-old-and-new-paths,insertion,149,1048576,1.00000000000000000,-0.000000000,fixed,1,access-plus-rate-deterministic,1,8
2,8,1,8192,1048576,1048576,cycle,8,random,os-getrandom,random-old-and-new-paths,insertion,150,1048576,1.00000000000000000,-0.000000000,fixed,1,access-plus-rate-deterministic,1,8
2,8,1,8192,1048576,1048576,cycle,8,random,os-getrandom,random-old-and-new-paths,insertion,151,1048576,1.00000000000000000,-0.000000000,fixed,1,access-plus-rate-deterministic,1,8
2,8,1,8192,1048576,1048576,cycle,8,random,os-getrandom,random-old-and-new-paths,insertion,152,1048576,1.00000000000000000,-0.000000000,fixed,1,access-plus-rate-deterministic,1,8
2,8,1,8192,1048576,1048576,cycle,8,random,os-getrandom,random-old-and-new-paths,insertion,153,1048576,1.00000000000000000,-0.000000000,fixed,1,access-plus-rate-deterministic,1,8
2,8,1,8192,1048576,1048576,cycle,8,random,os-getrandom,random-old-and-new-paths,insertion,154,1048576,1.00000000000000000,-0.000000000,fixed,1,access-plus-rate-deterministic,1,8
2,8,1,8192,1048576,1048576,cycle,8,random,os-getrandom,random-old-and-new-paths,insertion,155,1048576,1.00000000000000000,-0.000000000,fixed,1,access-plus-rate-deterministic,1,8
2,8,1,8192,1048576,1048576,cycle,8,random,os-getrandom,random-old-and-new-paths,insertion,156,1048576,1.00000000000000000,-0.000000000,fixed,1,access-plus-rate-deterministic,1,8
2,8,1,8192,1048576,1048576,cycle,8,random,os-getrandom,random-old-and-new-paths,insertion,157,1048576,1.00000000000000000,-0.000000000,fixed,1,access-plus-rate-deterministic,1,8
2,8,1,8192,1048576,1048576,cycle,8,random,os-getrandom,random-old-and-new-paths,insertion,158,1048576,1.00000000000000000,-0.000000000,fixed,1,access-plus-rate-deterministic,1,8
2,8,1,8192,1048576,1048576,cycle,8,random,os-getrandom,random-old-and-new-paths,insertion,159,1048576,1.00000000000000000,-0.000000000,fixed,1,access-plus-rate-deterministic,1,8
2,8,1,8192,1048576,1048576,cycle,8,random,os-getrandom,random-old-and-new-paths,insertion,160,1048576,1.00000000000000000,-0.000000000,fixed,1,access-plus-rate-deterministic,1,8
2,8,1,8192,1048576,1048576,cycle,8,random,os-getrandom,random-old-and-new-paths,insertion,161,1048576,1.00000000000000000,-0.000000000,fixed,1,access-plus-rate-deterministic,1,8
2,8,1,8192,1048576,1048576,cycle,8,random,os-getrandom,random-old-and-new-paths,insertion,162,1048576,1.00000000000000000,-0.000000000,fixed,1,access-plus-rate-deterministic,1,8
2,8,1,8192,1048576,1048576,cycle,8,random,os-getrandom,random-old-and-new-paths,insertion,163,1048576,1.00000000000000000,-0.000000000,fixed,1,access-plus-rate-deterministic,1,8
2,8,1,8192,1048576,1048576,cycle,8,random,os-getrandom,random-old-and-new-paths,insertion,164,1048576,1.00000000000000000,-0.000000000,fixed,1,access-plus-rate-deterministic,1,8
2,8,1,8192,1048576,1048576,cycle,8,random,os-getrandom,random-old-and-new-paths,insertion,165,1048576,1.00000000000000000,-0.000000000,fixed,1,access-plus-rate-deterministic,1,8
2,8,1,8192,1048576,1048576,cycle,8,random,os-getrandom,random-old-and-new-paths,insertion,166,1048576,1.00000000000000000,-0.000000000,fixed,1,access-plus-rate-deterministic,1,8
2,8,1,8192,1048576,1048576,cycle,8,random,os-getrandom,random-old-and-new-paths,insertion,167,1048576,1.00000000000000000,-0.000000000,fixed,1,access-plus-rate-deterministic,1,8
2,8,1,8192,1048576,1048576,cycle,8,random,os-getrandom,random-old-and-new-paths,insertion,168,1048576,1.00000000000000000,-0.000000000,fixed,1,access-plus-rate-deterministic,1,8
2,8,1,8192,1048576,1048576,cycle,8,random,os-getrandom,random-old-and-new-paths,insertion,169,1048576,1.00000000000000000,-0.000000000,fixed,1,access-plus-rate-deterministic,1,8
2,8,1,8192,1048576,1048576,cycle,8,random,os-getrandom,random-old-and-new-paths,insertion,170,1048576,1.00000000000000000,-0.000000000,fixed,1,access-plus-rate-deterministic,1,8
2,8,1,8192,1048576,1048576,cycle,8,random,os-getrandom,random-old-and-new-paths,insertion,171,1048576,1.00000000000000000,-0.000000000,fixed,1,access-plus-rate-deterministic,1,8
2,8,1,8192,1048576,1048576,cycle,8,random,os-getrandom,random-old-and-new-paths,insertion,172,1048576,1.00000000000000000,-0.000000000,fixed,1,access-plus-rate-deterministic,1,8
2,8,1,8192,1048576,1048576,cycle,8,random,os-getrandom,random-old-and-new-paths,insertion,173,1048576,1.00000000000000000,-0.000000000,fixed,1,access-plus-rate-deterministic,1,8
2,8,1,8192,1048576,1048576,cycle,8,random,os-getrandom,random-old-and-new-paths,insertion,174,1048576,1.00000000000000000,-0.000000000,fixed,1,access-plus-rate-deterministic,1,8
2,8,1,8192,1048576,1048576,cycle,8,random,os-getrandom,random-old-and-new-paths,insertion,175,1048576,1.00000000000000000,-0.000000000,fixed,1,access-plus-rate-deterministic,1,8
2,8,1,8192,1048576,1048576,cycle,8,random,os-getrandom,random-old-and-new-paths,insertion,176,1048576,1.00000000000000000,-0.000000000,fixed,1,access-plus-rate-deterministic,1,8
2,8,1,8192,1048576,1048576,cycle,8,random,os-getrandom,random-old-and-new-paths,insertion,177,1048576,1.00000000000000000,-0.000000000,fixed,1,access-plus-rate-deterministic,1,8
2,8,1,8192,1048576,1048576,cycle,8,random,os-getrandom,random-old-and-new-paths,insertion,178,1048576,1.00000000000000000,-0.000000000,fixed,1,access-plus-rate-deterministic,1,8
2,8,1,8192,1048576,1048576,cycle,8,random,os-getrandom,random-old-and-new-paths,insertion,179,1048576,1.00000000000000000,-0.000000000,fixed,1,access-plus-rate-deterministic,1,8
2,8,1,8192,1048576,1048576,cycle,8,random,os-getrandom,random-old-and-new-paths,insertion,180,1048576,1.00000000000000000,-0.000000000,fixed,1,access-plus-rate-deterministic,1,8
2,8,1,8192,1048576,1048576,cycle,8,random,os-getrandom,random-old-and-new-paths,insertion,181,1048576,1.00000000000000000,-0.000000000,fixed,1,access-plus-rate-deterministic,1,8
2,8,1,8192,1048576,1048576,cycle,8,random,os-getrandom,random-old-and-new-paths,insertion,182,1048576,1.00000000000000000,-0.000000000,fixed,1,access-plus-rate-deterministic,1,8
2,8,1,8192,1048576,1048576,cycle,8,random,os-getrandom,random-old-and-new-paths,insertion,183,1048576,1.00000000000000000,-0.000000000,fixed,1,access-plus-rate-deterministic,1,8
2,8,1,8192,1048576,1048576,cycle,8,random,os-getrandom,random-old-and-new-paths,insertion,184,1048576,1.00000000000000000,-0.000000000,fixed,1,access-plus-rate-deterministic,1,8
2,8,1,8192,1048576,1048576,cycle,8,random,os-getrandom,random-old-and-new-paths,insertion,185,1048576,1.00000000000000000,-0.000000000,fixed,1,access-plus-rate-deterministic,1,8
2,8,1,8192,1048576,1048576,cycle,8,random,os-getrandom,random-old-and-new-paths,insertion,186,1048576,1.00000000000000000,-0.000000000,fixed,1,access-plus-rate-deterministic,1,8
2,8,1,8192,1048576,1048576,cycle,8,random,os-getrandom,random-old-and-new-paths,insertion,187,1048576,1.00000000000000000,-0.000000000,fixed,1,access-plus-rate-deterministic,1,8
2,8,1,8192,1048576,1048576,cycle,8,random,os-getrandom,random-old-and-new-paths,insertion,188,1048576,1.00000000000000000,-0.000000000,fixed,1,access-plus-rate-deterministic,1,8
2,8,1,8192,1048576,1048576,cycle,8,random,os-getrandom,random-old-and-new-paths,insertion,189,1048576,1.00000000000000000,-0.000000000,fixed,1,access-plus-rate-deterministic,1,8
2,8,1,8192,1048576,1048576,cycle,8,random,os-getrandom,random-old-and-new-paths,insertion,190,1048576,1.00000000000000000,-0.000000000,fixed,1,access-plus-rate-deterministic,1,8
2,8,1,8192,1048576,1048576,cycle,8,random,os-getrandom,random-old-and-new-paths,insertion,191,1048576,1.00000000000000000,-0.000000000,fixed,1,access-plus-rate-deterministic,1,8
2,8,1,8192,1048576,1048576,cycle,8,random,os-getrandom,random-old-and-new-paths,insertion,192,1048576,1.00000000000000000,-0.000000000,fixed,1,access-plus-rate-deterministic,1,8
2,8,1,8192,1048576,1048576,cycle,8,random,os-getrandom,random-old-and-new-paths,insertion,193,1048576,1.00000000000000000,-0.000000000,fixed,1,access-plus-rate-deterministic,1,8
2,8,1,8192,1048576,1048576,cycle,8,random,os-getrandom,random-old-and-new-paths,insertion,194,1048576,1.00000000000000000,-0.000000000,fixed,1,access-plus-rate-deterministic,1,8
2,8,1,8192,1048576,1048576,cycle,8,random,os-getrandom,random-old-and-new-paths,insertion,195,1048576,1.00000000000000000,-0.000000000,fixed,1,access-plus-rate-deterministic,1,8
2,8,1,8192,1048576,1048576,cycle,8,random,os-getrandom,random-old-and-new-paths,insertion,196,1048576,1.00000000000000000,-0.000000000,fixed,1,access-plus-rate-deterministic,1,8
2,8,1,8192,1048576,1048576,cycle,8,random,os-getrandom,random-old-and-new-paths,insertion,197,1048576,1.00000000000000000,-0.000000000,fixed,1,access-plus-rate-deterministic,1,8
2,8,1,8192,1048576,1048576,cycle,8,random,os-getrandom,random-old-and-new-paths,insertion,198,1048576,1.00000000000000000,-0.000000000,fixed,1,access-plus-rate-deterministic,1,8
2,8,1,8192,1048576,1048576,cycle,8,random,os-getrandom,random-old-and-new-paths,insertion,199,1048576,1.00000000000000000,-0.000000000,fixed,1,access-plus-rate-deterministic,1,8
2,8,1,8192,1048576,1048576,cycle,8,random,os-getrandom,random-old-and-new-paths,insertion,200,1048576,1.00000000000000000,-0.000000000,fixed,1,access-plus-rate-deterministic,1,8
2,8,1,8192,1048576,1048576,cycle,8,random,os-getrandom,random-old-and-new-paths,insertion,201,1048576,1.00000000000000000,-0.000000000,fixed,1,access-plus-rate-deterministic,1,8
2,8,1,8192,1048576,1048576,cycle,8,random,os-getrandom,random-old-and-new-paths,insertion,202,1048576,1.00000000000000000,-0.000000000,fixed,1,access-plus-rate-deterministic,1,8
2,8,1,8192,1048576,1048576,cycle,8,random,os-getrandom,random-old-and-new-paths,insertion,203,1048576,1.00000000000000000,-0.000000000,fixed,1,access-plus-rate-deterministic,1,8
2,8,1,8192,1048576,1048576,cycle,8,random,os-getrandom,random-old-and-new-paths,insertion,204,1048576,1.00000000000000000,-0.000000000,fixed,1,access-plus-rate-deterministic,1,8
2,8,1,8192,1048576,1048576,cycle,8,random,os-getrandom,random-old-and-new-paths,insertion,205,1048576,1.00000000000000000,-0.000000000,fixed,1,access-plus-rate-deterministic,1,8
2,8,1,8192,1048576,1048576,cycle,8,random,os-getrandom,random-old-and-new-paths,insertion,206,1048576,1.00000000000000000,-0.000000000,fixed,1,access-plus-rate-deterministic,1,8
2,8,1,8192,1048576,1048576,cycle,8,random,os-getrandom,random-old-and-new-paths,insertion,207,1048576,1.00000000000000000,-0.000000000,fixed,1,access-plus-rate-deterministic,1,8
2,8,1,8192,1048576,1048576,cycle,8,random,os-getrandom,random-old-and-new-paths,insertion,208,1048576,1.00000000000000000,-0.000000000,fixed,1,access-plus-rate-deterministic,1,8
2,8,1,8192,1048576,1048576,cycle,8,random,os-getrandom,random-old-and-new-paths,insertion,209,1048576,1.00000000000000000,-0.000000000,fixed,1,access-plus-rate-deterministic,1,8
2,8,1,8192,1048576,1048576,cycle,8,random,os-getrandom,random-old-and-new-paths,insertion,210,1048576,1.00000000000000000,-0.000000000,fixed,1,access-plus-rate-deterministic,1,8
2,8,1,8192,1048576,1048576,cycle,8,random,os-getrandom,random-old-and-new-paths,insertion,211,1048576,1.00000000000000000,-0.000000000,fixed,1,access-plus-rate-deterministic,1,8
2,8,1,8192,1048576,1048576,cycle,8,random,os-getrandom,random-old-and-new-paths,insertion,212,1048576,1.00000000000000000,-0.000000000,fixed,1,access-plus-rate-deterministic,1,8
2,8,1,8192,1048576,1048576,cycle,8,random,os-getrandom,random-old-and-new-paths,insertion,213,1048576,1.00000000000000000,-0.000000000,fixed,1,access-plus-rate-deterministic,1,8
2,8,1,8192,1048576,1048576,cycle,8,random,os-getrandom,random-old-and-new-paths,insertion,214,1048576,1.00000000000000000,-0.000000000,fixed,1,access-plus-rate-deterministic,1,8
2,8,1,8192,1048576,1048576,cycle,8,random,os-getrandom,random-old-and-new-paths,insertion,215,1048576,1.00000000000000000,-0.000000000,fixed,1,access-plus-rate-deterministic,1,8
2,8,1,8192,1048576,1048576,cycle,8,random,os-getrandom,random-old-and-new-paths,insertion,216,1048576,1.00000000000000000,-0.000000000,fixed,1,access-plus-rate-deterministic,1,8
2,8,1,8192,1048576,1048576,cycle,8,random,os-getrandom,random-old-and-new-paths,insertion,217,1048576,1.00000000000000000,-0.000000000,fixed,1,access-plus-rate-deterministic,1,8
2,8,1,8192,1048576,1048576,cycle,8,random,os-getrandom,random-old-and-new-paths,insertion,218,1048576,1.00000000000000000,-0.000000000,fixed,1,access-plus-rate-deterministic,1,8
2,8,1,8192,1048576,1048576,cycle,8,random,os-getrandom,random-old-and-new-paths,insertion,219,1048576,1.00000000000000000,-0.000000000,fixed,1,access-plus-rate-deterministic,1,8
2,8,1,8192,1048576,1048576,cycle,8,random,os-getrandom,random-old-and-new-paths,insertion,220,1048576,1.00000000000000000,-0.000000000,fixed,1,access-plus-rate-deterministic,1,8
2,8,1,8192,1048576,1048576,cycle,8,random,os-getrandom,random-old-and-new-paths,insertion,221,1048576,1.00000000000000000,-0.000000000,fixed,1,access-plus-rate-deterministic,1,8
2,8,1,8192,1048576,1048576,cycle,8,random,os-getrandom,random-old-and-new-paths,insertion,222,1048576,1.00000000000000000,-0.000000000,fixed,1,access-plus-rate-deterministic,1,8
2,8,1,8192,1048576,1048576,cycle,8,random,os-getrandom,random-old-and-new-paths,insertion,223,1048576,1.00000000000000000,-0.000000000,fixed,1,access-plus-rate-deterministic,1,8
2,8,1,8192,1048576,1048576,cycle,8,random,os-getrandom,random-old-and-new-paths,insertion,224,1048576,1.00000000000000000,-0.000000000,fixed,1,access-plus-rate-deterministic,1,8
2,8,1,8192,1048576,1048576,cycle,8,random,os-getrandom,random-old-and-new-paths,insertion,225,1048576,1.00000000000000000,-0.000000000,fixed,1,access-plus-rate-deterministic,1,8
2,8,1,8192,1048576,1048576,cycle,8,random,os-getrandom,random-old-and-new-paths,insertion,226,1048576,1.00000000000000000,-0.000000000,fixed,1,access-plus-rate-deterministic,1,8
2,8,1,8192,1048576,1048576,cycle,8,random,os-getrandom,random-old-and-new-paths,insertion,227,1048576,1.00000000000000000,-0.000000000,fixed,1,access-plus-rate-deterministic,1,8
2,8,1,8192,1048576,1048576,cycle,8,random,os-getrandom,random-old-and-new-paths,insertion,228,1048576,1.00000000000000000,-0.000000000,fixed,1,access-plus-rate-deterministic,1,8
2,8,1,8192,1048576,1048576,cycle,8,random,os-getrandom,random-old-and-new-paths,insertion,229,1048576,1.00000000000000000,-0.000000000,fixed,1,access-plus-rate-deterministic,1,8
2,8,1,8192,1048576,1048576,cycle,8,random,os-getrandom,random-old-and-new-paths,insertion,230,1048576,1.00000000000000000,-0.000000000,fixed,1,access-plus-rate-deterministic,1,8
2,8,1,8192,1048576,1048576,cycle,8,random,os-getrandom,random-old-and-new-paths,insertion,231,1048576,1.00000000000000000,-0.000000000,fixed,1,access-plus-rate-deterministic,1,8
2,8,1,8192,1048576,1048576,cycle,8,random,os-getrandom,random-old-and-new-paths,insertion,232,1048576,1.00000000000000000,-0.000000000,fixed,1,access-plus-rate-deterministic,1,8
2,8,1,8192,1048576,1048576,cycle,8,random,os-getrandom,random-old-and-new-paths,insertion,233,1048576,1.00000000000000000,-0.000000000,fixed,1,access-plus-rate-deterministic,1,8
2,8,1,8192,1048576,1048576,cycle,8,random,os-getrandom,random-old-and-new-paths,insertion,234,1048576,1.00000000000000000,-0.000000000,fixed,1,access-plus-rate-deterministic,1,8
2,8,1,8192,1048576,1048576,cycle,8,random,os-getrandom,random-old-and-new-paths,insertion,235,1048576,1.00000000000000000,-0.000000000,fixed,1,access-plus-rate-deterministic,1,8
2,8,1,8192,1048576,1048576,cycle,8,random,os-getrandom,random-old-and-new-paths,insertion,236,1048576,1.00000000000000000,-0.000000000,fixed,1,access-plus-rate-deterministic,1,8
2,8,1,8192,1048576,1048576,cycle,8,random,os-getrandom,random-old-and-new-paths,insertion,237,1048576,1.00000000000000000,-0.000000000,fixed,1,access-plus-rate-deterministic,1,8
2,8,1,8192,1048576,1048576,cycle,8,random,os-getrandom,random-old-and-new-paths,insertion,238,1048576,1.00000000000000000,-0.000000000,fixed,1,access-plus-rate-deterministic,1,8
2,8,1,8192,1048576,1048576,cycle,8,random,os-getrandom,random-old-and-new-paths,insertion,239,1048576,1.00000000000000000,-0.000000000,fixed,1,access-plus-rate-deterministic,1,8
2,8,1,8192,1048576,1048576,cycle,8,random,os-getrandom,random-old-and-new-paths,insertion,240,1048576,1.00000000000000000,-0.000000000,fixed,1,access-plus-rate-deterministic,1,8
2,8,1,8192,1048576,1048576,cycle,8,random,os-getrandom,random-old-and-new-paths,insertion,241,1048576,1.00000000000000000,-0.000000000,fixed,1,access-plus-rate-deterministic,1,8
2,8,1,8192,1048576,1048576,cycle,8,random,os-getrandom,random-old-and-new-paths,insertion,242,1048576,1.00000000000000000,-0.000000000,fixed,1,access-plus-rate-deterministic,1,8
2,8,1,8192,1048576,1048576,cycle,8,random,os-getrandom,random-old-and-new-paths,insertion,243,1048576,1.00000000000000000,-0.000000000,fixed,1,access-plus-rate-deterministic,1,8
2,8,1,8192,1048576,1048576,cycle,8,random,os-getrandom,random-old-and-new-paths,insertion,244,1048576,1.00000000000000000,-0.000000000,fixed,1,access-plus-rate-deterministic,1,8
2,8,1,8192,1048576,1048576,cycle,8,random,os-getrandom,random-old-and-new-paths,insertion,245,1048576,1.00000000000000000,-0.000000000,fixed,1,access-plus-rate-deterministic,1,8
2,8,1,8192,1048576,1048576,cycle,8,random,os-getrandom,random-old-and-new-paths,insertion,246,1048576,1.00000000000000000,-0.000000000,fixed,1,access-plus-rate-deterministic,1,8
2,8,1,8192,1048576,1048576,cycle,8,random,os-getrandom,random-old-and-new-paths,insertion,247,1048576,1.00000000000000000,-0.000000000,fixed,1,access-plus-rate-deterministic,1,8
2,8,1,8192,1048576,1048576,cycle,8,random,os-getrandom,random-old-and-new-paths,insertion,248,1048576,1.00000000000000000,-0.000000000,fixed,1,access-plus-rate-deterministic,1,8
2,8,1,8192,1048576,1048576,cycle,8,random,os-getrandom,random-old-and-new-paths,insertion,249,1048576,1.00000000000000000,-0.000000000,fixed,1,access-plus-rate-deterministic,1,8
2,8,1,8192,1048576,1048576,cycle,8,random,os-getrandom,random-old-and-new-paths,insertion,250,1048576,1.00000000000000000,-0.000000000,fixed,1,access-plus-rate-deterministic,1,8
2,8,1,8192,1048576,1048576,cycle,8,random,os-getrandom,random-old-and-new-paths,insertion,251,1048576,1.00000000000000000,-0.000000000,fixed,1,access-plus-rate-deterministic,1,8
2,8,1,8192,1048576,1048576,cycle,8,random,os-getrandom,random-old-and-new-paths,insertion,252,1048576,1.00000000000000000,-0.000000000,fixed,1,access-plus-rate-deterministic,1,8
2,8,1,8192,1048576,1048576,cycle,8,random,os-getrandom,random-old-and-new-paths,insertion,253,1048576,1.00000000000000000,-0.000000000,fixed,1,access-plus-rate-deterministic,1,8
2,8,1,8192,1048576,1048576,cycle,8,random,os-getrandom,random-old-and-new-paths,insertion,254,1048576,1.00000000000000000,-0.000000000,fixed,1,access-plus-rate-deterministic,1,8
2,8,1,8192,1048576,1048576,cycle,8,random,os-getrandom,random-old-and-new-paths,insertion,255,1048576,1.00000000000000000,-0.000000000,fixed,1,access-plus-rate-deterministic,1,8
2,8,1,8192,1048576,1048576,cycle,8,random,os-getrandom,random-old-and-new-paths,insertion,256,1048576,1.00000000000000000,-0.000000000,fixed,1,access-plus-rate-deterministic,1,8
2,8,1,8192,1048576,1048576,cycle,8,random,os-getrandom,random-old-and-new-paths,insertion,257,1048576,1.00000000000000000,-0.000000000,fixed,1,access-plus-rate-deterministic,1,8
2,8,1,8192,1048576,1048576,cycle,8,random,os-getrandom,random-old-and-new-paths,insertion,258,1048576,1.00000000000000000,-0.000000000,fixed,1,access-plus-rate-deterministic,1,8
2,8,1,8192,1048576,1048576,cycle,8,random,os-getrandom,random-old-and-new-paths,insertion,259,1048576,1.00000000000000000,-0.000000000,fixed,1,access-plus-rate-deterministic,1,8
2,8,1,8192,1048576,1048576,cycle,8,random,os-getrandom,random-old-and-new-paths,insertion,260,1048576,1.00000000000000000,-0.000000000,fixed,1,access-plus-rate-deterministic,1,8
2,8,1,8192,1048576,1048576,cycle,8,random,os-getrandom,random-old-and-new-paths,insertion,261,1048576,1.00000000000000000,-0.000000000,fixed,1,access-plus-rate-deterministic,1,8
2,8,1,8192,1048576,1048576,cycle,8,random,os-getrandom,random-old-and-new-paths,insertion,262,1048576,1.00000000000000000,-0.000000000,fixed,1,access-plus-rate-deterministic,1,8
2,8,1,8192,1048576,1048576,cycle,8,random,os-getrandom,random-old-and-new-paths,insertion,263,1048576,1.00000000000000000,-0.000000000,fixed,1,access-plus-rate-deterministic,1,8
2,8,1,8192,1048576,1048576,cycle,8,random,os-getrandom,random-old-and-new-paths,insertion,264,1048576,1.00000000000000000,-0.000000000,fixed,1,access-plus-rate-deterministic,1,8
2,8,1,8192,1048576,1048576,cycle,8,random,os-getrandom,random-old-and-new-paths,insertion,265,1048576,1.00000000000000000,-0.000000000,fixed,1,access-plus-rate-deterministic,1,8
2,8,1,8192,1048576,1048576,cycle,8,random,os-getrandom,random-old-and-new-paths,insertion,266,1048576,1.00000000000000000,-0.000000000,fixed,1,access-plus-rate-deterministic,1,8
2,8,1,8192,1048576,1048576,cycle,8,random,os-getrandom,random-old-and-new-paths,insertion,267,1048576,1.00000000000000000,-0.000000000,fixed,1,access-plus-rate-deterministic,1,8
2,8,1,8192,1048576,1048576,cycle,8,random,os-getrandom,random-old-and-new-paths,insertion,268,1048576,1.00000000000000000,-0.000000000,fixed,1,access-plus-rate-deterministic,1,8
2,8,1,8192,1048576,1048576,cycle,8,random,os-getrandom,random-old-and-new-paths,insertion,269,1048576,1.00000000000000000,-0.000000000,fixed,1,access-plus-rate-deterministic,1,8
2,8,1,8192,1048576,1048576,cycle,8,random,os-getrandom,random-old-and-new-paths,insertion,270,1048576,1.00000000000000000,-0.000000000,fixed,1,access-plus-rate-deterministic,1,8
2,8,1,8192,1048576,1048576,cycle,8,random,os-getrandom,random-old-and-new-paths,insertion,271,1048576,1.00000000000000000,-0.000000000,fixed,1,access-plus-rate-deterministic,1,8
2,8,1,8192,1048576,1048576,cycle,8,random,os-getrandom,random-old-and-new-paths,insertion,272,1048576,1.00000000000000000,-0.000000000,fixed,1,access-plus-rate-deterministic,1,8
2,8,1,8192,1048576,1048576,cycle,8,random,os-getrandom,random-old-and-new-paths,insertion,273,1048576,1.00000000000000000,-0.000000000,fixed,1,access-plus-rate-deterministic,1,8
2,8,1,8192,1048576,1048576,cycle,8,random,os-getrandom,random-old-and-new-paths,insertion,274,1048576,1.00000000000000000,-0.000000000,fixed,1,access-plus-rate-deterministic,1,8
2,8,1,8192,1048576,1048576,cycle,8,random,os-getrandom,random-old-and-new-paths,insertion,275,1048576,1.00000000000000000,-0.000000000,fixed,1,access-plus-rate-deterministic,1,8
2,8,1,8192,1048576,1048576,cycle,8,random,os-getrandom,random-old-and-new-paths,insertion,276,1048576,1.00000000000000000,-0.000000000,fixed,1,access-plus-rate-deterministic,1,8
2,8,1,8192,1048576,1048576,cycle,8,random,os-getrandom,random-old-and-new-paths,insertion,277,1048576,1.00000000000000000,-0.000000000,fixed,1,access-plus-rate-deterministic,1,8
2,8,1,8192,1048576,1048576,cycle,8,random,os-getrandom,random-old-and-new-paths,insertion,278,1048576,1.00000000000000000,-0.000000000,fixed,1,access-plus-rate-deterministic,1,8
2,8,1,8192,1048576,1048576,cycle,8,random,os-getrandom,random-old-and-new-paths,insertion,279,1048576,1.00000000000000000,-0.000000000,fixed,1,access-plus-rate-deterministic,1,8
2,8,1,8192,1048576,1048576,cycle,8,random,os-getrandom,random-old-and-new-paths,insertion,280,1048576,1.00000000000000000,-0.000000000,fixed,1,access-plus-rate-deterministic,1,8
2,8,1,8192,1048576,1048576,cycle,8,random,os-getrandom,random-old-and-new-paths,insertion,281,1048576,1.00000000000000000,-0.000000000,fixed,1,access-plus-rate-deterministic,1,8
2,8,1,8192,1048576,1048576,cycle,8,random,os-getrandom,random-old-and-new-paths,insertion,282,1048576,1.00000000000000000,-0.000000000,fixed,1,access-plus-rate-deterministic,1,8
2,8,1,8192,1048576,1048576,cycle,8,random,os-getrandom,random-old-and-new-paths,insertion,283,1048576,1.00000000000000000,-0.000000000,fixed,1,access-plus-rate-deterministic,1,8
2,8,1,8192,1048576,1048576,cycle,8,random,os-getrandom,random-old-and-new-paths,insertion,284,1048576,1.00000000000000000,-0.000000000,fixed,1,access-plus-rate-deterministic,1,8
2,8,1,8192,1048576,1048576,cycle,8,random,os-getrandom,random-old-and-new-paths,insertion,285,1048576,1.00000000000000000,-0.000000000,fixed,1,access-plus-rate-deterministic,1,8
2,8,1,8192,1048576,1048576,cycle,8,random,os-getrandom,random-old-and-new-paths,insertion,286,1048576,1.00000000000000000,-0.000000000,fixed,1,access-plus-rate-deterministic,1,8
2,8,1,8192,1048576,1048576,cycle,8,random,os-getrandom,random-old-and-new-paths,insertion,287,1048576,1.00000000000000000,-0.000000000,fixed,1,access-plus-rate-deterministic,1,8
2,8,1,8192,1048576,1048576,cycle,8,random,os-getrandom,random-old-and-new-paths,insertion,288,1048576,1.00000000000000000,-0.000000000,fixed,1,access-plus-rate-deterministic,1,8
2,8,1,8192,1048576,1048576,cycle,8,random,os-getrandom,random-old-and-new-paths,insertion,289,1048576,1.00000000000000000,-0.000000000,fixed,1,access-plus-rate-deterministic,1,8
2,8,1,8192,1048576,1048576,cycle,8,random,os-getrandom,random-old-and-new-paths,insertion,290,1048576,1.00000000000000000,-0.000000000,fixed,1,access-plus-rate-deterministic,1,8
2,8,1,8192,1048576,1048576,cycle,8,random,os-getrandom,random-old-and-new-paths,insertion,291,1048576,1.00000000000000000,-0.000000000,fixed,1,access-plus-rate-deterministic,1,8
2,8,1,8192,1048576,1048576,cycle,8,random,os-getrandom,random-old-and-new-paths,insertion,292,1048576,1.00000000000000000,-0.000000000,fixed,1,access-plus-rate-deterministic,1,8
2,8,1,8192,1048576,1048576,cycle,8,random,os-getrandom,random-old-and-new-paths,insertion,293,1048576,1.00000000000000000,-0.000000000,fixed,1,access-plus-rate-deterministic,1,8
2,8,1,8192,1048576,1048576,cycle,8,random,os-getrandom,random-old-and-new-paths,insertion,294,1048576,1.00000000000000000,-0.000000000,fixed,1,access-plus-rate-deterministic,1,8
2,8,1,8192,1048576,1048576,cycle,8,random,os-getrandom,random-old-and-new-paths,insertion,295,1048576,1.00000000000000000,-0.000000000,fixed,1,access-plus-rate-deterministic,1,8
2,8,1,8192,1048576,1048576,cycle,8,random,os-getrandom,random-old-and-new-paths,insertion,296,1048576,1.00000000000000000,-0.000000000,fixed,1,access-plus-rate-deterministic,1,8
2,8,1,8192,1048576,1048576,cycle,8,random,os-getrandom,random-old-and-new-paths,insertion,297,1048576,1.00000000000000000,-0.000000000,fixed,1,access-plus-rate-deterministic,1,8
2,8,1,8192,1048576,1048576,cycle,8,random,os-getrandom,random-old-and-new-paths,insertion,298,1048576,1.00000000000000000,-0.000000000,fixed,1,access-plus-rate-deterministic,1,8
2,8,1,8192,1048576,1048576,cycle,8,random,os-getrandom,random-old-and-new-paths,insertion,299,1048576,1.00000000000000000,-0.000000000,fixed,1,access-plus-rate-deterministic,1,8
2,8,1,8192,1048576,1048576,cycle,8,random,os-getrandom,random-old-and-new-paths,insertion,300,1048576,1.00000000000000000,-0.000000000,fixed,1,access-plus-rate-deterministic,1,8
2,8,1,8192,1048576,1048576,cycle,8,random,os-getrandom,random-old-and-new-paths,insertion,301,1048576,1.00000000000000000,-0.000000000,fixed,1,access-plus-rate-deterministic,1,8
2,8,1,8192,1048576,1048576,cycle,8,random,os-getrandom,random-old-and-new-paths,insertion,302,1048576,1.00000000000000000,-0.000000000,fixed,1,access-plus-rate-deterministic,1,8
2,8,1,8192,1048576,1048576,cycle,8,random,os-getrandom,random-old-and-new-paths,insertion,303,1048576,1.00000000000000000,-0.000000000,fixed,1,access-plus-rate-deterministic,1,8
2,8,1,8192,1048576,1048576,cycle,8,random,os-getrandom,random-old-and-new-paths,insertion,304,1048576,1.00000000000000000,-0.000000000,fixed,1,access-plus-rate-deterministic,1,8
2,8,1,8192,1048576,1048576,cycle,8,random,os-getrandom,random-old-and-new-paths,insertion,305,1048576,1.00000000000000000,-0.000000000,fixed,1,access-plus-rate-deterministic,1,8
2,8,1,8192,1048576,1048576,cycle,8,random,os-getrandom,random-old-and-new-paths,insertion,306,1048576,1.00000000000000000,-0.000000000,fixed,1,access-plus-rate-deterministic,1,8
2,8,1,8192,1048576,1048576,cycle,8,random,os-getrandom,random-old-and-new-paths,insertion,307,1048576,1.00000000000000000,-0.000000000,fixed,1,access-plus-rate-deterministic,1,8
2,8,1,8192,1048576,1048576,cycle,8,random,os-getrandom,random-old-and-new-paths,insertion,308,1048576,1.00000000000000000,-0.000000000,fixed,1,access-plus-rate-deterministic,1,8
2,8,1,8192,1048576,1048576,cycle,8,random,os-getrandom,random-old-and-new-paths,insertion,309,1048576,1.00000000000000000,-0.000000000,fixed,1,access-plus-rate-deterministic,1,8
2,8,1,8192,1048576,1048576,cycle,8,random,os-getrandom,random-old-and-new-paths,insertion,310,1048576,1.00000000000000000,-0.000000000,fixed,1,access-plus-rate-deterministic,1,8
2,8,1,8192,1048576,1048576,cycle,8,random,os-getrandom,random-old-and-new-paths,insertion,311,1048576,1.00000000000000000,-0.000000000,fixed,1,access-plus-rate-deterministic,1,8
2,8,1,8192,1048576,1048576,cycle,8,random,os-getrandom,random-old-and-new-paths,insertion,312,1048576,1.00000000000000000,-0.000000000,fixed,1,access-plus-rate-deterministic,1,8
2,8,1,8192,1048576,1048576,cycle,8,random,os-getrandom,random-old-and-new-paths,insertion,313,1048576,1.00000000000000000,-0.000000000,fixed,1,access-plus-rate-deterministic,1,8
2,8,1,8192,1048576,1048576,cycle,8,random,os-getrandom,random-old-and-new-paths,insertion,314,1048576,1.00000000000000000,-0.000000000,fixed,1,access-plus-rate-deterministic,1,8
2,8,1,8192,1048576,1048576,cycle,8,random,os-getrandom,random-old-and-new-paths,insertion,315,1048576,1.00000000000000000,-0.000000000,fixed,1,access-plus-rate-deterministic,1,8
2,8,1,8192,1048576,1048576,cycle,8,random,os-getrandom,random-old-and-new-paths,insertion,316,1048576,1.00000000000000000,-0.000000000,fixed,1,access-plus-rate-deterministic,1,8
2,8,1,8192,1048576,1048576,cycle,8,random,os-getrandom,random-old-and-new-paths,insertion,317,1048576,1.00000000000000000,-0.000000000,fixed,1,access-plus-rate-deterministic,1,8
2,8,1,8192,1048576,1048576,cycle,8,random,os-getrandom,random-old-and-new-paths,insertion,318,1048576,1.00000000000000000,-0.000000000,fixed,1,access-plus-rate-deterministic,1,8
2,8,1,8192,1048576,1048576,cycle,8,random,os-getrandom,random-old-and-new-paths,insertion,319,1048576,1.00000000000000000,-0.000000000,fixed,1,access-plus-rate-deterministic,1,8
2,8,1,8192,1048576,1048576,cycle,8,random,os-getrandom,random-old-and-new-paths,insertion,320,1048576,1.00000000000000000,-0.000000000,fixed,1,access-plus-rate-deterministic,1,8
2,8,1,8192,1048576,1048576,cycle,8,random,os-getrandom,random-old-and-new-paths,insertion,321,1048576,1.00000000000000000,-0.000000000,fixed,1,access-plus-rate-deterministic,1,8
2,8,1,8192,1048576,1048576,cycle,8,random,os-getrandom,random-old-and-new-paths,insertion,322,1048576,1.00000000000000000,-0.000000000,fixed,1,access-plus-rate-deterministic,1,8
2,8,1,8192,1048576,1048576,cycle,8,random,os-getrandom,random-old-and-new-paths,insertion,323,1048576,1.00000000000000000,-0.000000000,fixed,1,access-plus-rate-deterministic,1,8
2,8,1,8192,1048576,1048576,cycle,8,random,os-getrandom,random-old-and-new-paths,insertion,324,1048576,1.00000000000000000,-0.000000000,fixed,1,access-plus-rate-deterministic,1,8
2,8,1,8192,1048576,1048576,cycle,8,random,os-getrandom,random-old-and-new-paths,insertion,325,1048576,1.00000000000000000,-0.000000000,fixed,1,access-plus-rate-deterministic,1,8
2,8,1,8192,1048576,1048576,cycle,8,random,os-getrandom,random-old-and-new-paths,insertion,326,1048576,1.00000000000000000,-0.000000000,fixed,1,access-plus-rate-deterministic,1,8
2,8,1,8192,1048576,1048576,cycle,8,random,os-getrandom,random-old-and-new-paths,insertion,327,1048576,1.00000000000000000,-0.000000000,fixed,1,access-plus-rate-deterministic,1,8
2,8,1,8192,1048576,1048576,cycle,8,random,os-getrandom,random-old-and-new-paths,insertion,328,1048576,1.00000000000000000,-0.000000000,fixed,1,access-plus-rate-deterministic,1,8
2,8,1,8192,1048576,1048576,cycle,8,random,os-getrandom,random-old-and-new-paths,insertion,329,1048576,1.00000000000000000,-0.000000000,fixed,1,access-plus-rate-deterministic,1,8
2,8,1,8192,1048576,1048576,cycle,8,random,os-getrandom,random-old-and-new-paths,insertion,330,1048576,1.00000000000000000,-0.000000000,fixed,1,access-plus-rate-deterministic,1,8
2,8,1,8192,1048576,1048576,cycle,8,random,os-getrandom,random-old-and-new-paths,insertion,331,1048576,1.00000000000000000,-0.000000000,fixed,1,access-plus-rate-deterministic,1,8
2,8,1,8192,1048576,1048576,cycle,8,random,os-getrandom,random-old-and-new-paths,insertion,332,1048576,1.00000000000000000,-0.000000000,fixed,1,access-plus-rate-deterministic,1,8
2,8,1,8192,1048576,1048576,cycle,8,random,os-getrandom,random-old-and-new-paths,insertion,333,1048576,1.00000000000000000,-0.000000000,fixed,1,access-plus-rate-deterministic,1,8
2,8,1,8192,1048576,1048576,cycle,8,random,os-getrandom,random-old-and-new-paths,insertion,334,1048576,1.00000000000000000,-0.000000000,fixed,1,access-plus-rate-deterministic,1,8
2,8,1,8192,1048576,1048576,cycle,8,random,os-getrandom,random-old-and-new-paths,insertion,335,1048576,1.00000000000000000,-0.000000000,fixed,1,access-plus-rate-deterministic,1,8
2,8,1,8192,1048576,1048576,cycle,8,random,os-getrandom,random-old-and-new-paths,insertion,336,1048576,1.00000000000000000,-0.000000000,fixed,1,access-plus-rate-deterministic,1,8
2,8,1,8192,1048576,1048576,cycle,8,random,os-getrandom,random-old-and-new-paths,insertion,337,1048576,1.00000000000000000,-0.000000000,fixed,1,access-plus-rate-deterministic,1,8
2,8,1,8192,1048576,1048576,cycle,8,random,os-getrandom,random-old-and-new-paths,insertion,338,1048576,1.00000000000000000,-0.000000000,fixed,1,access-plus-rate-deterministic,1,8
2,8,1,8192,1048576,1048576,cycle,8,random,os-getrandom,random-old-and-new-paths,insertion,339,1048576,1.00000000000000000,-0.000000000,fixed,1,access-plus-rate-deterministic,1,8
2,8,1,8192,1048576,1048576,cycle,8,random,os-getrandom,random-old-and-new-paths,insertion,340,1048576,1.00000000000000000,-0.000000000,fixed,1,access-plus-rate-deterministic,1,8
2,8,1,8192,1048576,1048576,cycle,8,random,os-getrandom,random-old-and-new-paths,insertion,341,1048576,1.00000000000000000,-0.000000000,fixed,1,access-plus-rate-deterministic,1,8
2,8,1,8192,1048576,1048576,cycle,8,random,os-getrandom,random-old-and-new-paths,insertion,342,1048576,1.00000000000000000,-0.000000000,fixed,1,access-plus-rate-deterministic,1,8
2,8,1,8192,1048576,1048576,cycle,8,random,os-getrandom,random-old-and-new-paths,insertion,343,1048576,1.00000000000000000,-0.000000000,fixed,1,access-plus-rate-deterministic,1,8
2,8,1,8192,1048576,1048576,cycle,8,random,os-getrandom,random-old-and-new-paths,insertion,344,1048576,1.00000000000000000,-0.000000000,fixed,1,access-plus-rate-deterministic,1,8
2,8,1,8192,1048576,1048576,cycle,8,random,os-getrandom,random-old-and-new-paths,insertion,345,1048576,1.00000000000000000,-0.000000000,fixed,1,access-plus-rate-deterministic,1,8
2,8,1,8192,1048576,1048576,cycle,8,random,os-getrandom,random-old-and-new-paths,insertion,346,1048576,1.00000000000000000,-0.000000000,fixed,1,access-plus-rate-deterministic,1,8
2,8,1,8192,1048576,1048576,cycle,8,random,os-getrandom,random-old-and-new-paths,insertion,347,1048576,1.00000000000000000,-0.000000000,fixed,1,access-plus-rate-deterministic,1,8
2,8,1,8192,1048576,1048576,cycle,8,random,os-getrandom,random-old-and-new-paths,insertion,348,1048576,1.00000000000000000,-0.000000000,fixed,1,access-plus-rate-deterministic,1,8
2,8,1,8192,1048576,1048576,cycle,8,random,os-getrandom,random-old-and-new-paths,insertion,349,1048576,1.00000000000000000,-0.000000000,fixed,1,access-plus-rate-deterministic,1,8
2,8,1,8192,1048576,1048576,cycle,8,random,os-getrandom,random-old-and-new-paths,insertion,350,1048576,1.00000000000000000,-0.000000000,fixed,1,access-plus-rate-deterministic,1,8
2,8,1,8192,1048576,1048576,cycle,8,random,os-getrandom,random-old-and-new-paths,insertion,351,1048576,1.00000000000000000,-0.000000000,fixed,1,access-plus-rate-deterministic,1,8
2,8,1,8192,1048576,1048576,cycle,8,random,os-getrandom,random-old-and-new-paths,insertion,352,1048576,1.00000000000000000,-0.000000000,fixed,1,access-plus-rate-deterministic,1,8
2,8,1,8192,1048576,1048576,cycle,8,random,os-getrandom,random-old-and-new-paths,insertion,353,1048576,1.00000000000000000,-0.000000000,fixed,1,access-plus-rate-deterministic,1,8
2,8,1,8192,1048576,1048576,cycle,8,random,os-getrandom,random-old-and-new-paths,insertion,354,1048576,1.00000000000000000,-0.000000000,fixed,1,access-plus-rate-deterministic,1,8
2,8,1,8192,1048576,1048576,cycle,8,random,os-getrandom,random-old-and-new-paths,insertion,355,1048576,1.00000000000000000,-0.000000000,fixed,1,access-plus-rate-deterministic,1,8
2,8,1,8192,1048576,1048576,cycle,8,random,os-getrandom,random-old-and-new-paths,insertion,356,1048576,1.00000000000000000,-0.000000000,fixed,1,access-plus-rate-deterministic,1,8
2,8,1,8192,1048576,1048576,cycle,8,random,os-getrandom,random-old-and-new-paths,insertion,357,1048576,1.00000000000000000,-0.000000000,fixed,1,access-plus-rate-deterministic,1,8
2,8,1,8192,1048576,1048576,cycle,8,random,os-getrandom,random-old-and-new-paths,insertion,358,1048576,1.00000000000000000,-0.000000000,fixed,1,access-plus-rate-deterministic,1,8
2,8,1,8192,1048576,1048576,cycle,8,random,os-getrandom,random-old-and-new-paths,insertion,359,1048576,1.00000000000000000,-0.000000000,fixed,1,access-plus-rate-deterministic,1,8
2,8,1,8192,1048576,1048576,cycle,8,random,os-getrandom,random-old-and-new-paths,insertion,360,1048576,1.00000000000000000,-0.000000000,fixed,1,access-plus-rate-deterministic,1,8
2,8,1,8192,1048576,1048576,cycle,8,random,os-getrandom,random-old-and-new-paths,insertion,361,1048576,1.00000000000000000,-0.000000000,fixed,1,access-plus-rate-deterministic,1,8
2,8,1,8192,1048576,1048576,cycle,8,random,os-getrandom,random-old-and-new-paths,insertion,362,1048576,1.00000000000000000,-0.000000000,fixed,1,access-plus-rate-deterministic,1,8
2,8,1,8192,1048576,1048576,cycle,8,random,os-getrandom,random-old-and-new-paths,insertion,363,1048576,1.00000000000000000,-0.000000000,fixed,1,access-plus-rate-deterministic,1,8
2,8,1,8192,1048576,1048576,cycle,8,random,os-getrandom,random-old-and-new-paths,insertion,364,1048576,1.00000000000000000,-0.000000000,fixed,1,access-plus-rate-deterministic,1,8
2,8,1,8192,1048576,1048576,cycle,8,random,os-getrandom,random-old-and-new-paths,insertion,365,1048576,1.00000000000000000,-0.000000000,fixed,1,access-plus-rate-deterministic,1,8
2,8,1,8192,1048576,1048576,cycle,8,random,os-getrandom,random-old-and-new-paths,insertion,366,1048576,1.00000000000000000,-0.000000000,fixed,1,access-plus-rate-deterministic,1,8
2,8,1,8192,1048576,1048576,cycle,8,random,os-getrandom,random-old-and-new-paths,insertion,367,1048576,1.00000000000000000,-0.000000000,fixed,1,access-plus-rate-deterministic,1,8
2,8,1,8192,1048576,1048576,cycle,8,random,os-getrandom,random-old-and-new-paths,insertion,368,1048576,1.00000000000000000,-0.000000000,fixed,1,access-plus-rate-deterministic,1,8
2,8,1,8192,1048576,1048576,cycle,8,random,os-getrandom,random-old-and-new-paths,insertion,369,1048576,1.00000000000000000,-0.000000000,fixed,1,access-plus-rate-deterministic,1,8
2,8,1,8192,1048576,1048576,cycle,8,random,os-getrandom,random-old-and-new-paths,insertion,370,1048576,1.00000000000000000,-0.000000000,fixed,1,access-plus-rate-deterministic,1,8
2,8,1,8192,1048576,1048576,cycle,8,random,os-getrandom,random-old-and-new-paths,insertion,371,1048576,1.00000000000000000,-0.000000000,fixed,1,access-plus-rate-deterministic,1,8
2,8,1,8192,1048576,1048576,cycle,8,random,os-getrandom,random-old-and-new-paths,insertion,372,1048576,1.00000000000000000,-0.000000000,fixed,1,access-plus-rate-deterministic,1,8
2,8,1,8192,1048576,1048576,cycle,8,random,os-getrandom,random-old-and-new-paths,insertion,373,1048576,1.00000000000000000,-0.000000000,fixed,1,access-plus-rate-deterministic,1,8
2,8,1,8192,1048576,1048576,cycle,8,random,os-getrandom,random-old-and-new-paths,insertion,374,1048576,1.00000000000000000,-0.000000000,fixed,1,access-plus-rate-deterministic,1,8
2,8,1,8192,1048576,1048576,cycle,8,random,os-getrandom,random-old-and-new-paths,insertion,375,1048576,1.00000000000000000,-0.000000000,fixed,1,access-plus-rate-deterministic,1,8
2,8,1,8192,1048576,1048576,cycle,8,random,os-getrandom,random-old-and-new-paths,insertion,376,1048576,1.00000000000000000,-0.000000000,fixed,1,access-plus-rate-deterministic,1,8
2,8,1,8192,1048576,1048576,cycle,8,random,os-getrandom,random-old-and-new-paths,insertion,377,1048576,1.00000000000000000,-0.000000000,fixed,1,access-plus-rate-deterministic,1,8
2,8,1,8192,1048576,1048576,cycle,8,random,os-getrandom,random-old-and-new-paths,insertion,378,1048576,1.00000000000000000,-0.000000000,fixed,1,access-plus-rate-deterministic,1,8
2,8,1,8192,1048576,1048576,cycle,8,random,os-getrandom,random-old-and-new-paths,insertion,379,1048576,1.00000000000000000,-0.000000000,fixed,1,access-plus-rate-deterministic,1,8
2,8,1,8192,1048576,1048576,cycle,8,random,os-getrandom,random-old-and-new-paths,insertion,380,1048576,1.00000000000000000,-0.000000000,fixed,1,access-plus-rate-deterministic,1,8
2,8,1,8192,1048576,1048576,cycle,8,random,os-getrandom,random-old-and-new-paths,insertion,381,1048576,1.00000000000000000,-0.000000000,fixed,1,access-plus-rate-deterministic,1,8
2,8,1,8192,1048576,1048576,cycle,8,random,os-getrandom,random-old-and-new-paths,insertion,382,1048576,1.00000000000000000,-0.000000000,fixed,1,access-plus-rate-deterministic,1,8
2,8,1,8192,1048576,1048576,cycle,8,random,os-getrandom,random-old-and-new-paths,insertion,383,1048576,1.00000000000000000,-0.000000000,fixed,1,access-plus-rate-deterministic,1,8
2,8,1,8192,1048576,1048576,cycle,8,random,os-getrandom,random-old-and-new-paths,insertion,384,1048576,1.00000000000000000,-0.000000000,fixed,1,access-plus-rate-deterministic,1,8
2,8,1,8192,1048576,1048576,cycle,8,random,os-getrandom,random-old-and-new-paths,insertion,385,1048576,1.00000000000000000,-0.000000000,fixed,1,access-plus-rate-deterministic,1,8
2,8,1,8192,1048576,1048576,cycle,8,random,os-getrandom,random-old-and-new-paths,insertion,386,1048576,1.00000000000000000,-0.000000000,fixed,1,access-plus-rate-deterministic,1,8
2,8,1,8192,1048576,1048576,cycle,8,random,os-getrandom,random-old-and-new-paths,insertion,387,1048576,1.00000000000000000,-0.000000000,fixed,1,access-plus-rate-deterministic,1,8
2,8,1,8192,1048576,1048576,cycle,8,random,os-getrandom,random-old-and-new-paths,insertion,388,1048576,1.00000000000000000,-0.000000000,fixed,1,access-plus-rate-deterministic,1,8
2,8,1,8192,1048576,1048576,cycle,8,random,os-getrandom,random-old-and-new-paths,insertion,389,1048576,1.00000000000000000,-0.000000000,fixed,1,access-plus-rate-deterministic,1,8
2,8,1,8192,1048576,1048576,cycle,8,random,os-getrandom,random-old-and-new-paths,insertion,390,1048576,1.00000000000000000,-0.000000000,fixed,1,access-plus-rate-deterministic,1,8
2,8,1,8192,1048576,1048576,cycle,8,random,os-getrandom,random-old-and-new-paths,insertion,391,1048576,1.00000000000000000,-0.000000000,fixed,1,access-plus-rate-deterministic,1,8
2,8,1,8192,1048576,1048576,cycle,8,random,os-getrandom,random-old-and-new-paths,insertion,392,1048576,1.00000000000000000,-0.000000000,fixed,1,access-plus-rate-deterministic,1,8
2,8,1,8192,1048576,1048576,cycle,8,random,os-getrandom,random-old-and-new-paths,insertion,393,1048576,1.00000000000000000,-0.000000000,fixed,1,access-plus-rate-deterministic,1,8
2,8,1,8192,1048576,1048576,cycle,8,random,os-getrandom,random-old-and-new-paths,insertion,394,1048576,1.00000000000000000,-0.000000000,fixed,1,access-plus-rate-deterministic,1,8
2,8,1,8192,1048576,1048576,cycle,8,random,os-getrandom,random-old-and-new-paths,insertion,395,1048576,1.00000000000000000,-0.000000000,fixed,1,access-plus-rate-deterministic,1,8
2,8,1,8192,1048576,1048576,cycle,8,random,os-getrandom,random-old-and-new-paths,insertion,396,1048576,1.00000000000000000,-0.000000000,fixed,1,access-plus-rate-deterministic,1,8
2,8,1,8192,1048576,1048576,cycle,8,random,os-getrandom,random-old-and-new-paths,insertion,397,1048576,1.00000000000000000,-0.000000000,fixed,1,access-plus-rate-deterministic,1,8
2,8,1,8192,1048576,1048576,cycle,8,random,os-getrandom,random-old-and-new-paths,insertion,398,1048576,1.00000000000000000,-0.000000000,fixed,1,access-plus-rate-deterministic,1,8
2,8,1,8192,1048576,1048576,cycle,8,random,os-getrandom,random-old-and-new-paths,insertion,399,1048576,1.00000000000000000,-0.000000000,fixed,1,access-plus-rate-deterministic,1,8
2,8,1,8192,1048576,1048576,cycle,8,random,os-getrandom,random-old-and-new-paths,insertion,400,1048576,1.00000000000000000,-0.000000000,fixed,1,access-plus-rate-deterministic,1,8
2,8,1,8192,1048576,1048576,cycle,8,random,os-getrandom,random-old-and-new-paths,insertion,401,1048576,1.00000000000000000,-0.000000000,fixed,1,access-plus-rate-deterministic,1,8
2,8,1,8192,1048576,1048576,cycle,8,random,os-getrandom,random-old-and-new-paths,insertion,402,1048576,1.00000000000000000,-0.000000000,fixed,1,access-plus-rate-deterministic,1,8
2,8,1,8192,1048576,1048576,cycle,8,random,os-getrandom,random-old-and-new-paths,insertion,403,1048576,1.00000000000000000,-0.000000000,fixed,1,access-plus-rate-deterministic,1,8
2,8,1,8192,1048576,1048576,cycle,8,random,os-getrandom,random-old-and-new-paths,insertion,404,1048576,1.00000000000000000,-0.000000000,fixed,1,access-plus-rate-deterministic,1,8
2,8,1,8192,1048576,1048576,cycle,8,random,os-getrandom,random-old-and-new-paths,insertion,405,1048576,1.00000000000000000,-0.000000000,fixed,1,access-plus-rate-deterministic,1,8
2,8,1,8192,1048576,1048576,cycle,8,random,os-getrandom,random-old-and-new-paths,insertion,406,1048576,1.00000000000000000,-0.000000000,fixed,1,access-plus-rate-deterministic,1,8
2,8,1,8192,1048576,1048576,cycle,8,random,os-getrandom,random-old-and-new-paths,insertion,407,1048576,1.00000000000000000,-0.000000000,fixed,1,access-plus-rate-deterministic,1,8
2,8,1,8192,1048576,1048576,cycle,8,random,os-getrandom,random-old-and-new-paths,insertion,408,1048576,1.00000000000000000,-0.000000000,fixed,1,access-plus-rate-deterministic,1,8
2,8,1,8192,1048576,1048576,cycle,8,random,os-getrandom,random-old-and-new-paths,insertion,409,1048574,0.99999809265136719,0.000002752,fixed,1,access-plus-rate-deterministic,1,8
2,8,1,8192,1048576,1048576,cycle,8,random,os-getrandom,random-old-and-new-paths,insertion,410,1048569,0.99999332427978516,0.000009631,fixed,1,access-plus-rate-deterministic,1,8
2,8,1,8192,1048576,1048576,cycle,8,random,os-getrandom,random-old-and-new-paths,insertion,411,1048557,0.99998188018798828,0.000026142,fixed,1,access-plus-rate-deterministic,1,8
2,8,1,8192,1048576,1048576,cycle,8,random,os-getrandom,random-old-and-new-paths,insertion,412,1048532,0.99995803833007812,0.000060539,fixed,1,access-plus-rate-deterministic,1,8
2,8,1,8192,1048576,1048576,cycle,8,random,os-getrandom,random-old-and-new-paths,insertion,413,1048504,0.99993133544921875,0.000099065,fixed,1,access-plus-rate-deterministic,1,8
2,8,1,8192,1048576,1048576,cycle,8,random,os-getrandom,random-old-and-new-paths,insertion,414,1048457,0.99988651275634766,0.000163737,fixed,1,access-plus-rate-deterministic,1,8
2,8,1,8192,1048576,1048576,cycle,8,random,os-getrandom,random-old-and-new-paths,insertion,415,1048406,0.99983787536621094,0.000233915,fixed,1,access-plus-rate-deterministic,1,8
2,8,1,8192,1048576,1048576,cycle,8,random,os-getrandom,random-old-and-new-paths,insertion,416,1048346,0.99978065490722656,0.000316483,fixed,1,access-plus-rate-deterministic,1,8
2,8,1,8192,1048576,1048576,cycle,8,random,os-getrandom,random-old-and-new-paths,insertion,417,1048279,0.99971675872802734,0.000408689,fixed,1,access-plus-rate-deterministic,1,8
2,8,1,8192,1048576,1048576,cycle,8,random,os-getrandom,random-old-and-new-paths,insertion,418,1048188,0.99962997436523438,0.000533933,fixed,1,access-plus-rate-deterministic,1,8
2,8,1,8192,1048576,1048576,cycle,8,random,os-getrandom,random-old-and-new-paths,insertion,419,1048112,0.99955749511718750,0.000638541,fixed,1,access-plus-rate-deterministic,1,8
2,8,1,8192,1048576,1048576,cycle,8,random,os-getrandom,random-old-and-new-paths,insertion,420,1048035,0.99948406219482422,0.000744533,fixed,1,access-plus-rate-deterministic,1,8
2,8,1,8192,1048576,1048576,cycle,8,random,os-getrandom,random-old-and-new-paths,insertion,421,1047941,0.99939441680908203,0.000873937,fixed,1,access-plus-rate-deterministic,1,8
2,8,1,8192,1048576,1048576,cycle,8,random,os-getrandom,random-old-and-new-paths,insertion,422,1047864,0.99932098388671875,0.000979946,fixed,1,access-plus-rate-deterministic,1,8
2,8,1,8192,1048576,1048576,cycle,8,random,os-getrandom,random-old-and-new-paths,insertion,423,1047795,0.99925518035888672,0.001074948,fixed,1,access-plus-rate-deterministic,1,8
2,8,1,8192,1048576,1048576,cycle,8,random,os-getrandom,random-old-and-new-paths,insertion,424,1047724,0.99918746948242188,0.001172710,fixed,1,access-plus-rate-deterministic,1,8
2,8,1,8192,1048576,1048576,cycle,8,random,os-getrandom,random-old-and-new-paths,insertion,425,1047636,0.99910354614257812,0.001293890,fixed,1,access-plus-rate-deterministic,1,8
2,8,1,8192,1048576,1048576,cycle,8,random,os-getrandom,random-old-and-new-paths,insertion,426,1047533,0.99900531768798828,0.001435737,fixed,1,access-plus-rate-deterministic,1,8
2,8,1,8192,1048576,1048576,cycle,8,random,os-getrandom,random-old-and-new-paths,insertion,427,1047399,0.99887752532958984,0.001620298,fixed,1,access-plus-rate-deterministic,1,8
2,8,1,8192,1048576,1048576,cycle,8,random,os-getrandom,random-old-and-new-paths,insertion,428,1047231,0.99871730804443359,0.001851721,fixed,1,access-plus-rate-deterministic,1,8
2,8,1,8192,1048576,1048576,cycle,8,random,os-getrandom,random-old-and-new-paths,insertion,429,1047030,0.99852561950683594,0.002128651,fixed,1,access-plus-rate-deterministic,1,8
2,8,1,8192,1048576,1048576,cycle,8,random,os-getrandom,random-old-and-new-paths,insertion,430,1046818,0.99832344055175781,0.002420794,fixed,1,access-plus-rate-deterministic,1,8
2,8,1,8192,1048576,1048576,cycle,8,random,os-getrandom,random-old-and-new-paths,insertion,431,1046538,0.99805641174316406,0.002806734,fixed,1,access-plus-rate-deterministic,1,8
2,8,1,8192,1048576,1048576,cycle,8,random,os-getrandom,random-old-and-new-paths,insertion,432,1046268,0.99779891967773438,0.003178988,fixed,1,access-plus-rate-deterministic,1,8
2,8,1,8192,1048576,1048576,cycle,8,random,os-getrandom,random-old-and-new-paths,insertion,433,1045902,0.99744987487792969,0.003683752,fixed,1,access-plus-rate-deterministic,1,8
2,8,1,8192,1048576,1048576,cycle,8,random,os-getrandom,random-old-and-new-paths,insertion,434,1045507,0.99707317352294922,0.004228709,fixed,1,access-plus-rate-deterministic,1,8
2,8,1,8192,1048576,1048576,cycle,8,random,os-getrandom,random-old-and-new-paths,insertion,435,1045112,0.99669647216796875,0.004773873,fixed,1,access-plus-rate-deterministic,1,8
2,8,1,8192,1048576,1048576,cycle,8,random,os-getrandom,random-old-and-new-paths,insertion,436,1044650,0.99625587463378906,0.005411769,fixed,1,access-plus-rate-deterministic,1,8
2,8,1,8192,1048576,1048576,cycle,8,random,os-getrandom,random-old-and-new-paths,insertion,437,1044126,0.99575614929199219,0.006135611,fixed,1,access-plus-rate-deterministic,1,8
2,8,1,8192,1048576,1048576,cycle,8,random,os-getrandom,random-old-and-new-paths,insertion,438,1043582,0.99523735046386719,0.006887465,fixed,1,access-plus-rate-deterministic,1,8
2,8,1,8192,1048576,1048576,cycle,8,random,os-getrandom,random-old-and-new-paths,insertion,439,1043017,0.99469852447509766,0.007668758,fixed,1,access-plus-rate-deterministic,1,8
2,8,1,8192,1048576,1048576,cycle,8,random,os-getrandom,random-old-and-new-paths,insertion,440,1042372,0.99408340454101562,0.008561195,fixed,1,access-plus-rate-deterministic,1,8
2,8,1,8192,1048576,1048576,cycle,8,random,os-getrandom,random-old-and-new-paths,insertion,441,1041725,0.99346637725830078,0.009456953,fixed,1,access-plus-rate-deterministic,1,8
2,8,1,8192,1048576,1048576,cycle,8,random,os-getrandom,random-old-and-new-paths,insertion,442,1041006,0.99278068542480469,0.010453047,fixed,1,access-plus-rate-deterministic,1,8
2,8,1,8192,1048576,1048576,cycle,8,random,os-getrandom,random-old-and-new-paths,insertion,443,1040262,0.99207115173339844,0.011484500,fixed,1,access-plus-rate-deterministic,1,8
2,8,1,8192,1048576,1048576,cycle,8,random,os-getrandom,random-old-and-new-paths,insertion,444,1039513,0.99135684967041016,0.012523630,fixed,1,access-plus-rate-deterministic,1,8
2,8,1,8192,1048576,1048576,cycle,8,random,os-getrandom,random-old-and-new-paths,insertion,445,1038769,0.99064731597900391,0.013556565,fixed,1,access-plus-rate-deterministic,1,8
2,8,1,8192,1048576,1048576,cycle,8,random,os-getrandom,random-old-and-new-paths,insertion,446,1037890,0.98980903625488281,0.014777882,fixed,1,access-plus-rate-deterministic,1,8
2,8,1,8192,1048576,1048576,cycle,8,random,os-getrandom,random-old-and-new-paths,insertion,447,1036915,0.98887920379638672,0.016133795,fixed,1,access-plus-rate-deterministic,1,8
2,8,1,8192,1048576,1048576,cycle,8,random,os-getrandom,random-old-and-new-paths,insertion,448,1035798,0.98781394958496094,0.017688753,fixed,1,access-plus-rate-deterministic,1,8
2,8,1,8192,1048576,1048576,cycle,8,random,os-getrandom,random-old-and-new-paths,insertion,449,1034576,0.98664855957031250,0.019391801,fixed,1,access-plus-rate-deterministic,1,8
2,8,1,8192,1048576,1048576,cycle,8,random,os-getrandom,random-old-and-new-paths,insertion,450,1033131,0.98527050018310547,0.021408233,fixed,1,access-plus-rate-deterministic,1,8
2,8,1,8192,1048576,1048576,cycle,8,random,os-getrandom,random-old-and-new-paths,insertion,451,1031387,0.98360729217529297,0.023845664,fixed,1,access-plus-rate-deterministic,1,8
2,8,1,8192,1048576,1048576,cycle,8,random,os-getrandom,random-old-and-new-paths,insertion,452,1029341,0.98165607452392578,0.026710433,fixed,1,access-plus-rate-deterministic,1,8
2,8,1,8192,1048576,1048576,cycle,8,random,os-getrandom,random-old-and-new-paths,insertion,453,1027077,0.97949695587158203,0.029887086,fixed,1,access-plus-rate-deterministic,1,8
2,8,1,8192,1048576,1048576,cycle,8,random,os-getrandom,random-old-and-new-paths,insertion,454,1024523,0.97706127166748047,0.033479058,fixed,1,access-plus-rate-deterministic,1,8
2,8,1,8192,1048576,1048576,cycle,8,random,os-getrandom,random-old-and-new-paths,insertion,455,1021839,0.97450160980224609,0.037263526,fixed,1,access-plus-rate-deterministic,1,8
2,8,1,8192,1048576,1048576,cycle,8,random,os-getrandom,random-old-and-new-paths,insertion,456,1018894,0.97169303894042969,0.041427461,fixed,1,access-plus-rate-deterministic,1,8
2,8,1,8192,1048576,1048576,cycle,8,random,os-getrandom,random-old-and-new-paths,insertion,457,1015751,0.96869564056396484,0.045884646,fixed,1,access-plus-rate-deterministic,1,8
2,8,1,8192,1048576,1048576,cycle,8,random,os-getrandom,random-old-and-new-paths,insertion,458,1012363,0.96546459197998047,0.050704745,fixed,1,access-plus-rate-deterministic,1,8
2,8,1,8192,1048576,1048576,cycle,8,random,os-getrandom,random-old-and-new-paths,insertion,459,1008753,0.96202182769775391,0.055858467,fixed,1,access-plus-rate-deterministic,1,8
2,8,1,8192,1048576,1048576,cycle,8,random,os-getrandom,random-old-and-new-paths,insertion,460,1004813,0.95826435089111328,0.061504396,fixed,1,access-plus-rate-deterministic,1,8
2,8,1,8192,1048576,1048576,cycle,8,random,os-getrandom,random-old-and-new-paths,insertion,461,1000531,0.95418071746826172,0.067665563,fixed,1,access-plus-rate-deterministic,1,8
2,8,1,8192,1048576,1048576,cycle,8,random,os-getrandom,random-old-and-new-paths,insertion,462,995895,0.94975948333740234,0.074365883,fixed,1,access-plus-rate-deterministic,1,8
2,8,1,8192,1048576,1048576,cycle,8,random,os-getrandom,random-old-and-new-paths,insertion,463,990920,0.94501495361328125,0.081590937,fixed,1,access-plus-rate-deterministic,1,8
2,8,1,8192,1048576,1048576,cycle,8,random,os-getrandom,random-old-and-new-paths,insertion,464,985536,0.93988037109375000,0.089450954,fixed,1,access-plus-rate-deterministic,1,8
2,8,1,8192,1048576,1048576,cycle,8,random,os-getrandom,random-old-and-new-paths,insertion,465,979809,0.93441867828369141,0.097858982,fixed,1,access-plus-rate-deterministic,1,8
2,8,1,8192,1048576,1048576,cycle,8,random,os-getrandom,random-old-and-new-paths,insertion,466,973859,0.92874431610107422,0.106646618,fixed,1,access-plus-rate-deterministic,1,8
2,8,1,8192,1048576,1048576,cycle,8,random,os-getrandom,random-old-and-new-paths,insertion,467,967600,0.92277526855468750,0.115948756,fixed,1,access-plus-rate-deterministic,1,8
2,8,1,8192,1048576,1048576,cycle,8,random,os-getrandom,random-old-and-new-paths,insertion,468,960999,0.91648006439208984,0.125824596,fixed,1,access-plus-rate-deterministic,1,8
2,8,1,8192,1048576,1048576,cycle,8,random,os-getrandom,random-old-and-new-paths,insertion,469,954078,0.90987968444824219,0.136252308,fixed,1,access-plus-rate-deterministic,1,8
2,8,1,8192,1048576,1048576,cycle,8,random,os-getrandom,random-old-and-new-paths,insertion,470,946829,0.90296649932861328,0.147255631,fixed,1,access-plus-rate-deterministic,1,8
2,8,1,8192,1048576,1048576,cycle,8,random,os-getrandom,random-old-and-new-paths,insertion,471,939364,0.89584732055664062,0.158675220,fixed,1,access-plus-rate-deterministic,1,8
2,8,1,8192,1048576,1048576,cycle,8,random,os-getrandom,random-old-and-new-paths,insertion,472,931517,0.88836383819580078,0.170777427,fixed,1,access-plus-rate-deterministic,1,8
2,8,1,8192,1048576,1048576,cycle,8,random,os-getrandom,random-old-and-new-paths,insertion,473,923601,0.88081455230712891,0.183089790,fixed,1,access-plus-rate-deterministic,1,8
2,8,1,8192,1048576,1048576,cycle,8,random,os-getrandom,random-old-and-new-paths,insertion,474,915368,0.87296295166015625,0.196007667,fixed,1,access-plus-rate-deterministic,1,8
2,8,1,8192,1048576,1048576,cycle,8,random,os-getrandom,random-old-and-new-paths,insertion,475,906795,0.86478710174560547,0.209583089,fixed,1,access-plus-rate-deterministic,1,8
2,8,1,8192,1048576,1048576,cycle,8,random,os-getrandom,random-old-and-new-paths,insertion,476,897899,0.85630321502685547,0.223806353,fixed,1,access-plus-rate-deterministic,1,8
2,8,1,8192,1048576,1048576,cycle,8,random,os-getrandom,random-old-and-new-paths,insertion,477,888615,0.84744930267333984,0.238801031,fixed,1,access-plus-rate-deterministic,1,8
2,8,1,8192,1048576,1048576,cycle,8,random,os-getrandom,random-old-and-new-paths,insertion,478,879224,0.83849334716796875,0.254128758,fixed,1,access-plus-rate-deterministic,1,8
2,8,1,8192,1048576,1048576,cycle,8,random,os-getrandom,random-old-and-new-paths,insertion,479,869373,0.82909870147705078,0.270384235,fixed,1,access-plus-rate-deterministic,1,8
2,8,1,8192,1048576,1048576,cycle,8,random,os-getrandom,random-old-and-new-paths,insertion,480,859521,0.81970310211181641,0.286826637,fixed,1,access-plus-rate-deterministic,1,8
2,8,1,8192,1048576,1048576,cycle,8,random,os-getrandom,random-old-and-new-paths,insertion,481,849134,0.80979728698730469,0.304367285,fixed,1,access-plus-rate-deterministic,1,8
2,8,1,8192,1048576,1048576,cycle,8,random,os-getrandom,random-old-and-new-paths,insertion,482,838230,0.79939842224121094,0.323013370,fixed,1,access-plus-rate-deterministic,1,8
2,8,1,8192,1048576,1048576,cycle,8,random,os-getrandom,random-old-and-new-paths,insertion,483,826861,0.78855609893798828,0.342714701,fixed,1,access-plus-rate-deterministic,1,8
2,8,1,8192,1048576,1048576,cycle,8,random,os-getrandom,random-old-and-new-paths,insertion,484,815171,0.77740764617919922,0.363256798,fixed,1,access-plus-rate-deterministic,1,8
2,8,1,8192,1048576,1048576,cycle,8,random,os-getrandom,random-old-and-new-paths,insertion,485,803010,0.76581001281738281,0.384941572,fixed,1,access-plus-rate-deterministic,1,8
2,8,1,8192,1048576,1048576,cycle,8,random,os-getrandom,random-old-and-new-paths,insertion,486,790450,0.75383186340332031,0.407685318,fixed,1,access-plus-rate-deterministic,1,8
2,8,1,8192,1048576,1048576,cycle,8,random,os-getrandom,random-old-and-new-paths,insertion,487,777718,0.74168968200683594,0.431112396,fixed,1,access-plus-rate-deterministic,1,8
2,8,1,8192,1048576,1048576,cycle,8,random,os-getrandom,random-old-and-new-paths,insertion,488,764574,0.72915458679199219,0.455703385,fixed,1,access-plus-rate-deterministic,1,8
2,8,1,8192,1048576,1048576,cycle,8,random,os-getrandom,random-old-and-new-paths,insertion,489,751114,0.71631813049316406,0.481327637,fixed,1,access-plus-rate-deterministic,1,8
2,8,1,8192,1048576,1048576,cycle,8,random,os-getrandom,random-old-and-new-paths,insertion,490,737256,0.70310211181640625,0.508193867,fixed,1,access-plus-rate-deterministic,1,8
2,8,1,8192,1048576,1048576,cycle,8,random,os-getrandom,random-old-and-new-paths,insertion,491,723007,0.68951320648193359,0.536349910,fixed,1,access-plus-rate-deterministic,1,8
2,8,1,8192,1048576,1048576,cycle,8,random,os-getrandom,random-old-and-new-paths,insertion,492,708408,0.67559051513671875,0.565779021,fixed,1,access-plus-rate-deterministic,1,8
2,8,1,8192,1048576,1048576,cycle,8,random,os-getrandom,random-old-and-new-paths,insertion,493,693311,0.66119289398193359,0.596856875,fixed,1,access-plus-rate-deterministic,1,8
2,8,1,8192,1048576,1048576,cycle,8,random,os-getrandom,random-old-and-new-paths,insertion,494,677904,0.64649963378906250,0.629278542,fixed,1,access-plus-rate-deterministic,1,8
2,8,1,8192,1048576,1048576,cycle,8,random,os-getrandom,random-old-and-new-paths,insertion,495,662050,0.63138008117675781,0.663419348,fixed,1,access-plus-rate-deterministic,1,8
2,8,1,8192,1048576,1048576,cycle,8,random,os-getrandom,random-old-and-new-paths,insertion,496,646132,0.61619949340820312,0.698530599,fixed,1,access-plus-rate-deterministic,1,8
2,8,1,8192,1048576,1048576,cycle,8,random,os-getrandom,random-old-and-new-paths,insertion,497,629862,0.60068321228027344,0.735323750,fixed,1,access-plus-rate-deterministic,1,8
2,8,1,8192,1048576,1048576,cycle,8,random,os-getrandom,random-old-and-new-paths,insertion,498,613290,0.58487892150878906,0.773790098,fixed,1,access-plus-rate-deterministic,1,8
2,8,1,8192,1048576,1048576,cycle,8,random,os-getrandom,random-old-and-new-paths,insertion,499,596376,0.56874847412109375,0.814137325,fixed,1,access-plus-rate-deterministic,1,8
2,8,1,8192,1048576,1048576,cycle,8,random,os-getrandom,random-old-and-new-paths,insertion,500,579379,0.55253887176513672,0.855852132,fixed,1,access-plus-rate-deterministic,1,8
2,8,1,8192,1048576,1048576,cycle,8,random,os-getrandom,random-old-and-new-paths,insertion,501,562342,0.53629112243652344,0.898911723,fixed,1,access-plus-rate-deterministic,1,8
2,8,1,8192,1048576,1048576,cycle,8,random,os-getrandom,random-old-and-new-paths,insertion,502,545286,0.52002525329589844,0.943346410,fixed,1,access-plus-rate-deterministic,1,8
2,8,1,8192,1048576,1048576,cycle,8,random,os-getrandom,random-old-and-new-paths,insertion,503,528462,0.50398063659667969,0.988559790,fixed,1,access-plus-rate-deterministic,1,8
2,8,1,8192,1048576,1048576,cycle,8,random,os-getrandom,random-old-and-new-paths,insertion,504,511896,0.48818206787109375,1.034508793,fixed,1,access-plus-rate-deterministic,1,8
2,8,1,8192,1048576,1048576,cycle,8,random,os-getrandom,random-old-and-new-paths,insertion,505,495500,0.47254562377929688,1.081474468,fixed,1,access-plus-rate-deterministic,1,8
2,8,1,8192,1048576,1048576,cycle,8,random,os-getrandom,random-old-and-new-paths,insertion,506,478741,0.45656299591064453,1.131114160,fixed,1,access-plus-rate-deterministic,1,8
2,8,1,8192,1048576,1048576,cycle,8,random,os-getrandom,random-old-and-new-paths,insertion,507,462199,0.44078731536865234,1.181845387,fixed,1,access-plus-rate-deterministic,1,8
2,8,1,8192,1048576,1048576,cycle,8,random,os-getrandom,random-old-and-new-paths,insertion,508,445755,0.42510509490966797,1.234108545,fixed,1,access-plus-rate-deterministic,1,8
2,8,1,8192,1048576,1048576,cycle,8,random,os-getrandom,random-old-and-new-paths,insertion,509,429757,0.40984821319580078,1.286838387,fixed,1,access-plus-rate-deterministic,1,8
2,8,1,8192,1048576,1048576,cycle,8,random,os-getrandom,random-old-and-new-paths,insertion,510,414196,0.39500808715820312,1.340045904,fixed,1,access-plus-rate-deterministic,1,8
2,8,1,8192,1048576,1048576,cycle,8,random,os-getrandom,random-old-and-new-paths,insertion,511,398851,0.38037395477294922,1.394509631,fixed,1,access-plus-rate-deterministic,1,8
2,8,1,8192,1048576,1048576,cycle,8,random,os-getrandom,random-old-and-new-paths,insertion,512,383818,0.36603736877441406,1.449937154,fixed,1,access-plus-rate-deterministic,1,8
2,8,1,8192,1048576,1048576,cycle,8,random,os-getrandom,random-old-and-new-paths,insertion,513,368966,0.35187339782714844,1.506871647,fixed,1,access-plus-rate-deterministic,1,8
2,8,1,8192,1048576,1048576,cycle,8,random,os-getrandom,random-old-and-new-paths,insertion,514,354538,0.33811378479003906,1.564419259,fixed,1,access-plus-rate-deterministic,1,8
2,8,1,8192,1048576,1048576,cycle,8,random,os-getrandom,random-old-and-new-paths,insertion,515,340489,0.32471561431884766,1.622751335,fixed,1,access-plus-rate-deterministic,1,8
2,8,1,8192,1048576,1048576,cycle,8,random,os-getrandom,random-old-and-new-paths,insertion,516,326520,0.31139373779296875,1.683188163,fixed,1,access-plus-rate-deterministic,1,8
2,8,1,8192,1048576,1048576,cycle,8,random,os-getrandom,random-old-and-new-paths,insertion,517,313085,0.29858112335205078,1.743805135,fixed,1,access-plus-rate-deterministic,1,8
2,8,1,8192,1048576,1048576,cycle,8,random,os-getrandom,random-old-and-new-paths,insertion,518,299764,0.28587722778320312,1.806532392,fixed,1,access-plus-rate-deterministic,1,8
2,8,1,8192,1048576,1048576,cycle,8,random,os-getrandom,random-old-and-new-paths,insertion,519,286589,0.27331256866455078,1.871376289,fixed,1,access-plus-rate-deterministic,1,8
2,8,1,8192,1048576,1048576,cycle,8,random,os-getrandom,random-old-and-new-paths,insertion,520,273620,0.26094436645507812,1.938185839,fixed,1,access-plus-rate-deterministic,1,8
2,8,1,8192,1048576,1048576,cycle,8,random,os-getrandom,random-old-and-new-paths,insertion,521,260984,0.24889373779296875,2.006398163,fixed,1,access-plus-rate-deterministic,1,8
2,8,1,8192,1048576,1048576,cycle,8,random,os-getrandom,random-old-and-new-paths,insertion,522,248859,0.23733043670654297,2.075030962,fixed,1,access-plus-rate-deterministic,1,8
2,8,1,8192,1048576,1048576,cycle,8,random,os-getrandom,random-old-and-new-paths,insertion,523,237281,0.22628879547119141,2.143762943,fixed,1,access-plus-rate-deterministic,1,8
2,8,1,8192,1048576,1048576,cycle,8,random,os-getrandom,random-old-and-new-paths,insertion,524,226176,0.21569824218750000,2.212913675,fixed,1,access-plus-rate-deterministic,1,8
2,8,1,8192,1048576,1048576,cycle,8,random,os-getrandom,random-old-and-new-paths,insertion,525,215594,0.20560646057128906,2.282042497,fixed,1,access-plus-rate-deterministic,1,8
2,8,1,8192,1048576,1048576,cycle,8,random,os-getrandom,random-old-and-new-paths,insertion,526,205377,0.19586277008056641,2.352084901,fixed,1,access-plus-rate-deterministic,1,8
2,8,1,8192,1048576,1048576,cycle,8,random,os-getrandom,random-old-and-new-paths,insertion,527,195673,0.18660831451416016,2.421914827,fixed,1,access-plus-rate-deterministic,1,8
2,8,1,8192,1048576,1048576,cycle,8,random,os-getrandom,random-old-and-new-paths,insertion,528,186332,0.17770004272460938,2.492484067,fixed,1,access-plus-rate-deterministic,1,8
2,8,1,8192,1048576,1048576,cycle,8,random,os-getrandom,random-old-and-new-paths,insertion,529,177123,0.16891765594482422,2.565607963,fixed,1,access-plus-rate-deterministic,1,8
2,8,1,8192,1048576,1048576,cycle,8,random,os-getrandom,random-old-and-new-paths,insertion,530,168279,0.16048336029052734,2.639504376,fixed,1,access-plus-rate-deterministic,1,8
2,8,1,8192,1048576,1048576,cycle,8,random,os-getrandom,random-old-and-new-paths,insertion,531,159713,0.15231418609619141,2.714877778,fixed,1,access-plus-rate-deterministic,1,8
2,8,1,8192,1048576,1048576,cycle,8,random,os-getrandom,random-old-and-new-paths,insertion,532,151386,0.14437294006347656,2.792127733,fixed,1,access-plus-rate-deterministic,1,8
2,8,1,8192,1048576,1048576,cycle,8,random,os-getrandom,random-old-and-new-paths,insertion,533,143555,0.13690471649169922,2.868755945,fixed,1,access-plus-rate-deterministic,1,8
2,8,1,8192,1048576,1048576,cycle,8,random,os-getrandom,random-old-and-new-paths,insertion,534,135974,0.12967491149902344,2.947028710,fixed,1,access-plus-rate-deterministic,1,8
2,8,1,8192,1048576,1048576,cycle,8,random,os-getrandom,random-old-and-new-paths,insertion,535,128703,0.12274074554443359,3.026313843,fixed,1,access-plus-rate-deterministic,1,8
2,8,1,8192,1048576,1048576,cycle,8,random,os-getrandom,random-old-and-new-paths,insertion,536,121602,0.11596870422363281,3.108192568,fixed,1,access-plus-rate-deterministic,1,8
2,8,1,8192,1048576,1048576,cycle,8,random,os-getrandom,random-old-and-new-paths,insertion,537,114723,0.10940837860107422,3.192204870,fixed,1,access-plus-rate-deterministic,1,8
2,8,1,8192,1048576,1048576,cycle,8,random,os-getrandom,random-old-and-new-paths,insertion,538,108052,0.10304641723632812,3.278633749,fixed,1,access-plus-rate-deterministic,1,8
2,8,1,8192,1048576,1048576,cycle,8,random,os-getrandom,random-old-and-new-paths,insertion,539,101704,0.09699249267578125,3.365983104,fixed,1,access-plus-rate-deterministic,1,8
2,8,1,8192,1048576,1048576,cycle,8,random,os-getrandom,random-old-and-new-paths,insertion,540,95590,0.09116172790527344,3.455427920,fixed,1,access-plus-rate-deterministic,1,8
2,8,1,8192,1048576,1048576,cycle,8,random,os-getrandom,random-old-and-new-paths,insertion,541,89780,0.08562088012695312,3.545893524,fixed,1,access-plus-rate-deterministic,1,8
2,8,1,8192,1048576,1048576,cycle,8,random,os-getrandom,random-old-and-new-paths,insertion,542,84254,0.08035087585449219,3.637542440,fixed,1,access-plus-rate-deterministic,1,8
2,8,1,8192,1048576,1048576,cycle,8,random,os-getrandom,random-old-and-new-paths,insertion,543,78850,0.07519721984863281,3.733176865,fixed,1,access-plus-rate-deterministic,1,8
2,8,1,8192,1048576,1048576,cycle,8,random,os-getrandom,random-old-and-new-paths,insertion,544,73690,0.07027626037597656,3.830818767,fixed,1,access-plus-rate-deterministic,1,8
2,8,1,8192,1048576,1048576,cycle,8,random,os-getrandom,random-old-and-new-paths,insertion,545,68668,0.06548690795898438,3.932649676,fixed,1,access-plus-rate-deterministic,1,8
2,8,1,8192,1048576,1048576,cycle,8,random,os-getrandom,random-old-and-new-paths,insertion,546,63718,0.06076622009277344,4.040586637,fixed,1,access-plus-rate-deterministic,1,8
2,8,1,8192,1048576,1048576,cycle,8,random,os-getrandom,random-old-and-new-paths,insertion,547,58882,0.05615425109863281,4.154460945,fixed,1,access-plus-rate-deterministic,1,8
2,8,1,8192,1048576,1048576,cycle,8,random,os-getrandom,random-old-and-new-paths,insertion,548,54113,0.05160617828369141,4.276312395,fixed,1,access-plus-rate-deterministic,1,8
2,8,1,8192,1048576,1048576,cycle,8,random,os-getrandom,random-old-and-new-paths,insertion,549,49506,0.04721260070800781,4.404684234,fixed,1,access-plus-rate-deterministic,1,8
2,8,1,8192,1048576,1048576,cycle,8,random,os-getrandom,random-old-and-new-paths,insertion,550,45299,0.04320049285888672,4.532808418,fixed,1,access-plus-rate-deterministic,1,8
2,8,1,8192,1048576,1048576,cycle,8,random,os-getrandom,random-old-and-new-paths,insertion,551,41300,0.03938674926757812,4.666145839,fixed,1,access-plus-rate-deterministic,1,8
2,8,1,8192,1048576,1048576,cycle,8,random,os-getrandom,random-old-and-new-paths,insertion,552,37400,0.03566741943359375,4.809249350,fixed,1,access-plus-rate-deterministic,1,8
2,8,1,8192,1048576,1048576,cycle,8,random,os-getrandom,random-old-and-new-paths,insertion,553,33902,0.03233146667480469,4.950917235,fixed,1,access-plus-rate-deterministic,1,8
2,8,1,8192,1048576,1048576,cycle,8,random,os-getrandom,random-old-and-new-paths,insertion,554,30600,0.02918243408203125,5.098755968,fixed,1,access-plus-rate-deterministic,1,8
2,8,1,8192,1048576,1048576,cycle,8,random,os-getrandom,random-old-and-new-paths,insertion,555,27446,0.02617454528808594,5.255691715,fixed,1,access-plus-rate-deterministic,1,8
2,8,1,8192,1048576,1048576,cycle,8,random,os-getrandom,random-old-and-new-paths,insertion,556,24538,0.02340126037597656,5.417269955,fixed,1,access-plus-rate-deterministic,1,8
2,8,1,8192,1048576,1048576,cycle,8,random,os-getrandom,random-old-and-new-paths,insertion,557,22040,0.02101898193359375,5.572163397,fixed,1,access-plus-rate-deterministic,1,8
2,8,1,8192,1048576,1048576,cycle,8,random,os-getrandom,random-old-and-new-paths,insertion,558,19672,0.01876068115234375,5.736143980,fixed,1,access-plus-rate-deterministic,1,8
2,8,1,8192,1048576,1048576,cycle,8,random,os-getrandom,random-old-and-new-paths,insertion,559,17479,0.01666927337646484,5.906664972,fixed,1,access-plus-rate-deterministic,1,8
2,8,1,8192,1048576,1048576,cycle,8,random,os-getrandom,random-old-and-new-paths,insertion,560,15624,0.01490020751953125,6.068523766,fixed,1,access-plus-rate-deterministic,1,8
2,8,1,8192,1048576,1048576,cycle,8,random,os-getrandom,random-old-and-new-paths,insertion,561,13907,0.01326274871826172,6.236476383,fixed,1,access-plus-rate-deterministic,1,8
2,8,1,8192,1048576,1048576,cycle,8,random,os-getrandom,random-old-and-new-paths,insertion,562,12374,0.01180076599121094,6.404975681,fixed,1,access-plus-rate-deterministic,1,8
2,8,1,8192,1048576,1048576,cycle,8,random,os-getrandom,random-old-and-new-paths,insertion,563,10998,0.01048851013183594,6.575046429,fixed,1,access-plus-rate-deterministic,1,8
2,8,1,8192,1048576,1048576,cycle,8,random,os-getrandom,random-old-and-new-paths,insertion,564,9782,0.00932884216308594,6.744086251,fixed,1,access-plus-rate-deterministic,1,8
2,8,1,8192,1048576,1048576,cycle,8,random,os-getrandom,random-old-and-new-paths,insertion,565,8681,0.00827884674072266,6.916354473,fixed,1,access-plus-rate-deterministic,1,8
2,8,1,8192,1048576,1048576,cycle,8,random,os-getrandom,random-old-and-new-paths,insertion,566,7661,0.00730609893798828,7.096682994,fixed,1,access-plus-rate-deterministic,1,8
2,8,1,8192,1048576,1048576,cycle,8,random,os-getrandom,random-old-and-new-paths,insertion,567,6706,0.00639533996582031,7.288763232,fixed,1,access-plus-rate-deterministic,1,8
2,8,1,8192,1048576,1048576,cycle,8,random,os-getrandom,random-old-and-new-paths,insertion,568,5833,0.00556278228759766,7.489977641,fixed,1,access-plus-rate-deterministic,1,8
2,8,1,8192,1048576,1048576,cycle,8,random,os-getrandom,random-old-and-new-paths,insertion,569,5111,0.00487422943115234,7.680610124,fixed,1,access-plus-rate-deterministic,1,8
2,8,1,8192,1048576,1048576,cycle,8,random,os-getrandom,random-old-and-new-paths,insertion,570,4478,0.00427055358886719,7.871361187,fixed,1,access-plus-rate-deterministic,1,8
2,8,1,8192,1048576,1048576,cycle,8,random,os-getrandom,random-old-and-new-paths,insertion,571,3864,0.00368499755859375,8.084120621,fixed,1,access-plus-rate-deterministic,1,8
2,8,1,8192,1048576,1048576,cycle,8,random,os-getrandom,random-old-and-new-paths,insertion,572,3373,0.00321674346923828,8.280183397,fixed,1,access-plus-rate-deterministic,1,8
2,8,1,8192,1048576,1048576,cycle,8,random,os-getrandom,random-old-and-new-paths,insertion,573,2911,0.00277614593505859,8.492700876,fixed,1,access-plus-rate-deterministic,1,8
2,8,1,8192,1048576,1048576,cycle,8,random,os-getrandom,random-old-and-new-paths,insertion,574,2547,0.00242900848388672,8.685416756,fixed,1,access-plus-rate-deterministic,1,8
2,8,1,8192,1048576,1048576,cycle,8,random,os-getrandom,random-old-and-new-paths,insertion,575,2193,0.00209140777587891,8.901309903,fixed,1,access-plus-rate-deterministic,1,8
2,8,1,8192,1048576,1048576,cycle,8,random,os-getrandom,random-old-and-new-paths,insertion,576,1881,0.00179386138916016,9.122715866,fixed,1,access-plus-rate-deterministic,1,8
2,8,1,8192,1048576,1048576,cycle,8,random,os-getrandom,random-old-and-new-paths,insertion,577,1585,0.00151157379150391,9.369732875,fixed,1,access-plus-rate-deterministic,1,8
2,8,1,8192,1048576,1048576,cycle,8,random,os-getrandom,random-old-and-new-paths,insertion,578,1325,0.00126361846923828,9.628223356,fixed,1,access-plus-rate-deterministic,1,8
2,8,1,8192,1048576,1048576,cycle,8,random,os-getrandom,random-old-and-new-paths,insertion,579,1073,0.00102329254150391,9.932565639,fixed,1,access-plus-rate-deterministic,1,8
2,8,1,8192,1048576,1048576,cycle,8,random,os-getrandom,random-old-and-new-paths,insertion,580,866,0.00082588195800781,10.241776785,fixed,1,access-plus-rate-deterministic,1,8
2,8,1,8192,1048576,1048576,cycle,8,random,os-getrandom,random-old-and-new-paths,insertion,581,691,0.00065898895263672,10.567458100,fixed,1,access-plus-rate-deterministic,1,8
2,8,1,8192,1048576,1048576,cycle,8,random,os-getrandom,random-old-and-new-paths,insertion,582,544,0.00051879882812500,10.912537159,fixed,1,access-plus-rate-deterministic,1,8
2,8,1,8192,1048576,1048576,cycle,8,random,os-getrandom,random-old-and-new-paths,insertion,583,444,0.00042343139648438,11.205584134,fixed,1,access-plus-rate-deterministic,1,8
2,8,1,8192,1048576,1048576,cycle,8,random,os-getrandom,random-old-and-new-paths,insertion,584,372,0.00035476684570312,11.460841189,fixed,1,access-plus-rate-deterministic,1,8
2,8,1,8192,1048576,1048576,cycle,8,random,os-getrandom,random-old-and-new-paths,insertion,585,335,0.00031948089599609,11.611982715,fixed,1,access-plus-rate-deterministic,1,8
2,8,1,8192,1048576,1048576,cycle,8,random,os-getrandom,random-old-and-new-paths,insertion,586,300,0.00028610229492188,11.771181310,fixed,1,access-plus-rate-deterministic,1,8
2,8,1,8192,1048576,1048576,cycle,8,random,os-getrandom,random-old-and-new-paths,insertion,587,278,0.00026512145996094,11.881058927,fixed,1,access-plus-rate-deterministic,1,8
2,8,1,8192,1048576,1048576,cycle,8,random,os-getrandom,random-old-and-new-paths,insertion,588,255,0.00024318695068359,12.005646563,fixed,1,access-plus-rate-deterministic,1,8
2,8,1,8192,1048576,1048576,cycle,8,random,os-getrandom,random-old-and-new-paths,insertion,589,231,0.00022029876708984,12.148250959,fixed,1,access-plus-rate-deterministic,1,8
2,8,1,8192,1048576,1048576,cycle,8,random,os-getrandom,random-old-and-new-paths,insertion,590,205,0.00019550323486328,12.320519900,fixed,1,access-plus-rate-deterministic,1,8
2,8,1,8192,1048576,1048576,cycle,8,random,os-getrandom,random-old-and-new-paths,insertion,591,179,0.00017070770263672,12.516184223,fixed,1,access-plus-rate-deterministic,1,8
2,8,1,8192,1048576,1048576,cycle,8,random,os-getrandom,random-old-and-new-paths,insertion,592,151,0.00014400482177734,12.761595261,fixed,1,access-plus-rate-deterministic,1,8
2,8,1,8192,1048576,1048576,cycle,8,random,os-getrandom,random-old-and-new-paths,insertion,593,118,0.00011253356933594,13.117356951,fixed,1,access-plus-rate-deterministic,1,8
2,8,1,8192,1048576,1048576,cycle,8,random,os-getrandom,random-old-and-new-paths,insertion,594,84,0.00008010864257812,13.607682577,fixed,1,access-plus-rate-deterministic,1,8
2,8,1,8192,1048576,1048576,cycle,8,random,os-getrandom,random-old-and-new-paths,insertion,595,48,0.00004577636718750,14.415037499,fixed,1,access-plus-rate-deterministic,1,8
2,8,1,8192,1048576,1048576,cycle,8,random,os-getrandom,random-old-and-new-paths,insertion,596,25,0.00002384185791016,15.356143810,fixed,1,access-plus-rate-deterministic,1,8
2,8,1,8192,1048576,1048576,cycle,8,random,os-getrandom,random-old-and-new-paths,insertion,597,12,0.00001144409179688,16.415037499,fixed,1,access-plus-rate-deterministic,1,8
2,8,1,8192,1048576,1048576,cycle,8,random,os-getrandom,random-old-and-new-paths,insertion,598,6,0.00000572204589844,17.415037499,fixed,1,access-plus-rate-deterministic,1,8
2,8,1,8192,1048576,1048576,cycle,8,random,os-getrandom,random-old-and-new-paths,insertion,599,1,0.00000095367431641,20.000000000,fixed,1,access-plus-rate-deterministic,1,8
2,8,1,8192,1048576,1048576,cycle,8,random,os-getrandom,random-old-and-new-paths,insertion,600,0,0.00000000000000000,inf,fixed,1,access-plus-rate-deterministic,1,8
