b,z,y,n,warmup,operations,workload,bucket_slots,queue_policy,rng_source,initialization,metric,threshold,exceed_count,probability,log2_inverse,eviction_policy,eviction_chains,path_schedule,deterministic_numerator,deterministic_denominator
2,8,1,8192,1048576,1048576,cycle,8,random,os-getrandom,random-old-and-new-paths,post,0,1048576,1.00000000000000000,-0.000000000,fixed,1,access-plus-rate-deterministic,5,32
2,8,1,8192,1048576,1048576,cycle,8,random,os-getrandom,random-old-and-new-paths,post,1,1048576,1.00000000000000000,-0.000000000,fixed,1,access-plus-rate-deterministic,5,32
2,8,1,8192,1048576,1048576,cycle,8,random,os-getrandom,random-old-and-new-paths,post,2,1048576,1.00000000000000000,-0.000000000,fixed,1,access-plus-rate-deterministic,5,32
2,8,1,8192,1048576,1048576,cycle,8,random,os-getrandom,random-old-and-new-paths,post,3,1048576,1.00000000000000000,-0.000000000,fixed,1,access-plus-rate-deterministic,5,32
2,8,1,8192,1048576,1048576,cycle,8,random,os-getrandom,random-old-and-new-paths,post,4,1048576,1.00000000000000000,-0.000000000,fixed,1,access-plus-rate-deterministic,5,32
2,8,1,8192,1048576,1048576,cycle,8,random,os-getrandom,random-old-and-new-paths,post,5,1048576,1.00000000000000000,-0.000000000,fixed,1,access-plus-rate-deterministic,5,32
2,8,1,8192,1048576,1048576,cycle,8,random,os-getrandom,random-old-and-new-paths,post,6,1048576,1.00000000000000000,-0.000000000,fixed,1,access-plus-rate-deterministic,5,32
2,8,1,8192,1048576,1048576,cycle,8,random,os-getrandom,random-old-and-new-paths,post,7,1048576,1.00000000000000000,-0.000000000,fixed,1,access-plus-rate-deterministic,5,32
2,8,1,8192,1048576,1048576,cycle,8,random,os-getrandom,random-old-and-new-paths,post,8,1048576,1.00000000000000000,-0.000000000,fixed,1,access-plus-rate-deterministic,5,32
2,8,1,8192,1048576,1048576,cycle,8,random,os-getrandom,random-old-and-new-paths,post,9,1048576,1.00000000000000000,-0.000000000,fixed,1,access-plus-rate-deterministic,5,32
2,8,1,8192,1048576,1048576,cycle,8,random,os-getrandom,random-old-and-new-paths,post,10,1048576,1.00000000000000000,-0.000000000,fixed,1,access-plus-rate-deterministic,5,32
2,8,1,8192,1048576,1048576,cycle,8,random,os-getrandom,random-old-and-new-paths,post,11,1048576,1.00000000000000000,-0.000000000,fixed,1,access-plus-rate-deterministic,5,32
2,8,1,8192,1048576,1048576,cycle,8,random,os-getrandom,random-old-and-new-paths,post,12,1048576,1.00000000000000000,-0.000000000,fixed,1,access-plus-rate-deterministic,5,32
2,8,1,8192,1048576,1048576,cycle,8,random,os-getrandom,random-old-and-new-paths,post,13,1048576,1.00000000000000000,-0.000000000,fixed,1,access-plus-rate-deterministic,5,32
2,8,1,8192,1048576,1048576,cycle,8,random,os-getrandom,random-old-and-new-paths,post,14,1048576,1.00000000000000000,-0.000000000,fixed,1,access-plus-rate-deterministic,5,32
2,8,1,8192,1048576,1048576,cycle,8,random,os-getrandom,random-old-and-new-paths,post,15,1048576,1.00000000000000000,-0.000000000,fixed,1,access-plus-rate-deterministic,5,32
2,8,1,8192,1048576,1048576,cycle,8,random,os-getrandom,random-old-and-new-paths,post,16,1048576,1.00000000000000000,-0.000000000,fixed,1,access-plus-rate-deterministic,5,32
2,8,1,8192,1048576,1048576,cycle,8,random,os-getrandom,random-old-and-new-paths,post,17,1048576,1.00000000000000000,-0.000000000,fixed,1,access-plus-rate-deterministic,5,32
2,8,1,8192,1048576,1048576,cycle,8,random,os-getrandom,random-old-and-new-paths,post,18,1048576,1.00000000000000000,-0.000000000,fixed,1,access-plus-rate-deterministic,5,32
2,8,1,8192,1048576,1048576,cycle,8,random,os-getrandom,random-old-and-new-paths,post,19,1048576,1.00000000000000000,-0.000000000,fixed,1,access-plus-rate-deterministic,5,32
2,8,1,8192,1048576,1048576,cycle,8,random,os-getrandom,random-old-and-new-paths,post,20,1048576,1.00000000000000000,-0.000000000,fixed,1,access-plus-rate-deterministic,5,32
2,8,1,8192,1048576,1048576,cycle,8,random,os-getrandom,random-old-and-new-paths,post,21,1048576,1.00000000000000000,-0.000000000,fixed,1,access-plus-rate-deterministic,5,32
2,8,1,8192,1048576,1048576,cycle,8,random,os-getrandom,random-old-and-new-paths,post,22,1048576,1.00000000000000000,-0.000000000,fixed,1,access-plus-rate-deterministic,5,32
2,8,1,8192,1048576,1048576,cycle,8,random,os-getrandom,random-old-and-new-paths,post,23,1048576,1.00000000000000000,-0.000000000,fixed,1,access-plus-rate-deterministic,5,32
2,8,1,8192,1048576,1048576,cycle,8,random,os-getrandom,random-old-and-new-paths,post,24,1048576,1.00000000000000000,-0.000000000,fixed,1,access-plus-rate-deterministic,5,32
2,8,1,8192,1048576,1048576,cycle,8,random,os-getrandom,random-old-and-new-paths,post,25,1048576,1.00000000000000000,-0.000000000,fixed,1,access-plus-rate-deterministic,5,32
2,8,1,8192,1048576,1048576,cycle,8,random,os-getrandom,random-old-and-new-paths,post,26,1048576,1.00000000000000000,-0.000000000,fixed,1,access-plus-rate-deterministic,5,32
2,8,1,8192,1048576,1048576,cycle,8,random,os-getrandom,random-old-and-new-paths,post,27,1048576,1.00000000000000000,-0.000000000,fixed,1,access-plus-rate-deterministic,5,32
2,8,1,8192,1048576,1048576,cycle,8,random,os-getrandom,random-old-and-new-paths,post,28,1048576,1.00000000000000000,-0.000000000,fixed,1,access-plus-rate-deterministic,5,32
2,8,1,8192,1048576,1048576,cycle,8,random,os-getrandom,random-old-and-new-paths,post,29,1048576,1.00000000000000000,-0.000000000,fixed,1,access-plus-rate-deterministic,5,32
2,8,1,8192,1048576,1048576,cycle,8,random,os-getrandom,random-old-and-new-paths,post,30,1048576,1.00000000000000000,-0.000000000,fixed,1,access-plus-rate-deterministic,5,32
2,8,1,8192,1048576,1048576,cycle,8,random,os-getrandom,random-old-and-new-paths,post,31,1048576,1.00000000000000000,-0.000000000,fixed,1,access-plus-rate-deterministic,5,32
2,8,1,8192,1048576,1048576,cycle,8,random,os-getrandom,random-old-and-new-paths,post,32,1048576,1.00000000000000000,-0.000000000,fixed,1,access-plus-rate-deterministic,5,32
2,8,1,8192,1048576,1048576,cycle,8,random,os-getrandom,random-old-and-new-paths,post,33,1048576,1.00000000000000000,-0.000000000,fixed,1,access-plus-rate-deterministic,5,32
2,8,1,8192,1048576,1048576,cycle,8,random,os-getrandom,random-old-and-new-paths,post,34,1048576,1.00000000000000000,-0.000000000,fixed,1,access-plus-rate-deterministic,5,32
2,8,1,8192,1048576,1048576,cycle,8,random,os-getrandom,random-old-and-new-paths,post,35,1048576,1.00000000000000000,-0.000000000,fixed,1,access-plus-rate-deterministic,5,32
2,8,1,8192,1048576,1048576,cycle,8,random,os-getrandom,random-old-and-new-paths,post,36,1048576,1.00000000000000000,-0.000000000,fixed,1,access-plus-rate-deterministic,5,32
2,8,1,8192,1048576,1048576,cycle,8,random,os-getrandom,random-old-and-new-paths,post,37,1048576,1.00000000000000000,-0.000000000,fixed,1,access-plus-rate-deterministic,5,32
2,8,1,8192,1048576,1048576,cycle,8,random,os-getrandom,random-old-and-new-paths,post,38,1048576,1.00000000000000000,-0.000000000,fixed,1,access-plus-rate-deterministic,5,32
2,8,1,8192,1048576,1048576,cycle,8,random,os-getrandom,random-old-and-new-paths,post,39,1048576,1.00000000000000000,-0.000000000,fixed,1,access-plus-rate-deterministic,5,32
2,8,1,8192,1048576,1048576,cycle,8,random,os-getrandom,random-old-and-new-paths,post,40,1048576,1.00000000000000000,-0.000000000,fixed,1,access-plus-rate-deterministic,5,32
2,8,1,8192,1048576,1048576,cycle,8,random,os-getrandom,random-old-and-new-paths,post,41,1048576,1.00000000000000000,-0.000000000,fixed,1,access-plus-rate-deterministic,5,32
2,8,1,8192,1048576,1048576,cycle,8,random,os-getrandom,random-old-and-new-paths,post,42,1048576,1.00000000000000000,-0.000000000,fixed,1,access-plus-rate-deterministic,5,32
2,8,1,8192,1048576,1048576,cycle,8,random,os-getrandom,random-old-and-new-paths,post,43,1048576,1.00000000000000000,-0.000000000,fixed,1,access-plus-rate-deterministic,5,32
2,8,1,8192,1048576,1048576,cycle,8,random,os-getrandom,random-old-and-new-paths,post,44,1048576,1.00000000000000000,-0.000000000,fixed,1,access-plus-rate-deterministic,5,32
2,8,1,8192,1048576,1048576,cycle,8,random,os-getrandom,random-old-and-new-paths,post,45,1048576,1.00000000000000000,-0.000000000,fixed,1,access-plus-rate-deterministic,5,32
2,8,1,8192,1048576,1048576,cycle,8,random,os-getrandom,random-old-and-new-paths,post,46,1048576,1.00000000000000000,-0.000000000,fixed,1,access-plus-rate-deterministic,5,32
2,8,1,8192,1048576,1048576,cycle,8,random,os-getrandom,random-old-and-new-paths,post,47,1048576,1.00000000000000000,-0.000000000,fixed,1,access-plus-rate-deterministic,5,32
2,8,1,8192,1048576,1048576,cycle,8,random,os-getrandom,random-old-and-new-paths,post,48,1048576,1.00000000000000000,-0.000000000,fixed,1,access-plus-rate-deterministic,5,32
2,8,1,8192,1048576,1048576,cycle,8,random,os-getrandom,random-old-and-new-paths,post,49,1048576,1.00000000000000000,-0.000000000,fixed,1,access-plus-rate-deterministic,5,32
2,8,1,8192,1048576,1048576,cycle,8,random,os-getrandom,random-old-and-new-paths,post,50,1048576,1.00000000000000000,-0.000000000,fixed,1,access-plus-rate-deterministic,5,32
2,8,1,8192,1048576,1048576,cycle,8,random,os-getrandom,random-old-and-new-paths,post,51,1048576,1.00000000000000000,-0.000000000,fixed,1,access-plus-rate-deterministic,5,32
2,8,1,8192,1048576,1048576,cycle,8,random,os-getrandom,random-old-and-new-paths,post,52,1048576,1.00000000000000000,-0.000000000,fixed,1,access-plus-rate-deterministic,5,32
2,8,1,8192,1048576,1048576,cycle,8,random,os-getrandom,random-old-and-new-paths,post,53,1048576,1.00000000000000000,-0.000000000,fixed,1,access-plus-rate-deterministic,5,32
2,8,1,8192,1048576,1048576,cycle,8,random,os-getrandom,random-old-and-new-paths,post,54,1048576,1.00000000000000000,-0.000000000,fixed,1,access-plus-rate-deterministic,5,32
2,8,1,8192,1048576,1048576,cycle,8,random,os-getrandom,random-old-and-new-paths,post,55,1048576,1.00000000000000000,-0.000000000,fixed,1,access-plus-rate-deterministic,5,32
2,8,1,8192,1048576,1048576,cycle,8,random,os-getrandom,random-old-and-new-paths,post,56,1048576,1.00000000000000000,-0.000000000,fixed,1,access-plus-rate-deterministic,5,32
2,8,1,8192,1048576,1048576,cycle,8,random,os-getrandom,random-old-and-new-paths,post,57,1048576,1.00000000000000000,-0.000000000,fixed,1,access-plus-rate-deterministic,5,32
2,8,1,8192,1048576,1048576,cycle,8,random,os-getrandom,random-old-and-new-paths,post,58,1048576,1.00000000000000000,-0.000000000,fixed,1,access-plus-rate-deterministic,5,32
2,8,1,8192,1048576,1048576,cycle,8,random,os-getrandom,random-old-and-new-paths,post,59,1048576,1.00000000000000000,-0.000000000,fixed,1,access-plus-rate-deterministic,5,32
2,8,1,8192,1048576,1048576,cycle,8,random,os-getrandom,random-old-and-new-paths,post,60,1048576,1.00000000000000000,-0.000000000,fixed,1,access-plus-rate-deterministic,5,32
2,8,1,8192,1048576,1048576,cycle,8,random,os-getrandom,random-old-and-new-paths,post,61,1048576,1.00000000000000000,-0.000000000,fixed,1,access-plus-rate-deterministic,5,32
2,8,1,8192,1048576,1048576,cycle,8,random,os-getrandom,random-old-and-new-paths,post,62,1048576,1.00000000000000000,-0.000000000,fixed,1,access-plus-rate-deterministic,5,32
2,8,1,8192,1048576,1048576,cycle,8,random,os-getrandom,random-old-and-new-paths,post,63,1048576,1.00000000000000000,-0.000000000,fixed,1,access-plus-rate-deterministic,5,32
2,8,1,8192,1048576,1048576,cycle,8,random,os-getrandom,random-old-and-new-paths,post,64,1048576,1.00000000000000000,-0.000000000,fixed,1,access-plus-rate-deterministic,5,32
2,8,1,8192,1048576,1048576,cycle,8,random,os-getrandom,random-old-and-new-paths,post,65,1048576,1.00000000000000000,-0.000000000,fixed,1,access-plus-rate-deterministic,5,32
2,8,1,8192,1048576,1048576,cycle,8,random,os-getrandom,random-old-and-new-paths,post,66,1048576,1.00000000000000000,-0.000000000,fixed,1,access-plus-rate-deterministic,5,32
2,8,1,8192,1048576,1048576,cycle,8,random,os-getrandom,random-old-and-new-paths,post,67,1048576,1.00000000000000000,-0.000000000,fixed,1,access-plus-rate-deterministic,5,32
2,8,1,8192,1048576,1048576,cycle,8,random,os-getrandom,random-old-and-new-paths,post,68,1048576,1.00000000000000000,-0.000000000,fixed,1,access-plus-rate-deterministic,5,32
2,8,1,8192,1048576,1048576,cycle,8,random,os-getrandom,random-old-and-new-paths,post,69,1048576,1.00000000000000000,-0.000000000,fixed,1,access-plus-rate-deterministic,5,32
2,8,1,8192,1048576,1048576,cycle,8,random,os-getrandom,random-old-and-new-paths,post,70,1048576,1.00000000000000000,-0.000000000,fixed,1,access-plus-rate-deterministic,5,32
2,8,1,8192,1048576,1048576,cycle,8,random,os-getrandom,random-old-and-new-paths,post,71,1048576,1.00000000000000000,-0.000000000,fixed,1,access-plus-rate-deterministic,5,32
2,8,1,8192,1048576,1048576,cycle,8,random,os-getrandom,random-old-and-new-paths,post,72,1048576,1.00000000000000000,-0.000000000,fixed,1,access-plus-rate-deterministic,5,32
2,8,1,8192,1048576,1048576,cycle,8,random,os-getrandom,random-old-and-new-paths,post,73,1048576,1.00000000000000000,-0.000000000,fixed,1,access-plus-rate-deterministic,5,32
2,8,1,8192,1048576,1048576,cycle,8,random,os-getrandom,random-old-and-new-paths,post,74,1048576,1.00000000000000000,-0.000000000,fixed,1,access-plus-rate-deterministic,5,32
2,8,1,8192,1048576,1048576,cycle,8,random,os-getrandom,random-old-and-new-paths,post,75,1048576,1.00000000000000000,-0.000000000,fixed,1,access-plus-rate-deterministic,5,32
2,8,1,8192,1048576,1048576,cycle,8,random,os-getrandom,random-old-and-new-paths,post,76,1048576,1.00000000000000000,-0.000000000,fixed,1,access-plus-rate-deterministic,5,32
2,8,1,8192,1048576,1048576,cycle,8,random,os-getrandom,random-old-and-new-paths,post,77,1048576,1.00000000000000000,-0.000000000,fixed,1,access-plus-rate-deterministic,5,32
2,8,1,8192,1048576,1048576,cycle,8,random,os-getrandom,random-old-and-new-paths,post,78,1048576,1.00000000000000000,-0.000000000,fixed,1,access-plus-rate-deterministic,5,32
2,8,1,8192,1048576,1048576,cycle,8,random,os-getrandom,random-old-and-new-paths,post,79,1048576,1.00000000000000000,-0.000000000,fixed,1,access-plus-rate-deterministic,5,32
2,8,1,8192,1048576,1048576,cycle,8,random,os-getrandom,random-old-and-new-paths,post,80,1048576,1.00000000000000000,-0.000000000,fixed,1,access-plus-rate-deterministic,5,32
2,8,1,8192,1048576,1048576,cycle,8,random,os-getrandom,random-old-and-new-paths,post,81,1048576,1.00000000000000000,-0.000000000,fixed,1,access-plus-rate-deterministic,5,32
2,8,1,8192,1048576,1048576,cycle,8,random,os-getrandom,random-old-and-new-paths,post,82,1048576,1.00000000000000000,-0.000000000,fixed,1,access-plus-rate-deterministic,5,32
2,8,1,8192,1048576,1048576,cycle,8,random,os-getrandom,random-old-and-new-paths,post,83,1048576,1.00000000000000000,-0.000000000,fixed,1,access-plus-rate-deterministic,5,32
2,8,1,8192,1048576,1048576,cycle,8,random,os-getrandom,random-old-and-new-paths,post,84,1048576,1.00000000000000000,-0.000000000,fixed,1,access-plus-rate-deterministic,5,32
2,8,1,8192,1048576,1048576,cycle,8,random,os-getrandom,random-old-and-new-paths,post,85,1048576,1.00000000000000000,-0.000000000,fixed,1,access-plus-rate-deterministic,5,32
2,8,1,8192,1048576,1048576,cycle,8,random,os-getrandom,random-old-and-new-paths,post,86,1048576,1.00000000000000000,-0.000000000,fixed,1,access-plus-rate-deterministic,5,32
2,8,1,8192,1048576,1048576,cycle,8,random,os-getrandom,random-old-and-new-paths,post,87,1048576,1.00000000000000000,-0.000000000,fixed,1,access-plus-rate-deterministic,5,32
2,8,1,8192,1048576,1048576,cycle,8,random,os-getrandom,random-old-and-new-paths,post,88,1048576,1.00000000000000000,-0.000000000,fixed,1,access-plus-rate-deterministic,5,32
2,8,1,8192,1048576,1048576,cycle,8,random,os-getrandom,random-old-and-new-paths,post,89,1048576,1.00000000000000000,-0.000000000,fixed,1,access-plus-rate-deterministic,5,32
2,8,1,8192,1048576,1048576,cycle,8,random,os-getrandom,random-old-and-new-paths,post,90,1048576,1.00000000000000000,-0.000000000,fixed,1,access-plus-rate-deterministic,5,32
2,8,1,8192,1048576,1048576,cycle,8,random,os-getrandom,random-old-and-new-paths,post,91,1048576,1.00000000000000000,-0.000000000,fixed,1,access-plus-rate-deterministic,5,32
2,8,1,8192,1048576,1048576,cycle,8,random,os-getrandom,random-old-and-new-paths,post,92,1048576,1.00000000000000000,-0.000000000,fixed,1,access-plus-rate-deterministic,5,32
2,8,1,8192,1048576,1048576,cycle,8,random,os-getrandom,random-old-and-new-paths,post,93,1048576,1.00000000000000000,-0.000000000,fixed,1,access-plus-rate-deterministic,5,32
2,8,1,8192,1048576,1048576,cycle,8,random,os-getrandom,random-old-and-new-paths,post,94,1048576,1.00000000000000000,-0.000000000,fixed,1,access-plus-rate-deterministic,5,32
2,8,1,8192,1048576,1048576,cycle,8,random,os-getrandom,random-old-and-new-paths,post,95,1048576,1.00000000000000000,-0.000000000,fixed,1,access-plus-rate-deterministic,5,32
2,8,1,8192,1048576,1048576,cycle,8,random,os-getrandom,random-old-and-new-paths,post,96,1048576,1.00000000000000000,-0.000000000,fixed,1,access-plus-rate-deterministic,5,32
2,8,1,8192,1048576,1048576,cycle,8,random,os-getrandom,random-old-and-new-paths,post,97,1048576,1.00000000000000000,-0.000000000,fixed,1,access-plus-rate-deterministic,5,32
2,8,1,8192,1048576,1048576,cycle,8,random,os-getrandom,random-old-and-new-paths,post,98,1048576,1.00000000000000000,-0.000000000,fixed,1,access-plus-rate-deterministic,5,32
2,8,1,8192,1048576,1048576,cycle,8,random,os-getrandom,random-old-and-new-paths,post,99,1048576,1.00000000000000000,-0.000000000,fixed,1,access-plus-rate-deterministic,5,32
2,8,1,8192,1048576,1048576,cycle,8,random,os-getrandom,random-old-and-new-paths,post,100,1048576,1.00000000000000000,-0.000000000,fixed,1,access-plus-rate-deterministic,5,32
2,8,1,8192,1048576,1048576,cycle,8,random,os-getrandom,random-old-and-new-paths,post,101,1048576,1.00000000000000000,-0.000000000,fixed,1,access-plus-rate-deterministic,5,32
2,8,1,8192,1048576,1048576,cycle,8,random,os-getrandom,random-old-and-new-paths,post,102,1048576,1.00000000000000000,-0.000000000,fixed,1,access-plus-rate-deterministic,5,32
2,8,1,8192,1048576,1048576,cycle,8,random,os-getrandom,random-old-and-new-paths,post,103,1048576,1.00000000000000000,-0.000000000,fixed,1,access-plus-rate-deterministic,5,32
2,8,1,8192,1048576,1048576,cycle,8,random,os-getrandom,random-old-and-new-paths,post,104,1048576,1.00000000000000000,-0.000000000,fixed,1,access-plus-rate-deterministic,5,32
2,8,1,8192,1048576,1048576,cycle,8,random,os-getrandom,random-old-and-new-paths,post,105,1048576,1.00000000000000000,-0.000000000,fixed,1,access-plus-rate-deterministic,5,32
2,8,1,8192,1048576,1048576,cycle,8,random,os-getrandom,random-old-and-new-paths,post,106,1048576,1.00000000000000000,-0.000000000,fixed,1,access-plus-rate-deterministic,5,32
2,8,1,8192,1048576,1048576,cycle,8,random,os-getrandom,random-old-and-new-paths,post,107,1048576,1.00000000000000000,-0.000000000,fixed,1,access-plus-rate-deterministic,5,32
2,8,1,8192,1048576,1048576,cycle,8,random,os-getrandom,random-old-and-new-paths,post,108,1048576,1.00000000000000000,-0.000000000,fixed,1,access-plus-rate-deterministic,5,32
2,8,1,8192,1048576,1048576,cycle,8,random,os-getrandom,random-old-and-new-paths,post,109,1048576,1.00000000000000000,-0.000000000,fixed,1,access-plus-rate-deterministic,5,32
2,8,1,8192,1048576,1048576,cycle,8,random,os-getrandom,random-old-and-new-paths,post,110,1048576,1.00000000000000000,-0.000000000,fixed,1,access-plus-rate-deterministic,5,32
2,8,1,8192,1048576,1048576,cycle,8,random,os-getrandom,random-old-and-new-paths,post,111,1048576,1.00000000000000000,-0.000000000,fixed,1,access-plus-rate-deterministic,5,32
2,8,1,8192,1048576,1048576,cycle,8,random,os-getrandom,random-old-and-new-paths,post,112,1048576,1.00000000000000000,-0.000000000,fixed,1,access-plus-rate-deterministic,5,32
2,8,1,8192,1048576,1048576,cycle,8,random,os-getrandom,random-old-and-new-paths,post,113,1048576,1.00000000000000000,-0.000000000,fixed,1,access-plus-rate-deterministic,5,32
2,8,1,8192,1048576,1048576,cycle,8,random,os-getrandom,random-old-and-new-paths,post,114,1048576,1.00000000000000000,-0.000000000,fixed,1,access-plus-rate-deterministic,5,32
2,8,1,8192,1048576,1048576,cycle,8,random,os-getrandom,random-old-and-new-paths,post,115,1048576,1.00000000000000000,-0.000000000,fixed,1,access-plus-rate-deterministic,5,32
2,8,1,8192,1048576,1048576,cycle,8,random,os-getrandom,random-old-and-new-paths,post,116,1048576,1.00000000000000000,-0.000000000,fixed,1,access-plus-rate-deterministic,5,32
2,8,1,8192,1048576,1048576,cycle,8,random,os-getrandom,random-old-and-new-paths,post,117,1048576,1.00000000000000000,-0.000000000,fixed,1,access-plus-rate-deterministic,5,32
2,8,1,8192,1048576,1048576,cycle,8,random,os-getrandom,random-old-and-new-paths,post,118,1048576,1.00000000000000000,-0.000000000,fixed,1,access-plus-rate-deterministic,5,32
2,8,1,8192,1048576,1048576,cycle,8,random,os-getrandom,random-old-and-new-paths,post,119,1048576,1.00000000000000000,-0.000000000,fixed,1,access-plus-rate-deterministic,5,32
2,8,1,8192,1048576,1048576,cycle,8,random,os-getrandom,random-old-and-new-paths,post,120,1048576,1.00000000000000000,-0.000000000,fixed,1,access-plus-rate-deterministic,5,32
2,8,1,8192,1048576,1048576,cycle,8,random,os-getrandom,random-old-and-new-paths,post,121,1048576,1.00000000000000000,-0.000000000,fixed,1,access-plus-rate-deterministic,5,32
2,8,1,8192,1048576,1048576,cycle,8,random,os-getrandom,random-old-and-new-paths,post,122,1048576,1.00000000000000000,-0.000000000,fixed,1,access-plus-rate-deterministic,5,32
2,8,1,8192,1048576,1048576,cycle,8,random,os-getrandom,random-old-and-new-paths,post,123,1048576,1.00000000000000000,-0.000000000,fixed,1,access-plus-rate-deterministic,5,32
2,8,1,8192,1048576,1048576,cycle,8,random,os-getrandom,random-old-and-new-paths,post,124,1048576,1.00000000000000000,-0.000000000,fixed,1,access-plus-rate-deterministic,5,32
2,8,1,8192,1048576,1048576,cycle,8,random,os-getrandom,random-old-and-new-paths,post,125,1048576,1.00000000000000000,-0.000000000,fixed,1,access-plus-rate-deterministic,5,32
2,8,1,8192,1048576,1048576,cycle,8,random,os-getrandom,random-old-and-new-paths,post,126,1048576,1.00000000000000000,-0.000000000,fixed,1,access-plus-rate-deterministic,5,32
2,8,1,8192,1048576,1048576,cycle,8,random,os-getrandom,random-old-and-new-paths,post,127,1048576,1.00000000000000000,-0.000000000,fixed,1,access-plus-rate-deterministic,5,32
2,8,1,8192,1048576,1048576,cycle,8,random,os-getrandom,random-old-and-new-paths,post,128,1048576,1.00000000000000000,-0.000000000,fixed,1,access-plus-rate-deterministic,5,32
2,8,1,8192,1048576,1048576,cycle,8,random,os-getrandom,random-old-and-new-paths,post,129,1048576,1.00000000000000000,-0.000000000,fixed,1,access-plus-rate-deterministic,5,32
2,8,1,8192,1048576,1048576,cycle,8,random,os-getrandom,random-old-and-new-paths,post,130,1048576,1.00000000000000000,-0.000000000,fixed,1,access-plus-rate-deterministic,5,32
2,8,1,8192,1048576,1048576,cycle,8,random,os-getrandom,random-old-and-new-paths,post,131,1048576,1.00000000000000000,-0.000000000,fixed,1,access-plus-rate-deterministic,5,32
2,8,1,8192,1048576,1048576,cycle,8,random,os-getrandom,random-old-and-new-paths,post,132,1048576,1.00000000000000000,-0.000000000,fixed,1,access-plus-rate-deterministic,5,32
2,8,1,8192,1048576,1048576,cycle,8,random,os-getrandom,random-old-and-new-paths,post,133,1048576,1.00000000000000000,-0.000000000,fixed,1,access-plus-rate-deterministic,5,32
2,8,1,8192,1048576,1048576,cycle,8,random,os-getrandom,random-old-and-new-paths,post,134,1048576,1.00000000000000000,-0.000000000,fixed,1,access-plus-rate-deterministic,5,32
2,8,1,8192,1048576,1048576,cycle,8,random,os-getrandom,random-old-and-new-paths,post,135,1048576,1.00000000000000000,-0.000000000,fixed,1,access-plus-rate-deterministic,5,32
2,8,1,8192,1048576,1048576,cycle,8,random,os-getrandom,random-old-and-new-paths,post,136,1048576,1.00000000000000000,-0.000000000,fixed,1,access-plus-rate-deterministic,5,32
2,8,1,8192,1048576,1048576,cycle,8,random,os-getrandom,random-old-and-new-paths,post,137,1048576,1.00000000000000000,-0.000000000,fixed,1,access-plus-rate-deterministic,5,32
2,8,1,8192,1048576,1048576,cycle,8,random,os-getrandom,random-old-and-new-paths,post,138,1048576,1.00000000000000000,-0.000000000,fixed,1,access-plus-rate-deterministic,5,32
2,8,1,8192,1048576,1048576,cycle,8,random,os-getrandom,random-old-and-new-paths,post,139,1048576,1.00000000000000000,-0.000000000,fixed,1,access-plus-rate-deterministic,5,32
2,8,1,8192,1048576,1048576,cycle,8,random,os-getrandom,random-old-and-new-paths,post,140,1048576,1.00000000000000000,-0.000000000,fixed,1,access-plus-rate-deterministic,5,32
2,8,1,8192,1048576,1048576,cycle,8,random,os-getrandom,random-old-and-new-paths,post,141,1048576,1.00000000000000000,-0.000000000,fixed,1,access-plus-rate-deterministic,5,32
2,8,1,8192,1048576,1048576,cycle,8,random,os-getrandom,random-old-and-new-paths,post,142,1048576,1.00000000000000000,-0.000000000,fixed,1,access-plus-rate-deterministic,5,32
2,8,1,8192,1048576,1048576,cycle,8,random,os-getrandom,random-old-and-new-paths,post,143,1048576,1.00000000000000000,-0.000000000,fixed,1,access-plus-rate-deterministic,5,32
2,8,1,8192,1048576,1048576,cycle,8,random,os-getrandom,random-old-and-new-paths,post,144,1048576,1.00000000000000000,-0.000000000,fixed,1,access-plus-rate-deterministic,5,32
2,8,1,8192,1048576,1048576,cycle,8,random,os-getrandom,random-old-and-new-paths,post,145,1048576,1.00000000000000000,-0.000000000,fixed,1,access-plus-rate-deterministic,5,32
2,8,1,8192,1048576,1048576,cycle,8,random,os-getrandom,random-old-and-new-paths,post,146,1048576,1.00000000000000000,-0.000000000,fixed,1,access-plus-rate-deterministic,5,32
2,8,1,8192,1048576,1048576,cycle,8,random,os-getrandom,random-old-and-new-paths,post,147,1048576,1.00000000000000000,-0.000000000,fixed,1,access-plus-rate-deterministic,5,32
2,8,1,8192,1048576,1048576,cycle,8,random,os-getrandom,random-old-and-new-paths,post,148,1048576,1.00000000000000000,-0.000000000,fixed,1,access-plus-rate-deterministic,5,32
2,8,1,8192,1048576,1048576,cycle,8,random,os-getrandom,random-old-and-new-paths,post,149,1048576,1.00000000000000000,-0.000000000,fixed,1,access-plus-rate-deterministic,5,32
2,8,1,8192,1048576,1048576,cycle,8,random,os-getrandom,random-old-and-new-paths,post,150,1048576,1.00000000000000000,-0.000000000,fixed,1,access-plus-rate-deterministic,5,32
2,8,1,8192,1048576,1048576,cycle,8,random,os-getrandom,random-old-and-new-paths,post,151,1048576,1.00000000000000000,-0.000000000,fixed,1,access-plus-rate-deterministic,5,32
2,8,1,8192,1048576,1048576,cycle,8,random,os-getrandom,random-old-and-new-paths,post,152,1048576,1.00000000000000000,-0.000000000,fixed,1,access-plus-rate-deterministic,5,32
2,8,1,8192,1048576,1048576,cycle,8,random,os-getrandom,random-old-and-new-paths,post,153,1048576,1.00000000000000000,-0.000000000,fixed,1,access-plus-rate-deterministic,5,32
2,8,1,8192,1048576,1048576,cycle,8,random,os-getrandom,random-old-and-new-paths,post,154,1048576,1.00000000000000000,-0.000000000,fixed,1,access-plus-rate-deterministic,5,32
2,8,1,8192,1048576,1048576,cycle,8,random,os-getrandom,random-old-and-new-paths,post,155,1048576,1.00000000000000000,-0.000000000,fixed,1,access-plus-rate-deterministic,5,32
2,8,1,8192,1048576,1048576,cycle,8,random,os-getrandom,random-old-and-new-paths,post,156,1048576,1.00000000000000000,-0.000000000,fixed,1,access-plus-rate-deterministic,5,32
2,8,1,8192,1048576,1048576,cycle,8,random,os-getrandom,random-old-and-new-paths,post,157,1048576,1.00000000000000000,-0.000000000,fixed,1,access-plus-rate-deterministic,5,32
2,8,1,8192,1048576,1048576,cycle,8,random,os-getrandom,random-old-and-new-paths,post,158,1048576,1.00000000000000000,-0.000000000,fixed,1,access-plus-rate-deterministic,5,32
2,8,1,8192,1048576,1048576,cycle,8,random,os-getrandom,random-old-and-new-paths,post,159,1048576,1.00000000000000000,-0.000000000,fixed,1,access-plus-rate-deterministic,5,32
2,8,1,8192,1048576,1048576,cycle,8,random,os-getrandom,random-old-and-new-paths,post,160,1048576,1.00000000000000000,-0.000000000,fixed,1,access-plus-rate-deterministic,5,32
2,8,1,8192,1048576,1048576,cycle,8,random,os-getrandom,random-old-and-new-paths,post,161,1048576,1.00000000000000000,-0.000000000,fixed,1,access-plus-rate-deterministic,5,32
2,8,1,8192,1048576,1048576,cycle,8,random,os-getrandom,random-old-and-new-paths,post,162,1048576,1.00000000000000000,-0.000000000,fixed,1,access-plus-rate-deterministic,5,32
2,8,1,8192,1048576,1048576,cycle,8,random,os-getrandom,random-old-and-new-paths,post,163,1048576,1.00000000000000000,-0.000000000,fixed,1,access-plus-rate-deterministic,5,32
2,8,1,8192,1048576,1048576,cycle,8,random,os-getrandom,random-old-and-new-paths,post,164,1048576,1.00000000000000000,-0.000000000,fixed,1,access-plus-rate-deterministic,5,32
2,8,1,8192,1048576,1048576,cycle,8,random,os-getrandom,random-old-and-new-paths,post,165,1048576,1.00000000000000000,-0.000000000,fixed,1,access-plus-rate-deterministic,5,32
2,8,1,8192,1048576,1048576,cycle,8,random,os-getrandom,random-old-and-new-paths,post,166,1048576,1.00000000000000000,-0.000000000,fixed,1,access-plus-rate-deterministic,5,32
2,8,1,8192,1048576,1048576,cycle,8,random,os-getrandom,random-old-and-new-paths,post,167,1048576,1.00000000000000000,-0.000000000,fixed,1,access-plus-rate-deterministic,5,32
2,8,1,8192,1048576,1048576,cycle,8,random,os-getrandom,random-old-and-new-paths,post,168,1048576,1.00000000000000000,-0.000000000,fixed,1,access-plus-rate-deterministic,5,32
2,8,1,8192,1048576,1048576,cycle,8,random,os-getrandom,random-old-and-new-paths,post,169,1048576,1.00000000000000000,-0.000000000,fixed,1,access-plus-rate-deterministic,5,32
2,8,1,8192,1048576,1048576,cycle,8,random,os-getrandom,random-old-and-new-paths,post,170,1048576,1.00000000000000000,-0.000000000,fixed,1,access-plus-rate-deterministic,5,32
2,8,1,8192,1048576,1048576,cycle,8,random,os-getrandom,random-old-and-new-paths,post,171,1048576,1.00000000000000000,-0.000000000,fixed,1,access-plus-rate-deterministic,5,32
2,8,1,8192,1048576,1048576,cycle,8,random,os-getrandom,random-old-and-new-paths,post,172,1048576,1.00000000000000000,-0.000000000,fixed,1,access-plus-rate-deterministic,5,32
2,8,1,8192,1048576,1048576,cycle,8,random,os-getrandom,random-old-and-new-paths,post,173,1048576,1.00000000000000000,-0.000000000,fixed,1,access-plus-rate-deterministic,5,32
2,8,1,8192,1048576,1048576,cycle,8,random,os-getrandom,random-old-and-new-paths,post,174,1048576,1.00000000000000000,-0.000000000,fixed,1,access-plus-rate-deterministic,5,32
2,8,1,8192,1048576,1048576,cycle,8,random,os-getrandom,random-old-and-new-paths,post,175,1048576,1.00000000000000000,-0.000000000,fixed,1,access-plus-rate-deterministic,5,32
2,8,1,8192,1048576,1048576,cycle,8,random,os-getrandom,random-old-and-new-paths,post,176,1048576,1.00000000000000000,-0.000000000,fixed,1,access-plus-rate-deterministic,5,32
2,8,1,8192,1048576,1048576,cycle,8,random,os-getrandom,random-old-and-new-paths,post,177,1048576,1.00000000000000000,-0.000000000,fixed,1,access-plus-rate-deterministic,5,32
2,8,1,8192,1048576,1048576,cycle,8,random,os-getrandom,random-old-and-new-paths,post,178,1048576,1.00000000000000000,-0.000000000,fixed,1,access-plus-rate-deterministic,5,32
2,8,1,8192,1048576,1048576,cycle,8,random,os-getrandom,random-old-and-new-paths,post,179,1048576,1.00000000000000000,-0.000000000,fixed,1,access-plus-rate-deterministic,5,32
2,8,1,8192,1048576,1048576,cycle,8,random,os-getrandom,random-old-and-new-paths,post,180,1048576,1.00000000000000000,-0.000000000,fixed,1,access-plus-rate-deterministic,5,32
2,8,1,8192,1048576,1048576,cycle,8,random,os-getrandom,random-old-and-new-paths,post,181,1048576,1.00000000000000000,-0.000000000,fixed,1,access-plus-rate-deterministic,5,32
2,8,1,8192,1048576,1048576,cycle,8,random,os-getrandom,random-old-and-new-paths,post,182,1048576,1.00000000000000000,-0.000000000,fixed,1,access-plus-rate-deterministic,5,32
2,8,1,8192,1048576,1048576,cycle,8,random,os-getrandom,random-old-and-new-paths,post,183,1048576,1.00000000000000000,-0.000000000,fixed,1,access-plus-rate-deterministic,5,32
2,8,1,8192,1048576,1048576,cycle,8,random,os-getrandom,random-old-and-new-paths,post,184,1048576,1.00000000000000000,-0.000000000,fixed,1,access-plus-rate-deterministic,5,32
2,8,1,8192,1048576,1048576,cycle,8,random,os-getrandom,random-old-and-new-paths,post,185,1048576,1.00000000000000000,-0.000000000,fixed,1,access-plus-rate-deterministic,5,32
2,8,1,8192,1048576,1048576,cycle,8,random,os-getrandom,random-old-and-new-paths,post,186,1048576,1.00000000000000000,-0.000000000,fixed,1,access-plus-rate-deterministic,5,32
2,8,1,8192,1048576,1048576,cycle,8,random,os-getrandom,random-old-and-new-paths,post,187,1048576,1.00000000000000000,-0.000000000,fixed,1,access-plus-rate-deterministic,5,32
2,8,1,8192,1048576,1048576,cycle,8,random,os-getrandom,random-old-and-new-paths,post,188,1048576,1.00000000000000000,-0.000000000,fixed,1,access-plus-rate-deterministic,5,32
2,8,1,8192,1048576,1048576,cycle,8,random,os-getrandom,random-old-and-new-paths,post,189,1048576,1.00000000000000000,-0.000000000,fixed,1,access-plus-rate-deterministic,5,32
2,8,1,8192,1048576,1048576,cycle,8,random,os-getrandom,random-old-and-new-paths,post,190,1048576,1.00000000000000000,-0.000000000,fixed,1,access-plus-rate-deterministic,5,32
2,8,1,8192,1048576,1048576,cycle,8,random,os-getrandom,random-old-and-new-paths,post,191,1048576,1.00000000000000000,-0.000000000,fixed,1,access-plus-rate-deterministic,5,32
2,8,1,8192,1048576,1048576,cycle,8,random,os-getrandom,random-old-and-new-paths,post,192,1048576,1.00000000000000000,-0.000000000,fixed,1,access-plus-rate-deterministic,5,32
2,8,1,8192,1048576,1048576,cycle,8,random,os-getrandom,random-old-and-new-paths,post,193,1048576,1.00000000000000000,-0.000000000,fixed,1,access-plus-rate-deterministic,5,32
2,8,1,8192,1048576,1048576,cycle,8,random,os-getrandom,random-old-and-new-paths,post,194,1048576,1.00000000000000000,-0.000000000,fixed,1,access-plus-rate-deterministic,5,32
2,8,1,8192,1048576,1048576,cycle,8,random,os-getrandom,random-old-and-new-paths,post,195,1048576,1.00000000000000000,-0.000000000,fixed,1,access-plus-rate-deterministic,5,32
2,8,1,8192,1048576,1048576,cycle,8,random,os-getrandom,random-old-and-new-paths,post,196,1048576,1.00000000000000000,-0.000000000,fixed,1,access-plus-rate-deterministic,5,32
2,8,1,8192,1048576,1048576,cycle,8,random,os-getrandom,random-old-and-new-paths,post,197,1048576,1.00000000000000000,-0.000000000,fixed,1,access-plus-rate-deterministic,5,32
2,8,1,8192,1048576,1048576,cycle,8,random,os-getrandom,random-old-and-new-paths,post,198,1048576,1.00000000000000000,-0.000000000,fixed,1,access-plus-rate-deterministic,5,32
2,8,1,8192,1048576,1048576,cycle,8,random,os-getrandom,random-old-and-new-paths,post,199,1048576,1.00000000000000000,-0.000000000,fixed,1,access-plus-rate-deterministic,5,32
2,8,1,8192,1048576,1048576,cycle,8,random,os-getrandom,random-old-and-new-paths,post,200,1048576,1.00000000000000000,-0.000000000,fixed,1,access-plus-rate-deterministic,5,32
2,8,1,8192,1048576,1048576,cycle,8,random,os-getrandom,random-old-and-new-paths,post,201,1048576,1.00000000000000000,-0.000000000,fixed,1,access-plus-rate-deterministic,5,32
2,8,1,8192,1048576,1048576,cycle,8,random,os-getrandom,random-old-and-new-paths,post,202,1048576,1.00000000000000000,-0.000000000,fixed,1,access-plus-rate-deterministic,5,32
2,8,1,8192,1048576,1048576,cycle,8,random,os-getrandom,random-old-and-new-paths,post,203,1048576,1.00000000000000000,-0.000000000,fixed,1,access-plus-rate-deterministic,5,32
2,8,1,8192,1048576,1048576,cycle,8,random,os-getrandom,random-old-and-new-paths,post,204,1048576,1.00000000000000000,-0.000000000,fixed,1,access-plus-rate-deterministic,5,32
2,8,1,8192,1048576,1048576,cycle,8,random,os-getrandom,random-old-and-new-paths,post,205,1048576,1.00000000000000000,-0.000000000,fixed,1,access-plus-rate-deterministic,5,32
2,8,1,8192,1048576,1048576,cycle,8,random,os-getrandom,random-old-and-new-paths,post,206,1048576,1.00000000000000000,-0.000000000,fixed,1,access-plus-rate-deterministic,5,32
2,8,1,8192,1048576,1048576,cycle,8,random,os-getrandom,random-old-and-new-paths,post,207,1048576,1.00000000000000000,-0.000000000,fixed,1,access-plus-rate-deterministic,5,32
2,8,1,8192,1048576,1048576,cycle,8,random,os-getrandom,random-old-and-new-paths,post,208,1048576,1.00000000000000000,-0.000000000,fixed,1,access-plus-rate-deterministic,5,32
2,8,1,8192,1048576,1048576,cycle,8,random,os-getrandom,random-old-and-new-paths,post,209,1048576,1.00000000000000000,-0.000000000,fixed,1,access-plus-rate-deterministic,5,32
2,8,1,8192,1048576,1048576,cycle,8,random,os-getrandom,random-old-and-new-paths,post,210,1048576,1.00000000000000000,-0.000000000,fixed,1,access-plus-rate-deterministic,5,32
2,8,1,8192,1048576,1048576,cycle,8,random,os-getrandom,random-old-and-new-paths,post,211,1048576,1.00000000000000000,-0.000000000,fixed,1,access-plus-rate-deterministic,5,32
2,8,1,8192,1048576,1048576,cycle,8,random,os-getrandom,random-old-and-new-paths,post,212,1048576,1.00000000000000000,-0.000000000,fixed,1,access-plus-rate-deterministic,5,32
2,8,1,8192,1048576,1048576,cycle,8,random,os-getrandom,random-old-and-new-paths,post,213,1048576,1.00000000000000000,-0.000000000,fixed,1,access-plus-rate-deterministic,5,32
2,8,1,8192,1048576,1048576,cycle,8,random,os-getrandom,random-old-and-new-paths,post,214,1048576,1.00000000000000000,-0.000000000,fixed,1,access-plus-rate-deterministic,5,32
2,8,1,8192,1048576,1048576,cycle,8,random,os-getrandom,random-old-and-new-paths,post,215,1048576,1.00000000000000000,-0.000000000,fixed,1,access-plus-rate-deterministic,5,32
2,8,1,8192,1048576,1048576,cycle,8,random,os-getrandom,random-old-and-new-paths,post,216,1048576,1.00000000000000000,-0.000000000,fixed,1,access-plus-rate-deterministic,5,32
2,8,1,8192,1048576,1048576,cycle,8,random,os-getrandom,random-old-and-new-paths,post,217,1048576,1.00000000000000000,-0.000000000,fixed,1,access-plus-rate-deterministic,5,32
2,8,1,8192,1048576,1048576,cycle,8,random,os-getrandom,random-old-and-new-paths,post,218,1048576,1.00000000000000000,-0.000000000,fixed,1,access-plus-rate-deterministic,5,32
2,8,1,8192,1048576,1048576,cycle,8,random,os-getrandom,random-old-and-new-paths,post,219,1048576,1.00000000000000000,-0.000000000,fixed,1,access-plus-rate-deterministic,5,32
2,8,1,8192,1048576,1048576,cycle,8,random,os-getrandom,random-old-and-new-paths,post,220,1048576,1.00000000000000000,-0.000000000,fixed,1,access-plus-rate-deterministic,5,32
2,8,1,8192,1048576,1048576,cycle,8,random,os-getrandom,random-old-and-new-paths,post,221,1048576,1.00000000000000000,-0.000000000,fixed,1,access-plus-rate-deterministic,5,32
2,8,1,8192,1048576,1048576,cycle,8,random,os-getrandom,random-old-and-new-paths,post,222,1048576,1.00000000000000000,-0.000000000,fixed,1,access-plus-rate-deterministic,5,32
2,8,1,8192,1048576,1048576,cycle,8,random,os-getrandom,random-old-and-new-paths,post,223,1048576,1.00000000000000000,-0.000000000,fixed,1,access-plus-rate-deterministic,5,32
2,8,1,8192,1048576,1048576,cycle,8,random,os-getrandom,random-old-and-new-paths,post,224,1048576,1.00000000000000000,-0.000000000,fixed,1,access-plus-rate-deterministic,5,32
2,8,1,8192,1048576,1048576,cycle,8,random,os-getrandom,random-old-and-new-paths,post,225,1048576,1.00000000000000000,-0.000000000,fixed,1,access-plus-rate-deterministic,5,32
2,8,1,8192,1048576,1048576,cycle,8,random,os-getrandom,random-old-and-new-paths,post,226,1048576,1.00000000000000000,-0.000000000,fixed,1,access-plus-rate-deterministic,5,32
2,8,1,8192,1048576,1048576,cycle,8,random,os-getrandom,random-old-and-new-paths,post,227,1048576,1.00000000000000000,-0.000000000,fixed,1,access-plus-rate-deterministic,5,32
2,8,1,8192,1048576,1048576,cycle,8,random,os-getrandom,random-old-and-new-paths,post,228,1048576,1.00000000000000000,-0.000000000,fixed,1,access-plus-rate-deterministic,5,32
2,8,1,8192,1048576,1048576,cycle,8,random,os-getrandom,random-old-and-new-paths,post,229,1048576,1.00000000000000000,-0.000000000,fixed,1,access-plus-rate-deterministic,5,32
2,8,1,8192,1048576,1048576,cycle,8,random,os-getrandom,random-old-and-new-paths,post,230,1048576,1.00000000000000000,-0.000000000,fixed,1,access-plus-rate-deterministic,5,32
2,8,1,8192,1048576,1048576,cycle,8,random,os-getrandom,random-old-and-new-paths,post,231,1048576,1.00000000000000000,-0.000000000,fixed,1,access-plus-rate-deterministic,5,32
2,8,1,8192,1048576,1048576,cycle,8,random,os-getrandom,random-old-and-new-paths,post,232,1048576,1.00000000000000000,-0.000000000,fixed,1,access-plus-rate-deterministic,5,32
2,8,1,8192,1048576,1048576,cycle,8,random,os-getrandom,random-old-and-new-paths,post,233,1048576,1.00000000000000000,-0.000000000,fixed,1,access-plus-rate-deterministic,5,32
2,8,1,8192,1048576,1048576,cycle,8,random,os-getrandom,random-old-and-new-paths,post,234,1048576,1.00000000000000000,-0.000000000,fixed,1,access-plus-rate-deterministic,5,32
2,8,1,8192,1048576,1048576,cycle,8,random,os-getrandom,random-old-and-new-paths,post,235,1048576,1.00000000000000000,-0.000000000,fixed,1,access-plus-rate-deterministic,5,32
2,8,1,8192,1048576,1048576,cycle,8,random,os-getrandom,random-old-and-new-paths,post,236,1048576,1.00000000000000000,-0.000000000,fixed,1,access-plus-rate-deterministic,5,32
2,8,1,8192,1048576,1048576,cycle,8,random,os-getrandom,random-old-and-new-paths,post,237,1048576,1.00000000000000000,-0.000000000,fixed,1,access-plus-rate-deterministic,5,32
2,8,1,8192,1048576,1048576,cycle,8,random,os-getrandom,random-old-and-new-paths,post,238,1048576,1.00000000000000000,-0.000000000,fixed,1,access-plus-rate-deterministic,5,32
2,8,1,8192,1048576,1048576,cycle,8,random,os-getrandom,random-old-and-new-paths,post,239,1048576,1.00000000000000000,-0.000000000,fixed,1,access-plus-rate-deterministic,5,32
2,8,1,8192,1048576,1048576,cycle,8,random,os-getrandom,random-old-and-new-paths,post,240,1048576,1.00000000000000000,-0.000000000,fixed,1,access-plus-rate-deterministic,5,32
2,8,1,8192,1048576,1048576,cycle,8,random,os-getrandom,random-old-and-new-paths,post,241,1048576,1.00000000000000000,-0.000000000,fixed,1,access-plus-rate-deterministic,5,32
2,8,1,8192,1048576,1048576,cycle,8,random,os-getrandom,random-old-and-new-paths,post,242,1048576,1.00000000000000000,-0.000000000,fixed,1,access-plus-rate-deterministic,5,32
2,8,1,8192,1048576,1048576,cycle,8,random,os-getrandom,random-old-and-new-paths,post,243,1048576,1.00000000000000000,-0.000000000,fixed,1,access-plus-rate-deterministic,5,32
2,8,1,8192,1048576,1048576,cycle,8,random,os-getrandom,random-old-and-new-paths,post,244,1048576,1.00000000000000000,-0.000000000,fixed,1,access-plus-rate-deterministic,5,32
2,8,1,8192,1048576,1048576,cycle,8,random,os-getrandom,random-old-and-new-paths,post,245,1048576,1.00000000000000000,-0.000000000,fixed,1,access-plus-rate-deterministic,5,32
2,8,1,8192,1048576,1048576,cycle,8,random,os-getrandom,random-old-and-new-paths,post,246,1048576,1.00000000000000000,-0.000000000,fixed,1,access-plus-rate-deterministic,5,32
2,8,1,8192,1048576,1048576,cycle,8,random,os-getrandom,random-old-and-new-paths,post,247,1048576,1.00000000000000000,-0.000000000,fixed,1,access-plus-rate-deterministic,5,32
2,8,1,8192,1048576,1048576,cycle,8,random,os-getrandom,random-old-and-new-paths,post,248,1048576,1.00000000000000000,-0.000000000,fixed,1,access-plus-rate-deterministic,5,32
2,8,1,8192,1048576,1048576,cycle,8,random,os-getrandom,random-old-and-new-paths,post,249,1048576,1.00000000000000000,-0.000000000,fixed,1,access-plus-rate-deterministic,5,32
2,8,1,8192,1048576,1048576,cycle,8,random,os-getrandom,random-old-and-new-paths,post,250,1048576,1.00000000000000000,-0.000000000,fixed,1,access-plus-rate-deterministic,5,32
2,8,1,8192,1048576,1048576,cycle,8,random,os-getrandom,random-old-and-new-paths,post,251,1048576,1.00000000000000000,-0.000000000,fixed,1,access-plus-rate-deterministic,5,32
2,8,1,8192,1048576,1048576,cycle,8,random,os-getrandom,random-old-and-new-paths,post,252,1048576,1.00000000000000000,-0.000000000,fixed,1,access-plus-rate-deterministic,5,32
2,8,1,8192,1048576,1048576,cycle,8,random,os-getrandom,random-old-and-new-paths,post,253,1048576,1.00000000000000000,-0.000000000,fixed,1,access-plus-rate-deterministic,5,32
2,8,1,8192,1048576,1048576,cycle,8,random,os-getrandom,random-old-and-new-paths,post,254,1048576,1.00000000000000000,-0.000000000,fixed,1,access-plus-rate-deterministic,5,32
2,8,1,8192,1048576,1048576,cycle,8,random,os-getrandom,random-old-and-new-paths,post,255,1048576,1.00000000000000000,-0.000000000,fixed,1,access-plus-rate-deterministic,5,32
2,8,1,8192,1048576,1048576,cycle,8,random,os-getrandom,random-old-and-new-paths,post,256,1048576,1.00000000000000000,-0.000000000,fixed,1,access-plus-rate-deterministic,5,32
2,8,1,8192,1048576,1048576,cycle,8,random,os-getrandom,random-old-and-new-paths,post,257,1048576,1.00000000000000000,-0.000000000,fixed,1,access-plus-rate-deterministic,5,32
2,8,1,8192,1048576,1048576,cycle,8,random,os-getrandom,random-old-and-new-paths,post,258,1048576,1.00000000000000000,-0.000000000,fixed,1,access-plus-rate-deterministic,5,32
2,8,1,8192,1048576,1048576,cycle,8,random,os-getrandom,random-old-and-new-paths,post,259,1048576,1.00000000000000000,-0.000000000,fixed,1,access-plus-rate-deterministic,5,32
2,8,1,8192,1048576,1048576,cycle,8,random,os-getrandom,random-old-and-new-paths,post,260,1048576,1.00000000000000000,-0.000000000,fixed,1,access-plus-rate-deterministic,5,32
2,8,1,8192,1048576,1048576,cycle,8,random,os-getrandom,random-old-and-new-paths,post,261,1048576,1.00000000000000000,-0.000000000,fixed,1,access-plus-rate-deterministic,5,32
2,8,1,8192,1048576,1048576,cycle,8,random,os-getrandom,random-old-and-new-paths,post,262,1048576,1.00000000000000000,-0.000000000,fixed,1,access-plus-rate-deterministic,5,32
2,8,1,8192,1048576,1048576,cycle,8,random,os-getrandom,random-old-and-new-paths,post,263,1048576,1.00000000000000000,-0.000000000,fixed,1,access-plus-rate-deterministic,5,32
2,8,1,8192,1048576,1048576,cycle,8,random,os-getrandom,random-old-and-new-paths,post,264,1048576,1.00000000000000000,-0.000000000,fixed,1,access-plus-rate-deterministic,5,32
2,8,1,8192,1048576,1048576,cycle,8,random,os-getrandom,random-old-and-new-paths,post,265,1048576,1.00000000000000000,-0.000000000,fixed,1,access-plus-rate-deterministic,5,32
2,8,1,8192,1048576,1048576,cycle,8,random,os-getrandom,random-old-and-new-paths,post,266,1048576,1.00000000000000000,-0.000000000,fixed,1,access-plus-rate-deterministic,5,32
2,8,1,8192,1048576,1048576,cycle,8,random,os-getrandom,random-old-and-new-paths,post,267,1048576,1.00000000000000000,-0.000000000,fixed,1,access-plus-rate-deterministic,5,32
2,8,1,8192,1048576,1048576,cycle,8,random,os-getrandom,random-old-and-new-paths,post,268,1048576,1.00000000000000000,-0.000000000,fixed,1,access-plus-rate-deterministic,5,32
2,8,1,8192,1048576,1048576,cycle,8,random,os-getrandom,random-old-and-new-paths,post,269,1048576,1.00000000000000000,-0.000000000,fixed,1,access-plus-rate-deterministic,5,32
2,8,1,8192,1048576,1048576,cycle,8,random,os-getrandom,random-old-and-new-paths,post,270,1048576,1.00000000000000000,-0.000000000,fixed,1,access-plus-rate-deterministic,5,32
2,8,1,8192,1048576,1048576,cycle,8,random,os-getrandom,random-old-and-new-paths,post,271,1048576,1.00000000000000000,-0.000000000,fixed,1,access-plus-rate-deterministic,5,32
2,8,1,8192,1048576,1048576,cycle,8,random,os-getrandom,random-old-and-new-paths,post,272,1048576,1.00000000000000000,-0.000000000,fixed,1,access-plus-rate-deterministic,5,32
2,8,1,8192,1048576,1048576,cycle,8,random,os-getrandom,random-old-and-new-paths,post,273,1048576,1.00000000000000000,-0.000000000,fixed,1,access-plus-rate-deterministic,5,32
2,8,1,8192,1048576,1048576,cycle,8,random,os-getrandom,random-old-and-new-paths,post,274,1048576,1.00000000000000000,-0.000000000,fixed,1,access-plus-rate-deterministic,5,32
2,8,1,8192,1048576,1048576,cycle,8,random,os-getrandom,random-old-and-new-paths,post,275,1048576,1.00000000000000000,-0.000000000,fixed,1,access-plus-rate-deterministic,5,32
2,8,1,8192,1048576,1048576,cycle,8,random,os-getrandom,random-old-and-new-paths,post,276,1048576,1.00000000000000000,-0.000000000,fixed,1,access-plus-rate-deterministic,5,32
2,8,1,8192,1048576,1048576,cycle,8,random,os-getrandom,random-old-and-new-paths,post,277,1048576,1.00000000000000000,-0.000000000,fixed,1,access-plus-rate-deterministic,5,32
2,8,1,8192,1048576,1048576,cycle,8,random,os-getrandom,random-old-and-new-paths,post,278,1048576,1.00000000000000000,-0.000000000,fixed,1,access-plus-rate-deterministic,5,32
2,8,1,8192,1048576,1048576,cycle,8,random,os-getrandom,random-old-and-new-paths,post,279,1048576,1.00000000000000000,-0.000000000,fixed,1,access-plus-rate-deterministic,5,32
2,8,1,8192,1048576,1048576,cycle,8,random,os-getrandom,random-old-and-new-paths,post,280,1048576,1.00000000000000000,-0.000000000,fixed,1,access-plus-rate-deterministic,5,32
2,8,1,8192,1048576,1048576,cycle,8,random,os-getrandom,random-old-and-new-paths,post,281,1048576,1.00000000000000000,-0.000000000,fixed,1,access-plus-rate-deterministic,5,32
2,8,1,8192,1048576,1048576,cycle,8,random,os-getrandom,random-old-and-new-paths,post,282,1048576,1.00000000000000000,-0.000000000,fixed,1,access-plus-rate-deterministic,5,32
2,8,1,8192,1048576,1048576,cycle,8,random,os-getrandom,random-old-and-new-paths,post,283,1048576,1.00000000000000000,-0.000000000,fixed,1,access-plus-rate-deterministic,5,32
2,8,1,8192,1048576,1048576,cycle,8,random,os-getrandom,random-old-and-new-paths,post,284,1048576,1.00000000000000000,-0.000000000,fixed,1,access-plus-rate-deterministic,5,32
2,8,1,8192,1048576,1048576,cycle,8,random,os-getrandom,random-old-and-new-paths,post,285,1048576,1.00000000000000000,-0.000000000,fixed,1,access-plus-rate-deterministic,5,32
2,8,1,8192,1048576,1048576,cycle,8,random,os-getrandom,random-old-and-new-paths,post,286,1048576,1.00000000000000000,-0.000000000,fixed,1,access-plus-rate-deterministic,5,32
2,8,1,8192,1048576,1048576,cycle,8,random,os-getrandom,random-old-and-new-paths,post,287,1048576,1.00000000000000000,-0.000000000,fixed,1,access-plus-rate-deterministic,5,32
2,8,1,8192,1048576,1048576,cycle,8,random,os-getrandom,random-old-and-new-paths,post,288,1048576,1.00000000000000000,-0.000000000,fixed,1,access-plus-rate-deterministic,5,32
2,8,1,8192,1048576,1048576,cycle,8,random,os-getrandom,random-old-and-new-paths,post,289,1048576,1.00000000000000000,-0.000000000,fixed,1,access-plus-rate-deterministic,5,32
2,8,1,8192,1048576,1048576,cycle,8,random,os-getrandom,random-old-and-new-paths,post,290,1048576,1.00000000000000000,-0.000000000,fixed,1,access-plus-rate-deterministic,5,32
2,8,1,8192,1048576,1048576,cycle,8,random,os-getrandom,random-old-and-new-paths,post,291,1048576,1.00000000000000000,-0.000000000,fixed,1,access-plus-rate-deterministic,5,32
2,8,1,8192,1048576,1048576,cycle,8,random,os-getrandom,random-old-and-new-paths,post,292,1048576,1.00000000000000000,-0.000000000,fixed,1,access-plus-rate-deterministic,5,32
2,8,1,8192,1048576,1048576,cycle,8,random,os-getrandom,random-old-and-new-paths,post,293,1048576,1.00000000000000000,-0.000000000,fixed,1,access-plus-rate-deterministic,5,32
2,8,1,8192,1048576,1048576,cycle,8,random,os-getrandom,random-old-and-new-paths,post,294,1048576,1.00000000000000000,-0.000000000,fixed,1,access-plus-rate-deterministic,5,32
2,8,1,8192,1048576,1048576,cycle,8,random,os-getrandom,random-old-and-new-paths,post,295,1048576,1.00000000000000000,-0.000000000,fixed,1,access-plus-rate-deterministic,5,32
2,8,1,8192,1048576,1048576,cycle,8,random,os-getrandom,random-old-and-new-paths,post,296,1048576,1.00000000000000000,-0.000000000,fixed,1,access-plus-rate-deterministic,5,32
2,8,1,8192,1048576,1048576,cycle,8,random,os-getrandom,random-old-and-new-paths,post,297,1048576,1.00000000000000000,-0.000000000,fixed,1,access-plus-rate-deterministic,5,32
2,8,1,8192,1048576,1048576,cycle,8,random,os-getrandom,random-old-and-new-paths,post,298,1048576,1.00000000000000000,-0.000000000,fixed,1,access-plus-rate-deterministic,5,32
2,8,1,8192,1048576,1048576,cycle,8,random,os-getrandom,random-old-and-new-paths,post,299,1048576,1.00000000000000000,-0.000000000,fixed,1,access-plus-rate-deterministic,5,32
2,8,1,8192,1048576,1048576,cycle,8,random,os-getrandom,random-old-and-new-paths,post,300,1048576,1.00000000000000000,-0.000000000,fixed,1,access-plus-rate-deterministic,5,32
2,8,1,8192,1048576,1048576,cycle,8,random,os-getrandom,random-old-and-new-paths,post,301,1048576,1.00000000000000000,-0.000000000,fixed,1,access-plus-rate-deterministic,5,32
2,8,1,8192,1048576,1048576,cycle,8,random,os-getrandom,random-old-and-new-paths,post,302,1048576,1.00000000000000000,-0.000000000,fixed,1,access-plus-rate-deterministic,5,32
2,8,1,8192,1048576,1048576,cycle,8,random,os-getrandom,random-old-and-new-paths,post,303,1048576,1.00000000000000000,-0.000000000,fixed,1,access-plus-rate-deterministic,5,32
2,8,1,8192,1048576,1048576,cycle,8,random,os-getrandom,random-old-and-new-paths,post,304,1048576,1.00000000000000000,-0.000000000,fixed,1,access-plus-rate-deterministic,5,32
2,8,1,8192,1048576,1048576,cycle,8,random,os-getrandom,random-old-and-new-paths,post,305,1048576,1.00000000000000000,-0.000000000,fixed,1,access-plus-rate-deterministic,5,32
2,8,1,8192,1048576,1048576,cycle,8,random,os-getrandom,random-old-and-new-paths,post,306,1048576,1.00000000000000000,-0.000000000,fixed,1,access-plus-rate-deterministic,5,32
2,8,1,8192,1048576,1048576,cycle,8,random,os-getrandom,random-old-and-new-paths,post,307,1048576,1.00000000000000000,-0.000000000,fixed,1,access-plus-rate-deterministic,5,32
2,8,1,8192,1048576,1048576,cycle,8,random,os-getrandom,random-old-and-new-paths,post,308,1048576,1.00000000000000000,-0.000000000,fixed,1,access-plus-rate-deterministic,5,32
2,8,1,8192,1048576,1048576,cycle,8,random,os-getrandom,random-old-and-new-paths,post,309,1048576,1.00000000000000000,-0.000000000,fixed,1,access-plus-rate-deterministic,5,32
2,8,1,8192,1048576,1048576,cycle,8,random,os-getrandom,random-old-and-new-paths,post,310,1048576,1.00000000000000000,-0.000000000,fixed,1,access-plus-rate-deterministic,5,32
2,8,1,8192,1048576,1048576,cycle,8,random,os-getrandom,random-old-and-new-paths,post,311,1048576,1.00000000000000000,-0.000000000,fixed,1,access-plus-rate-deterministic,5,32
2,8,1,8192,1048576,1048576,cycle,8,random,os-getrandom,random-old-and-new-paths,post,312,1048576,1.00000000000000000,-0.000000000,fixed,1,access-plus-rate-deterministic,5,32
2,8,1,8192,1048576,1048576,cycle,8,random,os-getrandom,random-old-and-new-paths,post,313,1048576,1.00000000000000000,-0.000000000,fixed,1,access-plus-rate-deterministic,5,32
2,8,1,8192,1048576,1048576,cycle,8,random,os-getrandom,random-old-and-new-paths,post,314,1048576,1.00000000000000000,-0.000000000,fixed,1,access-plus-rate-deterministic,5,32
2,8,1,8192,1048576,1048576,cycle,8,random,os-getrandom,random-old-and-new-paths,post,315,1048576,1.00000000000000000,-0.000000000,fixed,1,access-plus-rate-deterministic,5,32
2,8,1,8192,1048576,1048576,cycle,8,random,os-getrandom,random-old-and-new-paths,post,316,1048576,1.00000000000000000,-0.000000000,fixed,1,access-plus-rate-deterministic,5,32
2,8,1,8192,1048576,1048576,cycle,8,random,os-getrandom,random-old-and-new-paths,post,317,1048576,1.00000000000000000,-0.000000000,fixed,1,access-plus-rate-deterministic,5,32
2,8,1,8192,1048576,1048576,cycle,8,random,os-getrandom,random-old-and-new-paths,post,318,1048576,1.00000000000000000,-0.000000000,fixed,1,access-plus-rate-deterministic,5,32
2,8,1,8192,1048576,1048576,cycle,8,random,os-getrandom,random-old-and-new-paths,post,319,1048576,1.00000000000000000,-0.000000000,fixed,1,access-plus-rate-deterministic,5,32
2,8,1,8192,1048576,1048576,cycle,8,random,os-getrandom,random-old-and-new-paths,post,320,1048576,1.00000000000000000,-0.000000000,fixed,1,access-plus-rate-deterministic,5,32
2,8,1,8192,1048576,1048576,cycle,8,random,os-getrandom,random-old-and-new-paths,post,321,1048576,1.00000000000000000,-0.000000000,fixed,1,access-plus-rate-deterministic,5,32
2,8,1,8192,1048576,1048576,cycle,8,random,os-getrandom,random-old-and-new-paths,post,322,1048576,1.00000000000000000,-0.000000000,fixed,1,access-plus-rate-deterministic,5,32
2,8,1,8192,1048576,1048576,cycle,8,random,os-getrandom,random-old-and-new-paths,post,323,1048576,1.00000000000000000,-0.000000000,fixed,1,access-plus-rate-deterministic,5,32
2,8,1,8192,1048576,1048576,cycle,8,random,os-getrandom,random-old-and-new-paths,post,324,1048576,1.00000000000000000,-0.000000000,fixed,1,access-plus-rate-deterministic,5,32
2,8,1,8192,1048576,1048576,cycle,8,random,os-getrandom,random-old-and-new-paths,post,325,1048576,1.00000000000000000,-0.000000000,fixed,1,access-plus-rate-deterministic,5,32
2,8,1,8192,1048576,1048576,cycle,8,random,os-getrandom,random-old-and-new-paths,post,326,1048576,1.00000000000000000,-0.000000000,fixed,1,access-plus-rate-deterministic,5,32
2,8,1,8192,1048576,1048576,cycle,8,random,os-getrandom,random-old-and-new-paths,post,327,1048576,1.00000000000000000,-0.000000000,fixed,1,access-plus-rate-deterministic,5,32
2,8,1,8192,1048576,1048576,cycle,8,random,os-getrandom,random-old-and-new-paths,post,328,1048576,1.00000000000000000,-0.000000000,fixed,1,access-plus-rate-deterministic,5,32
2,8,1,8192,1048576,1048576,cycle,8,random,os-getrandom,random-old-and-new-paths,post,329,1048576,1.00000000000000000,-0.000000000,fixed,1,access-plus-rate-deterministic,5,32
2,8,1,8192,1048576,1048576,cycle,8,random,os-getrandom,random-old-and-new-paths,post,330,1048576,1.00000000000000000,-0.000000000,fixed,1,access-plus-rate-deterministic,5,32
2,8,1,8192,1048576,1048576,cycle,8,random,os-getrandom,random-old-and-new-paths,post,331,1048576,1.00000000000000000,-0.000000000,fixed,1,access-plus-rate-deterministic,5,32
2,8,1,8192,1048576,1048576,cycle,8,random,os-getrandom,random-old-and-new-paths,post,332,1048576,1.00000000000000000,-0.000000000,fixed,1,access-plus-rate-deterministic,5,32
2,8,1,8192,1048576,1048576,cycle,8,random,os-getrandom,random-old-and-new-paths,post,333,1048576,1.00000000000000000,-0.000000000,fixed,1,access-plus-rate-deterministic,5,32
2,8,1,8192,1048576,1048576,cycle,8,random,os-getrandom,random-old-and-new-paths,post,334,1048576,1.00000000000000000,-0.000000000,fixed,1,access-plus-rate-deterministic,5,32
2,8,1,8192,1048576,1048576,cycle,8,random,os-getrandom,random-old-and-new-paths,post,335,1048576,1.00000000000000000,-0.000000000,fixed,1,access-plus-rate-deterministic,5,32
2,8,1,8192,1048576,1048576,cycle,8,random,os-getrandom,random-old-and-new-paths,post,336,1048576,1.00000000000000000,-0.000000000,fixed,1,access-plus-rate-deterministic,5,32
2,8,1,8192,1048576,1048576,cycle,8,random,os-getrandom,random-old-and-new-paths,post,337,1048576,1.00000000000000000,-0.000000000,fixed,1,access-plus-rate-deterministic,5,32
2,8,1,8192,1048576,1048576,cycle,8,random,os-getrandom,random-old-and-new-paths,post,338,1048576,1.00000000000000000,-0.000000000,fixed,1,access-plus-rate-deterministic,5,32
2,8,1,8192,1048576,1048576,cycle,8,random,os-getrandom,random-old-and-new-paths,post,339,1048576,1.00000000000000000,-0.000000000,fixed,1,access-plus-rate-deterministic,5,32
2,8,1,8192,1048576,1048576,cycle,8,random,os-getrandom,random-old-and-new-paths,post,340,1048576,1.00000000000000000,-0.000000000,fixed,1,access-plus-rate-deterministic,5,32
2,8,1,8192,1048576,1048576,cycle,8,random,os-getrandom,random-old-and-new-paths,post,341,1048576,1.00000000000000000,-0.000000000,fixed,1,access-plus-rate-deterministic,5,32
2,8,1,8192,1048576,1048576,cycle,8,random,os-getrandom,random-old-and-new-paths,post,342,1048576,1.00000000000000000,-0.000000000,fixed,1,access-plus-rate-deterministic,5,32
2,8,1,8192,1048576,1048576,cycle,8,random,os-getrandom,random-old-and-new-paths,post,343,1048576,1.00000000000000000,-0.000000000,fixed,1,access-plus-rate-deterministic,5,32
2,8,1,8192,1048576,1048576,cycle,8,random,os-getrandom,random-old-and-new-paths,post,344,1048576,1.00000000000000000,-0.000000000,fixed,1,access-plus-rate-deterministic,5,32
2,8,1,8192,1048576,1048576,cycle,8,random,os-getrandom,random-old-and-new-paths,post,345,1048576,1.00000000000000000,-0.000000000,fixed,1,access-plus-rate-deterministic,5,32
2,8,1,8192,1048576,1048576,cycle,8,random,os-getrandom,random-old-and-new-paths,post,346,1048576,1.00000000000000000,-0.000000000,fixed,1,access-plus-rate-deterministic,5,32
2,8,1,8192,1048576,1048576,cycle,8,random,os-getrandom,random-old-and-new-paths,post,347,1048576,1.00000000000000000,-0.000000000,fixed,1,access-plus-rate-deterministic,5,32
2,8,1,8192,1048576,1048576,cycle,8,random,os-getrandom,random-old-and-new-paths,post,348,1048576,1.00000000000000000,-0.000000000,fixed,1,access-plus-rate-deterministic,5,32
2,8,1,8192,1048576,1048576,cycle,8,random,os-getrandom,random-old-and-new-paths,post,349,1048576,1.00000000000000000,-0.000000000,fixed,1,access-plus-rate-deterministic,5,32
2,8,1,8192,1048576,1048576,cycle,8,random,os-getrandom,random-old-and-new-paths,post,350,1048576,1.00000000000000000,-0.000000000,fixed,1,access-plus-rate-deterministic,5,32
2,8,1,8192,1048576,1048576,cycle,8,random,os-getrandom,random-old-and-new-paths,post,351,1048576,1.00000000000000000,-0.000000000,fixed,1,access-plus-rate-deterministic,5,32
2,8,1,8192,1048576,1048576,cycle,8,random,os-getrandom,random-old-and-new-paths,post,352,1048576,1.00000000000000000,-0.000000000,fixed,1,access-plus-rate-deterministic,5,32
2,8,1,8192,1048576,1048576,cycle,8,random,os-getrandom,random-old-and-new-paths,post,353,1048576,1.00000000000000000,-0.000000000,fixed,1,access-plus-rate-deterministic,5,32
2,8,1,8192,1048576,1048576,cycle,8,random,os-getrandom,random-old-and-new-paths,post,354,1048576,1.00000000000000000,-0.000000000,fixed,1,access-plus-rate-deterministic,5,32
2,8,1,8192,1048576,1048576,cycle,8,random,os-getrandom,random-old-and-new-paths,post,355,1048576,1.00000000000000000,-0.000000000,fixed,1,access-plus-rate-deterministic,5,32
2,8,1,8192,1048576,1048576,cycle,8,random,os-getrandom,random-old-and-new-paths,post,356,1048576,1.00000000000000000,-0.000000000,fixed,1,access-plus-rate-deterministic,5,32
2,8,1,8192,1048576,1048576,cycle,8,random,os-getrandom,random-old-and-new-paths,post,357,1048576,1.00000000000000000,-0.000000000,fixed,1,access-plus-rate-deterministic,5,32
2,8,1,8192,1048576,1048576,cycle,8,random,os-getrandom,random-old-and-new-paths,post,358,1048576,1.00000000000000000,-0.000000000,fixed,1,access-plus-rate-deterministic,5,32
2,8,1,8192,1048576,1048576,cycle,8,random,os-getrandom,random-old-and-new-paths,post,359,1048576,1.00000000000000000,-0.000000000,fixed,1,access-plus-rate-deterministic,5,32
2,8,1,8192,1048576,1048576,cycle,8,random,os-getrandom,random-old-and-new-paths,post,360,1048576,1.00000000000000000,-0.000000000,fixed,1,access-plus-rate-deterministic,5,32
2,8,1,8192,1048576,1048576,cycle,8,random,os-getrandom,random-old-and-new-paths,post,361,1048576,1.00000000000000000,-0.000000000,fixed,1,access-plus-rate-deterministic,5,32
2,8,1,8192,1048576,1048576,cycle,8,random,os-getrandom,random-old-and-new-paths,post,362,1048576,1.00000000000000000,-0.000000000,fixed,1,access-plus-rate-deterministic,5,32
2,8,1,8192,1048576,1048576,cycle,8,random,os-getrandom,random-old-and-new-paths,post,363,1048576,1.00000000000000000,-0.000000000,fixed,1,access-plus-rate-deterministic,5,32
2,8,1,8192,1048576,1048576,cycle,8,random,os-getrandom,random-old-and-new-paths,post,364,1048576,1.00000000000000000,-0.000000000,fixed,1,access-plus-rate-deterministic,5,32
2,8,1,8192,1048576,1048576,cycle,8,random,os-getrandom,random-old-and-new-paths,post,365,1048576,1.00000000000000000,-0.000000000,fixed,1,access-plus-rate-deterministic,5,32
2,8,1,8192,1048576,1048576,cycle,8,random,os-getrandom,random-old-and-new-paths,post,366,1048576,1.00000000000000000,-0.000000000,fixed,1,access-plus-rate-deterministic,5,32
2,8,1,8192,1048576,1048576,cycle,8,random,os-getrandom,random-old-and-new-paths,post,367,1048576,1.00000000000000000,-0.000000000,fixed,1,access-plus-rate-deterministic,5,32
2,8,1,8192,1048576,1048576,cycle,8,random,os-getrandom,random-old-and-new-paths,post,368,1048576,1.00000000000000000,-0.000000000,fixed,1,access-plus-rate-deterministic,5,32
2,8,1,8192,1048576,1048576,cycle,8,random,os-getrandom,random-old-and-new-paths,post,369,1048576,1.00000000000000000,-0.000000000,fixed,1,access-plus-rate-deterministic,5,32
2,8,1,8192,1048576,1048576,cycle,8,random,os-getrandom,random-old-and-new-paths,post,370,1048576,1.00000000000000000,-0.000000000,fixed,1,access-plus-rate-deterministic,5,32
2,8,1,8192,1048576,1048576,cycle,8,random,os-getrandom,random-old-and-new-paths,post,371,1048576,1.00000000000000000,-0.000000000,fixed,1,access-plus-rate-deterministic,5,32
2,8,1,8192,1048576,1048576,cycle,8,random,os-getrandom,random-old-and-new-paths,post,372,1048576,1.00000000000000000,-0.000000000,fixed,1,access-plus-rate-deterministic,5,32
2,8,1,8192,1048576,1048576,cycle,8,random,os-getrandom,random-old-and-new-paths,post,373,1048576,1.00000000000000000,-0.000000000,fixed,1,access-plus-rate-deterministic,5,32
2,8,1,8192,1048576,1048576,cycle,8,random,os-getrandom,random-old-and-new-paths,post,374,1048576,1.00000000000000000,-0.000000000,fixed,1,access-plus-rate-deterministic,5,32
2,8,1,8192,1048576,1048576,cycle,8,random,os-getrandom,random-old-and-new-paths,post,375,1048576,1.00000000000000000,-0.000000000,fixed,1,access-plus-rate-deterministic,5,32
2,8,1,8192,1048576,1048576,cycle,8,random,os-getrandom,random-old-and-new-paths,post,376,1048576,1.00000000000000000,-0.000000000,fixed,1,access-plus-rate-deterministic,5,32
2,8,1,8192,1048576,1048576,cycle,8,random,os-getrandom,random-old-and-new-paths,post,377,1048576,1.00000000000000000,-0.000000000,fixed,1,access-plus-rate-deterministic,5,32
2,8,1,8192,1048576,1048576,cycle,8,random,os-getrandom,random-old-and-new-paths,post,378,1048576,1.00000000000000000,-0.000000000,fixed,1,access-plus-rate-deterministic,5,32
2,8,1,8192,1048576,1048576,cycle,8,random,os-getrandom,random-old-and-new-paths,post,379,1048576,1.00000000000000000,-0.000000000,fixed,1,access-plus-rate-deterministic,5,32
2,8,1,8192,1048576,1048576,cycle,8,random,os-getrandom,random-old-and-new-paths,post,380,1048576,1.00000000000000000,-0.000000000,fixed,1,access-plus-rate-deterministic,5,32
2,8,1,8192,1048576,1048576,cycle,8,random,os-getrandom,random-old-and-new-paths,post,381,1048576,1.00000000000000000,-0.000000000,fixed,1,access-plus-rate-deterministic,5,32
2,8,1,8192,1048576,1048576,cycle,8,random,os-getrandom,random-old-and-new-paths,post,382,1048576,1.00000000000000000,-0.000000000,fixed,1,access-plus-rate-deterministic,5,32
2,8,1,8192,1048576,1048576,cycle,8,random,os-getrandom,random-old-and-new-paths,post,383,1048576,1.00000000000000000,-0.000000000,fixed,1,access-plus-rate-deterministic,5,32
2,8,1,8192,1048576,1048576,cycle,8,random,os-getrandom,random-old-and-new-paths,post,384,1048576,1.00000000000000000,-0.000000000,fixed,1,access-plus-rate-deterministic,5,32
2,8,1,8192,1048576,1048576,cycle,8,random,os-getrandom,random-old-and-new-paths,post,385,1048576,1.00000000000000000,-0.000000000,fixed,1,access-plus-rate-deterministic,5,32
2,8,1,8192,1048576,1048576,cycle,8,random,os-getrandom,random-old-and-new-paths,post,386,1048576,1.00000000000000000,-0.000000000,fixed,1,access-plus-rate-deterministic,5,32
2,8,1,8192,1048576,1048576,cycle,8,random,os-getrandom,random-old-and-new-paths,post,387,1048576,1.00000000000000000,-0.000000000,fixed,1,access-plus-rate-deterministic,5,32
2,8,1,8192,1048576,1048576,cycle,8,random,os-getrandom,random-old-and-new-paths,post,388,1048576,1.00000000000000000,-0.000000000,fixed,1,access-plus-rate-deterministic,5,32
2,8,1,8192,1048576,1048576,cycle,8,random,os-getrandom,random-old-and-new-paths,post,389,1048576,1.00000000000000000,-0.000000000,fixed,1,access-plus-rate-deterministic,5,32
2,8,1,8192,1048576,1048576,cycle,8,random,os-getrandom,random-old-and-new-paths,post,390,1048576,1.00000000000000000,-0.000000000,fixed,1,access-plus-rate-deterministic,5,32
2,8,1,8192,1048576,1048576,cycle,8,random,os-getrandom,random-old-and-new-paths,post,391,1048576,1.00000000000000000,-0.000000000,fixed,1,access-plus-rate-deterministic,5,32
2,8,1,8192,1048576,1048576,cycle,8,random,os-getrandom,random-old-and-new-paths,post,392,1048576,1.00000000000000000,-0.000000000,fixed,1,access-plus-rate-deterministic,5,32
2,8,1,8192,1048576,1048576,cycle,8,random,os-getrandom,random-old-and-new-paths,post,393,1048576,1.00000000000000000,-0.000000000,fixed,1,access-plus-rate-deterministic,5,32
2,8,1,8192,1048576,1048576,cycle,8,random,os-getrandom,random-old-and-new-paths,post,394,1048576,1.00000000000000000,-0.000000000,fixed,1,access-plus-rate-deterministic,5,32
2,8,1,8192,1048576,1048576,cycle,8,random,os-getrandom,random-old-and-new-paths,post,395,1048576,1.00000000000000000,-0.000000000,fixed,1,access-plus-rate-deterministic,5,32
2,8,1,8192,1048576,1048576,cycle,8,random,os-getrandom,random-old-and-new-paths,post,396,1048576,1.00000000000000000,-0.000000000,fixed,1,access-plus-rate-deterministic,5,32
2,8,1,8192,1048576,1048576,cycle,8,random,os-getrandom,random-old-and-new-paths,post,397,1048576,1.00000000000000000,-0.000000000,fixed,1,access-plus-rate-deterministic,5,32
2,8,1,8192,1048576,1048576,cycle,8,random,os-getrandom,random-old-and-new-paths,post,398,1048576,1.00000000000000000,-0.000000000,fixed,1,access-plus-rate-deterministic,5,32
2,8,1,8192,1048576,1048576,cycle,8,random,os-getrandom,random-old-and-new-paths,post,399,1048576,1.00000000000000000,-0.000000000,fixed,1,access-plus-rate-deterministic,5,32
2,8,1,8192,1048576,1048576,cycle,8,random,os-getrandom,random-old-and-new-paths,post,400,1048576,1.00000000000000000,-0.000000000,fixed,1,access-plus-rate-deterministic,5,32
2,8,1,8192,1048576,1048576,cycle,8,random,os-getrandom,random-old-and-new-paths,post,401,1048576,1.00000000000000000,-0.000000000,fixed,1,access-plus-rate-deterministic,5,32
2,8,1,8192,1048576,1048576,cycle,8,random,os-getrandom,random-old-and-new-paths,post,402,1048576,1.00000000000000000,-0.000000000,fixed,1,access-plus-rate-deterministic,5,32
2,8,1,8192,1048576,1048576,cycle,8,random,os-getrandom,random-old-and-new-paths,post,403,1048576,1.00000000000000000,-0.000000000,fixed,1,access-plus-rate-deterministic,5,32
2,8,1,8192,1048576,1048576,cycle,8,random,os-getrandom,random-old-and-new-paths,post,404,1048576,1.00000000000000000,-0.000000000,fixed,1,access-plus-rate-deterministic,5,32
2,8,1,8192,1048576,1048576,cycle,8,random,os-getrandom,random-old-and-new-paths,post,405,1048576,1.00000000000000000,-0.000000000,fixed,1,access-plus-rate-deterministic,5,32
2,8,1,8192,1048576,1048576,cycle,8,random,os-getrandom,random-old-and-new-paths,post,406,1048576,1.00000000000000000,-0.000000000,fixed,1,access-plus-rate-deterministic,5,32
2,8,1,8192,1048576,1048576,cycle,8,random,os-getrandom,random-old-and-new-paths,post,407,1048576,1.00000000000000000,-0.000000000,fixed,1,access-plus-rate-deterministic,5,32
2,8,1,8192,1048576,1048576,cycle,8,random,os-getrandom,random-old-and-new-paths,post,408,1048576,1.00000000000000000,-0.000000000,fixed,1,access-plus-rate-deterministic,5,32
2,8,1,8192,1048576,1048576,cycle,8,random,os-getrandom,random-old-and-new-paths,post,409,1048576,1.00000000000000000,-0.000000000,fixed,1,access-plus-rate-deterministic,5,32
2,8,1,8192,1048576,1048576,cycle,8,random,os-getrandom,random-old-and-new-paths,post,410,1048576,1.00000000000000000,-0.000000000,fixed,1,access-plus-rate-deterministic,5,32
2,8,1,8192,1048576,1048576,cycle,8,random,os-getrandom,random-old-and-new-paths,post,411,1048576,1.00000000000000000,-0.000000000,fixed,1,access-plus-rate-deterministic,5,32
2,8,1,8192,1048576,1048576,cycle,8,random,os-getrandom,random-old-and-new-paths,post,412,1048576,1.00000000000000000,-0.000000000,fixed,1,access-plus-rate-deterministic,5,32
2,8,1,8192,1048576,1048576,cycle,8,random,os-getrandom,random-old-and-new-paths,post,413,1048576,1.00000000000000000,-0.000000000,fixed,1,access-plus-rate-deterministic,5,32
2,8,1,8192,1048576,1048576,cycle,8,random,os-getrandom,random-old-and-new-paths,post,414,1048576,1.00000000000000000,-0.000000000,fixed,1,access-plus-rate-deterministic,5,32
2,8,1,8192,1048576,1048576,cycle,8,random,os-getrandom,random-old-and-new-paths,post,415,1048576,1.00000000000000000,-0.000000000,fixed,1,access-plus-rate-deterministic,5,32
2,8,1,8192,1048576,1048576,cycle,8,random,os-getrandom,random-old-and-new-paths,post,416,1048576,1.00000000000000000,-0.000000000,fixed,1,access-plus-rate-deterministic,5,32
2,8,1,8192,1048576,1048576,cycle,8,random,os-getrandom,random-old-and-new-paths,post,417,1048576,1.00000000000000000,-0.000000000,fixed,1,access-plus-rate-deterministic,5,32
2,8,1,8192,1048576,1048576,cycle,8,random,os-getrandom,random-old-and-new-paths,post,418,1048576,1.00000000000000000,-0.000000000,fixed,1,access-plus-rate-deterministic,5,32
2,8,1,8192,1048576,1048576,cycle,8,random,os-getrandom,random-old-and-new-paths,post,419,1048576,1.00000000000000000,-0.000000000,fixed,1,access-plus-rate-deterministic,5,32
2,8,1,8192,1048576,1048576,cycle,8,random,os-getrandom,random-old-and-new-paths,post,420,1048576,1.00000000000000000,-0.000000000,fixed,1,access-plus-rate-deterministic,5,32
2,8,1,8192,1048576,1048576,cycle,8,random,os-getrandom,random-old-and-new-paths,post,421,1048576,1.00000000000000000,-0.000000000,fixed,1,access-plus-rate-deterministic,5,32
2,8,1,8192,1048576,1048576,cycle,8,random,os-getrandom,random-old-and-new-paths,post,422,1048576,1.00000000000000000,-0.000000000,fixed,1,access-plus-rate-deterministic,5,32
2,8,1,8192,1048576,1048576,cycle,8,random,os-getrandom,random-old-and-new-paths,post,423,1048576,1.00000000000000000,-0.000000000,fixed,1,access-plus-rate-deterministic,5,32
2,8,1,8192,1048576,1048576,cycle,8,random,os-getrandom,random-old-and-new-paths,post,424,1048576,1.00000000000000000,-0.000000000,fixed,1,access-plus-rate-deterministic,5,32
2,8,1,8192,1048576,1048576,cycle,8,random,os-getrandom,random-old-and-new-paths,post,425,1048576,1.00000000000000000,-0.000000000,fixed,1,access-plus-rate-deterministic,5,32
2,8,1,8192,1048576,1048576,cycle,8,random,os-getrandom,random-old-and-new-paths,post,426,1048576,1.00000000000000000,-0.000000000,fixed,1,access-plus-rate-deterministic,5,32
2,8,1,8192,1048576,1048576,cycle,8,random,os-getrandom,random-old-and-new-paths,post,427,1048576,1.00000000000000000,-0.000000000,fixed,1,access-plus-rate-deterministic,5,32
2,8,1,8192,1048576,1048576,cycle,8,random,os-getrandom,random-old-and-new-paths,post,428,1048576,1.00000000000000000,-0.000000000,fixed,1,access-plus-rate-deterministic,5,32
2,8,1,8192,1048576,1048576,cycle,8,random,os-getrandom,random-old-and-new-paths,post,429,1048576,1.00000000000000000,-0.000000000,fixed,1,access-plus-rate-deterministic,5,32
2,8,1,8192,1048576,1048576,cycle,8,random,os-getrandom,random-old-and-new-paths,post,430,1048576,1.00000000000000000,-0.000000000,fixed,1,access-plus-rate-deterministic,5,32
2,8,1,8192,1048576,1048576,cycle,8,random,os-getrandom,random-old-and-new-paths,post,431,1048576,1.00000000000000000,-0.000000000,fixed,1,access-plus-rate-deterministic,5,32
2,8,1,8192,1048576,1048576,cycle,8,random,os-getrandom,random-old-and-new-paths,post,432,1048576,1.00000000000000000,-0.000000000,fixed,1,access-plus-rate-deterministic,5,32
2,8,1,8192,1048576,1048576,cycle,8,random,os-getrandom,random-old-and-new-paths,post,433,1048576,1.00000000000000000,-0.000000000,fixed,1,access-plus-rate-deterministic,5,32
2,8,1,8192,1048576,1048576,cycle,8,random,os-getrandom,random-old-and-new-paths,post,434,1048576,1.00000000000000000,-0.000000000,fixed,1,access-plus-rate-deterministic,5,32
2,8,1,8192,1048576,1048576,cycle,8,random,os-getrandom,random-old-and-new-paths,post,435,1048576,1.00000000000000000,-0.000000000,fixed,1,access-plus-rate-deterministic,5,32
2,8,1,8192,1048576,1048576,cycle,8,random,os-getrandom,random-old-and-new-paths,post,436,1048576,1.00000000000000000,-0.000000000,fixed,1,access-plus-rate-deterministic,5,32
2,8,1,8192,1048576,1048576,cycle,8,random,os-getrandom,random-old-and-new-paths,post,437,1048576,1.00000000000000000,-0.000000000,fixed,1,access-plus-rate-deterministic,5,32
2,8,1,8192,1048576,1048576,cycle,8,random,os-getrandom,random-old-and-new-paths,post,438,1048576,1.00000000000000000,-0.000000000,fixed,1,access-plus-rate-deterministic,5,32
2,8,1,8192,1048576,1048576,cycle,8,random,os-getrandom,random-old-and-new-paths,post,439,1048576,1.00000000000000000,-0.000000000,fixed,1,access-plus-rate-deterministic,5,32
2,8,1,8192,1048576,1048576,cycle,8,random,os-getrandom,random-old-and-new-paths,post,440,1048576,1.00000000000000000,-0.000000000,fixed,1,access-plus-rate-deterministic,5,32
2,8,1,8192,1048576,1048576,cycle,8,random,os-getrandom,random-old-and-new-paths,post,441,1048576,1.00000000000000000,-0.000000000,fixed,1,access-plus-rate-deterministic,5,32
2,8,1,8192,1048576,1048576,cycle,8,random,os-getrandom,random-old-and-new-paths,post,442,1048576,1.00000000000000000,-0.000000000,fixed,1,access-plus-rate-deterministic,5,32
2,8,1,8192,1048576,1048576,cycle,8,random,os-getrandom,random-old-and-new-paths,post,443,1048576,1.00000000000000000,-0.000000000,fixed,1,access-plus-rate-deterministic,5,32
2,8,1,8192,1048576,1048576,cycle,8,random,os-getrandom,random-old-and-new-paths,post,444,1048576,1.00000000000000000,-0.000000000,fixed,1,access-plus-rate-deterministic,5,32
2,8,1,8192,1048576,1048576,cycle,8,random,os-getrandom,random-old-and-new-paths,post,445,1048576,1.00000000000000000,-0.000000000,fixed,1,access-plus-rate-deterministic,5,32
2,8,1,8192,1048576,1048576,cycle,8,random,os-getrandom,random-old-and-new-paths,post,446,1048576,1.00000000000000000,-0.000000000,fixed,1,access-plus-rate-deterministic,5,32
2,8,1,8192,1048576,1048576,cycle,8,random,os-getrandom,random-old-and-new-paths,post,447,1048576,1.00000000000000000,-0.000000000,fixed,1,access-plus-rate-deterministic,5,32
2,8,1,8192,1048576,1048576,cycle,8,random,os-getrandom,random-old-and-new-paths,post,448,1048576,1.00000000000000000,-0.000000000,fixed,1,access-plus-rate-deterministic,5,32
2,8,1,8192,1048576,1048576,cycle,8,random,os-getrandom,random-old-and-new-paths,post,449,1048576,1.00000000000000000,-0.000000000,fixed,1,access-plus-rate-deterministic,5,32
2,8,1,8192,1048576,1048576,cycle,8,random,os-getrandom,random-old-and-new-paths,post,450,1048576,1.00000000000000000,-0.000000000,fixed,1,access-plus-rate-deterministic,5,32
2,8,1,8192,1048576,1048576,cycle,8,random,os-getrandom,random-old-and-new-paths,post,451,1048576,1.00000000000000000,-0.000000000,fixed,1,access-plus-rate-deterministic,5,32
2,8,1,8192,1048576,1048576,cycle,8,random,os-getrandom,random-old-and-new-paths,post,452,1048576,1.00000000000000000,-0.000000000,fixed,1,access-plus-rate-deterministic,5,32
2,8,1,8192,1048576,1048576,cycle,8,random,os-getrandom,random-old-and-new-paths,post,453,1048576,1.00000000000000000,-0.000000000,fixed,1,access-plus-rate-deterministic,5,32
2,8,1,8192,1048576,1048576,cycle,8,random,os-getrandom,random-old-and-new-paths,post,454,1048574,0.99999809265136719,0.000002752,fixed,1,access-plus-rate-deterministic,5,32
2,8,1,8192,1048576,1048576,cycle,8,random,os-getrandom,random-old-and-new-paths,post,455,1048569,0.99999332427978516,0.000009631,fixed,1,access-plus-rate-deterministic,5,32
2,8,1,8192,1048576,1048576,cycle,8,random,os-getrandom,random-old-and-new-paths,post,456,1048558,0.99998283386230469,0.000024766,fixed,1,access-plus-rate-deterministic,5,32
2,8,1,8192,1048576,1048576,cycle,8,random,os-getrandom,random-old-and-new-paths,post,457,1048539,0.99996471405029297,0.000050908,fixed,1,access-plus-rate-deterministic,5,32
2,8,1,8192,1048576,1048576,cycle,8,random,os-getrandom,random-old-and-new-paths,post,458,1048519,0.99994564056396484,0.000078426,fixed,1,access-plus-rate-deterministic,5,32
2,8,1,8192,1048576,1048576,cycle,8,random,os-getrandom,random-old-and-new-paths,post,459,1048489,0.99991703033447266,0.000119705,fixed,1,access-plus-rate-deterministic,5,32
2,8,1,8192,1048576,1048576,cycle,8,random,os-getrandom,random-old-and-new-paths,post,460,1048458,0.99988746643066406,0.000162361,fixed,1,access-plus-rate-deterministic,5,32
2,8,1,8192,1048576,1048576,cycle,8,random,os-getrandom,random-old-and-new-paths,post,461,1048431,0.99986171722412109,0.000199514,fixed,1,access-plus-rate-deterministic,5,32
2,8,1,8192,1048576,1048576,cycle,8,random,os-getrandom,random-old-and-new-paths,post,462,1048403,0.99983501434326172,0.000238044,fixed,1,access-plus-rate-deterministic,5,32
2,8,1,8192,1048576,1048576,cycle,8,random,os-getrandom,random-old-and-new-paths,post,463,1048371,0.99980449676513672,0.000282079,fixed,1,access-plus-rate-deterministic,5,32
2,8,1,8192,1048576,1048576,cycle,8,random,os-getrandom,random-old-and-new-paths,post,464,1048339,0.99977397918701172,0.000326116,fixed,1,access-plus-rate-deterministic,5,32
2,8,1,8192,1048576,1048576,cycle,8,random,os-getrandom,random-old-and-new-paths,post,465,1048298,0.99973487854003906,0.000382540,fixed,1,access-plus-rate-deterministic,5,32
2,8,1,8192,1048576,1048576,cycle,8,random,os-getrandom,random-old-and-new-paths,post,466,1048256,0.99969482421875000,0.000440343,fixed,1,access-plus-rate-deterministic,5,32
2,8,1,8192,1048576,1048576,cycle,8,random,os-getrandom,random-old-and-new-paths,post,467,1048209,0.99965000152587891,0.000505029,fixed,1,access-plus-rate-deterministic,5,32
2,8,1,8192,1048576,1048576,cycle,8,random,os-getrandom,random-old-and-new-paths,post,468,1048148,0.99959182739257812,0.000588989,fixed,1,access-plus-rate-deterministic,5,32
2,8,1,8192,1048576,1048576,cycle,8,random,os-getrandom,random-old-and-new-paths,post,469,1048072,0.99951934814453125,0.000693601,fixed,1,access-plus-rate-deterministic,5,32
2,8,1,8192,1048576,1048576,cycle,8,random,os-getrandom,random-old-and-new-paths,post,470,1047963,0.99941539764404297,0.000843650,fixed,1,access-plus-rate-deterministic,5,32
2,8,1,8192,1048576,1048576,cycle,8,random,os-getrandom,random-old-and-new-paths,post,471,1047823,0.99928188323974609,0.001036396,fixed,1,access-plus-rate-deterministic,5,32
2,8,1,8192,1048576,1048576,cycle,8,random,os-getrandom,random-old-and-new-paths,post,472,1047658,0.99912452697753906,0.001263594,fixed,1,access-plus-rate-deterministic,5,32
2,8,1,8192,1048576,1048576,cycle,8,random,os-getrandom,random-old-and-new-paths,post,473,1047478,0.99895286560058594,0.001511487,fixed,1,access-plus-rate-deterministic,5,32
2,8,1,8192,1048576,1048576,cycle,8,random,os-getrandom,random-old-and-new-paths,post,474,1047268,0.99875259399414062,0.001800750,fixed,1,access-plus-rate-deterministic,5,32
2,8,1,8192,1048576,1048576,cycle,8,random,os-getrandom,random-old-and-new-paths,post,475,1047043,0.99853801727294922,0.002110739,fixed,1,access-plus-rate-deterministic,5,32
2,8,1,8192,1048576,1048576,cycle,8,random,os-getrandom,random-old-and-new-paths,post,476,1046804,0.99831008911132812,0.002440088,fixed,1,access-plus-rate-deterministic,5,32
2,8,1,8192,1048576,1048576,cycle,8,random,os-getrandom,random-old-and-new-paths,post,477,1046511,0.99803066253662109,0.002843955,fixed,1,access-plus-rate-deterministic,5,32
2,8,1,8192,1048576,1048576,cycle,8,random,os-getrandom,random-old-and-new-paths,post,478,1046171,0.99770641326904297,0.003312747,fixed,1,access-plus-rate-deterministic,5,32
2,8,1,8192,1048576,1048576,cycle,8,random,os-getrandom,random-old-and-new-paths,post,479,1045763,0.99731731414794922,0.003875498,fixed,1,access-plus-rate-deterministic,5,32
2,8,1,8192,1048576,1048576,cycle,8,random,os-getrandom,random-old-and-new-paths,post,480,1045232,0.99681091308593750,0.004608232,fixed,1,access-plus-rate-deterministic,5,32
2,8,1,8192,1048576,1048576,cycle,8,random,os-getrandom,random-old-and-new-paths,post,481,1044600,0.99620819091796875,0.005480822,fixed,1,access-plus-rate-deterministic,5,32
2,8,1,8192,1048576,1048576,cycle,8,random,os-getrandom,random-old-and-new-paths,post,482,1043856,0.99549865722656250,0.006508725,fixed,1,access-plus-rate-deterministic,5,32
2,8,1,8192,1048576,1048576,cycle,8,random,os-getrandom,random-old-and-new-paths,post,483,1042957,0.99464130401611328,0.007751752,fixed,1,access-plus-rate-deterministic,5,32
2,8,1,8192,1048576,1048576,cycle,8,random,os-getrandom,random-old-and-new-paths,post,484,1041989,0.99371814727783203,0.009091383,fixed,1,access-plus-rate-deterministic,5,32
2,8,1,8192,1048576,1048576,cycle,8,random,os-getrandom,random-old-and-new-paths,post,485,1040982,0.99275779724121094,0.010486308,fixed,1,access-plus-rate-deterministic,5,32
2,8,1,8192,1048576,1048576,cycle,8,random,os-getrandom,random-old-and-new-paths,post,486,1039920,0.99174499511718750,0.011958883,fixed,1,access-plus-rate-deterministic,5,32
2,8,1,8192,1048576,1048576,cycle,8,random,os-getrandom,random-old-and-new-paths,post,487,1038816,0.99069213867187500,0.013491291,fixed,1,access-plus-rate-deterministic,5,32
2,8,1,8192,1048576,1048576,cycle,8,random,os-getrandom,random-old-and-new-paths,post,488,1037593,0.98952579498291016,0.015190779,fixed,1,access-plus-rate-deterministic,5,32
2,8,1,8192,1048576,1048576,cycle,8,random,os-getrandom,random-old-and-new-paths,post,489,1036344,0.98833465576171875,0.016928466,fixed,1,access-plus-rate-deterministic,5,32
2,8,1,8192,1048576,1048576,cycle,8,random,os-getrandom,random-old-and-new-paths,post,490,1034997,0.98705005645751953,0.018804845,fixed,1,access-plus-rate-deterministic,5,32
2,8,1,8192,1048576,1048576,cycle,8,random,os-getrandom,random-old-and-new-paths,post,491,1033598,0.98571586608886719,0.020756247,fixed,1,access-plus-rate-deterministic,5,32
2,8,1,8192,1048576,1048576,cycle,8,random,os-getrandom,random-old-and-new-paths,post,492,1032207,0.98438930511474609,0.022699111,fixed,1,access-plus-rate-deterministic,5,32
2,8,1,8192,1048576,1048576,cycle,8,random,os-getrandom,random-old-and-new-paths,post,493,1030792,0.98303985595703125,0.024678185,fixed,1,access-plus-rate-deterministic,5,32
2,8,1,8192,1048576,1048576,cycle,8,random,os-getrandom,random-old-and-new-paths,post,494,1029322,0.98163795471191406,0.026737063,fixed,1,access-plus-rate-deterministic,5,32
2,8,1,8192,1048576,1048576,cycle,8,random,os-getrandom,random-old-and-new-paths,post,495,1027835,0.98021984100341797,0.028822746,fixed,1,access-plus-rate-deterministic,5,32
2,8,1,8192,1048576,1048576,cycle,8,random,os-getrandom,random-old-and-new-paths,post,496,1026120,0.97858428955078125,0.031231973,fixed,1,access-plus-rate-deterministic,5,32
2,8,1,8192,1048576,1048576,cycle,8,random,os-getrandom,random-old-and-new-paths,post,497,1024400,0.97694396972656250,0.033652273,fixed,1,access-plus-rate-deterministic,5,32
2,8,1,8192,1048576,1048576,cycle,8,random,os-getrandom,random-old-and-new-paths,post,498,1022541,0.97517108917236328,0.036272740,fixed,1,access-plus-rate-deterministic,5,32
2,8,1,8192,1048576,1048576,cycle,8,random,os-getrandom,random-old-and-new-paths,post,499,1020578,0.97329902648925781,0.039044983,fixed,1,access-plus-rate-deterministic,5,32
2,8,1,8192,1048576,1048576,cycle,8,random,os-getrandom,random-old-and-new-paths,post,500,1018642,0.97145271301269531,0.041784323,fixed,1,access-plus-rate-deterministic,5,32
2,8,1,8192,1048576,1048576,cycle,8,random,os-getrandom,random-old-and-new-paths,post,501,1016599,0.96950435638427734,0.044680714,fixed,1,access-plus-rate-deterministic,5,32
2,8,1,8192,1048576,1048576,cycle,8,random,os-getrandom,random-old-and-new-paths,post,502,1014493,0.96749591827392578,0.047672520,fixed,1,access-plus-rate-deterministic,5,32
2,8,1,8192,1048576,1048576,cycle,8,random,os-getrandom,random-old-and-new-paths,post,503,1012400,0.96549987792968750,0.050652018,fixed,1,access-plus-rate-deterministic,5,32
2,8,1,8192,1048576,1048576,cycle,8,random,os-getrandom,random-old-and-new-paths,post,504,1010165,0.96336841583251953,0.053840469,fixed,1,access-plus-rate-deterministic,5,32
2,8,1,8192,1048576,1048576,cycle,8,random,os-getrandom,random-old-and-new-paths,post,505,1007916,0.96122360229492188,0.057056021,fixed,1,access-plus-rate-deterministic,5,32
2,8,1,8192,1048576,1048576,cycle,8,random,os-getrandom,random-old-and-new-paths,post,506,1005525,0.95894336700439453,0.060482479,fixed,1,access-plus-rate-deterministic,5,32
2,8,1,8192,1048576,1048576,cycle,8,random,os-getrandom,random-old-and-new-paths,post,507,1002971,0.95650768280029297,0.064151538,fixed,1,access-plus-rate-deterministic,5,32
2,8,1,8192,1048576,1048576,cycle,8,random,os-getrandom,random-old-and-new-paths,post,508,1000318,0.95397758483886719,0.067972727,fixed,1,access-plus-rate-deterministic,5,32
2,8,1,8192,1048576,1048576,cycle,8,random,os-getrandom,random-old-and-new-paths,post,509,997531,0.95131969451904297,0.071997849,fixed,1,access-plus-rate-deterministic,5,32
2,8,1,8192,1048576,1048576,cycle,8,random,os-getrandom,random-old-and-new-paths,post,510,994514,0.94844245910644531,0.076367845,fixed,1,access-plus-rate-deterministic,5,32
2,8,1,8192,1048576,1048576,cycle,8,random,os-getrandom,random-old-and-new-paths,post,511,991580,0.94564437866210938,0.080630353,fixed,1,access-plus-rate-deterministic,5,32
2,8,1,8192,1048576,1048576,cycle,8,random,os-getrandom,random-old-and-new-paths,post,512,988640,0.94284057617187500,0.084914247,fixed,1,access-plus-rate-deterministic,5,32
2,8,1,8192,1048576,1048576,cycle,8,random,os-getrandom,random-old-and-new-paths,post,513,985472,0.93981933593750000,0.089544645,fixed,1,access-plus-rate-deterministic,5,32
2,8,1,8192,1048576,1048576,cycle,8,random,os-getrandom,random-old-and-new-paths,post,514,981968,0.93647766113281250,0.094683514,fixed,1,access-plus-rate-deterministic,5,32
2,8,1,8192,1048576,1048576,cycle,8,random,os-getrandom,random-old-and-new-paths,post,515,978357,0.93303394317626953,0.099998529,fixed,1,access-plus-rate-deterministic,5,32
2,8,1,8192,1048576,1048576,cycle,8,random,os-getrandom,random-old-and-new-paths,post,516,974460,0.92931747436523438,0.105756559,fixed,1,access-plus-rate-deterministic,5,32
2,8,1,8192,1048576,1048576,cycle,8,random,os-getrandom,random-old-and-new-paths,post,517,970266,0.92531776428222656,0.111979207,fixed,1,access-plus-rate-deterministic,5,32
2,8,1,8192,1048576,1048576,cycle,8,random,os-getrandom,random-old-and-new-paths,post,518,965885,0.92113971710205078,0.118508096,fixed,1,access-plus-rate-deterministic,5,32
2,8,1,8192,1048576,1048576,cycle,8,random,os-getrandom,random-old-and-new-paths,post,519,961483,0.91694164276123047,0.125098176,fixed,1,access-plus-rate-deterministic,5,32
2,8,1,8192,1048576,1048576,cycle,8,random,os-getrandom,random-old-and-new-paths,post,520,956948,0.91261672973632812,0.131918994,fixed,1,access-plus-rate-deterministic,5,32
2,8,1,8192,1048576,1048576,cycle,8,random,os-getrandom,random-old-and-new-paths,post,521,952451,0.90832805633544922,0.138714652,fixed,1,access-plus-rate-deterministic,5,32
2,8,1,8192,1048576,1048576,cycle,8,random,os-getrandom,random-old-and-new-paths,post,522,947795,0.90388774871826172,0.145784475,fixed,1,access-plus-rate-deterministic,5,32
2,8,1,8192,1048576,1048576,cycle,8,random,os-getrandom,random-old-and-new-paths,post,523,943043,0.89935588836669922,0.153035970,fixed,1,access-plus-rate-deterministic,5,32
2,8,1,8192,1048576,1048576,cycle,8,random,os-getrandom,random-old-and-new-paths,post,524,938148,0.89468765258789062,0.160543989,fixed,1,access-plus-rate-deterministic,5,32
2,8,1,8192,1048576,1048576,cycle,8,random,os-getrandom,random-old-and-new-paths,post,525,933087,0.88986110687255859,0.168347923,fixed,1,access-plus-rate-deterministic,5,32
2,8,1,8192,1048576,1048576,cycle,8,random,os-getrandom,random-old-and-new-paths,post,526,928075,0.88508129119873047,0.176118128,fixed,1,access-plus-rate-deterministic,5,32
2,8,1,8192,1048576,1048576,cycle,8,random,os-getrandom,random-old-and-new-paths,post,527,922763,0.88001537322998047,0.184399368,fixed,1,access-plus-rate-deterministic,5,32
2,8,1,8192,1048576,1048576,cycle,8,random,os-getrandom,random-old-and-new-paths,post,528,917371,0.87487316131591797,0.192854224,fixed,1,access-plus-rate-deterministic,5,32
2,8,1,8192,1048576,1048576,cycle,8,random,os-getrandom,random-old-and-new-paths,post,529,911744,0.86950683593750000,0.201730725,fixed,1,access-plus-rate-deterministic,5,32
2,8,1,8192,1048576,1048576,cycle,8,random,os-getrandom,random-old-and-new-paths,post,530,905888,0.86392211914062500,0.211026833,fixed,1,access-plus-rate-deterministic,5,32
2,8,1,8192,1048576,1048576,cycle,8,random,os-getrandom,random-old-and-new-paths,post,531,899877,0.85818958282470703,0.220631706,fixed,1,access-plus-rate-deterministic,5,32
2,8,1,8192,1048576,1048576,cycle,8,random,os-getrandom,random-old-and-new-paths,post,532,893680,0.85227966308593750,0.230601188,fixed,1,access-plus-rate-deterministic,5,32
2,8,1,8192,1048576,1048576,cycle,8,random,os-getrandom,random-old-and-new-paths,post,533,887398,0.84628868103027344,0.240778224,fixed,1,access-plus-rate-deterministic,5,32
2,8,1,8192,1048576,1048576,cycle,8,random,os-getrandom,random-old-and-new-paths,post,534,880951,0.84014034271240234,0.251297749,fixed,1,access-plus-rate-deterministic,5,32
2,8,1,8192,1048576,1048576,cycle,8,random,os-getrandom,random-old-and-new-paths,post,535,874222,0.83372306823730469,0.262359841,fixed,1,access-plus-rate-deterministic,5,32
2,8,1,8192,1048576,1048576,cycle,8,random,os-getrandom,random-old-and-new-paths,post,536,867218,0.82704353332519531,0.273964824,fixed,1,access-plus-rate-deterministic,5,32
2,8,1,8192,1048576,1048576,cycle,8,random,os-getrandom,random-old-and-new-paths,post,537,860083,0.82023906707763672,0.285883636,fixed,1,access-plus-rate-deterministic,5,32
2,8,1,8192,1048576,1048576,cycle,8,random,os-getrandom,random-old-and-new-paths,post,538,852753,0.81324863433837891,0.298231600,fixed,1,access-plus-rate-deterministic,5,32
2,8,1,8192,1048576,1048576,cycle,8,random,os-getrandom,random-old-and-new-paths,post,539,845040,0.80589294433593750,0.311339893,fixed,1,access-plus-rate-deterministic,5,32
2,8,1,8192,1048576,1048576,cycle,8,random,os-getrandom,random-old-and-new-paths,post,540,837138,0.79835700988769531,0.324894059,fixed,1,access-plus-rate-deterministic,5,32
2,8,1,8192,1048576,1048576,cycle,8,random,os-getrandom,random-old-and-new-paths,post,541,828977,0.79057407379150391,0.339027451,fixed,1,access-plus-rate-deterministic,5,32
2,8,1,8192,1048576,1048576,cycle,8,random,os-getrandom,random-old-and-new-paths,post,542,820669,0.78265094757080078,0.353559068,fixed,1,access-plus-rate-deterministic,5,32
2,8,1,8192,1048576,1048576,cycle,8,random,os-getrandom,random-old-and-new-paths,post,543,812144,0.77452087402343750,0.368623973,fixed,1,access-plus-rate-deterministic,5,32
2,8,1,8192,1048576,1048576,cycle,8,random,os-getrandom,random-old-and-new-paths,post,544,803443,0.76622295379638672,0.384163850,fixed,1,access-plus-rate-deterministic,5,32
2,8,1,8192,1048576,1048576,cycle,8,random,os-getrandom,random-old-and-new-paths,post,545,794824,0.75800323486328125,0.399724090,fixed,1,access-plus-rate-deterministic,5,32
2,8,1,8192,1048576,1048576,cycle,8,random,os-getrandom,random-old-and-new-paths,post,546,786079,0.74966335296630859,0.415685217,fixed,1,access-plus-rate-deterministic,5,32
2,8,1,8192,1048576,1048576,cycle,8,random,os-getrandom,random-old-and-new-paths,post,547,777087,0.74108791351318359,0.432283399,fixed,1,access-plus-rate-deterministic,5,32
2,8,1,8192,1048576,1048576,cycle,8,random,os-getrandom,random-old-and-new-paths,post,548,767914,0.73233985900878906,0.449414775,fixed,1,access-plus-rate-deterministic,5,32
2,8,1,8192,1048576,1048576,cycle,8,random,os-getrandom,random-old-and-new-paths,post,549,758460,0.72332382202148438,0.467286429,fixed,1,access-plus-rate-deterministic,5,32
2,8,1,8192,1048576,1048576,cycle,8,random,os-getrandom,random-old-and-new-paths,post,550,748614,0.71393394470214844,0.486137497,fixed,1,access-plus-rate-deterministic,5,32
2,8,1,8192,1048576,1048576,cycle,8,random,os-getrandom,random-old-and-new-paths,post,551,738394,0.70418739318847656,0.505968696,fixed,1,access-plus-rate-deterministic,5,32
2,8,1,8192,1048576,1048576,cycle,8,random,os-getrandom,random-old-and-new-paths,post,552,727903,0.69418239593505859,0.526613315,fixed,1,access-plus-rate-deterministic,5,32
2,8,1,8192,1048576,1048576,cycle,8,random,os-getrandom,random-old-and-new-paths,post,553,717255,0.68402767181396484,0.547873405,fixed,1,access-plus-rate-deterministic,5,32
2,8,1,8192,1048576,1048576,cycle,8,random,os-getrandom,random-old-and-new-paths,post,554,706442,0.67371559143066406,0.569788408,fixed,1,access-plus-rate-deterministic,5,32
2,8,1,8192,1048576,1048576,cycle,8,random,os-getrandom,random-old-and-new-paths,post,555,695706,0.66347694396972656,0.591881763,fixed,1,access-plus-rate-deterministic,5,32
2,8,1,8192,1048576,1048576,cycle,8,random,os-getrandom,random-old-and-new-paths,post,556,684398,0.65269279479980469,0.615523982,fixed,1,access-plus-rate-deterministic,5,32
2,8,1,8192,1048576,1048576,cycle,8,random,os-getrandom,random-old-and-new-paths,post,557,672602,0.64144325256347656,0.640606457,fixed,1,access-plus-rate-deterministic,5,32
2,8,1,8192,1048576,1048576,cycle,8,random,os-getrandom,random-old-and-new-paths,post,558,660398,0.62980461120605469,0.667023774,fixed,1,access-plus-rate-deterministic,5,32
2,8,1,8192,1048576,1048576,cycle,8,random,os-getrandom,random-old-and-new-paths,post,559,647970,0.61795234680175781,0.694432505,fixed,1,access-plus-rate-deterministic,5,32
2,8,1,8192,1048576,1048576,cycle,8,random,os-getrandom,random-old-and-new-paths,post,560,635570,0.60612678527832031,0.722308497,fixed,1,access-plus-rate-deterministic,5,32
2,8,1,8192,1048576,1048576,cycle,8,random,os-getrandom,random-old-and-new-paths,post,561,622865,0.59401035308837891,0.751440019,fixed,1,access-plus-rate-deterministic,5,32
2,8,1,8192,1048576,1048576,cycle,8,random,os-getrandom,random-old-and-new-paths,post,562,610081,0.58181858062744141,0.781358725,fixed,1,access-plus-rate-deterministic,5,32
2,8,1,8192,1048576,1048576,cycle,8,random,os-getrandom,random-old-and-new-paths,post,563,596968,0.56931304931640625,0.812705927,fixed,1,access-plus-rate-deterministic,5,32
2,8,1,8192,1048576,1048576,cycle,8,random,os-getrandom,random-old-and-new-paths,post,564,583910,0.55685997009277344,0.844613507,fixed,1,access-plus-rate-deterministic,5,32
2,8,1,8192,1048576,1048576,cycle,8,random,os-getrandom,random-old-and-new-paths,post,565,570650,0.54421424865722656,0.877753365,fixed,1,access-plus-rate-deterministic,5,32
2,8,1,8192,1048576,1048576,cycle,8,random,os-getrandom,random-old-and-new-paths,post,566,557253,0.53143787384033203,0.912027047,fixed,1,access-plus-rate-deterministic,5,32
2,8,1,8192,1048576,1048576,cycle,8,random,os-getrandom,random-old-and-new-paths,post,567,543658,0.51847267150878906,0.947660148,fixed,1,access-plus-rate-deterministic,5,32
2,8,1,8192,1048576,1048576,cycle,8,random,os-getrandom,random-old-and-new-paths,post,568,529995,0.50544261932373047,0.984380776,fixed,1,access-plus-rate-deterministic,5,32
2,8,1,8192,1048576,1048576,cycle,8,random,os-getrandom,random-old-and-new-paths,post,569,516084,0.49217605590820312,1.022753622,fixed,1,access-plus-rate-deterministic,5,32
2,8,1,8192,1048576,1048576,cycle,8,random,os-getrandom,random-old-and-new-paths,post,570,502276,0.47900772094726562,1.061879184,fixed,1,access-plus-rate-deterministic,5,32
2,8,1,8192,1048576,1048576,cycle,8,random,os-getrandom,random-old-and-new-paths,post,571,488436,0.46580886840820312,1.102189988,fixed,1,access-plus-rate-deterministic,5,32
2,8,1,8192,1048576,1048576,cycle,8,random,os-getrandom,random-old-and-new-paths,post,572,474497,0.45251560211181641,1.143960560,fixed,1,access-plus-rate-deterministic,5,32
2,8,1,8192,1048576,1048576,cycle,8,random,os-getrandom,random-old-and-new-paths,post,573,460813,0.43946552276611328,1.186178108,fixed,1,access-plus-rate-deterministic,5,32
2,8,1,8192,1048576,1048576,cycle,8,random,os-getrandom,random-old-and-new-paths,post,574,447153,0.42643833160400391,1.229590970,fixed,1,access-plus-rate-deterministic,5,32
2,8,1,8192,1048576,1048576,cycle,8,random,os-getrandom,random-old-and-new-paths,post,575,433465,0.41338443756103516,1.274444017,fixed,1,access-plus-rate-deterministic,5,32
2,8,1,8192,1048576,1048576,cycle,8,random,os-getrandom,random-old-and-new-paths,post,576,420184,0.40071868896484375,1.319338298,fixed,1,access-plus-rate-deterministic,5,32
2,8,1,8192,1048576,1048576,cycle,8,random,os-getrandom,random-old-and-new-paths,post,577,407115,0.38825511932373047,1.364923148,fixed,1,access-plus-rate-deterministic,5,32
2,8,1,8192,1048576,1048576,cycle,8,random,os-getrandom,random-old-and-new-paths,post,578,394338,0.37607002258300781,1.410926785,fixed,1,access-plus-rate-deterministic,5,32
2,8,1,8192,1048576,1048576,cycle,8,random,os-getrandom,random-old-and-new-paths,post,579,381639,0.36395931243896484,1.458150917,fixed,1,access-plus-rate-deterministic,5,32
2,8,1,8192,1048576,1048576,cycle,8,random,os-getrandom,random-old-and-new-paths,post,580,369147,0.35204601287841797,1.506164092,fixed,1,access-plus-rate-deterministic,5,32
2,8,1,8192,1048576,1048576,cycle,8,random,os-getrandom,random-old-and-new-paths,post,581,356841,0.34031009674072266,1.555078139,fixed,1,access-plus-rate-deterministic,5,32
2,8,1,8192,1048576,1048576,cycle,8,random,os-getrandom,random-old-and-new-paths,post,582,344755,0.32878398895263672,1.604788050,fixed,1,access-plus-rate-deterministic,5,32
2,8,1,8192,1048576,1048576,cycle,8,random,os-getrandom,random-old-and-new-paths,post,583,332882,0.31746101379394531,1.655348664,fixed,1,access-plus-rate-deterministic,5,32
2,8,1,8192,1048576,1048576,cycle,8,random,os-getrandom,random-old-and-new-paths,post,584,321605,0.30670642852783203,1.705069689,fixed,1,access-plus-rate-deterministic,5,32
2,8,1,8192,1048576,1048576,cycle,8,random,os-getrandom,random-old-and-new-paths,post,585,310691,0.29629802703857422,1.754879075,fixed,1,access-plus-rate-deterministic,5,32
2,8,1,8192,1048576,1048576,cycle,8,random,os-getrandom,random-old-and-new-paths,post,586,300049,0.28614902496337891,1.805161404,fixed,1,access-plus-rate-deterministic,5,32
2,8,1,8192,1048576,1048576,cycle,8,random,os-getrandom,random-old-and-new-paths,post,587,289764,0.27634048461914062,1.855481159,fixed,1,access-plus-rate-deterministic,5,32
2,8,1,8192,1048576,1048576,cycle,8,random,os-getrandom,random-old-and-new-paths,post,588,279751,0.26679134368896484,1.906216237,fixed,1,access-plus-rate-deterministic,5,32
2,8,1,8192,1048576,1048576,cycle,8,random,os-getrandom,random-old-and-new-paths,post,589,269914,0.25741004943847656,1.957859717,fixed,1,access-plus-rate-deterministic,5,32
2,8,1,8192,1048576,1048576,cycle,8,random,os-getrandom,random-old-and-new-paths,post,590,260304,0.24824523925781250,2.010162044,fixed,1,access-plus-rate-deterministic,5,32
2,8,1,8192,1048576,1048576,cycle,8,random,os-getrandom,random-old-and-new-paths,post,591,250902,0.23927879333496094,2.063235555,fixed,1,access-plus-rate-deterministic,5,32
2,8,1,8192,1048576,1048576,cycle,8,random,os-getrandom,random-old-and-new-paths,post,592,241470,0.23028373718261719,2.118515564,fixed,1,access-plus-rate-deterministic,5,32
2,8,1,8192,1048576,1048576,cycle,8,random,os-getrandom,random-old-and-new-paths,post,593,232314,0.22155189514160156,2.174283427,fixed,1,access-plus-rate-deterministic,5,32
2,8,1,8192,1048576,1048576,cycle,8,random,os-getrandom,random-old-and-new-paths,post,594,223168,0.21282958984375000,2.232229351,fixed,1,access-plus-rate-deterministic,5,32
2,8,1,8192,1048576,1048576,cycle,8,random,os-getrandom,random-old-and-new-paths,post,595,214304,0.20437622070312500,2.290700747,fixed,1,access-plus-rate-deterministic,5,32
2,8,1,8192,1048576,1048576,cycle,8,random,os-getrandom,random-old-and-new-paths,post,596,205679,0.19615077972412109,2.349965025,fixed,1,access-plus-rate-deterministic,5,32
2,8,1,8192,1048576,1048576,cycle,8,random,os-getrandom,random-old-and-new-paths,post,597,197195,0.18805980682373047,2.410736554,fixed,1,access-plus-rate-deterministic,5,32
2,8,1,8192,1048576,1048576,cycle,8,random,os-getrandom,random-old-and-new-paths,post,598,188893,0.18014240264892578,2.472790286,fixed,1,access-plus-rate-deterministic,5,32
2,8,1,8192,1048576,1048576,cycle,8,random,os-getrandom,random-old-and-new-paths,post,599,180691,0.17232036590576172,2.536834876,fixed,1,access-plus-rate-deterministic,5,32
2,8,1,8192,1048576,1048576,cycle,8,random,os-getrandom,random-old-and-new-paths,post,600,172786,0.16478157043457031,2.601373198,fixed,1,access-plus-rate-deterministic,5,32
2,8,1,8192,1048576,1048576,cycle,8,random,os-getrandom,random-old-and-new-paths,post,601,165205,0.15755176544189453,2.666102174,fixed,1,access-plus-rate-deterministic,5,32
2,8,1,8192,1048576,1048576,cycle,8,random,os-getrandom,random-old-and-new-paths,post,602,157980,0.15066146850585938,2.730617598,fixed,1,access-plus-rate-deterministic,5,32
2,8,1,8192,1048576,1048576,cycle,8,random,os-getrandom,random-old-and-new-paths,post,603,150950,0.14395713806152344,2.796288769,fixed,1,access-plus-rate-deterministic,5,32
2,8,1,8192,1048576,1048576,cycle,8,random,os-getrandom,random-old-and-new-paths,post,604,144333,0.13764667510986328,2.860958333,fixed,1,access-plus-rate-deterministic,5,32
2,8,1,8192,1048576,1048576,cycle,8,random,os-getrandom,random-old-and-new-paths,post,605,138082,0.13168525695800781,2.924834260,fixed,1,access-plus-rate-deterministic,5,32
2,8,1,8192,1048576,1048576,cycle,8,random,os-getrandom,random-old-and-new-paths,post,606,131991,0.12587642669677734,2.989919965,fixed,1,access-plus-rate-deterministic,5,32
2,8,1,8192,1048576,1048576,cycle,8,random,os-getrandom,random-old-and-new-paths,post,607,126167,0.12032222747802734,3.055024914,fixed,1,access-plus-rate-deterministic,5,32
2,8,1,8192,1048576,1048576,cycle,8,random,os-getrandom,random-old-and-new-paths,post,608,120539,0.11495494842529297,3.120859524,fixed,1,access-plus-rate-deterministic,5,32
2,8,1,8192,1048576,1048576,cycle,8,random,os-getrandom,random-old-and-new-paths,post,609,114816,0.10949707031250000,3.191035825,fixed,1,access-plus-rate-deterministic,5,32
2,8,1,8192,1048576,1048576,cycle,8,random,os-getrandom,random-old-and-new-paths,post,610,109297,0.10423374176025391,3.262105723,fixed,1,access-plus-rate-deterministic,5,32
2,8,1,8192,1048576,1048576,cycle,8,random,os-getrandom,random-old-and-new-paths,post,611,103904,0.09909057617187500,3.335108331,fixed,1,access-plus-rate-deterministic,5,32
2,8,1,8192,1048576,1048576,cycle,8,random,os-getrandom,random-old-and-new-paths,post,612,98473,0.09391117095947266,3.412559410,fixed,1,access-plus-rate-deterministic,5,32
2,8,1,8192,1048576,1048576,cycle,8,random,os-getrandom,random-old-and-new-paths,post,613,93283,0.08896160125732422,3.490673434,fixed,1,access-plus-rate-deterministic,5,32
2,8,1,8192,1048576,1048576,cycle,8,random,os-getrandom,random-old-and-new-paths,post,614,88413,0.08431720733642578,3.568029105,fixed,1,access-plus-rate-deterministic,5,32
2,8,1,8192,1048576,1048576,cycle,8,random,os-getrandom,random-old-and-new-paths,post,615,83735,0.07985591888427734,3.646456846,fixed,1,access-plus-rate-deterministic,5,32
2,8,1,8192,1048576,1048576,cycle,8,random,os-getrandom,random-old-and-new-paths,post,616,79278,0.07560539245605469,3.725367053,fixed,1,access-plus-rate-deterministic,5,32
2,8,1,8192,1048576,1048576,cycle,8,random,os-getrandom,random-old-and-new-paths,post,617,75126,0.07164573669433594,3.802975331,fixed,1,access-plus-rate-deterministic,5,32
2,8,1,8192,1048576,1048576,cycle,8,random,os-getrandom,random-old-and-new-paths,post,618,71192,0.06789398193359375,3.880572489,fixed,1,access-plus-rate-deterministic,5,32
2,8,1,8192,1048576,1048576,cycle,8,random,os-getrandom,random-old-and-new-paths,post,619,67450,0.06432533264160156,3.958469177,fixed,1,access-plus-rate-deterministic,5,32
2,8,1,8192,1048576,1048576,cycle,8,random,os-getrandom,random-old-and-new-paths,post,620,63901,0.06094074249267578,4.036449112,fixed,1,access-plus-rate-deterministic,5,32
2,8,1,8192,1048576,1048576,cycle,8,random,os-getrandom,random-old-and-new-paths,post,621,60295,0.05750179290771484,4.120249250,fixed,1,access-plus-rate-deterministic,5,32
2,8,1,8192,1048576,1048576,cycle,8,random,os-getrandom,random-old-and-new-paths,post,622,56721,0.05409336090087891,4.208404653,fixed,1,access-plus-rate-deterministic,5,32
2,8,1,8192,1048576,1048576,cycle,8,random,os-getrandom,random-old-and-new-paths,post,623,53190,0.05072593688964844,4.301132583,fixed,1,access-plus-rate-deterministic,5,32
2,8,1,8192,1048576,1048576,cycle,8,random,os-getrandom,random-old-and-new-paths,post,624,49791,0.04748439788818359,4.396402630,fixed,1,access-plus-rate-deterministic,5,32
2,8,1,8192,1048576,1048576,cycle,8,random,os-getrandom,random-old-and-new-paths,post,625,46614,0.04445457458496094,4.491524303,fixed,1,access-plus-rate-deterministic,5,32
2,8,1,8192,1048576,1048576,cycle,8,random,os-getrandom,random-old-and-new-paths,post,626,43577,0.04155826568603516,4.588720741,fixed,1,access-plus-rate-deterministic,5,32
2,8,1,8192,1048576,1048576,cycle,8,random,os-getrandom,random-old-and-new-paths,post,627,40751,0.03886318206787109,4.685452158,fixed,1,access-plus-rate-deterministic,5,32
2,8,1,8192,1048576,1048576,cycle,8,random,os-getrandom,random-old-and-new-paths,post,628,38065,0.03630161285400391,4.783822542,fixed,1,access-plus-rate-deterministic,5,32
2,8,1,8192,1048576,1048576,cycle,8,random,os-getrandom,random-old-and-new-paths,post,629,35710,0.03405570983886719,4.875959487,fixed,1,access-plus-rate-deterministic,5,32
2,8,1,8192,1048576,1048576,cycle,8,random,os-getrandom,random-old-and-new-paths,post,630,33636,0.03207778930664062,4.962281470,fixed,1,access-plus-rate-deterministic,5,32
2,8,1,8192,1048576,1048576,cycle,8,random,os-getrandom,random-old-and-new-paths,post,631,31781,0.03030872344970703,5.044123100,fixed,1,access-plus-rate-deterministic,5,32
2,8,1,8192,1048576,1048576,cycle,8,random,os-getrandom,random-old-and-new-paths,post,632,30166,0.02876853942871094,5.119364212,fixed,1,access-plus-rate-deterministic,5,32
2,8,1,8192,1048576,1048576,cycle,8,random,os-getrandom,random-old-and-new-paths,post,633,28637,0.02731037139892578,5.194407256,fixed,1,access-plus-rate-deterministic,5,32
2,8,1,8192,1048576,1048576,cycle,8,random,os-getrandom,random-old-and-new-paths,post,634,27211,0.02595043182373047,5.268097644,fixed,1,access-plus-rate-deterministic,5,32
2,8,1,8192,1048576,1048576,cycle,8,random,os-getrandom,random-old-and-new-paths,post,635,25799,0.02460384368896484,5.344972474,fixed,1,access-plus-rate-deterministic,5,32
2,8,1,8192,1048576,1048576,cycle,8,random,os-getrandom,random-old-and-new-paths,post,636,24352,0.02322387695312500,5.428247356,fixed,1,access-plus-rate-deterministic,5,32
2,8,1,8192,1048576,1048576,cycle,8,random,os-getrandom,random-old-and-new-paths,post,637,22864,0.02180480957031250,5.519209799,fixed,1,access-plus-rate-deterministic,5,32
2,8,1,8192,1048576,1048576,cycle,8,random,os-getrandom,random-old-and-new-paths,post,638,21476,0.02048110961914062,5.609562310,fixed,1,access-plus-rate-deterministic,5,32
2,8,1,8192,1048576,1048576,cycle,8,random,os-getrandom,random-old-and-new-paths,post,639,20202,0.01926612854003906,5.697789493,fixed,1,access-plus-rate-deterministic,5,32
2,8,1,8192,1048576,1048576,cycle,8,random,os-getrandom,random-old-and-new-paths,post,640,19139,0.01825237274169922,5.775772169,fixed,1,access-plus-rate-deterministic,5,32
2,8,1,8192,1048576,1048576,cycle,8,random,os-getrandom,random-old-and-new-paths,post,641,18169,0.01732730865478516,5.850808603,fixed,1,access-plus-rate-deterministic,5,32
2,8,1,8192,1048576,1048576,cycle,8,random,os-getrandom,random-old-and-new-paths,post,642,17323,0.01652050018310547,5.919598823,fixed,1,access-plus-rate-deterministic,5,32
2,8,1,8192,1048576,1048576,cycle,8,random,os-getrandom,random-old-and-new-paths,post,643,16509,0.01574420928955078,5.989034886,fixed,1,access-plus-rate-deterministic,5,32
2,8,1,8192,1048576,1048576,cycle,8,random,os-getrandom,random-old-and-new-paths,post,644,15729,0.01500034332275391,6.058860669,fixed,1,access-plus-rate-deterministic,5,32
2,8,1,8192,1048576,1048576,cycle,8,random,os-getrandom,random-old-and-new-paths,post,645,15008,0.01431274414062500,6.126555887,fixed,1,access-plus-rate-deterministic,5,32
2,8,1,8192,1048576,1048576,cycle,8,random,os-getrandom,random-old-and-new-paths,post,646,14358,0.01369285583496094,6.190432818,fixed,1,access-plus-rate-deterministic,5,32
2,8,1,8192,1048576,1048576,cycle,8,random,os-getrandom,random-old-and-new-paths,post,647,13807,0.01316738128662109,6.246887737,fixed,1,access-plus-rate-deterministic,5,32
2,8,1,8192,1048576,1048576,cycle,8,random,os-getrandom,random-old-and-new-paths,post,648,13316,0.01269912719726562,6.299126845,fixed,1,access-plus-rate-deterministic,5,32
2,8,1,8192,1048576,1048576,cycle,8,random,os-getrandom,random-old-and-new-paths,post,649,12861,0.01226520538330078,6.349284797,fixed,1,access-plus-rate-deterministic,5,32
2,8,1,8192,1048576,1048576,cycle,8,random,os-getrandom,random-old-and-new-paths,post,650,12419,0.01184368133544922,6.399738611,fixed,1,access-plus-rate-deterministic,5,32
2,8,1,8192,1048576,1048576,cycle,8,random,os-getrandom,random-old-and-new-paths,post,651,11989,0.01143360137939453,6.450576292,fixed,1,access-plus-rate-deterministic,5,32
2,8,1,8192,1048576,1048576,cycle,8,random,os-getrandom,random-old-and-new-paths,post,652,11536,0.01100158691406250,6.506144551,fixed,1,access-plus-rate-deterministic,5,32
2,8,1,8192,1048576,1048576,cycle,8,random,os-getrandom,random-old-and-new-paths,post,653,11082,0.01056861877441406,6.564069348,fixed,1,access-plus-rate-deterministic,5,32
2,8,1,8192,1048576,1048576,cycle,8,random,os-getrandom,random-old-and-new-paths,post,654,10613,0.01012134552001953,6.626455097,fixed,1,access-plus-rate-deterministic,5,32
2,8,1,8192,1048576,1048576,cycle,8,random,os-getrandom,random-old-and-new-paths,post,655,10135,0.00966548919677734,6.692941532,fixed,1,access-plus-rate-deterministic,5,32
2,8,1,8192,1048576,1048576,cycle,8,random,os-getrandom,random-old-and-new-paths,post,656,9639,0.00919246673583984,6.765332234,fixed,1,access-plus-rate-deterministic,5,32
2,8,1,8192,1048576,1048576,cycle,8,random,os-getrandom,random-old-and-new-paths,post,657,9114,0.00869178771972656,6.846131345,fixed,1,access-plus-rate-deterministic,5,32
2,8,1,8192,1048576,1048576,cycle,8,random,os-getrandom,random-old-and-new-paths,post,658,8560,0.00816345214843750,6.936604919,fixed,1,access-plus-rate-deterministic,5,32
2,8,1,8192,1048576,1048576,cycle,8,random,os-getrandom,random-old-and-new-paths,post,659,8019,0.00764751434326172,7.030793377,fixed,1,access-plus-rate-deterministic,5,32
2,8,1,8192,1048576,1048576,cycle,8,random,os-getrandom,random-old-and-new-paths,post,660,7486,0.00713920593261719,7.130020667,fixed,1,access-plus-rate-deterministic,5,32
2,8,1,8192,1048576,1048576,cycle,8,random,os-getrandom,random-old-and-new-paths,post,661,6924,0.00660324096679688,7.242609991,fixed,1,access-plus-rate-deterministic,5,32
2,8,1,8192,1048576,1048576,cycle,8,random,os-getrandom,random-old-and-new-paths,post,662,6369,0.00607395172119141,7.363148843,fixed,1,access-plus-rate-deterministic,5,32
2,8,1,8192,1048576,1048576,cycle,8,random,os-getrandom,random-old-and-new-paths,post,663,5831,0.00556087493896484,7.490472393,fixed,1,access-plus-rate-deterministic,5,32
2,8,1,8192,1048576,1048576,cycle,8,random,os-getrandom,random-old-and-new-paths,post,664,5303,0.00505733489990234,7.627406967,fixed,1,access-plus-rate-deterministic,5,32
2,8,1,8192,1048576,1048576,cycle,8,random,os-getrandom,random-old-and-new-paths,post,665,4792,0.00457000732421875,7.773587807,fixed,1,access-plus-rate-deterministic,5,32
2,8,1,8192,1048576,1048576,cycle,8,random,os-getrandom,random-old-and-new-paths,post,666,4252,0.00405502319335938,7.946074118,fixed,1,access-plus-rate-deterministic,5,32
2,8,1,8192,1048576,1048576,cycle,8,random,os-getrandom,random-old-and-new-paths,post,667,3747,0.00357341766357422,8.128479738,fixed,1,access-plus-rate-deterministic,5,32
2,8,1,8192,1048576,1048576,cycle,8,random,os-getrandom,random-old-and-new-paths,post,668,3311,0.00315761566162109,8.306948705,fixed,1,access-plus-rate-deterministic,5,32
2,8,1,8192,1048576,1048576,cycle,8,random,os-getrandom,random-old-and-new-paths,post,669,2905,0.00277042388916016,8.495677552,fixed,1,access-plus-rate-deterministic,5,32
2,8,1,8192,1048576,1048576,cycle,8,random,os-getrandom,random-old-and-new-paths,post,670,2574,0.00245475769042969,8.670203662,fixed,1,access-plus-rate-deterministic,5,32
2,8,1,8192,1048576,1048576,cycle,8,random,os-getrandom,random-old-and-new-paths,post,671,2296,0.00218963623046875,8.835093073,fixed,1,access-plus-rate-deterministic,5,32
2,8,1,8192,1048576,1048576,cycle,8,random,os-getrandom,random-old-and-new-paths,post,672,2082,0.00198554992675781,8.976245647,fixed,1,access-plus-rate-deterministic,5,32
2,8,1,8192,1048576,1048576,cycle,8,random,os-getrandom,random-old-and-new-paths,post,673,1934,0.00184440612792969,9.082627921,fixed,1,access-plus-rate-deterministic,5,32
2,8,1,8192,1048576,1048576,cycle,8,random,os-getrandom,random-old-and-new-paths,post,674,1819,0.00173473358154297,9.171070172,fixed,1,access-plus-rate-deterministic,5,32
2,8,1,8192,1048576,1048576,cycle,8,random,os-getrandom,random-old-and-new-paths,post,675,1712,0.00163269042968750,9.258533014,fixed,1,access-plus-rate-deterministic,5,32
2,8,1,8192,1048576,1048576,cycle,8,random,os-getrandom,random-old-and-new-paths,post,676,1626,0.00155067443847656,9.332888458,fixed,1,access-plus-rate-deterministic,5,32
2,8,1,8192,1048576,1048576,cycle,8,random,os-getrandom,random-old-and-new-paths,post,677,1565,0.00149250030517578,9.388053058,fixed,1,access-plus-rate-deterministic,5,32
2,8,1,8192,1048576,1048576,cycle,8,random,os-getrandom,random-old-and-new-paths,post,678,1496,0.00142669677734375,9.453105540,fixed,1,access-plus-rate-deterministic,5,32
2,8,1,8192,1048576,1048576,cycle,8,random,os-getrandom,random-old-and-new-paths,post,679,1424,0.00135803222656250,9.524266569,fixed,1,access-plus-rate-deterministic,5,32
2,8,1,8192,1048576,1048576,cycle,8,random,os-getrandom,random-old-and-new-paths,post,680,1338,0.00127601623535156,9.614137599,fixed,1,access-plus-rate-deterministic,5,32
2,8,1,8192,1048576,1048576,cycle,8,random,os-getrandom,random-old-and-new-paths,post,681,1270,0.00121116638183594,9.689387218,fixed,1,access-plus-rate-deterministic,5,32
2,8,1,8192,1048576,1048576,cycle,8,random,os-getrandom,random-old-and-new-paths,post,682,1190,0.00113487243652344,9.783254142,fixed,1,access-plus-rate-deterministic,5,32
2,8,1,8192,1048576,1048576,cycle,8,random,os-getrandom,random-old-and-new-paths,post,683,1119,0.00106716156005859,9.872005679,fixed,1,access-plus-rate-deterministic,5,32
2,8,1,8192,1048576,1048576,cycle,8,random,os-getrandom,random-old-and-new-paths,post,684,1046,0.00099754333496094,9.969332864,fixed,1,access-plus-rate-deterministic,5,32
2,8,1,8192,1048576,1048576,cycle,8,random,os-getrandom,random-old-and-new-paths,post,685,971,0.00092601776123047,10.076672515,fixed,1,access-plus-rate-deterministic,5,32
2,8,1,8192,1048576,1048576,cycle,8,random,os-getrandom,random-old-and-new-paths,post,686,883,0.00084209442138672,10.213730372,fixed,1,access-plus-rate-deterministic,5,32
2,8,1,8192,1048576,1048576,cycle,8,random,os-getrandom,random-old-and-new-paths,post,687,798,0.00076103210449219,10.359755064,fixed,1,access-plus-rate-deterministic,5,32
2,8,1,8192,1048576,1048576,cycle,8,random,os-getrandom,random-old-and-new-paths,post,688,724,0.00069046020507812,10.500154113,fixed,1,access-plus-rate-deterministic,5,32
2,8,1,8192,1048576,1048576,cycle,8,random,os-getrandom,random-old-and-new-paths,post,689,668,0.00063705444335938,10.616295708,fixed,1,access-plus-rate-deterministic,5,32
2,8,1,8192,1048576,1048576,cycle,8,random,os-getrandom,random-old-and-new-paths,post,690,610,0.00058174133300781,10.747334568,fixed,1,access-plus-rate-deterministic,5,32
2,8,1,8192,1048576,1048576,cycle,8,random,os-getrandom,random-old-and-new-paths,post,691,553,0.00052738189697266,10.888864330,fixed,1,access-plus-rate-deterministic,5,32
2,8,1,8192,1048576,1048576,cycle,8,random,os-getrandom,random-old-and-new-paths,post,692,494,0.00047111511230469,11.051632768,fixed,1,access-plus-rate-deterministic,5,32
2,8,1,8192,1048576,1048576,cycle,8,random,os-getrandom,random-old-and-new-paths,post,693,412,0.00039291381835938,11.313499473,fixed,1,access-plus-rate-deterministic,5,32
2,8,1,8192,1048576,1048576,cycle,8,random,os-getrandom,random-old-and-new-paths,post,694,336,0.00032043457031250,11.607682577,fixed,1,access-plus-rate-deterministic,5,32
2,8,1,8192,1048576,1048576,cycle,8,random,os-getrandom,random-old-and-new-paths,post,695,260,0.00024795532226562,11.977632187,fixed,1,access-plus-rate-deterministic,5,32
2,8,1,8192,1048576,1048576,cycle,8,random,os-getrandom,random-old-and-new-paths,post,696,186,0.00017738342285156,12.460841189,fixed,1,access-plus-rate-deterministic,5,32
2,8,1,8192,1048576,1048576,cycle,8,random,os-getrandom,random-old-and-new-paths,post,697,127,0.00012111663818359,13.011315313,fixed,1,access-plus-rate-deterministic,5,32
2,8,1,8192,1048576,1048576,cycle,8,random,os-getrandom,random-old-and-new-paths,post,698,78,0.00007438659667969,13.714597781,fixed,1,access-plus-rate-deterministic,5,32
2,8,1,8192,1048576,1048576,cycle,8,random,os-getrandom,random-old-and-new-paths,post,699,47,0.00004482269287109,14.445411148,fixed,1,access-plus-rate-deterministic,5,32
2,8,1,8192,1048576,1048576,cycle,8,random,os-getrandom,random-old-and-new-paths,post,700,26,0.00002479553222656,15.299560282,fixed,1,access-plus-rate-deterministic,5,32
2,8,1,8192,1048576,1048576,cycle,8,random,os-getrandom,random-old-and-new-paths,post,701,14,0.00001335144042969,16.192645078,fixed,1,access-plus-rate-deterministic,5,32
2,8,1,8192,1048576,1048576,cycle,8,random,os-getrandom,random-old-and-new-paths,post,702,6,0.00000572204589844,17.415037499,fixed,1,access-plus-rate-deterministic,5,32
2,8,1,8192,1048576,1048576,cycle,8,random,os-getrandom,random-old-and-new-paths,post,703,2,0.00000190734863281,19.000000000,fixed,1,access-plus-rate-deterministic,5,32
2,8,1,8192,1048576,1048576,cycle,8,random,os-getrandom,random-old-and-new-paths,post,704,1,0.00000095367431641,20.000000000,fixed,1,access-plus-rate-deterministic,5,32
2,8,1,8192,1048576,1048576,cycle,8,random,os-getrandom,random-old-and-new-paths,post,705,0,0.00000000000000000,inf,fixed,1,access-plus-rate-deterministic,5,32
2,8,1,8192,1048576,1048576,cycle,8,random,os-getrandom,random-old-and-new-paths,insertion,0,1048576,1.00000000000000000,-0.000000000,fixed,1,access-plus-rate-deterministic,5,32
2,8,1,8192,1048576,1048576,cycle,8,random,os-getrandom,random-old-and-new-paths,insertion,1,1048576,1.00000000000000000,-0.000000000,fixed,1,access-plus-rate-deterministic,5,32
2,8,1,8192,1048576,1048576,cycle,8,random,os-getrandom,random-old-and-new-paths,insertion,2,1048576,1.00000000000000000,-0.000000000,fixed,1,access-plus-rate-deterministic,5,32
2,8,1,8192,1048576,1048576,cycle,8,random,os-getrandom,random-old-and-new-paths,insertion,3,1048576,1.00000000000000000,-0.000000000,fixed,1,access-plus-rate-deterministic,5,32
2,8,1,8192,1048576,1048576,cycle,8,random,os-getrandom,random-old-and-new-paths,insertion,4,1048576,1.00000000000000000,-0.000000000,fixed,1,access-plus-rate-deterministic,5,32
2,8,1,8192,1048576,1048576,cycle,8,random,os-getrandom,random-old-and-new-paths,insertion,5,1048576,1.00000000000000000,-0.000000000,fixed,1,access-plus-rate-deterministic,5,32
2,8,1,8192,1048576,1048576,cycle,8,random,os-getrandom,random-old-and-new-paths,insertion,6,1048576,1.00000000000000000,-0.000000000,fixed,1,access-plus-rate-deterministic,5,32
2,8,1,8192,1048576,1048576,cycle,8,random,os-getrandom,random-old-and-new-paths,insertion,7,1048576,1.00000000000000000,-0.000000000,fixed,1,access-plus-rate-deterministic,5,32
2,8,1,8192,1048576,1048576,cycle,8,random,os-getrandom,random-old-and-new-paths,insertion,8,1048576,1.00000000000000000,-0.000000000,fixed,1,access-plus-rate-deterministic,5,32
2,8,1,8192,1048576,1048576,cycle,8,random,os-getrandom,random-old-and-new-paths,insertion,9,1048576,1.00000000000000000,-0.000000000,fixed,1,access-plus-rate-deterministic,5,32
2,8,1,8192,1048576,1048576,cycle,8,random,os-getrandom,random-old-and-new-paths,insertion,10,1048576,1.00000000000000000,-0.000000000,fixed,1,access-plus-rate-deterministic,5,32
2,8,1,8192,1048576,1048576,cycle,8,random,os-getrandom,random-old-and-new-paths,insertion,11,1048576,1.00000000000000000,-0.000000000,fixed,1,access-plus-rate-deterministic,5,32
2,8,1,8192,1048576,1048576,cycle,8,random,os-getrandom,random-old-and-new-paths,insertion,12,1048576,1.00000000000000000,-0.000000000,fixed,1,access-plus-rate-deterministic,5,32
2,8,1,8192,1048576,1048576,cycle,8,random,os-getrandom,random-old-and-new-paths,insertion,13,1048576,1.00000000000000000,-0.000000000,fixed,1,access-plus-rate-deterministic,5,32
2,8,1,8192,1048576,1048576,cycle,8,random,os-getrandom,random-old-and-new-paths,insertion,14,1048576,1.00000000000000000,-0.000000000,fixed,1,access-plus-rate-deterministic,5,32
2,8,1,8192,1048576,1048576,cycle,8,random,os-getrandom,random-old-and-new-paths,insertion,15,1048576,1.00000000000000000,-0.000000000,fixed,1,access-plus-rate-deterministic,5,32
2,8,1,8192,1048576,1048576,cycle,8,random,os-getrandom,random-old-and-new-paths,insertion,16,1048576,1.00000000000000000,-0.000000000,fixed,1,access-plus-rate-deterministic,5,32
2,8,1,8192,1048576,1048576,cycle,8,random,os-getrandom,random-old-and-new-paths,insertion,17,1048576,1.00000000000000000,-0.000000000,fixed,1,access-plus-rate-deterministic,5,32
2,8,1,8192,1048576,1048576,cycle,8,random,os-getrandom,random-old-and-new-paths,insertion,18,1048576,1.00000000000000000,-0.000000000,fixed,1,access-plus-rate-deterministic,5,32
2,8,1,8192,1048576,1048576,cycle,8,random,os-getrandom,random-old-and-new-paths,insertion,19,1048576,1.00000000000000000,-0.000000000,fixed,1,access-plus-rate-deterministic,5,32
2,8,1,8192,1048576,1048576,cycle,8,random,os-getrandom,random-old-and-new-paths,insertion,20,1048576,1.00000000000000000,-0.000000000,fixed,1,access-plus-rate-deterministic,5,32
2,8,1,8192,1048576,1048576,cycle,8,random,os-getrandom,random-old-and-new-paths,insertion,21,1048576,1.00000000000000000,-0.000000000,fixed,1,access-plus-rate-deterministic,5,32
2,8,1,8192,1048576,1048576,cycle,8,random,os-getrandom,random-old-and-new-paths,insertion,22,1048576,1.00000000000000000,-0.000000000,fixed,1,access-plus-rate-deterministic,5,32
2,8,1,8192,1048576,1048576,cycle,8,random,os-getrandom,random-old-and-new-paths,insertion,23,1048576,1.00000000000000000,-0.000000000,fixed,1,access-plus-rate-deterministic,5,32
2,8,1,8192,1048576,1048576,cycle,8,random,os-getrandom,random-old-and-new-paths,insertion,24,1048576,1.00000000000000000,-0.000000000,fixed,1,access-plus-rate-deterministic,5,32
2,8,1,8192,1048576,1048576,cycle,8,random,os-getrandom,random-old-and-new-paths,insertion,25,1048576,1.00000000000000000,-0.000000000,fixed,1,access-plus-rate-deterministic,5,32
2,8,1,8192,1048576,1048576,cycle,8,random,os-getrandom,random-old-and-new-paths,insertion,26,1048576,1.00000000000000000,-0.000000000,fixed,1,access-plus-rate-deterministic,5,32
2,8,1,8192,1048576,1048576,cycle,8,random,os-getrandom,random-old-and-new-paths,insertion,27,1048576,1.00000000000000000,-0.000000000,fixed,1,access-plus-rate-deterministic,5,32
2,8,1,8192,1048576,1048576,cycle,8,random,os-getrandom,random-old-and-new-paths,insertion,28,1048576,1.00000000000000000,-0.000000000,fixed,1,access-plus-rate-deterministic,5,32
2,8,1,8192,1048576,1048576,cycle,8,random,os-getrandom,random-old-and-new-paths,insertion,29,1048576,1.00000000000000000,-0.000000000,fixed,1,access-plus-rate-deterministic,5,32
2,8,1,8192,1048576,1048576,cycle,8,random,os-getrandom,random-old-and-new-paths,insertion,30,1048576,1.00000000000000000,-0.000000000,fixed,1,access-plus-rate-deterministic,5,32
2,8,1,8192,1048576,1048576,cycle,8,random,os-getrandom,random-old-and-new-paths,insertion,31,1048576,1.00000000000000000,-0.000000000,fixed,1,access-plus-rate-deterministic,5,32
2,8,1,8192,1048576,1048576,cycle,8,random,os-getrandom,random-old-and-new-paths,insertion,32,1048576,1.00000000000000000,-0.000000000,fixed,1,access-plus-rate-deterministic,5,32
2,8,1,8192,1048576,1048576,cycle,8,random,os-getrandom,random-old-and-new-paths,insertion,33,1048576,1.00000000000000000,-0.000000000,fixed,1,access-plus-rate-deterministic,5,32
2,8,1,8192,1048576,1048576,cycle,8,random,os-getrandom,random-old-and-new-paths,insertion,34,1048576,1.00000000000000000,-0.000000000,fixed,1,access-plus-rate-deterministic,5,32
2,8,1,8192,1048576,1048576,cycle,8,random,os-getrandom,random-old-and-new-paths,insertion,35,1048576,1.00000000000000000,-0.000000000,fixed,1,access-plus-rate-deterministic,5,32
2,8,1,8192,1048576,1048576,cycle,8,random,os-getrandom,random-old-and-new-paths,insertion,36,1048576,1.00000000000000000,-0.000000000,fixed,1,access-plus-rate-deterministic,5,32
2,8,1,8192,1048576,1048576,cycle,8,random,os-getrandom,random-old-and-new-paths,insertion,37,1048576,1.00000000000000000,-0.000000000,fixed,1,access-plus-rate-deterministic,5,32
2,8,1,8192,1048576,1048576,cycle,8,random,os-getrandom,random-old-and-new-paths,insertion,38,1048576,1.00000000000000000,-0.000000000,fixed,1,access-plus-rate-deterministic,5,32
2,8,1,8192,1048576,1048576,cycle,8,random,os-getrandom,random-old-and-new-paths,insertion,39,1048576,1.00000000000000000,-0.000000000,fixed,1,access-plus-rate-deterministic,5,32
2,8,1,8192,1048576,1048576,cycle,8,random,os-getrandom,random-old-and-new-paths,insertion,40,1048576,1.00000000000000000,-0.000000000,fixed,1,access-plus-rate-deterministic,5,32
2,8,1,8192,1048576,1048576,cycle,8,random,os-getrandom,random-old-and-new-paths,insertion,41,1048576,1.00000000000000000,-0.000000000,fixed,1,access-plus-rate-deterministic,5,32
2,8,1,8192,1048576,1048576,cycle,8,random,os-getrandom,random-old-and-new-paths,insertion,42,1048576,1.00000000000000000,-0.000000000,fixed,1,access-plus-rate-deterministic,5,32
2,8,1,8192,1048576,1048576,cycle,8,random,os-getrandom,random-old-and-new-paths,insertion,43,1048576,1.00000000000000000,-0.000000000,fixed,1,access-plus-rate-deterministic,5,32
2,8,1,8192,1048576,1048576,cycle,8,random,os-getrandom,random-old-and-new-paths,insertion,44,1048576,1.00000000000000000,-0.000000000,fixed,1,access-plus-rate-deterministic,5,32
2,8,1,8192,1048576,1048576,cycle,8,random,os-getrandom,random-old-and-new-paths,insertion,45,1048576,1.00000000000000000,-0.000000000,fixed,1,access-plus-rate-deterministic,5,32
2,8,1,8192,1048576,1048576,cycle,8,random,os-getrandom,random-old-and-new-paths,insertion,46,1048576,1.00000000000000000,-0.000000000,fixed,1,access-plus-rate-deterministic,5,32
2,8,1,8192,1048576,1048576,cycle,8,random,os-getrandom,random-old-and-new-paths,insertion,47,1048576,1.00000000000000000,-0.000000000,fixed,1,access-plus-rate-deterministic,5,32
2,8,1,8192,1048576,1048576,cycle,8,random,os-getrandom,random-old-and-new-paths,insertion,48,1048576,1.00000000000000000,-0.000000000,fixed,1,access-plus-rate-deterministic,5,32
2,8,1,8192,1048576,1048576,cycle,8,random,os-getrandom,random-old-and-new-paths,insertion,49,1048576,1.00000000000000000,-0.000000000,fixed,1,access-plus-rate-deterministic,5,32
2,8,1,8192,1048576,1048576,cycle,8,random,os-getrandom,random-old-and-new-paths,insertion,50,1048576,1.00000000000000000,-0.000000000,fixed,1,access-plus-rate-deterministic,5,32
2,8,1,8192,1048576,1048576,cycle,8,random,os-getrandom,random-old-and-new-paths,insertion,51,1048576,1.00000000000000000,-0.000000000,fixed,1,access-plus-rate-deterministic,5,32
2,8,1,8192,1048576,1048576,cycle,8,random,os-getrandom,random-old-and-new-paths,insertion,52,1048576,1.00000000000000000,-0.000000000,fixed,1,access-plus-rate-deterministic,5,32
2,8,1,8192,1048576,1048576,cycle,8,random,os-getrandom,random-old-and-new-paths,insertion,53,1048576,1.00000000000000000,-0.000000000,fixed,1,access-plus-rate-deterministic,5,32
2,8,1,8192,1048576,1048576,cycle,8,random,os-getrandom,random-old-and-new-paths,insertion,54,1048576,1.00000000000000000,-0.000000000,fixed,1,access-plus-rate-deterministic,5,32
2,8,1,8192,1048576,1048576,cycle,8,random,os-getrandom,random-old-and-new-paths,insertion,55,1048576,1.00000000000000000,-0.000000000,fixed,1,access-plus-rate-deterministic,5,32
2,8,1,8192,1048576,1048576,cycle,8,random,os-getrandom,random-old-and-new-paths,insertion,56,1048576,1.00000000000000000,-0.000000000,fixed,1,access-plus-rate-deterministic,5,32
2,8,1,8192,1048576,1048576,cycle,8,random,os-getrandom,random-old-and-new-paths,insertion,57,1048576,1.00000000000000000,-0.000000000,fixed,1,access-plus-rate-deterministic,5,32
2,8,1,8192,1048576,1048576,cycle,8,random,os-getrandom,random-old-and-new-paths,insertion,58,1048576,1.00000000000000000,-0.000000000,fixed,1,access-plus-rate-deterministic,5,32
2,8,1,8192,1048576,1048576,cycle,8,random,os-getrandom,random-old-and-new-paths,insertion,59,1048576,1.00000000000000000,-0.000000000,fixed,1,access-plus-rate-deterministic,5,32
2,8,1,8192,1048576,1048576,cycle,8,random,os-getrandom,random-old-and-new-paths,insertion,60,1048576,1.00000000000000000,-0.000000000,fixed,1,access-plus-rate-deterministic,5,32
2,8,1,8192,1048576,1048576,cycle,8,random,os-getrandom,random-old-and-new-paths,insertion,61,1048576,1.00000000000000000,-0.000000000,fixed,1,access-plus-rate-deterministic,5,32
2,8,1,8192,1048576,1048576,cycle,8,random,os-getrandom,random-old-and-new-paths,insertion,62,1048576,1.00000000000000000,-0.000000000,fixed,1,access-plus-rate-deterministic,5,32
2,8,1,8192,1048576,1048576,cycle,8,random,os-getrandom,random-old-and-new-paths,insertion,63,1048576,1.00000000000000000,-0.000000000,fixed,1,access-plus-rate-deterministic,5,32
2,8,1,8192,1048576,1048576,cycle,8,random,os-getrandom,random-old-and-new-paths,insertion,64,1048576,1.00000000000000000,-0.000000000,fixed,1,access-plus-rate-deterministic,5,32
2,8,1,8192,1048576,1048576,cycle,8,random,os-getrandom,random-old-and-new-paths,insertion,65,1048576,1.00000000000000000,-0.000000000,fixed,1,access-plus-rate-deterministic,5,32
2,8,1,8192,1048576,1048576,cycle,8,random,os-getrandom,random-old-and-new-paths,insertion,66,1048576,1.00000000000000000,-0.000000000,fixed,1,access-plus-rate-deterministic,5,32
2,8,1,8192,1048576,1048576,cycle,8,random,os-getrandom,random-old-and-new-paths,insertion,67,1048576,1.00000000000000000,-0.000000000,fixed,1,access-plus-rate-deterministic,5,32
2,8,1,8192,1048576,1048576,cycle,8,random,os-getrandom,random-old-and-new-paths,insertion,68,1048576,1.00000000000000000,-0.000000000,fixed,1,access-plus-rate-deterministic,5,32
2,8,1,8192,1048576,1048576,cycle,8,random,os-getrandom,random-old-and-new-paths,insertion,69,1048576,1.00000000000000000,-0.000000000,fixed,1,access-plus-rate-deterministic,5,32
2,8,1,8192,1048576,1048576,cycle,8,random,os-getrandom,random-old-and-new-paths,insertion,70,1048576,1.00000000000000000,-0.000000000,fixed,1,access-plus-rate-deterministic,5,32
2,8,1,8192,1048576,1048576,cycle,8,random,os-getrandom,random-old-and-new-paths,insertion,71,1048576,1.00000000000000000,-0.000000000,fixed,1,access-plus-rate-deterministic,5,32
2,8,1,8192,1048576,1048576,cycle,8,random,os-getrandom,random-old-and-new-paths,insertion,72,1048576,1.00000000000000000,-0.000000000,fixed,1,access-plus-rate-deterministic,5,32
2,8,1,8192,1048576,1048576,cycle,8,random,os-getrandom,random-old-and-new-paths,insertion,73,1048576,1.00000000000000000,-0.000000000,fixed,1,access-plus-rate-deterministic,5,32
2,8,1,8192,1048576,1048576,cycle,8,random,os-getrandom,random-old-and-new-paths,insertion,74,1048576,1.00000000000000000,-0.000000000,fixed,1,access-plus-rate-deterministic,5,32
2,8,1,8192,1048576,1048576,cycle,8,random,os-getrandom,random-old-and-new-paths,insertion,75,1048576,1.00000000000000000,-0.000000000,fixed,1,access-plus-rate-deterministic,5,32
2,8,1,8192,1048576,1048576,cycle,8,random,os-getrandom,random-old-and-new-paths,insertion,76,1048576,1.00000000000000000,-0.000000000,fixed,1,access-plus-rate-deterministic,5,32
2,8,1,8192,1048576,1048576,cycle,8,random,os-getrandom,random-old-and-new-paths,insertion,77,1048576,1.00000000000000000,-0.000000000,fixed,1,access-plus-rate-deterministic,5,32
2,8,1,8192,1048576,1048576,cycle,8,random,os-getrandom,random-old-and-new-paths,insertion,78,1048576,1.00000000000000000,-0.000000000,fixed,1,access-plus-rate-deterministic,5,32
2,8,1,8192,1048576,1048576,cycle,8,random,os-getrandom,random-old-and-new-paths,insertion,79,1048576,1.00000000000000000,-0.000000000,fixed,1,access-plus-rate-deterministic,5,32
2,8,1,8192,1048576,1048576,cycle,8,random,os-getrandom,random-old-and-new-paths,insertion,80,1048576,1.00000000000000000,-0.000000000,fixed,1,access-plus-rate-deterministic,5,32
2,8,1,8192,1048576,1048576,cycle,8,random,os-getrandom,random-old-and-new-paths,insertion,81,1048576,1.00000000000000000,-0.000000000,fixed,1,access-plus-rate-deterministic,5,32
2,8,1,8192,1048576,1048576,cycle,8,random,os-getrandom,random-old-and-new-paths,insertion,82,1048576,1.00000000000000000,-0.000000000,fixed,1,access-plus-rate-deterministic,5,32
2,8,1,8192,1048576,1048576,cycle,8,random,os-getrandom,random-old-and-new-paths,insertion,83,1048576,1.00000000000000000,-0.000000000,fixed,1,access-plus-rate-deterministic,5,32
2,8,1,8192,1048576,1048576,cycle,8,random,os-getrandom,random-old-and-new-paths,insertion,84,1048576,1.00000000000000000,-0.000000000,fixed,1,access-plus-rate-deterministic,5,32
2,8,1,8192,1048576,1048576,cycle,8,random,os-getrandom,random-old-and-new-paths,insertion,85,1048576,1.00000000000000000,-0.000000000,fixed,1,access-plus-rate-deterministic,5,32
2,8,1,8192,1048576,1048576,cycle,8,random,os-getrandom,random-old-and-new-paths,insertion,86,1048576,1.00000000000000000,-0.000000000,fixed,1,access-plus-rate-deterministic,5,32
2,8,1,8192,1048576,1048576,cycle,8,random,os-getrandom,random-old-and-new-paths,insertion,87,1048576,1.00000000000000000,-0.000000000,fixed,1,access-plus-rate-deterministic,5,32
2,8,1,8192,1048576,1048576,cycle,8,random,os-getrandom,random-old-and-new-paths,insertion,88,1048576,1.00000000000000000,-0.000000000,fixed,1,access-plus-rate-deterministic,5,32
2,8,1,8192,1048576,1048576,cycle,8,random,os-getrandom,random-old-and-new-paths,insertion,89,1048576,1.00000000000000000,-0.000000000,fixed,1,access-plus-rate-deterministic,5,32
2,8,1,8192,1048576,1048576,cycle,8,random,os-getrandom,random-old-and-new-paths,insertion,90,1048576,1.00000000000000000,-0.000000000,fixed,1,access-plus-rate-deterministic,5,32
2,8,1,8192,1048576,1048576,cycle,8,random,os-getrandom,random-old-and-new-paths,insertion,91,1048576,1.00000000000000000,-0.000000000,fixed,1,access-plus-rate-deterministic,5,32
2,8,1,8192,1048576,1048576,cycle,8,random,os-getrandom,random-old-and-new-paths,insertion,92,1048576,1.00000000000000000,-0.000000000,fixed,1,access-plus-rate-deterministic,5,32
2,8,1,8192,1048576,1048576,cycle,8,random,os-getrandom,random-old-and-new-paths,insertion,93,1048576,1.00000000000000000,-0.000000000,fixed,1,access-plus-rate-deterministic,5,32
2,8,1,8192,1048576,1048576,cycle,8,random,os-getrandom,random-old-and-new-paths,insertion,94,1048576,1.00000000000000000,-0.000000000,fixed,1,access-plus-rate-deterministic,5,32
2,8,1,8192,1048576,1048576,cycle,8,random,os-getrandom,random-old-and-new-paths,insertion,95,1048576,1.00000000000000000,-0.000000000,fixed,1,access-plus-rate-deterministic,5,32
2,8,1,8192,1048576,1048576,cycle,8,random,os-getrandom,random-old-and-new-paths,insertion,96,1048576,1.00000000000000000,-0.000000000,fixed,1,access-plus-rate-deterministic,5,32
2,8,1,8192,1048576,1048576,cycle,8,random,os-getrandom,random-old-and-new-paths,insertion,97,1048576,1.00000000000000000,-0.000000000,fixed,1,access-plus-rate-deterministic,5,32
2,8,1,8192,1048576,1048576,cycle,8,random,os-getrandom,random-old-and-new-paths,insertion,98,1048576,1.00000000000000000,-0.000000000,fixed,1,access-plus-rate-deterministic,5,32
2,8,1,8192,1048576,1048576,cycle,8,random,os-getrandom,random-old-and-new-paths,insertion,99,1048576,1.00000000000000000,-0.000000000,fixed,1,access-plus-rate-deterministic,5,32
2,8,1,8192,1048576,1048576,cycle,8,random,os-getrandom,random-old-and-new-paths,insertion,100,1048576,1.00000000000000000,-0.000000000,fixed,1,access-plus-rate-deterministic,5,32
2,8,1,8192,1048576,1048576,cycle,8,random,os-getrandom,random-old-and-new-paths,insertion,101,1048576,1.00000000000000000,-0.000000000,fixed,1,access-plus-rate-deterministic,5,32
2,8,1,8192,1048576,1048576,cycle,8,random,os-getrandom,random-old-and-new-paths,insertion,102,1048576,1.00000000000000000,-0.000000000,fixed,1,access-plus-rate-deterministic,5,32
2,8,1,8192,1048576,1048576,cycle,8,random,os-getrandom,random-old-and-new-paths,insertion,103,1048576,1.00000000000000000,-0.000000000,fixed,1,access-plus-rate-deterministic,5,32
2,8,1,8192,1048576,1048576,cycle,8,random,os-getrandom,random-old-and-new-paths,insertion,104,1048576,1.00000000000000000,-0.000000000,fixed,1,access-plus-rate-deterministic,5,32
2,8,1,8192,1048576,1048576,cycle,8,random,os-getrandom,random-old-and-new-paths,insertion,105,1048576,1.00000000000000000,-0.000000000,fixed,1,access-plus-rate-deterministic,5,32
2,8,1,8192,1048576,1048576,cycle,8,random,os-getrandom,random-old-and-new-paths,insertion,106,1048576,1.00000000000000000,-0.000000000,fixed,1,access-plus-rate-deterministic,5,32
2,8,1,8192,1048576,1048576,cycle,8,random,os-getrandom,random-old-and-new-paths,insertion,107,1048576,1.00000000000000000,-0.000000000,fixed,1,access-plus-rate-deterministic,5,32
2,8,1,8192,1048576,1048576,cycle,8,random,os-getrandom,random-old-and-new-paths,insertion,108,1048576,1.00000000000000000,-0.000000000,fixed,1,access-plus-rate-deterministic,5,32
2,8,1,8192,1048576,1048576,cycle,8,random,os-getrandom,random-old-and-new-paths,insertion,109,1048576,1.00000000000000000,-0.000000000,fixed,1,access-plus-rate-deterministic,5,32
2,8,1,8192,1048576,1048576,cycle,8,random,os-getrandom,random-old-and-new-paths,insertion,110,1048576,1.00000000000000000,-0.000000000,fixed,1,access-plus-rate-deterministic,5,32
2,8,1,8192,1048576,1048576,cycle,8,random,os-getrandom,random-old-and-new-paths,insertion,111,1048576,1.00000000000000000,-0.000000000,fixed,1,access-plus-rate-deterministic,5,32
2,8,1,8192,1048576,1048576,cycle,8,random,os-getrandom,random-old-and-new-paths,insertion,112,1048576,1.00000000000000000,-0.000000000,fixed,1,access-plus-rate-deterministic,5,32
2,8,1,8192,1048576,1048576,cycle,8,random,os-getrandom,random-old-and-new-paths,insertion,113,1048576,1.00000000000000000,-0.000000000,fixed,1,access-plus-rate-deterministic,5,32
2,8,1,8192,1048576,1048576,cycle,8,random,os-getrandom,random-old-and-new-paths,insertion,114,1048576,1.00000000000000000,-0.000000000,fixed,1,access-plus-rate-deterministic,5,32
2,8,1,8192,1048576,1048576,cycle,8,random,os-getrandom,random-old-and-new-paths,insertion,115,1048576,1.00000000000000000,-0.000000000,fixed,1,access-plus-rate-deterministic,5,32
2,8,1,8192,1048576,1048576,cycle,8,random,os-getrandom,random-old-and-new-paths,insertion,116,1048576,1.00000000000000000,-0.000000000,fixed,1,access-plus-rate-deterministic,5,32
2,8,1,8192,1048576,1048576,cycle,8,random,os-getrandom,random-old-and-new-paths,insertion,117,1048576,1.00000000000000000,-0.000000000,fixed,1,access-plus-rate-deterministic,5,32
2,8,1,8192,1048576,1048576,cycle,8,random,os-getrandom,random-old-and-new-paths,insertion,118,1048576,1.00000000000000000,-0.000000000,fixed,1,access-plus-rate-deterministic,5,32
2,8,1,8192,1048576,1048576,cycle,8,random,os-getrandom,random-old-and-new-paths,insertion,119,1048576,1.00000000000000000,-0.000000000,fixed,1,access-plus-rate-deterministic,5,32
2,8,1,8192,1048576,1048576,cycle,8,random,os-getrandom,random-old-and-new-paths,insertion,120,1048576,1.00000000000000000,-0.000000000,fixed,1,access-plus-rate-deterministic,5,32
2,8,1,8192,1048576,1048576,cycle,8,random,os-getrandom,random-old-and-new-paths,insertion,121,1048576,1.00000000000000000,-0.000000000,fixed,1,access-plus-rate-deterministic,5,32
2,8,1,8192,1048576,1048576,cycle,8,random,os-getrandom,random-old-and-new-paths,insertion,122,1048576,1.00000000000000000,-0.000000000,fixed,1,access-plus-rate-deterministic,5,32
2,8,1,8192,1048576,1048576,cycle,8,random,os-getrandom,random-old-and-new-paths,insertion,123,1048576,1.00000000000000000,-0.000000000,fixed,1,access-plus-rate-deterministic,5,32
2,8,1,8192,1048576,1048576,cycle,8,random,os-getrandom,random-old-and-new-paths,insertion,124,1048576,1.00000000000000000,-0.000000000,fixed,1,access-plus-rate-deterministic,5,32
2,8,1,8192,1048576,1048576,cycle,8,random,os-getrandom,random-old-and-new-paths,insertion,125,1048576,1.00000000000000000,-0.000000000,fixed,1,access-plus-rate-deterministic,5,32
2,8,1,8192,1048576,1048576,cycle,8,random,os-getrandom,random-old-and-new-paths,insertion,126,1048576,1.00000000000000000,-0.000000000,fixed,1,access-plus-rate-deterministic,5,32
2,8,1,8192,1048576,1048576,cycle,8,random,os-getrandom,random-old-and-new-paths,insertion,127,1048576,1.00000000000000000,-0.000000000,fixed,1,access-plus-rate-deterministic,5,32
2,8,1,8192,1048576,1048576,cycle,8,random,os-getrandom,random-old-and-new-paths,insertion,128,1048576,1.00000000000000000,-0.000000000,fixed,1,access-plus-rate-deterministic,5,32
2,8,1,8192,1048576,1048576,cycle,8,random,os-getrandom,random-old-and-new-paths,insertion,129,1048576,1.00000000000000000,-0.000000000,fixed,1,access-plus-rate-deterministic,5,32
2,8,1,8192,1048576,1048576,cycle,8,random,os-getrandom,random-old-and-new-paths,insertion,130,1048576,1.00000000000000000,-0.000000000,fixed,1,access-plus-rate-deterministic,5,32
2,8,1,8192,1048576,1048576,cycle,8,random,os-getrandom,random-old-and-new-paths,insertion,131,1048576,1.00000000000000000,-0.000000000,fixed,1,access-plus-rate-deterministic,5,32
2,8,1,8192,1048576,1048576,cycle,8,random,os-getrandom,random-old-and-new-paths,insertion,132,1048576,1.00000000000000000,-0.000000000,fixed,1,access-plus-rate-deterministic,5,32
2,8,1,8192,1048576,1048576,cycle,8,random,os-getrandom,random-old-and-new-paths,insertion,133,1048576,1.00000000000000000,-0.000000000,fixed,1,access-plus-rate-deterministic,5,32
2,8,1,8192,1048576,1048576,cycle,8,random,os-getrandom,random-old-and-new-paths,insertion,134,1048576,1.00000000000000000,-0.000000000,fixed,1,access-plus-rate-deterministic,5,32
2,8,1,8192,1048576,1048576,cycle,8,random,os-getrandom,random-old-and-new-paths,insertion,135,1048576,1.00000000000000000,-0.000000000,fixed,1,access-plus-rate-deterministic,5,32
2,8,1,8192,1048576,1048576,cycle,8,random,os-getrandom,random-old-and-new-paths,insertion,136,1048576,1.00000000000000000,-0.000000000,fixed,1,access-plus-rate-deterministic,5,32
2,8,1,8192,1048576,1048576,cycle,8,random,os-getrandom,random-old-and-new-paths,insertion,137,1048576,1.00000000000000000,-0.000000000,fixed,1,access-plus-rate-deterministic,5,32
2,8,1,8192,1048576,1048576,cycle,8,random,os-getrandom,random-old-and-new-paths,insertion,138,1048576,1.00000000000000000,-0.000000000,fixed,1,access-plus-rate-deterministic,5,32
2,8,1,8192,1048576,1048576,cycle,8,random,os-getrandom,random-old-and-new-paths,insertion,139,1048576,1.00000000000000000,-0.000000000,fixed,1,access-plus-rate-deterministic,5,32
2,8,1,8192,1048576,1048576,cycle,8,random,os-getrandom,random-old-and-new-paths,insertion,140,1048576,1.00000000000000000,-0.000000000,fixed,1,access-plus-rate-deterministic,5,32
2,8,1,8192,1048576,1048576,cycle,8,random,os-getrandom,random-old-and-new-paths,insertion,141,1048576,1.00000000000000000,-0.000000000,fixed,1,access-plus-rate-deterministic,5,32
2,8,1,8192,1048576,1048576,cycle,8,random,os-getrandom,random-old-and-new-paths,insertion,142,1048576,1.00000000000000000,-0.000000000,fixed,1,access-plus-rate-deterministic,5,32
2,8,1,8192,1048576,1048576,cycle,8,random,os-getrandom,random-old-and-new-paths,insertion,143,1048576,1.00000000000000000,-0.000000000,fixed,1,access-plus-rate-deterministic,5,32
2,8,1,8192,1048576,1048576,cycle,8,random,os-getrandom,random-old-and-new-paths,insertion,144,1048576,1.00000000000000000,-0.000000000,fixed,1,access-plus-rate-deterministic,5,32
2,8,1,8192,1048576,1048576,cycle,8,random,os-getrandom,random-old-and-new-paths,insertion,145,1048576,1.00000000000000000,-0.000000000,fixed,1,access-plus-rate-deterministic,5,32
2,8,1,8192,1048576,1048576,cycle,8,random,os-getrandom,random-old-and-new-paths,insertion,146,1048576,1.00000000000000000,-0.000000000,fixed,1,access-plus-rate-deterministic,5,32
2,8,1,8192,1048576,1048576,cycle,8,random,os-getrandom,random-old-and-new-paths,insertion,147,1048576,1.00000000000000000,-0.000000000,fixed,1,access-plus-rate-deterministic,5,32
2,8,1,8192,1048576,1048576,cycle,8,random,os-getrandom,random-old-and-new-paths,insertion,148,1048576,1.00000000000000000,-0.000000000,fixed,1,access-plus-rate-deterministic,5,32
2,8,1,8192,1048576,1048576,cycle,8,random,os-getrandom,random-old-and-new-paths,insertion,149,1048576,1.00000000000000000,-0.000000000,fixed,1,access-plus-rate-deterministic,5,32
2,8,1,8192,1048576,1048576,cycle,8,random,os-getrandom,random-old-and-new-paths,insertion,150,1048576,1.00000000000000000,-0.000000000,fixed,1,access-plus-rate-deterministic,5,32
2,8,1,8192,1048576,1048576,cycle,8,random,os-getrandom,random-old-and-new-paths,insertion,151,1048576,1.00000000000000000,-0.000000000,fixed,1,access-plus-rate-deterministic,5,32
2,8,1,8192,1048576,1048576,cycle,8,random,os-getrandom,random-old-and-new-paths,insertion,152,1048576,1.00000000000000000,-0.000000000,fixed,1,access-plus-rate-deterministic,5,32
2,8,1,8192,1048576,1048576,cycle,8,random,os-getrandom,random-old-and-new-paths,insertion,153,1048576,1.00000000000000000,-0.000000000,fixed,1,access-plus-rate-deterministic,5,32
2,8,1,8192,1048576,1048576,cycle,8,random,os-getrandom,random-old-and-new-paths,insertion,154,1048576,1.00000000000000000,-0.000000000,fixed,1,access-plus-rate-deterministic,5,32
2,8,1,8192,1048576,1048576,cycle,8,random,os-getrandom,random-old-and-new-paths,insertion,155,1048576,1.00000000000000000,-0.000000000,fixed,1,access-plus-rate-deterministic,5,32
2,8,1,8192,1048576,1048576,cycle,8,random,os-getrandom,random-old-and-new-paths,insertion,156,1048576,1.00000000000000000,-0.000000000,fixed,1,access-plus-rate-deterministic,5,32
2,8,1,8192,1048576,1048576,cycle,8,random,os-getrandom,random-old-and-new-paths,insertion,157,1048576,1.00000000000000000,-0.000000000,fixed,1,access-plus-rate-deterministic,5,32
2,8,1,8192,1048576,1048576,cycle,8,random,os-getrandom,random-old-and-new-paths,insertion,158,1048576,1.00000000000000000,-0.000000000,fixed,1,access-plus-rate-deterministic,5,32
2,8,1,8192,1048576,1048576,cycle,8,random,os-getrandom,random-old-and-new-paths,insertion,159,1048576,1.00000000000000000,-0.000000000,fixed,1,access-plus-rate-deterministic,5,32
2,8,1,8192,1048576,1048576,cycle,8,random,os-getrandom,random-old-and-new-paths,insertion,160,1048576,1.00000000000000000,-0.000000000,fixed,1,access-plus-rate-deterministic,5,32
2,8,1,8192,1048576,1048576,cycle,8,random,os-getrandom,random-old-and-new-paths,insertion,161,1048576,1.00000000000000000,-0.000000000,fixed,1,access-plus-rate-deterministic,5,32
2,8,1,8192,1048576,1048576,cycle,8,random,os-getrandom,random-old-and-new-paths,insertion,162,1048576,1.00000000000000000,-0.000000000,fixed,1,access-plus-rate-deterministic,5,32
2,8,1,8192,1048576,1048576,cycle,8,random,os-getrandom,random-old-and-new-paths,insertion,163,1048576,1.00000000000000000,-0.000000000,fixed,1,access-plus-rate-deterministic,5,32
2,8,1,8192,1048576,1048576,cycle,8,random,os-getrandom,random-old-and-new-paths,insertion,164,1048576,1.00000000000000000,-0.000000000,fixed,1,access-plus-rate-deterministic,5,32
2,8,1,8192,1048576,1048576,cycle,8,random,os-getrandom,random-old-and-new-paths,insertion,165,1048576,1.00000000000000000,-0.000000000,fixed,1,access-plus-rate-deterministic,5,32
2,8,1,8192,1048576,1048576,cycle,8,random,os-getrandom,random-old-and-new-paths,insertion,166,1048576,1.00000000000000000,-0.000000000,fixed,1,access-plus-rate-deterministic,5,32
2,8,1,8192,1048576,1048576,cycle,8,random,os-getrandom,random-old-and-new-paths,insertion,167,1048576,1.00000000000000000,-0.000000000,fixed,1,access-plus-rate-deterministic,5,32
2,8,1,8192,1048576,1048576,cycle,8,random,os-getrandom,random-old-and-new-paths,insertion,168,1048576,1.00000000000000000,-0.000000000,fixed,1,access-plus-rate-deterministic,5,32
2,8,1,8192,1048576,1048576,cycle,8,random,os-getrandom,random-old-and-new-paths,insertion,169,1048576,1.00000000000000000,-0.000000000,fixed,1,access-plus-rate-deterministic,5,32
2,8,1,8192,1048576,1048576,cycle,8,random,os-getrandom,random-old-and-new-paths,insertion,170,1048576,1.00000000000000000,-0.000000000,fixed,1,access-plus-rate-deterministic,5,32
2,8,1,8192,1048576,1048576,cycle,8,random,os-getrandom,random-old-and-new-paths,insertion,171,1048576,1.00000000000000000,-0.000000000,fixed,1,access-plus-rate-deterministic,5,32
2,8,1,8192,1048576,1048576,cycle,8,random,os-getrandom,random-old-and-new-paths,insertion,172,1048576,1.00000000000000000,-0.000000000,fixed,1,access-plus-rate-deterministic,5,32
2,8,1,8192,1048576,1048576,cycle,8,random,os-getrandom,random-old-and-new-paths,insertion,173,1048576,1.00000000000000000,-0.000000000,fixed,1,access-plus-rate-deterministic,5,32
2,8,1,8192,1048576,1048576,cycle,8,random,os-getrandom,random-old-and-new-paths,insertion,174,1048576,1.00000000000000000,-0.000000000,fixed,1,access-plus-rate-deterministic,5,32
2,8,1,8192,1048576,1048576,cycle,8,random,os-getrandom,random-old-and-new-paths,insertion,175,1048576,1.00000000000000000,-0.000000000,fixed,1,access-plus-rate-deterministic,5,32
2,8,1,8192,1048576,1048576,cycle,8,random,os-getrandom,random-old-and-new-paths,insertion,176,1048576,1.00000000000000000,-0.000000000,fixed,1,access-plus-rate-deterministic,5,32
2,8,1,8192,1048576,1048576,cycle,8,random,os-getrandom,random-old-and-new-paths,insertion,177,1048576,1.00000000000000000,-0.000000000,fixed,1,access-plus-rate-deterministic,5,32
2,8,1,8192,1048576,1048576,cycle,8,random,os-getrandom,random-old-and-new-paths,insertion,178,1048576,1.00000000000000000,-0.000000000,fixed,1,access-plus-rate-deterministic,5,32
2,8,1,8192,1048576,1048576,cycle,8,random,os-getrandom,random-old-and-new-paths,insertion,179,1048576,1.00000000000000000,-0.000000000,fixed,1,access-plus-rate-deterministic,5,32
2,8,1,8192,1048576,1048576,cycle,8,random,os-getrandom,random-old-and-new-paths,insertion,180,1048576,1.00000000000000000,-0.000000000,fixed,1,access-plus-rate-deterministic,5,32
2,8,1,8192,1048576,1048576,cycle,8,random,os-getrandom,random-old-and-new-paths,insertion,181,1048576,1.00000000000000000,-0.000000000,fixed,1,access-plus-rate-deterministic,5,32
2,8,1,8192,1048576,1048576,cycle,8,random,os-getrandom,random-old-and-new-paths,insertion,182,1048576,1.00000000000000000,-0.000000000,fixed,1,access-plus-rate-deterministic,5,32
2,8,1,8192,1048576,1048576,cycle,8,random,os-getrandom,random-old-and-new-paths,insertion,183,1048576,1.00000000000000000,-0.000000000,fixed,1,access-plus-rate-deterministic,5,32
2,8,1,8192,1048576,1048576,cycle,8,random,os-getrandom,random-old-and-new-paths,insertion,184,1048576,1.00000000000000000,-0.000000000,fixed,1,access-plus-rate-deterministic,5,32
2,8,1,8192,1048576,1048576,cycle,8,random,os-getrandom,random-old-and-new-paths,insertion,185,1048576,1.00000000000000000,-0.000000000,fixed,1,access-plus-rate-deterministic,5,32
2,8,1,8192,1048576,1048576,cycle,8,random,os-getrandom,random-old-and-new-paths,insertion,186,1048576,1.00000000000000000,-0.000000000,fixed,1,access-plus-rate-deterministic,5,32
2,8,1,8192,1048576,1048576,cycle,8,random,os-getrandom,random-old-and-new-paths,insertion,187,1048576,1.00000000000000000,-0.000000000,fixed,1,access-plus-rate-deterministic,5,32
2,8,1,8192,1048576,1048576,cycle,8,random,os-getrandom,random-old-and-new-paths,insertion,188,1048576,1.00000000000000000,-0.000000000,fixed,1,access-plus-rate-deterministic,5,32
2,8,1,8192,1048576,1048576,cycle,8,random,os-getrandom,random-old-and-new-paths,insertion,189,1048576,1.00000000000000000,-0.000000000,fixed,1,access-plus-rate-deterministic,5,32
2,8,1,8192,1048576,1048576,cycle,8,random,os-getrandom,random-old-and-new-paths,insertion,190,1048576,1.00000000000000000,-0.000000000,fixed,1,access-plus-rate-deterministic,5,32
2,8,1,8192,1048576,1048576,cycle,8,random,os-getrandom,random-old-and-new-paths,insertion,191,1048576,1.00000000000000000,-0.000000000,fixed,1,access-plus-rate-deterministic,5,32
2,8,1,8192,1048576,1048576,cycle,8,random,os-getrandom,random-old-and-new-paths,insertion,192,1048576,1.00000000000000000,-0.000000000,fixed,1,access-plus-rate-deterministic,5,32
2,8,1,8192,1048576,1048576,cycle,8,random,os-getrandom,random-old-and-new-paths,insertion,193,1048576,1.00000000000000000,-0.000000000,fixed,1,access-plus-rate-deterministic,5,32
2,8,1,8192,1048576,1048576,cycle,8,random,os-getrandom,random-old-and-new-paths,insertion,194,1048576,1.00000000000000000,-0.000000000,fixed,1,access-plus-rate-deterministic,5,32
2,8,1,8192,1048576,1048576,cycle,8,random,os-getrandom,random-old-and-new-paths,insertion,195,1048576,1.00000000000000000,-0.000000000,fixed,1,access-plus-rate-deterministic,5,32
2,8,1,8192,1048576,1048576,cycle,8,random,os-getrandom,random-old-and-new-paths,insertion,196,1048576,1.00000000000000000,-0.000000000,fixed,1,access-plus-rate-deterministic,5,32
2,8,1,8192,1048576,1048576,cycle,8,random,os-getrandom,random-old-and-new-paths,insertion,197,1048576,1.00000000000000000,-0.000000000,fixed,1,access-plus-rate-deterministic,5,32
2,8,1,8192,1048576,1048576,cycle,8,random,os-getrandom,random-old-and-new-paths,insertion,198,1048576,1.00000000000000000,-0.000000000,fixed,1,access-plus-rate-deterministic,5,32
2,8,1,8192,1048576,1048576,cycle,8,random,os-getrandom,random-old-and-new-paths,insertion,199,1048576,1.00000000000000000,-0.000000000,fixed,1,access-plus-rate-deterministic,5,32
2,8,1,8192,1048576,1048576,cycle,8,random,os-getrandom,random-old-and-new-paths,insertion,200,1048576,1.00000000000000000,-0.000000000,fixed,1,access-plus-rate-deterministic,5,32
2,8,1,8192,1048576,1048576,cycle,8,random,os-getrandom,random-old-and-new-paths,insertion,201,1048576,1.00000000000000000,-0.000000000,fixed,1,access-plus-rate-deterministic,5,32
2,8,1,8192,1048576,1048576,cycle,8,random,os-getrandom,random-old-and-new-paths,insertion,202,1048576,1.00000000000000000,-0.000000000,fixed,1,access-plus-rate-deterministic,5,32
2,8,1,8192,1048576,1048576,cycle,8,random,os-getrandom,random-old-and-new-paths,insertion,203,1048576,1.00000000000000000,-0.000000000,fixed,1,access-plus-rate-deterministic,5,32
2,8,1,8192,1048576,1048576,cycle,8,random,os-getrandom,random-old-and-new-paths,insertion,204,1048576,1.00000000000000000,-0.000000000,fixed,1,access-plus-rate-deterministic,5,32
2,8,1,8192,1048576,1048576,cycle,8,random,os-getrandom,random-old-and-new-paths,insertion,205,1048576,1.00000000000000000,-0.000000000,fixed,1,access-plus-rate-deterministic,5,32
2,8,1,8192,1048576,1048576,cycle,8,random,os-getrandom,random-old-and-new-paths,insertion,206,1048576,1.00000000000000000,-0.000000000,fixed,1,access-plus-rate-deterministic,5,32
2,8,1,8192,1048576,1048576,cycle,8,random,os-getrandom,random-old-and-new-paths,insertion,207,1048576,1.00000000000000000,-0.000000000,fixed,1,access-plus-rate-deterministic,5,32
2,8,1,8192,1048576,1048576,cycle,8,random,os-getrandom,random-old-and-new-paths,insertion,208,1048576,1.00000000000000000,-0.000000000,fixed,1,access-plus-rate-deterministic,5,32
2,8,1,8192,1048576,1048576,cycle,8,random,os-getrandom,random-old-and-new-paths,insertion,209,1048576,1.00000000000000000,-0.000000000,fixed,1,access-plus-rate-deterministic,5,32
2,8,1,8192,1048576,1048576,cycle,8,random,os-getrandom,random-old-and-new-paths,insertion,210,1048576,1.00000000000000000,-0.000000000,fixed,1,access-plus-rate-deterministic,5,32
2,8,1,8192,1048576,1048576,cycle,8,random,os-getrandom,random-old-and-new-paths,insertion,211,1048576,1.00000000000000000,-0.000000000,fixed,1,access-plus-rate-deterministic,5,32
2,8,1,8192,1048576,1048576,cycle,8,random,os-getrandom,random-old-and-new-paths,insertion,212,1048576,1.00000000000000000,-0.000000000,fixed,1,access-plus-rate-deterministic,5,32
2,8,1,8192,1048576,1048576,cycle,8,random,os-getrandom,random-old-and-new-paths,insertion,213,1048576,1.00000000000000000,-0.000000000,fixed,1,access-plus-rate-deterministic,5,32
2,8,1,8192,1048576,1048576,cycle,8,random,os-getrandom,random-old-and-new-paths,insertion,214,1048576,1.00000000000000000,-0.000000000,fixed,1,access-plus-rate-deterministic,5,32
2,8,1,8192,1048576,1048576,cycle,8,random,os-getrandom,random-old-and-new-paths,insertion,215,1048576,1.00000000000000000,-0.000000000,fixed,1,access-plus-rate-deterministic,5,32
2,8,1,8192,1048576,1048576,cycle,8,random,os-getrandom,random-old-and-new-paths,insertion,216,1048576,1.00000000000000000,-0.000000000,fixed,1,access-plus-rate-deterministic,5,32
2,8,1,8192,1048576,1048576,cycle,8,random,os-getrandom,random-old-and-new-paths,insertion,217,1048576,1.00000000000000000,-0.000000000,fixed,1,access-plus-rate-deterministic,5,32
2,8,1,8192,1048576,1048576,cycle,8,random,os-getrandom,random-old-and-new-paths,insertion,218,1048576,1.00000000000000000,-0.000000000,fixed,1,access-plus-rate-deterministic,5,32
2,8,1,8192,1048576,1048576,cycle,8,random,os-getrandom,random-old-and-new-paths,insertion,219,1048576,1.00000000000000000,-0.000000000,fixed,1,access-plus-rate-deterministic,5,32
2,8,1,8192,1048576,1048576,cycle,8,random,os-getrandom,random-old-and-new-paths,insertion,220,1048576,1.00000000000000000,-0.000000000,fixed,1,access-plus-rate-deterministic,5,32
2,8,1,8192,1048576,1048576,cycle,8,random,os-getrandom,random-old-and-new-paths,insertion,221,1048576,1.00000000000000000,-0.000000000,fixed,1,access-plus-rate-deterministic,5,32
2,8,1,8192,1048576,1048576,cycle,8,random,os-getrandom,random-old-and-new-paths,insertion,222,1048576,1.00000000000000000,-0.000000000,fixed,1,access-plus-rate-deterministic,5,32
2,8,1,8192,1048576,1048576,cycle,8,random,os-getrandom,random-old-and-new-paths,insertion,223,1048576,1.00000000000000000,-0.000000000,fixed,1,access-plus-rate-deterministic,5,32
2,8,1,8192,1048576,1048576,cycle,8,random,os-getrandom,random-old-and-new-paths,insertion,224,1048576,1.00000000000000000,-0.000000000,fixed,1,access-plus-rate-deterministic,5,32
2,8,1,8192,1048576,1048576,cycle,8,random,os-getrandom,random-old-and-new-paths,insertion,225,1048576,1.00000000000000000,-0.000000000,fixed,1,access-plus-rate-deterministic,5,32
2,8,1,8192,1048576,1048576,cycle,8,random,os-getrandom,random-old-and-new-paths,insertion,226,1048576,1.00000000000000000,-0.000000000,fixed,1,access-plus-rate-deterministic,5,32
2,8,1,8192,1048576,1048576,cycle,8,random,os-getrandom,random-old-and-new-paths,insertion,227,1048576,1.00000000000000000,-0.000000000,fixed,1,access-plus-rate-deterministic,5,32
2,8,1,8192,1048576,1048576,cycle,8,random,os-getrandom,random-old-and-new-paths,insertion,228,1048576,1.00000000000000000,-0.000000000,fixed,1,access-plus-rate-deterministic,5,32
2,8,1,8192,1048576,1048576,cycle,8,random,os-getrandom,random-old-and-new-paths,insertion,229,1048576,1.00000000000000000,-0.000000000,fixed,1,access-plus-rate-deterministic,5,32
2,8,1,8192,1048576,1048576,cycle,8,random,os-getrandom,random-old-and-new-paths,insertion,230,1048576,1.00000000000000000,-0.000000000,fixed,1,access-plus-rate-deterministic,5,32
2,8,1,8192,1048576,1048576,cycle,8,random,os-getrandom,random-old-and-new-paths,insertion,231,1048576,1.00000000000000000,-0.000000000,fixed,1,access-plus-rate-deterministic,5,32
2,8,1,8192,1048576,1048576,cycle,8,random,os-getrandom,random-old-and-new-paths,insertion,232,1048576,1.00000000000000000,-0.000000000,fixed,1,access-plus-rate-deterministic,5,32
2,8,1,8192,1048576,1048576,cycle,8,random,os-getrandom,random-old-and-new-paths,insertion,233,1048576,1.00000000000000000,-0.000000000,fixed,1,access-plus-rate-deterministic,5,32
2,8,1,8192,1048576,1048576,cycle,8,random,os-getrandom,random-old-and-new-paths,insertion,234,1048576,1.00000000000000000,-0.000000000,fixed,1,access-plus-rate-deterministic,5,32
2,8,1,8192,1048576,1048576,cycle,8,random,os-getrandom,random-old-and-new-paths,insertion,235,1048576,1.00000000000000000,-0.000000000,fixed,1,access-plus-rate-deterministic,5,32
2,8,1,8192,1048576,1048576,cycle,8,random,os-getrandom,random-old-and-new-paths,insertion,236,1048576,1.00000000000000000,-0.000000000,fixed,1,access-plus-rate-deterministic,5,32
2,8,1,8192,1048576,1048576,cycle,8,random,os-getrandom,random-old-and-new-paths,insertion,237,1048576,1.00000000000000000,-0.000000000,fixed,1,access-plus-rate-deterministic,5,32
2,8,1,8192,1048576,1048576,cycle,8,random,os-getrandom,random-old-and-new-paths,insertion,238,1048576,1.00000000000000000,-0.000000000,fixed,1,access-plus-rate-deterministic,5,32
2,8,1,8192,1048576,1048576,cycle,8,random,os-getrandom,random-old-and-new-paths,insertion,239,1048576,1.00000000000000000,-0.000000000,fixed,1,access-plus-rate-deterministic,5,32
2,8,1,8192,1048576,1048576,cycle,8,random,os-getrandom,random-old-and-new-paths,insertion,240,1048576,1.00000000000000000,-0.000000000,fixed,1,access-plus-rate-deterministic,5,32
2,8,1,8192,1048576,1048576,cycle,8,random,os-getrandom,random-old-and-new-paths,insertion,241,1048576,1.00000000000000000,-0.000000000,fixed,1,access-plus-rate-deterministic,5,32
2,8,1,8192,1048576,1048576,cycle,8,random,os-getrandom,random-old-and-new-paths,insertion,242,1048576,1.00000000000000000,-0.000000000,fixed,1,access-plus-rate-deterministic,5,32
2,8,1,8192,1048576,1048576,cycle,8,random,os-getrandom,random-old-and-new-paths,insertion,243,1048576,1.00000000000000000,-0.000000000,fixed,1,access-plus-rate-deterministic,5,32
2,8,1,8192,1048576,1048576,cycle,8,random,os-getrandom,random-old-and-new-paths,insertion,244,1048576,1.00000000000000000,-0.000000000,fixed,1,access-plus-rate-deterministic,5,32
2,8,1,8192,1048576,1048576,cycle,8,random,os-getrandom,random-old-and-new-paths,insertion,245,1048576,1.00000000000000000,-0.000000000,fixed,1,access-plus-rate-deterministic,5,32
2,8,1,8192,1048576,1048576,cycle,8,random,os-getrandom,random-old-and-new-paths,insertion,246,1048576,1.00000000000000000,-0.000000000,fixed,1,access-plus-rate-deterministic,5,32
2,8,1,8192,1048576,1048576,cycle,8,random,os-getrandom,random-old-and-new-paths,insertion,247,1048576,1.00000000000000000,-0.000000000,fixed,1,access-plus-rate-deterministic,5,32
2,8,1,8192,1048576,1048576,cycle,8,random,os-getrandom,random-old-and-new-paths,insertion,248,1048576,1.00000000000000000,-0.000000000,fixed,1,access-plus-rate-deterministic,5,32
2,8,1,8192,1048576,1048576,cycle,8,random,os-getrandom,random-old-and-new-paths,insertion,249,1048576,1.00000000000000000,-0.000000000,fixed,1,access-plus-rate-deterministic,5,32
2,8,1,8192,1048576,1048576,cycle,8,random,os-getrandom,random-old-and-new-paths,insertion,250,1048576,1.00000000000000000,-0.000000000,fixed,1,access-plus-rate-deterministic,5,32
2,8,1,8192,1048576,1048576,cycle,8,random,os-getrandom,random-old-and-new-paths,insertion,251,1048576,1.00000000000000000,-0.000000000,fixed,1,access-plus-rate-deterministic,5,32
2,8,1,8192,1048576,1048576,cycle,8,random,os-getrandom,random-old-and-new-paths,insertion,252,1048576,1.00000000000000000,-0.000000000,fixed,1,access-plus-rate-deterministic,5,32
2,8,1,8192,1048576,1048576,cycle,8,random,os-getrandom,random-old-and-new-paths,insertion,253,1048576,1.00000000000000000,-0.000000000,fixed,1,access-plus-rate-deterministic,5,32
2,8,1,8192,1048576,1048576,cycle,8,random,os-getrandom,random-old-and-new-paths,insertion,254,1048576,1.00000000000000000,-0.000000000,fixed,1,access-plus-rate-deterministic,5,32
2,8,1,8192,1048576,1048576,cycle,8,random,os-getrandom,random-old-and-new-paths,insertion,255,1048576,1.00000000000000000,-0.000000000,fixed,1,access-plus-rate-deterministic,5,32
2,8,1,8192,1048576,1048576,cycle,8,random,os-getrandom,random-old-and-new-paths,insertion,256,1048576,1.00000000000000000,-0.000000000,fixed,1,access-plus-rate-deterministic,5,32
2,8,1,8192,1048576,1048576,cycle,8,random,os-getrandom,random-old-and-new-paths,insertion,257,1048576,1.00000000000000000,-0.000000000,fixed,1,access-plus-rate-deterministic,5,32
2,8,1,8192,1048576,1048576,cycle,8,random,os-getrandom,random-old-and-new-paths,insertion,258,1048576,1.00000000000000000,-0.000000000,fixed,1,access-plus-rate-deterministic,5,32
2,8,1,8192,1048576,1048576,cycle,8,random,os-getrandom,random-old-and-new-paths,insertion,259,1048576,1.00000000000000000,-0.000000000,fixed,1,access-plus-rate-deterministic,5,32
2,8,1,8192,1048576,1048576,cycle,8,random,os-getrandom,random-old-and-new-paths,insertion,260,1048576,1.00000000000000000,-0.000000000,fixed,1,access-plus-rate-deterministic,5,32
2,8,1,8192,1048576,1048576,cycle,8,random,os-getrandom,random-old-and-new-paths,insertion,261,1048576,1.00000000000000000,-0.000000000,fixed,1,access-plus-rate-deterministic,5,32
2,8,1,8192,1048576,1048576,cycle,8,random,os-getrandom,random-old-and-new-paths,insertion,262,1048576,1.00000000000000000,-0.000000000,fixed,1,access-plus-rate-deterministic,5,32
2,8,1,8192,1048576,1048576,cycle,8,random,os-getrandom,random-old-and-new-paths,insertion,263,1048576,1.00000000000000000,-0.000000000,fixed,1,access-plus-rate-deterministic,5,32
2,8,1,8192,1048576,1048576,cycle,8,random,os-getrandom,random-old-and-new-paths,insertion,264,1048576,1.00000000000000000,-0.000000000,fixed,1,access-plus-rate-deterministic,5,32
2,8,1,8192,1048576,1048576,cycle,8,random,os-getrandom,random-old-and-new-paths,insertion,265,1048576,1.00000000000000000,-0.000000000,fixed,1,access-plus-rate-deterministic,5,32
2,8,1,8192,1048576,1048576,cycle,8,random,os-getrandom,random-old-and-new-paths,insertion,266,1048576,1.00000000000000000,-0.000000000,fixed,1,access-plus-rate-deterministic,5,32
2,8,1,8192,1048576,1048576,cycle,8,random,os-getrandom,random-old-and-new-paths,insertion,267,1048576,1.00000000000000000,-0.000000000,fixed,1,access-plus-rate-deterministic,5,32
2,8,1,8192,1048576,1048576,cycle,8,random,os-getrandom,random-old-and-new-paths,insertion,268,1048576,1.00000000000000000,-0.000000000,fixed,1,access-plus-rate-deterministic,5,32
2,8,1,8192,1048576,1048576,cycle,8,random,os-getrandom,random-old-and-new-paths,insertion,269,1048576,1.00000000000000000,-0.000000000,fixed,1,access-plus-rate-deterministic,5,32
2,8,1,8192,1048576,1048576,cycle,8,random,os-getrandom,random-old-and-new-paths,insertion,270,1048576,1.00000000000000000,-0.000000000,fixed,1,access-plus-rate-deterministic,5,32
2,8,1,8192,1048576,1048576,cycle,8,random,os-getrandom,random-old-and-new-paths,insertion,271,1048576,1.00000000000000000,-0.000000000,fixed,1,access-plus-rate-deterministic,5,32
2,8,1,8192,1048576,1048576,cycle,8,random,os-getrandom,random-old-and-new-paths,insertion,272,1048576,1.00000000000000000,-0.000000000,fixed,1,access-plus-rate-deterministic,5,32
2,8,1,8192,1048576,1048576,cycle,8,random,os-getrandom,random-old-and-new-paths,insertion,273,1048576,1.00000000000000000,-0.000000000,fixed,1,access-plus-rate-deterministic,5,32
2,8,1,8192,1048576,1048576,cycle,8,random,os-getrandom,random-old-and-new-paths,insertion,274,1048576,1.00000000000000000,-0.000000000,fixed,1,access-plus-rate-deterministic,5,32
2,8,1,8192,1048576,1048576,cycle,8,random,os-getrandom,random-old-and-new-paths,insertion,275,1048576,1.00000000000000000,-0.000000000,fixed,1,access-plus-rate-deterministic,5,32
2,8,1,8192,1048576,1048576,cycle,8,random,os-getrandom,random-old-and-new-paths,insertion,276,1048576,1.00000000000000000,-0.000000000,fixed,1,access-plus-rate-deterministic,5,32
2,8,1,8192,1048576,1048576,cycle,8,random,os-getrandom,random-old-and-new-paths,insertion,277,1048576,1.00000000000000000,-0.000000000,fixed,1,access-plus-rate-deterministic,5,32
2,8,1,8192,1048576,1048576,cycle,8,random,os-getrandom,random-old-and-new-paths,insertion,278,1048576,1.00000000000000000,-0.000000000,fixed,1,access-plus-rate-deterministic,5,32
2,8,1,8192,1048576,1048576,cycle,8,random,os-getrandom,random-old-and-new-paths,insertion,279,1048576,1.00000000000000000,-0.000000000,fixed,1,access-plus-rate-deterministic,5,32
2,8,1,8192,1048576,1048576,cycle,8,random,os-getrandom,random-old-and-new-paths,insertion,280,1048576,1.00000000000000000,-0.000000000,fixed,1,access-plus-rate-deterministic,5,32
2,8,1,8192,1048576,1048576,cycle,8,random,os-getrandom,random-old-and-new-paths,insertion,281,1048576,1.00000000000000000,-0.000000000,fixed,1,access-plus-rate-deterministic,5,32
2,8,1,8192,1048576,1048576,cycle,8,random,os-getrandom,random-old-and-new-paths,insertion,282,1048576,1.00000000000000000,-0.000000000,fixed,1,access-plus-rate-deterministic,5,32
2,8,1,8192,1048576,1048576,cycle,8,random,os-getrandom,random-old-and-new-paths,insertion,283,1048576,1.00000000000000000,-0.000000000,fixed,1,access-plus-rate-deterministic,5,32
2,8,1,8192,1048576,1048576,cycle,8,random,os-getrandom,random-old-and-new-paths,insertion,284,1048576,1.00000000000000000,-0.000000000,fixed,1,access-plus-rate-deterministic,5,32
2,8,1,8192,1048576,1048576,cycle,8,random,os-getrandom,random-old-and-new-paths,insertion,285,1048576,1.00000000000000000,-0.000000000,fixed,1,access-plus-rate-deterministic,5,32
2,8,1,8192,1048576,1048576,cycle,8,random,os-getrandom,random-old-and-new-paths,insertion,286,1048576,1.00000000000000000,-0.000000000,fixed,1,access-plus-rate-deterministic,5,32
2,8,1,8192,1048576,1048576,cycle,8,random,os-getrandom,random-old-and-new-paths,insertion,287,1048576,1.00000000000000000,-0.000000000,fixed,1,access-plus-rate-deterministic,5,32
2,8,1,8192,1048576,1048576,cycle,8,random,os-getrandom,random-old-and-new-paths,insertion,288,1048576,1.00000000000000000,-0.000000000,fixed,1,access-plus-rate-deterministic,5,32
2,8,1,8192,1048576,1048576,cycle,8,random,os-getrandom,random-old-and-new-paths,insertion,289,1048576,1.00000000000000000,-0.000000000,fixed,1,access-plus-rate-deterministic,5,32
2,8,1,8192,1048576,1048576,cycle,8,random,os-getrandom,random-old-and-new-paths,insertion,290,1048576,1.00000000000000000,-0.000000000,fixed,1,access-plus-rate-deterministic,5,32
2,8,1,8192,1048576,1048576,cycle,8,random,os-getrandom,random-old-and-new-paths,insertion,291,1048576,1.00000000000000000,-0.000000000,fixed,1,access-plus-rate-deterministic,5,32
2,8,1,8192,1048576,1048576,cycle,8,random,os-getrandom,random-old-and-new-paths,insertion,292,1048576,1.00000000000000000,-0.000000000,fixed,1,access-plus-rate-deterministic,5,32
2,8,1,8192,1048576,1048576,cycle,8,random,os-getrandom,random-old-and-new-paths,insertion,293,1048576,1.00000000000000000,-0.000000000,fixed,1,access-plus-rate-deterministic,5,32
2,8,1,8192,1048576,1048576,cycle,8,random,os-getrandom,random-old-and-new-paths,insertion,294,1048576,1.00000000000000000,-0.000000000,fixed,1,access-plus-rate-deterministic,5,32
2,8,1,8192,1048576,1048576,cycle,8,random,os-getrandom,random-old-and-new-paths,insertion,295,1048576,1.00000000000000000,-0.000000000,fixed,1,access-plus-rate-deterministic,5,32
2,8,1,8192,1048576,1048576,cycle,8,random,os-getrandom,random-old-and-new-paths,insertion,296,1048576,1.00000000000000000,-0.000000000,fixed,1,access-plus-rate-deterministic,5,32
2,8,1,8192,1048576,1048576,cycle,8,random,os-getrandom,random-old-and-new-paths,insertion,297,1048576,1.00000000000000000,-0.000000000,fixed,1,access-plus-rate-deterministic,5,32
2,8,1,8192,1048576,1048576,cycle,8,random,os-getrandom,random-old-and-new-paths,insertion,298,1048576,1.00000000000000000,-0.000000000,fixed,1,access-plus-rate-deterministic,5,32
2,8,1,8192,1048576,1048576,cycle,8,random,os-getrandom,random-old-and-new-paths,insertion,299,1048576,1.00000000000000000,-0.000000000,fixed,1,access-plus-rate-deterministic,5,32
2,8,1,8192,1048576,1048576,cycle,8,random,os-getrandom,random-old-and-new-paths,insertion,300,1048576,1.00000000000000000,-0.000000000,fixed,1,access-plus-rate-deterministic,5,32
2,8,1,8192,1048576,1048576,cycle,8,random,os-getrandom,random-old-and-new-paths,insertion,301,1048576,1.00000000000000000,-0.000000000,fixed,1,access-plus-rate-deterministic,5,32
2,8,1,8192,1048576,1048576,cycle,8,random,os-getrandom,random-old-and-new-paths,insertion,302,1048576,1.00000000000000000,-0.000000000,fixed,1,access-plus-rate-deterministic,5,32
2,8,1,8192,1048576,1048576,cycle,8,random,os-getrandom,random-old-and-new-paths,insertion,303,1048576,1.00000000000000000,-0.000000000,fixed,1,access-plus-rate-deterministic,5,32
2,8,1,8192,1048576,1048576,cycle,8,random,os-getrandom,random-old-and-new-paths,insertion,304,1048576,1.00000000000000000,-0.000000000,fixed,1,access-plus-rate-deterministic,5,32
2,8,1,8192,1048576,1048576,cycle,8,random,os-getrandom,random-old-and-new-paths,insertion,305,1048576,1.00000000000000000,-0.000000000,fixed,1,access-plus-rate-deterministic,5,32
2,8,1,8192,1048576,1048576,cycle,8,random,os-getrandom,random-old-and-new-paths,insertion,306,1048576,1.00000000000000000,-0.000000000,fixed,1,access-plus-rate-deterministic,5,32
2,8,1,8192,1048576,1048576,cycle,8,random,os-getrandom,random-old-and-new-paths,insertion,307,1048576,1.00000000000000000,-0.000000000,fixed,1,access-plus-rate-deterministic,5,32
2,8,1,8192,1048576,1048576,cycle,8,random,os-getrandom,random-old-and-new-paths,insertion,308,1048576,1.00000000000000000,-0.000000000,fixed,1,access-plus-rate-deterministic,5,32
2,8,1,8192,1048576,1048576,cycle,8,random,os-getrandom,random-old-and-new-paths,insertion,309,1048576,1.00000000000000000,-0.000000000,fixed,1,access-plus-rate-deterministic,5,32
2,8,1,8192,1048576,1048576,cycle,8,random,os-getrandom,random-old-and-new-paths,insertion,310,1048576,1.00000000000000000,-0.000000000,fixed,1,access-plus-rate-deterministic,5,32
2,8,1,8192,1048576,1048576,cycle,8,random,os-getrandom,random-old-and-new-paths,insertion,311,1048576,1.00000000000000000,-0.000000000,fixed,1,access-plus-rate-deterministic,5,32
2,8,1,8192,1048576,1048576,cycle,8,random,os-getrandom,random-old-and-new-paths,insertion,312,1048576,1.00000000000000000,-0.000000000,fixed,1,access-plus-rate-deterministic,5,32
2,8,1,8192,1048576,1048576,cycle,8,random,os-getrandom,random-old-and-new-paths,insertion,313,1048576,1.00000000000000000,-0.000000000,fixed,1,access-plus-rate-deterministic,5,32
2,8,1,8192,1048576,1048576,cycle,8,random,os-getrandom,random-old-and-new-paths,insertion,314,1048576,1.00000000000000000,-0.000000000,fixed,1,access-plus-rate-deterministic,5,32
2,8,1,8192,1048576,1048576,cycle,8,random,os-getrandom,random-old-and-new-paths,insertion,315,1048576,1.00000000000000000,-0.000000000,fixed,1,access-plus-rate-deterministic,5,32
2,8,1,8192,1048576,1048576,cycle,8,random,os-getrandom,random-old-and-new-paths,insertion,316,1048576,1.00000000000000000,-0.000000000,fixed,1,access-plus-rate-deterministic,5,32
2,8,1,8192,1048576,1048576,cycle,8,random,os-getrandom,random-old-and-new-paths,insertion,317,1048576,1.00000000000000000,-0.000000000,fixed,1,access-plus-rate-deterministic,5,32
2,8,1,8192,1048576,1048576,cycle,8,random,os-getrandom,random-old-and-new-paths,insertion,318,1048576,1.00000000000000000,-0.000000000,fixed,1,access-plus-rate-deterministic,5,32
2,8,1,8192,1048576,1048576,cycle,8,random,os-getrandom,random-old-and-new-paths,insertion,319,1048576,1.00000000000000000,-0.000000000,fixed,1,access-plus-rate-deterministic,5,32
2,8,1,8192,1048576,1048576,cycle,8,random,os-getrandom,random-old-and-new-paths,insertion,320,1048576,1.00000000000000000,-0.000000000,fixed,1,access-plus-rate-deterministic,5,32
2,8,1,8192,1048576,1048576,cycle,8,random,os-getrandom,random-old-and-new-paths,insertion,321,1048576,1.00000000000000000,-0.000000000,fixed,1,access-plus-rate-deterministic,5,32
2,8,1,8192,1048576,1048576,cycle,8,random,os-getrandom,random-old-and-new-paths,insertion,322,1048576,1.00000000000000000,-0.000000000,fixed,1,access-plus-rate-deterministic,5,32
2,8,1,8192,1048576,1048576,cycle,8,random,os-getrandom,random-old-and-new-paths,insertion,323,1048576,1.00000000000000000,-0.000000000,fixed,1,access-plus-rate-deterministic,5,32
2,8,1,8192,1048576,1048576,cycle,8,random,os-getrandom,random-old-and-new-paths,insertion,324,1048576,1.00000000000000000,-0.000000000,fixed,1,access-plus-rate-deterministic,5,32
2,8,1,8192,1048576,1048576,cycle,8,random,os-getrandom,random-old-and-new-paths,insertion,325,1048576,1.00000000000000000,-0.000000000,fixed,1,access-plus-rate-deterministic,5,32
2,8,1,8192,1048576,1048576,cycle,8,random,os-getrandom,random-old-and-new-paths,insertion,326,1048576,1.00000000000000000,-0.000000000,fixed,1,access-plus-rate-deterministic,5,32
2,8,1,8192,1048576,1048576,cycle,8,random,os-getrandom,random-old-and-new-paths,insertion,327,1048576,1.00000000000000000,-0.000000000,fixed,1,access-plus-rate-deterministic,5,32
2,8,1,8192,1048576,1048576,cycle,8,random,os-getrandom,random-old-and-new-paths,insertion,328,1048576,1.00000000000000000,-0.000000000,fixed,1,access-plus-rate-deterministic,5,32
2,8,1,8192,1048576,1048576,cycle,8,random,os-getrandom,random-old-and-new-paths,insertion,329,1048576,1.00000000000000000,-0.000000000,fixed,1,access-plus-rate-deterministic,5,32
2,8,1,8192,1048576,1048576,cycle,8,random,os-getrandom,random-old-and-new-paths,insertion,330,1048576,1.00000000000000000,-0.000000000,fixed,1,access-plus-rate-deterministic,5,32
2,8,1,8192,1048576,1048576,cycle,8,random,os-getrandom,random-old-and-new-paths,insertion,331,1048576,1.00000000000000000,-0.000000000,fixed,1,access-plus-rate-deterministic,5,32
2,8,1,8192,1048576,1048576,cycle,8,random,os-getrandom,random-old-and-new-paths,insertion,332,1048576,1.00000000000000000,-0.000000000,fixed,1,access-plus-rate-deterministic,5,32
2,8,1,8192,1048576,1048576,cycle,8,random,os-getrandom,random-old-and-new-paths,insertion,333,1048576,1.00000000000000000,-0.000000000,fixed,1,access-plus-rate-deterministic,5,32
2,8,1,8192,1048576,1048576,cycle,8,random,os-getrandom,random-old-and-new-paths,insertion,334,1048576,1.00000000000000000,-0.000000000,fixed,1,access-plus-rate-deterministic,5,32
2,8,1,8192,1048576,1048576,cycle,8,random,os-getrandom,random-old-and-new-paths,insertion,335,1048576,1.00000000000000000,-0.000000000,fixed,1,access-plus-rate-deterministic,5,32
2,8,1,8192,1048576,1048576,cycle,8,random,os-getrandom,random-old-and-new-paths,insertion,336,1048576,1.00000000000000000,-0.000000000,fixed,1,access-plus-rate-deterministic,5,32
2,8,1,8192,1048576,1048576,cycle,8,random,os-getrandom,random-old-and-new-paths,insertion,337,1048576,1.00000000000000000,-0.000000000,fixed,1,access-plus-rate-deterministic,5,32
2,8,1,8192,1048576,1048576,cycle,8,random,os-getrandom,random-old-and-new-paths,insertion,338,1048576,1.00000000000000000,-0.000000000,fixed,1,access-plus-rate-deterministic,5,32
2,8,1,8192,1048576,1048576,cycle,8,random,os-getrandom,random-old-and-new-paths,insertion,339,1048576,1.00000000000000000,-0.000000000,fixed,1,access-plus-rate-deterministic,5,32
2,8,1,8192,1048576,1048576,cycle,8,random,os-getrandom,random-old-and-new-paths,insertion,340,1048576,1.00000000000000000,-0.000000000,fixed,1,access-plus-rate-deterministic,5,32
2,8,1,8192,1048576,1048576,cycle,8,random,os-getrandom,random-old-and-new-paths,insertion,341,1048576,1.00000000000000000,-0.000000000,fixed,1,access-plus-rate-deterministic,5,32
2,8,1,8192,1048576,1048576,cycle,8,random,os-getrandom,random-old-and-new-paths,insertion,342,1048576,1.00000000000000000,-0.000000000,fixed,1,access-plus-rate-deterministic,5,32
2,8,1,8192,1048576,1048576,cycle,8,random,os-getrandom,random-old-and-new-paths,insertion,343,1048576,1.00000000000000000,-0.000000000,fixed,1,access-plus-rate-deterministic,5,32
2,8,1,8192,1048576,1048576,cycle,8,random,os-getrandom,random-old-and-new-paths,insertion,344,1048576,1.00000000000000000,-0.000000000,fixed,1,access-plus-rate-deterministic,5,32
2,8,1,8192,1048576,1048576,cycle,8,random,os-getrandom,random-old-and-new-paths,insertion,345,1048576,1.00000000000000000,-0.000000000,fixed,1,access-plus-rate-deterministic,5,32
2,8,1,8192,1048576,1048576,cycle,8,random,os-getrandom,random-old-and-new-paths,insertion,346,1048576,1.00000000000000000,-0.000000000,fixed,1,access-plus-rate-deterministic,5,32
2,8,1,8192,1048576,1048576,cycle,8,random,os-getrandom,random-old-and-new-paths,insertion,347,1048576,1.00000000000000000,-0.000000000,fixed,1,access-plus-rate-deterministic,5,32
2,8,1,8192,1048576,1048576,cycle,8,random,os-getrandom,random-old-and-new-paths,insertion,348,1048576,1.00000000000000000,-0.000000000,fixed,1,access-plus-rate-deterministic,5,32
2,8,1,8192,1048576,1048576,cycle,8,random,os-getrandom,random-old-and-new-paths,insertion,349,1048576,1.00000000000000000,-0.000000000,fixed,1,access-plus-rate-deterministic,5,32
2,8,1,8192,1048576,1048576,cycle,8,random,os-getrandom,random-old-and-new-paths,insertion,350,1048576,1.00000000000000000,-0.000000000,fixed,1,access-plus-rate-deterministic,5,32
2,8,1,8192,1048576,1048576,cycle,8,random,os-getrandom,random-old-and-new-paths,insertion,351,1048576,1.00000000000000000,-0.000000000,fixed,1,access-plus-rate-deterministic,5,32
2,8,1,8192,1048576,1048576,cycle,8,random,os-getrandom,random-old-and-new-paths,insertion,352,1048576,1.00000000000000000,-0.000000000,fixed,1,access-plus-rate-deterministic,5,32
2,8,1,8192,1048576,1048576,cycle,8,random,os-getrandom,random-old-and-new-paths,insertion,353,1048576,1.00000000000000000,-0.000000000,fixed,1,access-plus-rate-deterministic,5,32
2,8,1,8192,1048576,1048576,cycle,8,random,os-getrandom,random-old-and-new-paths,insertion,354,1048576,1.00000000000000000,-0.000000000,fixed,1,access-plus-rate-deterministic,5,32
2,8,1,8192,1048576,1048576,cycle,8,random,os-getrandom,random-old-and-new-paths,insertion,355,1048576,1.00000000000000000,-0.000000000,fixed,1,access-plus-rate-deterministic,5,32
2,8,1,8192,1048576,1048576,cycle,8,random,os-getrandom,random-old-and-new-paths,insertion,356,1048576,1.00000000000000000,-0.000000000,fixed,1,access-plus-rate-deterministic,5,32
2,8,1,8192,1048576,1048576,cycle,8,random,os-getrandom,random-old-and-new-paths,insertion,357,1048576,1.00000000000000000,-0.000000000,fixed,1,access-plus-rate-deterministic,5,32
2,8,1,8192,1048576,1048576,cycle,8,random,os-getrandom,random-old-and-new-paths,insertion,358,1048576,1.00000000000000000,-0.000000000,fixed,1,access-plus-rate-deterministic,5,32
2,8,1,8192,1048576,1048576,cycle,8,random,os-getrandom,random-old-and-new-paths,insertion,359,1048576,1.00000000000000000,-0.000000000,fixed,1,access-plus-rate-deterministic,5,32
2,8,1,8192,1048576,1048576,cycle,8,random,os-getrandom,random-old-and-new-paths,insertion,360,1048576,1.00000000000000000,-0.000000000,fixed,1,access-plus-rate-deterministic,5,32
2,8,1,8192,1048576,1048576,cycle,8,random,os-getrandom,random-old-and-new-paths,insertion,361,1048576,1.00000000000000000,-0.000000000,fixed,1,access-plus-rate-deterministic,5,32
2,8,1,8192,1048576,1048576,cycle,8,random,os-getrandom,random-old-and-new-paths,insertion,362,1048576,1.00000000000000000,-0.000000000,fixed,1,access-plus-rate-deterministic,5,32
2,8,1,8192,1048576,1048576,cycle,8,random,os-getrandom,random-old-and-new-paths,insertion,363,1048576,1.00000000000000000,-0.000000000,fixed,1,access-plus-rate-deterministic,5,32
2,8,1,8192,1048576,1048576,cycle,8,random,os-getrandom,random-old-and-new-paths,insertion,364,1048576,1.00000000000000000,-0.000000000,fixed,1,access-plus-rate-deterministic,5,32
2,8,1,8192,1048576,1048576,cycle,8,random,os-getrandom,random-old-and-new-paths,insertion,365,1048576,1.00000000000000000,-0.000000000,fixed,1,access-plus-rate-deterministic,5,32
2,8,1,8192,1048576,1048576,cycle,8,random,os-getrandom,random-old-and-new-paths,insertion,366,1048576,1.00000000000000000,-0.000000000,fixed,1,access-plus-rate-deterministic,5,32
2,8,1,8192,1048576,1048576,cycle,8,random,os-getrandom,random-old-and-new-paths,insertion,367,1048576,1.00000000000000000,-0.000000000,fixed,1,access-plus-rate-deterministic,5,32
2,8,1,8192,1048576,1048576,cycle,8,random,os-getrandom,random-old-and-new-paths,insertion,368,1048576,1.00000000000000000,-0.000000000,fixed,1,access-plus-rate-deterministic,5,32
2,8,1,8192,1048576,1048576,cycle,8,random,os-getrandom,random-old-and-new-paths,insertion,369,1048576,1.00000000000000000,-0.000000000,fixed,1,access-plus-rate-deterministic,5,32
2,8,1,8192,1048576,1048576,cycle,8,random,os-getrandom,random-old-and-new-paths,insertion,370,1048576,1.00000000000000000,-0.000000000,fixed,1,access-plus-rate-deterministic,5,32
2,8,1,8192,1048576,1048576,cycle,8,random,os-getrandom,random-old-and-new-paths,insertion,371,1048576,1.00000000000000000,-0.000000000,fixed,1,access-plus-rate-deterministic,5,32
2,8,1,8192,1048576,1048576,cycle,8,random,os-getrandom,random-old-and-new-paths,insertion,372,1048576,1.00000000000000000,-0.000000000,fixed,1,access-plus-rate-deterministic,5,32
2,8,1,8192,1048576,1048576,cycle,8,random,os-getrandom,random-old-and-new-paths,insertion,373,1048576,1.00000000000000000,-0.000000000,fixed,1,access-plus-rate-deterministic,5,32
2,8,1,8192,1048576,1048576,cycle,8,random,os-getrandom,random-old-and-new-paths,insertion,374,1048576,1.00000000000000000,-0.000000000,fixed,1,access-plus-rate-deterministic,5,32
2,8,1,8192,1048576,1048576,cycle,8,random,os-getrandom,random-old-and-new-paths,insertion,375,1048576,1.00000000000000000,-0.000000000,fixed,1,access-plus-rate-deterministic,5,32
2,8,1,8192,1048576,1048576,cycle,8,random,os-getrandom,random-old-and-new-paths,insertion,376,1048576,1.00000000000000000,-0.000000000,fixed,1,access-plus-rate-deterministic,5,32
2,8,1,8192,1048576,1048576,cycle,8,random,os-getrandom,random-old-and-new-paths,insertion,377,1048576,1.00000000000000000,-0.000000000,fixed,1,access-plus-rate-deterministic,5,32
2,8,1,8192,1048576,1048576,cycle,8,random,os-getrandom,random-old-and-new-paths,insertion,378,1048576,1.00000000000000000,-0.000000000,fixed,1,access-plus-rate-deterministic,5,32
2,8,1,8192,1048576,1048576,cycle,8,random,os-getrandom,random-old-and-new-paths,insertion,379,1048576,1.00000000000000000,-0.000000000,fixed,1,access-plus-rate-deterministic,5,32
2,8,1,8192,1048576,1048576,cycle,8,random,os-getrandom,random-old-and-new-paths,insertion,380,1048576,1.00000000000000000,-0.000000000,fixed,1,access-plus-rate-deterministic,5,32
2,8,1,8192,1048576,1048576,cycle,8,random,os-getrandom,random-old-and-new-paths,insertion,381,1048576,1.00000000000000000,-0.000000000,fixed,1,access-plus-rate-deterministic,5,32
2,8,1,8192,1048576,1048576,cycle,8,random,os-getrandom,random-old-and-new-paths,insertion,382,1048576,1.00000000000000000,-0.000000000,fixed,1,access-plus-rate-deterministic,5,32
2,8,1,8192,1048576,1048576,cycle,8,random,os-getrandom,random-old-and-new-paths,insertion,383,1048576,1.00000000000000000,-0.000000000,fixed,1,access-plus-rate-deterministic,5,32
2,8,1,8192,1048576,1048576,cycle,8,random,os-getrandom,random-old-and-new-paths,insertion,384,1048576,1.00000000000000000,-0.000000000,fixed,1,access-plus-rate-deterministic,5,32
2,8,1,8192,1048576,1048576,cycle,8,random,os-getrandom,random-old-and-new-paths,insertion,385,1048576,1.00000000000000000,-0.000000000,fixed,1,access-plus-rate-deterministic,5,32
2,8,1,8192,1048576,1048576,cycle,8,random,os-getrandom,random-old-and-new-paths,insertion,386,1048576,1.00000000000000000,-0.000000000,fixed,1,access-plus-rate-deterministic,5,32
2,8,1,8192,1048576,1048576,cycle,8,random,os-getrandom,random-old-and-new-paths,insertion,387,1048576,1.00000000000000000,-0.000000000,fixed,1,access-plus-rate-deterministic,5,32
2,8,1,8192,1048576,1048576,cycle,8,random,os-getrandom,random-old-and-new-paths,insertion,388,1048576,1.00000000000000000,-0.000000000,fixed,1,access-plus-rate-deterministic,5,32
2,8,1,8192,1048576,1048576,cycle,8,random,os-getrandom,random-old-and-new-paths,insertion,389,1048576,1.00000000000000000,-0.000000000,fixed,1,access-plus-rate-deterministic,5,32
2,8,1,8192,1048576,1048576,cycle,8,random,os-getrandom,random-old-and-new-paths,insertion,390,1048576,1.00000000000000000,-0.000000000,fixed,1,access-plus-rate-deterministic,5,32
2,8,1,8192,1048576,1048576,cycle,8,random,os-getrandom,random-old-and-new-paths,insertion,391,1048576,1.00000000000000000,-0.000000000,fixed,1,access-plus-rate-deterministic,5,32
2,8,1,8192,1048576,1048576,cycle,8,random,os-getrandom,random-old-and-new-paths,insertion,392,1048576,1.00000000000000000,-0.000000000,fixed,1,access-plus-rate-deterministic,5,32
2,8,1,8192,1048576,1048576,cycle,8,random,os-getrandom,random-old-and-new-paths,insertion,393,1048576,1.00000000000000000,-0.000000000,fixed,1,access-plus-rate-deterministic,5,32
2,8,1,8192,1048576,1048576,cycle,8,random,os-getrandom,random-old-and-new-paths,insertion,394,1048576,1.00000000000000000,-0.000000000,fixed,1,access-plus-rate-deterministic,5,32
2,8,1,8192,1048576,1048576,cycle,8,random,os-getrandom,random-old-and-new-paths,insertion,395,1048576,1.00000000000000000,-0.000000000,fixed,1,access-plus-rate-deterministic,5,32
2,8,1,8192,1048576,1048576,cycle,8,random,os-getrandom,random-old-and-new-paths,insertion,396,1048576,1.00000000000000000,-0.000000000,fixed,1,access-plus-rate-deterministic,5,32
2,8,1,8192,1048576,1048576,cycle,8,random,os-getrandom,random-old-and-new-paths,insertion,397,1048576,1.00000000000000000,-0.000000000,fixed,1,access-plus-rate-deterministic,5,32
2,8,1,8192,1048576,1048576,cycle,8,random,os-getrandom,random-old-and-new-paths,insertion,398,1048576,1.00000000000000000,-0.000000000,fixed,1,access-plus-rate-deterministic,5,32
2,8,1,8192,1048576,1048576,cycle,8,random,os-getrandom,random-old-and-new-paths,insertion,399,1048576,1.00000000000000000,-0.000000000,fixed,1,access-plus-rate-deterministic,5,32
2,8,1,8192,1048576,1048576,cycle,8,random,os-getrandom,random-old-and-new-paths,insertion,400,1048576,1.00000000000000000,-0.000000000,fixed,1,access-plus-rate-deterministic,5,32
2,8,1,8192,1048576,1048576,cycle,8,random,os-getrandom,random-old-and-new-paths,insertion,401,1048576,1.00000000000000000,-0.000000000,fixed,1,access-plus-rate-deterministic,5,32
2,8,1,8192,1048576,1048576,cycle,8,random,os-getrandom,random-old-and-new-paths,insertion,402,1048576,1.00000000000000000,-0.000000000,fixed,1,access-plus-rate-deterministic,5,32
2,8,1,8192,1048576,1048576,cycle,8,random,os-getrandom,random-old-and-new-paths,insertion,403,1048576,1.00000000000000000,-0.000000000,fixed,1,access-plus-rate-deterministic,5,32
2,8,1,8192,1048576,1048576,cycle,8,random,os-getrandom,random-old-and-new-paths,insertion,404,1048576,1.00000000000000000,-0.000000000,fixed,1,access-plus-rate-deterministic,5,32
2,8,1,8192,1048576,1048576,cycle,8,random,os-getrandom,random-old-and-new-paths,insertion,405,1048576,1.00000000000000000,-0.000000000,fixed,1,access-plus-rate-deterministic,5,32
2,8,1,8192,1048576,1048576,cycle,8,random,os-getrandom,random-old-and-new-paths,insertion,406,1048576,1.00000000000000000,-0.000000000,fixed,1,access-plus-rate-deterministic,5,32
2,8,1,8192,1048576,1048576,cycle,8,random,os-getrandom,random-old-and-new-paths,insertion,407,1048576,1.00000000000000000,-0.000000000,fixed,1,access-plus-rate-deterministic,5,32
2,8,1,8192,1048576,1048576,cycle,8,random,os-getrandom,random-old-and-new-paths,insertion,408,1048576,1.00000000000000000,-0.000000000,fixed,1,access-plus-rate-deterministic,5,32
2,8,1,8192,1048576,1048576,cycle,8,random,os-getrandom,random-old-and-new-paths,insertion,409,1048576,1.00000000000000000,-0.000000000,fixed,1,access-plus-rate-deterministic,5,32
2,8,1,8192,1048576,1048576,cycle,8,random,os-getrandom,random-old-and-new-paths,insertion,410,1048576,1.00000000000000000,-0.000000000,fixed,1,access-plus-rate-deterministic,5,32
2,8,1,8192,1048576,1048576,cycle,8,random,os-getrandom,random-old-and-new-paths,insertion,411,1048576,1.00000000000000000,-0.000000000,fixed,1,access-plus-rate-deterministic,5,32
2,8,1,8192,1048576,1048576,cycle,8,random,os-getrandom,random-old-and-new-paths,insertion,412,1048576,1.00000000000000000,-0.000000000,fixed,1,access-plus-rate-deterministic,5,32
2,8,1,8192,1048576,1048576,cycle,8,random,os-getrandom,random-old-and-new-paths,insertion,413,1048576,1.00000000000000000,-0.000000000,fixed,1,access-plus-rate-deterministic,5,32
2,8,1,8192,1048576,1048576,cycle,8,random,os-getrandom,random-old-and-new-paths,insertion,414,1048576,1.00000000000000000,-0.000000000,fixed,1,access-plus-rate-deterministic,5,32
2,8,1,8192,1048576,1048576,cycle,8,random,os-getrandom,random-old-and-new-paths,insertion,415,1048576,1.00000000000000000,-0.000000000,fixed,1,access-plus-rate-deterministic,5,32
2,8,1,8192,1048576,1048576,cycle,8,random,os-getrandom,random-old-and-new-paths,insertion,416,1048576,1.00000000000000000,-0.000000000,fixed,1,access-plus-rate-deterministic,5,32
2,8,1,8192,1048576,1048576,cycle,8,random,os-getrandom,random-old-and-new-paths,insertion,417,1048576,1.00000000000000000,-0.000000000,fixed,1,access-plus-rate-deterministic,5,32
2,8,1,8192,1048576,1048576,cycle,8,random,os-getrandom,random-old-and-new-paths,insertion,418,1048576,1.00000000000000000,-0.000000000,fixed,1,access-plus-rate-deterministic,5,32
2,8,1,8192,1048576,1048576,cycle,8,random,os-getrandom,random-old-and-new-paths,insertion,419,1048576,1.00000000000000000,-0.000000000,fixed,1,access-plus-rate-deterministic,5,32
2,8,1,8192,1048576,1048576,cycle,8,random,os-getrandom,random-old-and-new-paths,insertion,420,1048576,1.00000000000000000,-0.000000000,fixed,1,access-plus-rate-deterministic,5,32
2,8,1,8192,1048576,1048576,cycle,8,random,os-getrandom,random-old-and-new-paths,insertion,421,1048576,1.00000000000000000,-0.000000000,fixed,1,access-plus-rate-deterministic,5,32
2,8,1,8192,1048576,1048576,cycle,8,random,os-getrandom,random-old-and-new-paths,insertion,422,1048576,1.00000000000000000,-0.000000000,fixed,1,access-plus-rate-deterministic,5,32
2,8,1,8192,1048576,1048576,cycle,8,random,os-getrandom,random-old-and-new-paths,insertion,423,1048576,1.00000000000000000,-0.000000000,fixed,1,access-plus-rate-deterministic,5,32
2,8,1,8192,1048576,1048576,cycle,8,random,os-getrandom,random-old-and-new-paths,insertion,424,1048576,1.00000000000000000,-0.000000000,fixed,1,access-plus-rate-deterministic,5,32
2,8,1,8192,1048576,1048576,cycle,8,random,os-getrandom,random-old-and-new-paths,insertion,425,1048576,1.00000000000000000,-0.000000000,fixed,1,access-plus-rate-deterministic,5,32
2,8,1,8192,1048576,1048576,cycle,8,random,os-getrandom,random-old-and-new-paths,insertion,426,1048576,1.00000000000000000,-0.000000000,fixed,1,access-plus-rate-deterministic,5,32
2,8,1,8192,1048576,1048576,cycle,8,random,os-getrandom,random-old-and-new-paths,insertion,427,1048576,1.00000000000000000,-0.000000000,fixed,1,access-plus-rate-deterministic,5,32
2,8,1,8192,1048576,1048576,cycle,8,random,os-getrandom,random-old-and-new-paths,insertion,428,1048576,1.00000000000000000,-0.000000000,fixed,1,access-plus-rate-deterministic,5,32
2,8,1,8192,1048576,1048576,cycle,8,random,os-getrandom,random-old-and-new-paths,insertion,429,1048576,1.00000000000000000,-0.000000000,fixed,1,access-plus-rate-deterministic,5,32
2,8,1,8192,1048576,1048576,cycle,8,random,os-getrandom,random-old-and-new-paths,insertion,430,1048576,1.00000000000000000,-0.000000000,fixed,1,access-plus-rate-deterministic,5,32
2,8,1,8192,1048576,1048576,cycle,8,random,os-getrandom,random-old-and-new-paths,insertion,431,1048576,1.00000000000000000,-0.000000000,fixed,1,access-plus-rate-deterministic,5,32
2,8,1,8192,1048576,1048576,cycle,8,random,os-getrandom,random-old-and-new-paths,insertion,432,1048576,1.00000000000000000,-0.000000000,fixed,1,access-plus-rate-deterministic,5,32
2,8,1,8192,1048576,1048576,cycle,8,random,os-getrandom,random-old-and-new-paths,insertion,433,1048576,1.00000000000000000,-0.000000000,fixed,1,access-plus-rate-deterministic,5,32
2,8,1,8192,1048576,1048576,cycle,8,random,os-getrandom,random-old-and-new-paths,insertion,434,1048576,1.00000000000000000,-0.000000000,fixed,1,access-plus-rate-deterministic,5,32
2,8,1,8192,1048576,1048576,cycle,8,random,os-getrandom,random-old-and-new-paths,insertion,435,1048576,1.00000000000000000,-0.000000000,fixed,1,access-plus-rate-deterministic,5,32
2,8,1,8192,1048576,1048576,cycle,8,random,os-getrandom,random-old-and-new-paths,insertion,436,1048576,1.00000000000000000,-0.000000000,fixed,1,access-plus-rate-deterministic,5,32
2,8,1,8192,1048576,1048576,cycle,8,random,os-getrandom,random-old-and-new-paths,insertion,437,1048576,1.00000000000000000,-0.000000000,fixed,1,access-plus-rate-deterministic,5,32
2,8,1,8192,1048576,1048576,cycle,8,random,os-getrandom,random-old-and-new-paths,insertion,438,1048576,1.00000000000000000,-0.000000000,fixed,1,access-plus-rate-deterministic,5,32
2,8,1,8192,1048576,1048576,cycle,8,random,os-getrandom,random-old-and-new-paths,insertion,439,1048576,1.00000000000000000,-0.000000000,fixed,1,access-plus-rate-deterministic,5,32
2,8,1,8192,1048576,1048576,cycle,8,random,os-getrandom,random-old-and-new-paths,insertion,440,1048576,1.00000000000000000,-0.000000000,fixed,1,access-plus-rate-deterministic,5,32
2,8,1,8192,1048576,1048576,cycle,8,random,os-getrandom,random-old-and-new-paths,insertion,441,1048576,1.00000000000000000,-0.000000000,fixed,1,access-plus-rate-deterministic,5,32
2,8,1,8192,1048576,1048576,cycle,8,random,os-getrandom,random-old-and-new-paths,insertion,442,1048576,1.00000000000000000,-0.000000000,fixed,1,access-plus-rate-deterministic,5,32
2,8,1,8192,1048576,1048576,cycle,8,random,os-getrandom,random-old-and-new-paths,insertion,443,1048576,1.00000000000000000,-0.000000000,fixed,1,access-plus-rate-deterministic,5,32
2,8,1,8192,1048576,1048576,cycle,8,random,os-getrandom,random-old-and-new-paths,insertion,444,1048576,1.00000000000000000,-0.000000000,fixed,1,access-plus-rate-deterministic,5,32
2,8,1,8192,1048576,1048576,cycle,8,random,os-getrandom,random-old-and-new-paths,insertion,445,1048576,1.00000000000000000,-0.000000000,fixed,1,access-plus-rate-deterministic,5,32
2,8,1,8192,1048576,1048576,cycle,8,random,os-getrandom,random-old-and-new-paths,insertion,446,1048576,1.00000000000000000,-0.000000000,fixed,1,access-plus-rate-deterministic,5,32
2,8,1,8192,1048576,1048576,cycle,8,random,os-getrandom,random-old-and-new-paths,insertion,447,1048576,1.00000000000000000,-0.000000000,fixed,1,access-plus-rate-deterministic,5,32
2,8,1,8192,1048576,1048576,cycle,8,random,os-getrandom,random-old-and-new-paths,insertion,448,1048576,1.00000000000000000,-0.000000000,fixed,1,access-plus-rate-deterministic,5,32
2,8,1,8192,1048576,1048576,cycle,8,random,os-getrandom,random-old-and-new-paths,insertion,449,1048576,1.00000000000000000,-0.000000000,fixed,1,access-plus-rate-deterministic,5,32
2,8,1,8192,1048576,1048576,cycle,8,random,os-getrandom,random-old-and-new-paths,insertion,450,1048576,1.00000000000000000,-0.000000000,fixed,1,access-plus-rate-deterministic,5,32
2,8,1,8192,1048576,1048576,cycle,8,random,os-getrandom,random-old-and-new-paths,insertion,451,1048576,1.00000000000000000,-0.000000000,fixed,1,access-plus-rate-deterministic,5,32
2,8,1,8192,1048576,1048576,cycle,8,random,os-getrandom,random-old-and-new-paths,insertion,452,1048576,1.00000000000000000,-0.000000000,fixed,1,access-plus-rate-deterministic,5,32
2,8,1,8192,1048576,1048576,cycle,8,random,os-getrandom,random-old-and-new-paths,insertion,453,1048576,1.00000000000000000,-0.000000000,fixed,1,access-plus-rate-deterministic,5,32
2,8,1,8192,1048576,1048576,cycle,8,random,os-getrandom,random-old-and-new-paths,insertion,454,1048576,1.00000000000000000,-0.000000000,fixed,1,access-plus-rate-deterministic,5,32
2,8,1,8192,1048576,1048576,cycle,8,random,os-getrandom,random-old-and-new-paths,insertion,455,1048574,0.99999809265136719,0.000002752,fixed,1,access-plus-rate-deterministic,5,32
2,8,1,8192,1048576,1048576,cycle,8,random,os-getrandom,random-old-and-new-paths,insertion,456,1048569,0.99999332427978516,0.000009631,fixed,1,access-plus-rate-deterministic,5,32
2,8,1,8192,1048576,1048576,cycle,8,random,os-getrandom,random-old-and-new-paths,insertion,457,1048558,0.99998283386230469,0.000024766,fixed,1,access-plus-rate-deterministic,5,32
2,8,1,8192,1048576,1048576,cycle,8,random,os-getrandom,random-old-and-new-paths,insertion,458,1048539,0.99996471405029297,0.000050908,fixed,1,access-plus-rate-deterministic,5,32
2,8,1,8192,1048576,1048576,cycle,8,random,os-getrandom,random-old-and-new-paths,insertion,459,1048519,0.99994564056396484,0.000078426,fixed,1,access-plus-rate-deterministic,5,32
2,8,1,8192,1048576,1048576,cycle,8,random,os-getrandom,random-old-and-new-paths,insertion,460,1048489,0.99991703033447266,0.000119705,fixed,1,access-plus-rate-deterministic,5,32
2,8,1,8192,1048576,1048576,cycle,8,random,os-getrandom,random-old-and-new-paths,insertion,461,1048458,0.99988746643066406,0.000162361,fixed,1,access-plus-rate-deterministic,5,32
2,8,1,8192,1048576,1048576,cycle,8,random,os-getrandom,random-old-and-new-paths,insertion,462,1048431,0.99986171722412109,0.000199514,fixed,1,access-plus-rate-deterministic,5,32
2,8,1,8192,1048576,1048576,cycle,8,random,os-getrandom,random-old-and-new-paths,insertion,463,1048403,0.99983501434326172,0.000238044,fixed,1,access-plus-rate-deterministic,5,32
2,8,1,8192,1048576,1048576,cycle,8,random,os-getrandom,random-old-and-new-paths,insertion,464,1048371,0.99980449676513672,0.000282079,fixed,1,access-plus-rate-deterministic,5,32
2,8,1,8192,1048576,1048576,cycle,8,random,os-getrandom,random-old-and-new-paths,insertion,465,1048339,0.99977397918701172,0.000326116,fixed,1,access-plus-rate-deterministic,5,32
2,8,1,8192,1048576,1048576,cycle,8,random,os-getrandom,random-old-and-new-paths,insertion,466,1048298,0.99973487854003906,0.000382540,fixed,1,access-plus-rate-deterministic,5,32
2,8,1,8192,1048576,1048576,cycle,8,random,os-getrandom,random-old-and-new-paths,insertion,467,1048256,0.99969482421875000,0.000440343,fixed,1,access-plus-rate-deterministic,5,32
2,8,1,8192,1048576,1048576,cycle,8,random,os-getrandom,random-old-and-new-paths,insertion,468,1048209,0.99965000152587891,0.000505029,fixed,1,access-plus-rate-deterministic,5,32
2,8,1,8192,1048576,1048576,cycle,8,random,os-getrandom,random-old-and-new-paths,insertion,469,1048148,0.99959182739257812,0.000588989,fixed,1,access-plus-rate-deterministic,5,32
2,8,1,8192,1048576,1048576,cycle,8,random,os-getrandom,random-old-and-new-paths,insertion,470,1048072,0.99951934814453125,0.000693601,fixed,1,access-plus-rate-deterministic,5,32
2,8,1,8192,1048576,1048576,cycle,8,random,os-getrandom,random-old-and-new-paths,insertion,471,1047963,0.99941539764404297,0.000843650,fixed,1,access-plus-rate-deterministic,5,32
2,8,1,8192,1048576,1048576,cycle,8,random,os-getrandom,random-old-and-new-paths,insertion,472,1047823,0.99928188323974609,0.001036396,fixed,1,access-plus-rate-deterministic,5,32
2,8,1,8192,1048576,1048576,cycle,8,random,os-getrandom,random-old-and-new-paths,insertion,473,1047658,0.99912452697753906,0.001263594,fixed,1,access-plus-rate-deterministic,5,32
2,8,1,8192,1048576,1048576,cycle,8,random,os-getrandom,random-old-and-new-paths,insertion,474,1047478,0.99895286560058594,0.001511487,fixed,1,access-plus-rate-deterministic,5,32
2,8,1,8192,1048576,1048576,cycle,8,random,os-getrandom,random-old-and-new-paths,insertion,475,1047268,0.99875259399414062,0.001800750,fixed,1,access-plus-rate-deterministic,5,32
2,8,1,8192,1048576,1048576,cycle,8,random,os-getrandom,random-old-and-new-paths,insertion,476,1047043,0.99853801727294922,0.002110739,fixed,1,access-plus-rate-deterministic,5,32
2,8,1,8192,1048576,1048576,cycle,8,random,os-getrandom,random-old-and-new-paths,insertion,477,1046804,0.99831008911132812,0.002440088,fixed,1,access-plus-rate-deterministic,5,32
2,8,1,8192,1048576,1048576,cycle,8,random,os-getrandom,random-old-and-new-paths,insertion,478,1046511,0.99803066253662109,0.002843955,fixed,1,access-plus-rate-deterministic,5,32
2,8,1,8192,1048576,1048576,cycle,8,random,os-getrandom,random-old-and-new-paths,insertion,479,1046171,0.99770641326904297,0.003312747,fixed,1,access-plus-rate-deterministic,5,32
2,8,1,8192,1048576,1048576,cycle,8,random,os-getrandom,random-old-and-new-paths,insertion,480,1045763,0.99731731414794922,0.003875498,fixed,1,access-plus-rate-deterministic,5,32
2,8,1,8192,1048576,1048576,cycle,8,random,os-getrandom,random-old-and-new-paths,insertion,481,1045232,0.99681091308593750,0.004608232,fixed,1,access-plus-rate-deterministic,5,32
2,8,1,8192,1048576,1048576,cycle,8,random,os-getrandom,random-old-and-new-paths,insertion,482,1044600,0.99620819091796875,0.005480822,fixed,1,access-plus-rate-deterministic,5,32
2,8,1,8192,1048576,1048576,cycle,8,random,os-getrandom,random-old-and-new-paths,insertion,483,1043856,0.99549865722656250,0.006508725,fixed,1,access-plus-rate-deterministic,5,32
2,8,1,8192,1048576,1048576,cycle,8,random,os-getrandom,random-old-and-new-paths,insertion,484,1042957,0.99464130401611328,0.007751752,fixed,1,access-plus-rate-deterministic,5,32
2,8,1,8192,1048576,1048576,cycle,8,random,os-getrandom,random-old-and-new-paths,insertion,485,1041989,0.99371814727783203,0.009091383,fixed,1,access-plus-rate-deterministic,5,32
2,8,1,8192,1048576,1048576,cycle,8,random,os-getrandom,random-old-and-new-paths,insertion,486,1040982,0.99275779724121094,0.010486308,fixed,1,access-plus-rate-deterministic,5,32
2,8,1,8192,1048576,1048576,cycle,8,random,os-getrandom,random-old-and-new-paths,insertion,487,1039920,0.99174499511718750,0.011958883,fixed,1,access-plus-rate-deterministic,5,32
2,8,1,8192,1048576,1048576,cycle,8,random,os-getrandom,random-old-and-new-paths,insertion,488,1038816,0.99069213867187500,0.013491291,fixed,1,access-plus-rate-deterministic,5,32
2,8,1,8192,1048576,1048576,cycle,8,random,os-getrandom,random-old-and-new-paths,insertion,489,1037593,0.98952579498291016,0.015190779,fixed,1,access-plus-rate-deterministic,5,32
2,8,1,8192,1048576,1048576,cycle,8,random,os-getrandom,random-old-and-new-paths,insertion,490,1036344,0.98833465576171875,0.016928466,fixed,1,access-plus-rate-deterministic,5,32
2,8,1,8192,1048576,1048576,cycle,8,random,os-getrandom,random-old-and-new-paths,insertion,491,1034997,0.98705005645751953,0.018804845,fixed,1,access-plus-rate-deterministic,5,32
2,8,1,8192,1048576,1048576,cycle,8,random,os-getrandom,random-old-and-new-paths,insertion,492,1033598,0.98571586608886719,0.020756247,fixed,1,access-plus-rate-deterministic,5,32
2,8,1,8192,1048576,1048576,cycle,8,random,os-getrandom,random-old-and-new-paths,insertion,493,1032207,0.98438930511474609,0.022699111,fixed,1,access-plus-rate-deterministic,5,32
2,8,1,8192,1048576,1048576,cycle,8,random,os-getrandom,random-old-and-new-paths,insertion,494,1030792,0.98303985595703125,0.024678185,fixed,1,access-plus-rate-deterministic,5,32
2,8,1,8192,1048576,1048576,cycle,8,random,os-getrandom,random-old-and-new-paths,insertion,495,1029322,0.98163795471191406,0.026737063,fixed,1,access-plus-rate-deterministic,5,32
2,8,1,8192,1048576,1048576,cycle,8,random,os-getrandom,random-old-and-new-paths,insertion,496,1027835,0.98021984100341797,0.028822746,fixed,1,access-plus-rate-deterministic,5,32
2,8,1,8192,1048576,1048576,cycle,8,random,os-getrandom,random-old-and-new-paths,insertion,497,1026120,0.97858428955078125,0.031231973,fixed,1,access-plus-rate-deterministic,5,32
2,8,1,8192,1048576,1048576,cycle,8,random,os-getrandom,random-old-and-new-paths,insertion,498,1024400,0.97694396972656250,0.033652273,fixed,1,access-plus-rate-deterministic,5,32
2,8,1,8192,1048576,1048576,cycle,8,random,os-getrandom,random-old-and-new-paths,insertion,499,1022541,0.97517108917236328,0.036272740,fixed,1,access-plus-rate-deterministic,5,32
2,8,1,8192,1048576,1048576,cycle,8,random,os-getrandom,random-old-and-new-paths,insertion,500,1020578,0.97329902648925781,0.039044983,fixed,1,access-plus-rate-deterministic,5,32
2,8,1,8192,1048576,1048576,cycle,8,random,os-getrandom,random-old-and-new-paths,insertion,501,1018642,0.97145271301269531,0.041784323,fixed,1,access-plus-rate-deterministic,5,32
2,8,1,8192,1048576,1048576,cycle,8,random,os-getrandom,random-old-and-new-paths,insertion,502,1016599,0.96950435638427734,0.044680714,fixed,1,access-plus-rate-deterministic,5,32
2,8,1,8192,1048576,1048576,cycle,8,random,os-getrandom,random-old-and-new-paths,insertion,503,1014493,0.96749591827392578,0.047672520,fixed,1,access-plus-rate-deterministic,5,32
2,8,1,8192,1048576,1048576,cycle,8,random,os-getrandom,random-old-and-new-paths,insertion,504,1012400,0.96549987792968750,0.050652018,fixed,1,access-plus-rate-deterministic,5,32
2,8,1,8192,1048576,1048576,cycle,8,random,os-getrandom,random-old-and-new-paths,insertion,505,1010165,0.96336841583251953,0.053840469,fixed,1,access-plus-rate-deterministic,5,32
2,8,1,8192,1048576,1048576,cycle,8,random,os-getrandom,random-old-and-new-paths,insertion,506,1007916,0.96122360229492188,0.057056021,fixed,1,access-plus-rate-deterministic,5,32
2,8,1,8192,1048576,1048576,cycle,8,random,os-getrandom,random-old-and-new-paths,insertion,507,1005525,0.95894336700439453,0.060482479,fixed,1,access-plus-rate-deterministic,5,32
2,8,1,8192,1048576,1048576,cycle,8,random,os-getrandom,random-old-and-new-paths,insertion,508,1002971,0.95650768280029297,0.064151538,fixed,1,access-plus-rate-deterministic,5,32
2,8,1,8192,1048576,1048576,cycle,8,random,os-getrandom,random-old-and-new-paths,insertion,509,1000318,0.95397758483886719,0.067972727,fixed,1,access-plus-rate-deterministic,5,32
2,8,1,8192,1048576,1048576,cycle,8,random,os-getrandom,random-old-and-new-paths,insertion,510,997531,0.95131969451904297,0.071997849,fixed,1,access-plus-rate-deterministic,5,32
2,8,1,8192,1048576,1048576,cycle,8,random,os-getrandom,random-old-and-new-paths,insertion,511,994514,0.94844245910644531,0.076367845,fixed,1,access-plus-rate-deterministic,5,32
2,8,1,8192,1048576,1048576,cycle,8,random,os-getrandom,random-old-and-new-paths,insertion,512,991580,0.94564437866210938,0.080630353,fixed,1,access-plus-rate-deterministic,5,32
2,8,1,8192,1048576,1048576,cycle,8,random,os-getrandom,random-old-and-new-paths,insertion,513,988640,0.94284057617187500,0.084914247,fixed,1,access-plus-rate-deterministic,5,32
2,8,1,8192,1048576,1048576,cycle,8,random,os-getrandom,random-old-and-new-paths,insertion,514,985472,0.93981933593750000,0.089544645,fixed,1,access-plus-rate-deterministic,5,32
2,8,1,8192,1048576,1048576,cycle,8,random,os-getrandom,random-old-and-new-paths,insertion,515,981968,0.93647766113281250,0.094683514,fixed,1,access-plus-rate-deterministic,5,32
2,8,1,8192,1048576,1048576,cycle,8,random,os-getrandom,random-old-and-new-paths,insertion,516,978357,0.93303394317626953,0.099998529,fixed,1,access-plus-rate-deterministic,5,32
2,8,1,8192,1048576,1048576,cycle,8,random,os-getrandom,random-old-and-new-paths,insertion,517,974460,0.92931747436523438,0.105756559,fixed,1,access-plus-rate-deterministic,5,32
2,8,1,8192,1048576,1048576,cycle,8,random,os-getrandom,random-old-and-new-paths,insertion,518,970266,0.92531776428222656,0.111979207,fixed,1,access-plus-rate-deterministic,5,32
2,8,1,8192,1048576,1048576,cycle,8,random,os-getrandom,random-old-and-new-paths,insertion,519,965885,0.92113971710205078,0.118508096,fixed,1,access-plus-rate-deterministic,5,32
2,8,1,8192,1048576,1048576,cycle,8,random,os-getrandom,random-old-and-new-paths,insertion,520,961483,0.91694164276123047,0.125098176,fixed,1,access-plus-rate-deterministic,5,32
2,8,1,8192,1048576,1048576,cycle,8,random,os-getrandom,random-old-and-new-paths,insertion,521,956948,0.91261672973632812,0.131918994,fixed,1,access-plus-rate-deterministic,5,32
2,8,1,8192,1048576,1048576,cycle,8,random,os-getrandom,random-old-and-new-paths,insertion,522,952451,0.90832805633544922,0.138714652,fixed,1,access-plus-rate-deterministic,5,32
2,8,1,8192,1048576,1048576,cycle,8,random,os-getrandom,random-old-and-new-paths,insertion,523,947795,0.90388774871826172,0.145784475,fixed,1,access-plus-rate-deterministic,5,32
2,8,1,8192,1048576,1048576,cycle,8,random,os-getrandom,random-old-and-new-paths,insertion,524,943043,0.89935588836669922,0.153035970,fixed,1,access-plus-rate-deterministic,5,32
2,8,1,8192,1048576,1048576,cycle,8,random,os-getrandom,random-old-and-new-paths,insertion,525,938148,0.89468765258789062,0.160543989,fixed,1,access-plus-rate-deterministic,5,32
2,8,1,8192,1048576,1048576,cycle,8,random,os-getrandom,random-old-and-new-paths,insertion,526,933087,0.88986110687255859,0.168347923,fixed,1,access-plus-rate-deterministic,5,32
2,8,1,8192,1048576,1048576,cycle,8,random,os-getrandom,random-old-and-new-paths,insertion,527,928075,0.88508129119873047,0.176118128,fixed,1,access-plus-rate-deterministic,5,32
2,8,1,8192,1048576,1048576,cycle,8,random,os-getrandom,random-old-and-new-paths,insertion,528,922763,0.88001537322998047,0.184399368,fixed,1,access-plus-rate-deterministic,5,32
2,8,1,8192,1048576,1048576,cycle,8,random,os-getrandom,random-old-and-new-paths,insertion,529,917371,0.87487316131591797,0.192854224,fixed,1,access-plus-rate-deterministic,5,32
2,8,1,8192,1048576,1048576,cycle,8,random,os-getrandom,random-old-and-new-paths,insertion,530,911744,0.86950683593750000,0.201730725,fixed,1,access-plus-rate-deterministic,5,32
2,8,1,8192,1048576,1048576,cycle,8,random,os-getrandom,random-old-and-new-paths,insertion,531,905888,0.86392211914062500,0.211026833,fixed,1,access-plus-rate-deterministic,5,32
2,8,1,8192,1048576,1048576,cycle,8,random,os-getrandom,random-old-and-new-paths,insertion,532,899877,0.85818958282470703,0.220631706,fixed,1,access-plus-rate-deterministic,5,32
2,8,1,8192,1048576,1048576,cycle,8,random,os-getrandom,random-old-and-new-paths,insertion,533,893680,0.85227966308593750,0.230601188,fixed,1,access-plus-rate-deterministic,5,32
2,8,1,8192,1048576,1048576,cycle,8,random,os-getrandom,random-old-and-new-paths,insertion,534,887398,0.84628868103027344,0.240778224,fixed,1,access-plus-rate-deterministic,5,32
2,8,1,8192,1048576,1048576,cycle,8,random,os-getrandom,random-old-and-new-paths,insertion,535,880951,0.84014034271240234,0.251297749,fixed,1,access-plus-rate-deterministic,5,32
2,8,1,8192,1048576,1048576,cycle,8,random,os-getrandom,random-old-and-new-paths,insertion,536,874222,0.83372306823730469,0.262359841,fixed,1,access-plus-rate-deterministic,5,32
2,8,1,8192,1048576,1048576,cycle,8,random,os-getrandom,random-old-and-new-paths,insertion,537,867218,0.82704353332519531,0.273964824,fixed,1,access-plus-rate-deterministic,5,32
2,8,1,8192,1048576,1048576,cycle,8,random,os-getrandom,random-old-and-new-paths,insertion,538,860083,0.82023906707763672,0.285883636,fixed,1,access-plus-rate-deterministic,5,32
2,8,1,8192,1048576,1048576,cycle,8,random,os-getrandom,random-old-and-new-paths,insertion,539,852753,0.81324863433837891,0.298231600,fixed,1,access-plus-rate-deterministic,5,32
2,8,1,8192,1048576,1048576,cycle,8,random,os-getrandom,random-old-and-new-paths,insertion,540,845040,0.80589294433593750,0.311339893,fixed,1,access-plus-rate-deterministic,5,32
2,8,1,8192,1048576,1048576,cycle,8,random,os-getrandom,random-old-and-new-paths,insertion,541,837138,0.79835700988769531,0.324894059,fixed,1,access-plus-rate-deterministic,5,32
2,8,1,8192,1048576,1048576,cycle,8,random,os-getrandom,random-old-and-new-paths,insertion,542,828977,0.79057407379150391,0.339027451,fixed,1,access-plus-rate-deterministic,5,32
2,8,1,8192,1048576,1048576,cycle,8,random,os-getrandom,random-old-and-new-paths,insertion,543,820669,0.78265094757080078,0.353559068,fixed,1,access-plus-rate-deterministic,5,32
2,8,1,8192,1048576,1048576,cycle,8,random,os-getrandom,random-old-and-new-paths,insertion,544,812144,0.77452087402343750,0.368623973,fixed,1,access-plus-rate-deterministic,5,32
2,8,1,8192,1048576,1048576,cycle,8,random,os-getrandom,random-old-and-new-paths,insertion,545,803443,0.76622295379638672,0.384163850,fixed,1,access-plus-rate-deterministic,5,32
2,8,1,8192,1048576,1048576,cycle,8,random,os-getrandom,random-old-and-new-paths,insertion,546,794824,0.75800323486328125,0.399724090,fixed,1,access-plus-rate-deterministic,5,32
2,8,1,8192,1048576,1048576,cycle,8,random,os-getrandom,random-old-and-new-paths,insertion,547,786079,0.74966335296630859,0.415685217,fixed,1,access-plus-rate-deterministic,5,32
2,8,1,8192,1048576,1048576,cycle,8,random,os-getrandom,random-old-and-new-paths,insertion,548,777087,0.74108791351318359,0.432283399,fixed,1,access-plus-rate-deterministic,5,32
2,8,1,8192,1048576,1048576,cycle,8,random,os-getrandom,random-old-and-new-paths,insertion,549,767914,0.73233985900878906,0.449414775,fixed,1,access-plus-rate-deterministic,5,32
2,8,1,8192,1048576,1048576,cycle,8,random,os-getrandom,random-old-and-new-paths,insertion,550,758460,0.72332382202148438,0.467286429,fixed,1,access-plus-rate-deterministic,5,32
2,8,1,8192,1048576,1048576,cycle,8,random,os-getrandom,random-old-and-new-paths,insertion,551,748614,0.71393394470214844,0.486137497,fixed,1,access-plus-rate-deterministic,5,32
2,8,1,8192,1048576,1048576,cycle,8,random,os-getrandom,random-old-and-new-paths,insertion,552,738394,0.70418739318847656,0.505968696,fixed,1,access-plus-rate-deterministic,5,32
2,8,1,8192,1048576,1048576,cycle,8,random,os-getrandom,random-old-and-new-paths,insertion,553,727903,0.69418239593505859,0.526613315,fixed,1,access-plus-rate-deterministic,5,32
2,8,1,8192,1048576,1048576,cycle,8,random,os-getrandom,random-old-and-new-paths,insertion,554,717255,0.68402767181396484,0.547873405,fixed,1,access-plus-rate-deterministic,5,32
2,8,1,8192,1048576,1048576,cycle,8,random,os-getrandom,random-old-and-new-paths,insertion,555,706443,0.67371654510498047,0.569786365,fixed,1,access-plus-rate-deterministic,5,32
2,8,1,8192,1048576,1048576,cycle,8,random,os-getrandom,random-old-and-new-paths,insertion,556,695707,0.66347789764404297,0.591879689,fixed,1,access-plus-rate-deterministic,5,32
2,8,1,8192,1048576,1048576,cycle,8,random,os-getrandom,random-old-and-new-paths,insertion,557,684398,0.65269279479980469,0.615523982,fixed,1,access-plus-rate-deterministic,5,32
2,8,1,8192,1048576,1048576,cycle,8,random,os-getrandom,random-old-and-new-paths,insertion,558,672602,0.64144325256347656,0.640606457,fixed,1,access-plus-rate-deterministic,5,32
2,8,1,8192,1048576,1048576,cycle,8,random,os-getrandom,random-old-and-new-paths,insertion,559,660398,0.62980461120605469,0.667023774,fixed,1,access-plus-rate-deterministic,5,32
2,8,1,8192,1048576,1048576,cycle,8,random,os-getrandom,random-old-and-new-paths,insertion,560,647970,0.61795234680175781,0.694432505,fixed,1,access-plus-rate-deterministic,5,32
2,8,1,8192,1048576,1048576,cycle,8,random,os-getrandom,random-old-and-new-paths,insertion,561,635570,0.60612678527832031,0.722308497,fixed,1,access-plus-rate-deterministic,5,32
2,8,1,8192,1048576,1048576,cycle,8,random,os-getrandom,random-old-and-new-paths,insertion,562,622865,0.59401035308837891,0.751440019,fixed,1,access-plus-rate-deterministic,5,32
2,8,1,8192,1048576,1048576,cycle,8,random,os-getrandom,random-old-and-new-paths,insertion,563,610081,0.58181858062744141,0.781358725,fixed,1,access-plus-rate-deterministic,5,32
2,8,1,8192,1048576,1048576,cycle,8,random,os-getrandom,random-old-and-new-paths,insertion,564,596968,0.56931304931640625,0.812705927,fixed,1,access-plus-rate-deterministic,5,32
2,8,1,8192,1048576,1048576,cycle,8,random,os-getrandom,random-old-and-new-paths,insertion,565,583910,0.55685997009277344,0.844613507,fixed,1,access-plus-rate-deterministic,5,32
2,8,1,8192,1048576,1048576,cycle,8,random,os-getrandom,random-old-and-new-paths,insertion,566,570650,0.54421424865722656,0.877753365,fixed,1,access-plus-rate-deterministic,5,32
2,8,1,8192,1048576,1048576,cycle,8,random,os-getrandom,random-old-and-new-paths,insertion,567,557253,0.53143787384033203,0.912027047,fixed,1,access-plus-rate-deterministic,5,32
2,8,1,8192,1048576,1048576,cycle,8,random,os-getrandom,random-old-and-new-paths,insertion,568,543658,0.51847267150878906,0.947660148,fixed,1,access-plus-rate-deterministic,5,32
2,8,1,8192,1048576,1048576,cycle,8,random,os-getrandom,random-old-and-new-paths,insertion,569,529995,0.50544261932373047,0.984380776,fixed,1,access-plus-rate-deterministic,5,32
2,8,1,8192,1048576,1048576,cycle,8,random,os-getrandom,random-old-and-new-paths,insertion,570,516084,0.49217605590820312,1.022753622,fixed,1,access-plus-rate-deterministic,5,32
2,8,1,8192,1048576,1048576,cycle,8,random,os-getrandom,random-old-and-new-paths,insertion,571,502276,0.47900772094726562,1.061879184,fixed,1,access-plus-rate-deterministic,5,32
2,8,1,8192,1048576,1048576,cycle,8,random,os-getrandom,random-old-and-new-paths,insertion,572,488436,0.46580886840820312,1.102189988,fixed,1,access-plus-rate-deterministic,5,32
2,8,1,8192,1048576,1048576,cycle,8,random,os-getrandom,random-old-and-new-paths,insertion,573,474497,0.45251560211181641,1.143960560,fixed,1,access-plus-rate-deterministic,5,32
2,8,1,8192,1048576,1048576,cycle,8,random,os-getrandom,random-old-and-new-paths,insertion,574,460813,0.43946552276611328,1.186178108,fixed,1,access-plus-rate-deterministic,5,32
2,8,1,8192,1048576,1048576,cycle,8,random,os-getrandom,random-old-and-new-paths,insertion,575,447153,0.42643833160400391,1.229590970,fixed,1,access-plus-rate-deterministic,5,32
2,8,1,8192,1048576,1048576,cycle,8,random,os-getrandom,random-old-and-new-paths,insertion,576,433465,0.41338443756103516,1.274444017,fixed,1,access-plus-rate-deterministic,5,32
2,8,1,8192,1048576,1048576,cycle,8,random,os-getrandom,random-old-and-new-paths,insertion,577,420184,0.40071868896484375,1.319338298,fixed,1,access-plus-rate-deterministic,5,32
2,8,1,8192,1048576,1048576,cycle,8,random,os-getrandom,random-old-and-new-paths,insertion,578,407115,0.38825511932373047,1.364923148,fixed,1,access-plus-rate-deterministic,5,32
2,8,1,8192,1048576,1048576,cycle,8,random,os-getrandom,random-old-and-new-paths,insertion,579,394338,0.37607002258300781,1.410926785,fixed,1,access-plus-rate-deterministic,5,32
2,8,1,8192,1048576,1048576,cycle,8,random,os-getrandom,random-old-and-new-paths,insertion,580,381639,0.36395931243896484,1.458150917,fixed,1,access-plus-rate-deterministic,5,32
2,8,1,8192,1048576,1048576,cycle,8,random,os-getrandom,random-old-and-new-paths,insertion,581,369147,0.35204601287841797,1.506164092,fixed,1,access-plus-rate-deterministic,5,32
2,8,1,8192,1048576,1048576,cycle,8,random,os-getrandom,random-old-and-new-paths,insertion,582,356841,0.34031009674072266,1.555078139,fixed,1,access-plus-rate-deterministic,5,32
2,8,1,8192,1048576,1048576,cycle,8,random,os-getrandom,random-old-and-new-paths,insertion,583,344755,0.32878398895263672,1.604788050,fixed,1,access-plus-rate-deterministic,5,32
2,8,1,8192,1048576,1048576,cycle,8,random,os-getrandom,random-old-and-new-paths,insertion,584,332882,0.31746101379394531,1.655348664,fixed,1,access-plus-rate-deterministic,5,32
2,8,1,8192,1048576,1048576,cycle,8,random,os-getrandom,random-old-and-new-paths,insertion,585,321605,0.30670642852783203,1.705069689,fixed,1,access-plus-rate-deterministic,5,32
2,8,1,8192,1048576,1048576,cycle,8,random,os-getrandom,random-old-and-new-paths,insertion,586,310691,0.29629802703857422,1.754879075,fixed,1,access-plus-rate-deterministic,5,32
2,8,1,8192,1048576,1048576,cycle,8,random,os-getrandom,random-old-and-new-paths,insertion,587,300049,0.28614902496337891,1.805161404,fixed,1,access-plus-rate-deterministic,5,32
2,8,1,8192,1048576,1048576,cycle,8,random,os-getrandom,random-old-and-new-paths,insertion,588,289764,0.27634048461914062,1.855481159,fixed,1,access-plus-rate-deterministic,5,32
2,8,1,8192,1048576,1048576,cycle,8,random,os-getrandom,random-old-and-new-paths,insertion,589,279751,0.26679134368896484,1.906216237,fixed,1,access-plus-rate-deterministic,5,32
2,8,1,8192,1048576,1048576,cycle,8,random,os-getrandom,random-old-and-new-paths,insertion,590,269914,0.25741004943847656,1.957859717,fixed,1,access-plus-rate-deterministic,5,32
2,8,1,8192,1048576,1048576,cycle,8,random,os-getrandom,random-old-and-new-paths,insertion,591,260304,0.24824523925781250,2.010162044,fixed,1,access-plus-rate-deterministic,5,32
2,8,1,8192,1048576,1048576,cycle,8,random,os-getrandom,random-old-and-new-paths,insertion,592,250902,0.23927879333496094,2.063235555,fixed,1,access-plus-rate-deterministic,5,32
2,8,1,8192,1048576,1048576,cycle,8,random,os-getrandom,random-old-and-new-paths,insertion,593,241470,0.23028373718261719,2.118515564,fixed,1,access-plus-rate-deterministic,5,32
2,8,1,8192,1048576,1048576,cycle,8,random,os-getrandom,random-old-and-new-paths,insertion,594,232314,0.22155189514160156,2.174283427,fixed,1,access-plus-rate-deterministic,5,32
2,8,1,8192,1048576,1048576,cycle,8,random,os-getrandom,random-old-and-new-paths,insertion,595,223168,0.21282958984375000,2.232229351,fixed,1,access-plus-rate-deterministic,5,32
2,8,1,8192,1048576,1048576,cycle,8,random,os-getrandom,random-old-and-new-paths,insertion,596,214304,0.20437622070312500,2.290700747,fixed,1,access-plus-rate-deterministic,5,32
2,8,1,8192,1048576,1048576,cycle,8,random,os-getrandom,random-old-and-new-paths,insertion,597,205679,0.19615077972412109,2.349965025,fixed,1,access-plus-rate-deterministic,5,32
2,8,1,8192,1048576,1048576,cycle,8,random,os-getrandom,random-old-and-new-paths,insertion,598,197195,0.18805980682373047,2.410736554,fixed,1,access-plus-rate-deterministic,5,32
2,8,1,8192,1048576,1048576,cycle,8,random,os-getrandom,random-old-and-new-paths,insertion,599,188893,0.18014240264892578,2.472790286,fixed,1,access-plus-rate-deterministic,5,32
2,8,1,8192,1048576,1048576,cycle,8,random,os-getrandom,random-old-and-new-paths,insertion,600,180691,0.17232036590576172,2.536834876,fixed,1,access-plus-rate-deterministic,5,32
2,8,1,8192,1048576,1048576,cycle,8,random,os-getrandom,random-old-and-new-paths,insertion,601,172786,0.16478157043457031,2.601373198,fixed,1,access-plus-rate-deterministic,5,32
2,8,1,8192,1048576,1048576,cycle,8,random,os-getrandom,random-old-and-new-paths,insertion,602,165205,0.15755176544189453,2.666102174,fixed,1,access-plus-rate-deterministic,5,32
2,8,1,8192,1048576,1048576,cycle,8,random,os-getrandom,random-old-and-new-paths,insertion,603,157980,0.15066146850585938,2.730617598,fixed,1,access-plus-rate-deterministic,5,32
2,8,1,8192,1048576,1048576,cycle,8,random,os-getrandom,random-old-and-new-paths,insertion,604,150950,0.14395713806152344,2.796288769,fixed,1,access-plus-rate-deterministic,5,32
2,8,1,8192,1048576,1048576,cycle,8,random,os-getrandom,random-old-and-new-paths,insertion,605,144333,0.13764667510986328,2.860958333,fixed,1,access-plus-rate-deterministic,5,32
2,8,1,8192,1048576,1048576,cycle,8,random,os-getrandom,random-old-and-new-paths,insertion,606,138082,0.13168525695800781,2.924834260,fixed,1,access-plus-rate-deterministic,5,32
2,8,1,8192,1048576,1048576,cycle,8,random,os-getrandom,random-old-and-new-paths,insertion,607,131991,0.12587642669677734,2.989919965,fixed,1,access-plus-rate-deterministic,5,32
2,8,1,8192,1048576,1048576,cycle,8,random,os-getrandom,random-old-and-new-paths,insertion,608,126167,0.12032222747802734,3.055024914,fixed,1,access-plus-rate-deterministic,5,32
2,8,1,8192,1048576,1048576,cycle,8,random,os-getrandom,random-old-and-new-paths,insertion,609,120539,0.11495494842529297,3.120859524,fixed,1,access-plus-rate-deterministic,5,32
2,8,1,8192,1048576,1048576,cycle,8,random,os-getrandom,random-old-and-new-paths,insertion,610,114816,0.10949707031250000,3.191035825,fixed,1,access-plus-rate-deterministic,5,32
2,8,1,8192,1048576,1048576,cycle,8,random,os-getrandom,random-old-and-new-paths,insertion,611,109297,0.10423374176025391,3.262105723,fixed,1,access-plus-rate-deterministic,5,32
2,8,1,8192,1048576,1048576,cycle,8,random,os-getrandom,random-old-and-new-paths,insertion,612,103904,0.09909057617187500,3.335108331,fixed,1,access-plus-rate-deterministic,5,32
2,8,1,8192,1048576,1048576,cycle,8,random,os-getrandom,random-old-and-new-paths,insertion,613,98473,0.09391117095947266,3.412559410,fixed,1,access-plus-rate-deterministic,5,32
2,8,1,8192,1048576,1048576,cycle,8,random,os-getrandom,random-old-and-new-paths,insertion,614,93283,0.08896160125732422,3.490673434,fixed,1,access-plus-rate-deterministic,5,32
2,8,1,8192,1048576,1048576,cycle,8,random,os-getrandom,random-old-and-new-paths,insertion,615,88413,0.08431720733642578,3.568029105,fixed,1,access-plus-rate-deterministic,5,32
2,8,1,8192,1048576,1048576,cycle,8,random,os-getrandom,random-old-and-new-paths,insertion,616,83735,0.07985591888427734,3.646456846,fixed,1,access-plus-rate-deterministic,5,32
2,8,1,8192,1048576,1048576,cycle,8,random,os-getrandom,random-old-and-new-paths,insertion,617,79278,0.07560539245605469,3.725367053,fixed,1,access-plus-rate-deterministic,5,32
2,8,1,8192,1048576,1048576,cycle,8,random,os-getrandom,random-old-and-new-paths,insertion,618,75126,0.07164573669433594,3.802975331,fixed,1,access-plus-rate-deterministic,5,32
2,8,1,8192,1048576,1048576,cycle,8,random,os-getrandom,random-old-and-new-paths,insertion,619,71192,0.06789398193359375,3.880572489,fixed,1,access-plus-rate-deterministic,5,32
2,8,1,8192,1048576,1048576,cycle,8,random,os-getrandom,random-old-and-new-paths,insertion,620,67450,0.06432533264160156,3.958469177,fixed,1,access-plus-rate-deterministic,5,32
2,8,1,8192,1048576,1048576,cycle,8,random,os-getrandom,random-old-and-new-paths,insertion,621,63901,0.06094074249267578,4.036449112,fixed,1,access-plus-rate-deterministic,5,32
2,8,1,8192,1048576,1048576,cycle,8,random,os-getrandom,random-old-and-new-paths,insertion,622,60295,0.05750179290771484,4.120249250,fixed,1,access-plus-rate-deterministic,5,32
2,8,1,8192,1048576,1048576,cycle,8,random,os-getrandom,random-old-and-new-paths,insertion,623,56721,0.05409336090087891,4.208404653,fixed,1,access-plus-rate-deterministic,5,32
2,8,1,8192,1048576,1048576,cycle,8,random,os-getrandom,random-old-and-new-paths,insertion,624,53190,0.05072593688964844,4.301132583,fixed,1,access-plus-rate-deterministic,5,32
2,8,1,8192,1048576,1048576,cycle,8,random,os-getrandom,random-old-and-new-paths,insertion,625,49791,0.04748439788818359,4.396402630,fixed,1,access-plus-rate-deterministic,5,32
2,8,1,8192,1048576,1048576,cycle,8,random,os-getrandom,random-old-and-new-paths,insertion,626,46614,0.04445457458496094,4.491524303,fixed,1,access-plus-rate-deterministic,5,32
2,8,1,8192,1048576,1048576,cycle,8,random,os-getrandom,random-old-and-new-paths,insertion,627,43577,0.04155826568603516,4.588720741,fixed,1,access-plus-rate-deterministic,5,32
2,8,1,8192,1048576,1048576,cycle,8,random,os-getrandom,random-old-and-new-paths,insertion,628,40751,0.03886318206787109,4.685452158,fixed,1,access-plus-rate-deterministic,5,32
2,8,1,8192,1048576,1048576,cycle,8,random,os-getrandom,random-old-and-new-paths,insertion,629,38065,0.03630161285400391,4.783822542,fixed,1,access-plus-rate-deterministic,5,32
2,8,1,8192,1048576,1048576,cycle,8,random,os-getrandom,random-old-and-new-paths,insertion,630,35710,0.03405570983886719,4.875959487,fixed,1,access-plus-rate-deterministic,5,32
2,8,1,8192,1048576,1048576,cycle,8,random,os-getrandom,random-old-and-new-paths,insertion,631,33636,0.03207778930664062,4.962281470,fixed,1,access-plus-rate-deterministic,5,32
2,8,1,8192,1048576,1048576,cycle,8,random,os-getrandom,random-old-and-new-paths,insertion,632,31781,0.03030872344970703,5.044123100,fixed,1,access-plus-rate-deterministic,5,32
2,8,1,8192,1048576,1048576,cycle,8,random,os-getrandom,random-old-and-new-paths,insertion,633,30166,0.02876853942871094,5.119364212,fixed,1,access-plus-rate-deterministic,5,32
2,8,1,8192,1048576,1048576,cycle,8,random,os-getrandom,random-old-and-new-paths,insertion,634,28637,0.02731037139892578,5.194407256,fixed,1,access-plus-rate-deterministic,5,32
2,8,1,8192,1048576,1048576,cycle,8,random,os-getrandom,random-old-and-new-paths,insertion,635,27211,0.02595043182373047,5.268097644,fixed,1,access-plus-rate-deterministic,5,32
2,8,1,8192,1048576,1048576,cycle,8,random,os-getrandom,random-old-and-new-paths,insertion,636,25799,0.02460384368896484,5.344972474,fixed,1,access-plus-rate-deterministic,5,32
2,8,1,8192,1048576,1048576,cycle,8,random,os-getrandom,random-old-and-new-paths,insertion,637,24352,0.02322387695312500,5.428247356,fixed,1,access-plus-rate-deterministic,5,32
2,8,1,8192,1048576,1048576,cycle,8,random,os-getrandom,random-old-and-new-paths,insertion,638,22864,0.02180480957031250,5.519209799,fixed,1,access-plus-rate-deterministic,5,32
2,8,1,8192,1048576,1048576,cycle,8,random,os-getrandom,random-old-and-new-paths,insertion,639,21476,0.02048110961914062,5.609562310,fixed,1,access-plus-rate-deterministic,5,32
2,8,1,8192,1048576,1048576,cycle,8,random,os-getrandom,random-old-and-new-paths,insertion,640,20202,0.01926612854003906,5.697789493,fixed,1,access-plus-rate-deterministic,5,32
2,8,1,8192,1048576,1048576,cycle,8,random,os-getrandom,random-old-and-new-paths,insertion,641,19139,0.01825237274169922,5.775772169,fixed,1,access-plus-rate-deterministic,5,32
2,8,1,8192,1048576,1048576,cycle,8,random,os-getrandom,random-old-and-new-paths,insertion,642,18169,0.01732730865478516,5.850808603,fixed,1,access-plus-rate-deterministic,5,32
2,8,1,8192,1048576,1048576,cycle,8,random,os-getrandom,random-old-and-new-paths,insertion,643,17323,0.01652050018310547,5.919598823,fixed,1,access-plus-rate-deterministic,5,32
2,8,1,8192,1048576,1048576,cycle,8,random,os-getrandom,random-old-and-new-paths,insertion,644,16509,0.01574420928955078,5.989034886,fixed,1,access-plus-rate-deterministic,5,32
2,8,1,8192,1048576,1048576,cycle,8,random,os-getrandom,random-old-and-new-paths,insertion,645,15729,0.01500034332275391,6.058860669,fixed,1,access-plus-rate-deterministic,5,32
2,8,1,8192,1048576,1048576,cycle,8,random,os-getrandom,random-old-and-new-paths,insertion,646,15008,0.01431274414062500,6.126555887,fixed,1,access-plus-rate-deterministic,5,32
2,8,1,8192,1048576,1048576,cycle,8,random,os-getrandom,random-old-and-new-paths,insertion,647,14358,0.01369285583496094,6.190432818,fixed,1,access-plus-rate-deterministic,5,32
2,8,1,8192,1048576,1048576,cycle,8,random,os-getrandom,random-old-and-new-paths,insertion,648,13807,0.01316738128662109,6.246887737,fixed,1,access-plus-rate-deterministic,5,32
2,8,1,8192,1048576,1048576,cycle,8,random,os-getrandom,random-old-and-new-paths,insertion,649,13316,0.01269912719726562,6.299126845,fixed,1,access-plus-rate-deterministic,5,32
2,8,1,8192,1048576,1048576,cycle,8,random,os-getrandom,random-old-and-new-paths,insertion,650,12861,0.01226520538330078,6.349284797,fixed,1,access-plus-rate-deterministic,5,32
2,8,1,8192,1048576,1048576,cycle,8,random,os-getrandom,random-old-and-new-paths,insertion,651,12419,0.01184368133544922,6.399738611,fixed,1,access-plus-rate-deterministic,5,32
2,8,1,8192,1048576,1048576,cycle,8,random,os-getrandom,random-old-and-new-paths,insertion,652,11989,0.01143360137939453,6.450576292,fixed,1,access-plus-rate-deterministic,5,32
2,8,1,8192,1048576,1048576,cycle,8,random,os-getrandom,random-old-and-new-paths,insertion,653,11536,0.01100158691406250,6.506144551,fixed,1,access-plus-rate-deterministic,5,32
2,8,1,8192,1048576,1048576,cycle,8,random,os-getrandom,random-old-and-new-paths,insertion,654,11082,0.01056861877441406,6.564069348,fixed,1,access-plus-rate-deterministic,5,32
2,8,1,8192,1048576,1048576,cycle,8,random,os-getrandom,random-old-and-new-paths,insertion,655,10613,0.01012134552001953,6.626455097,fixed,1,access-plus-rate-deterministic,5,32
2,8,1,8192,1048576,1048576,cycle,8,random,os-getrandom,random-old-and-new-paths,insertion,656,10135,0.00966548919677734,6.692941532,fixed,1,access-plus-rate-deterministic,5,32
2,8,1,8192,1048576,1048576,cycle,8,random,os-getrandom,random-old-and-new-paths,insertion,657,9639,0.00919246673583984,6.765332234,fixed,1,access-plus-rate-deterministic,5,32
2,8,1,8192,1048576,1048576,cycle,8,random,os-getrandom,random-old-and-new-paths,insertion,658,9114,0.00869178771972656,6.846131345,fixed,1,access-plus-rate-deterministic,5,32
2,8,1,8192,1048576,1048576,cycle,8,random,os-getrandom,random-old-and-new-paths,insertion,659,8560,0.00816345214843750,6.936604919,fixed,1,access-plus-rate-deterministic,5,32
2,8,1,8192,1048576,1048576,cycle,8,random,os-getrandom,random-old-and-new-paths,insertion,660,8019,0.00764751434326172,7.030793377,fixed,1,access-plus-rate-deterministic,5,32
2,8,1,8192,1048576,1048576,cycle,8,random,os-getrandom,random-old-and-new-paths,insertion,661,7486,0.00713920593261719,7.130020667,fixed,1,access-plus-rate-deterministic,5,32
2,8,1,8192,1048576,1048576,cycle,8,random,os-getrandom,random-old-and-new-paths,insertion,662,6924,0.00660324096679688,7.242609991,fixed,1,access-plus-rate-deterministic,5,32
2,8,1,8192,1048576,1048576,cycle,8,random,os-getrandom,random-old-and-new-paths,insertion,663,6369,0.00607395172119141,7.363148843,fixed,1,access-plus-rate-deterministic,5,32
2,8,1,8192,1048576,1048576,cycle,8,random,os-getrandom,random-old-and-new-paths,insertion,664,5831,0.00556087493896484,7.490472393,fixed,1,access-plus-rate-deterministic,5,32
2,8,1,8192,1048576,1048576,cycle,8,random,os-getrandom,random-old-and-new-paths,insertion,665,5303,0.00505733489990234,7.627406967,fixed,1,access-plus-rate-deterministic,5,32
2,8,1,8192,1048576,1048576,cycle,8,random,os-getrandom,random-old-and-new-paths,insertion,666,4792,0.00457000732421875,7.773587807,fixed,1,access-plus-rate-deterministic,5,32
2,8,1,8192,1048576,1048576,cycle,8,random,os-getrandom,random-old-and-new-paths,insertion,667,4252,0.00405502319335938,7.946074118,fixed,1,access-plus-rate-deterministic,5,32
2,8,1,8192,1048576,1048576,cycle,8,random,os-getrandom,random-old-and-new-paths,insertion,668,3747,0.00357341766357422,8.128479738,fixed,1,access-plus-rate-deterministic,5,32
2,8,1,8192,1048576,1048576,cycle,8,random,os-getrandom,random-old-and-new-paths,insertion,669,3311,0.00315761566162109,8.306948705,fixed,1,access-plus-rate-deterministic,5,32
2,8,1,8192,1048576,1048576,cycle,8,random,os-getrandom,random-old-and-new-paths,insertion,670,2905,0.00277042388916016,8.495677552,fixed,1,access-plus-rate-deterministic,5,32
2,8,1,8192,1048576,1048576,cycle,8,random,os-getrandom,random-old-and-new-paths,insertion,671,2574,0.00245475769042969,8.670203662,fixed,1,access-plus-rate-deterministic,5,32
2,8,1,8192,1048576,1048576,cycle,8,random,os-getrandom,random-old-and-new-paths,insertion,672,2296,0.00218963623046875,8.835093073,fixed,1,access-plus-rate-deterministic,5,32
2,8,1,8192,1048576,1048576,cycle,8,random,os-getrandom,random-old-and-new-paths,insertion,673,2082,0.00198554992675781,8.976245647,fixed,1,access-plus-rate-deterministic,5,32
2,8,1,8192,1048576,1048576,cycle,8,random,os-getrandom,random-old-and-new-paths,insertion,674,1934,0.00184440612792969,9.082627921,fixed,1,access-plus-rate-deterministic,5,32
2,8,1,8192,1048576,1048576,cycle,8,random,os-getrandom,random-old-and-new-paths,insertion,675,1819,0.00173473358154297,9.171070172,fixed,1,access-plus-rate-deterministic,5,32
2,8,1,8192,1048576,1048576,cycle,8,random,os-getrandom,random-old-and-new-paths,insertion,676,1712,0.00163269042968750,9.258533014,fixed,1,access-plus-rate-deterministic,5,32
2,8,1,8192,1048576,1048576,cycle,8,random,os-getrandom,random-old-and-new-paths,insertion,677,1626,0.00155067443847656,9.332888458,fixed,1,access-plus-rate-deterministic,5,32
2,8,1,8192,1048576,1048576,cycle,8,random,os-getrandom,random-old-and-new-paths,insertion,678,1565,0.00149250030517578,9.388053058,fixed,1,access-plus-rate-deterministic,5,32
2,8,1,8192,1048576,1048576,cycle,8,random,os-getrandom,random-old-and-new-paths,insertion,679,1496,0.00142669677734375,9.453105540,fixed,1,access-plus-rate-deterministic,5,32
2,8,1,8192,1048576,1048576,cycle,8,random,os-getrandom,random-old-and-new-paths,insertion,680,1424,0.00135803222656250,9.524266569,fixed,1,access-plus-rate-deterministic,5,32
2,8,1,8192,1048576,1048576,cycle,8,random,os-getrandom,random-old-and-new-paths,insertion,681,1338,0.00127601623535156,9.614137599,fixed,1,access-plus-rate-deterministic,5,32
2,8,1,8192,1048576,1048576,cycle,8,random,os-getrandom,random-old-and-new-paths,insertion,682,1270,0.00121116638183594,9.689387218,fixed,1,access-plus-rate-deterministic,5,32
2,8,1,8192,1048576,1048576,cycle,8,random,os-getrandom,random-old-and-new-paths,insertion,683,1190,0.00113487243652344,9.783254142,fixed,1,access-plus-rate-deterministic,5,32
2,8,1,8192,1048576,1048576,cycle,8,random,os-getrandom,random-old-and-new-paths,insertion,684,1119,0.00106716156005859,9.872005679,fixed,1,access-plus-rate-deterministic,5,32
2,8,1,8192,1048576,1048576,cycle,8,random,os-getrandom,random-old-and-new-paths,insertion,685,1046,0.00099754333496094,9.969332864,fixed,1,access-plus-rate-deterministic,5,32
2,8,1,8192,1048576,1048576,cycle,8,random,os-getrandom,random-old-and-new-paths,insertion,686,971,0.00092601776123047,10.076672515,fixed,1,access-plus-rate-deterministic,5,32
2,8,1,8192,1048576,1048576,cycle,8,random,os-getrandom,random-old-and-new-paths,insertion,687,883,0.00084209442138672,10.213730372,fixed,1,access-plus-rate-deterministic,5,32
2,8,1,8192,1048576,1048576,cycle,8,random,os-getrandom,random-old-and-new-paths,insertion,688,798,0.00076103210449219,10.359755064,fixed,1,access-plus-rate-deterministic,5,32
2,8,1,8192,1048576,1048576,cycle,8,random,os-getrandom,random-old-and-new-paths,insertion,689,724,0.00069046020507812,10.500154113,fixed,1,access-plus-rate-deterministic,5,32
2,8,1,8192,1048576,1048576,cycle,8,random,os-getrandom,random-old-and-new-paths,insertion,690,668,0.00063705444335938,10.616295708,fixed,1,access-plus-rate-deterministic,5,32
2,8,1,8192,1048576,1048576,cycle,8,random,os-getrandom,random-old-and-new-paths,insertion,691,610,0.00058174133300781,10.747334568,fixed,1,access-plus-rate-deterministic,5,32
2,8,1,8192,1048576,1048576,cycle,8,random,os-getrandom,random-old-and-new-paths,insertion,692,553,0.00052738189697266,10.888864330,fixed,1,access-plus-rate-deterministic,5,32
2,8,1,8192,1048576,1048576,cycle,8,random,os-getrandom,random-old-and-new-paths,insertion,693,494,0.00047111511230469,11.051632768,fixed,1,access-plus-rate-deterministic,5,32
2,8,1,8192,1048576,1048576,cycle,8,random,os-getrandom,random-old-and-new-paths,insertion,694,412,0.00039291381835938,11.313499473,fixed,1,access-plus-rate-deterministic,5,32
2,8,1,8192,1048576,1048576,cycle,8,random,os-getrandom,random-old-and-new-paths,insertion,695,336,0.00032043457031250,11.607682577,fixed,1,access-plus-rate-deterministic,5,32
2,8,1,8192,1048576,1048576,cycle,8,random,os-getrandom,random-old-and-new-paths,insertion,696,260,0.00024795532226562,11.977632187,fixed,1,access-plus-rate-deterministic,5,32
2,8,1,8192,1048576,1048576,cycle,8,random,os-getrandom,random-old-and-new-paths,insertion,697,186,0.00017738342285156,12.460841189,fixed,1,access-plus-rate-deterministic,5,32
2,8,1,8192,1048576,1048576,cycle,8,random,os-getrandom,random-old-and-new-paths,insertion,698,127,0.00012111663818359,13.011315313,fixed,1,access-plus-rate-deterministic,5,32
2,8,1,8192,1048576,1048576,cycle,8,random,os-getrandom,random-old-and-new-paths,insertion,699,78,0.00007438659667969,13.714597781,fixed,1,access-plus-rate-deterministic,5,32
2,8,1,8192,1048576,1048576,cycle,8,random,os-getrandom,random-old-and-new-paths,insertion,700,47,0.00004482269287109,14.445411148,fixed,1,access-plus-rate-deterministic,5,32
2,8,1,8192,1048576,1048576,cycle,8,random,os-getrandom,random-old-and-new-paths,insertion,701,26,0.00002479553222656,15.299560282,fixed,1,access-plus-rate-deterministic,5,32
2,8,1,8192,1048576,1048576,cycle,8,random,os-getrandom,random-old-and-new-paths,insertion,702,14,0.00001335144042969,16.192645078,fixed,1,access-plus-rate-deterministic,5,32
2,8,1,8192,1048576,1048576,cycle,8,random,os-getrandom,random-old-and-new-paths,insertion,703,6,0.00000572204589844,17.415037499,fixed,1,access-plus-rate-deterministic,5,32
2,8,1,8192,1048576,1048576,cycle,8,random,os-getrandom,random-old-and-new-paths,insertion,704,2,0.00000190734863281,19.000000000,fixed,1,access-plus-rate-deterministic,5,32
2,8,1,8192,1048576,1048576,cycle,8,random,os-getrandom,random-old-and-new-paths,insertion,705,1,0.00000095367431641,20.000000000,fixed,1,access-plus-rate-deterministic,5,32
2,8,1,8192,1048576,1048576,cycle,8,random,os-getrandom,random-old-and-new-paths,insertion,706,0,0.00000000000000000,inf,fixed,1,access-plus-rate-deterministic,5,32
