b,z,y,n,warmup,operations,workload,bucket_slots,queue_policy,rng_source,initialization,metric,threshold,exceed_count,probability,log2_inverse,eviction_policy,eviction_chains,path_schedule,deterministic_numerator,deterministic_denominator
2,4,2,1024,262144,1048576,cycle,8,random,os-getrandom,random-old-and-new-paths,post,0,1048576,1.00000000000000000,-0.000000000,fixed,1,access-plus-rate-deterministic,3,8
2,4,2,1024,262144,1048576,cycle,8,random,os-getrandom,random-old-and-new-paths,post,1,1048576,1.00000000000000000,-0.000000000,fixed,1,access-plus-rate-deterministic,3,8
2,4,2,1024,262144,1048576,cycle,8,random,os-getrandom,random-old-and-new-paths,post,2,1048576,1.00000000000000000,-0.000000000,fixed,1,access-plus-rate-deterministic,3,8
2,4,2,1024,262144,1048576,cycle,8,random,os-getrandom,random-old-and-new-paths,post,3,1048576,1.00000000000000000,-0.000000000,fixed,1,access-plus-rate-deterministic,3,8
2,4,2,1024,262144,1048576,cycle,8,random,os-getrandom,random-old-and-new-paths,post,4,1048576,1.00000000000000000,-0.000000000,fixed,1,access-plus-rate-deterministic,3,8
2,4,2,1024,262144,1048576,cycle,8,random,os-getrandom,random-old-and-new-paths,post,5,1048576,1.00000000000000000,-0.000000000,fixed,1,access-plus-rate-deterministic,3,8
2,4,2,1024,262144,1048576,cycle,8,random,os-getrandom,random-old-and-new-paths,post,6,1048576,1.00000000000000000,-0.000000000,fixed,1,access-plus-rate-deterministic,3,8
2,4,2,1024,262144,1048576,cycle,8,random,os-getrandom,random-old-and-new-paths,post,7,1048576,1.00000000000000000,-0.000000000,fixed,1,access-plus-rate-deterministic,3,8
2,4,2,1024,262144,1048576,cycle,8,random,os-getrandom,random-old-and-new-paths,post,8,1048576,1.00000000000000000,-0.000000000,fixed,1,access-plus-rate-deterministic,3,8
2,4,2,1024,262144,1048576,cycle,8,random,os-getrandom,random-old-and-new-paths,post,9,1048576,1.00000000000000000,-0.000000000,fixed,1,access-plus-rate-deterministic,3,8
2,4,2,1024,262144,1048576,cycle,8,random,os-getrandom,random-old-and-new-paths,post,10,1048576,1.00000000000000000,-0.000000000,fixed,1,access-plus-rate-deterministic,3,8
2,4,2,1024,262144,1048576,cycle,8,random,os-getrandom,random-old-and-new-paths,post,11,1048576,1.00000000000000000,-0.000000000,fixed,1,access-plus-rate-deterministic,3,8
2,4,2,1024,262144,1048576,cycle,8,random,os-getrandom,random-old-and-new-paths,post,12,1048576,1.00000000000000000,-0.000000000,fixed,1,access-plus-rate-deterministic,3,8
2,4,2,1024,262144,1048576,cycle,8,random,os-getrandom,random-old-and-new-paths,post,13,1048576,1.00000000000000000,-0.000000000,fixed,1,access-plus-rate-deterministic,3,8
2,4,2,1024,262144,1048576,cycle,8,random,os-getrandom,random-old-and-new-paths,post,14,1048576,1.00000000000000000,-0.000000000,fixed,1,access-plus-rate-deterministic,3,8
2,4,2,1024,262144,1048576,cycle,8,random,os-getrandom,random-old-and-new-paths,post,15,1048576,1.00000000000000000,-0.000000000,fixed,1,access-plus-rate-deterministic,3,8
2,4,2,1024,262144,1048576,cycle,8,random,os-getrandom,random-old-and-new-paths,post,16,1048576,1.00000000000000000,-0.000000000,fixed,1,access-plus-rate-deterministic,3,8
2,4,2,1024,262144,1048576,cycle,8,random,os-getrandom,random-old-and-new-paths,post,17,1048576,1.00000000000000000,-0.000000000,fixed,1,access-plus-rate-deterministic,3,8
2,4,2,1024,262144,1048576,cycle,8,random,os-getrandom,random-old-and-new-paths,post,18,1048576,1.00000000000000000,-0.000000000,fixed,1,access-plus-rate-deterministic,3,8
2,4,2,1024,262144,1048576,cycle,8,random,os-getrandom,random-old-and-new-paths,post,19,1048576,1.00000000000000000,-0.000000000,fixed,1,access-plus-rate-deterministic,3,8
2,4,2,1024,262144,1048576,cycle,8,random,os-getrandom,random-old-and-new-paths,post,20,1048576,1.00000000000000000,-0.000000000,fixed,1,access-plus-rate-deterministic,3,8
2,4,2,1024,262144,1048576,cycle,8,random,os-getrandom,random-old-and-new-paths,post,21,1048576,1.00000000000000000,-0.000000000,fixed,1,access-plus-rate-deterministic,3,8
2,4,2,1024,262144,1048576,cycle,8,random,os-getrandom,random-old-and-new-paths,post,22,1048576,1.00000000000000000,-0.000000000,fixed,1,access-plus-rate-deterministic,3,8
2,4,2,1024,262144,1048576,cycle,8,random,os-getrandom,random-old-and-new-paths,post,23,1048576,1.00000000000000000,-0.000000000,fixed,1,access-plus-rate-deterministic,3,8
2,4,2,1024,262144,1048576,cycle,8,random,os-getrandom,random-old-and-new-paths,post,24,1048576,1.00000000000000000,-0.000000000,fixed,1,access-plus-rate-deterministic,3,8
2,4,2,1024,262144,1048576,cycle,8,random,os-getrandom,random-old-and-new-paths,post,25,1048576,1.00000000000000000,-0.000000000,fixed,1,access-plus-rate-deterministic,3,8
2,4,2,1024,262144,1048576,cycle,8,random,os-getrandom,random-old-and-new-paths,post,26,1048576,1.00000000000000000,-0.000000000,fixed,1,access-plus-rate-deterministic,3,8
2,4,2,1024,262144,1048576,cycle,8,random,os-getrandom,random-old-and-new-paths,post,27,1048576,1.00000000000000000,-0.000000000,fixed,1,access-plus-rate-deterministic,3,8
2,4,2,1024,262144,1048576,cycle,8,random,os-getrandom,random-old-and-new-paths,post,28,1048576,1.00000000000000000,-0.000000000,fixed,1,access-plus-rate-deterministic,3,8
2,4,2,1024,262144,1048576,cycle,8,random,os-getrandom,random-old-and-new-paths,post,29,1048576,1.00000000000000000,-0.000000000,fixed,1,access-plus-rate-deterministic,3,8
2,4,2,1024,262144,1048576,cycle,8,random,os-getrandom,random-old-and-new-paths,post,30,1048576,1.00000000000000000,-0.000000000,fixed,1,access-plus-rate-deterministic,3,8
2,4,2,1024,262144,1048576,cycle,8,random,os-getrandom,random-old-and-new-paths,post,31,1048576,1.00000000000000000,-0.000000000,fixed,1,access-plus-rate-deterministic,3,8
2,4,2,1024,262144,1048576,cycle,8,random,os-getrandom,random-old-and-new-paths,post,32,1048576,1.00000000000000000,-0.000000000,fixed,1,access-plus-rate-deterministic,3,8
2,4,2,1024,262144,1048576,cycle,8,random,os-getrandom,random-old-and-new-paths,post,33,1048576,1.00000000000000000,-0.000000000,fixed,1,access-plus-rate-deterministic,3,8
2,4,2,1024,262144,1048576,cycle,8,random,os-getrandom,random-old-and-new-paths,post,34,1048576,1.00000000000000000,-0.000000000,fixed,1,access-plus-rate-deterministic,3,8
2,4,2,1024,262144,1048576,cycle,8,random,os-getrandom,random-old-and-new-paths,post,35,1048576,1.00000000000000000,-0.000000000,fixed,1,access-plus-rate-deterministic,3,8
2,4,2,1024,262144,1048576,cycle,8,random,os-getrandom,random-old-and-new-paths,post,36,1048576,1.00000000000000000,-0.000000000,fixed,1,access-plus-rate-deterministic,3,8
2,4,2,1024,262144,1048576,cycle,8,random,os-getrandom,random-old-and-new-paths,post,37,1048576,1.00000000000000000,-0.000000000,fixed,1,access-plus-rate-deterministic,3,8
2,4,2,1024,262144,1048576,cycle,8,random,os-getrandom,random-old-and-new-paths,post,38,1048576,1.00000000000000000,-0.000000000,fixed,1,access-plus-rate-deterministic,3,8
2,4,2,1024,262144,1048576,cycle,8,random,os-getrandom,random-old-and-new-paths,post,39,1048576,1.00000000000000000,-0.000000000,fixed,1,access-plus-rate-deterministic,3,8
2,4,2,1024,262144,1048576,cycle,8,random,os-getrandom,random-old-and-new-paths,post,40,1048576,1.00000000000000000,-0.000000000,fixed,1,access-plus-rate-deterministic,3,8
2,4,2,1024,262144,1048576,cycle,8,random,os-getrandom,random-old-and-new-paths,post,41,1048576,1.00000000000000000,-0.000000000,fixed,1,access-plus-rate-deterministic,3,8
2,4,2,1024,262144,1048576,cycle,8,random,os-getrandom,random-old-and-new-paths,post,42,1048576,1.00000000000000000,-0.000000000,fixed,1,access-plus-rate-deterministic,3,8
2,4,2,1024,262144,1048576,cycle,8,random,os-getrandom,random-old-and-new-paths,post,43,1048576,1.00000000000000000,-0.000000000,fixed,1,access-plus-rate-deterministic,3,8
2,4,2,1024,262144,1048576,cycle,8,random,os-getrandom,random-old-and-new-paths,post,44,1048576,1.00000000000000000,-0.000000000,fixed,1,access-plus-rate-deterministic,3,8
2,4,2,1024,262144,1048576,cycle,8,random,os-getrandom,random-old-and-new-paths,post,45,1048576,1.00000000000000000,-0.000000000,fixed,1,access-plus-rate-deterministic,3,8
2,4,2,1024,262144,1048576,cycle,8,random,os-getrandom,random-old-and-new-paths,post,46,1048576,1.00000000000000000,-0.000000000,fixed,1,access-plus-rate-deterministic,3,8
2,4,2,1024,262144,1048576,cycle,8,random,os-getrandom,random-old-and-new-paths,post,47,1048576,1.00000000000000000,-0.000000000,fixed,1,access-plus-rate-deterministic,3,8
2,4,2,1024,262144,1048576,cycle,8,random,os-getrandom,random-old-and-new-paths,post,48,1048576,1.00000000000000000,-0.000000000,fixed,1,access-plus-rate-deterministic,3,8
2,4,2,1024,262144,1048576,cycle,8,random,os-getrandom,random-old-and-new-paths,post,49,1048576,1.00000000000000000,-0.000000000,fixed,1,access-plus-rate-deterministic,3,8
2,4,2,1024,262144,1048576,cycle,8,random,os-getrandom,random-old-and-new-paths,post,50,1048576,1.00000000000000000,-0.000000000,fixed,1,access-plus-rate-deterministic,3,8
2,4,2,1024,262144,1048576,cycle,8,random,os-getrandom,random-old-and-new-paths,post,51,1048576,1.00000000000000000,-0.000000000,fixed,1,access-plus-rate-deterministic,3,8
2,4,2,1024,262144,1048576,cycle,8,random,os-getrandom,random-old-and-new-paths,post,52,1048576,1.00000000000000000,-0.000000000,fixed,1,access-plus-rate-deterministic,3,8
2,4,2,1024,262144,1048576,cycle,8,random,os-getrandom,random-old-and-new-paths,post,53,1048576,1.00000000000000000,-0.000000000,fixed,1,access-plus-rate-deterministic,3,8
2,4,2,1024,262144,1048576,cycle,8,random,os-getrandom,random-old-and-new-paths,post,54,1048576,1.00000000000000000,-0.000000000,fixed,1,access-plus-rate-deterministic,3,8
2,4,2,1024,262144,1048576,cycle,8,random,os-getrandom,random-old-and-new-paths,post,55,1048576,1.00000000000000000,-0.000000000,fixed,1,access-plus-rate-deterministic,3,8
2,4,2,1024,262144,1048576,cycle,8,random,os-getrandom,random-old-and-new-paths,post,56,1048576,1.00000000000000000,-0.000000000,fixed,1,access-plus-rate-deterministic,3,8
2,4,2,1024,262144,1048576,cycle,8,random,os-getrandom,random-old-and-new-paths,post,57,1048576,1.00000000000000000,-0.000000000,fixed,1,access-plus-rate-deterministic,3,8
2,4,2,1024,262144,1048576,cycle,8,random,os-getrandom,random-old-and-new-paths,post,58,1048576,1.00000000000000000,-0.000000000,fixed,1,access-plus-rate-deterministic,3,8
2,4,2,1024,262144,1048576,cycle,8,random,os-getrandom,random-old-and-new-paths,post,59,1048576,1.00000000000000000,-0.000000000,fixed,1,access-plus-rate-deterministic,3,8
2,4,2,1024,262144,1048576,cycle,8,random,os-getrandom,random-old-and-new-paths,post,60,1048576,1.00000000000000000,-0.000000000,fixed,1,access-plus-rate-deterministic,3,8
2,4,2,1024,262144,1048576,cycle,8,random,os-getrandom,random-old-and-new-paths,post,61,1048576,1.00000000000000000,-0.000000000,fixed,1,access-plus-rate-deterministic,3,8
2,4,2,1024,262144,1048576,cycle,8,random,os-getrandom,random-old-and-new-paths,post,62,1048576,1.00000000000000000,-0.000000000,fixed,1,access-plus-rate-deterministic,3,8
2,4,2,1024,262144,1048576,cycle,8,random,os-getrandom,random-old-and-new-paths,post,63,1048576,1.00000000000000000,-0.000000000,fixed,1,access-plus-rate-deterministic,3,8
2,4,2,1024,262144,1048576,cycle,8,random,os-getrandom,random-old-and-new-paths,post,64,1048576,1.00000000000000000,-0.000000000,fixed,1,access-plus-rate-deterministic,3,8
2,4,2,1024,262144,1048576,cycle,8,random,os-getrandom,random-old-and-new-paths,post,65,1048576,1.00000000000000000,-0.000000000,fixed,1,access-plus-rate-deterministic,3,8
2,4,2,1024,262144,1048576,cycle,8,random,os-getrandom,random-old-and-new-paths,post,66,1048576,1.00000000000000000,-0.000000000,fixed,1,access-plus-rate-deterministic,3,8
2,4,2,1024,262144,1048576,cycle,8,random,os-getrandom,random-old-and-new-paths,post,67,1048576,1.00000000000000000,-0.000000000,fixed,1,access-plus-rate-deterministic,3,8
2,4,2,1024,262144,1048576,cycle,8,random,os-getrandom,random-old-and-new-paths,post,68,1048576,1.00000000000000000,-0.000000000,fixed,1,access-plus-rate-deterministic,3,8
2,4,2,1024,262144,1048576,cycle,8,random,os-getrandom,random-old-and-new-paths,post,69,1048576,1.00000000000000000,-0.000000000,fixed,1,access-plus-rate-deterministic,3,8
2,4,2,1024,262144,1048576,cycle,8,random,os-getrandom,random-old-and-new-paths,post,70,1048576,1.00000000000000000,-0.000000000,fixed,1,access-plus-rate-deterministic,3,8
2,4,2,1024,262144,1048576,cycle,8,random,os-getrandom,random-old-and-new-paths,post,71,1048576,1.00000000000000000,-0.000000000,fixed,1,access-plus-rate-deterministic,3,8
2,4,2,1024,262144,1048576,cycle,8,random,os-getrandom,random-old-and-new-paths,post,72,1048576,1.00000000000000000,-0.000000000,fixed,1,access-plus-rate-deterministic,3,8
2,4,2,1024,262144,1048576,cycle,8,random,os-getrandom,random-old-and-new-paths,post,73,1048576,1.00000000000000000,-0.000000000,fixed,1,access-plus-rate-deterministic,3,8
2,4,2,1024,262144,1048576,cycle,8,random,os-getrandom,random-old-and-new-paths,post,74,1048576,1.00000000000000000,-0.000000000,fixed,1,access-plus-rate-deterministic,3,8
2,4,2,1024,262144,1048576,cycle,8,random,os-getrandom,random-old-and-new-paths,post,75,1048576,1.00000000000000000,-0.000000000,fixed,1,access-plus-rate-deterministic,3,8
2,4,2,1024,262144,1048576,cycle,8,random,os-getrandom,random-old-and-new-paths,post,76,1048576,1.00000000000000000,-0.000000000,fixed,1,access-plus-rate-deterministic,3,8
2,4,2,1024,262144,1048576,cycle,8,random,os-getrandom,random-old-and-new-paths,post,77,1048576,1.00000000000000000,-0.000000000,fixed,1,access-plus-rate-deterministic,3,8
2,4,2,1024,262144,1048576,cycle,8,random,os-getrandom,random-old-and-new-paths,post,78,1048576,1.00000000000000000,-0.000000000,fixed,1,access-plus-rate-deterministic,3,8
2,4,2,1024,262144,1048576,cycle,8,random,os-getrandom,random-old-and-new-paths,post,79,1048576,1.00000000000000000,-0.000000000,fixed,1,access-plus-rate-deterministic,3,8
2,4,2,1024,262144,1048576,cycle,8,random,os-getrandom,random-old-and-new-paths,post,80,1048576,1.00000000000000000,-0.000000000,fixed,1,access-plus-rate-deterministic,3,8
2,4,2,1024,262144,1048576,cycle,8,random,os-getrandom,random-old-and-new-paths,post,81,1048576,1.00000000000000000,-0.000000000,fixed,1,access-plus-rate-deterministic,3,8
2,4,2,1024,262144,1048576,cycle,8,random,os-getrandom,random-old-and-new-paths,post,82,1048576,1.00000000000000000,-0.000000000,fixed,1,access-plus-rate-deterministic,3,8
2,4,2,1024,262144,1048576,cycle,8,random,os-getrandom,random-old-and-new-paths,post,83,1048576,1.00000000000000000,-0.000000000,fixed,1,access-plus-rate-deterministic,3,8
2,4,2,1024,262144,1048576,cycle,8,random,os-getrandom,random-old-and-new-paths,post,84,1048576,1.00000000000000000,-0.000000000,fixed,1,access-plus-rate-deterministic,3,8
2,4,2,1024,262144,1048576,cycle,8,random,os-getrandom,random-old-and-new-paths,post,85,1048576,1.00000000000000000,-0.000000000,fixed,1,access-plus-rate-deterministic,3,8
2,4,2,1024,262144,1048576,cycle,8,random,os-getrandom,random-old-and-new-paths,post,86,1048576,1.00000000000000000,-0.000000000,fixed,1,access-plus-rate-deterministic,3,8
2,4,2,1024,262144,1048576,cycle,8,random,os-getrandom,random-old-and-new-paths,post,87,1048576,1.00000000000000000,-0.000000000,fixed,1,access-plus-rate-deterministic,3,8
2,4,2,1024,262144,1048576,cycle,8,random,os-getrandom,random-old-and-new-paths,post,88,1048576,1.00000000000000000,-0.000000000,fixed,1,access-plus-rate-deterministic,3,8
2,4,2,1024,262144,1048576,cycle,8,random,os-getrandom,random-old-and-new-paths,post,89,1048576,1.00000000000000000,-0.000000000,fixed,1,access-plus-rate-deterministic,3,8
2,4,2,1024,262144,1048576,cycle,8,random,os-getrandom,random-old-and-new-paths,post,90,1048576,1.00000000000000000,-0.000000000,fixed,1,access-plus-rate-deterministic,3,8
2,4,2,1024,262144,1048576,cycle,8,random,os-getrandom,random-old-and-new-paths,post,91,1048576,1.00000000000000000,-0.000000000,fixed,1,access-plus-rate-deterministic,3,8
2,4,2,1024,262144,1048576,cycle,8,random,os-getrandom,random-old-and-new-paths,post,92,1048576,1.00000000000000000,-0.000000000,fixed,1,access-plus-rate-deterministic,3,8
2,4,2,1024,262144,1048576,cycle,8,random,os-getrandom,random-old-and-new-paths,post,93,1048576,1.00000000000000000,-0.000000000,fixed,1,access-plus-rate-deterministic,3,8
2,4,2,1024,262144,1048576,cycle,8,random,os-getrandom,random-old-and-new-paths,post,94,1048576,1.00000000000000000,-0.000000000,fixed,1,access-plus-rate-deterministic,3,8
2,4,2,1024,262144,1048576,cycle,8,random,os-getrandom,random-old-and-new-paths,post,95,1048576,1.00000000000000000,-0.000000000,fixed,1,access-plus-rate-deterministic,3,8
2,4,2,1024,262144,1048576,cycle,8,random,os-getrandom,random-old-and-new-paths,post,96,1048576,1.00000000000000000,-0.000000000,fixed,1,access-plus-rate-deterministic,3,8
2,4,2,1024,262144,1048576,cycle,8,random,os-getrandom,random-old-and-new-paths,post,97,1048576,1.00000000000000000,-0.000000000,fixed,1,access-plus-rate-deterministic,3,8
2,4,2,1024,262144,1048576,cycle,8,random,os-getrandom,random-old-and-new-paths,post,98,1048576,1.00000000000000000,-0.000000000,fixed,1,access-plus-rate-deterministic,3,8
2,4,2,1024,262144,1048576,cycle,8,random,os-getrandom,random-old-and-new-paths,post,99,1048576,1.00000000000000000,-0.000000000,fixed,1,access-plus-rate-deterministic,3,8
2,4,2,1024,262144,1048576,cycle,8,random,os-getrandom,random-old-and-new-paths,post,100,1048576,1.00000000000000000,-0.000000000,fixed,1,access-plus-rate-deterministic,3,8
2,4,2,1024,262144,1048576,cycle,8,random,os-getrandom,random-old-and-new-paths,post,101,1048576,1.00000000000000000,-0.000000000,fixed,1,access-plus-rate-deterministic,3,8
2,4,2,1024,262144,1048576,cycle,8,random,os-getrandom,random-old-and-new-paths,post,102,1048576,1.00000000000000000,-0.000000000,fixed,1,access-plus-rate-deterministic,3,8
2,4,2,1024,262144,1048576,cycle,8,random,os-getrandom,random-old-and-new-paths,post,103,1048576,1.00000000000000000,-0.000000000,fixed,1,access-plus-rate-deterministic,3,8
2,4,2,1024,262144,1048576,cycle,8,random,os-getrandom,random-old-and-new-paths,post,104,1048576,1.00000000000000000,-0.000000000,fixed,1,access-plus-rate-deterministic,3,8
2,4,2,1024,262144,1048576,cycle,8,random,os-getrandom,random-old-and-new-paths,post,105,1048576,1.00000000000000000,-0.000000000,fixed,1,access-plus-rate-deterministic,3,8
2,4,2,1024,262144,1048576,cycle,8,random,os-getrandom,random-old-and-new-paths,post,106,1048576,1.00000000000000000,-0.000000000,fixed,1,access-plus-rate-deterministic,3,8
2,4,2,1024,262144,1048576,cycle,8,random,os-getrandom,random-old-and-new-paths,post,107,1048576,1.00000000000000000,-0.000000000,fixed,1,access-plus-rate-deterministic,3,8
2,4,2,1024,262144,1048576,cycle,8,random,os-getrandom,random-old-and-new-paths,post,108,1048576,1.00000000000000000,-0.000000000,fixed,1,access-plus-rate-deterministic,3,8
2,4,2,1024,262144,1048576,cycle,8,random,os-getrandom,random-old-and-new-paths,post,109,1048576,1.00000000000000000,-0.000000000,fixed,1,access-plus-rate-deterministic,3,8
2,4,2,1024,262144,1048576,cycle,8,random,os-getrandom,random-old-and-new-paths,post,110,1048576,1.00000000000000000,-0.000000000,fixed,1,access-plus-rate-deterministic,3,8
2,4,2,1024,262144,1048576,cycle,8,random,os-getrandom,random-old-and-new-paths,post,111,1048576,1.00000000000000000,-0.000000000,fixed,1,access-plus-rate-deterministic,3,8
2,4,2,1024,262144,1048576,cycle,8,random,os-getrandom,random-old-and-new-paths,post,112,1048576,1.00000000000000000,-0.000000000,fixed,1,access-plus-rate-deterministic,3,8
2,4,2,1024,262144,1048576,cycle,8,random,os-getrandom,random-old-and-new-paths,post,113,1048576,1.00000000000000000,-0.000000000,fixed,1,access-plus-rate-deterministic,3,8
2,4,2,1024,262144,1048576,cycle,8,random,os-getrandom,random-old-and-new-paths,post,114,1048576,1.00000000000000000,-0.000000000,fixed,1,access-plus-rate-deterministic,3,8
2,4,2,1024,262144,1048576,cycle,8,random,os-getrandom,random-old-and-new-paths,post,115,1048576,1.00000000000000000,-0.000000000,fixed,1,access-plus-rate-deterministic,3,8
2,4,2,1024,262144,1048576,cycle,8,random,os-getrandom,random-old-and-new-paths,post,116,1048576,1.00000000000000000,-0.000000000,fixed,1,access-plus-rate-deterministic,3,8
2,4,2,1024,262144,1048576,cycle,8,random,os-getrandom,random-old-and-new-paths,post,117,1048576,1.00000000000000000,-0.000000000,fixed,1,access-plus-rate-deterministic,3,8
2,4,2,1024,262144,1048576,cycle,8,random,os-getrandom,random-old-and-new-paths,post,118,1048576,1.00000000000000000,-0.000000000,fixed,1,access-plus-rate-deterministic,3,8
2,4,2,1024,262144,1048576,cycle,8,random,os-getrandom,random-old-and-new-paths,post,119,1048576,1.00000000000000000,-0.000000000,fixed,1,access-plus-rate-deterministic,3,8
2,4,2,1024,262144,1048576,cycle,8,random,os-getrandom,random-old-and-new-paths,post,120,1048576,1.00000000000000000,-0.000000000,fixed,1,access-plus-rate-deterministic,3,8
2,4,2,1024,262144,1048576,cycle,8,random,os-getrandom,random-old-and-new-paths,post,121,1048576,1.00000000000000000,-0.000000000,fixed,1,access-plus-rate-deterministic,3,8
2,4,2,1024,262144,1048576,cycle,8,random,os-getrandom,random-old-and-new-paths,post,122,1048576,1.00000000000000000,-0.000000000,fixed,1,access-plus-rate-deterministic,3,8
2,4,2,1024,262144,1048576,cycle,8,random,os-getrandom,random-old-and-new-paths,post,123,1048576,1.00000000000000000,-0.000000000,fixed,1,access-plus-rate-deterministic,3,8
2,4,2,1024,262144,1048576,cycle,8,random,os-getrandom,random-old-and-new-paths,post,124,1048576,1.00000000000000000,-0.000000000,fixed,1,access-plus-rate-deterministic,3,8
2,4,2,1024,262144,1048576,cycle,8,random,os-getrandom,random-old-and-new-paths,post,125,1048576,1.00000000000000000,-0.000000000,fixed,1,access-plus-rate-deterministic,3,8
2,4,2,1024,262144,1048576,cycle,8,random,os-getrandom,random-old-and-new-paths,post,126,1048576,1.00000000000000000,-0.000000000,fixed,1,access-plus-rate-deterministic,3,8
2,4,2,1024,262144,1048576,cycle,8,random,os-getrandom,random-old-and-new-paths,post,127,1048576,1.00000000000000000,-0.000000000,fixed,1,access-plus-rate-deterministic,3,8
2,4,2,1024,262144,1048576,cycle,8,random,os-getrandom,random-old-and-new-paths,post,128,1048576,1.00000000000000000,-0.000000000,fixed,1,access-plus-rate-deterministic,3,8
2,4,2,1024,262144,1048576,cycle,8,random,os-getrandom,random-old-and-new-paths,post,129,1048576,1.00000000000000000,-0.000000000,fixed,1,access-plus-rate-deterministic,3,8
2,4,2,1024,262144,1048576,cycle,8,random,os-getrandom,random-old-and-new-paths,post,130,1048576,1.00000000000000000,-0.000000000,fixed,1,access-plus-rate-deterministic,3,8
2,4,2,1024,262144,1048576,cycle,8,random,os-getrandom,random-old-and-new-paths,post,131,1048576,1.00000000000000000,-0.000000000,fixed,1,access-plus-rate-deterministic,3,8
2,4,2,1024,262144,1048576,cycle,8,random,os-getrandom,random-old-and-new-paths,post,132,1048576,1.00000000000000000,-0.000000000,fixed,1,access-plus-rate-deterministic,3,8
2,4,2,1024,262144,1048576,cycle,8,random,os-getrandom,random-old-and-new-paths,post,133,1048576,1.00000000000000000,-0.000000000,fixed,1,access-plus-rate-deterministic,3,8
2,4,2,1024,262144,1048576,cycle,8,random,os-getrandom,random-old-and-new-paths,post,134,1048576,1.00000000000000000,-0.000000000,fixed,1,access-plus-rate-deterministic,3,8
2,4,2,1024,262144,1048576,cycle,8,random,os-getrandom,random-old-and-new-paths,post,135,1048576,1.00000000000000000,-0.000000000,fixed,1,access-plus-rate-deterministic,3,8
2,4,2,1024,262144,1048576,cycle,8,random,os-getrandom,random-old-and-new-paths,post,136,1048576,1.00000000000000000,-0.000000000,fixed,1,access-plus-rate-deterministic,3,8
2,4,2,1024,262144,1048576,cycle,8,random,os-getrandom,random-old-and-new-paths,post,137,1048576,1.00000000000000000,-0.000000000,fixed,1,access-plus-rate-deterministic,3,8
2,4,2,1024,262144,1048576,cycle,8,random,os-getrandom,random-old-and-new-paths,post,138,1048576,1.00000000000000000,-0.000000000,fixed,1,access-plus-rate-deterministic,3,8
2,4,2,1024,262144,1048576,cycle,8,random,os-getrandom,random-old-and-new-paths,post,139,1048576,1.00000000000000000,-0.000000000,fixed,1,access-plus-rate-deterministic,3,8
2,4,2,1024,262144,1048576,cycle,8,random,os-getrandom,random-old-and-new-paths,post,140,1048576,1.00000000000000000,-0.000000000,fixed,1,access-plus-rate-deterministic,3,8
2,4,2,1024,262144,1048576,cycle,8,random,os-getrandom,random-old-and-new-paths,post,141,1048576,1.00000000000000000,-0.000000000,fixed,1,access-plus-rate-deterministic,3,8
2,4,2,1024,262144,1048576,cycle,8,random,os-getrandom,random-old-and-new-paths,post,142,1048576,1.00000000000000000,-0.000000000,fixed,1,access-plus-rate-deterministic,3,8
2,4,2,1024,262144,1048576,cycle,8,random,os-getrandom,random-old-and-new-paths,post,143,1048576,1.00000000000000000,-0.000000000,fixed,1,access-plus-rate-deterministic,3,8
2,4,2,1024,262144,1048576,cycle,8,random,os-getrandom,random-old-and-new-paths,post,144,1048576,1.00000000000000000,-0.000000000,fixed,1,access-plus-rate-deterministic,3,8
2,4,2,1024,262144,1048576,cycle,8,random,os-getrandom,random-old-and-new-paths,post,145,1048576,1.00000000000000000,-0.000000000,fixed,1,access-plus-rate-deterministic,3,8
2,4,2,1024,262144,1048576,cycle,8,random,os-getrandom,random-old-and-new-paths,post,146,1048576,1.00000000000000000,-0.000000000,fixed,1,access-plus-rate-deterministic,3,8
2,4,2,1024,262144,1048576,cycle,8,random,os-getrandom,random-old-and-new-paths,post,147,1048576,1.00000000000000000,-0.000000000,fixed,1,access-plus-rate-deterministic,3,8
2,4,2,1024,262144,1048576,cycle,8,random,os-getrandom,random-old-and-new-paths,post,148,1048576,1.00000000000000000,-0.000000000,fixed,1,access-plus-rate-deterministic,3,8
2,4,2,1024,262144,1048576,cycle,8,random,os-getrandom,random-old-and-new-paths,post,149,1048576,1.00000000000000000,-0.000000000,fixed,1,access-plus-rate-deterministic,3,8
2,4,2,1024,262144,1048576,cycle,8,random,os-getrandom,random-old-and-new-paths,post,150,1048576,1.00000000000000000,-0.000000000,fixed,1,access-plus-rate-deterministic,3,8
2,4,2,1024,262144,1048576,cycle,8,random,os-getrandom,random-old-and-new-paths,post,151,1048576,1.00000000000000000,-0.000000000,fixed,1,access-plus-rate-deterministic,3,8
2,4,2,1024,262144,1048576,cycle,8,random,os-getrandom,random-old-and-new-paths,post,152,1048576,1.00000000000000000,-0.000000000,fixed,1,access-plus-rate-deterministic,3,8
2,4,2,1024,262144,1048576,cycle,8,random,os-getrandom,random-old-and-new-paths,post,153,1048576,1.00000000000000000,-0.000000000,fixed,1,access-plus-rate-deterministic,3,8
2,4,2,1024,262144,1048576,cycle,8,random,os-getrandom,random-old-and-new-paths,post,154,1048576,1.00000000000000000,-0.000000000,fixed,1,access-plus-rate-deterministic,3,8
2,4,2,1024,262144,1048576,cycle,8,random,os-getrandom,random-old-and-new-paths,post,155,1048576,1.00000000000000000,-0.000000000,fixed,1,access-plus-rate-deterministic,3,8
2,4,2,1024,262144,1048576,cycle,8,random,os-getrandom,random-old-and-new-paths,post,156,1048576,1.00000000000000000,-0.000000000,fixed,1,access-plus-rate-deterministic,3,8
2,4,2,1024,262144,1048576,cycle,8,random,os-getrandom,random-old-and-new-paths,post,157,1048576,1.00000000000000000,-0.000000000,fixed,1,access-plus-rate-deterministic,3,8
2,4,2,1024,262144,1048576,cycle,8,random,os-getrandom,random-old-and-new-paths,post,158,1048576,1.00000000000000000,-0.000000000,fixed,1,access-plus-rate-deterministic,3,8
2,4,2,1024,262144,1048576,cycle,8,random,os-getrandom,random-old-and-new-paths,post,159,1048576,1.00000000000000000,-0.000000000,fixed,1,access-plus-rate-deterministic,3,8
2,4,2,1024,262144,1048576,cycle,8,random,os-getrandom,random-old-and-new-paths,post,160,1048576,1.00000000000000000,-0.000000000,fixed,1,access-plus-rate-deterministic,3,8
2,4,2,1024,262144,1048576,cycle,8,random,os-getrandom,random-old-and-new-paths,post,161,1048576,1.00000000000000000,-0.000000000,fixed,1,access-plus-rate-deterministic,3,8
2,4,2,1024,262144,1048576,cycle,8,random,os-getrandom,random-old-and-new-paths,post,162,1048576,1.00000000000000000,-0.000000000,fixed,1,access-plus-rate-deterministic,3,8
2,4,2,1024,262144,1048576,cycle,8,random,os-getrandom,random-old-and-new-paths,post,163,1048576,1.00000000000000000,-0.000000000,fixed,1,access-plus-rate-deterministic,3,8
2,4,2,1024,262144,1048576,cycle,8,random,os-getrandom,random-old-and-new-paths,post,164,1048576,1.00000000000000000,-0.000000000,fixed,1,access-plus-rate-deterministic,3,8
2,4,2,1024,262144,1048576,cycle,8,random,os-getrandom,random-old-and-new-paths,post,165,1048576,1.00000000000000000,-0.000000000,fixed,1,access-plus-rate-deterministic,3,8
2,4,2,1024,262144,1048576,cycle,8,random,os-getrandom,random-old-and-new-paths,post,166,1048576,1.00000000000000000,-0.000000000,fixed,1,access-plus-rate-deterministic,3,8
2,4,2,1024,262144,1048576,cycle,8,random,os-getrandom,random-old-and-new-paths,post,167,1048576,1.00000000000000000,-0.000000000,fixed,1,access-plus-rate-deterministic,3,8
2,4,2,1024,262144,1048576,cycle,8,random,os-getrandom,random-old-and-new-paths,post,168,1048576,1.00000000000000000,-0.000000000,fixed,1,access-plus-rate-deterministic,3,8
2,4,2,1024,262144,1048576,cycle,8,random,os-getrandom,random-old-and-new-paths,post,169,1048576,1.00000000000000000,-0.000000000,fixed,1,access-plus-rate-deterministic,3,8
2,4,2,1024,262144,1048576,cycle,8,random,os-getrandom,random-old-and-new-paths,post,170,1048576,1.00000000000000000,-0.000000000,fixed,1,access-plus-rate-deterministic,3,8
2,4,2,1024,262144,1048576,cycle,8,random,os-getrandom,random-old-and-new-paths,post,171,1048576,1.00000000000000000,-0.000000000,fixed,1,access-plus-rate-deterministic,3,8
2,4,2,1024,262144,1048576,cycle,8,random,os-getrandom,random-old-and-new-paths,post,172,1048576,1.00000000000000000,-0.000000000,fixed,1,access-plus-rate-deterministic,3,8
2,4,2,1024,262144,1048576,cycle,8,random,os-getrandom,random-old-and-new-paths,post,173,1048576,1.00000000000000000,-0.000000000,fixed,1,access-plus-rate-deterministic,3,8
2,4,2,1024,262144,1048576,cycle,8,random,os-getrandom,random-old-and-new-paths,post,174,1048576,1.00000000000000000,-0.000000000,fixed,1,access-plus-rate-deterministic,3,8
2,4,2,1024,262144,1048576,cycle,8,random,os-getrandom,random-old-and-new-paths,post,175,1048576,1.00000000000000000,-0.000000000,fixed,1,access-plus-rate-deterministic,3,8
2,4,2,1024,262144,1048576,cycle,8,random,os-getrandom,random-old-and-new-paths,post,176,1048576,1.00000000000000000,-0.000000000,fixed,1,access-plus-rate-deterministic,3,8
2,4,2,1024,262144,1048576,cycle,8,random,os-getrandom,random-old-and-new-paths,post,177,1048576,1.00000000000000000,-0.000000000,fixed,1,access-plus-rate-deterministic,3,8
2,4,2,1024,262144,1048576,cycle,8,random,os-getrandom,random-old-and-new-paths,post,178,1048576,1.00000000000000000,-0.000000000,fixed,1,access-plus-rate-deterministic,3,8
2,4,2,1024,262144,1048576,cycle,8,random,os-getrandom,random-old-and-new-paths,post,179,1048576,1.00000000000000000,-0.000000000,fixed,1,access-plus-rate-deterministic,3,8
2,4,2,1024,262144,1048576,cycle,8,random,os-getrandom,random-old-and-new-paths,post,180,1048576,1.00000000000000000,-0.000000000,fixed,1,access-plus-rate-deterministic,3,8
2,4,2,1024,262144,1048576,cycle,8,random,os-getrandom,random-old-and-new-paths,post,181,1048576,1.00000000000000000,-0.000000000,fixed,1,access-plus-rate-deterministic,3,8
2,4,2,1024,262144,1048576,cycle,8,random,os-getrandom,random-old-and-new-paths,post,182,1048576,1.00000000000000000,-0.000000000,fixed,1,access-plus-rate-deterministic,3,8
2,4,2,1024,262144,1048576,cycle,8,random,os-getrandom,random-old-and-new-paths,post,183,1048576,1.00000000000000000,-0.000000000,fixed,1,access-plus-rate-deterministic,3,8
2,4,2,1024,262144,1048576,cycle,8,random,os-getrandom,random-old-and-new-paths,post,184,1048576,1.00000000000000000,-0.000000000,fixed,1,access-plus-rate-deterministic,3,8
2,4,2,1024,262144,1048576,cycle,8,random,os-getrandom,random-old-and-new-paths,post,185,1048576,1.00000000000000000,-0.000000000,fixed,1,access-plus-rate-deterministic,3,8
2,4,2,1024,262144,1048576,cycle,8,random,os-getrandom,random-old-and-new-paths,post,186,1048576,1.00000000000000000,-0.000000000,fixed,1,access-plus-rate-deterministic,3,8
2,4,2,1024,262144,1048576,cycle,8,random,os-getrandom,random-old-and-new-paths,post,187,1048576,1.00000000000000000,-0.000000000,fixed,1,access-plus-rate-deterministic,3,8
2,4,2,1024,262144,1048576,cycle,8,random,os-getrandom,random-old-and-new-paths,post,188,1048576,1.00000000000000000,-0.000000000,fixed,1,access-plus-rate-deterministic,3,8
2,4,2,1024,262144,1048576,cycle,8,random,os-getrandom,random-old-and-new-paths,post,189,1048576,1.00000000000000000,-0.000000000,fixed,1,access-plus-rate-deterministic,3,8
2,4,2,1024,262144,1048576,cycle,8,random,os-getrandom,random-old-and-new-paths,post,190,1048576,1.00000000000000000,-0.000000000,fixed,1,access-plus-rate-deterministic,3,8
2,4,2,1024,262144,1048576,cycle,8,random,os-getrandom,random-old-and-new-paths,post,191,1048576,1.00000000000000000,-0.000000000,fixed,1,access-plus-rate-deterministic,3,8
2,4,2,1024,262144,1048576,cycle,8,random,os-getrandom,random-old-and-new-paths,post,192,1048576,1.00000000000000000,-0.000000000,fixed,1,access-plus-rate-deterministic,3,8
2,4,2,1024,262144,1048576,cycle,8,random,os-getrandom,random-old-and-new-paths,post,193,1048576,1.00000000000000000,-0.000000000,fixed,1,access-plus-rate-deterministic,3,8
2,4,2,1024,262144,1048576,cycle,8,random,os-getrandom,random-old-and-new-paths,post,194,1048576,1.00000000000000000,-0.000000000,fixed,1,access-plus-rate-deterministic,3,8
2,4,2,1024,262144,1048576,cycle,8,random,os-getrandom,random-old-and-new-paths,post,195,1048576,1.00000000000000000,-0.000000000,fixed,1,access-plus-rate-deterministic,3,8
2,4,2,1024,262144,1048576,cycle,8,random,os-getrandom,random-old-and-new-paths,post,196,1048576,1.00000000000000000,-0.000000000,fixed,1,access-plus-rate-deterministic,3,8
2,4,2,1024,262144,1048576,cycle,8,random,os-getrandom,random-old-and-new-paths,post,197,1048576,1.00000000000000000,-0.000000000,fixed,1,access-plus-rate-deterministic,3,8
2,4,2,1024,262144,1048576,cycle,8,random,os-getrandom,random-old-and-new-paths,post,198,1048576,1.00000000000000000,-0.000000000,fixed,1,access-plus-rate-deterministic,3,8
2,4,2,1024,262144,1048576,cycle,8,random,os-getrandom,random-old-and-new-paths,post,199,1048576,1.00000000000000000,-0.000000000,fixed,1,access-plus-rate-deterministic,3,8
2,4,2,1024,262144,1048576,cycle,8,random,os-getrandom,random-old-and-new-paths,post,200,1048576,1.00000000000000000,-0.000000000,fixed,1,access-plus-rate-deterministic,3,8
2,4,2,1024,262144,1048576,cycle,8,random,os-getrandom,random-old-and-new-paths,post,201,1048576,1.00000000000000000,-0.000000000,fixed,1,access-plus-rate-deterministic,3,8
2,4,2,1024,262144,1048576,cycle,8,random,os-getrandom,random-old-and-new-paths,post,202,1048576,1.00000000000000000,-0.000000000,fixed,1,access-plus-rate-deterministic,3,8
2,4,2,1024,262144,1048576,cycle,8,random,os-getrandom,random-old-and-new-paths,post,203,1048576,1.00000000000000000,-0.000000000,fixed,1,access-plus-rate-deterministic,3,8
2,4,2,1024,262144,1048576,cycle,8,random,os-getrandom,random-old-and-new-paths,post,204,1048576,1.00000000000000000,-0.000000000,fixed,1,access-plus-rate-deterministic,3,8
2,4,2,1024,262144,1048576,cycle,8,random,os-getrandom,random-old-and-new-paths,post,205,1048576,1.00000000000000000,-0.000000000,fixed,1,access-plus-rate-deterministic,3,8
2,4,2,1024,262144,1048576,cycle,8,random,os-getrandom,random-old-and-new-paths,post,206,1048576,1.00000000000000000,-0.000000000,fixed,1,access-plus-rate-deterministic,3,8
2,4,2,1024,262144,1048576,cycle,8,random,os-getrandom,random-old-and-new-paths,post,207,1048576,1.00000000000000000,-0.000000000,fixed,1,access-plus-rate-deterministic,3,8
2,4,2,1024,262144,1048576,cycle,8,random,os-getrandom,random-old-and-new-paths,post,208,1048576,1.00000000000000000,-0.000000000,fixed,1,access-plus-rate-deterministic,3,8
2,4,2,1024,262144,1048576,cycle,8,random,os-getrandom,random-old-and-new-paths,post,209,1048576,1.00000000000000000,-0.000000000,fixed,1,access-plus-rate-deterministic,3,8
2,4,2,1024,262144,1048576,cycle,8,random,os-getrandom,random-old-and-new-paths,post,210,1048576,1.00000000000000000,-0.000000000,fixed,1,access-plus-rate-deterministic,3,8
2,4,2,1024,262144,1048576,cycle,8,random,os-getrandom,random-old-and-new-paths,post,211,1048576,1.00000000000000000,-0.000000000,fixed,1,access-plus-rate-deterministic,3,8
2,4,2,1024,262144,1048576,cycle,8,random,os-getrandom,random-old-and-new-paths,post,212,1048576,1.00000000000000000,-0.000000000,fixed,1,access-plus-rate-deterministic,3,8
2,4,2,1024,262144,1048576,cycle,8,random,os-getrandom,random-old-and-new-paths,post,213,1048576,1.00000000000000000,-0.000000000,fixed,1,access-plus-rate-deterministic,3,8
2,4,2,1024,262144,1048576,cycle,8,random,os-getrandom,random-old-and-new-paths,post,214,1048576,1.00000000000000000,-0.000000000,fixed,1,access-plus-rate-deterministic,3,8
2,4,2,1024,262144,1048576,cycle,8,random,os-getrandom,random-old-and-new-paths,post,215,1048576,1.00000000000000000,-0.000000000,fixed,1,access-plus-rate-deterministic,3,8
2,4,2,1024,262144,1048576,cycle,8,random,os-getrandom,random-old-and-new-paths,post,216,1048576,1.00000000000000000,-0.000000000,fixed,1,access-plus-rate-deterministic,3,8
2,4,2,1024,262144,1048576,cycle,8,random,os-getrandom,random-old-and-new-paths,post,217,1048576,1.00000000000000000,-0.000000000,fixed,1,access-plus-rate-deterministic,3,8
2,4,2,1024,262144,1048576,cycle,8,random,os-getrandom,random-old-and-new-paths,post,218,1048576,1.00000000000000000,-0.000000000,fixed,1,access-plus-rate-deterministic,3,8
2,4,2,1024,262144,1048576,cycle,8,random,os-getrandom,random-old-and-new-paths,post,219,1048576,1.00000000000000000,-0.000000000,fixed,1,access-plus-rate-deterministic,3,8
2,4,2,1024,262144,1048576,cycle,8,random,os-getrandom,random-old-and-new-paths,post,220,1048576,1.00000000000000000,-0.000000000,fixed,1,access-plus-rate-deterministic,3,8
2,4,2,1024,262144,1048576,cycle,8,random,os-getrandom,random-old-and-new-paths,post,221,1048576,1.00000000000000000,-0.000000000,fixed,1,access-plus-rate-deterministic,3,8
2,4,2,1024,262144,1048576,cycle,8,random,os-getrandom,random-old-and-new-paths,post,222,1048576,1.00000000000000000,-0.000000000,fixed,1,access-plus-rate-deterministic,3,8
2,4,2,1024,262144,1048576,cycle,8,random,os-getrandom,random-old-and-new-paths,post,223,1048576,1.00000000000000000,-0.000000000,fixed,1,access-plus-rate-deterministic,3,8
2,4,2,1024,262144,1048576,cycle,8,random,os-getrandom,random-old-and-new-paths,post,224,1048576,1.00000000000000000,-0.000000000,fixed,1,access-plus-rate-deterministic,3,8
2,4,2,1024,262144,1048576,cycle,8,random,os-getrandom,random-old-and-new-paths,post,225,1048576,1.00000000000000000,-0.000000000,fixed,1,access-plus-rate-deterministic,3,8
2,4,2,1024,262144,1048576,cycle,8,random,os-getrandom,random-old-and-new-paths,post,226,1048576,1.00000000000000000,-0.000000000,fixed,1,access-plus-rate-deterministic,3,8
2,4,2,1024,262144,1048576,cycle,8,random,os-getrandom,random-old-and-new-paths,post,227,1048576,1.00000000000000000,-0.000000000,fixed,1,access-plus-rate-deterministic,3,8
2,4,2,1024,262144,1048576,cycle,8,random,os-getrandom,random-old-and-new-paths,post,228,1048576,1.00000000000000000,-0.000000000,fixed,1,access-plus-rate-deterministic,3,8
2,4,2,1024,262144,1048576,cycle,8,random,os-getrandom,random-old-and-new-paths,post,229,1048576,1.00000000000000000,-0.000000000,fixed,1,access-plus-rate-deterministic,3,8
2,4,2,1024,262144,1048576,cycle,8,random,os-getrandom,random-old-and-new-paths,post,230,1048576,1.00000000000000000,-0.000000000,fixed,1,access-plus-rate-deterministic,3,8
2,4,2,1024,262144,1048576,cycle,8,random,os-getrandom,random-old-and-new-paths,post,231,1048576,1.00000000000000000,-0.000000000,fixed,1,access-plus-rate-deterministic,3,8
2,4,2,1024,262144,1048576,cycle,8,random,os-getrandom,random-old-and-new-paths,post,232,1048576,1.00000000000000000,-0.000000000,fixed,1,access-plus-rate-deterministic,3,8
2,4,2,1024,262144,1048576,cycle,8,random,os-getrandom,random-old-and-new-paths,post,233,1048576,1.00000000000000000,-0.000000000,fixed,1,access-plus-rate-deterministic,3,8
2,4,2,1024,262144,1048576,cycle,8,random,os-getrandom,random-old-and-new-paths,post,234,1048576,1.00000000000000000,-0.000000000,fixed,1,access-plus-rate-deterministic,3,8
2,4,2,1024,262144,1048576,cycle,8,random,os-getrandom,random-old-and-new-paths,post,235,1048576,1.00000000000000000,-0.000000000,fixed,1,access-plus-rate-deterministic,3,8
2,4,2,1024,262144,1048576,cycle,8,random,os-getrandom,random-old-and-new-paths,post,236,1048576,1.00000000000000000,-0.000000000,fixed,1,access-plus-rate-deterministic,3,8
2,4,2,1024,262144,1048576,cycle,8,random,os-getrandom,random-old-and-new-paths,post,237,1048576,1.00000000000000000,-0.000000000,fixed,1,access-plus-rate-deterministic,3,8
2,4,2,1024,262144,1048576,cycle,8,random,os-getrandom,random-old-and-new-paths,post,238,1048576,1.00000000000000000,-0.000000000,fixed,1,access-plus-rate-deterministic,3,8
2,4,2,1024,262144,1048576,cycle,8,random,os-getrandom,random-old-and-new-paths,post,239,1048576,1.00000000000000000,-0.000000000,fixed,1,access-plus-rate-deterministic,3,8
2,4,2,1024,262144,1048576,cycle,8,random,os-getrandom,random-old-and-new-paths,post,240,1048576,1.00000000000000000,-0.000000000,fixed,1,access-plus-rate-deterministic,3,8
2,4,2,1024,262144,1048576,cycle,8,random,os-getrandom,random-old-and-new-paths,post,241,1048576,1.00000000000000000,-0.000000000,fixed,1,access-plus-rate-deterministic,3,8
2,4,2,1024,262144,1048576,cycle,8,random,os-getrandom,random-old-and-new-paths,post,242,1048576,1.00000000000000000,-0.000000000,fixed,1,access-plus-rate-deterministic,3,8
2,4,2,1024,262144,1048576,cycle,8,random,os-getrandom,random-old-and-new-paths,post,243,1048576,1.00000000000000000,-0.000000000,fixed,1,access-plus-rate-deterministic,3,8
2,4,2,1024,262144,1048576,cycle,8,random,os-getrandom,random-old-and-new-paths,post,244,1048576,1.00000000000000000,-0.000000000,fixed,1,access-plus-rate-deterministic,3,8
2,4,2,1024,262144,1048576,cycle,8,random,os-getrandom,random-old-and-new-paths,post,245,1048576,1.00000000000000000,-0.000000000,fixed,1,access-plus-rate-deterministic,3,8
2,4,2,1024,262144,1048576,cycle,8,random,os-getrandom,random-old-and-new-paths,post,246,1048576,1.00000000000000000,-0.000000000,fixed,1,access-plus-rate-deterministic,3,8
2,4,2,1024,262144,1048576,cycle,8,random,os-getrandom,random-old-and-new-paths,post,247,1048576,1.00000000000000000,-0.000000000,fixed,1,access-plus-rate-deterministic,3,8
2,4,2,1024,262144,1048576,cycle,8,random,os-getrandom,random-old-and-new-paths,post,248,1048576,1.00000000000000000,-0.000000000,fixed,1,access-plus-rate-deterministic,3,8
2,4,2,1024,262144,1048576,cycle,8,random,os-getrandom,random-old-and-new-paths,post,249,1048576,1.00000000000000000,-0.000000000,fixed,1,access-plus-rate-deterministic,3,8
2,4,2,1024,262144,1048576,cycle,8,random,os-getrandom,random-old-and-new-paths,post,250,1048576,1.00000000000000000,-0.000000000,fixed,1,access-plus-rate-deterministic,3,8
2,4,2,1024,262144,1048576,cycle,8,random,os-getrandom,random-old-and-new-paths,post,251,1048576,1.00000000000000000,-0.000000000,fixed,1,access-plus-rate-deterministic,3,8
2,4,2,1024,262144,1048576,cycle,8,random,os-getrandom,random-old-and-new-paths,post,252,1048576,1.00000000000000000,-0.000000000,fixed,1,access-plus-rate-deterministic,3,8
2,4,2,1024,262144,1048576,cycle,8,random,os-getrandom,random-old-and-new-paths,post,253,1048576,1.00000000000000000,-0.000000000,fixed,1,access-plus-rate-deterministic,3,8
2,4,2,1024,262144,1048576,cycle,8,random,os-getrandom,random-old-and-new-paths,post,254,1048576,1.00000000000000000,-0.000000000,fixed,1,access-plus-rate-deterministic,3,8
2,4,2,1024,262144,1048576,cycle,8,random,os-getrandom,random-old-and-new-paths,post,255,1048576,1.00000000000000000,-0.000000000,fixed,1,access-plus-rate-deterministic,3,8
2,4,2,1024,262144,1048576,cycle,8,random,os-getrandom,random-old-and-new-paths,post,256,1048576,1.00000000000000000,-0.000000000,fixed,1,access-plus-rate-deterministic,3,8
2,4,2,1024,262144,1048576,cycle,8,random,os-getrandom,random-old-and-new-paths,post,257,1048576,1.00000000000000000,-0.000000000,fixed,1,access-plus-rate-deterministic,3,8
2,4,2,1024,262144,1048576,cycle,8,random,os-getrandom,random-old-and-new-paths,post,258,1048576,1.00000000000000000,-0.000000000,fixed,1,access-plus-rate-deterministic,3,8
2,4,2,1024,262144,1048576,cycle,8,random,os-getrandom,random-old-and-new-paths,post,259,1048576,1.00000000000000000,-0.000000000,fixed,1,access-plus-rate-deterministic,3,8
2,4,2,1024,262144,1048576,cycle,8,random,os-getrandom,random-old-and-new-paths,post,260,1048576,1.00000000000000000,-0.000000000,fixed,1,access-plus-rate-deterministic,3,8
2,4,2,1024,262144,1048576,cycle,8,random,os-getrandom,random-old-and-new-paths,post,261,1048576,1.00000000000000000,-0.000000000,fixed,1,access-plus-rate-deterministic,3,8
2,4,2,1024,262144,1048576,cycle,8,random,os-getrandom,random-old-and-new-paths,post,262,1048576,1.00000000000000000,-0.000000000,fixed,1,access-plus-rate-deterministic,3,8
2,4,2,1024,262144,1048576,cycle,8,random,os-getrandom,random-old-and-new-paths,post,263,1048576,1.00000000000000000,-0.000000000,fixed,1,access-plus-rate-deterministic,3,8
2,4,2,1024,262144,1048576,cycle,8,random,os-getrandom,random-old-and-new-paths,post,264,1048576,1.00000000000000000,-0.000000000,fixed,1,access-plus-rate-deterministic,3,8
2,4,2,1024,262144,1048576,cycle,8,random,os-getrandom,random-old-and-new-paths,post,265,1048576,1.00000000000000000,-0.000000000,fixed,1,access-plus-rate-deterministic,3,8
2,4,2,1024,262144,1048576,cycle,8,random,os-getrandom,random-old-and-new-paths,post,266,1048576,1.00000000000000000,-0.000000000,fixed,1,access-plus-rate-deterministic,3,8
2,4,2,1024,262144,1048576,cycle,8,random,os-getrandom,random-old-and-new-paths,post,267,1048576,1.00000000000000000,-0.000000000,fixed,1,access-plus-rate-deterministic,3,8
2,4,2,1024,262144,1048576,cycle,8,random,os-getrandom,random-old-and-new-paths,post,268,1048576,1.00000000000000000,-0.000000000,fixed,1,access-plus-rate-deterministic,3,8
2,4,2,1024,262144,1048576,cycle,8,random,os-getrandom,random-old-and-new-paths,post,269,1048576,1.00000000000000000,-0.000000000,fixed,1,access-plus-rate-deterministic,3,8
2,4,2,1024,262144,1048576,cycle,8,random,os-getrandom,random-old-and-new-paths,post,270,1048576,1.00000000000000000,-0.000000000,fixed,1,access-plus-rate-deterministic,3,8
2,4,2,1024,262144,1048576,cycle,8,random,os-getrandom,random-old-and-new-paths,post,271,1048576,1.00000000000000000,-0.000000000,fixed,1,access-plus-rate-deterministic,3,8
2,4,2,1024,262144,1048576,cycle,8,random,os-getrandom,random-old-and-new-paths,post,272,1048576,1.00000000000000000,-0.000000000,fixed,1,access-plus-rate-deterministic,3,8
2,4,2,1024,262144,1048576,cycle,8,random,os-getrandom,random-old-and-new-paths,post,273,1048576,1.00000000000000000,-0.000000000,fixed,1,access-plus-rate-deterministic,3,8
2,4,2,1024,262144,1048576,cycle,8,random,os-getrandom,random-old-and-new-paths,post,274,1048576,1.00000000000000000,-0.000000000,fixed,1,access-plus-rate-deterministic,3,8
2,4,2,1024,262144,1048576,cycle,8,random,os-getrandom,random-old-and-new-paths,post,275,1048576,1.00000000000000000,-0.000000000,fixed,1,access-plus-rate-deterministic,3,8
2,4,2,1024,262144,1048576,cycle,8,random,os-getrandom,random-old-and-new-paths,post,276,1048576,1.00000000000000000,-0.000000000,fixed,1,access-plus-rate-deterministic,3,8
2,4,2,1024,262144,1048576,cycle,8,random,os-getrandom,random-old-and-new-paths,post,277,1048576,1.00000000000000000,-0.000000000,fixed,1,access-plus-rate-deterministic,3,8
2,4,2,1024,262144,1048576,cycle,8,random,os-getrandom,random-old-and-new-paths,post,278,1048576,1.00000000000000000,-0.000000000,fixed,1,access-plus-rate-deterministic,3,8
2,4,2,1024,262144,1048576,cycle,8,random,os-getrandom,random-old-and-new-paths,post,279,1048576,1.00000000000000000,-0.000000000,fixed,1,access-plus-rate-deterministic,3,8
2,4,2,1024,262144,1048576,cycle,8,random,os-getrandom,random-old-and-new-paths,post,280,1048576,1.00000000000000000,-0.000000000,fixed,1,access-plus-rate-deterministic,3,8
2,4,2,1024,262144,1048576,cycle,8,random,os-getrandom,random-old-and-new-paths,post,281,1048576,1.00000000000000000,-0.000000000,fixed,1,access-plus-rate-deterministic,3,8
2,4,2,1024,262144,1048576,cycle,8,random,os-getrandom,random-old-and-new-paths,post,282,1048576,1.00000000000000000,-0.000000000,fixed,1,access-plus-rate-deterministic,3,8
2,4,2,1024,262144,1048576,cycle,8,random,os-getrandom,random-old-and-new-paths,post,283,1048576,1.00000000000000000,-0.000000000,fixed,1,access-plus-rate-deterministic,3,8
2,4,2,1024,262144,1048576,cycle,8,random,os-getrandom,random-old-and-new-paths,post,284,1048576,1.00000000000000000,-0.000000000,fixed,1,access-plus-rate-deterministic,3,8
2,4,2,1024,262144,1048576,cycle,8,random,os-getrandom,random-old-and-new-paths,post,285,1048576,1.00000000000000000,-0.000000000,fixed,1,access-plus-rate-deterministic,3,8
2,4,2,1024,262144,1048576,cycle,8,random,os-getrandom,random-old-and-new-paths,post,286,1048576,1.00000000000000000,-0.000000000,fixed,1,access-plus-rate-deterministic,3,8
2,4,2,1024,262144,1048576,cycle,8,random,os-getrandom,random-old-and-new-paths,post,287,1048576,1.00000000000000000,-0.000000000,fixed,1,access-plus-rate-deterministic,3,8
2,4,2,1024,262144,1048576,cycle,8,random,os-getrandom,random-old-and-new-paths,post,288,1048576,1.00000000000000000,-0.000000000,fixed,1,access-plus-rate-deterministic,3,8
2,4,2,1024,262144,1048576,cycle,8,random,os-getrandom,random-old-and-new-paths,post,289,1048576,1.00000000000000000,-0.000000000,fixed,1,access-plus-rate-deterministic,3,8
2,4,2,1024,262144,1048576,cycle,8,random,os-getrandom,random-old-and-new-paths,post,290,1048576,1.00000000000000000,-0.000000000,fixed,1,access-plus-rate-deterministic,3,8
2,4,2,1024,262144,1048576,cycle,8,random,os-getrandom,random-old-and-new-paths,post,291,1048576,1.00000000000000000,-0.000000000,fixed,1,access-plus-rate-deterministic,3,8
2,4,2,1024,262144,1048576,cycle,8,random,os-getrandom,random-old-and-new-paths,post,292,1048576,1.00000000000000000,-0.000000000,fixed,1,access-plus-rate-deterministic,3,8
2,4,2,1024,262144,1048576,cycle,8,random,os-getrandom,random-old-and-new-paths,post,293,1048576,1.00000000000000000,-0.000000000,fixed,1,access-plus-rate-deterministic,3,8
2,4,2,1024,262144,1048576,cycle,8,random,os-getrandom,random-old-and-new-paths,post,294,1048576,1.00000000000000000,-0.000000000,fixed,1,access-plus-rate-deterministic,3,8
2,4,2,1024,262144,1048576,cycle,8,random,os-getrandom,random-old-and-new-paths,post,295,1048576,1.00000000000000000,-0.000000000,fixed,1,access-plus-rate-deterministic,3,8
2,4,2,1024,262144,1048576,cycle,8,random,os-getrandom,random-old-and-new-paths,post,296,1048576,1.00000000000000000,-0.000000000,fixed,1,access-plus-rate-deterministic,3,8
2,4,2,1024,262144,1048576,cycle,8,random,os-getrandom,random-old-and-new-paths,post,297,1048576,1.00000000000000000,-0.000000000,fixed,1,access-plus-rate-deterministic,3,8
2,4,2,1024,262144,1048576,cycle,8,random,os-getrandom,random-old-and-new-paths,post,298,1048576,1.00000000000000000,-0.000000000,fixed,1,access-plus-rate-deterministic,3,8
2,4,2,1024,262144,1048576,cycle,8,random,os-getrandom,random-old-and-new-paths,post,299,1048576,1.00000000000000000,-0.000000000,fixed,1,access-plus-rate-deterministic,3,8
2,4,2,1024,262144,1048576,cycle,8,random,os-getrandom,random-old-and-new-paths,post,300,1048576,1.00000000000000000,-0.000000000,fixed,1,access-plus-rate-deterministic,3,8
2,4,2,1024,262144,1048576,cycle,8,random,os-getrandom,random-old-and-new-paths,post,301,1048576,1.00000000000000000,-0.000000000,fixed,1,access-plus-rate-deterministic,3,8
2,4,2,1024,262144,1048576,cycle,8,random,os-getrandom,random-old-and-new-paths,post,302,1048576,1.00000000000000000,-0.000000000,fixed,1,access-plus-rate-deterministic,3,8
2,4,2,1024,262144,1048576,cycle,8,random,os-getrandom,random-old-and-new-paths,post,303,1048576,1.00000000000000000,-0.000000000,fixed,1,access-plus-rate-deterministic,3,8
2,4,2,1024,262144,1048576,cycle,8,random,os-getrandom,random-old-and-new-paths,post,304,1048576,1.00000000000000000,-0.000000000,fixed,1,access-plus-rate-deterministic,3,8
2,4,2,1024,262144,1048576,cycle,8,random,os-getrandom,random-old-and-new-paths,post,305,1048576,1.00000000000000000,-0.000000000,fixed,1,access-plus-rate-deterministic,3,8
2,4,2,1024,262144,1048576,cycle,8,random,os-getrandom,random-old-and-new-paths,post,306,1048576,1.00000000000000000,-0.000000000,fixed,1,access-plus-rate-deterministic,3,8
2,4,2,1024,262144,1048576,cycle,8,random,os-getrandom,random-old-and-new-paths,post,307,1048576,1.00000000000000000,-0.000000000,fixed,1,access-plus-rate-deterministic,3,8
2,4,2,1024,262144,1048576,cycle,8,random,os-getrandom,random-old-and-new-paths,post,308,1048576,1.00000000000000000,-0.000000000,fixed,1,access-plus-rate-deterministic,3,8
2,4,2,1024,262144,1048576,cycle,8,random,os-getrandom,random-old-and-new-paths,post,309,1048576,1.00000000000000000,-0.000000000,fixed,1,access-plus-rate-deterministic,3,8
2,4,2,1024,262144,1048576,cycle,8,random,os-getrandom,random-old-and-new-paths,post,310,1048576,1.00000000000000000,-0.000000000,fixed,1,access-plus-rate-deterministic,3,8
2,4,2,1024,262144,1048576,cycle,8,random,os-getrandom,random-old-and-new-paths,post,311,1048576,1.00000000000000000,-0.000000000,fixed,1,access-plus-rate-deterministic,3,8
2,4,2,1024,262144,1048576,cycle,8,random,os-getrandom,random-old-and-new-paths,post,312,1048576,1.00000000000000000,-0.000000000,fixed,1,access-plus-rate-deterministic,3,8
2,4,2,1024,262144,1048576,cycle,8,random,os-getrandom,random-old-and-new-paths,post,313,1048576,1.00000000000000000,-0.000000000,fixed,1,access-plus-rate-deterministic,3,8
2,4,2,1024,262144,1048576,cycle,8,random,os-getrandom,random-old-and-new-paths,post,314,1048576,1.00000000000000000,-0.000000000,fixed,1,access-plus-rate-deterministic,3,8
2,4,2,1024,262144,1048576,cycle,8,random,os-getrandom,random-old-and-new-paths,post,315,1048576,1.00000000000000000,-0.000000000,fixed,1,access-plus-rate-deterministic,3,8
2,4,2,1024,262144,1048576,cycle,8,random,os-getrandom,random-old-and-new-paths,post,316,1048576,1.00000000000000000,-0.000000000,fixed,1,access-plus-rate-deterministic,3,8
2,4,2,1024,262144,1048576,cycle,8,random,os-getrandom,random-old-and-new-paths,post,317,1048576,1.00000000000000000,-0.000000000,fixed,1,access-plus-rate-deterministic,3,8
2,4,2,1024,262144,1048576,cycle,8,random,os-getrandom,random-old-and-new-paths,post,318,1048576,1.00000000000000000,-0.000000000,fixed,1,access-plus-rate-deterministic,3,8
2,4,2,1024,262144,1048576,cycle,8,random,os-getrandom,random-old-and-new-paths,post,319,1048576,1.00000000000000000,-0.000000000,fixed,1,access-plus-rate-deterministic,3,8
2,4,2,1024,262144,1048576,cycle,8,random,os-getrandom,random-old-and-new-paths,post,320,1048576,1.00000000000000000,-0.000000000,fixed,1,access-plus-rate-deterministic,3,8
2,4,2,1024,262144,1048576,cycle,8,random,os-getrandom,random-old-and-new-paths,post,321,1048576,1.00000000000000000,-0.000000000,fixed,1,access-plus-rate-deterministic,3,8
2,4,2,1024,262144,1048576,cycle,8,random,os-getrandom,random-old-and-new-paths,post,322,1048576,1.00000000000000000,-0.000000000,fixed,1,access-plus-rate-deterministic,3,8
2,4,2,1024,262144,1048576,cycle,8,random,os-getrandom,random-old-and-new-paths,post,323,1048576,1.00000000000000000,-0.000000000,fixed,1,access-plus-rate-deterministic,3,8
2,4,2,1024,262144,1048576,cycle,8,random,os-getrandom,random-old-and-new-paths,post,324,1048576,1.00000000000000000,-0.000000000,fixed,1,access-plus-rate-deterministic,3,8
2,4,2,1024,262144,1048576,cycle,8,random,os-getrandom,random-old-and-new-paths,post,325,1048576,1.00000000000000000,-0.000000000,fixed,1,access-plus-rate-deterministic,3,8
2,4,2,1024,262144,1048576,cycle,8,random,os-getrandom,random-old-and-new-paths,post,326,1048576,1.00000000000000000,-0.000000000,fixed,1,access-plus-rate-deterministic,3,8
2,4,2,1024,262144,1048576,cycle,8,random,os-getrandom,random-old-and-new-paths,post,327,1048576,1.00000000000000000,-0.000000000,fixed,1,access-plus-rate-deterministic,3,8
2,4,2,1024,262144,1048576,cycle,8,random,os-getrandom,random-old-and-new-paths,post,328,1048576,1.00000000000000000,-0.000000000,fixed,1,access-plus-rate-deterministic,3,8
2,4,2,1024,262144,1048576,cycle,8,random,os-getrandom,random-old-and-new-paths,post,329,1048576,1.00000000000000000,-0.000000000,fixed,1,access-plus-rate-deterministic,3,8
2,4,2,1024,262144,1048576,cycle,8,random,os-getrandom,random-old-and-new-paths,post,330,1048576,1.00000000000000000,-0.000000000,fixed,1,access-plus-rate-deterministic,3,8
2,4,2,1024,262144,1048576,cycle,8,random,os-getrandom,random-old-and-new-paths,post,331,1048576,1.00000000000000000,-0.000000000,fixed,1,access-plus-rate-deterministic,3,8
2,4,2,1024,262144,1048576,cycle,8,random,os-getrandom,random-old-and-new-paths,post,332,1048576,1.00000000000000000,-0.000000000,fixed,1,access-plus-rate-deterministic,3,8
2,4,2,1024,262144,1048576,cycle,8,random,os-getrandom,random-old-and-new-paths,post,333,1048576,1.00000000000000000,-0.000000000,fixed,1,access-plus-rate-deterministic,3,8
2,4,2,1024,262144,1048576,cycle,8,random,os-getrandom,random-old-and-new-paths,post,334,1048576,1.00000000000000000,-0.000000000,fixed,1,access-plus-rate-deterministic,3,8
2,4,2,1024,262144,1048576,cycle,8,random,os-getrandom,random-old-and-new-paths,post,335,1048576,1.00000000000000000,-0.000000000,fixed,1,access-plus-rate-deterministic,3,8
2,4,2,1024,262144,1048576,cycle,8,random,os-getrandom,random-old-and-new-paths,post,336,1048576,1.00000000000000000,-0.000000000,fixed,1,access-plus-rate-deterministic,3,8
2,4,2,1024,262144,1048576,cycle,8,random,os-getrandom,random-old-and-new-paths,post,337,1048576,1.00000000000000000,-0.000000000,fixed,1,access-plus-rate-deterministic,3,8
2,4,2,1024,262144,1048576,cycle,8,random,os-getrandom,random-old-and-new-paths,post,338,1048576,1.00000000000000000,-0.000000000,fixed,1,access-plus-rate-deterministic,3,8
2,4,2,1024,262144,1048576,cycle,8,random,os-getrandom,random-old-and-new-paths,post,339,1048576,1.00000000000000000,-0.000000000,fixed,1,access-plus-rate-deterministic,3,8
2,4,2,1024,262144,1048576,cycle,8,random,os-getrandom,random-old-and-new-paths,post,340,1048576,1.00000000000000000,-0.000000000,fixed,1,access-plus-rate-deterministic,3,8
2,4,2,1024,262144,1048576,cycle,8,random,os-getrandom,random-old-and-new-paths,post,341,1048576,1.00000000000000000,-0.000000000,fixed,1,access-plus-rate-deterministic,3,8
2,4,2,1024,262144,1048576,cycle,8,random,os-getrandom,random-old-and-new-paths,post,342,1048576,1.00000000000000000,-0.000000000,fixed,1,access-plus-rate-deterministic,3,8
2,4,2,1024,262144,1048576,cycle,8,random,os-getrandom,random-old-and-new-paths,post,343,1048576,1.00000000000000000,-0.000000000,fixed,1,access-plus-rate-deterministic,3,8
2,4,2,1024,262144,1048576,cycle,8,random,os-getrandom,random-old-and-new-paths,post,344,1048576,1.00000000000000000,-0.000000000,fixed,1,access-plus-rate-deterministic,3,8
2,4,2,1024,262144,1048576,cycle,8,random,os-getrandom,random-old-and-new-paths,post,345,1048576,1.00000000000000000,-0.000000000,fixed,1,access-plus-rate-deterministic,3,8
2,4,2,1024,262144,1048576,cycle,8,random,os-getrandom,random-old-and-new-paths,post,346,1048576,1.00000000000000000,-0.000000000,fixed,1,access-plus-rate-deterministic,3,8
2,4,2,1024,262144,1048576,cycle,8,random,os-getrandom,random-old-and-new-paths,post,347,1048576,1.00000000000000000,-0.000000000,fixed,1,access-plus-rate-deterministic,3,8
2,4,2,1024,262144,1048576,cycle,8,random,os-getrandom,random-old-and-new-paths,post,348,1048576,1.00000000000000000,-0.000000000,fixed,1,access-plus-rate-deterministic,3,8
2,4,2,1024,262144,1048576,cycle,8,random,os-getrandom,random-old-and-new-paths,post,349,1048576,1.00000000000000000,-0.000000000,fixed,1,access-plus-rate-deterministic,3,8
2,4,2,1024,262144,1048576,cycle,8,random,os-getrandom,random-old-and-new-paths,post,350,1048576,1.00000000000000000,-0.000000000,fixed,1,access-plus-rate-deterministic,3,8
2,4,2,1024,262144,1048576,cycle,8,random,os-getrandom,random-old-and-new-paths,post,351,1048576,1.00000000000000000,-0.000000000,fixed,1,access-plus-rate-deterministic,3,8
2,4,2,1024,262144,1048576,cycle,8,random,os-getrandom,random-old-and-new-paths,post,352,1048576,1.00000000000000000,-0.000000000,fixed,1,access-plus-rate-deterministic,3,8
2,4,2,1024,262144,1048576,cycle,8,random,os-getrandom,random-old-and-new-paths,post,353,1048576,1.00000000000000000,-0.000000000,fixed,1,access-plus-rate-deterministic,3,8
2,4,2,1024,262144,1048576,cycle,8,random,os-getrandom,random-old-and-new-paths,post,354,1048576,1.00000000000000000,-0.000000000,fixed,1,access-plus-rate-deterministic,3,8
2,4,2,1024,262144,1048576,cycle,8,random,os-getrandom,random-old-and-new-paths,post,355,1048576,1.00000000000000000,-0.000000000,fixed,1,access-plus-rate-deterministic,3,8
2,4,2,1024,262144,1048576,cycle,8,random,os-getrandom,random-old-and-new-paths,post,356,1048576,1.00000000000000000,-0.000000000,fixed,1,access-plus-rate-deterministic,3,8
2,4,2,1024,262144,1048576,cycle,8,random,os-getrandom,random-old-and-new-paths,post,357,1048576,1.00000000000000000,-0.000000000,fixed,1,access-plus-rate-deterministic,3,8
2,4,2,1024,262144,1048576,cycle,8,random,os-getrandom,random-old-and-new-paths,post,358,1048576,1.00000000000000000,-0.000000000,fixed,1,access-plus-rate-deterministic,3,8
2,4,2,1024,262144,1048576,cycle,8,random,os-getrandom,random-old-and-new-paths,post,359,1048576,1.00000000000000000,-0.000000000,fixed,1,access-plus-rate-deterministic,3,8
2,4,2,1024,262144,1048576,cycle,8,random,os-getrandom,random-old-and-new-paths,post,360,1048576,1.00000000000000000,-0.000000000,fixed,1,access-plus-rate-deterministic,3,8
2,4,2,1024,262144,1048576,cycle,8,random,os-getrandom,random-old-and-new-paths,post,361,1048576,1.00000000000000000,-0.000000000,fixed,1,access-plus-rate-deterministic,3,8
2,4,2,1024,262144,1048576,cycle,8,random,os-getrandom,random-old-and-new-paths,post,362,1048576,1.00000000000000000,-0.000000000,fixed,1,access-plus-rate-deterministic,3,8
2,4,2,1024,262144,1048576,cycle,8,random,os-getrandom,random-old-and-new-paths,post,363,1048576,1.00000000000000000,-0.000000000,fixed,1,access-plus-rate-deterministic,3,8
2,4,2,1024,262144,1048576,cycle,8,random,os-getrandom,random-old-and-new-paths,post,364,1048576,1.00000000000000000,-0.000000000,fixed,1,access-plus-rate-deterministic,3,8
2,4,2,1024,262144,1048576,cycle,8,random,os-getrandom,random-old-and-new-paths,post,365,1048576,1.00000000000000000,-0.000000000,fixed,1,access-plus-rate-deterministic,3,8
2,4,2,1024,262144,1048576,cycle,8,random,os-getrandom,random-old-and-new-paths,post,366,1048576,1.00000000000000000,-0.000000000,fixed,1,access-plus-rate-deterministic,3,8
2,4,2,1024,262144,1048576,cycle,8,random,os-getrandom,random-old-and-new-paths,post,367,1048576,1.00000000000000000,-0.000000000,fixed,1,access-plus-rate-deterministic,3,8
2,4,2,1024,262144,1048576,cycle,8,random,os-getrandom,random-old-and-new-paths,post,368,1048576,1.00000000000000000,-0.000000000,fixed,1,access-plus-rate-deterministic,3,8
2,4,2,1024,262144,1048576,cycle,8,random,os-getrandom,random-old-and-new-paths,post,369,1048576,1.00000000000000000,-0.000000000,fixed,1,access-plus-rate-deterministic,3,8
2,4,2,1024,262144,1048576,cycle,8,random,os-getrandom,random-old-and-new-paths,post,370,1048576,1.00000000000000000,-0.000000000,fixed,1,access-plus-rate-deterministic,3,8
2,4,2,1024,262144,1048576,cycle,8,random,os-getrandom,random-old-and-new-paths,post,371,1048576,1.00000000000000000,-0.000000000,fixed,1,access-plus-rate-deterministic,3,8
2,4,2,1024,262144,1048576,cycle,8,random,os-getrandom,random-old-and-new-paths,post,372,1048576,1.00000000000000000,-0.000000000,fixed,1,access-plus-rate-deterministic,3,8
2,4,2,1024,262144,1048576,cycle,8,random,os-getrandom,random-old-and-new-paths,post,373,1048576,1.00000000000000000,-0.000000000,fixed,1,access-plus-rate-deterministic,3,8
2,4,2,1024,262144,1048576,cycle,8,random,os-getrandom,random-old-and-new-paths,post,374,1048576,1.00000000000000000,-0.000000000,fixed,1,access-plus-rate-deterministic,3,8
2,4,2,1024,262144,1048576,cycle,8,random,os-getrandom,random-old-and-new-paths,post,375,1048576,1.00000000000000000,-0.000000000,fixed,1,access-plus-rate-deterministic,3,8
2,4,2,1024,262144,1048576,cycle,8,random,os-getrandom,random-old-and-new-paths,post,376,1048576,1.00000000000000000,-0.000000000,fixed,1,access-plus-rate-deterministic,3,8
2,4,2,1024,262144,1048576,cycle,8,random,os-getrandom,random-old-and-new-paths,post,377,1048576,1.00000000000000000,-0.000000000,fixed,1,access-plus-rate-deterministic,3,8
2,4,2,1024,262144,1048576,cycle,8,random,os-getrandom,random-old-and-new-paths,post,378,1048576,1.00000000000000000,-0.000000000,fixed,1,access-plus-rate-deterministic,3,8
2,4,2,1024,262144,1048576,cycle,8,random,os-getrandom,random-old-and-new-paths,post,379,1048576,1.00000000000000000,-0.000000000,fixed,1,access-plus-rate-deterministic,3,8
2,4,2,1024,262144,1048576,cycle,8,random,os-getrandom,random-old-and-new-paths,post,380,1048576,1.00000000000000000,-0.000000000,fixed,1,access-plus-rate-deterministic,3,8
2,4,2,1024,262144,1048576,cycle,8,random,os-getrandom,random-old-and-new-paths,post,381,1048576,1.00000000000000000,-0.000000000,fixed,1,access-plus-rate-deterministic,3,8
2,4,2,1024,262144,1048576,cycle,8,random,os-getrandom,random-old-and-new-paths,post,382,1048576,1.00000000000000000,-0.000000000,fixed,1,access-plus-rate-deterministic,3,8
2,4,2,1024,262144,1048576,cycle,8,random,os-getrandom,random-old-and-new-paths,post,383,1048576,1.00000000000000000,-0.000000000,fixed,1,access-plus-rate-deterministic,3,8
2,4,2,1024,262144,1048576,cycle,8,random,os-getrandom,random-old-and-new-paths,post,384,1048576,1.00000000000000000,-0.000000000,fixed,1,access-plus-rate-deterministic,3,8
2,4,2,1024,262144,1048576,cycle,8,random,os-getrandom,random-old-and-new-paths,post,385,1048576,1.00000000000000000,-0.000000000,fixed,1,access-plus-rate-deterministic,3,8
2,4,2,1024,262144,1048576,cycle,8,random,os-getrandom,random-old-and-new-paths,post,386,1048576,1.00000000000000000,-0.000000000,fixed,1,access-plus-rate-deterministic,3,8
2,4,2,1024,262144,1048576,cycle,8,random,os-getrandom,random-old-and-new-paths,post,387,1048576,1.00000000000000000,-0.000000000,fixed,1,access-plus-rate-deterministic,3,8
2,4,2,1024,262144,1048576,cycle,8,random,os-getrandom,random-old-and-new-paths,post,388,1048576,1.00000000000000000,-0.000000000,fixed,1,access-plus-rate-deterministic,3,8
2,4,2,1024,262144,1048576,cycle,8,random,os-getrandom,random-old-and-new-paths,post,389,1048576,1.00000000000000000,-0.000000000,fixed,1,access-plus-rate-deterministic,3,8
2,4,2,1024,262144,1048576,cycle,8,random,os-getrandom,random-old-and-new-paths,post,390,1048576,1.00000000000000000,-0.000000000,fixed,1,access-plus-rate-deterministic,3,8
2,4,2,1024,262144,1048576,cycle,8,random,os-getrandom,random-old-and-new-paths,post,391,1048576,1.00000000000000000,-0.000000000,fixed,1,access-plus-rate-deterministic,3,8
2,4,2,1024,262144,1048576,cycle,8,random,os-getrandom,random-old-and-new-paths,post,392,1048576,1.00000000000000000,-0.000000000,fixed,1,access-plus-rate-deterministic,3,8
2,4,2,1024,262144,1048576,cycle,8,random,os-getrandom,random-old-and-new-paths,post,393,1048576,1.00000000000000000,-0.000000000,fixed,1,access-plus-rate-deterministic,3,8
2,4,2,1024,262144,1048576,cycle,8,random,os-getrandom,random-old-and-new-paths,post,394,1048576,1.00000000000000000,-0.000000000,fixed,1,access-plus-rate-deterministic,3,8
2,4,2,1024,262144,1048576,cycle,8,random,os-getrandom,random-old-and-new-paths,post,395,1048576,1.00000000000000000,-0.000000000,fixed,1,access-plus-rate-deterministic,3,8
2,4,2,1024,262144,1048576,cycle,8,random,os-getrandom,random-old-and-new-paths,post,396,1048576,1.00000000000000000,-0.000000000,fixed,1,access-plus-rate-deterministic,3,8
2,4,2,1024,262144,1048576,cycle,8,random,os-getrandom,random-old-and-new-paths,post,397,1048576,1.00000000000000000,-0.000000000,fixed,1,access-plus-rate-deterministic,3,8
2,4,2,1024,262144,1048576,cycle,8,random,os-getrandom,random-old-and-new-paths,post,398,1048576,1.00000000000000000,-0.000000000,fixed,1,access-plus-rate-deterministic,3,8
2,4,2,1024,262144,1048576,cycle,8,random,os-getrandom,random-old-and-new-paths,post,399,1048576,1.00000000000000000,-0.000000000,fixed,1,access-plus-rate-deterministic,3,8
2,4,2,1024,262144,1048576,cycle,8,random,os-getrandom,random-old-and-new-paths,post,400,1048576,1.00000000000000000,-0.000000000,fixed,1,access-plus-rate-deterministic,3,8
2,4,2,1024,262144,1048576,cycle,8,random,os-getrandom,random-old-and-new-paths,post,401,1048576,1.00000000000000000,-0.000000000,fixed,1,access-plus-rate-deterministic,3,8
2,4,2,1024,262144,1048576,cycle,8,random,os-getrandom,random-old-and-new-paths,post,402,1048576,1.00000000000000000,-0.000000000,fixed,1,access-plus-rate-deterministic,3,8
2,4,2,1024,262144,1048576,cycle,8,random,os-getrandom,random-old-and-new-paths,post,403,1048576,1.00000000000000000,-0.000000000,fixed,1,access-plus-rate-deterministic,3,8
2,4,2,1024,262144,1048576,cycle,8,random,os-getrandom,random-old-and-new-paths,post,404,1048576,1.00000000000000000,-0.000000000,fixed,1,access-plus-rate-deterministic,3,8
2,4,2,1024,262144,1048576,cycle,8,random,os-getrandom,random-old-and-new-paths,post,405,1048576,1.00000000000000000,-0.000000000,fixed,1,access-plus-rate-deterministic,3,8
2,4,2,1024,262144,1048576,cycle,8,random,os-getrandom,random-old-and-new-paths,post,406,1048576,1.00000000000000000,-0.000000000,fixed,1,access-plus-rate-deterministic,3,8
2,4,2,1024,262144,1048576,cycle,8,random,os-getrandom,random-old-and-new-paths,post,407,1048576,1.00000000000000000,-0.000000000,fixed,1,access-plus-rate-deterministic,3,8
2,4,2,1024,262144,1048576,cycle,8,random,os-getrandom,random-old-and-new-paths,post,408,1048576,1.00000000000000000,-0.000000000,fixed,1,access-plus-rate-deterministic,3,8
2,4,2,1024,262144,1048576,cycle,8,random,os-getrandom,random-old-and-new-paths,post,409,1048576,1.00000000000000000,-0.000000000,fixed,1,access-plus-rate-deterministic,3,8
2,4,2,1024,262144,1048576,cycle,8,random,os-getrandom,random-old-and-new-paths,post,410,1048576,1.00000000000000000,-0.000000000,fixed,1,access-plus-rate-deterministic,3,8
2,4,2,1024,262144,1048576,cycle,8,random,os-getrandom,random-old-and-new-paths,post,411,1048576,1.00000000000000000,-0.000000000,fixed,1,access-plus-rate-deterministic,3,8
2,4,2,1024,262144,1048576,cycle,8,random,os-getrandom,random-old-and-new-paths,post,412,1048576,1.00000000000000000,-0.000000000,fixed,1,access-plus-rate-deterministic,3,8
2,4,2,1024,262144,1048576,cycle,8,random,os-getrandom,random-old-and-new-paths,post,413,1048576,1.00000000000000000,-0.000000000,fixed,1,access-plus-rate-deterministic,3,8
2,4,2,1024,262144,1048576,cycle,8,random,os-getrandom,random-old-and-new-paths,post,414,1048576,1.00000000000000000,-0.000000000,fixed,1,access-plus-rate-deterministic,3,8
2,4,2,1024,262144,1048576,cycle,8,random,os-getrandom,random-old-and-new-paths,post,415,1048576,1.00000000000000000,-0.000000000,fixed,1,access-plus-rate-deterministic,3,8
2,4,2,1024,262144,1048576,cycle,8,random,os-getrandom,random-old-and-new-paths,post,416,1048576,1.00000000000000000,-0.000000000,fixed,1,access-plus-rate-deterministic,3,8
2,4,2,1024,262144,1048576,cycle,8,random,os-getrandom,random-old-and-new-paths,post,417,1048576,1.00000000000000000,-0.000000000,fixed,1,access-plus-rate-deterministic,3,8
2,4,2,1024,262144,1048576,cycle,8,random,os-getrandom,random-old-and-new-paths,post,418,1048576,1.00000000000000000,-0.000000000,fixed,1,access-plus-rate-deterministic,3,8
2,4,2,1024,262144,1048576,cycle,8,random,os-getrandom,random-old-and-new-paths,post,419,1048576,1.00000000000000000,-0.000000000,fixed,1,access-plus-rate-deterministic,3,8
2,4,2,1024,262144,1048576,cycle,8,random,os-getrandom,random-old-and-new-paths,post,420,1048576,1.00000000000000000,-0.000000000,fixed,1,access-plus-rate-deterministic,3,8
2,4,2,1024,262144,1048576,cycle,8,random,os-getrandom,random-old-and-new-paths,post,421,1048576,1.00000000000000000,-0.000000000,fixed,1,access-plus-rate-deterministic,3,8
2,4,2,1024,262144,1048576,cycle,8,random,os-getrandom,random-old-and-new-paths,post,422,1048576,1.00000000000000000,-0.000000000,fixed,1,access-plus-rate-deterministic,3,8
2,4,2,1024,262144,1048576,cycle,8,random,os-getrandom,random-old-and-new-paths,post,423,1048576,1.00000000000000000,-0.000000000,fixed,1,access-plus-rate-deterministic,3,8
2,4,2,1024,262144,1048576,cycle,8,random,os-getrandom,random-old-and-new-paths,post,424,1048576,1.00000000000000000,-0.000000000,fixed,1,access-plus-rate-deterministic,3,8
2,4,2,1024,262144,1048576,cycle,8,random,os-getrandom,random-old-and-new-paths,post,425,1048576,1.00000000000000000,-0.000000000,fixed,1,access-plus-rate-deterministic,3,8
2,4,2,1024,262144,1048576,cycle,8,random,os-getrandom,random-old-and-new-paths,post,426,1048576,1.00000000000000000,-0.000000000,fixed,1,access-plus-rate-deterministic,3,8
2,4,2,1024,262144,1048576,cycle,8,random,os-getrandom,random-old-and-new-paths,post,427,1048576,1.00000000000000000,-0.000000000,fixed,1,access-plus-rate-deterministic,3,8
2,4,2,1024,262144,1048576,cycle,8,random,os-getrandom,random-old-and-new-paths,post,428,1048576,1.00000000000000000,-0.000000000,fixed,1,access-plus-rate-deterministic,3,8
2,4,2,1024,262144,1048576,cycle,8,random,os-getrandom,random-old-and-new-paths,post,429,1048576,1.00000000000000000,-0.000000000,fixed,1,access-plus-rate-deterministic,3,8
2,4,2,1024,262144,1048576,cycle,8,random,os-getrandom,random-old-and-new-paths,post,430,1048576,1.00000000000000000,-0.000000000,fixed,1,access-plus-rate-deterministic,3,8
2,4,2,1024,262144,1048576,cycle,8,random,os-getrandom,random-old-and-new-paths,post,431,1048576,1.00000000000000000,-0.000000000,fixed,1,access-plus-rate-deterministic,3,8
2,4,2,1024,262144,1048576,cycle,8,random,os-getrandom,random-old-and-new-paths,post,432,1048576,1.00000000000000000,-0.000000000,fixed,1,access-plus-rate-deterministic,3,8
2,4,2,1024,262144,1048576,cycle,8,random,os-getrandom,random-old-and-new-paths,post,433,1048576,1.00000000000000000,-0.000000000,fixed,1,access-plus-rate-deterministic,3,8
2,4,2,1024,262144,1048576,cycle,8,random,os-getrandom,random-old-and-new-paths,post,434,1048576,1.00000000000000000,-0.000000000,fixed,1,access-plus-rate-deterministic,3,8
2,4,2,1024,262144,1048576,cycle,8,random,os-getrandom,random-old-and-new-paths,post,435,1048576,1.00000000000000000,-0.000000000,fixed,1,access-plus-rate-deterministic,3,8
2,4,2,1024,262144,1048576,cycle,8,random,os-getrandom,random-old-and-new-paths,post,436,1048576,1.00000000000000000,-0.000000000,fixed,1,access-plus-rate-deterministic,3,8
2,4,2,1024,262144,1048576,cycle,8,random,os-getrandom,random-old-and-new-paths,post,437,1048576,1.00000000000000000,-0.000000000,fixed,1,access-plus-rate-deterministic,3,8
2,4,2,1024,262144,1048576,cycle,8,random,os-getrandom,random-old-and-new-paths,post,438,1048576,1.00000000000000000,-0.000000000,fixed,1,access-plus-rate-deterministic,3,8
2,4,2,1024,262144,1048576,cycle,8,random,os-getrandom,random-old-and-new-paths,post,439,1048576,1.00000000000000000,-0.000000000,fixed,1,access-plus-rate-deterministic,3,8
2,4,2,1024,262144,1048576,cycle,8,random,os-getrandom,random-old-and-new-paths,post,440,1048576,1.00000000000000000,-0.000000000,fixed,1,access-plus-rate-deterministic,3,8
2,4,2,1024,262144,1048576,cycle,8,random,os-getrandom,random-old-and-new-paths,post,441,1048576,1.00000000000000000,-0.000000000,fixed,1,access-plus-rate-deterministic,3,8
2,4,2,1024,262144,1048576,cycle,8,random,os-getrandom,random-old-and-new-paths,post,442,1048576,1.00000000000000000,-0.000000000,fixed,1,access-plus-rate-deterministic,3,8
2,4,2,1024,262144,1048576,cycle,8,random,os-getrandom,random-old-and-new-paths,post,443,1048576,1.00000000000000000,-0.000000000,fixed,1,access-plus-rate-deterministic,3,8
2,4,2,1024,262144,1048576,cycle,8,random,os-getrandom,random-old-and-new-paths,post,444,1048576,1.00000000000000000,-0.000000000,fixed,1,access-plus-rate-deterministic,3,8
2,4,2,1024,262144,1048576,cycle,8,random,os-getrandom,random-old-and-new-paths,post,445,1048576,1.00000000000000000,-0.000000000,fixed,1,access-plus-rate-deterministic,3,8
2,4,2,1024,262144,1048576,cycle,8,random,os-getrandom,random-old-and-new-paths,post,446,1048576,1.00000000000000000,-0.000000000,fixed,1,access-plus-rate-deterministic,3,8
2,4,2,1024,262144,1048576,cycle,8,random,os-getrandom,random-old-and-new-paths,post,447,1048576,1.00000000000000000,-0.000000000,fixed,1,access-plus-rate-deterministic,3,8
2,4,2,1024,262144,1048576,cycle,8,random,os-getrandom,random-old-and-new-paths,post,448,1048576,1.00000000000000000,-0.000000000,fixed,1,access-plus-rate-deterministic,3,8
2,4,2,1024,262144,1048576,cycle,8,random,os-getrandom,random-old-and-new-paths,post,449,1048576,1.00000000000000000,-0.000000000,fixed,1,access-plus-rate-deterministic,3,8
2,4,2,1024,262144,1048576,cycle,8,random,os-getrandom,random-old-and-new-paths,post,450,1048576,1.00000000000000000,-0.000000000,fixed,1,access-plus-rate-deterministic,3,8
2,4,2,1024,262144,1048576,cycle,8,random,os-getrandom,random-old-and-new-paths,post,451,1048576,1.00000000000000000,-0.000000000,fixed,1,access-plus-rate-deterministic,3,8
2,4,2,1024,262144,1048576,cycle,8,random,os-getrandom,random-old-and-new-paths,post,452,1048576,1.00000000000000000,-0.000000000,fixed,1,access-plus-rate-deterministic,3,8
2,4,2,1024,262144,1048576,cycle,8,random,os-getrandom,random-old-and-new-paths,post,453,1048576,1.00000000000000000,-0.000000000,fixed,1,access-plus-rate-deterministic,3,8
2,4,2,1024,262144,1048576,cycle,8,random,os-getrandom,random-old-and-new-paths,post,454,1048576,1.00000000000000000,-0.000000000,fixed,1,access-plus-rate-deterministic,3,8
2,4,2,1024,262144,1048576,cycle,8,random,os-getrandom,random-old-and-new-paths,post,455,1048576,1.00000000000000000,-0.000000000,fixed,1,access-plus-rate-deterministic,3,8
2,4,2,1024,262144,1048576,cycle,8,random,os-getrandom,random-old-and-new-paths,post,456,1048576,1.00000000000000000,-0.000000000,fixed,1,access-plus-rate-deterministic,3,8
2,4,2,1024,262144,1048576,cycle,8,random,os-getrandom,random-old-and-new-paths,post,457,1048576,1.00000000000000000,-0.000000000,fixed,1,access-plus-rate-deterministic,3,8
2,4,2,1024,262144,1048576,cycle,8,random,os-getrandom,random-old-and-new-paths,post,458,1048576,1.00000000000000000,-0.000000000,fixed,1,access-plus-rate-deterministic,3,8
2,4,2,1024,262144,1048576,cycle,8,random,os-getrandom,random-old-and-new-paths,post,459,1048576,1.00000000000000000,-0.000000000,fixed,1,access-plus-rate-deterministic,3,8
2,4,2,1024,262144,1048576,cycle,8,random,os-getrandom,random-old-and-new-paths,post,460,1048576,1.00000000000000000,-0.000000000,fixed,1,access-plus-rate-deterministic,3,8
2,4,2,1024,262144,1048576,cycle,8,random,os-getrandom,random-old-and-new-paths,post,461,1048576,1.00000000000000000,-0.000000000,fixed,1,access-plus-rate-deterministic,3,8
2,4,2,1024,262144,1048576,cycle,8,random,os-getrandom,random-old-and-new-paths,post,462,1048576,1.00000000000000000,-0.000000000,fixed,1,access-plus-rate-deterministic,3,8
2,4,2,1024,262144,1048576,cycle,8,random,os-getrandom,random-old-and-new-paths,post,463,1048576,1.00000000000000000,-0.000000000,fixed,1,access-plus-rate-deterministic,3,8
2,4,2,1024,262144,1048576,cycle,8,random,os-getrandom,random-old-and-new-paths,post,464,1048576,1.00000000000000000,-0.000000000,fixed,1,access-plus-rate-deterministic,3,8
2,4,2,1024,262144,1048576,cycle,8,random,os-getrandom,random-old-and-new-paths,post,465,1048576,1.00000000000000000,-0.000000000,fixed,1,access-plus-rate-deterministic,3,8
2,4,2,1024,262144,1048576,cycle,8,random,os-getrandom,random-old-and-new-paths,post,466,1048576,1.00000000000000000,-0.000000000,fixed,1,access-plus-rate-deterministic,3,8
2,4,2,1024,262144,1048576,cycle,8,random,os-getrandom,random-old-and-new-paths,post,467,1048576,1.00000000000000000,-0.000000000,fixed,1,access-plus-rate-deterministic,3,8
2,4,2,1024,262144,1048576,cycle,8,random,os-getrandom,random-old-and-new-paths,post,468,1048576,1.00000000000000000,-0.000000000,fixed,1,access-plus-rate-deterministic,3,8
2,4,2,1024,262144,1048576,cycle,8,random,os-getrandom,random-old-and-new-paths,post,469,1048576,1.00000000000000000,-0.000000000,fixed,1,access-plus-rate-deterministic,3,8
2,4,2,1024,262144,1048576,cycle,8,random,os-getrandom,random-old-and-new-paths,post,470,1048576,1.00000000000000000,-0.000000000,fixed,1,access-plus-rate-deterministic,3,8
2,4,2,1024,262144,1048576,cycle,8,random,os-getrandom,random-old-and-new-paths,post,471,1048576,1.00000000000000000,-0.000000000,fixed,1,access-plus-rate-deterministic,3,8
2,4,2,1024,262144,1048576,cycle,8,random,os-getrandom,random-old-and-new-paths,post,472,1048576,1.00000000000000000,-0.000000000,fixed,1,access-plus-rate-deterministic,3,8
2,4,2,1024,262144,1048576,cycle,8,random,os-getrandom,random-old-and-new-paths,post,473,1048576,1.00000000000000000,-0.000000000,fixed,1,access-plus-rate-deterministic,3,8
2,4,2,1024,262144,1048576,cycle,8,random,os-getrandom,random-old-and-new-paths,post,474,1048576,1.00000000000000000,-0.000000000,fixed,1,access-plus-rate-deterministic,3,8
2,4,2,1024,262144,1048576,cycle,8,random,os-getrandom,random-old-and-new-paths,post,475,1048576,1.00000000000000000,-0.000000000,fixed,1,access-plus-rate-deterministic,3,8
2,4,2,1024,262144,1048576,cycle,8,random,os-getrandom,random-old-and-new-paths,post,476,1048576,1.00000000000000000,-0.000000000,fixed,1,access-plus-rate-deterministic,3,8
2,4,2,1024,262144,1048576,cycle,8,random,os-getrandom,random-old-and-new-paths,post,477,1048576,1.00000000000000000,-0.000000000,fixed,1,access-plus-rate-deterministic,3,8
2,4,2,1024,262144,1048576,cycle,8,random,os-getrandom,random-old-and-new-paths,post,478,1048576,1.00000000000000000,-0.000000000,fixed,1,access-plus-rate-deterministic,3,8
2,4,2,1024,262144,1048576,cycle,8,random,os-getrandom,random-old-and-new-paths,post,479,1048576,1.00000000000000000,-0.000000000,fixed,1,access-plus-rate-deterministic,3,8
2,4,2,1024,262144,1048576,cycle,8,random,os-getrandom,random-old-and-new-paths,post,480,1048576,1.00000000000000000,-0.000000000,fixed,1,access-plus-rate-deterministic,3,8
2,4,2,1024,262144,1048576,cycle,8,random,os-getrandom,random-old-and-new-paths,post,481,1048576,1.00000000000000000,-0.000000000,fixed,1,access-plus-rate-deterministic,3,8
2,4,2,1024,262144,1048576,cycle,8,random,os-getrandom,random-old-and-new-paths,post,482,1048576,1.00000000000000000,-0.000000000,fixed,1,access-plus-rate-deterministic,3,8
2,4,2,1024,262144,1048576,cycle,8,random,os-getrandom,random-old-and-new-paths,post,483,1048576,1.00000000000000000,-0.000000000,fixed,1,access-plus-rate-deterministic,3,8
2,4,2,1024,262144,1048576,cycle,8,random,os-getrandom,random-old-and-new-paths,post,484,1048576,1.00000000000000000,-0.000000000,fixed,1,access-plus-rate-deterministic,3,8
2,4,2,1024,262144,1048576,cycle,8,random,os-getrandom,random-old-and-new-paths,post,485,1048576,1.00000000000000000,-0.000000000,fixed,1,access-plus-rate-deterministic,3,8
2,4,2,1024,262144,1048576,cycle,8,random,os-getrandom,random-old-and-new-paths,post,486,1048576,1.00000000000000000,-0.000000000,fixed,1,access-plus-rate-deterministic,3,8
2,4,2,1024,262144,1048576,cycle,8,random,os-getrandom,random-old-and-new-paths,post,487,1048576,1.00000000000000000,-0.000000000,fixed,1,access-plus-rate-deterministic,3,8
2,4,2,1024,262144,1048576,cycle,8,random,os-getrandom,random-old-and-new-paths,post,488,1048576,1.00000000000000000,-0.000000000,fixed,1,access-plus-rate-deterministic,3,8
2,4,2,1024,262144,1048576,cycle,8,random,os-getrandom,random-old-and-new-paths,post,489,1048576,1.00000000000000000,-0.000000000,fixed,1,access-plus-rate-deterministic,3,8
2,4,2,1024,262144,1048576,cycle,8,random,os-getrandom,random-old-and-new-paths,post,490,1048576,1.00000000000000000,-0.000000000,fixed,1,access-plus-rate-deterministic,3,8
2,4,2,1024,262144,1048576,cycle,8,random,os-getrandom,random-old-and-new-paths,post,491,1048576,1.00000000000000000,-0.000000000,fixed,1,access-plus-rate-deterministic,3,8
2,4,2,1024,262144,1048576,cycle,8,random,os-getrandom,random-old-and-new-paths,post,492,1048576,1.00000000000000000,-0.000000000,fixed,1,access-plus-rate-deterministic,3,8
2,4,2,1024,262144,1048576,cycle,8,random,os-getrandom,random-old-and-new-paths,post,493,1048576,1.00000000000000000,-0.000000000,fixed,1,access-plus-rate-deterministic,3,8
2,4,2,1024,262144,1048576,cycle,8,random,os-getrandom,random-old-and-new-paths,post,494,1048576,1.00000000000000000,-0.000000000,fixed,1,access-plus-rate-deterministic,3,8
2,4,2,1024,262144,1048576,cycle,8,random,os-getrandom,random-old-and-new-paths,post,495,1048576,1.00000000000000000,-0.000000000,fixed,1,access-plus-rate-deterministic,3,8
2,4,2,1024,262144,1048576,cycle,8,random,os-getrandom,random-old-and-new-paths,post,496,1048576,1.00000000000000000,-0.000000000,fixed,1,access-plus-rate-deterministic,3,8
2,4,2,1024,262144,1048576,cycle,8,random,os-getrandom,random-old-and-new-paths,post,497,1048576,1.00000000000000000,-0.000000000,fixed,1,access-plus-rate-deterministic,3,8
2,4,2,1024,262144,1048576,cycle,8,random,os-getrandom,random-old-and-new-paths,post,498,1048576,1.00000000000000000,-0.000000000,fixed,1,access-plus-rate-deterministic,3,8
2,4,2,1024,262144,1048576,cycle,8,random,os-getrandom,random-old-and-new-paths,post,499,1048576,1.00000000000000000,-0.000000000,fixed,1,access-plus-rate-deterministic,3,8
2,4,2,1024,262144,1048576,cycle,8,random,os-getrandom,random-old-and-new-paths,post,500,1048576,1.00000000000000000,-0.000000000,fixed,1,access-plus-rate-deterministic,3,8
2,4,2,1024,262144,1048576,cycle,8,random,os-getrandom,random-old-and-new-paths,post,501,1048576,1.00000000000000000,-0.000000000,fixed,1,access-plus-rate-deterministic,3,8
2,4,2,1024,262144,1048576,cycle,8,random,os-getrandom,random-old-and-new-paths,post,502,1048576,1.00000000000000000,-0.000000000,fixed,1,access-plus-rate-deterministic,3,8
2,4,2,1024,262144,1048576,cycle,8,random,os-getrandom,random-old-and-new-paths,post,503,1048576,1.00000000000000000,-0.000000000,fixed,1,access-plus-rate-deterministic,3,8
2,4,2,1024,262144,1048576,cycle,8,random,os-getrandom,random-old-and-new-paths,post,504,1048576,1.00000000000000000,-0.000000000,fixed,1,access-plus-rate-deterministic,3,8
2,4,2,1024,262144,1048576,cycle,8,random,os-getrandom,random-old-and-new-paths,post,505,1048576,1.00000000000000000,-0.000000000,fixed,1,access-plus-rate-deterministic,3,8
2,4,2,1024,262144,1048576,cycle,8,random,os-getrandom,random-old-and-new-paths,post,506,1048576,1.00000000000000000,-0.000000000,fixed,1,access-plus-rate-deterministic,3,8
2,4,2,1024,262144,1048576,cycle,8,random,os-getrandom,random-old-and-new-paths,post,507,1048576,1.00000000000000000,-0.000000000,fixed,1,access-plus-rate-deterministic,3,8
2,4,2,1024,262144,1048576,cycle,8,random,os-getrandom,random-old-and-new-paths,post,508,1048576,1.00000000000000000,-0.000000000,fixed,1,access-plus-rate-deterministic,3,8
2,4,2,1024,262144,1048576,cycle,8,random,os-getrandom,random-old-and-new-paths,post,509,1048576,1.00000000000000000,-0.000000000,fixed,1,access-plus-rate-deterministic,3,8
2,4,2,1024,262144,1048576,cycle,8,random,os-getrandom,random-old-and-new-paths,post,510,1048576,1.00000000000000000,-0.000000000,fixed,1,access-plus-rate-deterministic,3,8
2,4,2,1024,262144,1048576,cycle,8,random,os-getrandom,random-old-and-new-paths,post,511,1048576,1.00000000000000000,-0.000000000,fixed,1,access-plus-rate-deterministic,3,8
2,4,2,1024,262144,1048576,cycle,8,random,os-getrandom,random-old-and-new-paths,post,512,1048576,1.00000000000000000,-0.000000000,fixed,1,access-plus-rate-deterministic,3,8
2,4,2,1024,262144,1048576,cycle,8,random,os-getrandom,random-old-and-new-paths,post,513,1048576,1.00000000000000000,-0.000000000,fixed,1,access-plus-rate-deterministic,3,8
2,4,2,1024,262144,1048576,cycle,8,random,os-getrandom,random-old-and-new-paths,post,514,1048576,1.00000000000000000,-0.000000000,fixed,1,access-plus-rate-deterministic,3,8
2,4,2,1024,262144,1048576,cycle,8,random,os-getrandom,random-old-and-new-paths,post,515,1048576,1.00000000000000000,-0.000000000,fixed,1,access-plus-rate-deterministic,3,8
2,4,2,1024,262144,1048576,cycle,8,random,os-getrandom,random-old-and-new-paths,post,516,1048576,1.00000000000000000,-0.000000000,fixed,1,access-plus-rate-deterministic,3,8
2,4,2,1024,262144,1048576,cycle,8,random,os-getrandom,random-old-and-new-paths,post,517,1048576,1.00000000000000000,-0.000000000,fixed,1,access-plus-rate-deterministic,3,8
2,4,2,1024,262144,1048576,cycle,8,random,os-getrandom,random-old-and-new-paths,post,518,1048576,1.00000000000000000,-0.000000000,fixed,1,access-plus-rate-deterministic,3,8
2,4,2,1024,262144,1048576,cycle,8,random,os-getrandom,random-old-and-new-paths,post,519,1048576,1.00000000000000000,-0.000000000,fixed,1,access-plus-rate-deterministic,3,8
2,4,2,1024,262144,1048576,cycle,8,random,os-getrandom,random-old-and-new-paths,post,520,1048576,1.00000000000000000,-0.000000000,fixed,1,access-plus-rate-deterministic,3,8
2,4,2,1024,262144,1048576,cycle,8,random,os-getrandom,random-old-and-new-paths,post,521,1048576,1.00000000000000000,-0.000000000,fixed,1,access-plus-rate-deterministic,3,8
2,4,2,1024,262144,1048576,cycle,8,random,os-getrandom,random-old-and-new-paths,post,522,1048576,1.00000000000000000,-0.000000000,fixed,1,access-plus-rate-deterministic,3,8
2,4,2,1024,262144,1048576,cycle,8,random,os-getrandom,random-old-and-new-paths,post,523,1048576,1.00000000000000000,-0.000000000,fixed,1,access-plus-rate-deterministic,3,8
2,4,2,1024,262144,1048576,cycle,8,random,os-getrandom,random-old-and-new-paths,post,524,1048576,1.00000000000000000,-0.000000000,fixed,1,access-plus-rate-deterministic,3,8
2,4,2,1024,262144,1048576,cycle,8,random,os-getrandom,random-old-and-new-paths,post,525,1048576,1.00000000000000000,-0.000000000,fixed,1,access-plus-rate-deterministic,3,8
2,4,2,1024,262144,1048576,cycle,8,random,os-getrandom,random-old-and-new-paths,post,526,1048576,1.00000000000000000,-0.000000000,fixed,1,access-plus-rate-deterministic,3,8
2,4,2,1024,262144,1048576,cycle,8,random,os-getrandom,random-old-and-new-paths,post,527,1048576,1.00000000000000000,-0.000000000,fixed,1,access-plus-rate-deterministic,3,8
2,4,2,1024,262144,1048576,cycle,8,random,os-getrandom,random-old-and-new-paths,post,528,1048576,1.00000000000000000,-0.000000000,fixed,1,access-plus-rate-deterministic,3,8
2,4,2,1024,262144,1048576,cycle,8,random,os-getrandom,random-old-and-new-paths,post,529,1048576,1.00000000000000000,-0.000000000,fixed,1,access-plus-rate-deterministic,3,8
2,4,2,1024,262144,1048576,cycle,8,random,os-getrandom,random-old-and-new-paths,post,530,1048576,1.00000000000000000,-0.000000000,fixed,1,access-plus-rate-deterministic,3,8
2,4,2,1024,262144,1048576,cycle,8,random,os-getrandom,random-old-and-new-paths,post,531,1048576,1.00000000000000000,-0.000000000,fixed,1,access-plus-rate-deterministic,3,8
2,4,2,1024,262144,1048576,cycle,8,random,os-getrandom,random-old-and-new-paths,post,532,1048576,1.00000000000000000,-0.000000000,fixed,1,access-plus-rate-deterministic,3,8
2,4,2,1024,262144,1048576,cycle,8,random,os-getrandom,random-old-and-new-paths,post,533,1048576,1.00000000000000000,-0.000000000,fixed,1,access-plus-rate-deterministic,3,8
2,4,2,1024,262144,1048576,cycle,8,random,os-getrandom,random-old-and-new-paths,post,534,1048576,1.00000000000000000,-0.000000000,fixed,1,access-plus-rate-deterministic,3,8
2,4,2,1024,262144,1048576,cycle,8,random,os-getrandom,random-old-and-new-paths,post,535,1048576,1.00000000000000000,-0.000000000,fixed,1,access-plus-rate-deterministic,3,8
2,4,2,1024,262144,1048576,cycle,8,random,os-getrandom,random-old-and-new-paths,post,536,1048576,1.00000000000000000,-0.000000000,fixed,1,access-plus-rate-deterministic,3,8
2,4,2,1024,262144,1048576,cycle,8,random,os-getrandom,random-old-and-new-paths,post,537,1048576,1.00000000000000000,-0.000000000,fixed,1,access-plus-rate-deterministic,3,8
2,4,2,1024,262144,1048576,cycle,8,random,os-getrandom,random-old-and-new-paths,post,538,1048576,1.00000000000000000,-0.000000000,fixed,1,access-plus-rate-deterministic,3,8
2,4,2,1024,262144,1048576,cycle,8,random,os-getrandom,random-old-and-new-paths,post,539,1048576,1.00000000000000000,-0.000000000,fixed,1,access-plus-rate-deterministic,3,8
2,4,2,1024,262144,1048576,cycle,8,random,os-getrandom,random-old-and-new-paths,post,540,1048576,1.00000000000000000,-0.000000000,fixed,1,access-plus-rate-deterministic,3,8
2,4,2,1024,262144,1048576,cycle,8,random,os-getrandom,random-old-and-new-paths,post,541,1048576,1.00000000000000000,-0.000000000,fixed,1,access-plus-rate-deterministic,3,8
2,4,2,1024,262144,1048576,cycle,8,random,os-getrandom,random-old-and-new-paths,post,542,1048576,1.00000000000000000,-0.000000000,fixed,1,access-plus-rate-deterministic,3,8
2,4,2,1024,262144,1048576,cycle,8,random,os-getrandom,random-old-and-new-paths,post,543,1048576,1.00000000000000000,-0.000000000,fixed,1,access-plus-rate-deterministic,3,8
2,4,2,1024,262144,1048576,cycle,8,random,os-getrandom,random-old-and-new-paths,post,544,1048576,1.00000000000000000,-0.000000000,fixed,1,access-plus-rate-deterministic,3,8
2,4,2,1024,262144,1048576,cycle,8,random,os-getrandom,random-old-and-new-paths,post,545,1048576,1.00000000000000000,-0.000000000,fixed,1,access-plus-rate-deterministic,3,8
2,4,2,1024,262144,1048576,cycle,8,random,os-getrandom,random-old-and-new-paths,post,546,1048576,1.00000000000000000,-0.000000000,fixed,1,access-plus-rate-deterministic,3,8
2,4,2,1024,262144,1048576,cycle,8,random,os-getrandom,random-old-and-new-paths,post,547,1048576,1.00000000000000000,-0.000000000,fixed,1,access-plus-rate-deterministic,3,8
2,4,2,1024,262144,1048576,cycle,8,random,os-getrandom,random-old-and-new-paths,post,548,1048576,1.00000000000000000,-0.000000000,fixed,1,access-plus-rate-deterministic,3,8
2,4,2,1024,262144,1048576,cycle,8,random,os-getrandom,random-old-and-new-paths,post,549,1048576,1.00000000000000000,-0.000000000,fixed,1,access-plus-rate-deterministic,3,8
2,4,2,1024,262144,1048576,cycle,8,random,os-getrandom,random-old-and-new-paths,post,550,1048576,1.00000000000000000,-0.000000000,fixed,1,access-plus-rate-deterministic,3,8
2,4,2,1024,262144,1048576,cycle,8,random,os-getrandom,random-old-and-new-paths,post,551,1048576,1.00000000000000000,-0.000000000,fixed,1,access-plus-rate-deterministic,3,8
2,4,2,1024,262144,1048576,cycle,8,random,os-getrandom,random-old-and-new-paths,post,552,1048576,1.00000000000000000,-0.000000000,fixed,1,access-plus-rate-deterministic,3,8
2,4,2,1024,262144,1048576,cycle,8,random,os-getrandom,random-old-and-new-paths,post,553,1048576,1.00000000000000000,-0.000000000,fixed,1,access-plus-rate-deterministic,3,8
2,4,2,1024,262144,1048576,cycle,8,random,os-getrandom,random-old-and-new-paths,post,554,1048576,1.00000000000000000,-0.000000000,fixed,1,access-plus-rate-deterministic,3,8
2,4,2,1024,262144,1048576,cycle,8,random,os-getrandom,random-old-and-new-paths,post,555,1048576,1.00000000000000000,-0.000000000,fixed,1,access-plus-rate-deterministic,3,8
2,4,2,1024,262144,1048576,cycle,8,random,os-getrandom,random-old-and-new-paths,post,556,1048576,1.00000000000000000,-0.000000000,fixed,1,access-plus-rate-deterministic,3,8
2,4,2,1024,262144,1048576,cycle,8,random,os-getrandom,random-old-and-new-paths,post,557,1048576,1.00000000000000000,-0.000000000,fixed,1,access-plus-rate-deterministic,3,8
2,4,2,1024,262144,1048576,cycle,8,random,os-getrandom,random-old-and-new-paths,post,558,1048576,1.00000000000000000,-0.000000000,fixed,1,access-plus-rate-deterministic,3,8
2,4,2,1024,262144,1048576,cycle,8,random,os-getrandom,random-old-and-new-paths,post,559,1048576,1.00000000000000000,-0.000000000,fixed,1,access-plus-rate-deterministic,3,8
2,4,2,1024,262144,1048576,cycle,8,random,os-getrandom,random-old-and-new-paths,post,560,1048576,1.00000000000000000,-0.000000000,fixed,1,access-plus-rate-deterministic,3,8
2,4,2,1024,262144,1048576,cycle,8,random,os-getrandom,random-old-and-new-paths,post,561,1048576,1.00000000000000000,-0.000000000,fixed,1,access-plus-rate-deterministic,3,8
2,4,2,1024,262144,1048576,cycle,8,random,os-getrandom,random-old-and-new-paths,post,562,1048576,1.00000000000000000,-0.000000000,fixed,1,access-plus-rate-deterministic,3,8
2,4,2,1024,262144,1048576,cycle,8,random,os-getrandom,random-old-and-new-paths,post,563,1048576,1.00000000000000000,-0.000000000,fixed,1,access-plus-rate-deterministic,3,8
2,4,2,1024,262144,1048576,cycle,8,random,os-getrandom,random-old-and-new-paths,post,564,1048576,1.00000000000000000,-0.000000000,fixed,1,access-plus-rate-deterministic,3,8
2,4,2,1024,262144,1048576,cycle,8,random,os-getrandom,random-old-and-new-paths,post,565,1048576,1.00000000000000000,-0.000000000,fixed,1,access-plus-rate-deterministic,3,8
2,4,2,1024,262144,1048576,cycle,8,random,os-getrandom,random-old-and-new-paths,post,566,1048576,1.00000000000000000,-0.000000000,fixed,1,access-plus-rate-deterministic,3,8
2,4,2,1024,262144,1048576,cycle,8,random,os-getrandom,random-old-and-new-paths,post,567,1048576,1.00000000000000000,-0.000000000,fixed,1,access-plus-rate-deterministic,3,8
2,4,2,1024,262144,1048576,cycle,8,random,os-getrandom,random-old-and-new-paths,post,568,1048576,1.00000000000000000,-0.000000000,fixed,1,access-plus-rate-deterministic,3,8
2,4,2,1024,262144,1048576,cycle,8,random,os-getrandom,random-old-and-new-paths,post,569,1048576,1.00000000000000000,-0.000000000,fixed,1,access-plus-rate-deterministic,3,8
2,4,2,1024,262144,1048576,cycle,8,random,os-getrandom,random-old-and-new-paths,post,570,1048576,1.00000000000000000,-0.000000000,fixed,1,access-plus-rate-deterministic,3,8
2,4,2,1024,262144,1048576,cycle,8,random,os-getrandom,random-old-and-new-paths,post,571,1048576,1.00000000000000000,-0.000000000,fixed,1,access-plus-rate-deterministic,3,8
2,4,2,1024,262144,1048576,cycle,8,random,os-getrandom,random-old-and-new-paths,post,572,1048576,1.00000000000000000,-0.000000000,fixed,1,access-plus-rate-deterministic,3,8
2,4,2,1024,262144,1048576,cycle,8,random,os-getrandom,random-old-and-new-paths,post,573,1048576,1.00000000000000000,-0.000000000,fixed,1,access-plus-rate-deterministic,3,8
2,4,2,1024,262144,1048576,cycle,8,random,os-getrandom,random-old-and-new-paths,post,574,1048576,1.00000000000000000,-0.000000000,fixed,1,access-plus-rate-deterministic,3,8
2,4,2,1024,262144,1048576,cycle,8,random,os-getrandom,random-old-and-new-paths,post,575,1048576,1.00000000000000000,-0.000000000,fixed,1,access-plus-rate-deterministic,3,8
2,4,2,1024,262144,1048576,cycle,8,random,os-getrandom,random-old-and-new-paths,post,576,1048576,1.00000000000000000,-0.000000000,fixed,1,access-plus-rate-deterministic,3,8
2,4,2,1024,262144,1048576,cycle,8,random,os-getrandom,random-old-and-new-paths,post,577,1048576,1.00000000000000000,-0.000000000,fixed,1,access-plus-rate-deterministic,3,8
2,4,2,1024,262144,1048576,cycle,8,random,os-getrandom,random-old-and-new-paths,post,578,1048576,1.00000000000000000,-0.000000000,fixed,1,access-plus-rate-deterministic,3,8
2,4,2,1024,262144,1048576,cycle,8,random,os-getrandom,random-old-and-new-paths,post,579,1048576,1.00000000000000000,-0.000000000,fixed,1,access-plus-rate-deterministic,3,8
2,4,2,1024,262144,1048576,cycle,8,random,os-getrandom,random-old-and-new-paths,post,580,1048576,1.00000000000000000,-0.000000000,fixed,1,access-plus-rate-deterministic,3,8
2,4,2,1024,262144,1048576,cycle,8,random,os-getrandom,random-old-and-new-paths,post,581,1048576,1.00000000000000000,-0.000000000,fixed,1,access-plus-rate-deterministic,3,8
2,4,2,1024,262144,1048576,cycle,8,random,os-getrandom,random-old-and-new-paths,post,582,1048576,1.00000000000000000,-0.000000000,fixed,1,access-plus-rate-deterministic,3,8
2,4,2,1024,262144,1048576,cycle,8,random,os-getrandom,random-old-and-new-paths,post,583,1048576,1.00000000000000000,-0.000000000,fixed,1,access-plus-rate-deterministic,3,8
2,4,2,1024,262144,1048576,cycle,8,random,os-getrandom,random-old-and-new-paths,post,584,1048576,1.00000000000000000,-0.000000000,fixed,1,access-plus-rate-deterministic,3,8
2,4,2,1024,262144,1048576,cycle,8,random,os-getrandom,random-old-and-new-paths,post,585,1048576,1.00000000000000000,-0.000000000,fixed,1,access-plus-rate-deterministic,3,8
2,4,2,1024,262144,1048576,cycle,8,random,os-getrandom,random-old-and-new-paths,post,586,1048576,1.00000000000000000,-0.000000000,fixed,1,access-plus-rate-deterministic,3,8
2,4,2,1024,262144,1048576,cycle,8,random,os-getrandom,random-old-and-new-paths,post,587,1048576,1.00000000000000000,-0.000000000,fixed,1,access-plus-rate-deterministic,3,8
2,4,2,1024,262144,1048576,cycle,8,random,os-getrandom,random-old-and-new-paths,post,588,1048576,1.00000000000000000,-0.000000000,fixed,1,access-plus-rate-deterministic,3,8
2,4,2,1024,262144,1048576,cycle,8,random,os-getrandom,random-old-and-new-paths,post,589,1048576,1.00000000000000000,-0.000000000,fixed,1,access-plus-rate-deterministic,3,8
2,4,2,1024,262144,1048576,cycle,8,random,os-getrandom,random-old-and-new-paths,post,590,1048576,1.00000000000000000,-0.000000000,fixed,1,access-plus-rate-deterministic,3,8
2,4,2,1024,262144,1048576,cycle,8,random,os-getrandom,random-old-and-new-paths,post,591,1048576,1.00000000000000000,-0.000000000,fixed,1,access-plus-rate-deterministic,3,8
2,4,2,1024,262144,1048576,cycle,8,random,os-getrandom,random-old-and-new-paths,post,592,1048576,1.00000000000000000,-0.000000000,fixed,1,access-plus-rate-deterministic,3,8
2,4,2,1024,262144,1048576,cycle,8,random,os-getrandom,random-old-and-new-paths,post,593,1048576,1.00000000000000000,-0.000000000,fixed,1,access-plus-rate-deterministic,3,8
2,4,2,1024,262144,1048576,cycle,8,random,os-getrandom,random-old-and-new-paths,post,594,1048576,1.00000000000000000,-0.000000000,fixed,1,access-plus-rate-deterministic,3,8
2,4,2,1024,262144,1048576,cycle,8,random,os-getrandom,random-old-and-new-paths,post,595,1048576,1.00000000000000000,-0.000000000,fixed,1,access-plus-rate-deterministic,3,8
2,4,2,1024,262144,1048576,cycle,8,random,os-getrandom,random-old-and-new-paths,post,596,1048576,1.00000000000000000,-0.000000000,fixed,1,access-plus-rate-deterministic,3,8
2,4,2,1024,262144,1048576,cycle,8,random,os-getrandom,random-old-and-new-paths,post,597,1048576,1.00000000000000000,-0.000000000,fixed,1,access-plus-rate-deterministic,3,8
2,4,2,1024,262144,1048576,cycle,8,random,os-getrandom,random-old-and-new-paths,post,598,1048576,1.00000000000000000,-0.000000000,fixed,1,access-plus-rate-deterministic,3,8
2,4,2,1024,262144,1048576,cycle,8,random,os-getrandom,random-old-and-new-paths,post,599,1048576,1.00000000000000000,-0.000000000,fixed,1,access-plus-rate-deterministic,3,8
2,4,2,1024,262144,1048576,cycle,8,random,os-getrandom,random-old-and-new-paths,post,600,1048576,1.00000000000000000,-0.000000000,fixed,1,access-plus-rate-deterministic,3,8
2,4,2,1024,262144,1048576,cycle,8,random,os-getrandom,random-old-and-new-paths,post,601,1048576,1.00000000000000000,-0.000000000,fixed,1,access-plus-rate-deterministic,3,8
2,4,2,1024,262144,1048576,cycle,8,random,os-getrandom,random-old-and-new-paths,post,602,1048576,1.00000000000000000,-0.000000000,fixed,1,access-plus-rate-deterministic,3,8
2,4,2,1024,262144,1048576,cycle,8,random,os-getrandom,random-old-and-new-paths,post,603,1048576,1.00000000000000000,-0.000000000,fixed,1,access-plus-rate-deterministic,3,8
2,4,2,1024,262144,1048576,cycle,8,random,os-getrandom,random-old-and-new-paths,post,604,1048576,1.00000000000000000,-0.000000000,fixed,1,access-plus-rate-deterministic,3,8
2,4,2,1024,262144,1048576,cycle,8,random,os-getrandom,random-old-and-new-paths,post,605,1048576,1.00000000000000000,-0.000000000,fixed,1,access-plus-rate-deterministic,3,8
2,4,2,1024,262144,1048576,cycle,8,random,os-getrandom,random-old-and-new-paths,post,606,1048576,1.00000000000000000,-0.000000000,fixed,1,access-plus-rate-deterministic,3,8
2,4,2,1024,262144,1048576,cycle,8,random,os-getrandom,random-old-and-new-paths,post,607,1048576,1.00000000000000000,-0.000000000,fixed,1,access-plus-rate-deterministic,3,8
2,4,2,1024,262144,1048576,cycle,8,random,os-getrandom,random-old-and-new-paths,post,608,1048576,1.00000000000000000,-0.000000000,fixed,1,access-plus-rate-deterministic,3,8
2,4,2,1024,262144,1048576,cycle,8,random,os-getrandom,random-old-and-new-paths,post,609,1048576,1.00000000000000000,-0.000000000,fixed,1,access-plus-rate-deterministic,3,8
2,4,2,1024,262144,1048576,cycle,8,random,os-getrandom,random-old-and-new-paths,post,610,1048576,1.00000000000000000,-0.000000000,fixed,1,access-plus-rate-deterministic,3,8
2,4,2,1024,262144,1048576,cycle,8,random,os-getrandom,random-old-and-new-paths,post,611,1048576,1.00000000000000000,-0.000000000,fixed,1,access-plus-rate-deterministic,3,8
2,4,2,1024,262144,1048576,cycle,8,random,os-getrandom,random-old-and-new-paths,post,612,1048576,1.00000000000000000,-0.000000000,fixed,1,access-plus-rate-deterministic,3,8
2,4,2,1024,262144,1048576,cycle,8,random,os-getrandom,random-old-and-new-paths,post,613,1048576,1.00000000000000000,-0.000000000,fixed,1,access-plus-rate-deterministic,3,8
2,4,2,1024,262144,1048576,cycle,8,random,os-getrandom,random-old-and-new-paths,post,614,1048576,1.00000000000000000,-0.000000000,fixed,1,access-plus-rate-deterministic,3,8
2,4,2,1024,262144,1048576,cycle,8,random,os-getrandom,random-old-and-new-paths,post,615,1048576,1.00000000000000000,-0.000000000,fixed,1,access-plus-rate-deterministic,3,8
2,4,2,1024,262144,1048576,cycle,8,random,os-getrandom,random-old-and-new-paths,post,616,1048576,1.00000000000000000,-0.000000000,fixed,1,access-plus-rate-deterministic,3,8
2,4,2,1024,262144,1048576,cycle,8,random,os-getrandom,random-old-and-new-paths,post,617,1048576,1.00000000000000000,-0.000000000,fixed,1,access-plus-rate-deterministic,3,8
2,4,2,1024,262144,1048576,cycle,8,random,os-getrandom,random-old-and-new-paths,post,618,1048576,1.00000000000000000,-0.000000000,fixed,1,access-plus-rate-deterministic,3,8
2,4,2,1024,262144,1048576,cycle,8,random,os-getrandom,random-old-and-new-paths,post,619,1048576,1.00000000000000000,-0.000000000,fixed,1,access-plus-rate-deterministic,3,8
2,4,2,1024,262144,1048576,cycle,8,random,os-getrandom,random-old-and-new-paths,post,620,1048576,1.00000000000000000,-0.000000000,fixed,1,access-plus-rate-deterministic,3,8
2,4,2,1024,262144,1048576,cycle,8,random,os-getrandom,random-old-and-new-paths,post,621,1048576,1.00000000000000000,-0.000000000,fixed,1,access-plus-rate-deterministic,3,8
2,4,2,1024,262144,1048576,cycle,8,random,os-getrandom,random-old-and-new-paths,post,622,1048576,1.00000000000000000,-0.000000000,fixed,1,access-plus-rate-deterministic,3,8
2,4,2,1024,262144,1048576,cycle,8,random,os-getrandom,random-old-and-new-paths,post,623,1048576,1.00000000000000000,-0.000000000,fixed,1,access-plus-rate-deterministic,3,8
2,4,2,1024,262144,1048576,cycle,8,random,os-getrandom,random-old-and-new-paths,post,624,1048576,1.00000000000000000,-0.000000000,fixed,1,access-plus-rate-deterministic,3,8
2,4,2,1024,262144,1048576,cycle,8,random,os-getrandom,random-old-and-new-paths,post,625,1048576,1.00000000000000000,-0.000000000,fixed,1,access-plus-rate-deterministic,3,8
2,4,2,1024,262144,1048576,cycle,8,random,os-getrandom,random-old-and-new-paths,post,626,1048576,1.00000000000000000,-0.000000000,fixed,1,access-plus-rate-deterministic,3,8
2,4,2,1024,262144,1048576,cycle,8,random,os-getrandom,random-old-and-new-paths,post,627,1048576,1.00000000000000000,-0.000000000,fixed,1,access-plus-rate-deterministic,3,8
2,4,2,1024,262144,1048576,cycle,8,random,os-getrandom,random-old-and-new-paths,post,628,1048576,1.00000000000000000,-0.000000000,fixed,1,access-plus-rate-deterministic,3,8
2,4,2,1024,262144,1048576,cycle,8,random,os-getrandom,random-old-and-new-paths,post,629,1048576,1.00000000000000000,-0.000000000,fixed,1,access-plus-rate-deterministic,3,8
2,4,2,1024,262144,1048576,cycle,8,random,os-getrandom,random-old-and-new-paths,post,630,1048576,1.00000000000000000,-0.000000000,fixed,1,access-plus-rate-deterministic,3,8
2,4,2,1024,262144,1048576,cycle,8,random,os-getrandom,random-old-and-new-paths,post,631,1048576,1.00000000000000000,-0.000000000,fixed,1,access-plus-rate-deterministic,3,8
2,4,2,1024,262144,1048576,cycle,8,random,os-getrandom,random-old-and-new-paths,post,632,1048576,1.00000000000000000,-0.000000000,fixed,1,access-plus-rate-deterministic,3,8
2,4,2,1024,262144,1048576,cycle,8,random,os-getrandom,random-old-and-new-paths,post,633,1048576,1.00000000000000000,-0.000000000,fixed,1,access-plus-rate-deterministic,3,8
2,4,2,1024,262144,1048576,cycle,8,random,os-getrandom,random-old-and-new-paths,post,634,1048576,1.00000000000000000,-0.000000000,fixed,1,access-plus-rate-deterministic,3,8
2,4,2,1024,262144,1048576,cycle,8,random,os-getrandom,random-old-and-new-paths,post,635,1048576,1.00000000000000000,-0.000000000,fixed,1,access-plus-rate-deterministic,3,8
2,4,2,1024,262144,1048576,cycle,8,random,os-getrandom,random-old-and-new-paths,post,636,1048576,1.00000000000000000,-0.000000000,fixed,1,access-plus-rate-deterministic,3,8
2,4,2,1024,262144,1048576,cycle,8,random,os-getrandom,random-old-and-new-paths,post,637,1048576,1.00000000000000000,-0.000000000,fixed,1,access-plus-rate-deterministic,3,8
2,4,2,1024,262144,1048576,cycle,8,random,os-getrandom,random-old-and-new-paths,post,638,1048576,1.00000000000000000,-0.000000000,fixed,1,access-plus-rate-deterministic,3,8
2,4,2,1024,262144,1048576,cycle,8,random,os-getrandom,random-old-and-new-paths,post,639,1048576,1.00000000000000000,-0.000000000,fixed,1,access-plus-rate-deterministic,3,8
2,4,2,1024,262144,1048576,cycle,8,random,os-getrandom,random-old-and-new-paths,post,640,1048576,1.00000000000000000,-0.000000000,fixed,1,access-plus-rate-deterministic,3,8
2,4,2,1024,262144,1048576,cycle,8,random,os-getrandom,random-old-and-new-paths,post,641,1048576,1.00000000000000000,-0.000000000,fixed,1,access-plus-rate-deterministic,3,8
2,4,2,1024,262144,1048576,cycle,8,random,os-getrandom,random-old-and-new-paths,post,642,1048576,1.00000000000000000,-0.000000000,fixed,1,access-plus-rate-deterministic,3,8
2,4,2,1024,262144,1048576,cycle,8,random,os-getrandom,random-old-and-new-paths,post,643,1048576,1.00000000000000000,-0.000000000,fixed,1,access-plus-rate-deterministic,3,8
2,4,2,1024,262144,1048576,cycle,8,random,os-getrandom,random-old-and-new-paths,post,644,1048576,1.00000000000000000,-0.000000000,fixed,1,access-plus-rate-deterministic,3,8
2,4,2,1024,262144,1048576,cycle,8,random,os-getrandom,random-old-and-new-paths,post,645,1048576,1.00000000000000000,-0.000000000,fixed,1,access-plus-rate-deterministic,3,8
2,4,2,1024,262144,1048576,cycle,8,random,os-getrandom,random-old-and-new-paths,post,646,1048576,1.00000000000000000,-0.000000000,fixed,1,access-plus-rate-deterministic,3,8
2,4,2,1024,262144,1048576,cycle,8,random,os-getrandom,random-old-and-new-paths,post,647,1048576,1.00000000000000000,-0.000000000,fixed,1,access-plus-rate-deterministic,3,8
2,4,2,1024,262144,1048576,cycle,8,random,os-getrandom,random-old-and-new-paths,post,648,1048576,1.00000000000000000,-0.000000000,fixed,1,access-plus-rate-deterministic,3,8
2,4,2,1024,262144,1048576,cycle,8,random,os-getrandom,random-old-and-new-paths,post,649,1048576,1.00000000000000000,-0.000000000,fixed,1,access-plus-rate-deterministic,3,8
2,4,2,1024,262144,1048576,cycle,8,random,os-getrandom,random-old-and-new-paths,post,650,1048576,1.00000000000000000,-0.000000000,fixed,1,access-plus-rate-deterministic,3,8
2,4,2,1024,262144,1048576,cycle,8,random,os-getrandom,random-old-and-new-paths,post,651,1048576,1.00000000000000000,-0.000000000,fixed,1,access-plus-rate-deterministic,3,8
2,4,2,1024,262144,1048576,cycle,8,random,os-getrandom,random-old-and-new-paths,post,652,1048576,1.00000000000000000,-0.000000000,fixed,1,access-plus-rate-deterministic,3,8
2,4,2,1024,262144,1048576,cycle,8,random,os-getrandom,random-old-and-new-paths,post,653,1048576,1.00000000000000000,-0.000000000,fixed,1,access-plus-rate-deterministic,3,8
2,4,2,1024,262144,1048576,cycle,8,random,os-getrandom,random-old-and-new-paths,post,654,1048576,1.00000000000000000,-0.000000000,fixed,1,access-plus-rate-deterministic,3,8
2,4,2,1024,262144,1048576,cycle,8,random,os-getrandom,random-old-and-new-paths,post,655,1048576,1.00000000000000000,-0.000000000,fixed,1,access-plus-rate-deterministic,3,8
2,4,2,1024,262144,1048576,cycle,8,random,os-getrandom,random-old-and-new-paths,post,656,1048576,1.00000000000000000,-0.000000000,fixed,1,access-plus-rate-deterministic,3,8
2,4,2,1024,262144,1048576,cycle,8,random,os-getrandom,random-old-and-new-paths,post,657,1048576,1.00000000000000000,-0.000000000,fixed,1,access-plus-rate-deterministic,3,8
2,4,2,1024,262144,1048576,cycle,8,random,os-getrandom,random-old-and-new-paths,post,658,1048576,1.00000000000000000,-0.000000000,fixed,1,access-plus-rate-deterministic,3,8
2,4,2,1024,262144,1048576,cycle,8,random,os-getrandom,random-old-and-new-paths,post,659,1048576,1.00000000000000000,-0.000000000,fixed,1,access-plus-rate-deterministic,3,8
2,4,2,1024,262144,1048576,cycle,8,random,os-getrandom,random-old-and-new-paths,post,660,1048576,1.00000000000000000,-0.000000000,fixed,1,access-plus-rate-deterministic,3,8
2,4,2,1024,262144,1048576,cycle,8,random,os-getrandom,random-old-and-new-paths,post,661,1048576,1.00000000000000000,-0.000000000,fixed,1,access-plus-rate-deterministic,3,8
2,4,2,1024,262144,1048576,cycle,8,random,os-getrandom,random-old-and-new-paths,post,662,1048576,1.00000000000000000,-0.000000000,fixed,1,access-plus-rate-deterministic,3,8
2,4,2,1024,262144,1048576,cycle,8,random,os-getrandom,random-old-and-new-paths,post,663,1048576,1.00000000000000000,-0.000000000,fixed,1,access-plus-rate-deterministic,3,8
2,4,2,1024,262144,1048576,cycle,8,random,os-getrandom,random-old-and-new-paths,post,664,1048576,1.00000000000000000,-0.000000000,fixed,1,access-plus-rate-deterministic,3,8
2,4,2,1024,262144,1048576,cycle,8,random,os-getrandom,random-old-and-new-paths,post,665,1048576,1.00000000000000000,-0.000000000,fixed,1,access-plus-rate-deterministic,3,8
2,4,2,1024,262144,1048576,cycle,8,random,os-getrandom,random-old-and-new-paths,post,666,1048576,1.00000000000000000,-0.000000000,fixed,1,access-plus-rate-deterministic,3,8
2,4,2,1024,262144,1048576,cycle,8,random,os-getrandom,random-old-and-new-paths,post,667,1048576,1.00000000000000000,-0.000000000,fixed,1,access-plus-rate-deterministic,3,8
2,4,2,1024,262144,1048576,cycle,8,random,os-getrandom,random-old-and-new-paths,post,668,1048576,1.00000000000000000,-0.000000000,fixed,1,access-plus-rate-deterministic,3,8
2,4,2,1024,262144,1048576,cycle,8,random,os-getrandom,random-old-and-new-paths,post,669,1048576,1.00000000000000000,-0.000000000,fixed,1,access-plus-rate-deterministic,3,8
2,4,2,1024,262144,1048576,cycle,8,random,os-getrandom,random-old-and-new-paths,post,670,1048576,1.00000000000000000,-0.000000000,fixed,1,access-plus-rate-deterministic,3,8
2,4,2,1024,262144,1048576,cycle,8,random,os-getrandom,random-old-and-new-paths,post,671,1048576,1.00000000000000000,-0.000000000,fixed,1,access-plus-rate-deterministic,3,8
2,4,2,1024,262144,1048576,cycle,8,random,os-getrandom,random-old-and-new-paths,post,672,1048576,1.00000000000000000,-0.000000000,fixed,1,access-plus-rate-deterministic,3,8
2,4,2,1024,262144,1048576,cycle,8,random,os-getrandom,random-old-and-new-paths,post,673,1048576,1.00000000000000000,-0.000000000,fixed,1,access-plus-rate-deterministic,3,8
2,4,2,1024,262144,1048576,cycle,8,random,os-getrandom,random-old-and-new-paths,post,674,1048576,1.00000000000000000,-0.000000000,fixed,1,access-plus-rate-deterministic,3,8
2,4,2,1024,262144,1048576,cycle,8,random,os-getrandom,random-old-and-new-paths,post,675,1048576,1.00000000000000000,-0.000000000,fixed,1,access-plus-rate-deterministic,3,8
2,4,2,1024,262144,1048576,cycle,8,random,os-getrandom,random-old-and-new-paths,post,676,1048576,1.00000000000000000,-0.000000000,fixed,1,access-plus-rate-deterministic,3,8
2,4,2,1024,262144,1048576,cycle,8,random,os-getrandom,random-old-and-new-paths,post,677,1048576,1.00000000000000000,-0.000000000,fixed,1,access-plus-rate-deterministic,3,8
2,4,2,1024,262144,1048576,cycle,8,random,os-getrandom,random-old-and-new-paths,post,678,1048576,1.00000000000000000,-0.000000000,fixed,1,access-plus-rate-deterministic,3,8
2,4,2,1024,262144,1048576,cycle,8,random,os-getrandom,random-old-and-new-paths,post,679,1048576,1.00000000000000000,-0.000000000,fixed,1,access-plus-rate-deterministic,3,8
2,4,2,1024,262144,1048576,cycle,8,random,os-getrandom,random-old-and-new-paths,post,680,1048576,1.00000000000000000,-0.000000000,fixed,1,access-plus-rate-deterministic,3,8
2,4,2,1024,262144,1048576,cycle,8,random,os-getrandom,random-old-and-new-paths,post,681,1048576,1.00000000000000000,-0.000000000,fixed,1,access-plus-rate-deterministic,3,8
2,4,2,1024,262144,1048576,cycle,8,random,os-getrandom,random-old-and-new-paths,post,682,1048576,1.00000000000000000,-0.000000000,fixed,1,access-plus-rate-deterministic,3,8
2,4,2,1024,262144,1048576,cycle,8,random,os-getrandom,random-old-and-new-paths,post,683,1048576,1.00000000000000000,-0.000000000,fixed,1,access-plus-rate-deterministic,3,8
2,4,2,1024,262144,1048576,cycle,8,random,os-getrandom,random-old-and-new-paths,post,684,1048576,1.00000000000000000,-0.000000000,fixed,1,access-plus-rate-deterministic,3,8
2,4,2,1024,262144,1048576,cycle,8,random,os-getrandom,random-old-and-new-paths,post,685,1048576,1.00000000000000000,-0.000000000,fixed,1,access-plus-rate-deterministic,3,8
2,4,2,1024,262144,1048576,cycle,8,random,os-getrandom,random-old-and-new-paths,post,686,1048576,1.00000000000000000,-0.000000000,fixed,1,access-plus-rate-deterministic,3,8
2,4,2,1024,262144,1048576,cycle,8,random,os-getrandom,random-old-and-new-paths,post,687,1048576,1.00000000000000000,-0.000000000,fixed,1,access-plus-rate-deterministic,3,8
2,4,2,1024,262144,1048576,cycle,8,random,os-getrandom,random-old-and-new-paths,post,688,1048576,1.00000000000000000,-0.000000000,fixed,1,access-plus-rate-deterministic,3,8
2,4,2,1024,262144,1048576,cycle,8,random,os-getrandom,random-old-and-new-paths,post,689,1048576,1.00000000000000000,-0.000000000,fixed,1,access-plus-rate-deterministic,3,8
2,4,2,1024,262144,1048576,cycle,8,random,os-getrandom,random-old-and-new-paths,post,690,1048576,1.00000000000000000,-0.000000000,fixed,1,access-plus-rate-deterministic,3,8
2,4,2,1024,262144,1048576,cycle,8,random,os-getrandom,random-old-and-new-paths,post,691,1048576,1.00000000000000000,-0.000000000,fixed,1,access-plus-rate-deterministic,3,8
2,4,2,1024,262144,1048576,cycle,8,random,os-getrandom,random-old-and-new-paths,post,692,1048576,1.00000000000000000,-0.000000000,fixed,1,access-plus-rate-deterministic,3,8
2,4,2,1024,262144,1048576,cycle,8,random,os-getrandom,random-old-and-new-paths,post,693,1048576,1.00000000000000000,-0.000000000,fixed,1,access-plus-rate-deterministic,3,8
2,4,2,1024,262144,1048576,cycle,8,random,os-getrandom,random-old-and-new-paths,post,694,1048576,1.00000000000000000,-0.000000000,fixed,1,access-plus-rate-deterministic,3,8
2,4,2,1024,262144,1048576,cycle,8,random,os-getrandom,random-old-and-new-paths,post,695,1048576,1.00000000000000000,-0.000000000,fixed,1,access-plus-rate-deterministic,3,8
2,4,2,1024,262144,1048576,cycle,8,random,os-getrandom,random-old-and-new-paths,post,696,1048576,1.00000000000000000,-0.000000000,fixed,1,access-plus-rate-deterministic,3,8
2,4,2,1024,262144,1048576,cycle,8,random,os-getrandom,random-old-and-new-paths,post,697,1048576,1.00000000000000000,-0.000000000,fixed,1,access-plus-rate-deterministic,3,8
2,4,2,1024,262144,1048576,cycle,8,random,os-getrandom,random-old-and-new-paths,post,698,1048576,1.00000000000000000,-0.000000000,fixed,1,access-plus-rate-deterministic,3,8
2,4,2,1024,262144,1048576,cycle,8,random,os-getrandom,random-old-and-new-paths,post,699,1048576,1.00000000000000000,-0.000000000,fixed,1,access-plus-rate-deterministic,3,8
2,4,2,1024,262144,1048576,cycle,8,random,os-getrandom,random-old-and-new-paths,post,700,1048576,1.00000000000000000,-0.000000000,fixed,1,access-plus-rate-deterministic,3,8
2,4,2,1024,262144,1048576,cycle,8,random,os-getrandom,random-old-and-new-paths,post,701,1048576,1.00000000000000000,-0.000000000,fixed,1,access-plus-rate-deterministic,3,8
2,4,2,1024,262144,1048576,cycle,8,random,os-getrandom,random-old-and-new-paths,post,702,1048576,1.00000000000000000,-0.000000000,fixed,1,access-plus-rate-deterministic,3,8
2,4,2,1024,262144,1048576,cycle,8,random,os-getrandom,random-old-and-new-paths,post,703,1048576,1.00000000000000000,-0.000000000,fixed,1,access-plus-rate-deterministic,3,8
2,4,2,1024,262144,1048576,cycle,8,random,os-getrandom,random-old-and-new-paths,post,704,1048576,1.00000000000000000,-0.000000000,fixed,1,access-plus-rate-deterministic,3,8
2,4,2,1024,262144,1048576,cycle,8,random,os-getrandom,random-old-and-new-paths,post,705,1048576,1.00000000000000000,-0.000000000,fixed,1,access-plus-rate-deterministic,3,8
2,4,2,1024,262144,1048576,cycle,8,random,os-getrandom,random-old-and-new-paths,post,706,1048576,1.00000000000000000,-0.000000000,fixed,1,access-plus-rate-deterministic,3,8
2,4,2,1024,262144,1048576,cycle,8,random,os-getrandom,random-old-and-new-paths,post,707,1048576,1.00000000000000000,-0.000000000,fixed,1,access-plus-rate-deterministic,3,8
2,4,2,1024,262144,1048576,cycle,8,random,os-getrandom,random-old-and-new-paths,post,708,1048576,1.00000000000000000,-0.000000000,fixed,1,access-plus-rate-deterministic,3,8
2,4,2,1024,262144,1048576,cycle,8,random,os-getrandom,random-old-and-new-paths,post,709,1048576,1.00000000000000000,-0.000000000,fixed,1,access-plus-rate-deterministic,3,8
2,4,2,1024,262144,1048576,cycle,8,random,os-getrandom,random-old-and-new-paths,post,710,1048576,1.00000000000000000,-0.000000000,fixed,1,access-plus-rate-deterministic,3,8
2,4,2,1024,262144,1048576,cycle,8,random,os-getrandom,random-old-and-new-paths,post,711,1048576,1.00000000000000000,-0.000000000,fixed,1,access-plus-rate-deterministic,3,8
2,4,2,1024,262144,1048576,cycle,8,random,os-getrandom,random-old-and-new-paths,post,712,1048576,1.00000000000000000,-0.000000000,fixed,1,access-plus-rate-deterministic,3,8
2,4,2,1024,262144,1048576,cycle,8,random,os-getrandom,random-old-and-new-paths,post,713,1048576,1.00000000000000000,-0.000000000,fixed,1,access-plus-rate-deterministic,3,8
2,4,2,1024,262144,1048576,cycle,8,random,os-getrandom,random-old-and-new-paths,post,714,1048576,1.00000000000000000,-0.000000000,fixed,1,access-plus-rate-deterministic,3,8
2,4,2,1024,262144,1048576,cycle,8,random,os-getrandom,random-old-and-new-paths,post,715,1048576,1.00000000000000000,-0.000000000,fixed,1,access-plus-rate-deterministic,3,8
2,4,2,1024,262144,1048576,cycle,8,random,os-getrandom,random-old-and-new-paths,post,716,1048576,1.00000000000000000,-0.000000000,fixed,1,access-plus-rate-deterministic,3,8
2,4,2,1024,262144,1048576,cycle,8,random,os-getrandom,random-old-and-new-paths,post,717,1048576,1.00000000000000000,-0.000000000,fixed,1,access-plus-rate-deterministic,3,8
2,4,2,1024,262144,1048576,cycle,8,random,os-getrandom,random-old-and-new-paths,post,718,1048576,1.00000000000000000,-0.000000000,fixed,1,access-plus-rate-deterministic,3,8
2,4,2,1024,262144,1048576,cycle,8,random,os-getrandom,random-old-and-new-paths,post,719,1048576,1.00000000000000000,-0.000000000,fixed,1,access-plus-rate-deterministic,3,8
2,4,2,1024,262144,1048576,cycle,8,random,os-getrandom,random-old-and-new-paths,post,720,1048576,1.00000000000000000,-0.000000000,fixed,1,access-plus-rate-deterministic,3,8
2,4,2,1024,262144,1048576,cycle,8,random,os-getrandom,random-old-and-new-paths,post,721,1048576,1.00000000000000000,-0.000000000,fixed,1,access-plus-rate-deterministic,3,8
2,4,2,1024,262144,1048576,cycle,8,random,os-getrandom,random-old-and-new-paths,post,722,1048576,1.00000000000000000,-0.000000000,fixed,1,access-plus-rate-deterministic,3,8
2,4,2,1024,262144,1048576,cycle,8,random,os-getrandom,random-old-and-new-paths,post,723,1048576,1.00000000000000000,-0.000000000,fixed,1,access-plus-rate-deterministic,3,8
2,4,2,1024,262144,1048576,cycle,8,random,os-getrandom,random-old-and-new-paths,post,724,1048576,1.00000000000000000,-0.000000000,fixed,1,access-plus-rate-deterministic,3,8
2,4,2,1024,262144,1048576,cycle,8,random,os-getrandom,random-old-and-new-paths,post,725,1048576,1.00000000000000000,-0.000000000,fixed,1,access-plus-rate-deterministic,3,8
2,4,2,1024,262144,1048576,cycle,8,random,os-getrandom,random-old-and-new-paths,post,726,1048576,1.00000000000000000,-0.000000000,fixed,1,access-plus-rate-deterministic,3,8
2,4,2,1024,262144,1048576,cycle,8,random,os-getrandom,random-old-and-new-paths,post,727,1048576,1.00000000000000000,-0.000000000,fixed,1,access-plus-rate-deterministic,3,8
2,4,2,1024,262144,1048576,cycle,8,random,os-getrandom,random-old-and-new-paths,post,728,1048576,1.00000000000000000,-0.000000000,fixed,1,access-plus-rate-deterministic,3,8
2,4,2,1024,262144,1048576,cycle,8,random,os-getrandom,random-old-and-new-paths,post,729,1048576,1.00000000000000000,-0.000000000,fixed,1,access-plus-rate-deterministic,3,8
2,4,2,1024,262144,1048576,cycle,8,random,os-getrandom,random-old-and-new-paths,post,730,1048576,1.00000000000000000,-0.000000000,fixed,1,access-plus-rate-deterministic,3,8
2,4,2,1024,262144,1048576,cycle,8,random,os-getrandom,random-old-and-new-paths,post,731,1048576,1.00000000000000000,-0.000000000,fixed,1,access-plus-rate-deterministic,3,8
2,4,2,1024,262144,1048576,cycle,8,random,os-getrandom,random-old-and-new-paths,post,732,1048576,1.00000000000000000,-0.000000000,fixed,1,access-plus-rate-deterministic,3,8
2,4,2,1024,262144,1048576,cycle,8,random,os-getrandom,random-old-and-new-paths,post,733,1048576,1.00000000000000000,-0.000000000,fixed,1,access-plus-rate-deterministic,3,8
2,4,2,1024,262144,1048576,cycle,8,random,os-getrandom,random-old-and-new-paths,post,734,1048576,1.00000000000000000,-0.000000000,fixed,1,access-plus-rate-deterministic,3,8
2,4,2,1024,262144,1048576,cycle,8,random,os-getrandom,random-old-and-new-paths,post,735,1048576,1.00000000000000000,-0.000000000,fixed,1,access-plus-rate-deterministic,3,8
2,4,2,1024,262144,1048576,cycle,8,random,os-getrandom,random-old-and-new-paths,post,736,1048576,1.00000000000000000,-0.000000000,fixed,1,access-plus-rate-deterministic,3,8
2,4,2,1024,262144,1048576,cycle,8,random,os-getrandom,random-old-and-new-paths,post,737,1048576,1.00000000000000000,-0.000000000,fixed,1,access-plus-rate-deterministic,3,8
2,4,2,1024,262144,1048576,cycle,8,random,os-getrandom,random-old-and-new-paths,post,738,1048576,1.00000000000000000,-0.000000000,fixed,1,access-plus-rate-deterministic,3,8
2,4,2,1024,262144,1048576,cycle,8,random,os-getrandom,random-old-and-new-paths,post,739,1048576,1.00000000000000000,-0.000000000,fixed,1,access-plus-rate-deterministic,3,8
2,4,2,1024,262144,1048576,cycle,8,random,os-getrandom,random-old-and-new-paths,post,740,1048576,1.00000000000000000,-0.000000000,fixed,1,access-plus-rate-deterministic,3,8
2,4,2,1024,262144,1048576,cycle,8,random,os-getrandom,random-old-and-new-paths,post,741,1048576,1.00000000000000000,-0.000000000,fixed,1,access-plus-rate-deterministic,3,8
2,4,2,1024,262144,1048576,cycle,8,random,os-getrandom,random-old-and-new-paths,post,742,1048576,1.00000000000000000,-0.000000000,fixed,1,access-plus-rate-deterministic,3,8
2,4,2,1024,262144,1048576,cycle,8,random,os-getrandom,random-old-and-new-paths,post,743,1048576,1.00000000000000000,-0.000000000,fixed,1,access-plus-rate-deterministic,3,8
2,4,2,1024,262144,1048576,cycle,8,random,os-getrandom,random-old-and-new-paths,post,744,1048576,1.00000000000000000,-0.000000000,fixed,1,access-plus-rate-deterministic,3,8
2,4,2,1024,262144,1048576,cycle,8,random,os-getrandom,random-old-and-new-paths,post,745,1048576,1.00000000000000000,-0.000000000,fixed,1,access-plus-rate-deterministic,3,8
2,4,2,1024,262144,1048576,cycle,8,random,os-getrandom,random-old-and-new-paths,post,746,1048576,1.00000000000000000,-0.000000000,fixed,1,access-plus-rate-deterministic,3,8
2,4,2,1024,262144,1048576,cycle,8,random,os-getrandom,random-old-and-new-paths,post,747,1048576,1.00000000000000000,-0.000000000,fixed,1,access-plus-rate-deterministic,3,8
2,4,2,1024,262144,1048576,cycle,8,random,os-getrandom,random-old-and-new-paths,post,748,1048576,1.00000000000000000,-0.000000000,fixed,1,access-plus-rate-deterministic,3,8
2,4,2,1024,262144,1048576,cycle,8,random,os-getrandom,random-old-and-new-paths,post,749,1048576,1.00000000000000000,-0.000000000,fixed,1,access-plus-rate-deterministic,3,8
2,4,2,1024,262144,1048576,cycle,8,random,os-getrandom,random-old-and-new-paths,post,750,1048576,1.00000000000000000,-0.000000000,fixed,1,access-plus-rate-deterministic,3,8
2,4,2,1024,262144,1048576,cycle,8,random,os-getrandom,random-old-and-new-paths,post,751,1048576,1.00000000000000000,-0.000000000,fixed,1,access-plus-rate-deterministic,3,8
2,4,2,1024,262144,1048576,cycle,8,random,os-getrandom,random-old-and-new-paths,post,752,1048576,1.00000000000000000,-0.000000000,fixed,1,access-plus-rate-deterministic,3,8
2,4,2,1024,262144,1048576,cycle,8,random,os-getrandom,random-old-and-new-paths,post,753,1048576,1.00000000000000000,-0.000000000,fixed,1,access-plus-rate-deterministic,3,8
2,4,2,1024,262144,1048576,cycle,8,random,os-getrandom,random-old-and-new-paths,post,754,1048576,1.00000000000000000,-0.000000000,fixed,1,access-plus-rate-deterministic,3,8
2,4,2,1024,262144,1048576,cycle,8,random,os-getrandom,random-old-and-new-paths,post,755,1048576,1.00000000000000000,-0.000000000,fixed,1,access-plus-rate-deterministic,3,8
2,4,2,1024,262144,1048576,cycle,8,random,os-getrandom,random-old-and-new-paths,post,756,1048576,1.00000000000000000,-0.000000000,fixed,1,access-plus-rate-deterministic,3,8
2,4,2,1024,262144,1048576,cycle,8,random,os-getrandom,random-old-and-new-paths,post,757,1048576,1.00000000000000000,-0.000000000,fixed,1,access-plus-rate-deterministic,3,8
2,4,2,1024,262144,1048576,cycle,8,random,os-getrandom,random-old-and-new-paths,post,758,1048576,1.00000000000000000,-0.000000000,fixed,1,access-plus-rate-deterministic,3,8
2,4,2,1024,262144,1048576,cycle,8,random,os-getrandom,random-old-and-new-paths,post,759,1048576,1.00000000000000000,-0.000000000,fixed,1,access-plus-rate-deterministic,3,8
2,4,2,1024,262144,1048576,cycle,8,random,os-getrandom,random-old-and-new-paths,post,760,1048576,1.00000000000000000,-0.000000000,fixed,1,access-plus-rate-deterministic,3,8
2,4,2,1024,262144,1048576,cycle,8,random,os-getrandom,random-old-and-new-paths,post,761,1048576,1.00000000000000000,-0.000000000,fixed,1,access-plus-rate-deterministic,3,8
2,4,2,1024,262144,1048576,cycle,8,random,os-getrandom,random-old-and-new-paths,post,762,1048576,1.00000000000000000,-0.000000000,fixed,1,access-plus-rate-deterministic,3,8
2,4,2,1024,262144,1048576,cycle,8,random,os-getrandom,random-old-and-new-paths,post,763,1048576,1.00000000000000000,-0.000000000,fixed,1,access-plus-rate-deterministic,3,8
2,4,2,1024,262144,1048576,cycle,8,random,os-getrandom,random-old-and-new-paths,post,764,1048576,1.00000000000000000,-0.000000000,fixed,1,access-plus-rate-deterministic,3,8
2,4,2,1024,262144,1048576,cycle,8,random,os-getrandom,random-old-and-new-paths,post,765,1048576,1.00000000000000000,-0.000000000,fixed,1,access-plus-rate-deterministic,3,8
2,4,2,1024,262144,1048576,cycle,8,random,os-getrandom,random-old-and-new-paths,post,766,1048576,1.00000000000000000,-0.000000000,fixed,1,access-plus-rate-deterministic,3,8
2,4,2,1024,262144,1048576,cycle,8,random,os-getrandom,random-old-and-new-paths,post,767,1048576,1.00000000000000000,-0.000000000,fixed,1,access-plus-rate-deterministic,3,8
2,4,2,1024,262144,1048576,cycle,8,random,os-getrandom,random-old-and-new-paths,post,768,1048576,1.00000000000000000,-0.000000000,fixed,1,access-plus-rate-deterministic,3,8
2,4,2,1024,262144,1048576,cycle,8,random,os-getrandom,random-old-and-new-paths,post,769,1048576,1.00000000000000000,-0.000000000,fixed,1,access-plus-rate-deterministic,3,8
2,4,2,1024,262144,1048576,cycle,8,random,os-getrandom,random-old-and-new-paths,post,770,1048576,1.00000000000000000,-0.000000000,fixed,1,access-plus-rate-deterministic,3,8
2,4,2,1024,262144,1048576,cycle,8,random,os-getrandom,random-old-and-new-paths,post,771,1048576,1.00000000000000000,-0.000000000,fixed,1,access-plus-rate-deterministic,3,8
2,4,2,1024,262144,1048576,cycle,8,random,os-getrandom,random-old-and-new-paths,post,772,1048576,1.00000000000000000,-0.000000000,fixed,1,access-plus-rate-deterministic,3,8
2,4,2,1024,262144,1048576,cycle,8,random,os-getrandom,random-old-and-new-paths,post,773,1048576,1.00000000000000000,-0.000000000,fixed,1,access-plus-rate-deterministic,3,8
2,4,2,1024,262144,1048576,cycle,8,random,os-getrandom,random-old-and-new-paths,post,774,1048576,1.00000000000000000,-0.000000000,fixed,1,access-plus-rate-deterministic,3,8
2,4,2,1024,262144,1048576,cycle,8,random,os-getrandom,random-old-and-new-paths,post,775,1048576,1.00000000000000000,-0.000000000,fixed,1,access-plus-rate-deterministic,3,8
2,4,2,1024,262144,1048576,cycle,8,random,os-getrandom,random-old-and-new-paths,post,776,1048576,1.00000000000000000,-0.000000000,fixed,1,access-plus-rate-deterministic,3,8
2,4,2,1024,262144,1048576,cycle,8,random,os-getrandom,random-old-and-new-paths,post,777,1048576,1.00000000000000000,-0.000000000,fixed,1,access-plus-rate-deterministic,3,8
2,4,2,1024,262144,1048576,cycle,8,random,os-getrandom,random-old-and-new-paths,post,778,1048576,1.00000000000000000,-0.000000000,fixed,1,access-plus-rate-deterministic,3,8
2,4,2,1024,262144,1048576,cycle,8,random,os-getrandom,random-old-and-new-paths,post,779,1048576,1.00000000000000000,-0.000000000,fixed,1,access-plus-rate-deterministic,3,8
2,4,2,1024,262144,1048576,cycle,8,random,os-getrandom,random-old-and-new-paths,post,780,1048576,1.00000000000000000,-0.000000000,fixed,1,access-plus-rate-deterministic,3,8
2,4,2,1024,262144,1048576,cycle,8,random,os-getrandom,random-old-and-new-paths,post,781,1048576,1.00000000000000000,-0.000000000,fixed,1,access-plus-rate-deterministic,3,8
2,4,2,1024,262144,1048576,cycle,8,random,os-getrandom,random-old-and-new-paths,post,782,1048576,1.00000000000000000,-0.000000000,fixed,1,access-plus-rate-deterministic,3,8
2,4,2,1024,262144,1048576,cycle,8,random,os-getrandom,random-old-and-new-paths,post,783,1048576,1.00000000000000000,-0.000000000,fixed,1,access-plus-rate-deterministic,3,8
2,4,2,1024,262144,1048576,cycle,8,random,os-getrandom,random-old-and-new-paths,post,784,1048576,1.00000000000000000,-0.000000000,fixed,1,access-plus-rate-deterministic,3,8
2,4,2,1024,262144,1048576,cycle,8,random,os-getrandom,random-old-and-new-paths,post,785,1048576,1.00000000000000000,-0.000000000,fixed,1,access-plus-rate-deterministic,3,8
2,4,2,1024,262144,1048576,cycle,8,random,os-getrandom,random-old-and-new-paths,post,786,1048576,1.00000000000000000,-0.000000000,fixed,1,access-plus-rate-deterministic,3,8
2,4,2,1024,262144,1048576,cycle,8,random,os-getrandom,random-old-and-new-paths,post,787,1048576,1.00000000000000000,-0.000000000,fixed,1,access-plus-rate-deterministic,3,8
2,4,2,1024,262144,1048576,cycle,8,random,os-getrandom,random-old-and-new-paths,post,788,1048576,1.00000000000000000,-0.000000000,fixed,1,access-plus-rate-deterministic,3,8
2,4,2,1024,262144,1048576,cycle,8,random,os-getrandom,random-old-and-new-paths,post,789,1048576,1.00000000000000000,-0.000000000,fixed,1,access-plus-rate-deterministic,3,8
2,4,2,1024,262144,1048576,cycle,8,random,os-getrandom,random-old-and-new-paths,post,790,1048576,1.00000000000000000,-0.000000000,fixed,1,access-plus-rate-deterministic,3,8
2,4,2,1024,262144,1048576,cycle,8,random,os-getrandom,random-old-and-new-paths,post,791,1048576,1.00000000000000000,-0.000000000,fixed,1,access-plus-rate-deterministic,3,8
2,4,2,1024,262144,1048576,cycle,8,random,os-getrandom,random-old-and-new-paths,post,792,1048576,1.00000000000000000,-0.000000000,fixed,1,access-plus-rate-deterministic,3,8
2,4,2,1024,262144,1048576,cycle,8,random,os-getrandom,random-old-and-new-paths,post,793,1048576,1.00000000000000000,-0.000000000,fixed,1,access-plus-rate-deterministic,3,8
2,4,2,1024,262144,1048576,cycle,8,random,os-getrandom,random-old-and-new-paths,post,794,1048576,1.00000000000000000,-0.000000000,fixed,1,access-plus-rate-deterministic,3,8
2,4,2,1024,262144,1048576,cycle,8,random,os-getrandom,random-old-and-new-paths,post,795,1048576,1.00000000000000000,-0.000000000,fixed,1,access-plus-rate-deterministic,3,8
2,4,2,1024,262144,1048576,cycle,8,random,os-getrandom,random-old-and-new-paths,post,796,1048576,1.00000000000000000,-0.000000000,fixed,1,access-plus-rate-deterministic,3,8
2,4,2,1024,262144,1048576,cycle,8,random,os-getrandom,random-old-and-new-paths,post,797,1048576,1.00000000000000000,-0.000000000,fixed,1,access-plus-rate-deterministic,3,8
2,4,2,1024,262144,1048576,cycle,8,random,os-getrandom,random-old-and-new-paths,post,798,1048576,1.00000000000000000,-0.000000000,fixed,1,access-plus-rate-deterministic,3,8
2,4,2,1024,262144,1048576,cycle,8,random,os-getrandom,random-old-and-new-paths,post,799,1048576,1.00000000000000000,-0.000000000,fixed,1,access-plus-rate-deterministic,3,8
2,4,2,1024,262144,1048576,cycle,8,random,os-getrandom,random-old-and-new-paths,post,800,1048576,1.00000000000000000,-0.000000000,fixed,1,access-plus-rate-deterministic,3,8
2,4,2,1024,262144,1048576,cycle,8,random,os-getrandom,random-old-and-new-paths,post,801,1048576,1.00000000000000000,-0.000000000,fixed,1,access-plus-rate-deterministic,3,8
2,4,2,1024,262144,1048576,cycle,8,random,os-getrandom,random-old-and-new-paths,post,802,1048576,1.00000000000000000,-0.000000000,fixed,1,access-plus-rate-deterministic,3,8
2,4,2,1024,262144,1048576,cycle,8,random,os-getrandom,random-old-and-new-paths,post,803,1048576,1.00000000000000000,-0.000000000,fixed,1,access-plus-rate-deterministic,3,8
2,4,2,1024,262144,1048576,cycle,8,random,os-getrandom,random-old-and-new-paths,post,804,1048576,1.00000000000000000,-0.000000000,fixed,1,access-plus-rate-deterministic,3,8
2,4,2,1024,262144,1048576,cycle,8,random,os-getrandom,random-old-and-new-paths,post,805,1048576,1.00000000000000000,-0.000000000,fixed,1,access-plus-rate-deterministic,3,8
2,4,2,1024,262144,1048576,cycle,8,random,os-getrandom,random-old-and-new-paths,post,806,1048576,1.00000000000000000,-0.000000000,fixed,1,access-plus-rate-deterministic,3,8
2,4,2,1024,262144,1048576,cycle,8,random,os-getrandom,random-old-and-new-paths,post,807,1048576,1.00000000000000000,-0.000000000,fixed,1,access-plus-rate-deterministic,3,8
2,4,2,1024,262144,1048576,cycle,8,random,os-getrandom,random-old-and-new-paths,post,808,1048576,1.00000000000000000,-0.000000000,fixed,1,access-plus-rate-deterministic,3,8
2,4,2,1024,262144,1048576,cycle,8,random,os-getrandom,random-old-and-new-paths,post,809,1048576,1.00000000000000000,-0.000000000,fixed,1,access-plus-rate-deterministic,3,8
2,4,2,1024,262144,1048576,cycle,8,random,os-getrandom,random-old-and-new-paths,post,810,1048576,1.00000000000000000,-0.000000000,fixed,1,access-plus-rate-deterministic,3,8
2,4,2,1024,262144,1048576,cycle,8,random,os-getrandom,random-old-and-new-paths,post,811,1048576,1.00000000000000000,-0.000000000,fixed,1,access-plus-rate-deterministic,3,8
2,4,2,1024,262144,1048576,cycle,8,random,os-getrandom,random-old-and-new-paths,post,812,1048576,1.00000000000000000,-0.000000000,fixed,1,access-plus-rate-deterministic,3,8
2,4,2,1024,262144,1048576,cycle,8,random,os-getrandom,random-old-and-new-paths,post,813,1048576,1.00000000000000000,-0.000000000,fixed,1,access-plus-rate-deterministic,3,8
2,4,2,1024,262144,1048576,cycle,8,random,os-getrandom,random-old-and-new-paths,post,814,1048576,1.00000000000000000,-0.000000000,fixed,1,access-plus-rate-deterministic,3,8
2,4,2,1024,262144,1048576,cycle,8,random,os-getrandom,random-old-and-new-paths,post,815,1048576,1.00000000000000000,-0.000000000,fixed,1,access-plus-rate-deterministic,3,8
2,4,2,1024,262144,1048576,cycle,8,random,os-getrandom,random-old-and-new-paths,post,816,1048576,1.00000000000000000,-0.000000000,fixed,1,access-plus-rate-deterministic,3,8
2,4,2,1024,262144,1048576,cycle,8,random,os-getrandom,random-old-and-new-paths,post,817,1048576,1.00000000000000000,-0.000000000,fixed,1,access-plus-rate-deterministic,3,8
2,4,2,1024,262144,1048576,cycle,8,random,os-getrandom,random-old-and-new-paths,post,818,1048576,1.00000000000000000,-0.000000000,fixed,1,access-plus-rate-deterministic,3,8
2,4,2,1024,262144,1048576,cycle,8,random,os-getrandom,random-old-and-new-paths,post,819,1048576,1.00000000000000000,-0.000000000,fixed,1,access-plus-rate-deterministic,3,8
2,4,2,1024,262144,1048576,cycle,8,random,os-getrandom,random-old-and-new-paths,post,820,1048576,1.00000000000000000,-0.000000000,fixed,1,access-plus-rate-deterministic,3,8
2,4,2,1024,262144,1048576,cycle,8,random,os-getrandom,random-old-and-new-paths,post,821,1048576,1.00000000000000000,-0.000000000,fixed,1,access-plus-rate-deterministic,3,8
2,4,2,1024,262144,1048576,cycle,8,random,os-getrandom,random-old-and-new-paths,post,822,1048576,1.00000000000000000,-0.000000000,fixed,1,access-plus-rate-deterministic,3,8
2,4,2,1024,262144,1048576,cycle,8,random,os-getrandom,random-old-and-new-paths,post,823,1048576,1.00000000000000000,-0.000000000,fixed,1,access-plus-rate-deterministic,3,8
2,4,2,1024,262144,1048576,cycle,8,random,os-getrandom,random-old-and-new-paths,post,824,1048576,1.00000000000000000,-0.000000000,fixed,1,access-plus-rate-deterministic,3,8
2,4,2,1024,262144,1048576,cycle,8,random,os-getrandom,random-old-and-new-paths,post,825,1048576,1.00000000000000000,-0.000000000,fixed,1,access-plus-rate-deterministic,3,8
2,4,2,1024,262144,1048576,cycle,8,random,os-getrandom,random-old-and-new-paths,post,826,1048576,1.00000000000000000,-0.000000000,fixed,1,access-plus-rate-deterministic,3,8
2,4,2,1024,262144,1048576,cycle,8,random,os-getrandom,random-old-and-new-paths,post,827,1048576,1.00000000000000000,-0.000000000,fixed,1,access-plus-rate-deterministic,3,8
2,4,2,1024,262144,1048576,cycle,8,random,os-getrandom,random-old-and-new-paths,post,828,1048576,1.00000000000000000,-0.000000000,fixed,1,access-plus-rate-deterministic,3,8
2,4,2,1024,262144,1048576,cycle,8,random,os-getrandom,random-old-and-new-paths,post,829,1048576,1.00000000000000000,-0.000000000,fixed,1,access-plus-rate-deterministic,3,8
2,4,2,1024,262144,1048576,cycle,8,random,os-getrandom,random-old-and-new-paths,post,830,1048576,1.00000000000000000,-0.000000000,fixed,1,access-plus-rate-deterministic,3,8
2,4,2,1024,262144,1048576,cycle,8,random,os-getrandom,random-old-and-new-paths,post,831,1048576,1.00000000000000000,-0.000000000,fixed,1,access-plus-rate-deterministic,3,8
2,4,2,1024,262144,1048576,cycle,8,random,os-getrandom,random-old-and-new-paths,post,832,1048576,1.00000000000000000,-0.000000000,fixed,1,access-plus-rate-deterministic,3,8
2,4,2,1024,262144,1048576,cycle,8,random,os-getrandom,random-old-and-new-paths,post,833,1048576,1.00000000000000000,-0.000000000,fixed,1,access-plus-rate-deterministic,3,8
2,4,2,1024,262144,1048576,cycle,8,random,os-getrandom,random-old-and-new-paths,post,834,1048576,1.00000000000000000,-0.000000000,fixed,1,access-plus-rate-deterministic,3,8
2,4,2,1024,262144,1048576,cycle,8,random,os-getrandom,random-old-and-new-paths,post,835,1048576,1.00000000000000000,-0.000000000,fixed,1,access-plus-rate-deterministic,3,8
2,4,2,1024,262144,1048576,cycle,8,random,os-getrandom,random-old-and-new-paths,post,836,1048576,1.00000000000000000,-0.000000000,fixed,1,access-plus-rate-deterministic,3,8
2,4,2,1024,262144,1048576,cycle,8,random,os-getrandom,random-old-and-new-paths,post,837,1048576,1.00000000000000000,-0.000000000,fixed,1,access-plus-rate-deterministic,3,8
2,4,2,1024,262144,1048576,cycle,8,random,os-getrandom,random-old-and-new-paths,post,838,1048576,1.00000000000000000,-0.000000000,fixed,1,access-plus-rate-deterministic,3,8
2,4,2,1024,262144,1048576,cycle,8,random,os-getrandom,random-old-and-new-paths,post,839,1048576,1.00000000000000000,-0.000000000,fixed,1,access-plus-rate-deterministic,3,8
2,4,2,1024,262144,1048576,cycle,8,random,os-getrandom,random-old-and-new-paths,post,840,1048576,1.00000000000000000,-0.000000000,fixed,1,access-plus-rate-deterministic,3,8
2,4,2,1024,262144,1048576,cycle,8,random,os-getrandom,random-old-and-new-paths,post,841,1048576,1.00000000000000000,-0.000000000,fixed,1,access-plus-rate-deterministic,3,8
2,4,2,1024,262144,1048576,cycle,8,random,os-getrandom,random-old-and-new-paths,post,842,1048576,1.00000000000000000,-0.000000000,fixed,1,access-plus-rate-deterministic,3,8
2,4,2,1024,262144,1048576,cycle,8,random,os-getrandom,random-old-and-new-paths,post,843,1048576,1.00000000000000000,-0.000000000,fixed,1,access-plus-rate-deterministic,3,8
2,4,2,1024,262144,1048576,cycle,8,random,os-getrandom,random-old-and-new-paths,post,844,1048576,1.00000000000000000,-0.000000000,fixed,1,access-plus-rate-deterministic,3,8
2,4,2,1024,262144,1048576,cycle,8,random,os-getrandom,random-old-and-new-paths,post,845,1048576,1.00000000000000000,-0.000000000,fixed,1,access-plus-rate-deterministic,3,8
2,4,2,1024,262144,1048576,cycle,8,random,os-getrandom,random-old-and-new-paths,post,846,1048576,1.00000000000000000,-0.000000000,fixed,1,access-plus-rate-deterministic,3,8
2,4,2,1024,262144,1048576,cycle,8,random,os-getrandom,random-old-and-new-paths,post,847,1048576,1.00000000000000000,-0.000000000,fixed,1,access-plus-rate-deterministic,3,8
2,4,2,1024,262144,1048576,cycle,8,random,os-getrandom,random-old-and-new-paths,post,848,1048576,1.00000000000000000,-0.000000000,fixed,1,access-plus-rate-deterministic,3,8
2,4,2,1024,262144,1048576,cycle,8,random,os-getrandom,random-old-and-new-paths,post,849,1048576,1.00000000000000000,-0.000000000,fixed,1,access-plus-rate-deterministic,3,8
2,4,2,1024,262144,1048576,cycle,8,random,os-getrandom,random-old-and-new-paths,post,850,1048576,1.00000000000000000,-0.000000000,fixed,1,access-plus-rate-deterministic,3,8
2,4,2,1024,262144,1048576,cycle,8,random,os-getrandom,random-old-and-new-paths,post,851,1048576,1.00000000000000000,-0.000000000,fixed,1,access-plus-rate-deterministic,3,8
2,4,2,1024,262144,1048576,cycle,8,random,os-getrandom,random-old-and-new-paths,post,852,1048576,1.00000000000000000,-0.000000000,fixed,1,access-plus-rate-deterministic,3,8
2,4,2,1024,262144,1048576,cycle,8,random,os-getrandom,random-old-and-new-paths,post,853,1048576,1.00000000000000000,-0.000000000,fixed,1,access-plus-rate-deterministic,3,8
2,4,2,1024,262144,1048576,cycle,8,random,os-getrandom,random-old-and-new-paths,post,854,1048576,1.00000000000000000,-0.000000000,fixed,1,access-plus-rate-deterministic,3,8
2,4,2,1024,262144,1048576,cycle,8,random,os-getrandom,random-old-and-new-paths,post,855,1048576,1.00000000000000000,-0.000000000,fixed,1,access-plus-rate-deterministic,3,8
2,4,2,1024,262144,1048576,cycle,8,random,os-getrandom,random-old-and-new-paths,post,856,1048576,1.00000000000000000,-0.000000000,fixed,1,access-plus-rate-deterministic,3,8
2,4,2,1024,262144,1048576,cycle,8,random,os-getrandom,random-old-and-new-paths,post,857,1048573,0.99999713897705078,0.000004128,fixed,1,access-plus-rate-deterministic,3,8
2,4,2,1024,262144,1048576,cycle,8,random,os-getrandom,random-old-and-new-paths,post,858,1048569,0.99999332427978516,0.000009631,fixed,1,access-plus-rate-deterministic,3,8
2,4,2,1024,262144,1048576,cycle,8,random,os-getrandom,random-old-and-new-paths,post,859,1048561,0.99998569488525391,0.000020638,fixed,1,access-plus-rate-deterministic,3,8
2,4,2,1024,262144,1048576,cycle,8,random,os-getrandom,random-old-and-new-paths,post,860,1048548,0.99997329711914062,0.000038525,fixed,1,access-plus-rate-deterministic,3,8
2,4,2,1024,262144,1048576,cycle,8,random,os-getrandom,random-old-and-new-paths,post,861,1048497,0.99992465972900391,0.000108697,fixed,1,access-plus-rate-deterministic,3,8
2,4,2,1024,262144,1048576,cycle,8,random,os-getrandom,random-old-and-new-paths,post,862,1048479,0.99990749359130859,0.000133465,fixed,1,access-plus-rate-deterministic,3,8
2,4,2,1024,262144,1048576,cycle,8,random,os-getrandom,random-old-and-new-paths,post,863,1048446,0.99987602233886719,0.000178873,fixed,1,access-plus-rate-deterministic,3,8
2,4,2,1024,262144,1048576,cycle,8,random,os-getrandom,random-old-and-new-paths,post,864,1048387,0.99981975555419922,0.000260061,fixed,1,access-plus-rate-deterministic,3,8
2,4,2,1024,262144,1048576,cycle,8,random,os-getrandom,random-old-and-new-paths,post,865,1048325,0.99976062774658203,0.000345383,fixed,1,access-plus-rate-deterministic,3,8
2,4,2,1024,262144,1048576,cycle,8,random,os-getrandom,random-old-and-new-paths,post,866,1048273,0.99971103668212891,0.000416946,fixed,1,access-plus-rate-deterministic,3,8
2,4,2,1024,262144,1048576,cycle,8,random,os-getrandom,random-old-and-new-paths,post,867,1048224,0.99966430664062500,0.000484384,fixed,1,access-plus-rate-deterministic,3,8
2,4,2,1024,262144,1048576,cycle,8,random,os-getrandom,random-old-and-new-paths,post,868,1048196,0.99963760375976562,0.000522922,fixed,1,access-plus-rate-deterministic,3,8
2,4,2,1024,262144,1048576,cycle,8,random,os-getrandom,random-old-and-new-paths,post,869,1048164,0.99960708618164062,0.000566966,fixed,1,access-plus-rate-deterministic,3,8
2,4,2,1024,262144,1048576,cycle,8,random,os-getrandom,random-old-and-new-paths,post,870,1048113,0.99955844879150391,0.000637164,fixed,1,access-plus-rate-deterministic,3,8
2,4,2,1024,262144,1048576,cycle,8,random,os-getrandom,random-old-and-new-paths,post,871,1048080,0.99952697753906250,0.000682589,fixed,1,access-plus-rate-deterministic,3,8
2,4,2,1024,262144,1048576,cycle,8,random,os-getrandom,random-old-and-new-paths,post,872,1048050,0.99949836730957031,0.000723885,fixed,1,access-plus-rate-deterministic,3,8
2,4,2,1024,262144,1048576,cycle,8,random,os-getrandom,random-old-and-new-paths,post,873,1047991,0.99944210052490234,0.000805103,fixed,1,access-plus-rate-deterministic,3,8
2,4,2,1024,262144,1048576,cycle,8,random,os-getrandom,random-old-and-new-paths,post,874,1047917,0.99937152862548828,0.000906978,fixed,1,access-plus-rate-deterministic,3,8
2,4,2,1024,262144,1048576,cycle,8,random,os-getrandom,random-old-and-new-paths,post,875,1047830,0.99928855895996094,0.001026758,fixed,1,access-plus-rate-deterministic,3,8
2,4,2,1024,262144,1048576,cycle,8,random,os-getrandom,random-old-and-new-paths,post,876,1047727,0.99919033050537109,0.001168579,fixed,1,access-plus-rate-deterministic,3,8
2,4,2,1024,262144,1048576,cycle,8,random,os-getrandom,random-old-and-new-paths,post,877,1047611,0.99907970428466797,0.001328317,fixed,1,access-plus-rate-deterministic,3,8
2,4,2,1024,262144,1048576,cycle,8,random,os-getrandom,random-old-and-new-paths,post,878,1047491,0.99896526336669922,0.001493582,fixed,1,access-plus-rate-deterministic,3,8
2,4,2,1024,262144,1048576,cycle,8,random,os-getrandom,random-old-and-new-paths,post,879,1047367,0.99884700775146484,0.001664376,fixed,1,access-plus-rate-deterministic,3,8
2,4,2,1024,262144,1048576,cycle,8,random,os-getrandom,random-old-and-new-paths,post,880,1047249,0.99873447418212891,0.001826924,fixed,1,access-plus-rate-deterministic,3,8
2,4,2,1024,262144,1048576,cycle,8,random,os-getrandom,random-old-and-new-paths,post,881,1047076,0.99856948852539062,0.002065269,fixed,1,access-plus-rate-deterministic,3,8
2,4,2,1024,262144,1048576,cycle,8,random,os-getrandom,random-old-and-new-paths,post,882,1046949,0.99844837188720703,0.002240265,fixed,1,access-plus-rate-deterministic,3,8
2,4,2,1024,262144,1048576,cycle,8,random,os-getrandom,random-old-and-new-paths,post,883,1046809,0.99831485748291016,0.002433197,fixed,1,access-plus-rate-deterministic,3,8
2,4,2,1024,262144,1048576,cycle,8,random,os-getrandom,random-old-and-new-paths,post,884,1046646,0.99815940856933594,0.002657859,fixed,1,access-plus-rate-deterministic,3,8
2,4,2,1024,262144,1048576,cycle,8,random,os-getrandom,random-old-and-new-paths,post,885,1046478,0.99799919128417969,0.002889448,fixed,1,access-plus-rate-deterministic,3,8
2,4,2,1024,262144,1048576,cycle,8,random,os-getrandom,random-old-and-new-paths,post,886,1046315,0.99784374237060547,0.003114181,fixed,1,access-plus-rate-deterministic,3,8
2,4,2,1024,262144,1048576,cycle,8,random,os-getrandom,random-old-and-new-paths,post,887,1046133,0.99767017364501953,0.003365151,fixed,1,access-plus-rate-deterministic,3,8
2,4,2,1024,262144,1048576,cycle,8,random,os-getrandom,random-old-and-new-paths,post,888,1045883,0.99743175506591797,0.003709960,fixed,1,access-plus-rate-deterministic,3,8
2,4,2,1024,262144,1048576,cycle,8,random,os-getrandom,random-old-and-new-paths,post,889,1045579,0.99714183807373047,0.004129360,fixed,1,access-plus-rate-deterministic,3,8
2,4,2,1024,262144,1048576,cycle,8,random,os-getrandom,random-old-and-new-paths,post,890,1045297,0.99687290191650391,0.004518518,fixed,1,access-plus-rate-deterministic,3,8
2,4,2,1024,262144,1048576,cycle,8,random,os-getrandom,random-old-and-new-paths,post,891,1044947,0.99653911590576172,0.005001660,fixed,1,access-plus-rate-deterministic,3,8
2,4,2,1024,262144,1048576,cycle,8,random,os-getrandom,random-old-and-new-paths,post,892,1044542,0.99615287780761719,0.005560928,fixed,1,access-plus-rate-deterministic,3,8
2,4,2,1024,262144,1048576,cycle,8,random,os-getrandom,random-old-and-new-paths,post,893,1044149,0.99577808380126953,0.006103832,fixed,1,access-plus-rate-deterministic,3,8
2,4,2,1024,262144,1048576,cycle,8,random,os-getrandom,random-old-and-new-paths,post,894,1043749,0.99539661407470703,0.006656615,fixed,1,access-plus-rate-deterministic,3,8
2,4,2,1024,262144,1048576,cycle,8,random,os-getrandom,random-old-and-new-paths,post,895,1043410,0.99507331848144531,0.007125265,fixed,1,access-plus-rate-deterministic,3,8
2,4,2,1024,262144,1048576,cycle,8,random,os-getrandom,random-old-and-new-paths,post,896,1043114,0.99479103088378906,0.007534595,fixed,1,access-plus-rate-deterministic,3,8
2,4,2,1024,262144,1048576,cycle,8,random,os-getrandom,random-old-and-new-paths,post,897,1042801,0.99449253082275391,0.007967559,fixed,1,access-plus-rate-deterministic,3,8
2,4,2,1024,262144,1048576,cycle,8,random,os-getrandom,random-old-and-new-paths,post,898,1042479,0.99418544769287109,0.008413109,fixed,1,access-plus-rate-deterministic,3,8
2,4,2,1024,262144,1048576,cycle,8,random,os-getrandom,random-old-and-new-paths,post,899,1042077,0.99380207061767578,0.008969547,fixed,1,access-plus-rate-deterministic,3,8
2,4,2,1024,262144,1048576,cycle,8,random,os-getrandom,random-old-and-new-paths,post,900,1041681,0.99342441558837891,0.009517890,fixed,1,access-plus-rate-deterministic,3,8
2,4,2,1024,262144,1048576,cycle,8,random,os-getrandom,random-old-and-new-paths,post,901,1041323,0.99308300018310547,0.010013794,fixed,1,access-plus-rate-deterministic,3,8
2,4,2,1024,262144,1048576,cycle,8,random,os-getrandom,random-old-and-new-paths,post,902,1040916,0.99269485473632812,0.010577780,fixed,1,access-plus-rate-deterministic,3,8
2,4,2,1024,262144,1048576,cycle,8,random,os-getrandom,random-old-and-new-paths,post,903,1040446,0.99224662780761719,0.011229341,fixed,1,access-plus-rate-deterministic,3,8
2,4,2,1024,262144,1048576,cycle,8,random,os-getrandom,random-old-and-new-paths,post,904,1039904,0.99172973632812500,0.011981080,fixed,1,access-plus-rate-deterministic,3,8
2,4,2,1024,262144,1048576,cycle,8,random,os-getrandom,random-old-and-new-paths,post,905,1039363,0.99121379852294922,0.012731824,fixed,1,access-plus-rate-deterministic,3,8
2,4,2,1024,262144,1048576,cycle,8,random,os-getrandom,random-old-and-new-paths,post,906,1038844,0.99071884155273438,0.013452405,fixed,1,access-plus-rate-deterministic,3,8
2,4,2,1024,262144,1048576,cycle,8,random,os-getrandom,random-old-and-new-paths,post,907,1038299,0.99019908905029297,0.014209473,fixed,1,access-plus-rate-deterministic,3,8
2,4,2,1024,262144,1048576,cycle,8,random,os-getrandom,random-old-and-new-paths,post,908,1037749,0.98967456817626953,0.014973889,fixed,1,access-plus-rate-deterministic,3,8
2,4,2,1024,262144,1048576,cycle,8,random,os-getrandom,random-old-and-new-paths,post,909,1037211,0.98916149139404297,0.015722019,fixed,1,access-plus-rate-deterministic,3,8
2,4,2,1024,262144,1048576,cycle,8,random,os-getrandom,random-old-and-new-paths,post,910,1036583,0.98856258392333984,0.016595792,fixed,1,access-plus-rate-deterministic,3,8
2,4,2,1024,262144,1048576,cycle,8,random,os-getrandom,random-old-and-new-paths,post,911,1035838,0.98785209655761719,0.017633040,fixed,1,access-plus-rate-deterministic,3,8
2,4,2,1024,262144,1048576,cycle,8,random,os-getrandom,random-old-and-new-paths,post,912,1034980,0.98703384399414062,0.018828541,fixed,1,access-plus-rate-deterministic,3,8
2,4,2,1024,262144,1048576,cycle,8,random,os-getrandom,random-old-and-new-paths,post,913,1034028,0.98612594604492188,0.020156178,fixed,1,access-plus-rate-deterministic,3,8
2,4,2,1024,262144,1048576,cycle,8,random,os-getrandom,random-old-and-new-paths,post,914,1032942,0.98509025573730469,0.021672182,fixed,1,access-plus-rate-deterministic,3,8
2,4,2,1024,262144,1048576,cycle,8,random,os-getrandom,random-old-and-new-paths,post,915,1031840,0.98403930664062500,0.023212151,fixed,1,access-plus-rate-deterministic,3,8
2,4,2,1024,262144,1048576,cycle,8,random,os-getrandom,random-old-and-new-paths,post,916,1030714,0.98296546936035156,0.024787358,fixed,1,access-plus-rate-deterministic,3,8
2,4,2,1024,262144,1048576,cycle,8,random,os-getrandom,random-old-and-new-paths,post,917,1029522,0.98182868957519531,0.026456771,fixed,1,access-plus-rate-deterministic,3,8
2,4,2,1024,262144,1048576,cycle,8,random,os-getrandom,random-old-and-new-paths,post,918,1028200,0.98056793212890625,0.028310513,fixed,1,access-plus-rate-deterministic,3,8
2,4,2,1024,262144,1048576,cycle,8,random,os-getrandom,random-old-and-new-paths,post,919,1026714,0.97915077209472656,0.030397068,fixed,1,access-plus-rate-deterministic,3,8
2,4,2,1024,262144,1048576,cycle,8,random,os-getrandom,random-old-and-new-paths,post,920,1025232,0.97773742675781250,0.032481016,fixed,1,access-plus-rate-deterministic,3,8
2,4,2,1024,262144,1048576,cycle,8,random,os-getrandom,random-old-and-new-paths,post,921,1023518,0.97610282897949219,0.034894956,fixed,1,access-plus-rate-deterministic,3,8
2,4,2,1024,262144,1048576,cycle,8,random,os-getrandom,random-old-and-new-paths,post,922,1021847,0.97450923919677734,0.037252231,fixed,1,access-plus-rate-deterministic,3,8
2,4,2,1024,262144,1048576,cycle,8,random,os-getrandom,random-old-and-new-paths,post,923,1020104,0.97284698486328125,0.039715188,fixed,1,access-plus-rate-deterministic,3,8
2,4,2,1024,262144,1048576,cycle,8,random,os-getrandom,random-old-and-new-paths,post,924,1018443,0.97126293182373047,0.042066193,fixed,1,access-plus-rate-deterministic,3,8
2,4,2,1024,262144,1048576,cycle,8,random,os-getrandom,random-old-and-new-paths,post,925,1016762,0.96965980529785156,0.044449413,fixed,1,access-plus-rate-deterministic,3,8
2,4,2,1024,262144,1048576,cycle,8,random,os-getrandom,random-old-and-new-paths,post,926,1014907,0.96789073944091797,0.047083897,fixed,1,access-plus-rate-deterministic,3,8
2,4,2,1024,262144,1048576,cycle,8,random,os-getrandom,random-old-and-new-paths,post,927,1012841,0.96592044830322266,0.050023719,fixed,1,access-plus-rate-deterministic,3,8
2,4,2,1024,262144,1048576,cycle,8,random,os-getrandom,random-old-and-new-paths,post,928,1010804,0.96397781372070312,0.052928152,fixed,1,access-plus-rate-deterministic,3,8
2,4,2,1024,262144,1048576,cycle,8,random,os-getrandom,random-old-and-new-paths,post,929,1008584,0.96186065673828125,0.056100187,fixed,1,access-plus-rate-deterministic,3,8
2,4,2,1024,262144,1048576,cycle,8,random,os-getrandom,random-old-and-new-paths,post,930,1006099,0.95949077606201172,0.059659158,fixed,1,access-plus-rate-deterministic,3,8
2,4,2,1024,262144,1048576,cycle,8,random,os-getrandom,random-old-and-new-paths,post,931,1003660,0.95716476440429688,0.063160806,fixed,1,access-plus-rate-deterministic,3,8
2,4,2,1024,262144,1048576,cycle,8,random,os-getrandom,random-old-and-new-paths,post,932,1001012,0.95463943481445312,0.066972162,fixed,1,access-plus-rate-deterministic,3,8
2,4,2,1024,262144,1048576,cycle,8,random,os-getrandom,random-old-and-new-paths,post,933,998164,0.95192337036132812,0.071082653,fixed,1,access-plus-rate-deterministic,3,8
2,4,2,1024,262144,1048576,cycle,8,random,os-getrandom,random-old-and-new-paths,post,934,995137,0.94903659820556641,0.075464371,fixed,1,access-plus-rate-deterministic,3,8
2,4,2,1024,262144,1048576,cycle,8,random,os-getrandom,random-old-and-new-paths,post,935,991858,0.94590950012207031,0.080225935,fixed,1,access-plus-rate-deterministic,3,8
2,4,2,1024,262144,1048576,cycle,8,random,os-getrandom,random-old-and-new-paths,post,936,988581,0.94278430938720703,0.085000347,fixed,1,access-plus-rate-deterministic,3,8
2,4,2,1024,262144,1048576,cycle,8,random,os-getrandom,random-old-and-new-paths,post,937,985227,0.93958568572998047,0.089903360,fixed,1,access-plus-rate-deterministic,3,8
2,4,2,1024,262144,1048576,cycle,8,random,os-getrandom,random-old-and-new-paths,post,938,982067,0.93657207489013672,0.094538072,fixed,1,access-plus-rate-deterministic,3,8
2,4,2,1024,262144,1048576,cycle,8,random,os-getrandom,random-old-and-new-paths,post,939,978783,0.93344020843505859,0.099370481,fixed,1,access-plus-rate-deterministic,3,8
2,4,2,1024,262144,1048576,cycle,8,random,os-getrandom,random-old-and-new-paths,post,940,975421,0.93023395538330078,0.104334493,fixed,1,access-plus-rate-deterministic,3,8
2,4,2,1024,262144,1048576,cycle,8,random,os-getrandom,random-old-and-new-paths,post,941,971708,0.92669296264648438,0.109836679,fixed,1,access-plus-rate-deterministic,3,8
2,4,2,1024,262144,1048576,cycle,8,random,os-getrandom,random-old-and-new-paths,post,942,967820,0.92298507690429688,0.115620773,fixed,1,access-plus-rate-deterministic,3,8
2,4,2,1024,262144,1048576,cycle,8,random,os-getrandom,random-old-and-new-paths,post,943,963791,0.91914272308349609,0.121639196,fixed,1,access-plus-rate-deterministic,3,8
2,4,2,1024,262144,1048576,cycle,8,random,os-getrandom,random-old-and-new-paths,post,944,959855,0.91538906097412109,0.127543043,fixed,1,access-plus-rate-deterministic,3,8
2,4,2,1024,262144,1048576,cycle,8,random,os-getrandom,random-old-and-new-paths,post,945,956033,0.91174411773681641,0.133299108,fixed,1,access-plus-rate-deterministic,3,8
2,4,2,1024,262144,1048576,cycle,8,random,os-getrandom,random-old-and-new-paths,post,946,952065,0.90795993804931641,0.139299452,fixed,1,access-plus-rate-deterministic,3,8
2,4,2,1024,262144,1048576,cycle,8,random,os-getrandom,random-old-and-new-paths,post,947,947993,0.90407657623291016,0.145483119,fixed,1,access-plus-rate-deterministic,3,8
2,4,2,1024,262144,1048576,cycle,8,random,os-getrandom,random-old-and-new-paths,post,948,943394,0.89969062805175781,0.152499100,fixed,1,access-plus-rate-deterministic,3,8
2,4,2,1024,262144,1048576,cycle,8,random,os-getrandom,random-old-and-new-paths,post,949,938554,0.89507484436035156,0.159919772,fixed,1,access-plus-rate-deterministic,3,8
2,4,2,1024,262144,1048576,cycle,8,random,os-getrandom,random-old-and-new-paths,post,950,933446,0.89020347595214844,0.167792961,fixed,1,access-plus-rate-deterministic,3,8
2,4,2,1024,262144,1048576,cycle,8,random,os-getrandom,random-old-and-new-paths,post,951,928402,0.88539314270019531,0.175609895,fixed,1,access-plus-rate-deterministic,3,8
2,4,2,1024,262144,1048576,cycle,8,random,os-getrandom,random-old-and-new-paths,post,952,923094,0.88033103942871094,0.183881958,fixed,1,access-plus-rate-deterministic,3,8
2,4,2,1024,262144,1048576,cycle,8,random,os-getrandom,random-old-and-new-paths,post,953,917755,0.87523937225341797,0.192250456,fixed,1,access-plus-rate-deterministic,3,8
2,4,2,1024,262144,1048576,cycle,8,random,os-getrandom,random-old-and-new-paths,post,954,911598,0.86936759948730469,0.201961766,fixed,1,access-plus-rate-deterministic,3,8
2,4,2,1024,262144,1048576,cycle,8,random,os-getrandom,random-old-and-new-paths,post,955,904863,0.86294460296630859,0.212660147,fixed,1,access-plus-rate-deterministic,3,8
2,4,2,1024,262144,1048576,cycle,8,random,os-getrandom,random-old-and-new-paths,post,956,898234,0.85662269592285156,0.223268193,fixed,1,access-plus-rate-deterministic,3,8
2,4,2,1024,262144,1048576,cycle,8,random,os-getrandom,random-old-and-new-paths,post,957,891573,0.85027027130126953,0.234006598,fixed,1,access-plus-rate-deterministic,3,8
2,4,2,1024,262144,1048576,cycle,8,random,os-getrandom,random-old-and-new-paths,post,958,884563,0.84358501434326172,0.245394628,fixed,1,access-plus-rate-deterministic,3,8
2,4,2,1024,262144,1048576,cycle,8,random,os-getrandom,random-old-and-new-paths,post,959,877185,0.83654880523681641,0.257478384,fixed,1,access-plus-rate-deterministic,3,8
2,4,2,1024,262144,1048576,cycle,8,random,os-getrandom,random-old-and-new-paths,post,960,868981,0.82872486114501953,0.271034892,fixed,1,access-plus-rate-deterministic,3,8
2,4,2,1024,262144,1048576,cycle,8,random,os-getrandom,random-old-and-new-paths,post,961,860391,0.82053279876708984,0.285367092,fixed,1,access-plus-rate-deterministic,3,8
2,4,2,1024,262144,1048576,cycle,8,random,os-getrandom,random-old-and-new-paths,post,962,852131,0.81265544891357422,0.299284289,fixed,1,access-plus-rate-deterministic,3,8
2,4,2,1024,262144,1048576,cycle,8,random,os-getrandom,random-old-and-new-paths,post,963,843567,0.80448818206787109,0.313856867,fixed,1,access-plus-rate-deterministic,3,8
2,4,2,1024,262144,1048576,cycle,8,random,os-getrandom,random-old-and-new-paths,post,964,834979,0.79629802703857422,0.328619612,fixed,1,access-plus-rate-deterministic,3,8
2,4,2,1024,262144,1048576,cycle,8,random,os-getrandom,random-old-and-new-paths,post,965,825948,0.78768539428710938,0.344308570,fixed,1,access-plus-rate-deterministic,3,8
2,4,2,1024,262144,1048576,cycle,8,random,os-getrandom,random-old-and-new-paths,post,966,816495,0.77867031097412109,0.360915474,fixed,1,access-plus-rate-deterministic,3,8
2,4,2,1024,262144,1048576,cycle,8,random,os-getrandom,random-old-and-new-paths,post,967,806579,0.76921367645263672,0.378543681,fixed,1,access-plus-rate-deterministic,3,8
2,4,2,1024,262144,1048576,cycle,8,random,os-getrandom,random-old-and-new-paths,post,968,796629,0.75972461700439453,0.396451526,fixed,1,access-plus-rate-deterministic,3,8
2,4,2,1024,262144,1048576,cycle,8,random,os-getrandom,random-old-and-new-paths,post,969,786323,0.74989604949951172,0.415237472,fixed,1,access-plus-rate-deterministic,3,8
2,4,2,1024,262144,1048576,cycle,8,random,os-getrandom,random-old-and-new-paths,post,970,776069,0.74011707305908203,0.434174598,fixed,1,access-plus-rate-deterministic,3,8
2,4,2,1024,262144,1048576,cycle,8,random,os-getrandom,random-old-and-new-paths,post,971,765401,0.72994327545166016,0.454143740,fixed,1,access-plus-rate-deterministic,3,8
2,4,2,1024,262144,1048576,cycle,8,random,os-getrandom,random-old-and-new-paths,post,972,754418,0.71946907043457031,0.474995427,fixed,1,access-plus-rate-deterministic,3,8
2,4,2,1024,262144,1048576,cycle,8,random,os-getrandom,random-old-and-new-paths,post,973,743841,0.70938205718994141,0.495365255,fixed,1,access-plus-rate-deterministic,3,8
2,4,2,1024,262144,1048576,cycle,8,random,os-getrandom,random-old-and-new-paths,post,974,733054,0.69909477233886719,0.516440048,fixed,1,access-plus-rate-deterministic,3,8
2,4,2,1024,262144,1048576,cycle,8,random,os-getrandom,random-old-and-new-paths,post,975,722082,0.68863105773925781,0.538196846,fixed,1,access-plus-rate-deterministic,3,8
2,4,2,1024,262144,1048576,cycle,8,random,os-getrandom,random-old-and-new-paths,post,976,711105,0.67816257476806641,0.560296925,fixed,1,access-plus-rate-deterministic,3,8
2,4,2,1024,262144,1048576,cycle,8,random,os-getrandom,random-old-and-new-paths,post,977,700120,0.66768646240234375,0.582757306,fixed,1,access-plus-rate-deterministic,3,8
2,4,2,1024,262144,1048576,cycle,8,random,os-getrandom,random-old-and-new-paths,post,978,689297,0.65736484527587891,0.605233789,fixed,1,access-plus-rate-deterministic,3,8
2,4,2,1024,262144,1048576,cycle,8,random,os-getrandom,random-old-and-new-paths,post,979,678253,0.64683246612548828,0.628536002,fixed,1,access-plus-rate-deterministic,3,8
2,4,2,1024,262144,1048576,cycle,8,random,os-getrandom,random-old-and-new-paths,post,980,666699,0.63581371307373047,0.653323962,fixed,1,access-plus-rate-deterministic,3,8
2,4,2,1024,262144,1048576,cycle,8,random,os-getrandom,random-old-and-new-paths,post,981,654296,0.62398529052734375,0.680416075,fixed,1,access-plus-rate-deterministic,3,8
2,4,2,1024,262144,1048576,cycle,8,random,os-getrandom,random-old-and-new-paths,post,982,641510,0.61179161071777344,0.708887771,fixed,1,access-plus-rate-deterministic,3,8
2,4,2,1024,262144,1048576,cycle,8,random,os-getrandom,random-old-and-new-paths,post,983,628746,0.59961891174316406,0.737882209,fixed,1,access-plus-rate-deterministic,3,8
2,4,2,1024,262144,1048576,cycle,8,random,os-getrandom,random-old-and-new-paths,post,984,615974,0.58743858337402344,0.767490069,fixed,1,access-plus-rate-deterministic,3,8
2,4,2,1024,262144,1048576,cycle,8,random,os-getrandom,random-old-and-new-paths,post,985,602667,0.57474803924560547,0.798998456,fixed,1,access-plus-rate-deterministic,3,8
2,4,2,1024,262144,1048576,cycle,8,random,os-getrandom,random-old-and-new-paths,post,986,589260,0.56196212768554688,0.831455189,fixed,1,access-plus-rate-deterministic,3,8
2,4,2,1024,262144,1048576,cycle,8,random,os-getrandom,random-old-and-new-paths,post,987,576222,0.54952812194824219,0.863734782,fixed,1,access-plus-rate-deterministic,3,8
2,4,2,1024,262144,1048576,cycle,8,random,os-getrandom,random-old-and-new-paths,post,988,563341,0.53724384307861328,0.896351051,fixed,1,access-plus-rate-deterministic,3,8
2,4,2,1024,262144,1048576,cycle,8,random,os-getrandom,random-old-and-new-paths,post,989,551131,0.52559947967529297,0.927964247,fixed,1,access-plus-rate-deterministic,3,8
2,4,2,1024,262144,1048576,cycle,8,random,os-getrandom,random-old-and-new-paths,post,990,539285,0.51430225372314453,0.959311619,fixed,1,access-plus-rate-deterministic,3,8
2,4,2,1024,262144,1048576,cycle,8,random,os-getrandom,random-old-and-new-paths,post,991,527606,0.50316429138183594,0.990898554,fixed,1,access-plus-rate-deterministic,3,8
2,4,2,1024,262144,1048576,cycle,8,random,os-getrandom,random-old-and-new-paths,post,992,515795,0.49190044403076172,1.023561738,fixed,1,access-plus-rate-deterministic,3,8
2,4,2,1024,262144,1048576,cycle,8,random,os-getrandom,random-old-and-new-paths,post,993,504472,0.48110198974609375,1.055585329,fixed,1,access-plus-rate-deterministic,3,8
2,4,2,1024,262144,1048576,cycle,8,random,os-getrandom,random-old-and-new-paths,post,994,493117,0.47027301788330078,1.088429536,fixed,1,access-plus-rate-deterministic,3,8
2,4,2,1024,262144,1048576,cycle,8,random,os-getrandom,random-old-and-new-paths,post,995,482068,0.45973587036132812,1.121122860,fixed,1,access-plus-rate-deterministic,3,8
2,4,2,1024,262144,1048576,cycle,8,random,os-getrandom,random-old-and-new-paths,post,996,471238,0.44940757751464844,1.153903645,fixed,1,access-plus-rate-deterministic,3,8
2,4,2,1024,262144,1048576,cycle,8,random,os-getrandom,random-old-and-new-paths,post,997,460605,0.43926715850830078,1.186829453,fixed,1,access-plus-rate-deterministic,3,8
2,4,2,1024,262144,1048576,cycle,8,random,os-getrandom,random-old-and-new-paths,post,998,450074,0.42922401428222656,1.220197300,fixed,1,access-plus-rate-deterministic,3,8
2,4,2,1024,262144,1048576,cycle,8,random,os-getrandom,random-old-and-new-paths,post,999,439610,0.41924476623535156,1.254135321,fixed,1,access-plus-rate-deterministic,3,8
2,4,2,1024,262144,1048576,cycle,8,random,os-getrandom,random-old-and-new-paths,post,1000,428783,0.40891933441162109,1.290111817,fixed,1,access-plus-rate-deterministic,3,8
2,4,2,1024,262144,1048576,cycle,8,random,os-getrandom,random-old-and-new-paths,post,1001,417823,0.39846706390380859,1.327467615,fixed,1,access-plus-rate-deterministic,3,8
2,4,2,1024,262144,1048576,cycle,8,random,os-getrandom,random-old-and-new-paths,post,1002,407135,0.38827419281005859,1.364852275,fixed,1,access-plus-rate-deterministic,3,8
2,4,2,1024,262144,1048576,cycle,8,random,os-getrandom,random-old-and-new-paths,post,1003,396453,0.37808704376220703,1.403209683,fixed,1,access-plus-rate-deterministic,3,8
2,4,2,1024,262144,1048576,cycle,8,random,os-getrandom,random-old-and-new-paths,post,1004,386167,0.36827754974365234,1.441134642,fixed,1,access-plus-rate-deterministic,3,8
2,4,2,1024,262144,1048576,cycle,8,random,os-getrandom,random-old-and-new-paths,post,1005,375917,0.35850238800048828,1.479945366,fixed,1,access-plus-rate-deterministic,3,8
2,4,2,1024,262144,1048576,cycle,8,random,os-getrandom,random-old-and-new-paths,post,1006,365242,0.34832191467285156,1.521506852,fixed,1,access-plus-rate-deterministic,3,8
2,4,2,1024,262144,1048576,cycle,8,random,os-getrandom,random-old-and-new-paths,post,1007,354696,0.33826446533203125,1.563776465,fixed,1,access-plus-rate-deterministic,3,8
2,4,2,1024,262144,1048576,cycle,8,random,os-getrandom,random-old-and-new-paths,post,1008,344082,0.32814216613769531,1.607607103,fixed,1,access-plus-rate-deterministic,3,8
2,4,2,1024,262144,1048576,cycle,8,random,os-getrandom,random-old-and-new-paths,post,1009,333682,0.31822395324707031,1.651885661,fixed,1,access-plus-rate-deterministic,3,8
2,4,2,1024,262144,1048576,cycle,8,random,os-getrandom,random-old-and-new-paths,post,1010,323332,0.30835342407226562,1.697343228,fixed,1,access-plus-rate-deterministic,3,8
2,4,2,1024,262144,1048576,cycle,8,random,os-getrandom,random-old-and-new-paths,post,1011,313220,0.29870986938476562,1.743183190,fixed,1,access-plus-rate-deterministic,3,8
2,4,2,1024,262144,1048576,cycle,8,random,os-getrandom,random-old-and-new-paths,post,1012,303552,0.28948974609375000,1.788415847,fixed,1,access-plus-rate-deterministic,3,8
2,4,2,1024,262144,1048576,cycle,8,random,os-getrandom,random-old-and-new-paths,post,1013,294227,0.28059673309326172,1.833429883,fixed,1,access-plus-rate-deterministic,3,8
2,4,2,1024,262144,1048576,cycle,8,random,os-getrandom,random-old-and-new-paths,post,1014,284832,0.27163696289062500,1.880248288,fixed,1,access-plus-rate-deterministic,3,8
2,4,2,1024,262144,1048576,cycle,8,random,os-getrandom,random-old-and-new-paths,post,1015,275807,0.26303005218505859,1.926700453,fixed,1,access-plus-rate-deterministic,3,8
2,4,2,1024,262144,1048576,cycle,8,random,os-getrandom,random-old-and-new-paths,post,1016,267043,0.25467205047607422,1.973287458,fixed,1,access-plus-rate-deterministic,3,8
2,4,2,1024,262144,1048576,cycle,8,random,os-getrandom,random-old-and-new-paths,post,1017,258681,0.24669742584228516,2.019185433,fixed,1,access-plus-rate-deterministic,3,8
2,4,2,1024,262144,1048576,cycle,8,random,os-getrandom,random-old-and-new-paths,post,1018,250225,0.23863315582275391,2.067133589,fixed,1,access-plus-rate-deterministic,3,8
2,4,2,1024,262144,1048576,cycle,8,random,os-getrandom,random-old-and-new-paths,post,1019,241831,0.23062801361083984,2.116360332,fixed,1,access-plus-rate-deterministic,3,8
2,4,2,1024,262144,1048576,cycle,8,random,os-getrandom,random-old-and-new-paths,post,1020,233792,0.22296142578125000,2.165133962,fixed,1,access-plus-rate-deterministic,3,8
2,4,2,1024,262144,1048576,cycle,8,random,os-getrandom,random-old-and-new-paths,post,1021,226205,0.21572589874267578,2.212728707,fixed,1,access-plus-rate-deterministic,3,8
2,4,2,1024,262144,1048576,cycle,8,random,os-getrandom,random-old-and-new-paths,post,1022,218599,0.20847225189208984,2.262072724,fixed,1,access-plus-rate-deterministic,3,8
2,4,2,1024,262144,1048576,cycle,8,random,os-getrandom,random-old-and-new-paths,post,1023,211009,0.20123386383056641,2.313054991,fixed,1,access-plus-rate-deterministic,3,8
2,4,2,1024,262144,1048576,cycle,8,random,os-getrandom,random-old-and-new-paths,post,1024,203837,0.19439411163330078,2.362943576,fixed,1,access-plus-rate-deterministic,3,8
2,4,2,1024,262144,1048576,cycle,8,random,os-getrandom,random-old-and-new-paths,post,1025,196581,0.18747425079345703,2.415235637,fixed,1,access-plus-rate-deterministic,3,8
2,4,2,1024,262144,1048576,cycle,8,random,os-getrandom,random-old-and-new-paths,post,1026,189115,0.18035411834716797,2.471095728,fixed,1,access-plus-rate-deterministic,3,8
2,4,2,1024,262144,1048576,cycle,8,random,os-getrandom,random-old-and-new-paths,post,1027,181939,0.17351055145263672,2.526904697,fixed,1,access-plus-rate-deterministic,3,8
2,4,2,1024,262144,1048576,cycle,8,random,os-getrandom,random-old-and-new-paths,post,1028,174764,0.16666793823242188,2.584951494,fixed,1,access-plus-rate-deterministic,3,8
2,4,2,1024,262144,1048576,cycle,8,random,os-getrandom,random-old-and-new-paths,post,1029,167620,0.15985488891601562,2.645165227,fixed,1,access-plus-rate-deterministic,3,8
2,4,2,1024,262144,1048576,cycle,8,random,os-getrandom,random-old-and-new-paths,post,1030,160457,0.15302371978759766,2.708172796,fixed,1,access-plus-rate-deterministic,3,8
2,4,2,1024,262144,1048576,cycle,8,random,os-getrandom,random-old-and-new-paths,post,1031,153391,0.14628505706787109,2.773145688,fixed,1,access-plus-rate-deterministic,3,8
2,4,2,1024,262144,1048576,cycle,8,random,os-getrandom,random-old-and-new-paths,post,1032,146660,0.13986587524414062,2.837884081,fixed,1,access-plus-rate-deterministic,3,8
2,4,2,1024,262144,1048576,cycle,8,random,os-getrandom,random-old-and-new-paths,post,1033,140154,0.13366127014160156,2.903346606,fixed,1,access-plus-rate-deterministic,3,8
2,4,2,1024,262144,1048576,cycle,8,random,os-getrandom,random-old-and-new-paths,post,1034,133842,0.12764167785644531,2.969828617,fixed,1,access-plus-rate-deterministic,3,8
2,4,2,1024,262144,1048576,cycle,8,random,os-getrandom,random-old-and-new-paths,post,1035,127652,0.12173843383789062,3.038143384,fixed,1,access-plus-rate-deterministic,3,8
2,4,2,1024,262144,1048576,cycle,8,random,os-getrandom,random-old-and-new-paths,post,1036,121867,0.11622142791748047,3.105052010,fixed,1,access-plus-rate-deterministic,3,8
2,4,2,1024,262144,1048576,cycle,8,random,os-getrandom,random-old-and-new-paths,post,1037,116316,0.11092758178710938,3.172309963,fixed,1,access-plus-rate-deterministic,3,8
2,4,2,1024,262144,1048576,cycle,8,random,os-getrandom,random-old-and-new-paths,post,1038,110943,0.10580348968505859,3.240540883,fixed,1,access-plus-rate-deterministic,3,8
2,4,2,1024,262144,1048576,cycle,8,random,os-getrandom,random-old-and-new-paths,post,1039,105917,0.10101032257080078,3.307425361,fixed,1,access-plus-rate-deterministic,3,8
2,4,2,1024,262144,1048576,cycle,8,random,os-getrandom,random-old-and-new-paths,post,1040,100851,0.09617900848388672,3.378134136,fixed,1,access-plus-rate-deterministic,3,8
2,4,2,1024,262144,1048576,cycle,8,random,os-getrandom,random-old-and-new-paths,post,1041,96120,0.09166717529296875,3.447450972,fixed,1,access-plus-rate-deterministic,3,8
2,4,2,1024,262144,1048576,cycle,8,random,os-getrandom,random-old-and-new-paths,post,1042,91422,0.08718681335449219,3.519746240,fixed,1,access-plus-rate-deterministic,3,8
2,4,2,1024,262144,1048576,cycle,8,random,os-getrandom,random-old-and-new-paths,post,1043,86790,0.08276939392089844,3.594758796,fixed,1,access-plus-rate-deterministic,3,8
2,4,2,1024,262144,1048576,cycle,8,random,os-getrandom,random-old-and-new-paths,post,1044,82293,0.07848072052001953,3.671517903,fixed,1,access-plus-rate-deterministic,3,8
2,4,2,1024,262144,1048576,cycle,8,random,os-getrandom,random-old-and-new-paths,post,1045,77975,0.07436275482177734,3.749275973,fixed,1,access-plus-rate-deterministic,3,8
2,4,2,1024,262144,1048576,cycle,8,random,os-getrandom,random-old-and-new-paths,post,1046,73962,0.07053565979003906,3.825503383,fixed,1,access-plus-rate-deterministic,3,8
2,4,2,1024,262144,1048576,cycle,8,random,os-getrandom,random-old-and-new-paths,post,1047,70242,0.06698799133300781,3.899953697,fixed,1,access-plus-rate-deterministic,3,8
2,4,2,1024,262144,1048576,cycle,8,random,os-getrandom,random-old-and-new-paths,post,1048,66847,0.06375026702880859,3.971424805,fixed,1,access-plus-rate-deterministic,3,8
2,4,2,1024,262144,1048576,cycle,8,random,os-getrandom,random-old-and-new-paths,post,1049,63390,0.06045341491699219,4.048032352,fixed,1,access-plus-rate-deterministic,3,8
2,4,2,1024,262144,1048576,cycle,8,random,os-getrandom,random-old-and-new-paths,post,1050,60068,0.05728530883789062,4.125690991,fixed,1,access-plus-rate-deterministic,3,8
2,4,2,1024,262144,1048576,cycle,8,random,os-getrandom,random-old-and-new-paths,post,1051,56924,0.05428695678710938,4.203250578,fixed,1,access-plus-rate-deterministic,3,8
2,4,2,1024,262144,1048576,cycle,8,random,os-getrandom,random-old-and-new-paths,post,1052,54025,0.05152225494384766,4.278660453,fixed,1,access-plus-rate-deterministic,3,8
2,4,2,1024,262144,1048576,cycle,8,random,os-getrandom,random-old-and-new-paths,post,1053,51597,0.04920673370361328,4.345000435,fixed,1,access-plus-rate-deterministic,3,8
2,4,2,1024,262144,1048576,cycle,8,random,os-getrandom,random-old-and-new-paths,post,1054,49010,0.04673957824707031,4.419211474,fixed,1,access-plus-rate-deterministic,3,8
2,4,2,1024,262144,1048576,cycle,8,random,os-getrandom,random-old-and-new-paths,post,1055,46582,0.04442405700683594,4.492515037,fixed,1,access-plus-rate-deterministic,3,8
2,4,2,1024,262144,1048576,cycle,8,random,os-getrandom,random-old-and-new-paths,post,1056,44389,0.04233264923095703,4.562085413,fixed,1,access-plus-rate-deterministic,3,8
2,4,2,1024,262144,1048576,cycle,8,random,os-getrandom,random-old-and-new-paths,post,1057,42409,0.04044437408447266,4.627917156,fixed,1,access-plus-rate-deterministic,3,8
2,4,2,1024,262144,1048576,cycle,8,random,os-getrandom,random-old-and-new-paths,post,1058,40718,0.03883171081542969,4.686620920,fixed,1,access-plus-rate-deterministic,3,8
2,4,2,1024,262144,1048576,cycle,8,random,os-getrandom,random-old-and-new-paths,post,1059,38973,0.03716754913330078,4.749812631,fixed,1,access-plus-rate-deterministic,3,8
2,4,2,1024,262144,1048576,cycle,8,random,os-getrandom,random-old-and-new-paths,post,1060,37198,0.03547477722167969,4.817062565,fixed,1,access-plus-rate-deterministic,3,8
2,4,2,1024,262144,1048576,cycle,8,random,os-getrandom,random-old-and-new-paths,post,1061,35421,0.03378009796142578,4.887682678,fixed,1,access-plus-rate-deterministic,3,8
2,4,2,1024,262144,1048576,cycle,8,random,os-getrandom,random-old-and-new-paths,post,1062,33684,0.03212356567382812,4.960224151,fixed,1,access-plus-rate-deterministic,3,8
2,4,2,1024,262144,1048576,cycle,8,random,os-getrandom,random-old-and-new-paths,post,1063,32010,0.03052711486816406,5.033764944,fixed,1,access-plus-rate-deterministic,3,8
2,4,2,1024,262144,1048576,cycle,8,random,os-getrandom,random-old-and-new-paths,post,1064,30390,0.02898216247558594,5.108690946,fixed,1,access-plus-rate-deterministic,3,8
2,4,2,1024,262144,1048576,cycle,8,random,os-getrandom,random-old-and-new-paths,post,1065,28831,0.02749538421630859,5.184666743,fixed,1,access-plus-rate-deterministic,3,8
2,4,2,1024,262144,1048576,cycle,8,random,os-getrandom,random-old-and-new-paths,post,1066,27522,0.02624702453613281,5.251702307,fixed,1,access-plus-rate-deterministic,3,8
2,4,2,1024,262144,1048576,cycle,8,random,os-getrandom,random-old-and-new-paths,post,1067,26232,0.02501678466796875,5.320959814,fixed,1,access-plus-rate-deterministic,3,8
2,4,2,1024,262144,1048576,cycle,8,random,os-getrandom,random-old-and-new-paths,post,1068,25084,0.02392196655273438,5.385520196,fixed,1,access-plus-rate-deterministic,3,8
2,4,2,1024,262144,1048576,cycle,8,random,os-getrandom,random-old-and-new-paths,post,1069,23881,0.02277469635009766,5.456424371,fixed,1,access-plus-rate-deterministic,3,8
2,4,2,1024,262144,1048576,cycle,8,random,os-getrandom,random-old-and-new-paths,post,1070,22693,0.02164173126220703,5.530040275,fixed,1,access-plus-rate-deterministic,3,8
2,4,2,1024,262144,1048576,cycle,8,random,os-getrandom,random-old-and-new-paths,post,1071,21518,0.02052116394042969,5.606743628,fixed,1,access-plus-rate-deterministic,3,8
2,4,2,1024,262144,1048576,cycle,8,random,os-getrandom,random-old-and-new-paths,post,1072,20377,0.01943302154541016,5.685345954,fixed,1,access-plus-rate-deterministic,3,8
2,4,2,1024,262144,1048576,cycle,8,random,os-getrandom,random-old-and-new-paths,post,1073,19279,0.01838588714599609,5.765257399,fixed,1,access-plus-rate-deterministic,3,8
2,4,2,1024,262144,1048576,cycle,8,random,os-getrandom,random-old-and-new-paths,post,1074,18064,0.01722717285156250,5.859170229,fixed,1,access-plus-rate-deterministic,3,8
2,4,2,1024,262144,1048576,cycle,8,random,os-getrandom,random-old-and-new-paths,post,1075,16901,0.01611804962158203,5.955179010,fixed,1,access-plus-rate-deterministic,3,8
2,4,2,1024,262144,1048576,cycle,8,random,os-getrandom,random-old-and-new-paths,post,1076,15788,0.01505661010742188,6.053459196,fixed,1,access-plus-rate-deterministic,3,8
2,4,2,1024,262144,1048576,cycle,8,random,os-getrandom,random-old-and-new-paths,post,1077,14872,0.01418304443359375,6.139688945,fixed,1,access-plus-rate-deterministic,3,8
2,4,2,1024,262144,1048576,cycle,8,random,os-getrandom,random-old-and-new-paths,post,1078,13909,0.01326465606689453,6.236268921,fixed,1,access-plus-rate-deterministic,3,8
2,4,2,1024,262144,1048576,cycle,8,random,os-getrandom,random-old-and-new-paths,post,1079,13004,0.01240158081054688,6.333332159,fixed,1,access-plus-rate-deterministic,3,8
2,4,2,1024,262144,1048576,cycle,8,random,os-getrandom,random-old-and-new-paths,post,1080,12185,0.01162052154541016,6.427181369,fixed,1,access-plus-rate-deterministic,3,8
2,4,2,1024,262144,1048576,cycle,8,random,os-getrandom,random-old-and-new-paths,post,1081,11372,0.01084518432617188,6.526801616,fixed,1,access-plus-rate-deterministic,3,8
2,4,2,1024,262144,1048576,cycle,8,random,os-getrandom,random-old-and-new-paths,post,1082,10527,0.01003932952880859,6.638193267,fixed,1,access-plus-rate-deterministic,3,8
2,4,2,1024,262144,1048576,cycle,8,random,os-getrandom,random-old-and-new-paths,post,1083,9726,0.00927543640136719,6.752369124,fixed,1,access-plus-rate-deterministic,3,8
2,4,2,1024,262144,1048576,cycle,8,random,os-getrandom,random-old-and-new-paths,post,1084,8983,0.00856685638427734,6.867018381,fixed,1,access-plus-rate-deterministic,3,8
2,4,2,1024,262144,1048576,cycle,8,random,os-getrandom,random-old-and-new-paths,post,1085,8318,0.00793266296386719,6.977979030,fixed,1,access-plus-rate-deterministic,3,8
2,4,2,1024,262144,1048576,cycle,8,random,os-getrandom,random-old-and-new-paths,post,1086,7644,0.00728988647460938,7.099887937,fixed,1,access-plus-rate-deterministic,3,8
2,4,2,1024,262144,1048576,cycle,8,random,os-getrandom,random-old-and-new-paths,post,1087,6981,0.00665760040283203,7.230782004,fixed,1,access-plus-rate-deterministic,3,8
2,4,2,1024,262144,1048576,cycle,8,random,os-getrandom,random-old-and-new-paths,post,1088,6382,0.00608634948730469,7.360207107,fixed,1,access-plus-rate-deterministic,3,8
2,4,2,1024,262144,1048576,cycle,8,random,os-getrandom,random-old-and-new-paths,post,1089,5882,0.00560951232910156,7.477908931,fixed,1,access-plus-rate-deterministic,3,8
2,4,2,1024,262144,1048576,cycle,8,random,os-getrandom,random-old-and-new-paths,post,1090,5476,0.00522232055664062,7.581093269,fixed,1,access-plus-rate-deterministic,3,8
2,4,2,1024,262144,1048576,cycle,8,random,os-getrandom,random-old-and-new-paths,post,1091,5065,0.00483036041259766,7.693653446,fixed,1,access-plus-rate-deterministic,3,8
2,4,2,1024,262144,1048576,cycle,8,random,os-getrandom,random-old-and-new-paths,post,1092,4680,0.00446319580078125,7.807707186,fixed,1,access-plus-rate-deterministic,3,8
2,4,2,1024,262144,1048576,cycle,8,random,os-getrandom,random-old-and-new-paths,post,1093,4354,0.00415229797363281,7.911874308,fixed,1,access-plus-rate-deterministic,3,8
2,4,2,1024,262144,1048576,cycle,8,random,os-getrandom,random-old-and-new-paths,post,1094,4007,0.00382137298583984,8.031693206,fixed,1,access-plus-rate-deterministic,3,8
2,4,2,1024,262144,1048576,cycle,8,random,os-getrandom,random-old-and-new-paths,post,1095,3719,0.00354671478271484,8.139300967,fixed,1,access-plus-rate-deterministic,3,8
2,4,2,1024,262144,1048576,cycle,8,random,os-getrandom,random-old-and-new-paths,post,1096,3426,0.00326728820800781,8.257690564,fixed,1,access-plus-rate-deterministic,3,8
2,4,2,1024,262144,1048576,cycle,8,random,os-getrandom,random-old-and-new-paths,post,1097,3057,0.00291538238525391,8.422099163,fixed,1,access-plus-rate-deterministic,3,8
2,4,2,1024,262144,1048576,cycle,8,random,os-getrandom,random-old-and-new-paths,post,1098,2667,0.00254344940185547,8.618997890,fixed,1,access-plus-rate-deterministic,3,8
2,4,2,1024,262144,1048576,cycle,8,random,os-getrandom,random-old-and-new-paths,post,1099,2371,0.00226116180419922,8.788720053,fixed,1,access-plus-rate-deterministic,3,8
2,4,2,1024,262144,1048576,cycle,8,random,os-getrandom,random-old-and-new-paths,post,1100,2043,0.00194835662841797,9.003526511,fixed,1,access-plus-rate-deterministic,3,8
2,4,2,1024,262144,1048576,cycle,8,random,os-getrandom,random-old-and-new-paths,post,1101,1724,0.00164413452148438,9.248455941,fixed,1,access-plus-rate-deterministic,3,8
2,4,2,1024,262144,1048576,cycle,8,random,os-getrandom,random-old-and-new-paths,post,1102,1407,0.00134181976318359,9.541593387,fixed,1,access-plus-rate-deterministic,3,8
2,4,2,1024,262144,1048576,cycle,8,random,os-getrandom,random-old-and-new-paths,post,1103,1143,0.00109004974365234,9.841390312,fixed,1,access-plus-rate-deterministic,3,8
2,4,2,1024,262144,1048576,cycle,8,random,os-getrandom,random-old-and-new-paths,post,1104,897,0.00085544586181641,10.191035825,fixed,1,access-plus-rate-deterministic,3,8
2,4,2,1024,262144,1048576,cycle,8,random,os-getrandom,random-old-and-new-paths,post,1105,643,0.00061321258544922,10.671325073,fixed,1,access-plus-rate-deterministic,3,8
2,4,2,1024,262144,1048576,cycle,8,random,os-getrandom,random-old-and-new-paths,post,1106,463,0.00044155120849609,11.145131617,fixed,1,access-plus-rate-deterministic,3,8
2,4,2,1024,262144,1048576,cycle,8,random,os-getrandom,random-old-and-new-paths,post,1107,340,0.00032424926757812,11.590609064,fixed,1,access-plus-rate-deterministic,3,8
2,4,2,1024,262144,1048576,cycle,8,random,os-getrandom,random-old-and-new-paths,post,1108,248,0.00023651123046875,12.045803690,fixed,1,access-plus-rate-deterministic,3,8
2,4,2,1024,262144,1048576,cycle,8,random,os-getrandom,random-old-and-new-paths,post,1109,173,0.00016498565673828,12.565371772,fixed,1,access-plus-rate-deterministic,3,8
2,4,2,1024,262144,1048576,cycle,8,random,os-getrandom,random-old-and-new-paths,post,1110,128,0.00012207031250000,13.000000000,fixed,1,access-plus-rate-deterministic,3,8
2,4,2,1024,262144,1048576,cycle,8,random,os-getrandom,random-old-and-new-paths,post,1111,83,0.00007915496826172,13.624960569,fixed,1,access-plus-rate-deterministic,3,8
2,4,2,1024,262144,1048576,cycle,8,random,os-getrandom,random-old-and-new-paths,post,1112,48,0.00004577636718750,14.415037499,fixed,1,access-plus-rate-deterministic,3,8
2,4,2,1024,262144,1048576,cycle,8,random,os-getrandom,random-old-and-new-paths,post,1113,35,0.00003337860107422,14.870716983,fixed,1,access-plus-rate-deterministic,3,8
2,4,2,1024,262144,1048576,cycle,8,random,os-getrandom,random-old-and-new-paths,post,1114,22,0.00002098083496094,15.540568381,fixed,1,access-plus-rate-deterministic,3,8
2,4,2,1024,262144,1048576,cycle,8,random,os-getrandom,random-old-and-new-paths,post,1115,6,0.00000572204589844,17.415037499,fixed,1,access-plus-rate-deterministic,3,8
2,4,2,1024,262144,1048576,cycle,8,random,os-getrandom,random-old-and-new-paths,post,1116,0,0.00000000000000000,inf,fixed,1,access-plus-rate-deterministic,3,8
2,4,2,1024,262144,1048576,cycle,8,random,os-getrandom,random-old-and-new-paths,insertion,0,1048576,1.00000000000000000,-0.000000000,fixed,1,access-plus-rate-deterministic,3,8
2,4,2,1024,262144,1048576,cycle,8,random,os-getrandom,random-old-and-new-paths,insertion,1,1048576,1.00000000000000000,-0.000000000,fixed,1,access-plus-rate-deterministic,3,8
2,4,2,1024,262144,1048576,cycle,8,random,os-getrandom,random-old-and-new-paths,insertion,2,1048576,1.00000000000000000,-0.000000000,fixed,1,access-plus-rate-deterministic,3,8
2,4,2,1024,262144,1048576,cycle,8,random,os-getrandom,random-old-and-new-paths,insertion,3,1048576,1.00000000000000000,-0.000000000,fixed,1,access-plus-rate-deterministic,3,8
2,4,2,1024,262144,1048576,cycle,8,random,os-getrandom,random-old-and-new-paths,insertion,4,1048576,1.00000000000000000,-0.000000000,fixed,1,access-plus-rate-deterministic,3,8
2,4,2,1024,262144,1048576,cycle,8,random,os-getrandom,random-old-and-new-paths,insertion,5,1048576,1.00000000000000000,-0.000000000,fixed,1,access-plus-rate-deterministic,3,8
2,4,2,1024,262144,1048576,cycle,8,random,os-getrandom,random-old-and-new-paths,insertion,6,1048576,1.00000000000000000,-0.000000000,fixed,1,access-plus-rate-deterministic,3,8
2,4,2,1024,262144,1048576,cycle,8,random,os-getrandom,random-old-and-new-paths,insertion,7,1048576,1.00000000000000000,-0.000000000,fixed,1,access-plus-rate-deterministic,3,8
2,4,2,1024,262144,1048576,cycle,8,random,os-getrandom,random-old-and-new-paths,insertion,8,1048576,1.00000000000000000,-0.000000000,fixed,1,access-plus-rate-deterministic,3,8
2,4,2,1024,262144,1048576,cycle,8,random,os-getrandom,random-old-and-new-paths,insertion,9,1048576,1.00000000000000000,-0.000000000,fixed,1,access-plus-rate-deterministic,3,8
2,4,2,1024,262144,1048576,cycle,8,random,os-getrandom,random-old-and-new-paths,insertion,10,1048576,1.00000000000000000,-0.000000000,fixed,1,access-plus-rate-deterministic,3,8
2,4,2,1024,262144,1048576,cycle,8,random,os-getrandom,random-old-and-new-paths,insertion,11,1048576,1.00000000000000000,-0.000000000,fixed,1,access-plus-rate-deterministic,3,8
2,4,2,1024,262144,1048576,cycle,8,random,os-getrandom,random-old-and-new-paths,insertion,12,1048576,1.00000000000000000,-0.000000000,fixed,1,access-plus-rate-deterministic,3,8
2,4,2,1024,262144,1048576,cycle,8,random,os-getrandom,random-old-and-new-paths,insertion,13,1048576,1.00000000000000000,-0.000000000,fixed,1,access-plus-rate-deterministic,3,8
2,4,2,1024,262144,1048576,cycle,8,random,os-getrandom,random-old-and-new-paths,insertion,14,1048576,1.00000000000000000,-0.000000000,fixed,1,access-plus-rate-deterministic,3,8
2,4,2,1024,262144,1048576,cycle,8,random,os-getrandom,random-old-and-new-paths,insertion,15,1048576,1.00000000000000000,-0.000000000,fixed,1,access-plus-rate-deterministic,3,8
2,4,2,1024,262144,1048576,cycle,8,random,os-getrandom,random-old-and-new-paths,insertion,16,1048576,1.00000000000000000,-0.000000000,fixed,1,access-plus-rate-deterministic,3,8
2,4,2,1024,262144,1048576,cycle,8,random,os-getrandom,random-old-and-new-paths,insertion,17,1048576,1.00000000000000000,-0.000000000,fixed,1,access-plus-rate-deterministic,3,8
2,4,2,1024,262144,1048576,cycle,8,random,os-getrandom,random-old-and-new-paths,insertion,18,1048576,1.00000000000000000,-0.000000000,fixed,1,access-plus-rate-deterministic,3,8
2,4,2,1024,262144,1048576,cycle,8,random,os-getrandom,random-old-and-new-paths,insertion,19,1048576,1.00000000000000000,-0.000000000,fixed,1,access-plus-rate-deterministic,3,8
2,4,2,1024,262144,1048576,cycle,8,random,os-getrandom,random-old-and-new-paths,insertion,20,1048576,1.00000000000000000,-0.000000000,fixed,1,access-plus-rate-deterministic,3,8
2,4,2,1024,262144,1048576,cycle,8,random,os-getrandom,random-old-and-new-paths,insertion,21,1048576,1.00000000000000000,-0.000000000,fixed,1,access-plus-rate-deterministic,3,8
2,4,2,1024,262144,1048576,cycle,8,random,os-getrandom,random-old-and-new-paths,insertion,22,1048576,1.00000000000000000,-0.000000000,fixed,1,access-plus-rate-deterministic,3,8
2,4,2,1024,262144,1048576,cycle,8,random,os-getrandom,random-old-and-new-paths,insertion,23,1048576,1.00000000000000000,-0.000000000,fixed,1,access-plus-rate-deterministic,3,8
2,4,2,1024,262144,1048576,cycle,8,random,os-getrandom,random-old-and-new-paths,insertion,24,1048576,1.00000000000000000,-0.000000000,fixed,1,access-plus-rate-deterministic,3,8
2,4,2,1024,262144,1048576,cycle,8,random,os-getrandom,random-old-and-new-paths,insertion,25,1048576,1.00000000000000000,-0.000000000,fixed,1,access-plus-rate-deterministic,3,8
2,4,2,1024,262144,1048576,cycle,8,random,os-getrandom,random-old-and-new-paths,insertion,26,1048576,1.00000000000000000,-0.000000000,fixed,1,access-plus-rate-deterministic,3,8
2,4,2,1024,262144,1048576,cycle,8,random,os-getrandom,random-old-and-new-paths,insertion,27,1048576,1.00000000000000000,-0.000000000,fixed,1,access-plus-rate-deterministic,3,8
2,4,2,1024,262144,1048576,cycle,8,random,os-getrandom,random-old-and-new-paths,insertion,28,1048576,1.00000000000000000,-0.000000000,fixed,1,access-plus-rate-deterministic,3,8
2,4,2,1024,262144,1048576,cycle,8,random,os-getrandom,random-old-and-new-paths,insertion,29,1048576,1.00000000000000000,-0.000000000,fixed,1,access-plus-rate-deterministic,3,8
2,4,2,1024,262144,1048576,cycle,8,random,os-getrandom,random-old-and-new-paths,insertion,30,1048576,1.00000000000000000,-0.000000000,fixed,1,access-plus-rate-deterministic,3,8
2,4,2,1024,262144,1048576,cycle,8,random,os-getrandom,random-old-and-new-paths,insertion,31,1048576,1.00000000000000000,-0.000000000,fixed,1,access-plus-rate-deterministic,3,8
2,4,2,1024,262144,1048576,cycle,8,random,os-getrandom,random-old-and-new-paths,insertion,32,1048576,1.00000000000000000,-0.000000000,fixed,1,access-plus-rate-deterministic,3,8
2,4,2,1024,262144,1048576,cycle,8,random,os-getrandom,random-old-and-new-paths,insertion,33,1048576,1.00000000000000000,-0.000000000,fixed,1,access-plus-rate-deterministic,3,8
2,4,2,1024,262144,1048576,cycle,8,random,os-getrandom,random-old-and-new-paths,insertion,34,1048576,1.00000000000000000,-0.000000000,fixed,1,access-plus-rate-deterministic,3,8
2,4,2,1024,262144,1048576,cycle,8,random,os-getrandom,random-old-and-new-paths,insertion,35,1048576,1.00000000000000000,-0.000000000,fixed,1,access-plus-rate-deterministic,3,8
2,4,2,1024,262144,1048576,cycle,8,random,os-getrandom,random-old-and-new-paths,insertion,36,1048576,1.00000000000000000,-0.000000000,fixed,1,access-plus-rate-deterministic,3,8
2,4,2,1024,262144,1048576,cycle,8,random,os-getrandom,random-old-and-new-paths,insertion,37,1048576,1.00000000000000000,-0.000000000,fixed,1,access-plus-rate-deterministic,3,8
2,4,2,1024,262144,1048576,cycle,8,random,os-getrandom,random-old-and-new-paths,insertion,38,1048576,1.00000000000000000,-0.000000000,fixed,1,access-plus-rate-deterministic,3,8
2,4,2,1024,262144,1048576,cycle,8,random,os-getrandom,random-old-and-new-paths,insertion,39,1048576,1.00000000000000000,-0.000000000,fixed,1,access-plus-rate-deterministic,3,8
2,4,2,1024,262144,1048576,cycle,8,random,os-getrandom,random-old-and-new-paths,insertion,40,1048576,1.00000000000000000,-0.000000000,fixed,1,access-plus-rate-deterministic,3,8
2,4,2,1024,262144,1048576,cycle,8,random,os-getrandom,random-old-and-new-paths,insertion,41,1048576,1.00000000000000000,-0.000000000,fixed,1,access-plus-rate-deterministic,3,8
2,4,2,1024,262144,1048576,cycle,8,random,os-getrandom,random-old-and-new-paths,insertion,42,1048576,1.00000000000000000,-0.000000000,fixed,1,access-plus-rate-deterministic,3,8
2,4,2,1024,262144,1048576,cycle,8,random,os-getrandom,random-old-and-new-paths,insertion,43,1048576,1.00000000000000000,-0.000000000,fixed,1,access-plus-rate-deterministic,3,8
2,4,2,1024,262144,1048576,cycle,8,random,os-getrandom,random-old-and-new-paths,insertion,44,1048576,1.00000000000000000,-0.000000000,fixed,1,access-plus-rate-deterministic,3,8
2,4,2,1024,262144,1048576,cycle,8,random,os-getrandom,random-old-and-new-paths,insertion,45,1048576,1.00000000000000000,-0.000000000,fixed,1,access-plus-rate-deterministic,3,8
2,4,2,1024,262144,1048576,cycle,8,random,os-getrandom,random-old-and-new-paths,insertion,46,1048576,1.00000000000000000,-0.000000000,fixed,1,access-plus-rate-deterministic,3,8
2,4,2,1024,262144,1048576,cycle,8,random,os-getrandom,random-old-and-new-paths,insertion,47,1048576,1.00000000000000000,-0.000000000,fixed,1,access-plus-rate-deterministic,3,8
2,4,2,1024,262144,1048576,cycle,8,random,os-getrandom,random-old-and-new-paths,insertion,48,1048576,1.00000000000000000,-0.000000000,fixed,1,access-plus-rate-deterministic,3,8
2,4,2,1024,262144,1048576,cycle,8,random,os-getrandom,random-old-and-new-paths,insertion,49,1048576,1.00000000000000000,-0.000000000,fixed,1,access-plus-rate-deterministic,3,8
2,4,2,1024,262144,1048576,cycle,8,random,os-getrandom,random-old-and-new-paths,insertion,50,1048576,1.00000000000000000,-0.000000000,fixed,1,access-plus-rate-deterministic,3,8
2,4,2,1024,262144,1048576,cycle,8,random,os-getrandom,random-old-and-new-paths,insertion,51,1048576,1.00000000000000000,-0.000000000,fixed,1,access-plus-rate-deterministic,3,8
2,4,2,1024,262144,1048576,cycle,8,random,os-getrandom,random-old-and-new-paths,insertion,52,1048576,1.00000000000000000,-0.000000000,fixed,1,access-plus-rate-deterministic,3,8
2,4,2,1024,262144,1048576,cycle,8,random,os-getrandom,random-old-and-new-paths,insertion,53,1048576,1.00000000000000000,-0.000000000,fixed,1,access-plus-rate-deterministic,3,8
2,4,2,1024,262144,1048576,cycle,8,random,os-getrandom,random-old-and-new-paths,insertion,54,1048576,1.00000000000000000,-0.000000000,fixed,1,access-plus-rate-deterministic,3,8
2,4,2,1024,262144,1048576,cycle,8,random,os-getrandom,random-old-and-new-paths,insertion,55,1048576,1.00000000000000000,-0.000000000,fixed,1,access-plus-rate-deterministic,3,8
2,4,2,1024,262144,1048576,cycle,8,random,os-getrandom,random-old-and-new-paths,insertion,56,1048576,1.00000000000000000,-0.000000000,fixed,1,access-plus-rate-deterministic,3,8
2,4,2,1024,262144,1048576,cycle,8,random,os-getrandom,random-old-and-new-paths,insertion,57,1048576,1.00000000000000000,-0.000000000,fixed,1,access-plus-rate-deterministic,3,8
2,4,2,1024,262144,1048576,cycle,8,random,os-getrandom,random-old-and-new-paths,insertion,58,1048576,1.00000000000000000,-0.000000000,fixed,1,access-plus-rate-deterministic,3,8
2,4,2,1024,262144,1048576,cycle,8,random,os-getrandom,random-old-and-new-paths,insertion,59,1048576,1.00000000000000000,-0.000000000,fixed,1,access-plus-rate-deterministic,3,8
2,4,2,1024,262144,1048576,cycle,8,random,os-getrandom,random-old-and-new-paths,insertion,60,1048576,1.00000000000000000,-0.000000000,fixed,1,access-plus-rate-deterministic,3,8
2,4,2,1024,262144,1048576,cycle,8,random,os-getrandom,random-old-and-new-paths,insertion,61,1048576,1.00000000000000000,-0.000000000,fixed,1,access-plus-rate-deterministic,3,8
2,4,2,1024,262144,1048576,cycle,8,random,os-getrandom,random-old-and-new-paths,insertion,62,1048576,1.00000000000000000,-0.000000000,fixed,1,access-plus-rate-deterministic,3,8
2,4,2,1024,262144,1048576,cycle,8,random,os-getrandom,random-old-and-new-paths,insertion,63,1048576,1.00000000000000000,-0.000000000,fixed,1,access-plus-rate-deterministic,3,8
2,4,2,1024,262144,1048576,cycle,8,random,os-getrandom,random-old-and-new-paths,insertion,64,1048576,1.00000000000000000,-0.000000000,fixed,1,access-plus-rate-deterministic,3,8
2,4,2,1024,262144,1048576,cycle,8,random,os-getrandom,random-old-and-new-paths,insertion,65,1048576,1.00000000000000000,-0.000000000,fixed,1,access-plus-rate-deterministic,3,8
2,4,2,1024,262144,1048576,cycle,8,random,os-getrandom,random-old-and-new-paths,insertion,66,1048576,1.00000000000000000,-0.000000000,fixed,1,access-plus-rate-deterministic,3,8
2,4,2,1024,262144,1048576,cycle,8,random,os-getrandom,random-old-and-new-paths,insertion,67,1048576,1.00000000000000000,-0.000000000,fixed,1,access-plus-rate-deterministic,3,8
2,4,2,1024,262144,1048576,cycle,8,random,os-getrandom,random-old-and-new-paths,insertion,68,1048576,1.00000000000000000,-0.000000000,fixed,1,access-plus-rate-deterministic,3,8
2,4,2,1024,262144,1048576,cycle,8,random,os-getrandom,random-old-and-new-paths,insertion,69,1048576,1.00000000000000000,-0.000000000,fixed,1,access-plus-rate-deterministic,3,8
2,4,2,1024,262144,1048576,cycle,8,random,os-getrandom,random-old-and-new-paths,insertion,70,1048576,1.00000000000000000,-0.000000000,fixed,1,access-plus-rate-deterministic,3,8
2,4,2,1024,262144,1048576,cycle,8,random,os-getrandom,random-old-and-new-paths,insertion,71,1048576,1.00000000000000000,-0.000000000,fixed,1,access-plus-rate-deterministic,3,8
2,4,2,1024,262144,1048576,cycle,8,random,os-getrandom,random-old-and-new-paths,insertion,72,1048576,1.00000000000000000,-0.000000000,fixed,1,access-plus-rate-deterministic,3,8
2,4,2,1024,262144,1048576,cycle,8,random,os-getrandom,random-old-and-new-paths,insertion,73,1048576,1.00000000000000000,-0.000000000,fixed,1,access-plus-rate-deterministic,3,8
2,4,2,1024,262144,1048576,cycle,8,random,os-getrandom,random-old-and-new-paths,insertion,74,1048576,1.00000000000000000,-0.000000000,fixed,1,access-plus-rate-deterministic,3,8
2,4,2,1024,262144,1048576,cycle,8,random,os-getrandom,random-old-and-new-paths,insertion,75,1048576,1.00000000000000000,-0.000000000,fixed,1,access-plus-rate-deterministic,3,8
2,4,2,1024,262144,1048576,cycle,8,random,os-getrandom,random-old-and-new-paths,insertion,76,1048576,1.00000000000000000,-0.000000000,fixed,1,access-plus-rate-deterministic,3,8
2,4,2,1024,262144,1048576,cycle,8,random,os-getrandom,random-old-and-new-paths,insertion,77,1048576,1.00000000000000000,-0.000000000,fixed,1,access-plus-rate-deterministic,3,8
2,4,2,1024,262144,1048576,cycle,8,random,os-getrandom,random-old-and-new-paths,insertion,78,1048576,1.00000000000000000,-0.000000000,fixed,1,access-plus-rate-deterministic,3,8
2,4,2,1024,262144,1048576,cycle,8,random,os-getrandom,random-old-and-new-paths,insertion,79,1048576,1.00000000000000000,-0.000000000,fixed,1,access-plus-rate-deterministic,3,8
2,4,2,1024,262144,1048576,cycle,8,random,os-getrandom,random-old-and-new-paths,insertion,80,1048576,1.00000000000000000,-0.000000000,fixed,1,access-plus-rate-deterministic,3,8
2,4,2,1024,262144,1048576,cycle,8,random,os-getrandom,random-old-and-new-paths,insertion,81,1048576,1.00000000000000000,-0.000000000,fixed,1,access-plus-rate-deterministic,3,8
2,4,2,1024,262144,1048576,cycle,8,random,os-getrandom,random-old-and-new-paths,insertion,82,1048576,1.00000000000000000,-0.000000000,fixed,1,access-plus-rate-deterministic,3,8
2,4,2,1024,262144,1048576,cycle,8,random,os-getrandom,random-old-and-new-paths,insertion,83,1048576,1.00000000000000000,-0.000000000,fixed,1,access-plus-rate-deterministic,3,8
2,4,2,1024,262144,1048576,cycle,8,random,os-getrandom,random-old-and-new-paths,insertion,84,1048576,1.00000000000000000,-0.000000000,fixed,1,access-plus-rate-deterministic,3,8
2,4,2,1024,262144,1048576,cycle,8,random,os-getrandom,random-old-and-new-paths,insertion,85,1048576,1.00000000000000000,-0.000000000,fixed,1,access-plus-rate-deterministic,3,8
2,4,2,1024,262144,1048576,cycle,8,random,os-getrandom,random-old-and-new-paths,insertion,86,1048576,1.00000000000000000,-0.000000000,fixed,1,access-plus-rate-deterministic,3,8
2,4,2,1024,262144,1048576,cycle,8,random,os-getrandom,random-old-and-new-paths,insertion,87,1048576,1.00000000000000000,-0.000000000,fixed,1,access-plus-rate-deterministic,3,8
2,4,2,1024,262144,1048576,cycle,8,random,os-getrandom,random-old-and-new-paths,insertion,88,1048576,1.00000000000000000,-0.000000000,fixed,1,access-plus-rate-deterministic,3,8
2,4,2,1024,262144,1048576,cycle,8,random,os-getrandom,random-old-and-new-paths,insertion,89,1048576,1.00000000000000000,-0.000000000,fixed,1,access-plus-rate-deterministic,3,8
2,4,2,1024,262144,1048576,cycle,8,random,os-getrandom,random-old-and-new-paths,insertion,90,1048576,1.00000000000000000,-0.000000000,fixed,1,access-plus-rate-deterministic,3,8
2,4,2,1024,262144,1048576,cycle,8,random,os-getrandom,random-old-and-new-paths,insertion,91,1048576,1.00000000000000000,-0.000000000,fixed,1,access-plus-rate-deterministic,3,8
2,4,2,1024,262144,1048576,cycle,8,random,os-getrandom,random-old-and-new-paths,insertion,92,1048576,1.00000000000000000,-0.000000000,fixed,1,access-plus-rate-deterministic,3,8
2,4,2,1024,262144,1048576,cycle,8,random,os-getrandom,random-old-and-new-paths,insertion,93,1048576,1.00000000000000000,-0.000000000,fixed,1,access-plus-rate-deterministic,3,8
2,4,2,1024,262144,1048576,cycle,8,random,os-getrandom,random-old-and-new-paths,insertion,94,1048576,1.00000000000000000,-0.000000000,fixed,1,access-plus-rate-deterministic,3,8
2,4,2,1024,262144,1048576,cycle,8,random,os-getrandom,random-old-and-new-paths,insertion,95,1048576,1.00000000000000000,-0.000000000,fixed,1,access-plus-rate-deterministic,3,8
2,4,2,1024,262144,1048576,cycle,8,random,os-getrandom,random-old-and-new-paths,insertion,96,1048576,1.00000000000000000,-0.000000000,fixed,1,access-plus-rate-deterministic,3,8
2,4,2,1024,262144,1048576,cycle,8,random,os-getrandom,random-old-and-new-paths,insertion,97,1048576,1.00000000000000000,-0.000000000,fixed,1,access-plus-rate-deterministic,3,8
2,4,2,1024,262144,1048576,cycle,8,random,os-getrandom,random-old-and-new-paths,insertion,98,1048576,1.00000000000000000,-0.000000000,fixed,1,access-plus-rate-deterministic,3,8
2,4,2,1024,262144,1048576,cycle,8,random,os-getrandom,random-old-and-new-paths,insertion,99,1048576,1.00000000000000000,-0.000000000,fixed,1,access-plus-rate-deterministic,3,8
2,4,2,1024,262144,1048576,cycle,8,random,os-getrandom,random-old-and-new-paths,insertion,100,1048576,1.00000000000000000,-0.000000000,fixed,1,access-plus-rate-deterministic,3,8
2,4,2,1024,262144,1048576,cycle,8,random,os-getrandom,random-old-and-new-paths,insertion,101,1048576,1.00000000000000000,-0.000000000,fixed,1,access-plus-rate-deterministic,3,8
2,4,2,1024,262144,1048576,cycle,8,random,os-getrandom,random-old-and-new-paths,insertion,102,1048576,1.00000000000000000,-0.000000000,fixed,1,access-plus-rate-deterministic,3,8
2,4,2,1024,262144,1048576,cycle,8,random,os-getrandom,random-old-and-new-paths,insertion,103,1048576,1.00000000000000000,-0.000000000,fixed,1,access-plus-rate-deterministic,3,8
2,4,2,1024,262144,1048576,cycle,8,random,os-getrandom,random-old-and-new-paths,insertion,104,1048576,1.00000000000000000,-0.000000000,fixed,1,access-plus-rate-deterministic,3,8
2,4,2,1024,262144,1048576,cycle,8,random,os-getrandom,random-old-and-new-paths,insertion,105,1048576,1.00000000000000000,-0.000000000,fixed,1,access-plus-rate-deterministic,3,8
2,4,2,1024,262144,1048576,cycle,8,random,os-getrandom,random-old-and-new-paths,insertion,106,1048576,1.00000000000000000,-0.000000000,fixed,1,access-plus-rate-deterministic,3,8
2,4,2,1024,262144,1048576,cycle,8,random,os-getrandom,random-old-and-new-paths,insertion,107,1048576,1.00000000000000000,-0.000000000,fixed,1,access-plus-rate-deterministic,3,8
2,4,2,1024,262144,1048576,cycle,8,random,os-getrandom,random-old-and-new-paths,insertion,108,1048576,1.00000000000000000,-0.000000000,fixed,1,access-plus-rate-deterministic,3,8
2,4,2,1024,262144,1048576,cycle,8,random,os-getrandom,random-old-and-new-paths,insertion,109,1048576,1.00000000000000000,-0.000000000,fixed,1,access-plus-rate-deterministic,3,8
2,4,2,1024,262144,1048576,cycle,8,random,os-getrandom,random-old-and-new-paths,insertion,110,1048576,1.00000000000000000,-0.000000000,fixed,1,access-plus-rate-deterministic,3,8
2,4,2,1024,262144,1048576,cycle,8,random,os-getrandom,random-old-and-new-paths,insertion,111,1048576,1.00000000000000000,-0.000000000,fixed,1,access-plus-rate-deterministic,3,8
2,4,2,1024,262144,1048576,cycle,8,random,os-getrandom,random-old-and-new-paths,insertion,112,1048576,1.00000000000000000,-0.000000000,fixed,1,access-plus-rate-deterministic,3,8
2,4,2,1024,262144,1048576,cycle,8,random,os-getrandom,random-old-and-new-paths,insertion,113,1048576,1.00000000000000000,-0.000000000,fixed,1,access-plus-rate-deterministic,3,8
2,4,2,1024,262144,1048576,cycle,8,random,os-getrandom,random-old-and-new-paths,insertion,114,1048576,1.00000000000000000,-0.000000000,fixed,1,access-plus-rate-deterministic,3,8
2,4,2,1024,262144,1048576,cycle,8,random,os-getrandom,random-old-and-new-paths,insertion,115,1048576,1.00000000000000000,-0.000000000,fixed,1,access-plus-rate-deterministic,3,8
2,4,2,1024,262144,1048576,cycle,8,random,os-getrandom,random-old-and-new-paths,insertion,116,1048576,1.00000000000000000,-0.000000000,fixed,1,access-plus-rate-deterministic,3,8
2,4,2,1024,262144,1048576,cycle,8,random,os-getrandom,random-old-and-new-paths,insertion,117,1048576,1.00000000000000000,-0.000000000,fixed,1,access-plus-rate-deterministic,3,8
2,4,2,1024,262144,1048576,cycle,8,random,os-getrandom,random-old-and-new-paths,insertion,118,1048576,1.00000000000000000,-0.000000000,fixed,1,access-plus-rate-deterministic,3,8
2,4,2,1024,262144,1048576,cycle,8,random,os-getrandom,random-old-and-new-paths,insertion,119,1048576,1.00000000000000000,-0.000000000,fixed,1,access-plus-rate-deterministic,3,8
2,4,2,1024,262144,1048576,cycle,8,random,os-getrandom,random-old-and-new-paths,insertion,120,1048576,1.00000000000000000,-0.000000000,fixed,1,access-plus-rate-deterministic,3,8
2,4,2,1024,262144,1048576,cycle,8,random,os-getrandom,random-old-and-new-paths,insertion,121,1048576,1.00000000000000000,-0.000000000,fixed,1,access-plus-rate-deterministic,3,8
2,4,2,1024,262144,1048576,cycle,8,random,os-getrandom,random-old-and-new-paths,insertion,122,1048576,1.00000000000000000,-0.000000000,fixed,1,access-plus-rate-deterministic,3,8
2,4,2,1024,262144,1048576,cycle,8,random,os-getrandom,random-old-and-new-paths,insertion,123,1048576,1.00000000000000000,-0.000000000,fixed,1,access-plus-rate-deterministic,3,8
2,4,2,1024,262144,1048576,cycle,8,random,os-getrandom,random-old-and-new-paths,insertion,124,1048576,1.00000000000000000,-0.000000000,fixed,1,access-plus-rate-deterministic,3,8
2,4,2,1024,262144,1048576,cycle,8,random,os-getrandom,random-old-and-new-paths,insertion,125,1048576,1.00000000000000000,-0.000000000,fixed,1,access-plus-rate-deterministic,3,8
2,4,2,1024,262144,1048576,cycle,8,random,os-getrandom,random-old-and-new-paths,insertion,126,1048576,1.00000000000000000,-0.000000000,fixed,1,access-plus-rate-deterministic,3,8
2,4,2,1024,262144,1048576,cycle,8,random,os-getrandom,random-old-and-new-paths,insertion,127,1048576,1.00000000000000000,-0.000000000,fixed,1,access-plus-rate-deterministic,3,8
2,4,2,1024,262144,1048576,cycle,8,random,os-getrandom,random-old-and-new-paths,insertion,128,1048576,1.00000000000000000,-0.000000000,fixed,1,access-plus-rate-deterministic,3,8
2,4,2,1024,262144,1048576,cycle,8,random,os-getrandom,random-old-and-new-paths,insertion,129,1048576,1.00000000000000000,-0.000000000,fixed,1,access-plus-rate-deterministic,3,8
2,4,2,1024,262144,1048576,cycle,8,random,os-getrandom,random-old-and-new-paths,insertion,130,1048576,1.00000000000000000,-0.000000000,fixed,1,access-plus-rate-deterministic,3,8
2,4,2,1024,262144,1048576,cycle,8,random,os-getrandom,random-old-and-new-paths,insertion,131,1048576,1.00000000000000000,-0.000000000,fixed,1,access-plus-rate-deterministic,3,8
2,4,2,1024,262144,1048576,cycle,8,random,os-getrandom,random-old-and-new-paths,insertion,132,1048576,1.00000000000000000,-0.000000000,fixed,1,access-plus-rate-deterministic,3,8
2,4,2,1024,262144,1048576,cycle,8,random,os-getrandom,random-old-and-new-paths,insertion,133,1048576,1.00000000000000000,-0.000000000,fixed,1,access-plus-rate-deterministic,3,8
2,4,2,1024,262144,1048576,cycle,8,random,os-getrandom,random-old-and-new-paths,insertion,134,1048576,1.00000000000000000,-0.000000000,fixed,1,access-plus-rate-deterministic,3,8
2,4,2,1024,262144,1048576,cycle,8,random,os-getrandom,random-old-and-new-paths,insertion,135,1048576,1.00000000000000000,-0.000000000,fixed,1,access-plus-rate-deterministic,3,8
2,4,2,1024,262144,1048576,cycle,8,random,os-getrandom,random-old-and-new-paths,insertion,136,1048576,1.00000000000000000,-0.000000000,fixed,1,access-plus-rate-deterministic,3,8
2,4,2,1024,262144,1048576,cycle,8,random,os-getrandom,random-old-and-new-paths,insertion,137,1048576,1.00000000000000000,-0.000000000,fixed,1,access-plus-rate-deterministic,3,8
2,4,2,1024,262144,1048576,cycle,8,random,os-getrandom,random-old-and-new-paths,insertion,138,1048576,1.00000000000000000,-0.000000000,fixed,1,access-plus-rate-deterministic,3,8
2,4,2,1024,262144,1048576,cycle,8,random,os-getrandom,random-old-and-new-paths,insertion,139,1048576,1.00000000000000000,-0.000000000,fixed,1,access-plus-rate-deterministic,3,8
2,4,2,1024,262144,1048576,cycle,8,random,os-getrandom,random-old-and-new-paths,insertion,140,1048576,1.00000000000000000,-0.000000000,fixed,1,access-plus-rate-deterministic,3,8
2,4,2,1024,262144,1048576,cycle,8,random,os-getrandom,random-old-and-new-paths,insertion,141,1048576,1.00000000000000000,-0.000000000,fixed,1,access-plus-rate-deterministic,3,8
2,4,2,1024,262144,1048576,cycle,8,random,os-getrandom,random-old-and-new-paths,insertion,142,1048576,1.00000000000000000,-0.000000000,fixed,1,access-plus-rate-deterministic,3,8
2,4,2,1024,262144,1048576,cycle,8,random,os-getrandom,random-old-and-new-paths,insertion,143,1048576,1.00000000000000000,-0.000000000,fixed,1,access-plus-rate-deterministic,3,8
2,4,2,1024,262144,1048576,cycle,8,random,os-getrandom,random-old-and-new-paths,insertion,144,1048576,1.00000000000000000,-0.000000000,fixed,1,access-plus-rate-deterministic,3,8
2,4,2,1024,262144,1048576,cycle,8,random,os-getrandom,random-old-and-new-paths,insertion,145,1048576,1.00000000000000000,-0.000000000,fixed,1,access-plus-rate-deterministic,3,8
2,4,2,1024,262144,1048576,cycle,8,random,os-getrandom,random-old-and-new-paths,insertion,146,1048576,1.00000000000000000,-0.000000000,fixed,1,access-plus-rate-deterministic,3,8
2,4,2,1024,262144,1048576,cycle,8,random,os-getrandom,random-old-and-new-paths,insertion,147,1048576,1.00000000000000000,-0.000000000,fixed,1,access-plus-rate-deterministic,3,8
2,4,2,1024,262144,1048576,cycle,8,random,os-getrandom,random-old-and-new-paths,insertion,148,1048576,1.00000000000000000,-0.000000000,fixed,1,access-plus-rate-deterministic,3,8
2,4,2,1024,262144,1048576,cycle,8,random,os-getrandom,random-old-and-new-paths,insertion,149,1048576,1.00000000000000000,-0.000000000,fixed,1,access-plus-rate-deterministic,3,8
2,4,2,1024,262144,1048576,cycle,8,random,os-getrandom,random-old-and-new-paths,insertion,150,1048576,1.00000000000000000,-0.000000000,fixed,1,access-plus-rate-deterministic,3,8
2,4,2,1024,262144,1048576,cycle,8,random,os-getrandom,random-old-and-new-paths,insertion,151,1048576,1.00000000000000000,-0.000000000,fixed,1,access-plus-rate-deterministic,3,8
2,4,2,1024,262144,1048576,cycle,8,random,os-getrandom,random-old-and-new-paths,insertion,152,1048576,1.00000000000000000,-0.000000000,fixed,1,access-plus-rate-deterministic,3,8
2,4,2,1024,262144,1048576,cycle,8,random,os-getrandom,random-old-and-new-paths,insertion,153,1048576,1.00000000000000000,-0.000000000,fixed,1,access-plus-rate-deterministic,3,8
2,4,2,1024,262144,1048576,cycle,8,random,os-getrandom,random-old-and-new-paths,insertion,154,1048576,1.00000000000000000,-0.000000000,fixed,1,access-plus-rate-deterministic,3,8
2,4,2,1024,262144,1048576,cycle,8,random,os-getrandom,random-old-and-new-paths,insertion,155,1048576,1.00000000000000000,-0.000000000,fixed,1,access-plus-rate-deterministic,3,8
2,4,2,1024,262144,1048576,cycle,8,random,os-getrandom,random-old-and-new-paths,insertion,156,1048576,1.00000000000000000,-0.000000000,fixed,1,access-plus-rate-deterministic,3,8
2,4,2,1024,262144,1048576,cycle,8,random,os-getrandom,random-old-and-new-paths,insertion,157,1048576,1.00000000000000000,-0.000000000,fixed,1,access-plus-rate-deterministic,3,8
2,4,2,1024,262144,1048576,cycle,8,random,os-getrandom,random-old-and-new-paths,insertion,158,1048576,1.00000000000000000,-0.000000000,fixed,1,access-plus-rate-deterministic,3,8
2,4,2,1024,262144,1048576,cycle,8,random,os-getrandom,random-old-and-new-paths,insertion,159,1048576,1.00000000000000000,-0.000000000,fixed,1,access-plus-rate-deterministic,3,8
2,4,2,1024,262144,1048576,cycle,8,random,os-getrandom,random-old-and-new-paths,insertion,160,1048576,1.00000000000000000,-0.000000000,fixed,1,access-plus-rate-deterministic,3,8
2,4,2,1024,262144,1048576,cycle,8,random,os-getrandom,random-old-and-new-paths,insertion,161,1048576,1.00000000000000000,-0.000000000,fixed,1,access-plus-rate-deterministic,3,8
2,4,2,1024,262144,1048576,cycle,8,random,os-getrandom,random-old-and-new-paths,insertion,162,1048576,1.00000000000000000,-0.000000000,fixed,1,access-plus-rate-deterministic,3,8
2,4,2,1024,262144,1048576,cycle,8,random,os-getrandom,random-old-and-new-paths,insertion,163,1048576,1.00000000000000000,-0.000000000,fixed,1,access-plus-rate-deterministic,3,8
2,4,2,1024,262144,1048576,cycle,8,random,os-getrandom,random-old-and-new-paths,insertion,164,1048576,1.00000000000000000,-0.000000000,fixed,1,access-plus-rate-deterministic,3,8
2,4,2,1024,262144,1048576,cycle,8,random,os-getrandom,random-old-and-new-paths,insertion,165,1048576,1.00000000000000000,-0.000000000,fixed,1,access-plus-rate-deterministic,3,8
2,4,2,1024,262144,1048576,cycle,8,random,os-getrandom,random-old-and-new-paths,insertion,166,1048576,1.00000000000000000,-0.000000000,fixed,1,access-plus-rate-deterministic,3,8
2,4,2,1024,262144,1048576,cycle,8,random,os-getrandom,random-old-and-new-paths,insertion,167,1048576,1.00000000000000000,-0.000000000,fixed,1,access-plus-rate-deterministic,3,8
2,4,2,1024,262144,1048576,cycle,8,random,os-getrandom,random-old-and-new-paths,insertion,168,1048576,1.00000000000000000,-0.000000000,fixed,1,access-plus-rate-deterministic,3,8
2,4,2,1024,262144,1048576,cycle,8,random,os-getrandom,random-old-and-new-paths,insertion,169,1048576,1.00000000000000000,-0.000000000,fixed,1,access-plus-rate-deterministic,3,8
2,4,2,1024,262144,1048576,cycle,8,random,os-getrandom,random-old-and-new-paths,insertion,170,1048576,1.00000000000000000,-0.000000000,fixed,1,access-plus-rate-deterministic,3,8
2,4,2,1024,262144,1048576,cycle,8,random,os-getrandom,random-old-and-new-paths,insertion,171,1048576,1.00000000000000000,-0.000000000,fixed,1,access-plus-rate-deterministic,3,8
2,4,2,1024,262144,1048576,cycle,8,random,os-getrandom,random-old-and-new-paths,insertion,172,1048576,1.00000000000000000,-0.000000000,fixed,1,access-plus-rate-deterministic,3,8
2,4,2,1024,262144,1048576,cycle,8,random,os-getrandom,random-old-and-new-paths,insertion,173,1048576,1.00000000000000000,-0.000000000,fixed,1,access-plus-rate-deterministic,3,8
2,4,2,1024,262144,1048576,cycle,8,random,os-getrandom,random-old-and-new-paths,insertion,174,1048576,1.00000000000000000,-0.000000000,fixed,1,access-plus-rate-deterministic,3,8
2,4,2,1024,262144,1048576,cycle,8,random,os-getrandom,random-old-and-new-paths,insertion,175,1048576,1.00000000000000000,-0.000000000,fixed,1,access-plus-rate-deterministic,3,8
2,4,2,1024,262144,1048576,cycle,8,random,os-getrandom,random-old-and-new-paths,insertion,176,1048576,1.00000000000000000,-0.000000000,fixed,1,access-plus-rate-deterministic,3,8
2,4,2,1024,262144,1048576,cycle,8,random,os-getrandom,random-old-and-new-paths,insertion,177,1048576,1.00000000000000000,-0.000000000,fixed,1,access-plus-rate-deterministic,3,8
2,4,2,1024,262144,1048576,cycle,8,random,os-getrandom,random-old-and-new-paths,insertion,178,1048576,1.00000000000000000,-0.000000000,fixed,1,access-plus-rate-deterministic,3,8
2,4,2,1024,262144,1048576,cycle,8,random,os-getrandom,random-old-and-new-paths,insertion,179,1048576,1.00000000000000000,-0.000000000,fixed,1,access-plus-rate-deterministic,3,8
2,4,2,1024,262144,1048576,cycle,8,random,os-getrandom,random-old-and-new-paths,insertion,180,1048576,1.00000000000000000,-0.000000000,fixed,1,access-plus-rate-deterministic,3,8
2,4,2,1024,262144,1048576,cycle,8,random,os-getrandom,random-old-and-new-paths,insertion,181,1048576,1.00000000000000000,-0.000000000,fixed,1,access-plus-rate-deterministic,3,8
2,4,2,1024,262144,1048576,cycle,8,random,os-getrandom,random-old-and-new-paths,insertion,182,1048576,1.00000000000000000,-0.000000000,fixed,1,access-plus-rate-deterministic,3,8
2,4,2,1024,262144,1048576,cycle,8,random,os-getrandom,random-old-and-new-paths,insertion,183,1048576,1.00000000000000000,-0.000000000,fixed,1,access-plus-rate-deterministic,3,8
2,4,2,1024,262144,1048576,cycle,8,random,os-getrandom,random-old-and-new-paths,insertion,184,1048576,1.00000000000000000,-0.000000000,fixed,1,access-plus-rate-deterministic,3,8
2,4,2,1024,262144,1048576,cycle,8,random,os-getrandom,random-old-and-new-paths,insertion,185,1048576,1.00000000000000000,-0.000000000,fixed,1,access-plus-rate-deterministic,3,8
2,4,2,1024,262144,1048576,cycle,8,random,os-getrandom,random-old-and-new-paths,insertion,186,1048576,1.00000000000000000,-0.000000000,fixed,1,access-plus-rate-deterministic,3,8
2,4,2,1024,262144,1048576,cycle,8,random,os-getrandom,random-old-and-new-paths,insertion,187,1048576,1.00000000000000000,-0.000000000,fixed,1,access-plus-rate-deterministic,3,8
2,4,2,1024,262144,1048576,cycle,8,random,os-getrandom,random-old-and-new-paths,insertion,188,1048576,1.00000000000000000,-0.000000000,fixed,1,access-plus-rate-deterministic,3,8
2,4,2,1024,262144,1048576,cycle,8,random,os-getrandom,random-old-and-new-paths,insertion,189,1048576,1.00000000000000000,-0.000000000,fixed,1,access-plus-rate-deterministic,3,8
2,4,2,1024,262144,1048576,cycle,8,random,os-getrandom,random-old-and-new-paths,insertion,190,1048576,1.00000000000000000,-0.000000000,fixed,1,access-plus-rate-deterministic,3,8
2,4,2,1024,262144,1048576,cycle,8,random,os-getrandom,random-old-and-new-paths,insertion,191,1048576,1.00000000000000000,-0.000000000,fixed,1,access-plus-rate-deterministic,3,8
2,4,2,1024,262144,1048576,cycle,8,random,os-getrandom,random-old-and-new-paths,insertion,192,1048576,1.00000000000000000,-0.000000000,fixed,1,access-plus-rate-deterministic,3,8
2,4,2,1024,262144,1048576,cycle,8,random,os-getrandom,random-old-and-new-paths,insertion,193,1048576,1.00000000000000000,-0.000000000,fixed,1,access-plus-rate-deterministic,3,8
2,4,2,1024,262144,1048576,cycle,8,random,os-getrandom,random-old-and-new-paths,insertion,194,1048576,1.00000000000000000,-0.000000000,fixed,1,access-plus-rate-deterministic,3,8
2,4,2,1024,262144,1048576,cycle,8,random,os-getrandom,random-old-and-new-paths,insertion,195,1048576,1.00000000000000000,-0.000000000,fixed,1,access-plus-rate-deterministic,3,8
2,4,2,1024,262144,1048576,cycle,8,random,os-getrandom,random-old-and-new-paths,insertion,196,1048576,1.00000000000000000,-0.000000000,fixed,1,access-plus-rate-deterministic,3,8
2,4,2,1024,262144,1048576,cycle,8,random,os-getrandom,random-old-and-new-paths,insertion,197,1048576,1.00000000000000000,-0.000000000,fixed,1,access-plus-rate-deterministic,3,8
2,4,2,1024,262144,1048576,cycle,8,random,os-getrandom,random-old-and-new-paths,insertion,198,1048576,1.00000000000000000,-0.000000000,fixed,1,access-plus-rate-deterministic,3,8
2,4,2,1024,262144,1048576,cycle,8,random,os-getrandom,random-old-and-new-paths,insertion,199,1048576,1.00000000000000000,-0.000000000,fixed,1,access-plus-rate-deterministic,3,8
2,4,2,1024,262144,1048576,cycle,8,random,os-getrandom,random-old-and-new-paths,insertion,200,1048576,1.00000000000000000,-0.000000000,fixed,1,access-plus-rate-deterministic,3,8
2,4,2,1024,262144,1048576,cycle,8,random,os-getrandom,random-old-and-new-paths,insertion,201,1048576,1.00000000000000000,-0.000000000,fixed,1,access-plus-rate-deterministic,3,8
2,4,2,1024,262144,1048576,cycle,8,random,os-getrandom,random-old-and-new-paths,insertion,202,1048576,1.00000000000000000,-0.000000000,fixed,1,access-plus-rate-deterministic,3,8
2,4,2,1024,262144,1048576,cycle,8,random,os-getrandom,random-old-and-new-paths,insertion,203,1048576,1.00000000000000000,-0.000000000,fixed,1,access-plus-rate-deterministic,3,8
2,4,2,1024,262144,1048576,cycle,8,random,os-getrandom,random-old-and-new-paths,insertion,204,1048576,1.00000000000000000,-0.000000000,fixed,1,access-plus-rate-deterministic,3,8
2,4,2,1024,262144,1048576,cycle,8,random,os-getrandom,random-old-and-new-paths,insertion,205,1048576,1.00000000000000000,-0.000000000,fixed,1,access-plus-rate-deterministic,3,8
2,4,2,1024,262144,1048576,cycle,8,random,os-getrandom,random-old-and-new-paths,insertion,206,1048576,1.00000000000000000,-0.000000000,fixed,1,access-plus-rate-deterministic,3,8
2,4,2,1024,262144,1048576,cycle,8,random,os-getrandom,random-old-and-new-paths,insertion,207,1048576,1.00000000000000000,-0.000000000,fixed,1,access-plus-rate-deterministic,3,8
2,4,2,1024,262144,1048576,cycle,8,random,os-getrandom,random-old-and-new-paths,insertion,208,1048576,1.00000000000000000,-0.000000000,fixed,1,access-plus-rate-deterministic,3,8
2,4,2,1024,262144,1048576,cycle,8,random,os-getrandom,random-old-and-new-paths,insertion,209,1048576,1.00000000000000000,-0.000000000,fixed,1,access-plus-rate-deterministic,3,8
2,4,2,1024,262144,1048576,cycle,8,random,os-getrandom,random-old-and-new-paths,insertion,210,1048576,1.00000000000000000,-0.000000000,fixed,1,access-plus-rate-deterministic,3,8
2,4,2,1024,262144,1048576,cycle,8,random,os-getrandom,random-old-and-new-paths,insertion,211,1048576,1.00000000000000000,-0.000000000,fixed,1,access-plus-rate-deterministic,3,8
2,4,2,1024,262144,1048576,cycle,8,random,os-getrandom,random-old-and-new-paths,insertion,212,1048576,1.00000000000000000,-0.000000000,fixed,1,access-plus-rate-deterministic,3,8
2,4,2,1024,262144,1048576,cycle,8,random,os-getrandom,random-old-and-new-paths,insertion,213,1048576,1.00000000000000000,-0.000000000,fixed,1,access-plus-rate-deterministic,3,8
2,4,2,1024,262144,1048576,cycle,8,random,os-getrandom,random-old-and-new-paths,insertion,214,1048576,1.00000000000000000,-0.000000000,fixed,1,access-plus-rate-deterministic,3,8
2,4,2,1024,262144,1048576,cycle,8,random,os-getrandom,random-old-and-new-paths,insertion,215,1048576,1.00000000000000000,-0.000000000,fixed,1,access-plus-rate-deterministic,3,8
2,4,2,1024,262144,1048576,cycle,8,random,os-getrandom,random-old-and-new-paths,insertion,216,1048576,1.00000000000000000,-0.000000000,fixed,1,access-plus-rate-deterministic,3,8
2,4,2,1024,262144,1048576,cycle,8,random,os-getrandom,random-old-and-new-paths,insertion,217,1048576,1.00000000000000000,-0.000000000,fixed,1,access-plus-rate-deterministic,3,8
2,4,2,1024,262144,1048576,cycle,8,random,os-getrandom,random-old-and-new-paths,insertion,218,1048576,1.00000000000000000,-0.000000000,fixed,1,access-plus-rate-deterministic,3,8
2,4,2,1024,262144,1048576,cycle,8,random,os-getrandom,random-old-and-new-paths,insertion,219,1048576,1.00000000000000000,-0.000000000,fixed,1,access-plus-rate-deterministic,3,8
2,4,2,1024,262144,1048576,cycle,8,random,os-getrandom,random-old-and-new-paths,insertion,220,1048576,1.00000000000000000,-0.000000000,fixed,1,access-plus-rate-deterministic,3,8
2,4,2,1024,262144,1048576,cycle,8,random,os-getrandom,random-old-and-new-paths,insertion,221,1048576,1.00000000000000000,-0.000000000,fixed,1,access-plus-rate-deterministic,3,8
2,4,2,1024,262144,1048576,cycle,8,random,os-getrandom,random-old-and-new-paths,insertion,222,1048576,1.00000000000000000,-0.000000000,fixed,1,access-plus-rate-deterministic,3,8
2,4,2,1024,262144,1048576,cycle,8,random,os-getrandom,random-old-and-new-paths,insertion,223,1048576,1.00000000000000000,-0.000000000,fixed,1,access-plus-rate-deterministic,3,8
2,4,2,1024,262144,1048576,cycle,8,random,os-getrandom,random-old-and-new-paths,insertion,224,1048576,1.00000000000000000,-0.000000000,fixed,1,access-plus-rate-deterministic,3,8
2,4,2,1024,262144,1048576,cycle,8,random,os-getrandom,random-old-and-new-paths,insertion,225,1048576,1.00000000000000000,-0.000000000,fixed,1,access-plus-rate-deterministic,3,8
2,4,2,1024,262144,1048576,cycle,8,random,os-getrandom,random-old-and-new-paths,insertion,226,1048576,1.00000000000000000,-0.000000000,fixed,1,access-plus-rate-deterministic,3,8
2,4,2,1024,262144,1048576,cycle,8,random,os-getrandom,random-old-and-new-paths,insertion,227,1048576,1.00000000000000000,-0.000000000,fixed,1,access-plus-rate-deterministic,3,8
2,4,2,1024,262144,1048576,cycle,8,random,os-getrandom,random-old-and-new-paths,insertion,228,1048576,1.00000000000000000,-0.000000000,fixed,1,access-plus-rate-deterministic,3,8
2,4,2,1024,262144,1048576,cycle,8,random,os-getrandom,random-old-and-new-paths,insertion,229,1048576,1.00000000000000000,-0.000000000,fixed,1,access-plus-rate-deterministic,3,8
2,4,2,1024,262144,1048576,cycle,8,random,os-getrandom,random-old-and-new-paths,insertion,230,1048576,1.00000000000000000,-0.000000000,fixed,1,access-plus-rate-deterministic,3,8
2,4,2,1024,262144,1048576,cycle,8,random,os-getrandom,random-old-and-new-paths,insertion,231,1048576,1.00000000000000000,-0.000000000,fixed,1,access-plus-rate-deterministic,3,8
2,4,2,1024,262144,1048576,cycle,8,random,os-getrandom,random-old-and-new-paths,insertion,232,1048576,1.00000000000000000,-0.000000000,fixed,1,access-plus-rate-deterministic,3,8
2,4,2,1024,262144,1048576,cycle,8,random,os-getrandom,random-old-and-new-paths,insertion,233,1048576,1.00000000000000000,-0.000000000,fixed,1,access-plus-rate-deterministic,3,8
2,4,2,1024,262144,1048576,cycle,8,random,os-getrandom,random-old-and-new-paths,insertion,234,1048576,1.00000000000000000,-0.000000000,fixed,1,access-plus-rate-deterministic,3,8
2,4,2,1024,262144,1048576,cycle,8,random,os-getrandom,random-old-and-new-paths,insertion,235,1048576,1.00000000000000000,-0.000000000,fixed,1,access-plus-rate-deterministic,3,8
2,4,2,1024,262144,1048576,cycle,8,random,os-getrandom,random-old-and-new-paths,insertion,236,1048576,1.00000000000000000,-0.000000000,fixed,1,access-plus-rate-deterministic,3,8
2,4,2,1024,262144,1048576,cycle,8,random,os-getrandom,random-old-and-new-paths,insertion,237,1048576,1.00000000000000000,-0.000000000,fixed,1,access-plus-rate-deterministic,3,8
2,4,2,1024,262144,1048576,cycle,8,random,os-getrandom,random-old-and-new-paths,insertion,238,1048576,1.00000000000000000,-0.000000000,fixed,1,access-plus-rate-deterministic,3,8
2,4,2,1024,262144,1048576,cycle,8,random,os-getrandom,random-old-and-new-paths,insertion,239,1048576,1.00000000000000000,-0.000000000,fixed,1,access-plus-rate-deterministic,3,8
2,4,2,1024,262144,1048576,cycle,8,random,os-getrandom,random-old-and-new-paths,insertion,240,1048576,1.00000000000000000,-0.000000000,fixed,1,access-plus-rate-deterministic,3,8
2,4,2,1024,262144,1048576,cycle,8,random,os-getrandom,random-old-and-new-paths,insertion,241,1048576,1.00000000000000000,-0.000000000,fixed,1,access-plus-rate-deterministic,3,8
2,4,2,1024,262144,1048576,cycle,8,random,os-getrandom,random-old-and-new-paths,insertion,242,1048576,1.00000000000000000,-0.000000000,fixed,1,access-plus-rate-deterministic,3,8
2,4,2,1024,262144,1048576,cycle,8,random,os-getrandom,random-old-and-new-paths,insertion,243,1048576,1.00000000000000000,-0.000000000,fixed,1,access-plus-rate-deterministic,3,8
2,4,2,1024,262144,1048576,cycle,8,random,os-getrandom,random-old-and-new-paths,insertion,244,1048576,1.00000000000000000,-0.000000000,fixed,1,access-plus-rate-deterministic,3,8
2,4,2,1024,262144,1048576,cycle,8,random,os-getrandom,random-old-and-new-paths,insertion,245,1048576,1.00000000000000000,-0.000000000,fixed,1,access-plus-rate-deterministic,3,8
2,4,2,1024,262144,1048576,cycle,8,random,os-getrandom,random-old-and-new-paths,insertion,246,1048576,1.00000000000000000,-0.000000000,fixed,1,access-plus-rate-deterministic,3,8
2,4,2,1024,262144,1048576,cycle,8,random,os-getrandom,random-old-and-new-paths,insertion,247,1048576,1.00000000000000000,-0.000000000,fixed,1,access-plus-rate-deterministic,3,8
2,4,2,1024,262144,1048576,cycle,8,random,os-getrandom,random-old-and-new-paths,insertion,248,1048576,1.00000000000000000,-0.000000000,fixed,1,access-plus-rate-deterministic,3,8
2,4,2,1024,262144,1048576,cycle,8,random,os-getrandom,random-old-and-new-paths,insertion,249,1048576,1.00000000000000000,-0.000000000,fixed,1,access-plus-rate-deterministic,3,8
2,4,2,1024,262144,1048576,cycle,8,random,os-getrandom,random-old-and-new-paths,insertion,250,1048576,1.00000000000000000,-0.000000000,fixed,1,access-plus-rate-deterministic,3,8
2,4,2,1024,262144,1048576,cycle,8,random,os-getrandom,random-old-and-new-paths,insertion,251,1048576,1.00000000000000000,-0.000000000,fixed,1,access-plus-rate-deterministic,3,8
2,4,2,1024,262144,1048576,cycle,8,random,os-getrandom,random-old-and-new-paths,insertion,252,1048576,1.00000000000000000,-0.000000000,fixed,1,access-plus-rate-deterministic,3,8
2,4,2,1024,262144,1048576,cycle,8,random,os-getrandom,random-old-and-new-paths,insertion,253,1048576,1.00000000000000000,-0.000000000,fixed,1,access-plus-rate-deterministic,3,8
2,4,2,1024,262144,1048576,cycle,8,random,os-getrandom,random-old-and-new-paths,insertion,254,1048576,1.00000000000000000,-0.000000000,fixed,1,access-plus-rate-deterministic,3,8
2,4,2,1024,262144,1048576,cycle,8,random,os-getrandom,random-old-and-new-paths,insertion,255,1048576,1.00000000000000000,-0.000000000,fixed,1,access-plus-rate-deterministic,3,8
2,4,2,1024,262144,1048576,cycle,8,random,os-getrandom,random-old-and-new-paths,insertion,256,1048576,1.00000000000000000,-0.000000000,fixed,1,access-plus-rate-deterministic,3,8
2,4,2,1024,262144,1048576,cycle,8,random,os-getrandom,random-old-and-new-paths,insertion,257,1048576,1.00000000000000000,-0.000000000,fixed,1,access-plus-rate-deterministic,3,8
2,4,2,1024,262144,1048576,cycle,8,random,os-getrandom,random-old-and-new-paths,insertion,258,1048576,1.00000000000000000,-0.000000000,fixed,1,access-plus-rate-deterministic,3,8
2,4,2,1024,262144,1048576,cycle,8,random,os-getrandom,random-old-and-new-paths,insertion,259,1048576,1.00000000000000000,-0.000000000,fixed,1,access-plus-rate-deterministic,3,8
2,4,2,1024,262144,1048576,cycle,8,random,os-getrandom,random-old-and-new-paths,insertion,260,1048576,1.00000000000000000,-0.000000000,fixed,1,access-plus-rate-deterministic,3,8
2,4,2,1024,262144,1048576,cycle,8,random,os-getrandom,random-old-and-new-paths,insertion,261,1048576,1.00000000000000000,-0.000000000,fixed,1,access-plus-rate-deterministic,3,8
2,4,2,1024,262144,1048576,cycle,8,random,os-getrandom,random-old-and-new-paths,insertion,262,1048576,1.00000000000000000,-0.000000000,fixed,1,access-plus-rate-deterministic,3,8
2,4,2,1024,262144,1048576,cycle,8,random,os-getrandom,random-old-and-new-paths,insertion,263,1048576,1.00000000000000000,-0.000000000,fixed,1,access-plus-rate-deterministic,3,8
2,4,2,1024,262144,1048576,cycle,8,random,os-getrandom,random-old-and-new-paths,insertion,264,1048576,1.00000000000000000,-0.000000000,fixed,1,access-plus-rate-deterministic,3,8
2,4,2,1024,262144,1048576,cycle,8,random,os-getrandom,random-old-and-new-paths,insertion,265,1048576,1.00000000000000000,-0.000000000,fixed,1,access-plus-rate-deterministic,3,8
2,4,2,1024,262144,1048576,cycle,8,random,os-getrandom,random-old-and-new-paths,insertion,266,1048576,1.00000000000000000,-0.000000000,fixed,1,access-plus-rate-deterministic,3,8
2,4,2,1024,262144,1048576,cycle,8,random,os-getrandom,random-old-and-new-paths,insertion,267,1048576,1.00000000000000000,-0.000000000,fixed,1,access-plus-rate-deterministic,3,8
2,4,2,1024,262144,1048576,cycle,8,random,os-getrandom,random-old-and-new-paths,insertion,268,1048576,1.00000000000000000,-0.000000000,fixed,1,access-plus-rate-deterministic,3,8
2,4,2,1024,262144,1048576,cycle,8,random,os-getrandom,random-old-and-new-paths,insertion,269,1048576,1.00000000000000000,-0.000000000,fixed,1,access-plus-rate-deterministic,3,8
2,4,2,1024,262144,1048576,cycle,8,random,os-getrandom,random-old-and-new-paths,insertion,270,1048576,1.00000000000000000,-0.000000000,fixed,1,access-plus-rate-deterministic,3,8
2,4,2,1024,262144,1048576,cycle,8,random,os-getrandom,random-old-and-new-paths,insertion,271,1048576,1.00000000000000000,-0.000000000,fixed,1,access-plus-rate-deterministic,3,8
2,4,2,1024,262144,1048576,cycle,8,random,os-getrandom,random-old-and-new-paths,insertion,272,1048576,1.00000000000000000,-0.000000000,fixed,1,access-plus-rate-deterministic,3,8
2,4,2,1024,262144,1048576,cycle,8,random,os-getrandom,random-old-and-new-paths,insertion,273,1048576,1.00000000000000000,-0.000000000,fixed,1,access-plus-rate-deterministic,3,8
2,4,2,1024,262144,1048576,cycle,8,random,os-getrandom,random-old-and-new-paths,insertion,274,1048576,1.00000000000000000,-0.000000000,fixed,1,access-plus-rate-deterministic,3,8
2,4,2,1024,262144,1048576,cycle,8,random,os-getrandom,random-old-and-new-paths,insertion,275,1048576,1.00000000000000000,-0.000000000,fixed,1,access-plus-rate-deterministic,3,8
2,4,2,1024,262144,1048576,cycle,8,random,os-getrandom,random-old-and-new-paths,insertion,276,1048576,1.00000000000000000,-0.000000000,fixed,1,access-plus-rate-deterministic,3,8
2,4,2,1024,262144,1048576,cycle,8,random,os-getrandom,random-old-and-new-paths,insertion,277,1048576,1.00000000000000000,-0.000000000,fixed,1,access-plus-rate-deterministic,3,8
2,4,2,1024,262144,1048576,cycle,8,random,os-getrandom,random-old-and-new-paths,insertion,278,1048576,1.00000000000000000,-0.000000000,fixed,1,access-plus-rate-deterministic,3,8
2,4,2,1024,262144,1048576,cycle,8,random,os-getrandom,random-old-and-new-paths,insertion,279,1048576,1.00000000000000000,-0.000000000,fixed,1,access-plus-rate-deterministic,3,8
2,4,2,1024,262144,1048576,cycle,8,random,os-getrandom,random-old-and-new-paths,insertion,280,1048576,1.00000000000000000,-0.000000000,fixed,1,access-plus-rate-deterministic,3,8
2,4,2,1024,262144,1048576,cycle,8,random,os-getrandom,random-old-and-new-paths,insertion,281,1048576,1.00000000000000000,-0.000000000,fixed,1,access-plus-rate-deterministic,3,8
2,4,2,1024,262144,1048576,cycle,8,random,os-getrandom,random-old-and-new-paths,insertion,282,1048576,1.00000000000000000,-0.000000000,fixed,1,access-plus-rate-deterministic,3,8
2,4,2,1024,262144,1048576,cycle,8,random,os-getrandom,random-old-and-new-paths,insertion,283,1048576,1.00000000000000000,-0.000000000,fixed,1,access-plus-rate-deterministic,3,8
2,4,2,1024,262144,1048576,cycle,8,random,os-getrandom,random-old-and-new-paths,insertion,284,1048576,1.00000000000000000,-0.000000000,fixed,1,access-plus-rate-deterministic,3,8
2,4,2,1024,262144,1048576,cycle,8,random,os-getrandom,random-old-and-new-paths,insertion,285,1048576,1.00000000000000000,-0.000000000,fixed,1,access-plus-rate-deterministic,3,8
2,4,2,1024,262144,1048576,cycle,8,random,os-getrandom,random-old-and-new-paths,insertion,286,1048576,1.00000000000000000,-0.000000000,fixed,1,access-plus-rate-deterministic,3,8
2,4,2,1024,262144,1048576,cycle,8,random,os-getrandom,random-old-and-new-paths,insertion,287,1048576,1.00000000000000000,-0.000000000,fixed,1,access-plus-rate-deterministic,3,8
2,4,2,1024,262144,1048576,cycle,8,random,os-getrandom,random-old-and-new-paths,insertion,288,1048576,1.00000000000000000,-0.000000000,fixed,1,access-plus-rate-deterministic,3,8
2,4,2,1024,262144,1048576,cycle,8,random,os-getrandom,random-old-and-new-paths,insertion,289,1048576,1.00000000000000000,-0.000000000,fixed,1,access-plus-rate-deterministic,3,8
2,4,2,1024,262144,1048576,cycle,8,random,os-getrandom,random-old-and-new-paths,insertion,290,1048576,1.00000000000000000,-0.000000000,fixed,1,access-plus-rate-deterministic,3,8
2,4,2,1024,262144,1048576,cycle,8,random,os-getrandom,random-old-and-new-paths,insertion,291,1048576,1.00000000000000000,-0.000000000,fixed,1,access-plus-rate-deterministic,3,8
2,4,2,1024,262144,1048576,cycle,8,random,os-getrandom,random-old-and-new-paths,insertion,292,1048576,1.00000000000000000,-0.000000000,fixed,1,access-plus-rate-deterministic,3,8
2,4,2,1024,262144,1048576,cycle,8,random,os-getrandom,random-old-and-new-paths,insertion,293,1048576,1.00000000000000000,-0.000000000,fixed,1,access-plus-rate-deterministic,3,8
2,4,2,1024,262144,1048576,cycle,8,random,os-getrandom,random-old-and-new-paths,insertion,294,1048576,1.00000000000000000,-0.000000000,fixed,1,access-plus-rate-deterministic,3,8
2,4,2,1024,262144,1048576,cycle,8,random,os-getrandom,random-old-and-new-paths,insertion,295,1048576,1.00000000000000000,-0.000000000,fixed,1,access-plus-rate-deterministic,3,8
2,4,2,1024,262144,1048576,cycle,8,random,os-getrandom,random-old-and-new-paths,insertion,296,1048576,1.00000000000000000,-0.000000000,fixed,1,access-plus-rate-deterministic,3,8
2,4,2,1024,262144,1048576,cycle,8,random,os-getrandom,random-old-and-new-paths,insertion,297,1048576,1.00000000000000000,-0.000000000,fixed,1,access-plus-rate-deterministic,3,8
2,4,2,1024,262144,1048576,cycle,8,random,os-getrandom,random-old-and-new-paths,insertion,298,1048576,1.00000000000000000,-0.000000000,fixed,1,access-plus-rate-deterministic,3,8
2,4,2,1024,262144,1048576,cycle,8,random,os-getrandom,random-old-and-new-paths,insertion,299,1048576,1.00000000000000000,-0.000000000,fixed,1,access-plus-rate-deterministic,3,8
2,4,2,1024,262144,1048576,cycle,8,random,os-getrandom,random-old-and-new-paths,insertion,300,1048576,1.00000000000000000,-0.000000000,fixed,1,access-plus-rate-deterministic,3,8
2,4,2,1024,262144,1048576,cycle,8,random,os-getrandom,random-old-and-new-paths,insertion,301,1048576,1.00000000000000000,-0.000000000,fixed,1,access-plus-rate-deterministic,3,8
2,4,2,1024,262144,1048576,cycle,8,random,os-getrandom,random-old-and-new-paths,insertion,302,1048576,1.00000000000000000,-0.000000000,fixed,1,access-plus-rate-deterministic,3,8
2,4,2,1024,262144,1048576,cycle,8,random,os-getrandom,random-old-and-new-paths,insertion,303,1048576,1.00000000000000000,-0.000000000,fixed,1,access-plus-rate-deterministic,3,8
2,4,2,1024,262144,1048576,cycle,8,random,os-getrandom,random-old-and-new-paths,insertion,304,1048576,1.00000000000000000,-0.000000000,fixed,1,access-plus-rate-deterministic,3,8
2,4,2,1024,262144,1048576,cycle,8,random,os-getrandom,random-old-and-new-paths,insertion,305,1048576,1.00000000000000000,-0.000000000,fixed,1,access-plus-rate-deterministic,3,8
2,4,2,1024,262144,1048576,cycle,8,random,os-getrandom,random-old-and-new-paths,insertion,306,1048576,1.00000000000000000,-0.000000000,fixed,1,access-plus-rate-deterministic,3,8
2,4,2,1024,262144,1048576,cycle,8,random,os-getrandom,random-old-and-new-paths,insertion,307,1048576,1.00000000000000000,-0.000000000,fixed,1,access-plus-rate-deterministic,3,8
2,4,2,1024,262144,1048576,cycle,8,random,os-getrandom,random-old-and-new-paths,insertion,308,1048576,1.00000000000000000,-0.000000000,fixed,1,access-plus-rate-deterministic,3,8
2,4,2,1024,262144,1048576,cycle,8,random,os-getrandom,random-old-and-new-paths,insertion,309,1048576,1.00000000000000000,-0.000000000,fixed,1,access-plus-rate-deterministic,3,8
2,4,2,1024,262144,1048576,cycle,8,random,os-getrandom,random-old-and-new-paths,insertion,310,1048576,1.00000000000000000,-0.000000000,fixed,1,access-plus-rate-deterministic,3,8
2,4,2,1024,262144,1048576,cycle,8,random,os-getrandom,random-old-and-new-paths,insertion,311,1048576,1.00000000000000000,-0.000000000,fixed,1,access-plus-rate-deterministic,3,8
2,4,2,1024,262144,1048576,cycle,8,random,os-getrandom,random-old-and-new-paths,insertion,312,1048576,1.00000000000000000,-0.000000000,fixed,1,access-plus-rate-deterministic,3,8
2,4,2,1024,262144,1048576,cycle,8,random,os-getrandom,random-old-and-new-paths,insertion,313,1048576,1.00000000000000000,-0.000000000,fixed,1,access-plus-rate-deterministic,3,8
2,4,2,1024,262144,1048576,cycle,8,random,os-getrandom,random-old-and-new-paths,insertion,314,1048576,1.00000000000000000,-0.000000000,fixed,1,access-plus-rate-deterministic,3,8
2,4,2,1024,262144,1048576,cycle,8,random,os-getrandom,random-old-and-new-paths,insertion,315,1048576,1.00000000000000000,-0.000000000,fixed,1,access-plus-rate-deterministic,3,8
2,4,2,1024,262144,1048576,cycle,8,random,os-getrandom,random-old-and-new-paths,insertion,316,1048576,1.00000000000000000,-0.000000000,fixed,1,access-plus-rate-deterministic,3,8
2,4,2,1024,262144,1048576,cycle,8,random,os-getrandom,random-old-and-new-paths,insertion,317,1048576,1.00000000000000000,-0.000000000,fixed,1,access-plus-rate-deterministic,3,8
2,4,2,1024,262144,1048576,cycle,8,random,os-getrandom,random-old-and-new-paths,insertion,318,1048576,1.00000000000000000,-0.000000000,fixed,1,access-plus-rate-deterministic,3,8
2,4,2,1024,262144,1048576,cycle,8,random,os-getrandom,random-old-and-new-paths,insertion,319,1048576,1.00000000000000000,-0.000000000,fixed,1,access-plus-rate-deterministic,3,8
2,4,2,1024,262144,1048576,cycle,8,random,os-getrandom,random-old-and-new-paths,insertion,320,1048576,1.00000000000000000,-0.000000000,fixed,1,access-plus-rate-deterministic,3,8
2,4,2,1024,262144,1048576,cycle,8,random,os-getrandom,random-old-and-new-paths,insertion,321,1048576,1.00000000000000000,-0.000000000,fixed,1,access-plus-rate-deterministic,3,8
2,4,2,1024,262144,1048576,cycle,8,random,os-getrandom,random-old-and-new-paths,insertion,322,1048576,1.00000000000000000,-0.000000000,fixed,1,access-plus-rate-deterministic,3,8
2,4,2,1024,262144,1048576,cycle,8,random,os-getrandom,random-old-and-new-paths,insertion,323,1048576,1.00000000000000000,-0.000000000,fixed,1,access-plus-rate-deterministic,3,8
2,4,2,1024,262144,1048576,cycle,8,random,os-getrandom,random-old-and-new-paths,insertion,324,1048576,1.00000000000000000,-0.000000000,fixed,1,access-plus-rate-deterministic,3,8
2,4,2,1024,262144,1048576,cycle,8,random,os-getrandom,random-old-and-new-paths,insertion,325,1048576,1.00000000000000000,-0.000000000,fixed,1,access-plus-rate-deterministic,3,8
2,4,2,1024,262144,1048576,cycle,8,random,os-getrandom,random-old-and-new-paths,insertion,326,1048576,1.00000000000000000,-0.000000000,fixed,1,access-plus-rate-deterministic,3,8
2,4,2,1024,262144,1048576,cycle,8,random,os-getrandom,random-old-and-new-paths,insertion,327,1048576,1.00000000000000000,-0.000000000,fixed,1,access-plus-rate-deterministic,3,8
2,4,2,1024,262144,1048576,cycle,8,random,os-getrandom,random-old-and-new-paths,insertion,328,1048576,1.00000000000000000,-0.000000000,fixed,1,access-plus-rate-deterministic,3,8
2,4,2,1024,262144,1048576,cycle,8,random,os-getrandom,random-old-and-new-paths,insertion,329,1048576,1.00000000000000000,-0.000000000,fixed,1,access-plus-rate-deterministic,3,8
2,4,2,1024,262144,1048576,cycle,8,random,os-getrandom,random-old-and-new-paths,insertion,330,1048576,1.00000000000000000,-0.000000000,fixed,1,access-plus-rate-deterministic,3,8
2,4,2,1024,262144,1048576,cycle,8,random,os-getrandom,random-old-and-new-paths,insertion,331,1048576,1.00000000000000000,-0.000000000,fixed,1,access-plus-rate-deterministic,3,8
2,4,2,1024,262144,1048576,cycle,8,random,os-getrandom,random-old-and-new-paths,insertion,332,1048576,1.00000000000000000,-0.000000000,fixed,1,access-plus-rate-deterministic,3,8
2,4,2,1024,262144,1048576,cycle,8,random,os-getrandom,random-old-and-new-paths,insertion,333,1048576,1.00000000000000000,-0.000000000,fixed,1,access-plus-rate-deterministic,3,8
2,4,2,1024,262144,1048576,cycle,8,random,os-getrandom,random-old-and-new-paths,insertion,334,1048576,1.00000000000000000,-0.000000000,fixed,1,access-plus-rate-deterministic,3,8
2,4,2,1024,262144,1048576,cycle,8,random,os-getrandom,random-old-and-new-paths,insertion,335,1048576,1.00000000000000000,-0.000000000,fixed,1,access-plus-rate-deterministic,3,8
2,4,2,1024,262144,1048576,cycle,8,random,os-getrandom,random-old-and-new-paths,insertion,336,1048576,1.00000000000000000,-0.000000000,fixed,1,access-plus-rate-deterministic,3,8
2,4,2,1024,262144,1048576,cycle,8,random,os-getrandom,random-old-and-new-paths,insertion,337,1048576,1.00000000000000000,-0.000000000,fixed,1,access-plus-rate-deterministic,3,8
2,4,2,1024,262144,1048576,cycle,8,random,os-getrandom,random-old-and-new-paths,insertion,338,1048576,1.00000000000000000,-0.000000000,fixed,1,access-plus-rate-deterministic,3,8
2,4,2,1024,262144,1048576,cycle,8,random,os-getrandom,random-old-and-new-paths,insertion,339,1048576,1.00000000000000000,-0.000000000,fixed,1,access-plus-rate-deterministic,3,8
2,4,2,1024,262144,1048576,cycle,8,random,os-getrandom,random-old-and-new-paths,insertion,340,1048576,1.00000000000000000,-0.000000000,fixed,1,access-plus-rate-deterministic,3,8
2,4,2,1024,262144,1048576,cycle,8,random,os-getrandom,random-old-and-new-paths,insertion,341,1048576,1.00000000000000000,-0.000000000,fixed,1,access-plus-rate-deterministic,3,8
2,4,2,1024,262144,1048576,cycle,8,random,os-getrandom,random-old-and-new-paths,insertion,342,1048576,1.00000000000000000,-0.000000000,fixed,1,access-plus-rate-deterministic,3,8
2,4,2,1024,262144,1048576,cycle,8,random,os-getrandom,random-old-and-new-paths,insertion,343,1048576,1.00000000000000000,-0.000000000,fixed,1,access-plus-rate-deterministic,3,8
2,4,2,1024,262144,1048576,cycle,8,random,os-getrandom,random-old-and-new-paths,insertion,344,1048576,1.00000000000000000,-0.000000000,fixed,1,access-plus-rate-deterministic,3,8
2,4,2,1024,262144,1048576,cycle,8,random,os-getrandom,random-old-and-new-paths,insertion,345,1048576,1.00000000000000000,-0.000000000,fixed,1,access-plus-rate-deterministic,3,8
2,4,2,1024,262144,1048576,cycle,8,random,os-getrandom,random-old-and-new-paths,insertion,346,1048576,1.00000000000000000,-0.000000000,fixed,1,access-plus-rate-deterministic,3,8
2,4,2,1024,262144,1048576,cycle,8,random,os-getrandom,random-old-and-new-paths,insertion,347,1048576,1.00000000000000000,-0.000000000,fixed,1,access-plus-rate-deterministic,3,8
2,4,2,1024,262144,1048576,cycle,8,random,os-getrandom,random-old-and-new-paths,insertion,348,1048576,1.00000000000000000,-0.000000000,fixed,1,access-plus-rate-deterministic,3,8
2,4,2,1024,262144,1048576,cycle,8,random,os-getrandom,random-old-and-new-paths,insertion,349,1048576,1.00000000000000000,-0.000000000,fixed,1,access-plus-rate-deterministic,3,8
2,4,2,1024,262144,1048576,cycle,8,random,os-getrandom,random-old-and-new-paths,insertion,350,1048576,1.00000000000000000,-0.000000000,fixed,1,access-plus-rate-deterministic,3,8
2,4,2,1024,262144,1048576,cycle,8,random,os-getrandom,random-old-and-new-paths,insertion,351,1048576,1.00000000000000000,-0.000000000,fixed,1,access-plus-rate-deterministic,3,8
2,4,2,1024,262144,1048576,cycle,8,random,os-getrandom,random-old-and-new-paths,insertion,352,1048576,1.00000000000000000,-0.000000000,fixed,1,access-plus-rate-deterministic,3,8
2,4,2,1024,262144,1048576,cycle,8,random,os-getrandom,random-old-and-new-paths,insertion,353,1048576,1.00000000000000000,-0.000000000,fixed,1,access-plus-rate-deterministic,3,8
2,4,2,1024,262144,1048576,cycle,8,random,os-getrandom,random-old-and-new-paths,insertion,354,1048576,1.00000000000000000,-0.000000000,fixed,1,access-plus-rate-deterministic,3,8
2,4,2,1024,262144,1048576,cycle,8,random,os-getrandom,random-old-and-new-paths,insertion,355,1048576,1.00000000000000000,-0.000000000,fixed,1,access-plus-rate-deterministic,3,8
2,4,2,1024,262144,1048576,cycle,8,random,os-getrandom,random-old-and-new-paths,insertion,356,1048576,1.00000000000000000,-0.000000000,fixed,1,access-plus-rate-deterministic,3,8
2,4,2,1024,262144,1048576,cycle,8,random,os-getrandom,random-old-and-new-paths,insertion,357,1048576,1.00000000000000000,-0.000000000,fixed,1,access-plus-rate-deterministic,3,8
2,4,2,1024,262144,1048576,cycle,8,random,os-getrandom,random-old-and-new-paths,insertion,358,1048576,1.00000000000000000,-0.000000000,fixed,1,access-plus-rate-deterministic,3,8
2,4,2,1024,262144,1048576,cycle,8,random,os-getrandom,random-old-and-new-paths,insertion,359,1048576,1.00000000000000000,-0.000000000,fixed,1,access-plus-rate-deterministic,3,8
2,4,2,1024,262144,1048576,cycle,8,random,os-getrandom,random-old-and-new-paths,insertion,360,1048576,1.00000000000000000,-0.000000000,fixed,1,access-plus-rate-deterministic,3,8
2,4,2,1024,262144,1048576,cycle,8,random,os-getrandom,random-old-and-new-paths,insertion,361,1048576,1.00000000000000000,-0.000000000,fixed,1,access-plus-rate-deterministic,3,8
2,4,2,1024,262144,1048576,cycle,8,random,os-getrandom,random-old-and-new-paths,insertion,362,1048576,1.00000000000000000,-0.000000000,fixed,1,access-plus-rate-deterministic,3,8
2,4,2,1024,262144,1048576,cycle,8,random,os-getrandom,random-old-and-new-paths,insertion,363,1048576,1.00000000000000000,-0.000000000,fixed,1,access-plus-rate-deterministic,3,8
2,4,2,1024,262144,1048576,cycle,8,random,os-getrandom,random-old-and-new-paths,insertion,364,1048576,1.00000000000000000,-0.000000000,fixed,1,access-plus-rate-deterministic,3,8
2,4,2,1024,262144,1048576,cycle,8,random,os-getrandom,random-old-and-new-paths,insertion,365,1048576,1.00000000000000000,-0.000000000,fixed,1,access-plus-rate-deterministic,3,8
2,4,2,1024,262144,1048576,cycle,8,random,os-getrandom,random-old-and-new-paths,insertion,366,1048576,1.00000000000000000,-0.000000000,fixed,1,access-plus-rate-deterministic,3,8
2,4,2,1024,262144,1048576,cycle,8,random,os-getrandom,random-old-and-new-paths,insertion,367,1048576,1.00000000000000000,-0.000000000,fixed,1,access-plus-rate-deterministic,3,8
2,4,2,1024,262144,1048576,cycle,8,random,os-getrandom,random-old-and-new-paths,insertion,368,1048576,1.00000000000000000,-0.000000000,fixed,1,access-plus-rate-deterministic,3,8
2,4,2,1024,262144,1048576,cycle,8,random,os-getrandom,random-old-and-new-paths,insertion,369,1048576,1.00000000000000000,-0.000000000,fixed,1,access-plus-rate-deterministic,3,8
2,4,2,1024,262144,1048576,cycle,8,random,os-getrandom,random-old-and-new-paths,insertion,370,1048576,1.00000000000000000,-0.000000000,fixed,1,access-plus-rate-deterministic,3,8
2,4,2,1024,262144,1048576,cycle,8,random,os-getrandom,random-old-and-new-paths,insertion,371,1048576,1.00000000000000000,-0.000000000,fixed,1,access-plus-rate-deterministic,3,8
2,4,2,1024,262144,1048576,cycle,8,random,os-getrandom,random-old-and-new-paths,insertion,372,1048576,1.00000000000000000,-0.000000000,fixed,1,access-plus-rate-deterministic,3,8
2,4,2,1024,262144,1048576,cycle,8,random,os-getrandom,random-old-and-new-paths,insertion,373,1048576,1.00000000000000000,-0.000000000,fixed,1,access-plus-rate-deterministic,3,8
2,4,2,1024,262144,1048576,cycle,8,random,os-getrandom,random-old-and-new-paths,insertion,374,1048576,1.00000000000000000,-0.000000000,fixed,1,access-plus-rate-deterministic,3,8
2,4,2,1024,262144,1048576,cycle,8,random,os-getrandom,random-old-and-new-paths,insertion,375,1048576,1.00000000000000000,-0.000000000,fixed,1,access-plus-rate-deterministic,3,8
2,4,2,1024,262144,1048576,cycle,8,random,os-getrandom,random-old-and-new-paths,insertion,376,1048576,1.00000000000000000,-0.000000000,fixed,1,access-plus-rate-deterministic,3,8
2,4,2,1024,262144,1048576,cycle,8,random,os-getrandom,random-old-and-new-paths,insertion,377,1048576,1.00000000000000000,-0.000000000,fixed,1,access-plus-rate-deterministic,3,8
2,4,2,1024,262144,1048576,cycle,8,random,os-getrandom,random-old-and-new-paths,insertion,378,1048576,1.00000000000000000,-0.000000000,fixed,1,access-plus-rate-deterministic,3,8
2,4,2,1024,262144,1048576,cycle,8,random,os-getrandom,random-old-and-new-paths,insertion,379,1048576,1.00000000000000000,-0.000000000,fixed,1,access-plus-rate-deterministic,3,8
2,4,2,1024,262144,1048576,cycle,8,random,os-getrandom,random-old-and-new-paths,insertion,380,1048576,1.00000000000000000,-0.000000000,fixed,1,access-plus-rate-deterministic,3,8
2,4,2,1024,262144,1048576,cycle,8,random,os-getrandom,random-old-and-new-paths,insertion,381,1048576,1.00000000000000000,-0.000000000,fixed,1,access-plus-rate-deterministic,3,8
2,4,2,1024,262144,1048576,cycle,8,random,os-getrandom,random-old-and-new-paths,insertion,382,1048576,1.00000000000000000,-0.000000000,fixed,1,access-plus-rate-deterministic,3,8
2,4,2,1024,262144,1048576,cycle,8,random,os-getrandom,random-old-and-new-paths,insertion,383,1048576,1.00000000000000000,-0.000000000,fixed,1,access-plus-rate-deterministic,3,8
2,4,2,1024,262144,1048576,cycle,8,random,os-getrandom,random-old-and-new-paths,insertion,384,1048576,1.00000000000000000,-0.000000000,fixed,1,access-plus-rate-deterministic,3,8
2,4,2,1024,262144,1048576,cycle,8,random,os-getrandom,random-old-and-new-paths,insertion,385,1048576,1.00000000000000000,-0.000000000,fixed,1,access-plus-rate-deterministic,3,8
2,4,2,1024,262144,1048576,cycle,8,random,os-getrandom,random-old-and-new-paths,insertion,386,1048576,1.00000000000000000,-0.000000000,fixed,1,access-plus-rate-deterministic,3,8
2,4,2,1024,262144,1048576,cycle,8,random,os-getrandom,random-old-and-new-paths,insertion,387,1048576,1.00000000000000000,-0.000000000,fixed,1,access-plus-rate-deterministic,3,8
2,4,2,1024,262144,1048576,cycle,8,random,os-getrandom,random-old-and-new-paths,insertion,388,1048576,1.00000000000000000,-0.000000000,fixed,1,access-plus-rate-deterministic,3,8
2,4,2,1024,262144,1048576,cycle,8,random,os-getrandom,random-old-and-new-paths,insertion,389,1048576,1.00000000000000000,-0.000000000,fixed,1,access-plus-rate-deterministic,3,8
2,4,2,1024,262144,1048576,cycle,8,random,os-getrandom,random-old-and-new-paths,insertion,390,1048576,1.00000000000000000,-0.000000000,fixed,1,access-plus-rate-deterministic,3,8
2,4,2,1024,262144,1048576,cycle,8,random,os-getrandom,random-old-and-new-paths,insertion,391,1048576,1.00000000000000000,-0.000000000,fixed,1,access-plus-rate-deterministic,3,8
2,4,2,1024,262144,1048576,cycle,8,random,os-getrandom,random-old-and-new-paths,insertion,392,1048576,1.00000000000000000,-0.000000000,fixed,1,access-plus-rate-deterministic,3,8
2,4,2,1024,262144,1048576,cycle,8,random,os-getrandom,random-old-and-new-paths,insertion,393,1048576,1.00000000000000000,-0.000000000,fixed,1,access-plus-rate-deterministic,3,8
2,4,2,1024,262144,1048576,cycle,8,random,os-getrandom,random-old-and-new-paths,insertion,394,1048576,1.00000000000000000,-0.000000000,fixed,1,access-plus-rate-deterministic,3,8
2,4,2,1024,262144,1048576,cycle,8,random,os-getrandom,random-old-and-new-paths,insertion,395,1048576,1.00000000000000000,-0.000000000,fixed,1,access-plus-rate-deterministic,3,8
2,4,2,1024,262144,1048576,cycle,8,random,os-getrandom,random-old-and-new-paths,insertion,396,1048576,1.00000000000000000,-0.000000000,fixed,1,access-plus-rate-deterministic,3,8
2,4,2,1024,262144,1048576,cycle,8,random,os-getrandom,random-old-and-new-paths,insertion,397,1048576,1.00000000000000000,-0.000000000,fixed,1,access-plus-rate-deterministic,3,8
2,4,2,1024,262144,1048576,cycle,8,random,os-getrandom,random-old-and-new-paths,insertion,398,1048576,1.00000000000000000,-0.000000000,fixed,1,access-plus-rate-deterministic,3,8
2,4,2,1024,262144,1048576,cycle,8,random,os-getrandom,random-old-and-new-paths,insertion,399,1048576,1.00000000000000000,-0.000000000,fixed,1,access-plus-rate-deterministic,3,8
2,4,2,1024,262144,1048576,cycle,8,random,os-getrandom,random-old-and-new-paths,insertion,400,1048576,1.00000000000000000,-0.000000000,fixed,1,access-plus-rate-deterministic,3,8
2,4,2,1024,262144,1048576,cycle,8,random,os-getrandom,random-old-and-new-paths,insertion,401,1048576,1.00000000000000000,-0.000000000,fixed,1,access-plus-rate-deterministic,3,8
2,4,2,1024,262144,1048576,cycle,8,random,os-getrandom,random-old-and-new-paths,insertion,402,1048576,1.00000000000000000,-0.000000000,fixed,1,access-plus-rate-deterministic,3,8
2,4,2,1024,262144,1048576,cycle,8,random,os-getrandom,random-old-and-new-paths,insertion,403,1048576,1.00000000000000000,-0.000000000,fixed,1,access-plus-rate-deterministic,3,8
2,4,2,1024,262144,1048576,cycle,8,random,os-getrandom,random-old-and-new-paths,insertion,404,1048576,1.00000000000000000,-0.000000000,fixed,1,access-plus-rate-deterministic,3,8
2,4,2,1024,262144,1048576,cycle,8,random,os-getrandom,random-old-and-new-paths,insertion,405,1048576,1.00000000000000000,-0.000000000,fixed,1,access-plus-rate-deterministic,3,8
2,4,2,1024,262144,1048576,cycle,8,random,os-getrandom,random-old-and-new-paths,insertion,406,1048576,1.00000000000000000,-0.000000000,fixed,1,access-plus-rate-deterministic,3,8
2,4,2,1024,262144,1048576,cycle,8,random,os-getrandom,random-old-and-new-paths,insertion,407,1048576,1.00000000000000000,-0.000000000,fixed,1,access-plus-rate-deterministic,3,8
2,4,2,1024,262144,1048576,cycle,8,random,os-getrandom,random-old-and-new-paths,insertion,408,1048576,1.00000000000000000,-0.000000000,fixed,1,access-plus-rate-deterministic,3,8
2,4,2,1024,262144,1048576,cycle,8,random,os-getrandom,random-old-and-new-paths,insertion,409,1048576,1.00000000000000000,-0.000000000,fixed,1,access-plus-rate-deterministic,3,8
2,4,2,1024,262144,1048576,cycle,8,random,os-getrandom,random-old-and-new-paths,insertion,410,1048576,1.00000000000000000,-0.000000000,fixed,1,access-plus-rate-deterministic,3,8
2,4,2,1024,262144,1048576,cycle,8,random,os-getrandom,random-old-and-new-paths,insertion,411,1048576,1.00000000000000000,-0.000000000,fixed,1,access-plus-rate-deterministic,3,8
2,4,2,1024,262144,1048576,cycle,8,random,os-getrandom,random-old-and-new-paths,insertion,412,1048576,1.00000000000000000,-0.000000000,fixed,1,access-plus-rate-deterministic,3,8
2,4,2,1024,262144,1048576,cycle,8,random,os-getrandom,random-old-and-new-paths,insertion,413,1048576,1.00000000000000000,-0.000000000,fixed,1,access-plus-rate-deterministic,3,8
2,4,2,1024,262144,1048576,cycle,8,random,os-getrandom,random-old-and-new-paths,insertion,414,1048576,1.00000000000000000,-0.000000000,fixed,1,access-plus-rate-deterministic,3,8
2,4,2,1024,262144,1048576,cycle,8,random,os-getrandom,random-old-and-new-paths,insertion,415,1048576,1.00000000000000000,-0.000000000,fixed,1,access-plus-rate-deterministic,3,8
2,4,2,1024,262144,1048576,cycle,8,random,os-getrandom,random-old-and-new-paths,insertion,416,1048576,1.00000000000000000,-0.000000000,fixed,1,access-plus-rate-deterministic,3,8
2,4,2,1024,262144,1048576,cycle,8,random,os-getrandom,random-old-and-new-paths,insertion,417,1048576,1.00000000000000000,-0.000000000,fixed,1,access-plus-rate-deterministic,3,8
2,4,2,1024,262144,1048576,cycle,8,random,os-getrandom,random-old-and-new-paths,insertion,418,1048576,1.00000000000000000,-0.000000000,fixed,1,access-plus-rate-deterministic,3,8
2,4,2,1024,262144,1048576,cycle,8,random,os-getrandom,random-old-and-new-paths,insertion,419,1048576,1.00000000000000000,-0.000000000,fixed,1,access-plus-rate-deterministic,3,8
2,4,2,1024,262144,1048576,cycle,8,random,os-getrandom,random-old-and-new-paths,insertion,420,1048576,1.00000000000000000,-0.000000000,fixed,1,access-plus-rate-deterministic,3,8
2,4,2,1024,262144,1048576,cycle,8,random,os-getrandom,random-old-and-new-paths,insertion,421,1048576,1.00000000000000000,-0.000000000,fixed,1,access-plus-rate-deterministic,3,8
2,4,2,1024,262144,1048576,cycle,8,random,os-getrandom,random-old-and-new-paths,insertion,422,1048576,1.00000000000000000,-0.000000000,fixed,1,access-plus-rate-deterministic,3,8
2,4,2,1024,262144,1048576,cycle,8,random,os-getrandom,random-old-and-new-paths,insertion,423,1048576,1.00000000000000000,-0.000000000,fixed,1,access-plus-rate-deterministic,3,8
2,4,2,1024,262144,1048576,cycle,8,random,os-getrandom,random-old-and-new-paths,insertion,424,1048576,1.00000000000000000,-0.000000000,fixed,1,access-plus-rate-deterministic,3,8
2,4,2,1024,262144,1048576,cycle,8,random,os-getrandom,random-old-and-new-paths,insertion,425,1048576,1.00000000000000000,-0.000000000,fixed,1,access-plus-rate-deterministic,3,8
2,4,2,1024,262144,1048576,cycle,8,random,os-getrandom,random-old-and-new-paths,insertion,426,1048576,1.00000000000000000,-0.000000000,fixed,1,access-plus-rate-deterministic,3,8
2,4,2,1024,262144,1048576,cycle,8,random,os-getrandom,random-old-and-new-paths,insertion,427,1048576,1.00000000000000000,-0.000000000,fixed,1,access-plus-rate-deterministic,3,8
2,4,2,1024,262144,1048576,cycle,8,random,os-getrandom,random-old-and-new-paths,insertion,428,1048576,1.00000000000000000,-0.000000000,fixed,1,access-plus-rate-deterministic,3,8
2,4,2,1024,262144,1048576,cycle,8,random,os-getrandom,random-old-and-new-paths,insertion,429,1048576,1.00000000000000000,-0.000000000,fixed,1,access-plus-rate-deterministic,3,8
2,4,2,1024,262144,1048576,cycle,8,random,os-getrandom,random-old-and-new-paths,insertion,430,1048576,1.00000000000000000,-0.000000000,fixed,1,access-plus-rate-deterministic,3,8
2,4,2,1024,262144,1048576,cycle,8,random,os-getrandom,random-old-and-new-paths,insertion,431,1048576,1.00000000000000000,-0.000000000,fixed,1,access-plus-rate-deterministic,3,8
2,4,2,1024,262144,1048576,cycle,8,random,os-getrandom,random-old-and-new-paths,insertion,432,1048576,1.00000000000000000,-0.000000000,fixed,1,access-plus-rate-deterministic,3,8
2,4,2,1024,262144,1048576,cycle,8,random,os-getrandom,random-old-and-new-paths,insertion,433,1048576,1.00000000000000000,-0.000000000,fixed,1,access-plus-rate-deterministic,3,8
2,4,2,1024,262144,1048576,cycle,8,random,os-getrandom,random-old-and-new-paths,insertion,434,1048576,1.00000000000000000,-0.000000000,fixed,1,access-plus-rate-deterministic,3,8
2,4,2,1024,262144,1048576,cycle,8,random,os-getrandom,random-old-and-new-paths,insertion,435,1048576,1.00000000000000000,-0.000000000,fixed,1,access-plus-rate-deterministic,3,8
2,4,2,1024,262144,1048576,cycle,8,random,os-getrandom,random-old-and-new-paths,insertion,436,1048576,1.00000000000000000,-0.000000000,fixed,1,access-plus-rate-deterministic,3,8
2,4,2,1024,262144,1048576,cycle,8,random,os-getrandom,random-old-and-new-paths,insertion,437,1048576,1.00000000000000000,-0.000000000,fixed,1,access-plus-rate-deterministic,3,8
2,4,2,1024,262144,1048576,cycle,8,random,os-getrandom,random-old-and-new-paths,insertion,438,1048576,1.00000000000000000,-0.000000000,fixed,1,access-plus-rate-deterministic,3,8
2,4,2,1024,262144,1048576,cycle,8,random,os-getrandom,random-old-and-new-paths,insertion,439,1048576,1.00000000000000000,-0.000000000,fixed,1,access-plus-rate-deterministic,3,8
2,4,2,1024,262144,1048576,cycle,8,random,os-getrandom,random-old-and-new-paths,insertion,440,1048576,1.00000000000000000,-0.000000000,fixed,1,access-plus-rate-deterministic,3,8
2,4,2,1024,262144,1048576,cycle,8,random,os-getrandom,random-old-and-new-paths,insertion,441,1048576,1.00000000000000000,-0.000000000,fixed,1,access-plus-rate-deterministic,3,8
2,4,2,1024,262144,1048576,cycle,8,random,os-getrandom,random-old-and-new-paths,insertion,442,1048576,1.00000000000000000,-0.000000000,fixed,1,access-plus-rate-deterministic,3,8
2,4,2,1024,262144,1048576,cycle,8,random,os-getrandom,random-old-and-new-paths,insertion,443,1048576,1.00000000000000000,-0.000000000,fixed,1,access-plus-rate-deterministic,3,8
2,4,2,1024,262144,1048576,cycle,8,random,os-getrandom,random-old-and-new-paths,insertion,444,1048576,1.00000000000000000,-0.000000000,fixed,1,access-plus-rate-deterministic,3,8
2,4,2,1024,262144,1048576,cycle,8,random,os-getrandom,random-old-and-new-paths,insertion,445,1048576,1.00000000000000000,-0.000000000,fixed,1,access-plus-rate-deterministic,3,8
2,4,2,1024,262144,1048576,cycle,8,random,os-getrandom,random-old-and-new-paths,insertion,446,1048576,1.00000000000000000,-0.000000000,fixed,1,access-plus-rate-deterministic,3,8
2,4,2,1024,262144,1048576,cycle,8,random,os-getrandom,random-old-and-new-paths,insertion,447,1048576,1.00000000000000000,-0.000000000,fixed,1,access-plus-rate-deterministic,3,8
2,4,2,1024,262144,1048576,cycle,8,random,os-getrandom,random-old-and-new-paths,insertion,448,1048576,1.00000000000000000,-0.000000000,fixed,1,access-plus-rate-deterministic,3,8
2,4,2,1024,262144,1048576,cycle,8,random,os-getrandom,random-old-and-new-paths,insertion,449,1048576,1.00000000000000000,-0.000000000,fixed,1,access-plus-rate-deterministic,3,8
2,4,2,1024,262144,1048576,cycle,8,random,os-getrandom,random-old-and-new-paths,insertion,450,1048576,1.00000000000000000,-0.000000000,fixed,1,access-plus-rate-deterministic,3,8
2,4,2,1024,262144,1048576,cycle,8,random,os-getrandom,random-old-and-new-paths,insertion,451,1048576,1.00000000000000000,-0.000000000,fixed,1,access-plus-rate-deterministic,3,8
2,4,2,1024,262144,1048576,cycle,8,random,os-getrandom,random-old-and-new-paths,insertion,452,1048576,1.00000000000000000,-0.000000000,fixed,1,access-plus-rate-deterministic,3,8
2,4,2,1024,262144,1048576,cycle,8,random,os-getrandom,random-old-and-new-paths,insertion,453,1048576,1.00000000000000000,-0.000000000,fixed,1,access-plus-rate-deterministic,3,8
2,4,2,1024,262144,1048576,cycle,8,random,os-getrandom,random-old-and-new-paths,insertion,454,1048576,1.00000000000000000,-0.000000000,fixed,1,access-plus-rate-deterministic,3,8
2,4,2,1024,262144,1048576,cycle,8,random,os-getrandom,random-old-and-new-paths,insertion,455,1048576,1.00000000000000000,-0.000000000,fixed,1,access-plus-rate-deterministic,3,8
2,4,2,1024,262144,1048576,cycle,8,random,os-getrandom,random-old-and-new-paths,insertion,456,1048576,1.00000000000000000,-0.000000000,fixed,1,access-plus-rate-deterministic,3,8
2,4,2,1024,262144,1048576,cycle,8,random,os-getrandom,random-old-and-new-paths,insertion,457,1048576,1.00000000000000000,-0.000000000,fixed,1,access-plus-rate-deterministic,3,8
2,4,2,1024,262144,1048576,cycle,8,random,os-getrandom,random-old-and-new-paths,insertion,458,1048576,1.00000000000000000,-0.000000000,fixed,1,access-plus-rate-deterministic,3,8
2,4,2,1024,262144,1048576,cycle,8,random,os-getrandom,random-old-and-new-paths,insertion,459,1048576,1.00000000000000000,-0.000000000,fixed,1,access-plus-rate-deterministic,3,8
2,4,2,1024,262144,1048576,cycle,8,random,os-getrandom,random-old-and-new-paths,insertion,460,1048576,1.00000000000000000,-0.000000000,fixed,1,access-plus-rate-deterministic,3,8
2,4,2,1024,262144,1048576,cycle,8,random,os-getrandom,random-old-and-new-paths,insertion,461,1048576,1.00000000000000000,-0.000000000,fixed,1,access-plus-rate-deterministic,3,8
2,4,2,1024,262144,1048576,cycle,8,random,os-getrandom,random-old-and-new-paths,insertion,462,1048576,1.00000000000000000,-0.000000000,fixed,1,access-plus-rate-deterministic,3,8
2,4,2,1024,262144,1048576,cycle,8,random,os-getrandom,random-old-and-new-paths,insertion,463,1048576,1.00000000000000000,-0.000000000,fixed,1,access-plus-rate-deterministic,3,8
2,4,2,1024,262144,1048576,cycle,8,random,os-getrandom,random-old-and-new-paths,insertion,464,1048576,1.00000000000000000,-0.000000000,fixed,1,access-plus-rate-deterministic,3,8
2,4,2,1024,262144,1048576,cycle,8,random,os-getrandom,random-old-and-new-paths,insertion,465,1048576,1.00000000000000000,-0.000000000,fixed,1,access-plus-rate-deterministic,3,8
2,4,2,1024,262144,1048576,cycle,8,random,os-getrandom,random-old-and-new-paths,insertion,466,1048576,1.00000000000000000,-0.000000000,fixed,1,access-plus-rate-deterministic,3,8
2,4,2,1024,262144,1048576,cycle,8,random,os-getrandom,random-old-and-new-paths,insertion,467,1048576,1.00000000000000000,-0.000000000,fixed,1,access-plus-rate-deterministic,3,8
2,4,2,1024,262144,1048576,cycle,8,random,os-getrandom,random-old-and-new-paths,insertion,468,1048576,1.00000000000000000,-0.000000000,fixed,1,access-plus-rate-deterministic,3,8
2,4,2,1024,262144,1048576,cycle,8,random,os-getrandom,random-old-and-new-paths,insertion,469,1048576,1.00000000000000000,-0.000000000,fixed,1,access-plus-rate-deterministic,3,8
2,4,2,1024,262144,1048576,cycle,8,random,os-getrandom,random-old-and-new-paths,insertion,470,1048576,1.00000000000000000,-0.000000000,fixed,1,access-plus-rate-deterministic,3,8
2,4,2,1024,262144,1048576,cycle,8,random,os-getrandom,random-old-and-new-paths,insertion,471,1048576,1.00000000000000000,-0.000000000,fixed,1,access-plus-rate-deterministic,3,8
2,4,2,1024,262144,1048576,cycle,8,random,os-getrandom,random-old-and-new-paths,insertion,472,1048576,1.00000000000000000,-0.000000000,fixed,1,access-plus-rate-deterministic,3,8
2,4,2,1024,262144,1048576,cycle,8,random,os-getrandom,random-old-and-new-paths,insertion,473,1048576,1.00000000000000000,-0.000000000,fixed,1,access-plus-rate-deterministic,3,8
2,4,2,1024,262144,1048576,cycle,8,random,os-getrandom,random-old-and-new-paths,insertion,474,1048576,1.00000000000000000,-0.000000000,fixed,1,access-plus-rate-deterministic,3,8
2,4,2,1024,262144,1048576,cycle,8,random,os-getrandom,random-old-and-new-paths,insertion,475,1048576,1.00000000000000000,-0.000000000,fixed,1,access-plus-rate-deterministic,3,8
2,4,2,1024,262144,1048576,cycle,8,random,os-getrandom,random-old-and-new-paths,insertion,476,1048576,1.00000000000000000,-0.000000000,fixed,1,access-plus-rate-deterministic,3,8
2,4,2,1024,262144,1048576,cycle,8,random,os-getrandom,random-old-and-new-paths,insertion,477,1048576,1.00000000000000000,-0.000000000,fixed,1,access-plus-rate-deterministic,3,8
2,4,2,1024,262144,1048576,cycle,8,random,os-getrandom,random-old-and-new-paths,insertion,478,1048576,1.00000000000000000,-0.000000000,fixed,1,access-plus-rate-deterministic,3,8
2,4,2,1024,262144,1048576,cycle,8,random,os-getrandom,random-old-and-new-paths,insertion,479,1048576,1.00000000000000000,-0.000000000,fixed,1,access-plus-rate-deterministic,3,8
2,4,2,1024,262144,1048576,cycle,8,random,os-getrandom,random-old-and-new-paths,insertion,480,1048576,1.00000000000000000,-0.000000000,fixed,1,access-plus-rate-deterministic,3,8
2,4,2,1024,262144,1048576,cycle,8,random,os-getrandom,random-old-and-new-paths,insertion,481,1048576,1.00000000000000000,-0.000000000,fixed,1,access-plus-rate-deterministic,3,8
2,4,2,1024,262144,1048576,cycle,8,random,os-getrandom,random-old-and-new-paths,insertion,482,1048576,1.00000000000000000,-0.000000000,fixed,1,access-plus-rate-deterministic,3,8
2,4,2,1024,262144,1048576,cycle,8,random,os-getrandom,random-old-and-new-paths,insertion,483,1048576,1.00000000000000000,-0.000000000,fixed,1,access-plus-rate-deterministic,3,8
2,4,2,1024,262144,1048576,cycle,8,random,os-getrandom,random-old-and-new-paths,insertion,484,1048576,1.00000000000000000,-0.000000000,fixed,1,access-plus-rate-deterministic,3,8
2,4,2,1024,262144,1048576,cycle,8,random,os-getrandom,random-old-and-new-paths,insertion,485,1048576,1.00000000000000000,-0.000000000,fixed,1,access-plus-rate-deterministic,3,8
2,4,2,1024,262144,1048576,cycle,8,random,os-getrandom,random-old-and-new-paths,insertion,486,1048576,1.00000000000000000,-0.000000000,fixed,1,access-plus-rate-deterministic,3,8
2,4,2,1024,262144,1048576,cycle,8,random,os-getrandom,random-old-and-new-paths,insertion,487,1048576,1.00000000000000000,-0.000000000,fixed,1,access-plus-rate-deterministic,3,8
2,4,2,1024,262144,1048576,cycle,8,random,os-getrandom,random-old-and-new-paths,insertion,488,1048576,1.00000000000000000,-0.000000000,fixed,1,access-plus-rate-deterministic,3,8
2,4,2,1024,262144,1048576,cycle,8,random,os-getrandom,random-old-and-new-paths,insertion,489,1048576,1.00000000000000000,-0.000000000,fixed,1,access-plus-rate-deterministic,3,8
2,4,2,1024,262144,1048576,cycle,8,random,os-getrandom,random-old-and-new-paths,insertion,490,1048576,1.00000000000000000,-0.000000000,fixed,1,access-plus-rate-deterministic,3,8
2,4,2,1024,262144,1048576,cycle,8,random,os-getrandom,random-old-and-new-paths,insertion,491,1048576,1.00000000000000000,-0.000000000,fixed,1,access-plus-rate-deterministic,3,8
2,4,2,1024,262144,1048576,cycle,8,random,os-getrandom,random-old-and-new-paths,insertion,492,1048576,1.00000000000000000,-0.000000000,fixed,1,access-plus-rate-deterministic,3,8
2,4,2,1024,262144,1048576,cycle,8,random,os-getrandom,random-old-and-new-paths,insertion,493,1048576,1.00000000000000000,-0.000000000,fixed,1,access-plus-rate-deterministic,3,8
2,4,2,1024,262144,1048576,cycle,8,random,os-getrandom,random-old-and-new-paths,insertion,494,1048576,1.00000000000000000,-0.000000000,fixed,1,access-plus-rate-deterministic,3,8
2,4,2,1024,262144,1048576,cycle,8,random,os-getrandom,random-old-and-new-paths,insertion,495,1048576,1.00000000000000000,-0.000000000,fixed,1,access-plus-rate-deterministic,3,8
2,4,2,1024,262144,1048576,cycle,8,random,os-getrandom,random-old-and-new-paths,insertion,496,1048576,1.00000000000000000,-0.000000000,fixed,1,access-plus-rate-deterministic,3,8
2,4,2,1024,262144,1048576,cycle,8,random,os-getrandom,random-old-and-new-paths,insertion,497,1048576,1.00000000000000000,-0.000000000,fixed,1,access-plus-rate-deterministic,3,8
2,4,2,1024,262144,1048576,cycle,8,random,os-getrandom,random-old-and-new-paths,insertion,498,1048576,1.00000000000000000,-0.000000000,fixed,1,access-plus-rate-deterministic,3,8
2,4,2,1024,262144,1048576,cycle,8,random,os-getrandom,random-old-and-new-paths,insertion,499,1048576,1.00000000000000000,-0.000000000,fixed,1,access-plus-rate-deterministic,3,8
2,4,2,1024,262144,1048576,cycle,8,random,os-getrandom,random-old-and-new-paths,insertion,500,1048576,1.00000000000000000,-0.000000000,fixed,1,access-plus-rate-deterministic,3,8
2,4,2,1024,262144,1048576,cycle,8,random,os-getrandom,random-old-and-new-paths,insertion,501,1048576,1.00000000000000000,-0.000000000,fixed,1,access-plus-rate-deterministic,3,8
2,4,2,1024,262144,1048576,cycle,8,random,os-getrandom,random-old-and-new-paths,insertion,502,1048576,1.00000000000000000,-0.000000000,fixed,1,access-plus-rate-deterministic,3,8
2,4,2,1024,262144,1048576,cycle,8,random,os-getrandom,random-old-and-new-paths,insertion,503,1048576,1.00000000000000000,-0.000000000,fixed,1,access-plus-rate-deterministic,3,8
2,4,2,1024,262144,1048576,cycle,8,random,os-getrandom,random-old-and-new-paths,insertion,504,1048576,1.00000000000000000,-0.000000000,fixed,1,access-plus-rate-deterministic,3,8
2,4,2,1024,262144,1048576,cycle,8,random,os-getrandom,random-old-and-new-paths,insertion,505,1048576,1.00000000000000000,-0.000000000,fixed,1,access-plus-rate-deterministic,3,8
2,4,2,1024,262144,1048576,cycle,8,random,os-getrandom,random-old-and-new-paths,insertion,506,1048576,1.00000000000000000,-0.000000000,fixed,1,access-plus-rate-deterministic,3,8
2,4,2,1024,262144,1048576,cycle,8,random,os-getrandom,random-old-and-new-paths,insertion,507,1048576,1.00000000000000000,-0.000000000,fixed,1,access-plus-rate-deterministic,3,8
2,4,2,1024,262144,1048576,cycle,8,random,os-getrandom,random-old-and-new-paths,insertion,508,1048576,1.00000000000000000,-0.000000000,fixed,1,access-plus-rate-deterministic,3,8
2,4,2,1024,262144,1048576,cycle,8,random,os-getrandom,random-old-and-new-paths,insertion,509,1048576,1.00000000000000000,-0.000000000,fixed,1,access-plus-rate-deterministic,3,8
2,4,2,1024,262144,1048576,cycle,8,random,os-getrandom,random-old-and-new-paths,insertion,510,1048576,1.00000000000000000,-0.000000000,fixed,1,access-plus-rate-deterministic,3,8
2,4,2,1024,262144,1048576,cycle,8,random,os-getrandom,random-old-and-new-paths,insertion,511,1048576,1.00000000000000000,-0.000000000,fixed,1,access-plus-rate-deterministic,3,8
2,4,2,1024,262144,1048576,cycle,8,random,os-getrandom,random-old-and-new-paths,insertion,512,1048576,1.00000000000000000,-0.000000000,fixed,1,access-plus-rate-deterministic,3,8
2,4,2,1024,262144,1048576,cycle,8,random,os-getrandom,random-old-and-new-paths,insertion,513,1048576,1.00000000000000000,-0.000000000,fixed,1,access-plus-rate-deterministic,3,8
2,4,2,1024,262144,1048576,cycle,8,random,os-getrandom,random-old-and-new-paths,insertion,514,1048576,1.00000000000000000,-0.000000000,fixed,1,access-plus-rate-deterministic,3,8
2,4,2,1024,262144,1048576,cycle,8,random,os-getrandom,random-old-and-new-paths,insertion,515,1048576,1.00000000000000000,-0.000000000,fixed,1,access-plus-rate-deterministic,3,8
2,4,2,1024,262144,1048576,cycle,8,random,os-getrandom,random-old-and-new-paths,insertion,516,1048576,1.00000000000000000,-0.000000000,fixed,1,access-plus-rate-deterministic,3,8
2,4,2,1024,262144,1048576,cycle,8,random,os-getrandom,random-old-and-new-paths,insertion,517,1048576,1.00000000000000000,-0.000000000,fixed,1,access-plus-rate-deterministic,3,8
2,4,2,1024,262144,1048576,cycle,8,random,os-getrandom,random-old-and-new-paths,insertion,518,1048576,1.00000000000000000,-0.000000000,fixed,1,access-plus-rate-deterministic,3,8
2,4,2,1024,262144,1048576,cycle,8,random,os-getrandom,random-old-and-new-paths,insertion,519,1048576,1.00000000000000000,-0.000000000,fixed,1,access-plus-rate-deterministic,3,8
2,4,2,1024,262144,1048576,cycle,8,random,os-getrandom,random-old-and-new-paths,insertion,520,1048576,1.00000000000000000,-0.000000000,fixed,1,access-plus-rate-deterministic,3,8
2,4,2,1024,262144,1048576,cycle,8,random,os-getrandom,random-old-and-new-paths,insertion,521,1048576,1.00000000000000000,-0.000000000,fixed,1,access-plus-rate-deterministic,3,8
2,4,2,1024,262144,1048576,cycle,8,random,os-getrandom,random-old-and-new-paths,insertion,522,1048576,1.00000000000000000,-0.000000000,fixed,1,access-plus-rate-deterministic,3,8
2,4,2,1024,262144,1048576,cycle,8,random,os-getrandom,random-old-and-new-paths,insertion,523,1048576,1.00000000000000000,-0.000000000,fixed,1,access-plus-rate-deterministic,3,8
2,4,2,1024,262144,1048576,cycle,8,random,os-getrandom,random-old-and-new-paths,insertion,524,1048576,1.00000000000000000,-0.000000000,fixed,1,access-plus-rate-deterministic,3,8
2,4,2,1024,262144,1048576,cycle,8,random,os-getrandom,random-old-and-new-paths,insertion,525,1048576,1.00000000000000000,-0.000000000,fixed,1,access-plus-rate-deterministic,3,8
2,4,2,1024,262144,1048576,cycle,8,random,os-getrandom,random-old-and-new-paths,insertion,526,1048576,1.00000000000000000,-0.000000000,fixed,1,access-plus-rate-deterministic,3,8
2,4,2,1024,262144,1048576,cycle,8,random,os-getrandom,random-old-and-new-paths,insertion,527,1048576,1.00000000000000000,-0.000000000,fixed,1,access-plus-rate-deterministic,3,8
2,4,2,1024,262144,1048576,cycle,8,random,os-getrandom,random-old-and-new-paths,insertion,528,1048576,1.00000000000000000,-0.000000000,fixed,1,access-plus-rate-deterministic,3,8
2,4,2,1024,262144,1048576,cycle,8,random,os-getrandom,random-old-and-new-paths,insertion,529,1048576,1.00000000000000000,-0.000000000,fixed,1,access-plus-rate-deterministic,3,8
2,4,2,1024,262144,1048576,cycle,8,random,os-getrandom,random-old-and-new-paths,insertion,530,1048576,1.00000000000000000,-0.000000000,fixed,1,access-plus-rate-deterministic,3,8
2,4,2,1024,262144,1048576,cycle,8,random,os-getrandom,random-old-and-new-paths,insertion,531,1048576,1.00000000000000000,-0.000000000,fixed,1,access-plus-rate-deterministic,3,8
2,4,2,1024,262144,1048576,cycle,8,random,os-getrandom,random-old-and-new-paths,insertion,532,1048576,1.00000000000000000,-0.000000000,fixed,1,access-plus-rate-deterministic,3,8
2,4,2,1024,262144,1048576,cycle,8,random,os-getrandom,random-old-and-new-paths,insertion,533,1048576,1.00000000000000000,-0.000000000,fixed,1,access-plus-rate-deterministic,3,8
2,4,2,1024,262144,1048576,cycle,8,random,os-getrandom,random-old-and-new-paths,insertion,534,1048576,1.00000000000000000,-0.000000000,fixed,1,access-plus-rate-deterministic,3,8
2,4,2,1024,262144,1048576,cycle,8,random,os-getrandom,random-old-and-new-paths,insertion,535,1048576,1.00000000000000000,-0.000000000,fixed,1,access-plus-rate-deterministic,3,8
2,4,2,1024,262144,1048576,cycle,8,random,os-getrandom,random-old-and-new-paths,insertion,536,1048576,1.00000000000000000,-0.000000000,fixed,1,access-plus-rate-deterministic,3,8
2,4,2,1024,262144,1048576,cycle,8,random,os-getrandom,random-old-and-new-paths,insertion,537,1048576,1.00000000000000000,-0.000000000,fixed,1,access-plus-rate-deterministic,3,8
2,4,2,1024,262144,1048576,cycle,8,random,os-getrandom,random-old-and-new-paths,insertion,538,1048576,1.00000000000000000,-0.000000000,fixed,1,access-plus-rate-deterministic,3,8
2,4,2,1024,262144,1048576,cycle,8,random,os-getrandom,random-old-and-new-paths,insertion,539,1048576,1.00000000000000000,-0.000000000,fixed,1,access-plus-rate-deterministic,3,8
2,4,2,1024,262144,1048576,cycle,8,random,os-getrandom,random-old-and-new-paths,insertion,540,1048576,1.00000000000000000,-0.000000000,fixed,1,access-plus-rate-deterministic,3,8
2,4,2,1024,262144,1048576,cycle,8,random,os-getrandom,random-old-and-new-paths,insertion,541,1048576,1.00000000000000000,-0.000000000,fixed,1,access-plus-rate-deterministic,3,8
2,4,2,1024,262144,1048576,cycle,8,random,os-getrandom,random-old-and-new-paths,insertion,542,1048576,1.00000000000000000,-0.000000000,fixed,1,access-plus-rate-deterministic,3,8
2,4,2,1024,262144,1048576,cycle,8,random,os-getrandom,random-old-and-new-paths,insertion,543,1048576,1.00000000000000000,-0.000000000,fixed,1,access-plus-rate-deterministic,3,8
2,4,2,1024,262144,1048576,cycle,8,random,os-getrandom,random-old-and-new-paths,insertion,544,1048576,1.00000000000000000,-0.000000000,fixed,1,access-plus-rate-deterministic,3,8
2,4,2,1024,262144,1048576,cycle,8,random,os-getrandom,random-old-and-new-paths,insertion,545,1048576,1.00000000000000000,-0.000000000,fixed,1,access-plus-rate-deterministic,3,8
2,4,2,1024,262144,1048576,cycle,8,random,os-getrandom,random-old-and-new-paths,insertion,546,1048576,1.00000000000000000,-0.000000000,fixed,1,access-plus-rate-deterministic,3,8
2,4,2,1024,262144,1048576,cycle,8,random,os-getrandom,random-old-and-new-paths,insertion,547,1048576,1.00000000000000000,-0.000000000,fixed,1,access-plus-rate-deterministic,3,8
2,4,2,1024,262144,1048576,cycle,8,random,os-getrandom,random-old-and-new-paths,insertion,548,1048576,1.00000000000000000,-0.000000000,fixed,1,access-plus-rate-deterministic,3,8
2,4,2,1024,262144,1048576,cycle,8,random,os-getrandom,random-old-and-new-paths,insertion,549,1048576,1.00000000000000000,-0.000000000,fixed,1,access-plus-rate-deterministic,3,8
2,4,2,1024,262144,1048576,cycle,8,random,os-getrandom,random-old-and-new-paths,insertion,550,1048576,1.00000000000000000,-0.000000000,fixed,1,access-plus-rate-deterministic,3,8
2,4,2,1024,262144,1048576,cycle,8,random,os-getrandom,random-old-and-new-paths,insertion,551,1048576,1.00000000000000000,-0.000000000,fixed,1,access-plus-rate-deterministic,3,8
2,4,2,1024,262144,1048576,cycle,8,random,os-getrandom,random-old-and-new-paths,insertion,552,1048576,1.00000000000000000,-0.000000000,fixed,1,access-plus-rate-deterministic,3,8
2,4,2,1024,262144,1048576,cycle,8,random,os-getrandom,random-old-and-new-paths,insertion,553,1048576,1.00000000000000000,-0.000000000,fixed,1,access-plus-rate-deterministic,3,8
2,4,2,1024,262144,1048576,cycle,8,random,os-getrandom,random-old-and-new-paths,insertion,554,1048576,1.00000000000000000,-0.000000000,fixed,1,access-plus-rate-deterministic,3,8
2,4,2,1024,262144,1048576,cycle,8,random,os-getrandom,random-old-and-new-paths,insertion,555,1048576,1.00000000000000000,-0.000000000,fixed,1,access-plus-rate-deterministic,3,8
2,4,2,1024,262144,1048576,cycle,8,random,os-getrandom,random-old-and-new-paths,insertion,556,1048576,1.00000000000000000,-0.000000000,fixed,1,access-plus-rate-deterministic,3,8
2,4,2,1024,262144,1048576,cycle,8,random,os-getrandom,random-old-and-new-paths,insertion,557,1048576,1.00000000000000000,-0.000000000,fixed,1,access-plus-rate-deterministic,3,8
2,4,2,1024,262144,1048576,cycle,8,random,os-getrandom,random-old-and-new-paths,insertion,558,1048576,1.00000000000000000,-0.000000000,fixed,1,access-plus-rate-deterministic,3,8
2,4,2,1024,262144,1048576,cycle,8,random,os-getrandom,random-old-and-new-paths,insertion,559,1048576,1.00000000000000000,-0.000000000,fixed,1,access-plus-rate-deterministic,3,8
2,4,2,1024,262144,1048576,cycle,8,random,os-getrandom,random-old-and-new-paths,insertion,560,1048576,1.00000000000000000,-0.000000000,fixed,1,access-plus-rate-deterministic,3,8
2,4,2,1024,262144,1048576,cycle,8,random,os-getrandom,random-old-and-new-paths,insertion,561,1048576,1.00000000000000000,-0.000000000,fixed,1,access-plus-rate-deterministic,3,8
2,4,2,1024,262144,1048576,cycle,8,random,os-getrandom,random-old-and-new-paths,insertion,562,1048576,1.00000000000000000,-0.000000000,fixed,1,access-plus-rate-deterministic,3,8
2,4,2,1024,262144,1048576,cycle,8,random,os-getrandom,random-old-and-new-paths,insertion,563,1048576,1.00000000000000000,-0.000000000,fixed,1,access-plus-rate-deterministic,3,8
2,4,2,1024,262144,1048576,cycle,8,random,os-getrandom,random-old-and-new-paths,insertion,564,1048576,1.00000000000000000,-0.000000000,fixed,1,access-plus-rate-deterministic,3,8
2,4,2,1024,262144,1048576,cycle,8,random,os-getrandom,random-old-and-new-paths,insertion,565,1048576,1.00000000000000000,-0.000000000,fixed,1,access-plus-rate-deterministic,3,8
2,4,2,1024,262144,1048576,cycle,8,random,os-getrandom,random-old-and-new-paths,insertion,566,1048576,1.00000000000000000,-0.000000000,fixed,1,access-plus-rate-deterministic,3,8
2,4,2,1024,262144,1048576,cycle,8,random,os-getrandom,random-old-and-new-paths,insertion,567,1048576,1.00000000000000000,-0.000000000,fixed,1,access-plus-rate-deterministic,3,8
2,4,2,1024,262144,1048576,cycle,8,random,os-getrandom,random-old-and-new-paths,insertion,568,1048576,1.00000000000000000,-0.000000000,fixed,1,access-plus-rate-deterministic,3,8
2,4,2,1024,262144,1048576,cycle,8,random,os-getrandom,random-old-and-new-paths,insertion,569,1048576,1.00000000000000000,-0.000000000,fixed,1,access-plus-rate-deterministic,3,8
2,4,2,1024,262144,1048576,cycle,8,random,os-getrandom,random-old-and-new-paths,insertion,570,1048576,1.00000000000000000,-0.000000000,fixed,1,access-plus-rate-deterministic,3,8
2,4,2,1024,262144,1048576,cycle,8,random,os-getrandom,random-old-and-new-paths,insertion,571,1048576,1.00000000000000000,-0.000000000,fixed,1,access-plus-rate-deterministic,3,8
2,4,2,1024,262144,1048576,cycle,8,random,os-getrandom,random-old-and-new-paths,insertion,572,1048576,1.00000000000000000,-0.000000000,fixed,1,access-plus-rate-deterministic,3,8
2,4,2,1024,262144,1048576,cycle,8,random,os-getrandom,random-old-and-new-paths,insertion,573,1048576,1.00000000000000000,-0.000000000,fixed,1,access-plus-rate-deterministic,3,8
2,4,2,1024,262144,1048576,cycle,8,random,os-getrandom,random-old-and-new-paths,insertion,574,1048576,1.00000000000000000,-0.000000000,fixed,1,access-plus-rate-deterministic,3,8
2,4,2,1024,262144,1048576,cycle,8,random,os-getrandom,random-old-and-new-paths,insertion,575,1048576,1.00000000000000000,-0.000000000,fixed,1,access-plus-rate-deterministic,3,8
2,4,2,1024,262144,1048576,cycle,8,random,os-getrandom,random-old-and-new-paths,insertion,576,1048576,1.00000000000000000,-0.000000000,fixed,1,access-plus-rate-deterministic,3,8
2,4,2,1024,262144,1048576,cycle,8,random,os-getrandom,random-old-and-new-paths,insertion,577,1048576,1.00000000000000000,-0.000000000,fixed,1,access-plus-rate-deterministic,3,8
2,4,2,1024,262144,1048576,cycle,8,random,os-getrandom,random-old-and-new-paths,insertion,578,1048576,1.00000000000000000,-0.000000000,fixed,1,access-plus-rate-deterministic,3,8
2,4,2,1024,262144,1048576,cycle,8,random,os-getrandom,random-old-and-new-paths,insertion,579,1048576,1.00000000000000000,-0.000000000,fixed,1,access-plus-rate-deterministic,3,8
2,4,2,1024,262144,1048576,cycle,8,random,os-getrandom,random-old-and-new-paths,insertion,580,1048576,1.00000000000000000,-0.000000000,fixed,1,access-plus-rate-deterministic,3,8
2,4,2,1024,262144,1048576,cycle,8,random,os-getrandom,random-old-and-new-paths,insertion,581,1048576,1.00000000000000000,-0.000000000,fixed,1,access-plus-rate-deterministic,3,8
2,4,2,1024,262144,1048576,cycle,8,random,os-getrandom,random-old-and-new-paths,insertion,582,1048576,1.00000000000000000,-0.000000000,fixed,1,access-plus-rate-deterministic,3,8
2,4,2,1024,262144,1048576,cycle,8,random,os-getrandom,random-old-and-new-paths,insertion,583,1048576,1.00000000000000000,-0.000000000,fixed,1,access-plus-rate-deterministic,3,8
2,4,2,1024,262144,1048576,cycle,8,random,os-getrandom,random-old-and-new-paths,insertion,584,1048576,1.00000000000000000,-0.000000000,fixed,1,access-plus-rate-deterministic,3,8
2,4,2,1024,262144,1048576,cycle,8,random,os-getrandom,random-old-and-new-paths,insertion,585,1048576,1.00000000000000000,-0.000000000,fixed,1,access-plus-rate-deterministic,3,8
2,4,2,1024,262144,1048576,cycle,8,random,os-getrandom,random-old-and-new-paths,insertion,586,1048576,1.00000000000000000,-0.000000000,fixed,1,access-plus-rate-deterministic,3,8
2,4,2,1024,262144,1048576,cycle,8,random,os-getrandom,random-old-and-new-paths,insertion,587,1048576,1.00000000000000000,-0.000000000,fixed,1,access-plus-rate-deterministic,3,8
2,4,2,1024,262144,1048576,cycle,8,random,os-getrandom,random-old-and-new-paths,insertion,588,1048576,1.00000000000000000,-0.000000000,fixed,1,access-plus-rate-deterministic,3,8
2,4,2,1024,262144,1048576,cycle,8,random,os-getrandom,random-old-and-new-paths,insertion,589,1048576,1.00000000000000000,-0.000000000,fixed,1,access-plus-rate-deterministic,3,8
2,4,2,1024,262144,1048576,cycle,8,random,os-getrandom,random-old-and-new-paths,insertion,590,1048576,1.00000000000000000,-0.000000000,fixed,1,access-plus-rate-deterministic,3,8
2,4,2,1024,262144,1048576,cycle,8,random,os-getrandom,random-old-and-new-paths,insertion,591,1048576,1.00000000000000000,-0.000000000,fixed,1,access-plus-rate-deterministic,3,8
2,4,2,1024,262144,1048576,cycle,8,random,os-getrandom,random-old-and-new-paths,insertion,592,1048576,1.00000000000000000,-0.000000000,fixed,1,access-plus-rate-deterministic,3,8
2,4,2,1024,262144,1048576,cycle,8,random,os-getrandom,random-old-and-new-paths,insertion,593,1048576,1.00000000000000000,-0.000000000,fixed,1,access-plus-rate-deterministic,3,8
2,4,2,1024,262144,1048576,cycle,8,random,os-getrandom,random-old-and-new-paths,insertion,594,1048576,1.00000000000000000,-0.000000000,fixed,1,access-plus-rate-deterministic,3,8
2,4,2,1024,262144,1048576,cycle,8,random,os-getrandom,random-old-and-new-paths,insertion,595,1048576,1.00000000000000000,-0.000000000,fixed,1,access-plus-rate-deterministic,3,8
2,4,2,1024,262144,1048576,cycle,8,random,os-getrandom,random-old-and-new-paths,insertion,596,1048576,1.00000000000000000,-0.000000000,fixed,1,access-plus-rate-deterministic,3,8
2,4,2,1024,262144,1048576,cycle,8,random,os-getrandom,random-old-and-new-paths,insertion,597,1048576,1.00000000000000000,-0.000000000,fixed,1,access-plus-rate-deterministic,3,8
2,4,2,1024,262144,1048576,cycle,8,random,os-getrandom,random-old-and-new-paths,insertion,598,1048576,1.00000000000000000,-0.000000000,fixed,1,access-plus-rate-deterministic,3,8
2,4,2,1024,262144,1048576,cycle,8,random,os-getrandom,random-old-and-new-paths,insertion,599,1048576,1.00000000000000000,-0.000000000,fixed,1,access-plus-rate-deterministic,3,8
2,4,2,1024,262144,1048576,cycle,8,random,os-getrandom,random-old-and-new-paths,insertion,600,1048576,1.00000000000000000,-0.000000000,fixed,1,access-plus-rate-deterministic,3,8
2,4,2,1024,262144,1048576,cycle,8,random,os-getrandom,random-old-and-new-paths,insertion,601,1048576,1.00000000000000000,-0.000000000,fixed,1,access-plus-rate-deterministic,3,8
2,4,2,1024,262144,1048576,cycle,8,random,os-getrandom,random-old-and-new-paths,insertion,602,1048576,1.00000000000000000,-0.000000000,fixed,1,access-plus-rate-deterministic,3,8
2,4,2,1024,262144,1048576,cycle,8,random,os-getrandom,random-old-and-new-paths,insertion,603,1048576,1.00000000000000000,-0.000000000,fixed,1,access-plus-rate-deterministic,3,8
2,4,2,1024,262144,1048576,cycle,8,random,os-getrandom,random-old-and-new-paths,insertion,604,1048576,1.00000000000000000,-0.000000000,fixed,1,access-plus-rate-deterministic,3,8
2,4,2,1024,262144,1048576,cycle,8,random,os-getrandom,random-old-and-new-paths,insertion,605,1048576,1.00000000000000000,-0.000000000,fixed,1,access-plus-rate-deterministic,3,8
2,4,2,1024,262144,1048576,cycle,8,random,os-getrandom,random-old-and-new-paths,insertion,606,1048576,1.00000000000000000,-0.000000000,fixed,1,access-plus-rate-deterministic,3,8
2,4,2,1024,262144,1048576,cycle,8,random,os-getrandom,random-old-and-new-paths,insertion,607,1048576,1.00000000000000000,-0.000000000,fixed,1,access-plus-rate-deterministic,3,8
2,4,2,1024,262144,1048576,cycle,8,random,os-getrandom,random-old-and-new-paths,insertion,608,1048576,1.00000000000000000,-0.000000000,fixed,1,access-plus-rate-deterministic,3,8
2,4,2,1024,262144,1048576,cycle,8,random,os-getrandom,random-old-and-new-paths,insertion,609,1048576,1.00000000000000000,-0.000000000,fixed,1,access-plus-rate-deterministic,3,8
2,4,2,1024,262144,1048576,cycle,8,random,os-getrandom,random-old-and-new-paths,insertion,610,1048576,1.00000000000000000,-0.000000000,fixed,1,access-plus-rate-deterministic,3,8
2,4,2,1024,262144,1048576,cycle,8,random,os-getrandom,random-old-and-new-paths,insertion,611,1048576,1.00000000000000000,-0.000000000,fixed,1,access-plus-rate-deterministic,3,8
2,4,2,1024,262144,1048576,cycle,8,random,os-getrandom,random-old-and-new-paths,insertion,612,1048576,1.00000000000000000,-0.000000000,fixed,1,access-plus-rate-deterministic,3,8
2,4,2,1024,262144,1048576,cycle,8,random,os-getrandom,random-old-and-new-paths,insertion,613,1048576,1.00000000000000000,-0.000000000,fixed,1,access-plus-rate-deterministic,3,8
2,4,2,1024,262144,1048576,cycle,8,random,os-getrandom,random-old-and-new-paths,insertion,614,1048576,1.00000000000000000,-0.000000000,fixed,1,access-plus-rate-deterministic,3,8
2,4,2,1024,262144,1048576,cycle,8,random,os-getrandom,random-old-and-new-paths,insertion,615,1048576,1.00000000000000000,-0.000000000,fixed,1,access-plus-rate-deterministic,3,8
2,4,2,1024,262144,1048576,cycle,8,random,os-getrandom,random-old-and-new-paths,insertion,616,1048576,1.00000000000000000,-0.000000000,fixed,1,access-plus-rate-deterministic,3,8
2,4,2,1024,262144,1048576,cycle,8,random,os-getrandom,random-old-and-new-paths,insertion,617,1048576,1.00000000000000000,-0.000000000,fixed,1,access-plus-rate-deterministic,3,8
2,4,2,1024,262144,1048576,cycle,8,random,os-getrandom,random-old-and-new-paths,insertion,618,1048576,1.00000000000000000,-0.000000000,fixed,1,access-plus-rate-deterministic,3,8
2,4,2,1024,262144,1048576,cycle,8,random,os-getrandom,random-old-and-new-paths,insertion,619,1048576,1.00000000000000000,-0.000000000,fixed,1,access-plus-rate-deterministic,3,8
2,4,2,1024,262144,1048576,cycle,8,random,os-getrandom,random-old-and-new-paths,insertion,620,1048576,1.00000000000000000,-0.000000000,fixed,1,access-plus-rate-deterministic,3,8
2,4,2,1024,262144,1048576,cycle,8,random,os-getrandom,random-old-and-new-paths,insertion,621,1048576,1.00000000000000000,-0.000000000,fixed,1,access-plus-rate-deterministic,3,8
2,4,2,1024,262144,1048576,cycle,8,random,os-getrandom,random-old-and-new-paths,insertion,622,1048576,1.00000000000000000,-0.000000000,fixed,1,access-plus-rate-deterministic,3,8
2,4,2,1024,262144,1048576,cycle,8,random,os-getrandom,random-old-and-new-paths,insertion,623,1048576,1.00000000000000000,-0.000000000,fixed,1,access-plus-rate-deterministic,3,8
2,4,2,1024,262144,1048576,cycle,8,random,os-getrandom,random-old-and-new-paths,insertion,624,1048576,1.00000000000000000,-0.000000000,fixed,1,access-plus-rate-deterministic,3,8
2,4,2,1024,262144,1048576,cycle,8,random,os-getrandom,random-old-and-new-paths,insertion,625,1048576,1.00000000000000000,-0.000000000,fixed,1,access-plus-rate-deterministic,3,8
2,4,2,1024,262144,1048576,cycle,8,random,os-getrandom,random-old-and-new-paths,insertion,626,1048576,1.00000000000000000,-0.000000000,fixed,1,access-plus-rate-deterministic,3,8
2,4,2,1024,262144,1048576,cycle,8,random,os-getrandom,random-old-and-new-paths,insertion,627,1048576,1.00000000000000000,-0.000000000,fixed,1,access-plus-rate-deterministic,3,8
2,4,2,1024,262144,1048576,cycle,8,random,os-getrandom,random-old-and-new-paths,insertion,628,1048576,1.00000000000000000,-0.000000000,fixed,1,access-plus-rate-deterministic,3,8
2,4,2,1024,262144,1048576,cycle,8,random,os-getrandom,random-old-and-new-paths,insertion,629,1048576,1.00000000000000000,-0.000000000,fixed,1,access-plus-rate-deterministic,3,8
2,4,2,1024,262144,1048576,cycle,8,random,os-getrandom,random-old-and-new-paths,insertion,630,1048576,1.00000000000000000,-0.000000000,fixed,1,access-plus-rate-deterministic,3,8
2,4,2,1024,262144,1048576,cycle,8,random,os-getrandom,random-old-and-new-paths,insertion,631,1048576,1.00000000000000000,-0.000000000,fixed,1,access-plus-rate-deterministic,3,8
2,4,2,1024,262144,1048576,cycle,8,random,os-getrandom,random-old-and-new-paths,insertion,632,1048576,1.00000000000000000,-0.000000000,fixed,1,access-plus-rate-deterministic,3,8
2,4,2,1024,262144,1048576,cycle,8,random,os-getrandom,random-old-and-new-paths,insertion,633,1048576,1.00000000000000000,-0.000000000,fixed,1,access-plus-rate-deterministic,3,8
2,4,2,1024,262144,1048576,cycle,8,random,os-getrandom,random-old-and-new-paths,insertion,634,1048576,1.00000000000000000,-0.000000000,fixed,1,access-plus-rate-deterministic,3,8
2,4,2,1024,262144,1048576,cycle,8,random,os-getrandom,random-old-and-new-paths,insertion,635,1048576,1.00000000000000000,-0.000000000,fixed,1,access-plus-rate-deterministic,3,8
2,4,2,1024,262144,1048576,cycle,8,random,os-getrandom,random-old-and-new-paths,insertion,636,1048576,1.00000000000000000,-0.000000000,fixed,1,access-plus-rate-deterministic,3,8
2,4,2,1024,262144,1048576,cycle,8,random,os-getrandom,random-old-and-new-paths,insertion,637,1048576,1.00000000000000000,-0.000000000,fixed,1,access-plus-rate-deterministic,3,8
2,4,2,1024,262144,1048576,cycle,8,random,os-getrandom,random-old-and-new-paths,insertion,638,1048576,1.00000000000000000,-0.000000000,fixed,1,access-plus-rate-deterministic,3,8
2,4,2,1024,262144,1048576,cycle,8,random,os-getrandom,random-old-and-new-paths,insertion,639,1048576,1.00000000000000000,-0.000000000,fixed,1,access-plus-rate-deterministic,3,8
2,4,2,1024,262144,1048576,cycle,8,random,os-getrandom,random-old-and-new-paths,insertion,640,1048576,1.00000000000000000,-0.000000000,fixed,1,access-plus-rate-deterministic,3,8
2,4,2,1024,262144,1048576,cycle,8,random,os-getrandom,random-old-and-new-paths,insertion,641,1048576,1.00000000000000000,-0.000000000,fixed,1,access-plus-rate-deterministic,3,8
2,4,2,1024,262144,1048576,cycle,8,random,os-getrandom,random-old-and-new-paths,insertion,642,1048576,1.00000000000000000,-0.000000000,fixed,1,access-plus-rate-deterministic,3,8
2,4,2,1024,262144,1048576,cycle,8,random,os-getrandom,random-old-and-new-paths,insertion,643,1048576,1.00000000000000000,-0.000000000,fixed,1,access-plus-rate-deterministic,3,8
2,4,2,1024,262144,1048576,cycle,8,random,os-getrandom,random-old-and-new-paths,insertion,644,1048576,1.00000000000000000,-0.000000000,fixed,1,access-plus-rate-deterministic,3,8
2,4,2,1024,262144,1048576,cycle,8,random,os-getrandom,random-old-and-new-paths,insertion,645,1048576,1.00000000000000000,-0.000000000,fixed,1,access-plus-rate-deterministic,3,8
2,4,2,1024,262144,1048576,cycle,8,random,os-getrandom,random-old-and-new-paths,insertion,646,1048576,1.00000000000000000,-0.000000000,fixed,1,access-plus-rate-deterministic,3,8
2,4,2,1024,262144,1048576,cycle,8,random,os-getrandom,random-old-and-new-paths,insertion,647,1048576,1.00000000000000000,-0.000000000,fixed,1,access-plus-rate-deterministic,3,8
2,4,2,1024,262144,1048576,cycle,8,random,os-getrandom,random-old-and-new-paths,insertion,648,1048576,1.00000000000000000,-0.000000000,fixed,1,access-plus-rate-deterministic,3,8
2,4,2,1024,262144,1048576,cycle,8,random,os-getrandom,random-old-and-new-paths,insertion,649,1048576,1.00000000000000000,-0.000000000,fixed,1,access-plus-rate-deterministic,3,8
2,4,2,1024,262144,1048576,cycle,8,random,os-getrandom,random-old-and-new-paths,insertion,650,1048576,1.00000000000000000,-0.000000000,fixed,1,access-plus-rate-deterministic,3,8
2,4,2,1024,262144,1048576,cycle,8,random,os-getrandom,random-old-and-new-paths,insertion,651,1048576,1.00000000000000000,-0.000000000,fixed,1,access-plus-rate-deterministic,3,8
2,4,2,1024,262144,1048576,cycle,8,random,os-getrandom,random-old-and-new-paths,insertion,652,1048576,1.00000000000000000,-0.000000000,fixed,1,access-plus-rate-deterministic,3,8
2,4,2,1024,262144,1048576,cycle,8,random,os-getrandom,random-old-and-new-paths,insertion,653,1048576,1.00000000000000000,-0.000000000,fixed,1,access-plus-rate-deterministic,3,8
2,4,2,1024,262144,1048576,cycle,8,random,os-getrandom,random-old-and-new-paths,insertion,654,1048576,1.00000000000000000,-0.000000000,fixed,1,access-plus-rate-deterministic,3,8
2,4,2,1024,262144,1048576,cycle,8,random,os-getrandom,random-old-and-new-paths,insertion,655,1048576,1.00000000000000000,-0.000000000,fixed,1,access-plus-rate-deterministic,3,8
2,4,2,1024,262144,1048576,cycle,8,random,os-getrandom,random-old-and-new-paths,insertion,656,1048576,1.00000000000000000,-0.000000000,fixed,1,access-plus-rate-deterministic,3,8
2,4,2,1024,262144,1048576,cycle,8,random,os-getrandom,random-old-and-new-paths,insertion,657,1048576,1.00000000000000000,-0.000000000,fixed,1,access-plus-rate-deterministic,3,8
2,4,2,1024,262144,1048576,cycle,8,random,os-getrandom,random-old-and-new-paths,insertion,658,1048576,1.00000000000000000,-0.000000000,fixed,1,access-plus-rate-deterministic,3,8
2,4,2,1024,262144,1048576,cycle,8,random,os-getrandom,random-old-and-new-paths,insertion,659,1048576,1.00000000000000000,-0.000000000,fixed,1,access-plus-rate-deterministic,3,8
2,4,2,1024,262144,1048576,cycle,8,random,os-getrandom,random-old-and-new-paths,insertion,660,1048576,1.00000000000000000,-0.000000000,fixed,1,access-plus-rate-deterministic,3,8
2,4,2,1024,262144,1048576,cycle,8,random,os-getrandom,random-old-and-new-paths,insertion,661,1048576,1.00000000000000000,-0.000000000,fixed,1,access-plus-rate-deterministic,3,8
2,4,2,1024,262144,1048576,cycle,8,random,os-getrandom,random-old-and-new-paths,insertion,662,1048576,1.00000000000000000,-0.000000000,fixed,1,access-plus-rate-deterministic,3,8
2,4,2,1024,262144,1048576,cycle,8,random,os-getrandom,random-old-and-new-paths,insertion,663,1048576,1.00000000000000000,-0.000000000,fixed,1,access-plus-rate-deterministic,3,8
2,4,2,1024,262144,1048576,cycle,8,random,os-getrandom,random-old-and-new-paths,insertion,664,1048576,1.00000000000000000,-0.000000000,fixed,1,access-plus-rate-deterministic,3,8
2,4,2,1024,262144,1048576,cycle,8,random,os-getrandom,random-old-and-new-paths,insertion,665,1048576,1.00000000000000000,-0.000000000,fixed,1,access-plus-rate-deterministic,3,8
2,4,2,1024,262144,1048576,cycle,8,random,os-getrandom,random-old-and-new-paths,insertion,666,1048576,1.00000000000000000,-0.000000000,fixed,1,access-plus-rate-deterministic,3,8
2,4,2,1024,262144,1048576,cycle,8,random,os-getrandom,random-old-and-new-paths,insertion,667,1048576,1.00000000000000000,-0.000000000,fixed,1,access-plus-rate-deterministic,3,8
2,4,2,1024,262144,1048576,cycle,8,random,os-getrandom,random-old-and-new-paths,insertion,668,1048576,1.00000000000000000,-0.000000000,fixed,1,access-plus-rate-deterministic,3,8
2,4,2,1024,262144,1048576,cycle,8,random,os-getrandom,random-old-and-new-paths,insertion,669,1048576,1.00000000000000000,-0.000000000,fixed,1,access-plus-rate-deterministic,3,8
2,4,2,1024,262144,1048576,cycle,8,random,os-getrandom,random-old-and-new-paths,insertion,670,1048576,1.00000000000000000,-0.000000000,fixed,1,access-plus-rate-deterministic,3,8
2,4,2,1024,262144,1048576,cycle,8,random,os-getrandom,random-old-and-new-paths,insertion,671,1048576,1.00000000000000000,-0.000000000,fixed,1,access-plus-rate-deterministic,3,8
2,4,2,1024,262144,1048576,cycle,8,random,os-getrandom,random-old-and-new-paths,insertion,672,1048576,1.00000000000000000,-0.000000000,fixed,1,access-plus-rate-deterministic,3,8
2,4,2,1024,262144,1048576,cycle,8,random,os-getrandom,random-old-and-new-paths,insertion,673,1048576,1.00000000000000000,-0.000000000,fixed,1,access-plus-rate-deterministic,3,8
2,4,2,1024,262144,1048576,cycle,8,random,os-getrandom,random-old-and-new-paths,insertion,674,1048576,1.00000000000000000,-0.000000000,fixed,1,access-plus-rate-deterministic,3,8
2,4,2,1024,262144,1048576,cycle,8,random,os-getrandom,random-old-and-new-paths,insertion,675,1048576,1.00000000000000000,-0.000000000,fixed,1,access-plus-rate-deterministic,3,8
2,4,2,1024,262144,1048576,cycle,8,random,os-getrandom,random-old-and-new-paths,insertion,676,1048576,1.00000000000000000,-0.000000000,fixed,1,access-plus-rate-deterministic,3,8
2,4,2,1024,262144,1048576,cycle,8,random,os-getrandom,random-old-and-new-paths,insertion,677,1048576,1.00000000000000000,-0.000000000,fixed,1,access-plus-rate-deterministic,3,8
2,4,2,1024,262144,1048576,cycle,8,random,os-getrandom,random-old-and-new-paths,insertion,678,1048576,1.00000000000000000,-0.000000000,fixed,1,access-plus-rate-deterministic,3,8
2,4,2,1024,262144,1048576,cycle,8,random,os-getrandom,random-old-and-new-paths,insertion,679,1048576,1.00000000000000000,-0.000000000,fixed,1,access-plus-rate-deterministic,3,8
2,4,2,1024,262144,1048576,cycle,8,random,os-getrandom,random-old-and-new-paths,insertion,680,1048576,1.00000000000000000,-0.000000000,fixed,1,access-plus-rate-deterministic,3,8
2,4,2,1024,262144,1048576,cycle,8,random,os-getrandom,random-old-and-new-paths,insertion,681,1048576,1.00000000000000000,-0.000000000,fixed,1,access-plus-rate-deterministic,3,8
2,4,2,1024,262144,1048576,cycle,8,random,os-getrandom,random-old-and-new-paths,insertion,682,1048576,1.00000000000000000,-0.000000000,fixed,1,access-plus-rate-deterministic,3,8
2,4,2,1024,262144,1048576,cycle,8,random,os-getrandom,random-old-and-new-paths,insertion,683,1048576,1.00000000000000000,-0.000000000,fixed,1,access-plus-rate-deterministic,3,8
2,4,2,1024,262144,1048576,cycle,8,random,os-getrandom,random-old-and-new-paths,insertion,684,1048576,1.00000000000000000,-0.000000000,fixed,1,access-plus-rate-deterministic,3,8
2,4,2,1024,262144,1048576,cycle,8,random,os-getrandom,random-old-and-new-paths,insertion,685,1048576,1.00000000000000000,-0.000000000,fixed,1,access-plus-rate-deterministic,3,8
2,4,2,1024,262144,1048576,cycle,8,random,os-getrandom,random-old-and-new-paths,insertion,686,1048576,1.00000000000000000,-0.000000000,fixed,1,access-plus-rate-deterministic,3,8
2,4,2,1024,262144,1048576,cycle,8,random,os-getrandom,random-old-and-new-paths,insertion,687,1048576,1.00000000000000000,-0.000000000,fixed,1,access-plus-rate-deterministic,3,8
2,4,2,1024,262144,1048576,cycle,8,random,os-getrandom,random-old-and-new-paths,insertion,688,1048576,1.00000000000000000,-0.000000000,fixed,1,access-plus-rate-deterministic,3,8
2,4,2,1024,262144,1048576,cycle,8,random,os-getrandom,random-old-and-new-paths,insertion,689,1048576,1.00000000000000000,-0.000000000,fixed,1,access-plus-rate-deterministic,3,8
2,4,2,1024,262144,1048576,cycle,8,random,os-getrandom,random-old-and-new-paths,insertion,690,1048576,1.00000000000000000,-0.000000000,fixed,1,access-plus-rate-deterministic,3,8
2,4,2,1024,262144,1048576,cycle,8,random,os-getrandom,random-old-and-new-paths,insertion,691,1048576,1.00000000000000000,-0.000000000,fixed,1,access-plus-rate-deterministic,3,8
2,4,2,1024,262144,1048576,cycle,8,random,os-getrandom,random-old-and-new-paths,insertion,692,1048576,1.00000000000000000,-0.000000000,fixed,1,access-plus-rate-deterministic,3,8
2,4,2,1024,262144,1048576,cycle,8,random,os-getrandom,random-old-and-new-paths,insertion,693,1048576,1.00000000000000000,-0.000000000,fixed,1,access-plus-rate-deterministic,3,8
2,4,2,1024,262144,1048576,cycle,8,random,os-getrandom,random-old-and-new-paths,insertion,694,1048576,1.00000000000000000,-0.000000000,fixed,1,access-plus-rate-deterministic,3,8
2,4,2,1024,262144,1048576,cycle,8,random,os-getrandom,random-old-and-new-paths,insertion,695,1048576,1.00000000000000000,-0.000000000,fixed,1,access-plus-rate-deterministic,3,8
2,4,2,1024,262144,1048576,cycle,8,random,os-getrandom,random-old-and-new-paths,insertion,696,1048576,1.00000000000000000,-0.000000000,fixed,1,access-plus-rate-deterministic,3,8
2,4,2,1024,262144,1048576,cycle,8,random,os-getrandom,random-old-and-new-paths,insertion,697,1048576,1.00000000000000000,-0.000000000,fixed,1,access-plus-rate-deterministic,3,8
2,4,2,1024,262144,1048576,cycle,8,random,os-getrandom,random-old-and-new-paths,insertion,698,1048576,1.00000000000000000,-0.000000000,fixed,1,access-plus-rate-deterministic,3,8
2,4,2,1024,262144,1048576,cycle,8,random,os-getrandom,random-old-and-new-paths,insertion,699,1048576,1.00000000000000000,-0.000000000,fixed,1,access-plus-rate-deterministic,3,8
2,4,2,1024,262144,1048576,cycle,8,random,os-getrandom,random-old-and-new-paths,insertion,700,1048576,1.00000000000000000,-0.000000000,fixed,1,access-plus-rate-deterministic,3,8
2,4,2,1024,262144,1048576,cycle,8,random,os-getrandom,random-old-and-new-paths,insertion,701,1048576,1.00000000000000000,-0.000000000,fixed,1,access-plus-rate-deterministic,3,8
2,4,2,1024,262144,1048576,cycle,8,random,os-getrandom,random-old-and-new-paths,insertion,702,1048576,1.00000000000000000,-0.000000000,fixed,1,access-plus-rate-deterministic,3,8
2,4,2,1024,262144,1048576,cycle,8,random,os-getrandom,random-old-and-new-paths,insertion,703,1048576,1.00000000000000000,-0.000000000,fixed,1,access-plus-rate-deterministic,3,8
2,4,2,1024,262144,1048576,cycle,8,random,os-getrandom,random-old-and-new-paths,insertion,704,1048576,1.00000000000000000,-0.000000000,fixed,1,access-plus-rate-deterministic,3,8
2,4,2,1024,262144,1048576,cycle,8,random,os-getrandom,random-old-and-new-paths,insertion,705,1048576,1.00000000000000000,-0.000000000,fixed,1,access-plus-rate-deterministic,3,8
2,4,2,1024,262144,1048576,cycle,8,random,os-getrandom,random-old-and-new-paths,insertion,706,1048576,1.00000000000000000,-0.000000000,fixed,1,access-plus-rate-deterministic,3,8
2,4,2,1024,262144,1048576,cycle,8,random,os-getrandom,random-old-and-new-paths,insertion,707,1048576,1.00000000000000000,-0.000000000,fixed,1,access-plus-rate-deterministic,3,8
2,4,2,1024,262144,1048576,cycle,8,random,os-getrandom,random-old-and-new-paths,insertion,708,1048576,1.00000000000000000,-0.000000000,fixed,1,access-plus-rate-deterministic,3,8
2,4,2,1024,262144,1048576,cycle,8,random,os-getrandom,random-old-and-new-paths,insertion,709,1048576,1.00000000000000000,-0.000000000,fixed,1,access-plus-rate-deterministic,3,8
2,4,2,1024,262144,1048576,cycle,8,random,os-getrandom,random-old-and-new-paths,insertion,710,1048576,1.00000000000000000,-0.000000000,fixed,1,access-plus-rate-deterministic,3,8
2,4,2,1024,262144,1048576,cycle,8,random,os-getrandom,random-old-and-new-paths,insertion,711,1048576,1.00000000000000000,-0.000000000,fixed,1,access-plus-rate-deterministic,3,8
2,4,2,1024,262144,1048576,cycle,8,random,os-getrandom,random-old-and-new-paths,insertion,712,1048576,1.00000000000000000,-0.000000000,fixed,1,access-plus-rate-deterministic,3,8
2,4,2,1024,262144,1048576,cycle,8,random,os-getrandom,random-old-and-new-paths,insertion,713,1048576,1.00000000000000000,-0.000000000,fixed,1,access-plus-rate-deterministic,3,8
2,4,2,1024,262144,1048576,cycle,8,random,os-getrandom,random-old-and-new-paths,insertion,714,1048576,1.00000000000000000,-0.000000000,fixed,1,access-plus-rate-deterministic,3,8
2,4,2,1024,262144,1048576,cycle,8,random,os-getrandom,random-old-and-new-paths,insertion,715,1048576,1.00000000000000000,-0.000000000,fixed,1,access-plus-rate-deterministic,3,8
2,4,2,1024,262144,1048576,cycle,8,random,os-getrandom,random-old-and-new-paths,insertion,716,1048576,1.00000000000000000,-0.000000000,fixed,1,access-plus-rate-deterministic,3,8
2,4,2,1024,262144,1048576,cycle,8,random,os-getrandom,random-old-and-new-paths,insertion,717,1048576,1.00000000000000000,-0.000000000,fixed,1,access-plus-rate-deterministic,3,8
2,4,2,1024,262144,1048576,cycle,8,random,os-getrandom,random-old-and-new-paths,insertion,718,1048576,1.00000000000000000,-0.000000000,fixed,1,access-plus-rate-deterministic,3,8
2,4,2,1024,262144,1048576,cycle,8,random,os-getrandom,random-old-and-new-paths,insertion,719,1048576,1.00000000000000000,-0.000000000,fixed,1,access-plus-rate-deterministic,3,8
2,4,2,1024,262144,1048576,cycle,8,random,os-getrandom,random-old-and-new-paths,insertion,720,1048576,1.00000000000000000,-0.000000000,fixed,1,access-plus-rate-deterministic,3,8
2,4,2,1024,262144,1048576,cycle,8,random,os-getrandom,random-old-and-new-paths,insertion,721,1048576,1.00000000000000000,-0.000000000,fixed,1,access-plus-rate-deterministic,3,8
2,4,2,1024,262144,1048576,cycle,8,random,os-getrandom,random-old-and-new-paths,insertion,722,1048576,1.00000000000000000,-0.000000000,fixed,1,access-plus-rate-deterministic,3,8
2,4,2,1024,262144,1048576,cycle,8,random,os-getrandom,random-old-and-new-paths,insertion,723,1048576,1.00000000000000000,-0.000000000,fixed,1,access-plus-rate-deterministic,3,8
2,4,2,1024,262144,1048576,cycle,8,random,os-getrandom,random-old-and-new-paths,insertion,724,1048576,1.00000000000000000,-0.000000000,fixed,1,access-plus-rate-deterministic,3,8
2,4,2,1024,262144,1048576,cycle,8,random,os-getrandom,random-old-and-new-paths,insertion,725,1048576,1.00000000000000000,-0.000000000,fixed,1,access-plus-rate-deterministic,3,8
2,4,2,1024,262144,1048576,cycle,8,random,os-getrandom,random-old-and-new-paths,insertion,726,1048576,1.00000000000000000,-0.000000000,fixed,1,access-plus-rate-deterministic,3,8
2,4,2,1024,262144,1048576,cycle,8,random,os-getrandom,random-old-and-new-paths,insertion,727,1048576,1.00000000000000000,-0.000000000,fixed,1,access-plus-rate-deterministic,3,8
2,4,2,1024,262144,1048576,cycle,8,random,os-getrandom,random-old-and-new-paths,insertion,728,1048576,1.00000000000000000,-0.000000000,fixed,1,access-plus-rate-deterministic,3,8
2,4,2,1024,262144,1048576,cycle,8,random,os-getrandom,random-old-and-new-paths,insertion,729,1048576,1.00000000000000000,-0.000000000,fixed,1,access-plus-rate-deterministic,3,8
2,4,2,1024,262144,1048576,cycle,8,random,os-getrandom,random-old-and-new-paths,insertion,730,1048576,1.00000000000000000,-0.000000000,fixed,1,access-plus-rate-deterministic,3,8
2,4,2,1024,262144,1048576,cycle,8,random,os-getrandom,random-old-and-new-paths,insertion,731,1048576,1.00000000000000000,-0.000000000,fixed,1,access-plus-rate-deterministic,3,8
2,4,2,1024,262144,1048576,cycle,8,random,os-getrandom,random-old-and-new-paths,insertion,732,1048576,1.00000000000000000,-0.000000000,fixed,1,access-plus-rate-deterministic,3,8
2,4,2,1024,262144,1048576,cycle,8,random,os-getrandom,random-old-and-new-paths,insertion,733,1048576,1.00000000000000000,-0.000000000,fixed,1,access-plus-rate-deterministic,3,8
2,4,2,1024,262144,1048576,cycle,8,random,os-getrandom,random-old-and-new-paths,insertion,734,1048576,1.00000000000000000,-0.000000000,fixed,1,access-plus-rate-deterministic,3,8
2,4,2,1024,262144,1048576,cycle,8,random,os-getrandom,random-old-and-new-paths,insertion,735,1048576,1.00000000000000000,-0.000000000,fixed,1,access-plus-rate-deterministic,3,8
2,4,2,1024,262144,1048576,cycle,8,random,os-getrandom,random-old-and-new-paths,insertion,736,1048576,1.00000000000000000,-0.000000000,fixed,1,access-plus-rate-deterministic,3,8
2,4,2,1024,262144,1048576,cycle,8,random,os-getrandom,random-old-and-new-paths,insertion,737,1048576,1.00000000000000000,-0.000000000,fixed,1,access-plus-rate-deterministic,3,8
2,4,2,1024,262144,1048576,cycle,8,random,os-getrandom,random-old-and-new-paths,insertion,738,1048576,1.00000000000000000,-0.000000000,fixed,1,access-plus-rate-deterministic,3,8
2,4,2,1024,262144,1048576,cycle,8,random,os-getrandom,random-old-and-new-paths,insertion,739,1048576,1.00000000000000000,-0.000000000,fixed,1,access-plus-rate-deterministic,3,8
2,4,2,1024,262144,1048576,cycle,8,random,os-getrandom,random-old-and-new-paths,insertion,740,1048576,1.00000000000000000,-0.000000000,fixed,1,access-plus-rate-deterministic,3,8
2,4,2,1024,262144,1048576,cycle,8,random,os-getrandom,random-old-and-new-paths,insertion,741,1048576,1.00000000000000000,-0.000000000,fixed,1,access-plus-rate-deterministic,3,8
2,4,2,1024,262144,1048576,cycle,8,random,os-getrandom,random-old-and-new-paths,insertion,742,1048576,1.00000000000000000,-0.000000000,fixed,1,access-plus-rate-deterministic,3,8
2,4,2,1024,262144,1048576,cycle,8,random,os-getrandom,random-old-and-new-paths,insertion,743,1048576,1.00000000000000000,-0.000000000,fixed,1,access-plus-rate-deterministic,3,8
2,4,2,1024,262144,1048576,cycle,8,random,os-getrandom,random-old-and-new-paths,insertion,744,1048576,1.00000000000000000,-0.000000000,fixed,1,access-plus-rate-deterministic,3,8
2,4,2,1024,262144,1048576,cycle,8,random,os-getrandom,random-old-and-new-paths,insertion,745,1048576,1.00000000000000000,-0.000000000,fixed,1,access-plus-rate-deterministic,3,8
2,4,2,1024,262144,1048576,cycle,8,random,os-getrandom,random-old-and-new-paths,insertion,746,1048576,1.00000000000000000,-0.000000000,fixed,1,access-plus-rate-deterministic,3,8
2,4,2,1024,262144,1048576,cycle,8,random,os-getrandom,random-old-and-new-paths,insertion,747,1048576,1.00000000000000000,-0.000000000,fixed,1,access-plus-rate-deterministic,3,8
2,4,2,1024,262144,1048576,cycle,8,random,os-getrandom,random-old-and-new-paths,insertion,748,1048576,1.00000000000000000,-0.000000000,fixed,1,access-plus-rate-deterministic,3,8
2,4,2,1024,262144,1048576,cycle,8,random,os-getrandom,random-old-and-new-paths,insertion,749,1048576,1.00000000000000000,-0.000000000,fixed,1,access-plus-rate-deterministic,3,8
2,4,2,1024,262144,1048576,cycle,8,random,os-getrandom,random-old-and-new-paths,insertion,750,1048576,1.00000000000000000,-0.000000000,fixed,1,access-plus-rate-deterministic,3,8
2,4,2,1024,262144,1048576,cycle,8,random,os-getrandom,random-old-and-new-paths,insertion,751,1048576,1.00000000000000000,-0.000000000,fixed,1,access-plus-rate-deterministic,3,8
2,4,2,1024,262144,1048576,cycle,8,random,os-getrandom,random-old-and-new-paths,insertion,752,1048576,1.00000000000000000,-0.000000000,fixed,1,access-plus-rate-deterministic,3,8
2,4,2,1024,262144,1048576,cycle,8,random,os-getrandom,random-old-and-new-paths,insertion,753,1048576,1.00000000000000000,-0.000000000,fixed,1,access-plus-rate-deterministic,3,8
2,4,2,1024,262144,1048576,cycle,8,random,os-getrandom,random-old-and-new-paths,insertion,754,1048576,1.00000000000000000,-0.000000000,fixed,1,access-plus-rate-deterministic,3,8
2,4,2,1024,262144,1048576,cycle,8,random,os-getrandom,random-old-and-new-paths,insertion,755,1048576,1.00000000000000000,-0.000000000,fixed,1,access-plus-rate-deterministic,3,8
2,4,2,1024,262144,1048576,cycle,8,random,os-getrandom,random-old-and-new-paths,insertion,756,1048576,1.00000000000000000,-0.000000000,fixed,1,access-plus-rate-deterministic,3,8
2,4,2,1024,262144,1048576,cycle,8,random,os-getrandom,random-old-and-new-paths,insertion,757,1048576,1.00000000000000000,-0.000000000,fixed,1,access-plus-rate-deterministic,3,8
2,4,2,1024,262144,1048576,cycle,8,random,os-getrandom,random-old-and-new-paths,insertion,758,1048576,1.00000000000000000,-0.000000000,fixed,1,access-plus-rate-deterministic,3,8
2,4,2,1024,262144,1048576,cycle,8,random,os-getrandom,random-old-and-new-paths,insertion,759,1048576,1.00000000000000000,-0.000000000,fixed,1,access-plus-rate-deterministic,3,8
2,4,2,1024,262144,1048576,cycle,8,random,os-getrandom,random-old-and-new-paths,insertion,760,1048576,1.00000000000000000,-0.000000000,fixed,1,access-plus-rate-deterministic,3,8
2,4,2,1024,262144,1048576,cycle,8,random,os-getrandom,random-old-and-new-paths,insertion,761,1048576,1.00000000000000000,-0.000000000,fixed,1,access-plus-rate-deterministic,3,8
2,4,2,1024,262144,1048576,cycle,8,random,os-getrandom,random-old-and-new-paths,insertion,762,1048576,1.00000000000000000,-0.000000000,fixed,1,access-plus-rate-deterministic,3,8
2,4,2,1024,262144,1048576,cycle,8,random,os-getrandom,random-old-and-new-paths,insertion,763,1048576,1.00000000000000000,-0.000000000,fixed,1,access-plus-rate-deterministic,3,8
2,4,2,1024,262144,1048576,cycle,8,random,os-getrandom,random-old-and-new-paths,insertion,764,1048576,1.00000000000000000,-0.000000000,fixed,1,access-plus-rate-deterministic,3,8
2,4,2,1024,262144,1048576,cycle,8,random,os-getrandom,random-old-and-new-paths,insertion,765,1048576,1.00000000000000000,-0.000000000,fixed,1,access-plus-rate-deterministic,3,8
2,4,2,1024,262144,1048576,cycle,8,random,os-getrandom,random-old-and-new-paths,insertion,766,1048576,1.00000000000000000,-0.000000000,fixed,1,access-plus-rate-deterministic,3,8
2,4,2,1024,262144,1048576,cycle,8,random,os-getrandom,random-old-and-new-paths,insertion,767,1048576,1.00000000000000000,-0.000000000,fixed,1,access-plus-rate-deterministic,3,8
2,4,2,1024,262144,1048576,cycle,8,random,os-getrandom,random-old-and-new-paths,insertion,768,1048576,1.00000000000000000,-0.000000000,fixed,1,access-plus-rate-deterministic,3,8
2,4,2,1024,262144,1048576,cycle,8,random,os-getrandom,random-old-and-new-paths,insertion,769,1048576,1.00000000000000000,-0.000000000,fixed,1,access-plus-rate-deterministic,3,8
2,4,2,1024,262144,1048576,cycle,8,random,os-getrandom,random-old-and-new-paths,insertion,770,1048576,1.00000000000000000,-0.000000000,fixed,1,access-plus-rate-deterministic,3,8
2,4,2,1024,262144,1048576,cycle,8,random,os-getrandom,random-old-and-new-paths,insertion,771,1048576,1.00000000000000000,-0.000000000,fixed,1,access-plus-rate-deterministic,3,8
2,4,2,1024,262144,1048576,cycle,8,random,os-getrandom,random-old-and-new-paths,insertion,772,1048576,1.00000000000000000,-0.000000000,fixed,1,access-plus-rate-deterministic,3,8
2,4,2,1024,262144,1048576,cycle,8,random,os-getrandom,random-old-and-new-paths,insertion,773,1048576,1.00000000000000000,-0.000000000,fixed,1,access-plus-rate-deterministic,3,8
2,4,2,1024,262144,1048576,cycle,8,random,os-getrandom,random-old-and-new-paths,insertion,774,1048576,1.00000000000000000,-0.000000000,fixed,1,access-plus-rate-deterministic,3,8
2,4,2,1024,262144,1048576,cycle,8,random,os-getrandom,random-old-and-new-paths,insertion,775,1048576,1.00000000000000000,-0.000000000,fixed,1,access-plus-rate-deterministic,3,8
2,4,2,1024,262144,1048576,cycle,8,random,os-getrandom,random-old-and-new-paths,insertion,776,1048576,1.00000000000000000,-0.000000000,fixed,1,access-plus-rate-deterministic,3,8
2,4,2,1024,262144,1048576,cycle,8,random,os-getrandom,random-old-and-new-paths,insertion,777,1048576,1.00000000000000000,-0.000000000,fixed,1,access-plus-rate-deterministic,3,8
2,4,2,1024,262144,1048576,cycle,8,random,os-getrandom,random-old-and-new-paths,insertion,778,1048576,1.00000000000000000,-0.000000000,fixed,1,access-plus-rate-deterministic,3,8
2,4,2,1024,262144,1048576,cycle,8,random,os-getrandom,random-old-and-new-paths,insertion,779,1048576,1.00000000000000000,-0.000000000,fixed,1,access-plus-rate-deterministic,3,8
2,4,2,1024,262144,1048576,cycle,8,random,os-getrandom,random-old-and-new-paths,insertion,780,1048576,1.00000000000000000,-0.000000000,fixed,1,access-plus-rate-deterministic,3,8
2,4,2,1024,262144,1048576,cycle,8,random,os-getrandom,random-old-and-new-paths,insertion,781,1048576,1.00000000000000000,-0.000000000,fixed,1,access-plus-rate-deterministic,3,8
2,4,2,1024,262144,1048576,cycle,8,random,os-getrandom,random-old-and-new-paths,insertion,782,1048576,1.00000000000000000,-0.000000000,fixed,1,access-plus-rate-deterministic,3,8
2,4,2,1024,262144,1048576,cycle,8,random,os-getrandom,random-old-and-new-paths,insertion,783,1048576,1.00000000000000000,-0.000000000,fixed,1,access-plus-rate-deterministic,3,8
2,4,2,1024,262144,1048576,cycle,8,random,os-getrandom,random-old-and-new-paths,insertion,784,1048576,1.00000000000000000,-0.000000000,fixed,1,access-plus-rate-deterministic,3,8
2,4,2,1024,262144,1048576,cycle,8,random,os-getrandom,random-old-and-new-paths,insertion,785,1048576,1.00000000000000000,-0.000000000,fixed,1,access-plus-rate-deterministic,3,8
2,4,2,1024,262144,1048576,cycle,8,random,os-getrandom,random-old-and-new-paths,insertion,786,1048576,1.00000000000000000,-0.000000000,fixed,1,access-plus-rate-deterministic,3,8
2,4,2,1024,262144,1048576,cycle,8,random,os-getrandom,random-old-and-new-paths,insertion,787,1048576,1.00000000000000000,-0.000000000,fixed,1,access-plus-rate-deterministic,3,8
2,4,2,1024,262144,1048576,cycle,8,random,os-getrandom,random-old-and-new-paths,insertion,788,1048576,1.00000000000000000,-0.000000000,fixed,1,access-plus-rate-deterministic,3,8
2,4,2,1024,262144,1048576,cycle,8,random,os-getrandom,random-old-and-new-paths,insertion,789,1048576,1.00000000000000000,-0.000000000,fixed,1,access-plus-rate-deterministic,3,8
2,4,2,1024,262144,1048576,cycle,8,random,os-getrandom,random-old-and-new-paths,insertion,790,1048576,1.00000000000000000,-0.000000000,fixed,1,access-plus-rate-deterministic,3,8
2,4,2,1024,262144,1048576,cycle,8,random,os-getrandom,random-old-and-new-paths,insertion,791,1048576,1.00000000000000000,-0.000000000,fixed,1,access-plus-rate-deterministic,3,8
2,4,2,1024,262144,1048576,cycle,8,random,os-getrandom,random-old-and-new-paths,insertion,792,1048576,1.00000000000000000,-0.000000000,fixed,1,access-plus-rate-deterministic,3,8
2,4,2,1024,262144,1048576,cycle,8,random,os-getrandom,random-old-and-new-paths,insertion,793,1048576,1.00000000000000000,-0.000000000,fixed,1,access-plus-rate-deterministic,3,8
2,4,2,1024,262144,1048576,cycle,8,random,os-getrandom,random-old-and-new-paths,insertion,794,1048576,1.00000000000000000,-0.000000000,fixed,1,access-plus-rate-deterministic,3,8
2,4,2,1024,262144,1048576,cycle,8,random,os-getrandom,random-old-and-new-paths,insertion,795,1048576,1.00000000000000000,-0.000000000,fixed,1,access-plus-rate-deterministic,3,8
2,4,2,1024,262144,1048576,cycle,8,random,os-getrandom,random-old-and-new-paths,insertion,796,1048576,1.00000000000000000,-0.000000000,fixed,1,access-plus-rate-deterministic,3,8
2,4,2,1024,262144,1048576,cycle,8,random,os-getrandom,random-old-and-new-paths,insertion,797,1048576,1.00000000000000000,-0.000000000,fixed,1,access-plus-rate-deterministic,3,8
2,4,2,1024,262144,1048576,cycle,8,random,os-getrandom,random-old-and-new-paths,insertion,798,1048576,1.00000000000000000,-0.000000000,fixed,1,access-plus-rate-deterministic,3,8
2,4,2,1024,262144,1048576,cycle,8,random,os-getrandom,random-old-and-new-paths,insertion,799,1048576,1.00000000000000000,-0.000000000,fixed,1,access-plus-rate-deterministic,3,8
2,4,2,1024,262144,1048576,cycle,8,random,os-getrandom,random-old-and-new-paths,insertion,800,1048576,1.00000000000000000,-0.000000000,fixed,1,access-plus-rate-deterministic,3,8
2,4,2,1024,262144,1048576,cycle,8,random,os-getrandom,random-old-and-new-paths,insertion,801,1048576,1.00000000000000000,-0.000000000,fixed,1,access-plus-rate-deterministic,3,8
2,4,2,1024,262144,1048576,cycle,8,random,os-getrandom,random-old-and-new-paths,insertion,802,1048576,1.00000000000000000,-0.000000000,fixed,1,access-plus-rate-deterministic,3,8
2,4,2,1024,262144,1048576,cycle,8,random,os-getrandom,random-old-and-new-paths,insertion,803,1048576,1.00000000000000000,-0.000000000,fixed,1,access-plus-rate-deterministic,3,8
2,4,2,1024,262144,1048576,cycle,8,random,os-getrandom,random-old-and-new-paths,insertion,804,1048576,1.00000000000000000,-0.000000000,fixed,1,access-plus-rate-deterministic,3,8
2,4,2,1024,262144,1048576,cycle,8,random,os-getrandom,random-old-and-new-paths,insertion,805,1048576,1.00000000000000000,-0.000000000,fixed,1,access-plus-rate-deterministic,3,8
2,4,2,1024,262144,1048576,cycle,8,random,os-getrandom,random-old-and-new-paths,insertion,806,1048576,1.00000000000000000,-0.000000000,fixed,1,access-plus-rate-deterministic,3,8
2,4,2,1024,262144,1048576,cycle,8,random,os-getrandom,random-old-and-new-paths,insertion,807,1048576,1.00000000000000000,-0.000000000,fixed,1,access-plus-rate-deterministic,3,8
2,4,2,1024,262144,1048576,cycle,8,random,os-getrandom,random-old-and-new-paths,insertion,808,1048576,1.00000000000000000,-0.000000000,fixed,1,access-plus-rate-deterministic,3,8
2,4,2,1024,262144,1048576,cycle,8,random,os-getrandom,random-old-and-new-paths,insertion,809,1048576,1.00000000000000000,-0.000000000,fixed,1,access-plus-rate-deterministic,3,8
2,4,2,1024,262144,1048576,cycle,8,random,os-getrandom,random-old-and-new-paths,insertion,810,1048576,1.00000000000000000,-0.000000000,fixed,1,access-plus-rate-deterministic,3,8
2,4,2,1024,262144,1048576,cycle,8,random,os-getrandom,random-old-and-new-paths,insertion,811,1048576,1.00000000000000000,-0.000000000,fixed,1,access-plus-rate-deterministic,3,8
2,4,2,1024,262144,1048576,cycle,8,random,os-getrandom,random-old-and-new-paths,insertion,812,1048576,1.00000000000000000,-0.000000000,fixed,1,access-plus-rate-deterministic,3,8
2,4,2,1024,262144,1048576,cycle,8,random,os-getrandom,random-old-and-new-paths,insertion,813,1048576,1.00000000000000000,-0.000000000,fixed,1,access-plus-rate-deterministic,3,8
2,4,2,1024,262144,1048576,cycle,8,random,os-getrandom,random-old-and-new-paths,insertion,814,1048576,1.00000000000000000,-0.000000000,fixed,1,access-plus-rate-deterministic,3,8
2,4,2,1024,262144,1048576,cycle,8,random,os-getrandom,random-old-and-new-paths,insertion,815,1048576,1.00000000000000000,-0.000000000,fixed,1,access-plus-rate-deterministic,3,8
2,4,2,1024,262144,1048576,cycle,8,random,os-getrandom,random-old-and-new-paths,insertion,816,1048576,1.00000000000000000,-0.000000000,fixed,1,access-plus-rate-deterministic,3,8
2,4,2,1024,262144,1048576,cycle,8,random,os-getrandom,random-old-and-new-paths,insertion,817,1048576,1.00000000000000000,-0.000000000,fixed,1,access-plus-rate-deterministic,3,8
2,4,2,1024,262144,1048576,cycle,8,random,os-getrandom,random-old-and-new-paths,insertion,818,1048576,1.00000000000000000,-0.000000000,fixed,1,access-plus-rate-deterministic,3,8
2,4,2,1024,262144,1048576,cycle,8,random,os-getrandom,random-old-and-new-paths,insertion,819,1048576,1.00000000000000000,-0.000000000,fixed,1,access-plus-rate-deterministic,3,8
2,4,2,1024,262144,1048576,cycle,8,random,os-getrandom,random-old-and-new-paths,insertion,820,1048576,1.00000000000000000,-0.000000000,fixed,1,access-plus-rate-deterministic,3,8
2,4,2,1024,262144,1048576,cycle,8,random,os-getrandom,random-old-and-new-paths,insertion,821,1048576,1.00000000000000000,-0.000000000,fixed,1,access-plus-rate-deterministic,3,8
2,4,2,1024,262144,1048576,cycle,8,random,os-getrandom,random-old-and-new-paths,insertion,822,1048576,1.00000000000000000,-0.000000000,fixed,1,access-plus-rate-deterministic,3,8
2,4,2,1024,262144,1048576,cycle,8,random,os-getrandom,random-old-and-new-paths,insertion,823,1048576,1.00000000000000000,-0.000000000,fixed,1,access-plus-rate-deterministic,3,8
2,4,2,1024,262144,1048576,cycle,8,random,os-getrandom,random-old-and-new-paths,insertion,824,1048576,1.00000000000000000,-0.000000000,fixed,1,access-plus-rate-deterministic,3,8
2,4,2,1024,262144,1048576,cycle,8,random,os-getrandom,random-old-and-new-paths,insertion,825,1048576,1.00000000000000000,-0.000000000,fixed,1,access-plus-rate-deterministic,3,8
2,4,2,1024,262144,1048576,cycle,8,random,os-getrandom,random-old-and-new-paths,insertion,826,1048576,1.00000000000000000,-0.000000000,fixed,1,access-plus-rate-deterministic,3,8
2,4,2,1024,262144,1048576,cycle,8,random,os-getrandom,random-old-and-new-paths,insertion,827,1048576,1.00000000000000000,-0.000000000,fixed,1,access-plus-rate-deterministic,3,8
2,4,2,1024,262144,1048576,cycle,8,random,os-getrandom,random-old-and-new-paths,insertion,828,1048576,1.00000000000000000,-0.000000000,fixed,1,access-plus-rate-deterministic,3,8
2,4,2,1024,262144,1048576,cycle,8,random,os-getrandom,random-old-and-new-paths,insertion,829,1048576,1.00000000000000000,-0.000000000,fixed,1,access-plus-rate-deterministic,3,8
2,4,2,1024,262144,1048576,cycle,8,random,os-getrandom,random-old-and-new-paths,insertion,830,1048576,1.00000000000000000,-0.000000000,fixed,1,access-plus-rate-deterministic,3,8
2,4,2,1024,262144,1048576,cycle,8,random,os-getrandom,random-old-and-new-paths,insertion,831,1048576,1.00000000000000000,-0.000000000,fixed,1,access-plus-rate-deterministic,3,8
2,4,2,1024,262144,1048576,cycle,8,random,os-getrandom,random-old-and-new-paths,insertion,832,1048576,1.00000000000000000,-0.000000000,fixed,1,access-plus-rate-deterministic,3,8
2,4,2,1024,262144,1048576,cycle,8,random,os-getrandom,random-old-and-new-paths,insertion,833,1048576,1.00000000000000000,-0.000000000,fixed,1,access-plus-rate-deterministic,3,8
2,4,2,1024,262144,1048576,cycle,8,random,os-getrandom,random-old-and-new-paths,insertion,834,1048576,1.00000000000000000,-0.000000000,fixed,1,access-plus-rate-deterministic,3,8
2,4,2,1024,262144,1048576,cycle,8,random,os-getrandom,random-old-and-new-paths,insertion,835,1048576,1.00000000000000000,-0.000000000,fixed,1,access-plus-rate-deterministic,3,8
2,4,2,1024,262144,1048576,cycle,8,random,os-getrandom,random-old-and-new-paths,insertion,836,1048576,1.00000000000000000,-0.000000000,fixed,1,access-plus-rate-deterministic,3,8
2,4,2,1024,262144,1048576,cycle,8,random,os-getrandom,random-old-and-new-paths,insertion,837,1048576,1.00000000000000000,-0.000000000,fixed,1,access-plus-rate-deterministic,3,8
2,4,2,1024,262144,1048576,cycle,8,random,os-getrandom,random-old-and-new-paths,insertion,838,1048576,1.00000000000000000,-0.000000000,fixed,1,access-plus-rate-deterministic,3,8
2,4,2,1024,262144,1048576,cycle,8,random,os-getrandom,random-old-and-new-paths,insertion,839,1048576,1.00000000000000000,-0.000000000,fixed,1,access-plus-rate-deterministic,3,8
2,4,2,1024,262144,1048576,cycle,8,random,os-getrandom,random-old-and-new-paths,insertion,840,1048576,1.00000000000000000,-0.000000000,fixed,1,access-plus-rate-deterministic,3,8
2,4,2,1024,262144,1048576,cycle,8,random,os-getrandom,random-old-and-new-paths,insertion,841,1048576,1.00000000000000000,-0.000000000,fixed,1,access-plus-rate-deterministic,3,8
2,4,2,1024,262144,1048576,cycle,8,random,os-getrandom,random-old-and-new-paths,insertion,842,1048576,1.00000000000000000,-0.000000000,fixed,1,access-plus-rate-deterministic,3,8
2,4,2,1024,262144,1048576,cycle,8,random,os-getrandom,random-old-and-new-paths,insertion,843,1048576,1.00000000000000000,-0.000000000,fixed,1,access-plus-rate-deterministic,3,8
2,4,2,1024,262144,1048576,cycle,8,random,os-getrandom,random-old-and-new-paths,insertion,844,1048576,1.00000000000000000,-0.000000000,fixed,1,access-plus-rate-deterministic,3,8
2,4,2,1024,262144,1048576,cycle,8,random,os-getrandom,random-old-and-new-paths,insertion,845,1048576,1.00000000000000000,-0.000000000,fixed,1,access-plus-rate-deterministic,3,8
2,4,2,1024,262144,1048576,cycle,8,random,os-getrandom,random-old-and-new-paths,insertion,846,1048576,1.00000000000000000,-0.000000000,fixed,1,access-plus-rate-deterministic,3,8
2,4,2,1024,262144,1048576,cycle,8,random,os-getrandom,random-old-and-new-paths,insertion,847,1048576,1.00000000000000000,-0.000000000,fixed,1,access-plus-rate-deterministic,3,8
2,4,2,1024,262144,1048576,cycle,8,random,os-getrandom,random-old-and-new-paths,insertion,848,1048576,1.00000000000000000,-0.000000000,fixed,1,access-plus-rate-deterministic,3,8
2,4,2,1024,262144,1048576,cycle,8,random,os-getrandom,random-old-and-new-paths,insertion,849,1048576,1.00000000000000000,-0.000000000,fixed,1,access-plus-rate-deterministic,3,8
2,4,2,1024,262144,1048576,cycle,8,random,os-getrandom,random-old-and-new-paths,insertion,850,1048576,1.00000000000000000,-0.000000000,fixed,1,access-plus-rate-deterministic,3,8
2,4,2,1024,262144,1048576,cycle,8,random,os-getrandom,random-old-and-new-paths,insertion,851,1048576,1.00000000000000000,-0.000000000,fixed,1,access-plus-rate-deterministic,3,8
2,4,2,1024,262144,1048576,cycle,8,random,os-getrandom,random-old-and-new-paths,insertion,852,1048576,1.00000000000000000,-0.000000000,fixed,1,access-plus-rate-deterministic,3,8
2,4,2,1024,262144,1048576,cycle,8,random,os-getrandom,random-old-and-new-paths,insertion,853,1048576,1.00000000000000000,-0.000000000,fixed,1,access-plus-rate-deterministic,3,8
2,4,2,1024,262144,1048576,cycle,8,random,os-getrandom,random-old-and-new-paths,insertion,854,1048576,1.00000000000000000,-0.000000000,fixed,1,access-plus-rate-deterministic,3,8
2,4,2,1024,262144,1048576,cycle,8,random,os-getrandom,random-old-and-new-paths,insertion,855,1048576,1.00000000000000000,-0.000000000,fixed,1,access-plus-rate-deterministic,3,8
2,4,2,1024,262144,1048576,cycle,8,random,os-getrandom,random-old-and-new-paths,insertion,856,1048576,1.00000000000000000,-0.000000000,fixed,1,access-plus-rate-deterministic,3,8
2,4,2,1024,262144,1048576,cycle,8,random,os-getrandom,random-old-and-new-paths,insertion,857,1048576,1.00000000000000000,-0.000000000,fixed,1,access-plus-rate-deterministic,3,8
2,4,2,1024,262144,1048576,cycle,8,random,os-getrandom,random-old-and-new-paths,insertion,858,1048573,0.99999713897705078,0.000004128,fixed,1,access-plus-rate-deterministic,3,8
2,4,2,1024,262144,1048576,cycle,8,random,os-getrandom,random-old-and-new-paths,insertion,859,1048569,0.99999332427978516,0.000009631,fixed,1,access-plus-rate-deterministic,3,8
2,4,2,1024,262144,1048576,cycle,8,random,os-getrandom,random-old-and-new-paths,insertion,860,1048561,0.99998569488525391,0.000020638,fixed,1,access-plus-rate-deterministic,3,8
2,4,2,1024,262144,1048576,cycle,8,random,os-getrandom,random-old-and-new-paths,insertion,861,1048548,0.99997329711914062,0.000038525,fixed,1,access-plus-rate-deterministic,3,8
2,4,2,1024,262144,1048576,cycle,8,random,os-getrandom,random-old-and-new-paths,insertion,862,1048497,0.99992465972900391,0.000108697,fixed,1,access-plus-rate-deterministic,3,8
2,4,2,1024,262144,1048576,cycle,8,random,os-getrandom,random-old-and-new-paths,insertion,863,1048479,0.99990749359130859,0.000133465,fixed,1,access-plus-rate-deterministic,3,8
2,4,2,1024,262144,1048576,cycle,8,random,os-getrandom,random-old-and-new-paths,insertion,864,1048446,0.99987602233886719,0.000178873,fixed,1,access-plus-rate-deterministic,3,8
2,4,2,1024,262144,1048576,cycle,8,random,os-getrandom,random-old-and-new-paths,insertion,865,1048387,0.99981975555419922,0.000260061,fixed,1,access-plus-rate-deterministic,3,8
2,4,2,1024,262144,1048576,cycle,8,random,os-getrandom,random-old-and-new-paths,insertion,866,1048325,0.99976062774658203,0.000345383,fixed,1,access-plus-rate-deterministic,3,8
2,4,2,1024,262144,1048576,cycle,8,random,os-getrandom,random-old-and-new-paths,insertion,867,1048273,0.99971103668212891,0.000416946,fixed,1,access-plus-rate-deterministic,3,8
2,4,2,1024,262144,1048576,cycle,8,random,os-getrandom,random-old-and-new-paths,insertion,868,1048224,0.99966430664062500,0.000484384,fixed,1,access-plus-rate-deterministic,3,8
2,4,2,1024,262144,1048576,cycle,8,random,os-getrandom,random-old-and-new-paths,insertion,869,1048196,0.99963760375976562,0.000522922,fixed,1,access-plus-rate-deterministic,3,8
2,4,2,1024,262144,1048576,cycle,8,random,os-getrandom,random-old-and-new-paths,insertion,870,1048164,0.99960708618164062,0.000566966,fixed,1,access-plus-rate-deterministic,3,8
2,4,2,1024,262144,1048576,cycle,8,random,os-getrandom,random-old-and-new-paths,insertion,871,1048113,0.99955844879150391,0.000637164,fixed,1,access-plus-rate-deterministic,3,8
2,4,2,1024,262144,1048576,cycle,8,random,os-getrandom,random-old-and-new-paths,insertion,872,1048080,0.99952697753906250,0.000682589,fixed,1,access-plus-rate-deterministic,3,8
2,4,2,1024,262144,1048576,cycle,8,random,os-getrandom,random-old-and-new-paths,insertion,873,1048050,0.99949836730957031,0.000723885,fixed,1,access-plus-rate-deterministic,3,8
2,4,2,1024,262144,1048576,cycle,8,random,os-getrandom,random-old-and-new-paths,insertion,874,1047991,0.99944210052490234,0.000805103,fixed,1,access-plus-rate-deterministic,3,8
2,4,2,1024,262144,1048576,cycle,8,random,os-getrandom,random-old-and-new-paths,insertion,875,1047917,0.99937152862548828,0.000906978,fixed,1,access-plus-rate-deterministic,3,8
2,4,2,1024,262144,1048576,cycle,8,random,os-getrandom,random-old-and-new-paths,insertion,876,1047830,0.99928855895996094,0.001026758,fixed,1,access-plus-rate-deterministic,3,8
2,4,2,1024,262144,1048576,cycle,8,random,os-getrandom,random-old-and-new-paths,insertion,877,1047727,0.99919033050537109,0.001168579,fixed,1,access-plus-rate-deterministic,3,8
2,4,2,1024,262144,1048576,cycle,8,random,os-getrandom,random-old-and-new-paths,insertion,878,1047611,0.99907970428466797,0.001328317,fixed,1,access-plus-rate-deterministic,3,8
2,4,2,1024,262144,1048576,cycle,8,random,os-getrandom,random-old-and-new-paths,insertion,879,1047491,0.99896526336669922,0.001493582,fixed,1,access-plus-rate-deterministic,3,8
2,4,2,1024,262144,1048576,cycle,8,random,os-getrandom,random-old-and-new-paths,insertion,880,1047366,0.99884605407714844,0.001665753,fixed,1,access-plus-rate-deterministic,3,8
2,4,2,1024,262144,1048576,cycle,8,random,os-getrandom,random-old-and-new-paths,insertion,881,1047249,0.99873447418212891,0.001826924,fixed,1,access-plus-rate-deterministic,3,8
2,4,2,1024,262144,1048576,cycle,8,random,os-getrandom,random-old-and-new-paths,insertion,882,1047076,0.99856948852539062,0.002065269,fixed,1,access-plus-rate-deterministic,3,8
2,4,2,1024,262144,1048576,cycle,8,random,os-getrandom,random-old-and-new-paths,insertion,883,1046949,0.99844837188720703,0.002240265,fixed,1,access-plus-rate-deterministic,3,8
2,4,2,1024,262144,1048576,cycle,8,random,os-getrandom,random-old-and-new-paths,insertion,884,1046809,0.99831485748291016,0.002433197,fixed,1,access-plus-rate-deterministic,3,8
2,4,2,1024,262144,1048576,cycle,8,random,os-getrandom,random-old-and-new-paths,insertion,885,1046646,0.99815940856933594,0.002657859,fixed,1,access-plus-rate-deterministic,3,8
2,4,2,1024,262144,1048576,cycle,8,random,os-getrandom,random-old-and-new-paths,insertion,886,1046478,0.99799919128417969,0.002889448,fixed,1,access-plus-rate-deterministic,3,8
2,4,2,1024,262144,1048576,cycle,8,random,os-getrandom,random-old-and-new-paths,insertion,887,1046315,0.99784374237060547,0.003114181,fixed,1,access-plus-rate-deterministic,3,8
2,4,2,1024,262144,1048576,cycle,8,random,os-getrandom,random-old-and-new-paths,insertion,888,1046133,0.99767017364501953,0.003365151,fixed,1,access-plus-rate-deterministic,3,8
2,4,2,1024,262144,1048576,cycle,8,random,os-getrandom,random-old-and-new-paths,insertion,889,1045883,0.99743175506591797,0.003709960,fixed,1,access-plus-rate-deterministic,3,8
2,4,2,1024,262144,1048576,cycle,8,random,os-getrandom,random-old-and-new-paths,insertion,890,1045579,0.99714183807373047,0.004129360,fixed,1,access-plus-rate-deterministic,3,8
2,4,2,1024,262144,1048576,cycle,8,random,os-getrandom,random-old-and-new-paths,insertion,891,1045297,0.99687290191650391,0.004518518,fixed,1,access-plus-rate-deterministic,3,8
2,4,2,1024,262144,1048576,cycle,8,random,os-getrandom,random-old-and-new-paths,insertion,892,1044946,0.99653816223144531,0.005003041,fixed,1,access-plus-rate-deterministic,3,8
2,4,2,1024,262144,1048576,cycle,8,random,os-getrandom,random-old-and-new-paths,insertion,893,1044542,0.99615287780761719,0.005560928,fixed,1,access-plus-rate-deterministic,3,8
2,4,2,1024,262144,1048576,cycle,8,random,os-getrandom,random-old-and-new-paths,insertion,894,1044149,0.99577808380126953,0.006103832,fixed,1,access-plus-rate-deterministic,3,8
2,4,2,1024,262144,1048576,cycle,8,random,os-getrandom,random-old-and-new-paths,insertion,895,1043749,0.99539661407470703,0.006656615,fixed,1,access-plus-rate-deterministic,3,8
2,4,2,1024,262144,1048576,cycle,8,random,os-getrandom,random-old-and-new-paths,insertion,896,1043410,0.99507331848144531,0.007125265,fixed,1,access-plus-rate-deterministic,3,8
2,4,2,1024,262144,1048576,cycle,8,random,os-getrandom,random-old-and-new-paths,insertion,897,1043114,0.99479103088378906,0.007534595,fixed,1,access-plus-rate-deterministic,3,8
2,4,2,1024,262144,1048576,cycle,8,random,os-getrandom,random-old-and-new-paths,insertion,898,1042801,0.99449253082275391,0.007967559,fixed,1,access-plus-rate-deterministic,3,8
2,4,2,1024,262144,1048576,cycle,8,random,os-getrandom,random-old-and-new-paths,insertion,899,1042479,0.99418544769287109,0.008413109,fixed,1,access-plus-rate-deterministic,3,8
2,4,2,1024,262144,1048576,cycle,8,random,os-getrandom,random-old-and-new-paths,insertion,900,1042077,0.99380207061767578,0.008969547,fixed,1,access-plus-rate-deterministic,3,8
2,4,2,1024,262144,1048576,cycle,8,random,os-getrandom,random-old-and-new-paths,insertion,901,1041681,0.99342441558837891,0.009517890,fixed,1,access-plus-rate-deterministic,3,8
2,4,2,1024,262144,1048576,cycle,8,random,os-getrandom,random-old-and-new-paths,insertion,902,1041321,0.99308109283447266,0.010016565,fixed,1,access-plus-rate-deterministic,3,8
2,4,2,1024,262144,1048576,cycle,8,random,os-getrandom,random-old-and-new-paths,insertion,903,1040916,0.99269485473632812,0.010577780,fixed,1,access-plus-rate-deterministic,3,8
2,4,2,1024,262144,1048576,cycle,8,random,os-getrandom,random-old-and-new-paths,insertion,904,1040446,0.99224662780761719,0.011229341,fixed,1,access-plus-rate-deterministic,3,8
2,4,2,1024,262144,1048576,cycle,8,random,os-getrandom,random-old-and-new-paths,insertion,905,1039903,0.99172878265380859,0.011982468,fixed,1,access-plus-rate-deterministic,3,8
2,4,2,1024,262144,1048576,cycle,8,random,os-getrandom,random-old-and-new-paths,insertion,906,1039363,0.99121379852294922,0.012731824,fixed,1,access-plus-rate-deterministic,3,8
2,4,2,1024,262144,1048576,cycle,8,random,os-getrandom,random-old-and-new-paths,insertion,907,1038843,0.99071788787841797,0.013453794,fixed,1,access-plus-rate-deterministic,3,8
2,4,2,1024,262144,1048576,cycle,8,random,os-getrandom,random-old-and-new-paths,insertion,908,1038299,0.99019908905029297,0.014209473,fixed,1,access-plus-rate-deterministic,3,8
2,4,2,1024,262144,1048576,cycle,8,random,os-getrandom,random-old-and-new-paths,insertion,909,1037749,0.98967456817626953,0.014973889,fixed,1,access-plus-rate-deterministic,3,8
2,4,2,1024,262144,1048576,cycle,8,random,os-getrandom,random-old-and-new-paths,insertion,910,1037211,0.98916149139404297,0.015722019,fixed,1,access-plus-rate-deterministic,3,8
2,4,2,1024,262144,1048576,cycle,8,random,os-getrandom,random-old-and-new-paths,insertion,911,1036582,0.98856163024902344,0.016597184,fixed,1,access-plus-rate-deterministic,3,8
2,4,2,1024,262144,1048576,cycle,8,random,os-getrandom,random-old-and-new-paths,insertion,912,1035838,0.98785209655761719,0.017633040,fixed,1,access-plus-rate-deterministic,3,8
2,4,2,1024,262144,1048576,cycle,8,random,os-getrandom,random-old-and-new-paths,insertion,913,1034980,0.98703384399414062,0.018828541,fixed,1,access-plus-rate-deterministic,3,8
2,4,2,1024,262144,1048576,cycle,8,random,os-getrandom,random-old-and-new-paths,insertion,914,1034027,0.98612499237060547,0.020157574,fixed,1,access-plus-rate-deterministic,3,8
2,4,2,1024,262144,1048576,cycle,8,random,os-getrandom,random-old-and-new-paths,insertion,915,1032942,0.98509025573730469,0.021672182,fixed,1,access-plus-rate-deterministic,3,8
2,4,2,1024,262144,1048576,cycle,8,random,os-getrandom,random-old-and-new-paths,insertion,916,1031840,0.98403930664062500,0.023212151,fixed,1,access-plus-rate-deterministic,3,8
2,4,2,1024,262144,1048576,cycle,8,random,os-getrandom,random-old-and-new-paths,insertion,917,1030713,0.98296451568603516,0.024788758,fixed,1,access-plus-rate-deterministic,3,8
2,4,2,1024,262144,1048576,cycle,8,random,os-getrandom,random-old-and-new-paths,insertion,918,1029522,0.98182868957519531,0.026456771,fixed,1,access-plus-rate-deterministic,3,8
2,4,2,1024,262144,1048576,cycle,8,random,os-getrandom,random-old-and-new-paths,insertion,919,1028198,0.98056602478027344,0.028313320,fixed,1,access-plus-rate-deterministic,3,8
2,4,2,1024,262144,1048576,cycle,8,random,os-getrandom,random-old-and-new-paths,insertion,920,1026713,0.97914981842041016,0.030398473,fixed,1,access-plus-rate-deterministic,3,8
2,4,2,1024,262144,1048576,cycle,8,random,os-getrandom,random-old-and-new-paths,insertion,921,1025232,0.97773742675781250,0.032481016,fixed,1,access-plus-rate-deterministic,3,8
2,4,2,1024,262144,1048576,cycle,8,random,os-getrandom,random-old-and-new-paths,insertion,922,1023517,0.97610187530517578,0.034896366,fixed,1,access-plus-rate-deterministic,3,8
2,4,2,1024,262144,1048576,cycle,8,random,os-getrandom,random-old-and-new-paths,insertion,923,1021847,0.97450923919677734,0.037252231,fixed,1,access-plus-rate-deterministic,3,8
2,4,2,1024,262144,1048576,cycle,8,random,os-getrandom,random-old-and-new-paths,insertion,924,1020103,0.97284603118896484,0.039716602,fixed,1,access-plus-rate-deterministic,3,8
2,4,2,1024,262144,1048576,cycle,8,random,os-getrandom,random-old-and-new-paths,insertion,925,1018442,0.97126197814941406,0.042067609,fixed,1,access-plus-rate-deterministic,3,8
2,4,2,1024,262144,1048576,cycle,8,random,os-getrandom,random-old-and-new-paths,insertion,926,1016762,0.96965980529785156,0.044449413,fixed,1,access-plus-rate-deterministic,3,8
2,4,2,1024,262144,1048576,cycle,8,random,os-getrandom,random-old-and-new-paths,insertion,927,1014907,0.96789073944091797,0.047083897,fixed,1,access-plus-rate-deterministic,3,8
2,4,2,1024,262144,1048576,cycle,8,random,os-getrandom,random-old-and-new-paths,insertion,928,1012840,0.96591949462890625,0.050025143,fixed,1,access-plus-rate-deterministic,3,8
2,4,2,1024,262144,1048576,cycle,8,random,os-getrandom,random-old-and-new-paths,insertion,929,1010804,0.96397781372070312,0.052928152,fixed,1,access-plus-rate-deterministic,3,8
2,4,2,1024,262144,1048576,cycle,8,random,os-getrandom,random-old-and-new-paths,insertion,930,1008584,0.96186065673828125,0.056100187,fixed,1,access-plus-rate-deterministic,3,8
2,4,2,1024,262144,1048576,cycle,8,random,os-getrandom,random-old-and-new-paths,insertion,931,1006098,0.95948982238769531,0.059660592,fixed,1,access-plus-rate-deterministic,3,8
2,4,2,1024,262144,1048576,cycle,8,random,os-getrandom,random-old-and-new-paths,insertion,932,1003658,0.95716285705566406,0.063163681,fixed,1,access-plus-rate-deterministic,3,8
2,4,2,1024,262144,1048576,cycle,8,random,os-getrandom,random-old-and-new-paths,insertion,933,1001009,0.95463657379150391,0.066976485,fixed,1,access-plus-rate-deterministic,3,8
2,4,2,1024,262144,1048576,cycle,8,random,os-getrandom,random-old-and-new-paths,insertion,934,998162,0.95192146301269531,0.071085544,fixed,1,access-plus-rate-deterministic,3,8
2,4,2,1024,262144,1048576,cycle,8,random,os-getrandom,random-old-and-new-paths,insertion,935,995137,0.94903659820556641,0.075464371,fixed,1,access-plus-rate-deterministic,3,8
2,4,2,1024,262144,1048576,cycle,8,random,os-getrandom,random-old-and-new-paths,insertion,936,991856,0.94590759277343750,0.080228844,fixed,1,access-plus-rate-deterministic,3,8
2,4,2,1024,262144,1048576,cycle,8,random,os-getrandom,random-old-and-new-paths,insertion,937,988580,0.94278335571289062,0.085001806,fixed,1,access-plus-rate-deterministic,3,8
2,4,2,1024,262144,1048576,cycle,8,random,os-getrandom,random-old-and-new-paths,insertion,938,985224,0.93958282470703125,0.089907753,fixed,1,access-plus-rate-deterministic,3,8
2,4,2,1024,262144,1048576,cycle,8,random,os-getrandom,random-old-and-new-paths,insertion,939,982065,0.93657016754150391,0.094541010,fixed,1,access-plus-rate-deterministic,3,8
2,4,2,1024,262144,1048576,cycle,8,random,os-getrandom,random-old-and-new-paths,insertion,940,978782,0.93343925476074219,0.099371955,fixed,1,access-plus-rate-deterministic,3,8
2,4,2,1024,262144,1048576,cycle,8,random,os-getrandom,random-old-and-new-paths,insertion,941,975419,0.93023204803466797,0.104337451,fixed,1,access-plus-rate-deterministic,3,8
2,4,2,1024,262144,1048576,cycle,8,random,os-getrandom,random-old-and-new-paths,insertion,942,971707,0.92669200897216797,0.109838164,fixed,1,access-plus-rate-deterministic,3,8
2,4,2,1024,262144,1048576,cycle,8,random,os-getrandom,random-old-and-new-paths,insertion,943,967820,0.92298507690429688,0.115620773,fixed,1,access-plus-rate-deterministic,3,8
2,4,2,1024,262144,1048576,cycle,8,random,os-getrandom,random-old-and-new-paths,insertion,944,963787,0.91913890838623047,0.121645184,fixed,1,access-plus-rate-deterministic,3,8
2,4,2,1024,262144,1048576,cycle,8,random,os-getrandom,random-old-and-new-paths,insertion,945,959852,0.91538619995117188,0.127547552,fixed,1,access-plus-rate-deterministic,3,8
2,4,2,1024,262144,1048576,cycle,8,random,os-getrandom,random-old-and-new-paths,insertion,946,956033,0.91174411773681641,0.133299108,fixed,1,access-plus-rate-deterministic,3,8
2,4,2,1024,262144,1048576,cycle,8,random,os-getrandom,random-old-and-new-paths,insertion,947,952062,0.90795707702636719,0.139303998,fixed,1,access-plus-rate-deterministic,3,8
2,4,2,1024,262144,1048576,cycle,8,random,os-getrandom,random-old-and-new-paths,insertion,948,947991,0.90407466888427734,0.145486163,fixed,1,access-plus-rate-deterministic,3,8
2,4,2,1024,262144,1048576,cycle,8,random,os-getrandom,random-old-and-new-paths,insertion,949,943392,0.89968872070312500,0.152502159,fixed,1,access-plus-rate-deterministic,3,8
2,4,2,1024,262144,1048576,cycle,8,random,os-getrandom,random-old-and-new-paths,insertion,950,938554,0.89507484436035156,0.159919772,fixed,1,access-plus-rate-deterministic,3,8
2,4,2,1024,262144,1048576,cycle,8,random,os-getrandom,random-old-and-new-paths,insertion,951,933442,0.89019966125488281,0.167799143,fixed,1,access-plus-rate-deterministic,3,8
2,4,2,1024,262144,1048576,cycle,8,random,os-getrandom,random-old-and-new-paths,insertion,952,928400,0.88539123535156250,0.175613003,fixed,1,access-plus-rate-deterministic,3,8
2,4,2,1024,262144,1048576,cycle,8,random,os-getrandom,random-old-and-new-paths,insertion,953,923091,0.88032817840576172,0.183886647,fixed,1,access-plus-rate-deterministic,3,8
2,4,2,1024,262144,1048576,cycle,8,random,os-getrandom,random-old-and-new-paths,insertion,954,917751,0.87523555755615234,0.192256744,fixed,1,access-plus-rate-deterministic,3,8
2,4,2,1024,262144,1048576,cycle,8,random,os-getrandom,random-old-and-new-paths,insertion,955,911594,0.86936378479003906,0.201968097,fixed,1,access-plus-rate-deterministic,3,8
2,4,2,1024,262144,1048576,cycle,8,random,os-getrandom,random-old-and-new-paths,insertion,956,904856,0.86293792724609375,0.212671308,fixed,1,access-plus-rate-deterministic,3,8
2,4,2,1024,262144,1048576,cycle,8,random,os-getrandom,random-old-and-new-paths,insertion,957,898233,0.85662174224853516,0.223269800,fixed,1,access-plus-rate-deterministic,3,8
2,4,2,1024,262144,1048576,cycle,8,random,os-getrandom,random-old-and-new-paths,insertion,958,891571,0.85026836395263672,0.234009835,fixed,1,access-plus-rate-deterministic,3,8
2,4,2,1024,262144,1048576,cycle,8,random,os-getrandom,random-old-and-new-paths,insertion,959,884559,0.84358119964599609,0.245401152,fixed,1,access-plus-rate-deterministic,3,8
2,4,2,1024,262144,1048576,cycle,8,random,os-getrandom,random-old-and-new-paths,insertion,960,877182,0.83654594421386719,0.257483318,fixed,1,access-plus-rate-deterministic,3,8
2,4,2,1024,262144,1048576,cycle,8,random,os-getrandom,random-old-and-new-paths,insertion,961,868979,0.82872295379638672,0.271038213,fixed,1,access-plus-rate-deterministic,3,8
2,4,2,1024,262144,1048576,cycle,8,random,os-getrandom,random-old-and-new-paths,insertion,962,860386,0.82052803039550781,0.285375476,fixed,1,access-plus-rate-deterministic,3,8
2,4,2,1024,262144,1048576,cycle,8,random,os-getrandom,random-old-and-new-paths,insertion,963,852128,0.81265258789062500,0.299289368,fixed,1,access-plus-rate-deterministic,3,8
2,4,2,1024,262144,1048576,cycle,8,random,os-getrandom,random-old-and-new-paths,insertion,964,843564,0.80448532104492188,0.313861998,fixed,1,access-plus-rate-deterministic,3,8
2,4,2,1024,262144,1048576,cycle,8,random,os-getrandom,random-old-and-new-paths,insertion,965,834971,0.79629039764404297,0.328633434,fixed,1,access-plus-rate-deterministic,3,8
2,4,2,1024,262144,1048576,cycle,8,random,os-getrandom,random-old-and-new-paths,insertion,966,825942,0.78767967224121094,0.344319051,fixed,1,access-plus-rate-deterministic,3,8
2,4,2,1024,262144,1048576,cycle,8,random,os-getrandom,random-old-and-new-paths,insertion,967,816490,0.77866554260253906,0.360924309,fixed,1,access-plus-rate-deterministic,3,8
2,4,2,1024,262144,1048576,cycle,8,random,os-getrandom,random-old-and-new-paths,insertion,968,806574,0.76920890808105469,0.378552625,fixed,1,access-plus-rate-deterministic,3,8
2,4,2,1024,262144,1048576,cycle,8,random,os-getrandom,random-old-and-new-paths,insertion,969,796621,0.75971698760986328,0.396466014,fixed,1,access-plus-rate-deterministic,3,8
2,4,2,1024,262144,1048576,cycle,8,random,os-getrandom,random-old-and-new-paths,insertion,970,786318,0.74989128112792969,0.415246645,fixed,1,access-plus-rate-deterministic,3,8
2,4,2,1024,262144,1048576,cycle,8,random,os-getrandom,random-old-and-new-paths,insertion,971,776061,0.74010944366455078,0.434189470,fixed,1,access-plus-rate-deterministic,3,8
2,4,2,1024,262144,1048576,cycle,8,random,os-getrandom,random-old-and-new-paths,insertion,972,765396,0.72993850708007812,0.454153164,fixed,1,access-plus-rate-deterministic,3,8
2,4,2,1024,262144,1048576,cycle,8,random,os-getrandom,random-old-and-new-paths,insertion,973,754411,0.71946239471435547,0.475008814,fixed,1,access-plus-rate-deterministic,3,8
2,4,2,1024,262144,1048576,cycle,8,random,os-getrandom,random-old-and-new-paths,insertion,974,743838,0.70937919616699219,0.495371074,fixed,1,access-plus-rate-deterministic,3,8
2,4,2,1024,262144,1048576,cycle,8,random,os-getrandom,random-old-and-new-paths,insertion,975,733046,0.69908714294433594,0.516455793,fixed,1,access-plus-rate-deterministic,3,8
2,4,2,1024,262144,1048576,cycle,8,random,os-getrandom,random-old-and-new-paths,insertion,976,722077,0.68862628936767578,0.538206836,fixed,1,access-plus-rate-deterministic,3,8
2,4,2,1024,262144,1048576,cycle,8,random,os-getrandom,random-old-and-new-paths,insertion,977,711098,0.67815589904785156,0.560311127,fixed,1,access-plus-rate-deterministic,3,8
2,4,2,1024,262144,1048576,cycle,8,random,os-getrandom,random-old-and-new-paths,insertion,978,700113,0.66767978668212891,0.582771730,fixed,1,access-plus-rate-deterministic,3,8
2,4,2,1024,262144,1048576,cycle,8,random,os-getrandom,random-old-and-new-paths,insertion,979,689293,0.65736103057861328,0.605242161,fixed,1,access-plus-rate-deterministic,3,8
2,4,2,1024,262144,1048576,cycle,8,random,os-getrandom,random-old-and-new-paths,insertion,980,678247,0.64682674407958984,0.628548764,fixed,1,access-plus-rate-deterministic,3,8
2,4,2,1024,262144,1048576,cycle,8,random,os-getrandom,random-old-and-new-paths,insertion,981,666692,0.63580703735351562,0.653339110,fixed,1,access-plus-rate-deterministic,3,8
2,4,2,1024,262144,1048576,cycle,8,random,os-getrandom,random-old-and-new-paths,insertion,982,654290,0.62397956848144531,0.680429304,fixed,1,access-plus-rate-deterministic,3,8
2,4,2,1024,262144,1048576,cycle,8,random,os-getrandom,random-old-and-new-paths,insertion,983,641502,0.61178398132324219,0.708905762,fixed,1,access-plus-rate-deterministic,3,8
2,4,2,1024,262144,1048576,cycle,8,random,os-getrandom,random-old-and-new-paths,insertion,984,628740,0.59961318969726562,0.737895976,fixed,1,access-plus-rate-deterministic,3,8
2,4,2,1024,262144,1048576,cycle,8,random,os-getrandom,random-old-and-new-paths,insertion,985,615969,0.58743381500244141,0.767501780,fixed,1,access-plus-rate-deterministic,3,8
2,4,2,1024,262144,1048576,cycle,8,random,os-getrandom,random-old-and-new-paths,insertion,986,602659,0.57474040985107422,0.799017607,fixed,1,access-plus-rate-deterministic,3,8
2,4,2,1024,262144,1048576,cycle,8,random,os-getrandom,random-old-and-new-paths,insertion,987,589251,0.56195354461669922,0.831477224,fixed,1,access-plus-rate-deterministic,3,8
2,4,2,1024,262144,1048576,cycle,8,random,os-getrandom,random-old-and-new-paths,insertion,988,576215,0.54952144622802734,0.863752308,fixed,1,access-plus-rate-deterministic,3,8
2,4,2,1024,262144,1048576,cycle,8,random,os-getrandom,random-old-and-new-paths,insertion,989,563330,0.53723335266113281,0.896379222,fixed,1,access-plus-rate-deterministic,3,8
2,4,2,1024,262144,1048576,cycle,8,random,os-getrandom,random-old-and-new-paths,insertion,990,551125,0.52559375762939453,0.927979954,fixed,1,access-plus-rate-deterministic,3,8
2,4,2,1024,262144,1048576,cycle,8,random,os-getrandom,random-old-and-new-paths,insertion,991,539276,0.51429367065429688,0.959335696,fixed,1,access-plus-rate-deterministic,3,8
2,4,2,1024,262144,1048576,cycle,8,random,os-getrandom,random-old-and-new-paths,insertion,992,527600,0.50315856933593750,0.990914961,fixed,1,access-plus-rate-deterministic,3,8
2,4,2,1024,262144,1048576,cycle,8,random,os-getrandom,random-old-and-new-paths,insertion,993,515784,0.49188995361328125,1.023592505,fixed,1,access-plus-rate-deterministic,3,8
2,4,2,1024,262144,1048576,cycle,8,random,os-getrandom,random-old-and-new-paths,insertion,994,504466,0.48109626770019531,1.055602488,fixed,1,access-plus-rate-deterministic,3,8
2,4,2,1024,262144,1048576,cycle,8,random,os-getrandom,random-old-and-new-paths,insertion,995,493112,0.47026824951171875,1.088444164,fixed,1,access-plus-rate-deterministic,3,8
2,4,2,1024,262144,1048576,cycle,8,random,os-getrandom,random-old-and-new-paths,insertion,996,482061,0.45972919464111328,1.121143809,fixed,1,access-plus-rate-deterministic,3,8
2,4,2,1024,262144,1048576,cycle,8,random,os-getrandom,random-old-and-new-paths,insertion,997,471229,0.44939899444580078,1.153931198,fixed,1,access-plus-rate-deterministic,3,8
2,4,2,1024,262144,1048576,cycle,8,random,os-getrandom,random-old-and-new-paths,insertion,998,460596,0.43925857543945312,1.186857643,fixed,1,access-plus-rate-deterministic,3,8
2,4,2,1024,262144,1048576,cycle,8,random,os-getrandom,random-old-and-new-paths,insertion,999,450068,0.42921829223632812,1.220216533,fixed,1,access-plus-rate-deterministic,3,8
2,4,2,1024,262144,1048576,cycle,8,random,os-getrandom,random-old-and-new-paths,insertion,1000,439600,0.41923522949218750,1.254168139,fixed,1,access-plus-rate-deterministic,3,8
2,4,2,1024,262144,1048576,cycle,8,random,os-getrandom,random-old-and-new-paths,insertion,1001,428780,0.40891647338867188,1.290121911,fixed,1,access-plus-rate-deterministic,3,8
2,4,2,1024,262144,1048576,cycle,8,random,os-getrandom,random-old-and-new-paths,insertion,1002,417817,0.39846134185791016,1.327488332,fixed,1,access-plus-rate-deterministic,3,8
2,4,2,1024,262144,1048576,cycle,8,random,os-getrandom,random-old-and-new-paths,insertion,1003,407126,0.38826560974121094,1.364884167,fixed,1,access-plus-rate-deterministic,3,8
2,4,2,1024,262144,1048576,cycle,8,random,os-getrandom,random-old-and-new-paths,insertion,1004,396445,0.37807941436767578,1.403238795,fixed,1,access-plus-rate-deterministic,3,8
2,4,2,1024,262144,1048576,cycle,8,random,os-getrandom,random-old-and-new-paths,insertion,1005,386161,0.36827182769775391,1.441157058,fixed,1,access-plus-rate-deterministic,3,8
2,4,2,1024,262144,1048576,cycle,8,random,os-getrandom,random-old-and-new-paths,insertion,1006,375908,0.35849380493164062,1.479979907,fixed,1,access-plus-rate-deterministic,3,8
2,4,2,1024,262144,1048576,cycle,8,random,os-getrandom,random-old-and-new-paths,insertion,1007,365232,0.34831237792968750,1.521546352,fixed,1,access-plus-rate-deterministic,3,8
2,4,2,1024,262144,1048576,cycle,8,random,os-getrandom,random-old-and-new-paths,insertion,1008,354692,0.33826065063476562,1.563792735,fixed,1,access-plus-rate-deterministic,3,8
2,4,2,1024,262144,1048576,cycle,8,random,os-getrandom,random-old-and-new-paths,insertion,1009,344075,0.32813549041748047,1.607636454,fixed,1,access-plus-rate-deterministic,3,8
2,4,2,1024,262144,1048576,cycle,8,random,os-getrandom,random-old-and-new-paths,insertion,1010,333677,0.31821918487548828,1.651907279,fixed,1,access-plus-rate-deterministic,3,8
2,4,2,1024,262144,1048576,cycle,8,random,os-getrandom,random-old-and-new-paths,insertion,1011,323322,0.30834388732910156,1.697387849,fixed,1,access-plus-rate-deterministic,3,8
2,4,2,1024,262144,1048576,cycle,8,random,os-getrandom,random-old-and-new-paths,insertion,1012,313214,0.29870414733886719,1.743210826,fixed,1,access-plus-rate-deterministic,3,8
2,4,2,1024,262144,1048576,cycle,8,random,os-getrandom,random-old-and-new-paths,insertion,1013,303545,0.28948307037353516,1.788449116,fixed,1,access-plus-rate-deterministic,3,8
2,4,2,1024,262144,1048576,cycle,8,random,os-getrandom,random-old-and-new-paths,insertion,1014,294223,0.28059291839599609,1.833449496,fixed,1,access-plus-rate-deterministic,3,8
2,4,2,1024,262144,1048576,cycle,8,random,os-getrandom,random-old-and-new-paths,insertion,1015,284826,0.27163124084472656,1.880278679,fixed,1,access-plus-rate-deterministic,3,8
2,4,2,1024,262144,1048576,cycle,8,random,os-getrandom,random-old-and-new-paths,insertion,1016,275804,0.26302719116210938,1.926716145,fixed,1,access-plus-rate-deterministic,3,8
2,4,2,1024,262144,1048576,cycle,8,random,os-getrandom,random-old-and-new-paths,insertion,1017,267037,0.25466632843017578,1.973319873,fixed,1,access-plus-rate-deterministic,3,8
2,4,2,1024,262144,1048576,cycle,8,random,os-getrandom,random-old-and-new-paths,insertion,1018,258677,0.24669361114501953,2.019207742,fixed,1,access-plus-rate-deterministic,3,8
2,4,2,1024,262144,1048576,cycle,8,random,os-getrandom,random-old-and-new-paths,insertion,1019,250223,0.23863124847412109,2.067145120,fixed,1,access-plus-rate-deterministic,3,8
2,4,2,1024,262144,1048576,cycle,8,random,os-getrandom,random-old-and-new-paths,insertion,1020,241829,0.23062610626220703,2.116372263,fixed,1,access-plus-rate-deterministic,3,8
2,4,2,1024,262144,1048576,cycle,8,random,os-getrandom,random-old-and-new-paths,insertion,1021,233789,0.22295856475830078,2.165152474,fixed,1,access-plus-rate-deterministic,3,8
2,4,2,1024,262144,1048576,cycle,8,random,os-getrandom,random-old-and-new-paths,insertion,1022,226201,0.21572208404541016,2.212754218,fixed,1,access-plus-rate-deterministic,3,8
2,4,2,1024,262144,1048576,cycle,8,random,os-getrandom,random-old-and-new-paths,insertion,1023,218597,0.20847034454345703,2.262085924,fixed,1,access-plus-rate-deterministic,3,8
2,4,2,1024,262144,1048576,cycle,8,random,os-getrandom,random-old-and-new-paths,insertion,1024,211007,0.20123195648193359,2.313068666,fixed,1,access-plus-rate-deterministic,3,8
2,4,2,1024,262144,1048576,cycle,8,random,os-getrandom,random-old-and-new-paths,insertion,1025,203832,0.19438934326171875,2.362978965,fixed,1,access-plus-rate-deterministic,3,8
2,4,2,1024,262144,1048576,cycle,8,random,os-getrandom,random-old-and-new-paths,insertion,1026,196577,0.18747043609619141,2.415264993,fixed,1,access-plus-rate-deterministic,3,8
2,4,2,1024,262144,1048576,cycle,8,random,os-getrandom,random-old-and-new-paths,insertion,1027,189111,0.18035030364990234,2.471126243,fixed,1,access-plus-rate-deterministic,3,8
2,4,2,1024,262144,1048576,cycle,8,random,os-getrandom,random-old-and-new-paths,insertion,1028,181935,0.17350673675537109,2.526936415,fixed,1,access-plus-rate-deterministic,3,8
2,4,2,1024,262144,1048576,cycle,8,random,os-getrandom,random-old-and-new-paths,insertion,1029,174758,0.16666221618652344,2.585001025,fixed,1,access-plus-rate-deterministic,3,8
2,4,2,1024,262144,1048576,cycle,8,random,os-getrandom,random-old-and-new-paths,insertion,1030,167619,0.15985393524169922,2.645173834,fixed,1,access-plus-rate-deterministic,3,8
2,4,2,1024,262144,1048576,cycle,8,random,os-getrandom,random-old-and-new-paths,insertion,1031,160453,0.15301990509033203,2.708208762,fixed,1,access-plus-rate-deterministic,3,8
2,4,2,1024,262144,1048576,cycle,8,random,os-getrandom,random-old-and-new-paths,insertion,1032,153388,0.14628219604492188,2.773173905,fixed,1,access-plus-rate-deterministic,3,8
2,4,2,1024,262144,1048576,cycle,8,random,os-getrandom,random-old-and-new-paths,insertion,1033,146660,0.13986587524414062,2.837884081,fixed,1,access-plus-rate-deterministic,3,8
2,4,2,1024,262144,1048576,cycle,8,random,os-getrandom,random-old-and-new-paths,insertion,1034,140149,0.13365650177001953,2.903398075,fixed,1,access-plus-rate-deterministic,3,8
2,4,2,1024,262144,1048576,cycle,8,random,os-getrandom,random-old-and-new-paths,insertion,1035,133838,0.12763786315917969,2.969871734,fixed,1,access-plus-rate-deterministic,3,8
2,4,2,1024,262144,1048576,cycle,8,random,os-getrandom,random-old-and-new-paths,insertion,1036,127649,0.12173557281494141,3.038177290,fixed,1,access-plus-rate-deterministic,3,8
2,4,2,1024,262144,1048576,cycle,8,random,os-getrandom,random-old-and-new-paths,insertion,1037,121863,0.11621761322021484,3.105099364,fixed,1,access-plus-rate-deterministic,3,8
2,4,2,1024,262144,1048576,cycle,8,random,os-getrandom,random-old-and-new-paths,insertion,1038,116315,0.11092662811279297,3.172322367,fixed,1,access-plus-rate-deterministic,3,8
2,4,2,1024,262144,1048576,cycle,8,random,os-getrandom,random-old-and-new-paths,insertion,1039,110942,0.10580253601074219,3.240553887,fixed,1,access-plus-rate-deterministic,3,8
2,4,2,1024,262144,1048576,cycle,8,random,os-getrandom,random-old-and-new-paths,insertion,1040,105912,0.10100555419921875,3.307493467,fixed,1,access-plus-rate-deterministic,3,8
2,4,2,1024,262144,1048576,cycle,8,random,os-getrandom,random-old-and-new-paths,insertion,1041,100847,0.09617519378662109,3.378191358,fixed,1,access-plus-rate-deterministic,3,8
2,4,2,1024,262144,1048576,cycle,8,random,os-getrandom,random-old-and-new-paths,insertion,1042,96116,0.09166336059570312,3.447511010,fixed,1,access-plus-rate-deterministic,3,8
2,4,2,1024,262144,1048576,cycle,8,random,os-getrandom,random-old-and-new-paths,insertion,1043,91420,0.08718490600585938,3.519777802,fixed,1,access-plus-rate-deterministic,3,8
2,4,2,1024,262144,1048576,cycle,8,random,os-getrandom,random-old-and-new-paths,insertion,1044,86790,0.08276939392089844,3.594758796,fixed,1,access-plus-rate-deterministic,3,8
2,4,2,1024,262144,1048576,cycle,8,random,os-getrandom,random-old-and-new-paths,insertion,1045,82290,0.07847785949707031,3.671570498,fixed,1,access-plus-rate-deterministic,3,8
2,4,2,1024,262144,1048576,cycle,8,random,os-getrandom,random-old-and-new-paths,insertion,1046,77972,0.07435989379882812,3.749331480,fixed,1,access-plus-rate-deterministic,3,8
2,4,2,1024,262144,1048576,cycle,8,random,os-getrandom,random-old-and-new-paths,insertion,1047,73960,0.07053375244140625,3.825542396,fixed,1,access-plus-rate-deterministic,3,8
2,4,2,1024,262144,1048576,cycle,8,random,os-getrandom,random-old-and-new-paths,insertion,1048,70236,0.06698226928710938,3.900076936,fixed,1,access-plus-rate-deterministic,3,8
2,4,2,1024,262144,1048576,cycle,8,random,os-getrandom,random-old-and-new-paths,insertion,1049,66843,0.06374645233154297,3.971511136,fixed,1,access-plus-rate-deterministic,3,8
2,4,2,1024,262144,1048576,cycle,8,random,os-getrandom,random-old-and-new-paths,insertion,1050,63389,0.06045246124267578,4.048055112,fixed,1,access-plus-rate-deterministic,3,8
2,4,2,1024,262144,1048576,cycle,8,random,os-getrandom,random-old-and-new-paths,insertion,1051,60068,0.05728530883789062,4.125690991,fixed,1,access-plus-rate-deterministic,3,8
2,4,2,1024,262144,1048576,cycle,8,random,os-getrandom,random-old-and-new-paths,insertion,1052,56921,0.05428409576416016,4.203326613,fixed,1,access-plus-rate-deterministic,3,8
2,4,2,1024,262144,1048576,cycle,8,random,os-getrandom,random-old-and-new-paths,insertion,1053,54024,0.05152130126953125,4.278687158,fixed,1,access-plus-rate-deterministic,3,8
2,4,2,1024,262144,1048576,cycle,8,random,os-getrandom,random-old-and-new-paths,insertion,1054,51597,0.04920673370361328,4.345000435,fixed,1,access-plus-rate-deterministic,3,8
2,4,2,1024,262144,1048576,cycle,8,random,os-getrandom,random-old-and-new-paths,insertion,1055,49009,0.04673862457275391,4.419240911,fixed,1,access-plus-rate-deterministic,3,8
2,4,2,1024,262144,1048576,cycle,8,random,os-getrandom,random-old-and-new-paths,insertion,1056,46581,0.04442310333251953,4.492546009,fixed,1,access-plus-rate-deterministic,3,8
2,4,2,1024,262144,1048576,cycle,8,random,os-getrandom,random-old-and-new-paths,insertion,1057,44388,0.04233169555664062,4.562117914,fixed,1,access-plus-rate-deterministic,3,8
2,4,2,1024,262144,1048576,cycle,8,random,os-getrandom,random-old-and-new-paths,insertion,1058,42406,0.04044151306152344,4.628019215,fixed,1,access-plus-rate-deterministic,3,8
2,4,2,1024,262144,1048576,cycle,8,random,os-getrandom,random-old-and-new-paths,insertion,1059,40718,0.03883171081542969,4.686620920,fixed,1,access-plus-rate-deterministic,3,8
2,4,2,1024,262144,1048576,cycle,8,random,os-getrandom,random-old-and-new-paths,insertion,1060,38971,0.03716564178466797,4.749886669,fixed,1,access-plus-rate-deterministic,3,8
2,4,2,1024,262144,1048576,cycle,8,random,os-getrandom,random-old-and-new-paths,insertion,1061,37194,0.03547096252441406,4.817217711,fixed,1,access-plus-rate-deterministic,3,8
2,4,2,1024,262144,1048576,cycle,8,random,os-getrandom,random-old-and-new-paths,insertion,1062,35420,0.03377914428710938,4.887723408,fixed,1,access-plus-rate-deterministic,3,8
2,4,2,1024,262144,1048576,cycle,8,random,os-getrandom,random-old-and-new-paths,insertion,1063,33682,0.03212165832519531,4.960309814,fixed,1,access-plus-rate-deterministic,3,8
2,4,2,1024,262144,1048576,cycle,8,random,os-getrandom,random-old-and-new-paths,insertion,1064,32010,0.03052711486816406,5.033764944,fixed,1,access-plus-rate-deterministic,3,8
2,4,2,1024,262144,1048576,cycle,8,random,os-getrandom,random-old-and-new-paths,insertion,1065,30389,0.02898120880126953,5.108738419,fixed,1,access-plus-rate-deterministic,3,8
2,4,2,1024,262144,1048576,cycle,8,random,os-getrandom,random-old-and-new-paths,insertion,1066,28830,0.02749443054199219,5.184716784,fixed,1,access-plus-rate-deterministic,3,8
2,4,2,1024,262144,1048576,cycle,8,random,os-getrandom,random-old-and-new-paths,insertion,1067,27522,0.02624702453613281,5.251702307,fixed,1,access-plus-rate-deterministic,3,8
2,4,2,1024,262144,1048576,cycle,8,random,os-getrandom,random-old-and-new-paths,insertion,1068,26232,0.02501678466796875,5.320959814,fixed,1,access-plus-rate-deterministic,3,8
2,4,2,1024,262144,1048576,cycle,8,random,os-getrandom,random-old-and-new-paths,insertion,1069,25084,0.02392196655273438,5.385520196,fixed,1,access-plus-rate-deterministic,3,8
2,4,2,1024,262144,1048576,cycle,8,random,os-getrandom,random-old-and-new-paths,insertion,1070,23880,0.02277374267578125,5.456484784,fixed,1,access-plus-rate-deterministic,3,8
2,4,2,1024,262144,1048576,cycle,8,random,os-getrandom,random-old-and-new-paths,insertion,1071,22692,0.02164077758789062,5.530103851,fixed,1,access-plus-rate-deterministic,3,8
2,4,2,1024,262144,1048576,cycle,8,random,os-getrandom,random-old-and-new-paths,insertion,1072,21518,0.02052116394042969,5.606743628,fixed,1,access-plus-rate-deterministic,3,8
2,4,2,1024,262144,1048576,cycle,8,random,os-getrandom,random-old-and-new-paths,insertion,1073,20376,0.01943206787109375,5.685416756,fixed,1,access-plus-rate-deterministic,3,8
2,4,2,1024,262144,1048576,cycle,8,random,os-getrandom,random-old-and-new-paths,insertion,1074,19279,0.01838588714599609,5.765257399,fixed,1,access-plus-rate-deterministic,3,8
2,4,2,1024,262144,1048576,cycle,8,random,os-getrandom,random-old-and-new-paths,insertion,1075,18064,0.01722717285156250,5.859170229,fixed,1,access-plus-rate-deterministic,3,8
2,4,2,1024,262144,1048576,cycle,8,random,os-getrandom,random-old-and-new-paths,insertion,1076,16901,0.01611804962158203,5.955179010,fixed,1,access-plus-rate-deterministic,3,8
2,4,2,1024,262144,1048576,cycle,8,random,os-getrandom,random-old-and-new-paths,insertion,1077,15788,0.01505661010742188,6.053459196,fixed,1,access-plus-rate-deterministic,3,8
2,4,2,1024,262144,1048576,cycle,8,random,os-getrandom,random-old-and-new-paths,insertion,1078,14869,0.01418018341064453,6.139979997,fixed,1,access-plus-rate-deterministic,3,8
2,4,2,1024,262144,1048576,cycle,8,random,os-getrandom,random-old-and-new-paths,insertion,1079,13909,0.01326465606689453,6.236268921,fixed,1,access-plus-rate-deterministic,3,8
2,4,2,1024,262144,1048576,cycle,8,random,os-getrandom,random-old-and-new-paths,insertion,1080,13004,0.01240158081054688,6.333332159,fixed,1,access-plus-rate-deterministic,3,8
2,4,2,1024,262144,1048576,cycle,8,random,os-getrandom,random-old-and-new-paths,insertion,1081,12183,0.01161861419677734,6.427418187,fixed,1,access-plus-rate-deterministic,3,8
2,4,2,1024,262144,1048576,cycle,8,random,os-getrandom,random-old-and-new-paths,insertion,1082,11371,0.01084423065185547,6.526928486,fixed,1,access-plus-rate-deterministic,3,8
2,4,2,1024,262144,1048576,cycle,8,random,os-getrandom,random-old-and-new-paths,insertion,1083,10526,0.01003837585449219,6.638330321,fixed,1,access-plus-rate-deterministic,3,8
2,4,2,1024,262144,1048576,cycle,8,random,os-getrandom,random-old-and-new-paths,insertion,1084,9726,0.00927543640136719,6.752369124,fixed,1,access-plus-rate-deterministic,3,8
2,4,2,1024,262144,1048576,cycle,8,random,os-getrandom,random-old-and-new-paths,insertion,1085,8983,0.00856685638427734,6.867018381,fixed,1,access-plus-rate-deterministic,3,8
2,4,2,1024,262144,1048576,cycle,8,random,os-getrandom,random-old-and-new-paths,insertion,1086,8318,0.00793266296386719,6.977979030,fixed,1,access-plus-rate-deterministic,3,8
2,4,2,1024,262144,1048576,cycle,8,random,os-getrandom,random-old-and-new-paths,insertion,1087,7644,0.00728988647460938,7.099887937,fixed,1,access-plus-rate-deterministic,3,8
2,4,2,1024,262144,1048576,cycle,8,random,os-getrandom,random-old-and-new-paths,insertion,1088,6981,0.00665760040283203,7.230782004,fixed,1,access-plus-rate-deterministic,3,8
2,4,2,1024,262144,1048576,cycle,8,random,os-getrandom,random-old-and-new-paths,insertion,1089,6382,0.00608634948730469,7.360207107,fixed,1,access-plus-rate-deterministic,3,8
2,4,2,1024,262144,1048576,cycle,8,random,os-getrandom,random-old-and-new-paths,insertion,1090,5882,0.00560951232910156,7.477908931,fixed,1,access-plus-rate-deterministic,3,8
2,4,2,1024,262144,1048576,cycle,8,random,os-getrandom,random-old-and-new-paths,insertion,1091,5476,0.00522232055664062,7.581093269,fixed,1,access-plus-rate-deterministic,3,8
2,4,2,1024,262144,1048576,cycle,8,random,os-getrandom,random-old-and-new-paths,insertion,1092,5065,0.00483036041259766,7.693653446,fixed,1,access-plus-rate-deterministic,3,8
2,4,2,1024,262144,1048576,cycle,8,random,os-getrandom,random-old-and-new-paths,insertion,1093,4680,0.00446319580078125,7.807707186,fixed,1,access-plus-rate-deterministic,3,8
2,4,2,1024,262144,1048576,cycle,8,random,os-getrandom,random-old-and-new-paths,insertion,1094,4354,0.00415229797363281,7.911874308,fixed,1,access-plus-rate-deterministic,3,8
2,4,2,1024,262144,1048576,cycle,8,random,os-getrandom,random-old-and-new-paths,insertion,1095,4007,0.00382137298583984,8.031693206,fixed,1,access-plus-rate-deterministic,3,8
2,4,2,1024,262144,1048576,cycle,8,random,os-getrandom,random-old-and-new-paths,insertion,1096,3719,0.00354671478271484,8.139300967,fixed,1,access-plus-rate-deterministic,3,8
2,4,2,1024,262144,1048576,cycle,8,random,os-getrandom,random-old-and-new-paths,insertion,1097,3426,0.00326728820800781,8.257690564,fixed,1,access-plus-rate-deterministic,3,8
2,4,2,1024,262144,1048576,cycle,8,random,os-getrandom,random-old-and-new-paths,insertion,1098,3057,0.00291538238525391,8.422099163,fixed,1,access-plus-rate-deterministic,3,8
2,4,2,1024,262144,1048576,cycle,8,random,os-getrandom,random-old-and-new-paths,insertion,1099,2667,0.00254344940185547,8.618997890,fixed,1,access-plus-rate-deterministic,3,8
2,4,2,1024,262144,1048576,cycle,8,random,os-getrandom,random-old-and-new-paths,insertion,1100,2370,0.00226020812988281,8.789328656,fixed,1,access-plus-rate-deterministic,3,8
2,4,2,1024,262144,1048576,cycle,8,random,os-getrandom,random-old-and-new-paths,insertion,1101,2041,0.00194644927978516,9.004939533,fixed,1,access-plus-rate-deterministic,3,8
2,4,2,1024,262144,1048576,cycle,8,random,os-getrandom,random-old-and-new-paths,insertion,1102,1724,0.00164413452148438,9.248455941,fixed,1,access-plus-rate-deterministic,3,8
2,4,2,1024,262144,1048576,cycle,8,random,os-getrandom,random-old-and-new-paths,insertion,1103,1407,0.00134181976318359,9.541593387,fixed,1,access-plus-rate-deterministic,3,8
2,4,2,1024,262144,1048576,cycle,8,random,os-getrandom,random-old-and-new-paths,insertion,1104,1142,0.00108909606933594,9.842653065,fixed,1,access-plus-rate-deterministic,3,8
2,4,2,1024,262144,1048576,cycle,8,random,os-getrandom,random-old-and-new-paths,insertion,1105,897,0.00085544586181641,10.191035825,fixed,1,access-plus-rate-deterministic,3,8
2,4,2,1024,262144,1048576,cycle,8,random,os-getrandom,random-old-and-new-paths,insertion,1106,643,0.00061321258544922,10.671325073,fixed,1,access-plus-rate-deterministic,3,8
2,4,2,1024,262144,1048576,cycle,8,random,os-getrandom,random-old-and-new-paths,insertion,1107,463,0.00044155120849609,11.145131617,fixed,1,access-plus-rate-deterministic,3,8
2,4,2,1024,262144,1048576,cycle,8,random,os-getrandom,random-old-and-new-paths,insertion,1108,340,0.00032424926757812,11.590609064,fixed,1,access-plus-rate-deterministic,3,8
2,4,2,1024,262144,1048576,cycle,8,random,os-getrandom,random-old-and-new-paths,insertion,1109,248,0.00023651123046875,12.045803690,fixed,1,access-plus-rate-deterministic,3,8
2,4,2,1024,262144,1048576,cycle,8,random,os-getrandom,random-old-and-new-paths,insertion,1110,172,0.00016403198242188,12.573735245,fixed,1,access-plus-rate-deterministic,3,8
2,4,2,1024,262144,1048576,cycle,8,random,os-getrandom,random-old-and-new-paths,insertion,1111,128,0.00012207031250000,13.000000000,fixed,1,access-plus-rate-deterministic,3,8
2,4,2,1024,262144,1048576,cycle,8,random,os-getrandom,random-old-and-new-paths,insertion,1112,83,0.00007915496826172,13.624960569,fixed,1,access-plus-rate-deterministic,3,8
2,4,2,1024,262144,1048576,cycle,8,random,os-getrandom,random-old-and-new-paths,insertion,1113,48,0.00004577636718750,14.415037499,fixed,1,access-plus-rate-deterministic,3,8
2,4,2,1024,262144,1048576,cycle,8,random,os-getrandom,random-old-and-new-paths,insertion,1114,35,0.00003337860107422,14.870716983,fixed,1,access-plus-rate-deterministic,3,8
2,4,2,1024,262144,1048576,cycle,8,random,os-getrandom,random-old-and-new-paths,insertion,1115,22,0.00002098083496094,15.540568381,fixed,1,access-plus-rate-deterministic,3,8
2,4,2,1024,262144,1048576,cycle,8,random,os-getrandom,random-old-and-new-paths,insertion,1116,6,0.00000572204589844,17.415037499,fixed,1,access-plus-rate-deterministic,3,8
2,4,2,1024,262144,1048576,cycle,8,random,os-getrandom,random-old-and-new-paths,insertion,1117,0,0.00000000000000000,inf,fixed,1,access-plus-rate-deterministic,3,8
