b,z,y,n,warmup,operations,workload,bucket_slots,queue_policy,rng_source,initialization,metric,threshold,exceed_count,probability,log2_inverse,eviction_policy,eviction_chains,path_schedule,deterministic_numerator,deterministic_denominator
2,4,2,1024,262144,1048576,cycle,8,random,os-getrandom,random-old-and-new-paths,post,0,1048576,1.00000000000000000,-0.000000000,fixed,1,access-plus-rate-deterministic,3,8
2,4,2,1024,262144,1048576,cycle,8,random,os-getrandom,random-old-and-new-paths,post,1,1048576,1.00000000000000000,-0.000000000,fixed,1,access-plus-rate-deterministic,3,8
2,4,2,1024,262144,1048576,cycle,8,random,os-getrandom,random-old-and-new-paths,post,2,1048576,1.00000000000000000,-0.000000000,fixed,1,access-plus-rate-deterministic,3,8
2,4,2,1024,262144,1048576,cycle,8,random,os-getrandom,random-old-and-new-paths,post,3,1048576,1.00000000000000000,-0.000000000,fixed,1,access-plus-rate-deterministic,3,8
2,4,2,1024,262144,1048576,cycle,8,random,os-getrandom,random-old-and-new-paths,post,4,1048576,1.00000000000000000,-0.000000000,fixed,1,access-plus-rate-deterministic,3,8
2,4,2,1024,262144,1048576,cycle,8,random,os-getrandom,random-old-and-new-paths,post,5,1048576,1.00000000000000000,-0.000000000,fixed,1,access-plus-rate-deterministic,3,8
2,4,2,1024,262144,1048576,cycle,8,random,os-getrandom,random-old-and-new-paths,post,6,1048576,1.00000000000000000,-0.000000000,fixed,1,access-plus-rate-deterministic,3,8
2,4,2,1024,262144,1048576,cycle,8,random,os-getrandom,random-old-and-new-paths,post,7,1048576,1.00000000000000000,-0.000000000,fixed,1,access-plus-rate-deterministic,3,8
2,4,2,1024,262144,1048576,cycle,8,random,os-getrandom,random-old-and-new-paths,post,8,1048576,1.00000000000000000,-0.000000000,fixed,1,access-plus-rate-deterministic,3,8
2,4,2,1024,262144,1048576,cycle,8,random,os-getrandom,random-old-and-new-paths,post,9,1048576,1.00000000000000000,-0.000000000,fixed,1,access-plus-rate-deterministic,3,8
2,4,2,1024,262144,1048576,cycle,8,random,os-getrandom,random-old-and-new-paths,post,10,1048576,1.00000000000000000,-0.000000000,fixed,1,access-plus-rate-deterministic,3,8
2,4,2,1024,262144,1048576,cycle,8,random,os-getrandom,random-old-and-new-paths,post,11,1048576,1.00000000000000000,-0.000000000,fixed,1,access-plus-rate-deterministic,3,8
2,4,2,1024,262144,1048576,cycle,8,random,os-getrandom,random-old-and-new-paths,post,12,1048576,1.00000000000000000,-0.000000000,fixed,1,access-plus-rate-deterministic,3,8
2,4,2,1024,262144,1048576,cycle,8,random,os-getrandom,random-old-and-new-paths,post,13,1048576,1.00000000000000000,-0.000000000,fixed,1,access-plus-rate-deterministic,3,8
2,4,2,1024,262144,1048576,cycle,8,random,os-getrandom,random-old-and-new-paths,post,14,1048576,1.00000000000000000,-0.000000000,fixed,1,access-plus-rate-deterministic,3,8
2,4,2,1024,262144,1048576,cycle,8,random,os-getrandom,random-old-and-new-paths,post,15,1048576,1.00000000000000000,-0.000000000,fixed,1,access-plus-rate-deterministic,3,8
2,4,2,1024,262144,1048576,cycle,8,random,os-getrandom,random-old-and-new-paths,post,16,1048576,1.00000000000000000,-0.000000000,fixed,1,access-plus-rate-deterministic,3,8
2,4,2,1024,262144,1048576,cycle,8,random,os-getrandom,random-old-and-new-paths,post,17,1048576,1.00000000000000000,-0.000000000,fixed,1,access-plus-rate-deterministic,3,8
2,4,2,1024,262144,1048576,cycle,8,random,os-getrandom,random-old-and-new-paths,post,18,1048576,1.00000000000000000,-0.000000000,fixed,1,access-plus-rate-deterministic,3,8
2,4,2,1024,262144,1048576,cycle,8,random,os-getrandom,random-old-and-new-paths,post,19,1048576,1.00000000000000000,-0.000000000,fixed,1,access-plus-rate-deterministic,3,8
2,4,2,1024,262144,1048576,cycle,8,random,os-getrandom,random-old-and-new-paths,post,20,1048576,1.00000000000000000,-0.000000000,fixed,1,access-plus-rate-deterministic,3,8
2,4,2,1024,262144,1048576,cycle,8,random,os-getrandom,random-old-and-new-paths,post,21,1048576,1.00000000000000000,-0.000000000,fixed,1,access-plus-rate-deterministic,3,8
2,4,2,1024,262144,1048576,cycle,8,random,os-getrandom,random-old-and-new-paths,post,22,1048576,1.00000000000000000,-0.000000000,fixed,1,access-plus-rate-deterministic,3,8
2,4,2,1024,262144,1048576,cycle,8,random,os-getrandom,random-old-and-new-paths,post,23,1048576,1.00000000000000000,-0.000000000,fixed,1,access-plus-rate-deterministic,3,8
2,4,2,1024,262144,1048576,cycle,8,random,os-getrandom,random-old-and-new-paths,post,24,1048576,1.00000000000000000,-0.000000000,fixed,1,access-plus-rate-deterministic,3,8
2,4,2,1024,262144,1048576,cycle,8,random,os-getrandom,random-old-and-new-paths,post,25,1048576,1.00000000000000000,-0.000000000,fixed,1,access-plus-rate-deterministic,3,8
2,4,2,1024,262144,1048576,cycle,8,random,os-getrandom,random-old-and-new-paths,post,26,1048576,1.00000000000000000,-0.000000000,fixed,1,access-plus-rate-deterministic,3,8
2,4,2,1024,262144,1048576,cycle,8,random,os-getrandom,random-old-and-new-paths,post,27,1048576,1.00000000000000000,-0.000000000,fixed,1,access-plus-rate-deterministic,3,8
2,4,2,1024,262144,1048576,cycle,8,random,os-getrandom,random-old-and-new-paths,post,28,1048576,1.00000000000000000,-0.000000000,fixed,1,access-plus-rate-deterministic,3,8
2,4,2,1024,262144,1048576,cycle,8,random,os-getrandom,random-old-and-new-paths,post,29,1048576,1.00000000000000000,-0.000000000,fixed,1,access-plus-rate-deterministic,3,8
2,4,2,1024,262144,1048576,cycle,8,random,os-getrandom,random-old-and-new-paths,post,30,1048576,1.00000000000000000,-0.000000000,fixed,1,access-plus-rate-deterministic,3,8
2,4,2,1024,262144,1048576,cycle,8,random,os-getrandom,random-old-and-new-paths,post,31,1048576,1.00000000000000000,-0.000000000,fixed,1,access-plus-rate-deterministic,3,8
2,4,2,1024,262144,1048576,cycle,8,random,os-getrandom,random-old-and-new-paths,post,32,1048576,1.00000000000000000,-0.000000000,fixed,1,access-plus-rate-deterministic,3,8
2,4,2,1024,262144,1048576,cycle,8,random,os-getrandom,random-old-and-new-paths,post,33,1048576,1.00000000000000000,-0.000000000,fixed,1,access-plus-rate-deterministic,3,8
2,4,2,1024,262144,1048576,cycle,8,random,os-getrandom,random-old-and-new-paths,post,34,1048576,1.00000000000000000,-0.000000000,fixed,1,access-plus-rate-deterministic,3,8
2,4,2,1024,262144,1048576,cycle,8,random,os-getrandom,random-old-and-new-paths,post,35,1048576,1.00000000000000000,-0.000000000,fixed,1,access-plus-rate-deterministic,3,8
2,4,2,1024,262144,1048576,cycle,8,random,os-getrandom,random-old-and-new-paths,post,36,1048576,1.00000000000000000,-0.000000000,fixed,1,access-plus-rate-deterministic,3,8
2,4,2,1024,262144,1048576,cycle,8,random,os-getrandom,random-old-and-new-paths,post,37,1048576,1.00000000000000000,-0.000000000,fixed,1,access-plus-rate-deterministic,3,8
2,4,2,1024,262144,1048576,cycle,8,random,os-getrandom,random-old-and-new-paths,post,38,1048576,1.00000000000000000,-0.000000000,fixed,1,access-plus-rate-deterministic,3,8
2,4,2,1024,262144,1048576,cycle,8,random,os-getrandom,random-old-and-new-paths,post,39,1048576,1.00000000000000000,-0.000000000,fixed,1,access-plus-rate-deterministic,3,8
2,4,2,1024,262144,1048576,cycle,8,random,os-getrandom,random-old-and-new-paths,post,40,1048576,1.00000000000000000,-0.000000000,fixed,1,access-plus-rate-deterministic,3,8
2,4,2,1024,262144,1048576,cycle,8,random,os-getrandom,random-old-and-new-paths,post,41,1048576,1.00000000000000000,-0.000000000,fixed,1,access-plus-rate-deterministic,3,8
2,4,2,1024,262144,1048576,cycle,8,random,os-getrandom,random-old-and-new-paths,post,42,1048576,1.00000000000000000,-0.000000000,fixed,1,access-plus-rate-deterministic,3,8
2,4,2,1024,262144,1048576,cycle,8,random,os-getrandom,random-old-and-new-paths,post,43,1048576,1.00000000000000000,-0.000000000,fixed,1,access-plus-rate-deterministic,3,8
2,4,2,1024,262144,1048576,cycle,8,random,os-getrandom,random-old-and-new-paths,post,44,1048576,1.00000000000000000,-0.000000000,fixed,1,access-plus-rate-deterministic,3,8
2,4,2,1024,262144,1048576,cycle,8,random,os-getrandom,random-old-and-new-paths,post,45,1048576,1.00000000000000000,-0.000000000,fixed,1,access-plus-rate-deterministic,3,8
2,4,2,1024,262144,1048576,cycle,8,random,os-getrandom,random-old-and-new-paths,post,46,1048576,1.00000000000000000,-0.000000000,fixed,1,access-plus-rate-deterministic,3,8
2,4,2,1024,262144,1048576,cycle,8,random,os-getrandom,random-old-and-new-paths,post,47,1048576,1.00000000000000000,-0.000000000,fixed,1,access-plus-rate-deterministic,3,8
2,4,2,1024,262144,1048576,cycle,8,random,os-getrandom,random-old-and-new-paths,post,48,1048576,1.00000000000000000,-0.000000000,fixed,1,access-plus-rate-deterministic,3,8
2,4,2,1024,262144,1048576,cycle,8,random,os-getrandom,random-old-and-new-paths,post,49,1048576,1.00000000000000000,-0.000000000,fixed,1,access-plus-rate-deterministic,3,8
2,4,2,1024,262144,1048576,cycle,8,random,os-getrandom,random-old-and-new-paths,post,50,1048576,1.00000000000000000,-0.000000000,fixed,1,access-plus-rate-deterministic,3,8
2,4,2,1024,262144,1048576,cycle,8,random,os-getrandom,random-old-and-new-paths,post,51,1048576,1.00000000000000000,-0.000000000,fixed,1,access-plus-rate-deterministic,3,8
2,4,2,1024,262144,1048576,cycle,8,random,os-getrandom,random-old-and-new-paths,post,52,1048576,1.00000000000000000,-0.000000000,fixed,1,access-plus-rate-deterministic,3,8
2,4,2,1024,262144,1048576,cycle,8,random,os-getrandom,random-old-and-new-paths,post,53,1048576,1.00000000000000000,-0.000000000,fixed,1,access-plus-rate-deterministic,3,8
2,4,2,1024,262144,1048576,cycle,8,random,os-getrandom,random-old-and-new-paths,post,54,1048576,1.00000000000000000,-0.000000000,fixed,1,access-plus-rate-deterministic,3,8
2,4,2,1024,262144,1048576,cycle,8,random,os-getrandom,random-old-and-new-paths,post,55,1048576,1.00000000000000000,-0.000000000,fixed,1,access-plus-rate-deterministic,3,8
2,4,2,1024,262144,1048576,cycle,8,random,os-getrandom,random-old-and-new-paths,post,56,1048576,1.00000000000000000,-0.000000000,fixed,1,access-plus-rate-deterministic,3,8
2,4,2,1024,262144,1048576,cycle,8,random,os-getrandom,random-old-and-new-paths,post,57,1048576,1.00000000000000000,-0.000000000,fixed,1,access-plus-rate-deterministic,3,8
2,4,2,1024,262144,1048576,cycle,8,random,os-getrandom,random-old-and-new-paths,post,58,1048576,1.00000000000000000,-0.000000000,fixed,1,access-plus-rate-deterministic,3,8
2,4,2,1024,262144,1048576,cycle,8,random,os-getrandom,random-old-and-new-paths,post,59,1048576,1.00000000000000000,-0.000000000,fixed,1,access-plus-rate-deterministic,3,8
2,4,2,1024,262144,1048576,cycle,8,random,os-getrandom,random-old-and-new-paths,post,60,1048576,1.00000000000000000,-0.000000000,fixed,1,access-plus-rate-deterministic,3,8
2,4,2,1024,262144,1048576,cycle,8,random,os-getrandom,random-old-and-new-paths,post,61,1048576,1.00000000000000000,-0.000000000,fixed,1,access-plus-rate-deterministic,3,8
2,4,2,1024,262144,1048576,cycle,8,random,os-getrandom,random-old-and-new-paths,post,62,1048576,1.00000000000000000,-0.000000000,fixed,1,access-plus-rate-deterministic,3,8
2,4,2,1024,262144,1048576,cycle,8,random,os-getrandom,random-old-and-new-paths,post,63,1048576,1.00000000000000000,-0.000000000,fixed,1,access-plus-rate-deterministic,3,8
2,4,2,1024,262144,1048576,cycle,8,random,os-getrandom,random-old-and-new-paths,post,64,1048576,1.00000000000000000,-0.000000000,fixed,1,access-plus-rate-deterministic,3,8
2,4,2,1024,262144,1048576,cycle,8,random,os-getrandom,random-old-and-new-paths,post,65,1048576,1.00000000000000000,-0.000000000,fixed,1,access-plus-rate-deterministic,3,8
2,4,2,1024,262144,1048576,cycle,8,random,os-getrandom,random-old-and-new-paths,post,66,1048576,1.00000000000000000,-0.000000000,fixed,1,access-plus-rate-deterministic,3,8
2,4,2,1024,262144,1048576,cycle,8,random,os-getrandom,random-old-and-new-paths,post,67,1048576,1.00000000000000000,-0.000000000,fixed,1,access-plus-rate-deterministic,3,8
2,4,2,1024,262144,1048576,cycle,8,random,os-getrandom,random-old-and-new-paths,post,68,1048576,1.00000000000000000,-0.000000000,fixed,1,access-plus-rate-deterministic,3,8
2,4,2,1024,262144,1048576,cycle,8,random,os-getrandom,random-old-and-new-paths,post,69,1048576,1.00000000000000000,-0.000000000,fixed,1,access-plus-rate-deterministic,3,8
2,4,2,1024,262144,1048576,cycle,8,random,os-getrandom,random-old-and-new-paths,post,70,1048576,1.00000000000000000,-0.000000000,fixed,1,access-plus-rate-deterministic,3,8
2,4,2,1024,262144,1048576,cycle,8,random,os-getrandom,random-old-and-new-paths,post,71,1048576,1.00000000000000000,-0.000000000,fixed,1,access-plus-rate-deterministic,3,8
2,4,2,1024,262144,1048576,cycle,8,random,os-getrandom,random-old-and-new-paths,post,72,1048576,1.00000000000000000,-0.000000000,fixed,1,access-plus-rate-deterministic,3,8
2,4,2,1024,262144,1048576,cycle,8,random,os-getrandom,random-old-and-new-paths,post,73,1048576,1.00000000000000000,-0.000000000,fixed,1,access-plus-rate-deterministic,3,8
2,4,2,1024,262144,1048576,cycle,8,random,os-getrandom,random-old-and-new-paths,post,74,1048576,1.00000000000000000,-0.000000000,fixed,1,access-plus-rate-deterministic,3,8
2,4,2,1024,262144,1048576,cycle,8,random,os-getrandom,random-old-and-new-paths,post,75,1048576,1.00000000000000000,-0.000000000,fixed,1,access-plus-rate-deterministic,3,8
2,4,2,1024,262144,1048576,cycle,8,random,os-getrandom,random-old-and-new-paths,post,76,1048576,1.00000000000000000,-0.000000000,fixed,1,access-plus-rate-deterministic,3,8
2,4,2,1024,262144,1048576,cycle,8,random,os-getrandom,random-old-and-new-paths,post,77,1048576,1.00000000000000000,-0.000000000,fixed,1,access-plus-rate-deterministic,3,8
2,4,2,1024,262144,1048576,cycle,8,random,os-getrandom,random-old-and-new-paths,post,78,1048576,1.00000000000000000,-0.000000000,fixed,1,access-plus-rate-deterministic,3,8
2,4,2,1024,262144,1048576,cycle,8,random,os-getrandom,random-old-and-new-paths,post,79,1048576,1.00000000000000000,-0.000000000,fixed,1,access-plus-rate-deterministic,3,8
2,4,2,1024,262144,1048576,cycle,8,random,os-getrandom,random-old-and-new-paths,post,80,1048576,1.00000000000000000,-0.000000000,fixed,1,access-plus-rate-deterministic,3,8
2,4,2,1024,262144,1048576,cycle,8,random,os-getrandom,random-old-and-new-paths,post,81,1048576,1.00000000000000000,-0.000000000,fixed,1,access-plus-rate-deterministic,3,8
2,4,2,1024,262144,1048576,cycle,8,random,os-getrandom,random-old-and-new-paths,post,82,1048576,1.00000000000000000,-0.000000000,fixed,1,access-plus-rate-deterministic,3,8
2,4,2,1024,262144,1048576,cycle,8,random,os-getrandom,random-old-and-new-paths,post,83,1048576,1.00000000000000000,-0.000000000,fixed,1,access-plus-rate-deterministic,3,8
2,4,2,1024,262144,1048576,cycle,8,random,os-getrandom,random-old-and-new-paths,post,84,1048576,1.00000000000000000,-0.000000000,fixed,1,access-plus-rate-deterministic,3,8
2,4,2,1024,262144,1048576,cycle,8,random,os-getrandom,random-old-and-new-paths,post,85,1048576,1.00000000000000000,-0.000000000,fixed,1,access-plus-rate-deterministic,3,8
2,4,2,1024,262144,1048576,cycle,8,random,os-getrandom,random-old-and-new-paths,post,86,1048576,1.00000000000000000,-0.000000000,fixed,1,access-plus-rate-deterministic,3,8
2,4,2,1024,262144,1048576,cycle,8,random,os-getrandom,random-old-and-new-paths,post,87,1048576,1.00000000000000000,-0.000000000,fixed,1,access-plus-rate-deterministic,3,8
2,4,2,1024,262144,1048576,cycle,8,random,os-getrandom,random-old-and-new-paths,post,88,1048576,1.00000000000000000,-0.000000000,fixed,1,access-plus-rate-deterministic,3,8
2,4,2,1024,262144,1048576,cycle,8,random,os-getrandom,random-old-and-new-paths,post,89,1048576,1.00000000000000000,-0.000000000,fixed,1,access-plus-rate-deterministic,3,8
2,4,2,1024,262144,1048576,cycle,8,random,os-getrandom,random-old-and-new-paths,post,90,1048576,1.00000000000000000,-0.000000000,fixed,1,access-plus-rate-deterministic,3,8
2,4,2,1024,262144,1048576,cycle,8,random,os-getrandom,random-old-and-new-paths,post,91,1048576,1.00000000000000000,-0.000000000,fixed,1,access-plus-rate-deterministic,3,8
2,4,2,1024,262144,1048576,cycle,8,random,os-getrandom,random-old-and-new-paths,post,92,1048576,1.00000000000000000,-0.000000000,fixed,1,access-plus-rate-deterministic,3,8
2,4,2,1024,262144,1048576,cycle,8,random,os-getrandom,random-old-and-new-paths,post,93,1048576,1.00000000000000000,-0.000000000,fixed,1,access-plus-rate-deterministic,3,8
2,4,2,1024,262144,1048576,cycle,8,random,os-getrandom,random-old-and-new-paths,post,94,1048576,1.00000000000000000,-0.000000000,fixed,1,access-plus-rate-deterministic,3,8
2,4,2,1024,262144,1048576,cycle,8,random,os-getrandom,random-old-and-new-paths,post,95,1048576,1.00000000000000000,-0.000000000,fixed,1,access-plus-rate-deterministic,3,8
2,4,2,1024,262144,1048576,cycle,8,random,os-getrandom,random-old-and-new-paths,post,96,1048576,1.00000000000000000,-0.000000000,fixed,1,access-plus-rate-deterministic,3,8
2,4,2,1024,262144,1048576,cycle,8,random,os-getrandom,random-old-and-new-paths,post,97,1048576,1.00000000000000000,-0.000000000,fixed,1,access-plus-rate-deterministic,3,8
2,4,2,1024,262144,1048576,cycle,8,random,os-getrandom,random-old-and-new-paths,post,98,1048576,1.00000000000000000,-0.000000000,fixed,1,access-plus-rate-deterministic,3,8
2,4,2,1024,262144,1048576,cycle,8,random,os-getrandom,random-old-and-new-paths,post,99,1048576,1.00000000000000000,-0.000000000,fixed,1,access-plus-rate-deterministic,3,8
2,4,2,1024,262144,1048576,cycle,8,random,os-getrandom,random-old-and-new-paths,post,100,1048576,1.00000000000000000,-0.000000000,fixed,1,access-plus-rate-deterministic,3,8
2,4,2,1024,262144,1048576,cycle,8,random,os-getrandom,random-old-and-new-paths,post,101,1048576,1.00000000000000000,-0.000000000,fixed,1,access-plus-rate-deterministic,3,8
2,4,2,1024,262144,1048576,cycle,8,random,os-getrandom,random-old-and-new-paths,post,102,1048576,1.00000000000000000,-0.000000000,fixed,1,access-plus-rate-deterministic,3,8
2,4,2,1024,262144,1048576,cycle,8,random,os-getrandom,random-old-and-new-paths,post,103,1048576,1.00000000000000000,-0.000000000,fixed,1,access-plus-rate-deterministic,3,8
2,4,2,1024,262144,1048576,cycle,8,random,os-getrandom,random-old-and-new-paths,post,104,1048576,1.00000000000000000,-0.000000000,fixed,1,access-plus-rate-deterministic,3,8
2,4,2,1024,262144,1048576,cycle,8,random,os-getrandom,random-old-and-new-paths,post,105,1048576,1.00000000000000000,-0.000000000,fixed,1,access-plus-rate-deterministic,3,8
2,4,2,1024,262144,1048576,cycle,8,random,os-getrandom,random-old-and-new-paths,post,106,1048576,1.00000000000000000,-0.000000000,fixed,1,access-plus-rate-deterministic,3,8
2,4,2,1024,262144,1048576,cycle,8,random,os-getrandom,random-old-and-new-paths,post,107,1048576,1.00000000000000000,-0.000000000,fixed,1,access-plus-rate-deterministic,3,8
2,4,2,1024,262144,1048576,cycle,8,random,os-getrandom,random-old-and-new-paths,post,108,1048576,1.00000000000000000,-0.000000000,fixed,1,access-plus-rate-deterministic,3,8
2,4,2,1024,262144,1048576,cycle,8,random,os-getrandom,random-old-and-new-paths,post,109,1048576,1.00000000000000000,-0.000000000,fixed,1,access-plus-rate-deterministic,3,8
2,4,2,1024,262144,1048576,cycle,8,random,os-getrandom,random-old-and-new-paths,post,110,1048576,1.00000000000000000,-0.000000000,fixed,1,access-plus-rate-deterministic,3,8
2,4,2,1024,262144,1048576,cycle,8,random,os-getrandom,random-old-and-new-paths,post,111,1048576,1.00000000000000000,-0.000000000,fixed,1,access-plus-rate-deterministic,3,8
2,4,2,1024,262144,1048576,cycle,8,random,os-getrandom,random-old-and-new-paths,post,112,1048576,1.00000000000000000,-0.000000000,fixed,1,access-plus-rate-deterministic,3,8
2,4,2,1024,262144,1048576,cycle,8,random,os-getrandom,random-old-and-new-paths,post,113,1048576,1.00000000000000000,-0.000000000,fixed,1,access-plus-rate-deterministic,3,8
2,4,2,1024,262144,1048576,cycle,8,random,os-getrandom,random-old-and-new-paths,post,114,1048576,1.00000000000000000,-0.000000000,fixed,1,access-plus-rate-deterministic,3,8
2,4,2,1024,262144,1048576,cycle,8,random,os-getrandom,random-old-and-new-paths,post,115,1048576,1.00000000000000000,-0.000000000,fixed,1,access-plus-rate-deterministic,3,8
2,4,2,1024,262144,1048576,cycle,8,random,os-getrandom,random-old-and-new-paths,post,116,1048576,1.00000000000000000,-0.000000000,fixed,1,access-plus-rate-deterministic,3,8
2,4,2,1024,262144,1048576,cycle,8,random,os-getrandom,random-old-and-new-paths,post,117,1048576,1.00000000000000000,-0.000000000,fixed,1,access-plus-rate-deterministic,3,8
2,4,2,1024,262144,1048576,cycle,8,random,os-getrandom,random-old-and-new-paths,post,118,1048576,1.00000000000000000,-0.000000000,fixed,1,access-plus-rate-deterministic,3,8
2,4,2,1024,262144,1048576,cycle,8,random,os-getrandom,random-old-and-new-paths,post,119,1048576,1.00000000000000000,-0.000000000,fixed,1,access-plus-rate-deterministic,3,8
2,4,2,1024,262144,1048576,cycle,8,random,os-getrandom,random-old-and-new-paths,post,120,1048576,1.00000000000000000,-0.000000000,fixed,1,access-plus-rate-deterministic,3,8
2,4,2,1024,262144,1048576,cycle,8,random,os-getrandom,random-old-and-new-paths,post,121,1048576,1.00000000000000000,-0.000000000,fixed,1,access-plus-rate-deterministic,3,8
2,4,2,1024,262144,1048576,cycle,8,random,os-getrandom,random-old-and-new-paths,post,122,1048576,1.00000000000000000,-0.000000000,fixed,1,access-plus-rate-deterministic,3,8
2,4,2,1024,262144,1048576,cycle,8,random,os-getrandom,random-old-and-new-paths,post,123,1048576,1.00000000000000000,-0.000000000,fixed,1,access-plus-rate-deterministic,3,8
2,4,2,1024,262144,1048576,cycle,8,random,os-getrandom,random-old-and-new-paths,post,124,1048576,1.00000000000000000,-0.000000000,fixed,1,access-plus-rate-deterministic,3,8
2,4,2,1024,262144,1048576,cycle,8,random,os-getrandom,random-old-and-new-paths,post,125,1048576,1.00000000000000000,-0.000000000,fixed,1,access-plus-rate-deterministic,3,8
2,4,2,1024,262144,1048576,cycle,8,random,os-getrandom,random-old-and-new-paths,post,126,1048576,1.00000000000000000,-0.000000000,fixed,1,access-plus-rate-deterministic,3,8
2,4,2,1024,262144,1048576,cycle,8,random,os-getrandom,random-old-and-new-paths,post,127,1048576,1.00000000000000000,-0.000000000,fixed,1,access-plus-rate-deterministic,3,8
2,4,2,1024,262144,1048576,cycle,8,random,os-getrandom,random-old-and-new-paths,post,128,1048576,1.00000000000000000,-0.000000000,fixed,1,access-plus-rate-deterministic,3,8
2,4,2,1024,262144,1048576,cycle,8,random,os-getrandom,random-old-and-new-paths,post,129,1048576,1.00000000000000000,-0.000000000,fixed,1,access-plus-rate-deterministic,3,8
2,4,2,1024,262144,1048576,cycle,8,random,os-getrandom,random-old-and-new-paths,post,130,1048576,1.00000000000000000,-0.000000000,fixed,1,access-plus-rate-deterministic,3,8
2,4,2,1024,262144,1048576,cycle,8,random,os-getrandom,random-old-and-new-paths,post,131,1048576,1.00000000000000000,-0.000000000,fixed,1,access-plus-rate-deterministic,3,8
2,4,2,1024,262144,1048576,cycle,8,random,os-getrandom,random-old-and-new-paths,post,132,1048576,1.00000000000000000,-0.000000000,fixed,1,access-plus-rate-deterministic,3,8
2,4,2,1024,262144,1048576,cycle,8,random,os-getrandom,random-old-and-new-paths,post,133,1048576,1.00000000000000000,-0.000000000,fixed,1,access-plus-rate-deterministic,3,8
2,4,2,1024,262144,1048576,cycle,8,random,os-getrandom,random-old-and-new-paths,post,134,1048576,1.00000000000000000,-0.000000000,fixed,1,access-plus-rate-deterministic,3,8
2,4,2,1024,262144,1048576,cycle,8,random,os-getrandom,random-old-and-new-paths,post,135,1048576,1.00000000000000000,-0.000000000,fixed,1,access-plus-rate-deterministic,3,8
2,4,2,1024,262144,1048576,cycle,8,random,os-getrandom,random-old-and-new-paths,post,136,1048576,1.00000000000000000,-0.000000000,fixed,1,access-plus-rate-deterministic,3,8
2,4,2,1024,262144,1048576,cycle,8,random,os-getrandom,random-old-and-new-paths,post,137,1048576,1.00000000000000000,-0.000000000,fixed,1,access-plus-rate-deterministic,3,8
2,4,2,1024,262144,1048576,cycle,8,random,os-getrandom,random-old-and-new-paths,post,138,1048576,1.00000000000000000,-0.000000000,fixed,1,access-plus-rate-deterministic,3,8
2,4,2,1024,262144,1048576,cycle,8,random,os-getrandom,random-old-and-new-paths,post,139,1048576,1.00000000000000000,-0.000000000,fixed,1,access-plus-rate-deterministic,3,8
2,4,2,1024,262144,1048576,cycle,8,random,os-getrandom,random-old-and-new-paths,post,140,1048576,1.00000000000000000,-0.000000000,fixed,1,access-plus-rate-deterministic,3,8
2,4,2,1024,262144,1048576,cycle,8,random,os-getrandom,random-old-and-new-paths,post,141,1048576,1.00000000000000000,-0.000000000,fixed,1,access-plus-rate-deterministic,3,8
2,4,2,1024,262144,1048576,cycle,8,random,os-getrandom,random-old-and-new-paths,post,142,1048576,1.00000000000000000,-0.000000000,fixed,1,access-plus-rate-deterministic,3,8
2,4,2,1024,262144,1048576,cycle,8,random,os-getrandom,random-old-and-new-paths,post,143,1048576,1.00000000000000000,-0.000000000,fixed,1,access-plus-rate-deterministic,3,8
2,4,2,1024,262144,1048576,cycle,8,random,os-getrandom,random-old-and-new-paths,post,144,1048576,1.00000000000000000,-0.000000000,fixed,1,access-plus-rate-deterministic,3,8
2,4,2,1024,262144,1048576,cycle,8,random,os-getrandom,random-old-and-new-paths,post,145,1048576,1.00000000000000000,-0.000000000,fixed,1,access-plus-rate-deterministic,3,8
2,4,2,1024,262144,1048576,cycle,8,random,os-getrandom,random-old-and-new-paths,post,146,1048576,1.00000000000000000,-0.000000000,fixed,1,access-plus-rate-deterministic,3,8
2,4,2,1024,262144,1048576,cycle,8,random,os-getrandom,random-old-and-new-paths,post,147,1048576,1.00000000000000000,-0.000000000,fixed,1,access-plus-rate-deterministic,3,8
2,4,2,1024,262144,1048576,cycle,8,random,os-getrandom,random-old-and-new-paths,post,148,1048576,1.00000000000000000,-0.000000000,fixed,1,access-plus-rate-deterministic,3,8
2,4,2,1024,262144,1048576,cycle,8,random,os-getrandom,random-old-and-new-paths,post,149,1048576,1.00000000000000000,-0.000000000,fixed,1,access-plus-rate-deterministic,3,8
2,4,2,1024,262144,1048576,cycle,8,random,os-getrandom,random-old-and-new-paths,post,150,1048576,1.00000000000000000,-0.000000000,fixed,1,access-plus-rate-deterministic,3,8
2,4,2,1024,262144,1048576,cycle,8,random,os-getrandom,random-old-and-new-paths,post,151,1048576,1.00000000000000000,-0.000000000,fixed,1,access-plus-rate-deterministic,3,8
2,4,2,1024,262144,1048576,cycle,8,random,os-getrandom,random-old-and-new-paths,post,152,1048576,1.00000000000000000,-0.000000000,fixed,1,access-plus-rate-deterministic,3,8
2,4,2,1024,262144,1048576,cycle,8,random,os-getrandom,random-old-and-new-paths,post,153,1048576,1.00000000000000000,-0.000000000,fixed,1,access-plus-rate-deterministic,3,8
2,4,2,1024,262144,1048576,cycle,8,random,os-getrandom,random-old-and-new-paths,post,154,1048576,1.00000000000000000,-0.000000000,fixed,1,access-plus-rate-deterministic,3,8
2,4,2,1024,262144,1048576,cycle,8,random,os-getrandom,random-old-and-new-paths,post,155,1048576,1.00000000000000000,-0.000000000,fixed,1,access-plus-rate-deterministic,3,8
2,4,2,1024,262144,1048576,cycle,8,random,os-getrandom,random-old-and-new-paths,post,156,1048576,1.00000000000000000,-0.000000000,fixed,1,access-plus-rate-deterministic,3,8
2,4,2,1024,262144,1048576,cycle,8,random,os-getrandom,random-old-and-new-paths,post,157,1048576,1.00000000000000000,-0.000000000,fixed,1,access-plus-rate-deterministic,3,8
2,4,2,1024,262144,1048576,cycle,8,random,os-getrandom,random-old-and-new-paths,post,158,1048576,1.00000000000000000,-0.000000000,fixed,1,access-plus-rate-deterministic,3,8
2,4,2,1024,262144,1048576,cycle,8,random,os-getrandom,random-old-and-new-paths,post,159,1048576,1.00000000000000000,-0.000000000,fixed,1,access-plus-rate-deterministic,3,8
2,4,2,1024,262144,1048576,cycle,8,random,os-getrandom,random-old-and-new-paths,post,160,1048576,1.00000000000000000,-0.000000000,fixed,1,access-plus-rate-deterministic,3,8
2,4,2,1024,262144,1048576,cycle,8,random,os-getrandom,random-old-and-new-paths,post,161,1048576,1.00000000000000000,-0.000000000,fixed,1,access-plus-rate-deterministic,3,8
2,4,2,1024,262144,1048576,cycle,8,random,os-getrandom,random-old-and-new-paths,post,162,1048576,1.00000000000000000,-0.000000000,fixed,1,access-plus-rate-deterministic,3,8
2,4,2,1024,262144,1048576,cycle,8,random,os-getrandom,random-old-and-new-paths,post,163,1048576,1.00000000000000000,-0.000000000,fixed,1,access-plus-rate-deterministic,3,8
2,4,2,1024,262144,1048576,cycle,8,random,os-getrandom,random-old-and-new-paths,post,164,1048576,1.00000000000000000,-0.000000000,fixed,1,access-plus-rate-deterministic,3,8
2,4,2,1024,262144,1048576,cycle,8,random,os-getrandom,random-old-and-new-paths,post,165,1048576,1.00000000000000000,-0.000000000,fixed,1,access-plus-rate-deterministic,3,8
2,4,2,1024,262144,1048576,cycle,8,random,os-getrandom,random-old-and-new-paths,post,166,1048576,1.00000000000000000,-0.000000000,fixed,1,access-plus-rate-deterministic,3,8
2,4,2,1024,262144,1048576,cycle,8,random,os-getrandom,random-old-and-new-paths,post,167,1048576,1.00000000000000000,-0.000000000,fixed,1,access-plus-rate-deterministic,3,8
2,4,2,1024,262144,1048576,cycle,8,random,os-getrandom,random-old-and-new-paths,post,168,1048576,1.00000000000000000,-0.000000000,fixed,1,access-plus-rate-deterministic,3,8
2,4,2,1024,262144,1048576,cycle,8,random,os-getrandom,random-old-and-new-paths,post,169,1048576,1.00000000000000000,-0.000000000,fixed,1,access-plus-rate-deterministic,3,8
2,4,2,1024,262144,1048576,cycle,8,random,os-getrandom,random-old-and-new-paths,post,170,1048576,1.00000000000000000,-0.000000000,fixed,1,access-plus-rate-deterministic,3,8
2,4,2,1024,262144,1048576,cycle,8,random,os-getrandom,random-old-and-new-paths,post,171,1048576,1.00000000000000000,-0.000000000,fixed,1,access-plus-rate-deterministic,3,8
2,4,2,1024,262144,1048576,cycle,8,random,os-getrandom,random-old-and-new-paths,post,172,1048576,1.00000000000000000,-0.000000000,fixed,1,access-plus-rate-deterministic,3,8
2,4,2,1024,262144,1048576,cycle,8,random,os-getrandom,random-old-and-new-paths,post,173,1048576,1.00000000000000000,-0.000000000,fixed,1,access-plus-rate-deterministic,3,8
2,4,2,1024,262144,1048576,cycle,8,random,os-getrandom,random-old-and-new-paths,post,174,1048576,1.00000000000000000,-0.000000000,fixed,1,access-plus-rate-deterministic,3,8
2,4,2,1024,262144,1048576,cycle,8,random,os-getrandom,random-old-and-new-paths,post,175,1048576,1.00000000000000000,-0.000000000,fixed,1,access-plus-rate-deterministic,3,8
2,4,2,1024,262144,1048576,cycle,8,random,os-getrandom,random-old-and-new-paths,post,176,1048576,1.00000000000000000,-0.000000000,fixed,1,access-plus-rate-deterministic,3,8
2,4,2,1024,262144,1048576,cycle,8,random,os-getrandom,random-old-and-new-paths,post,177,1048576,1.00000000000000000,-0.000000000,fixed,1,access-plus-rate-deterministic,3,8
2,4,2,1024,262144,1048576,cycle,8,random,os-getrandom,random-old-and-new-paths,post,178,1048576,1.00000000000000000,-0.000000000,fixed,1,access-plus-rate-deterministic,3,8
2,4,2,1024,262144,1048576,cycle,8,random,os-getrandom,random-old-and-new-paths,post,179,1048576,1.00000000000000000,-0.000000000,fixed,1,access-plus-rate-deterministic,3,8
2,4,2,1024,262144,1048576,cycle,8,random,os-getrandom,random-old-and-new-paths,post,180,1048576,1.00000000000000000,-0.000000000,fixed,1,access-plus-rate-deterministic,3,8
2,4,2,1024,262144,1048576,cycle,8,random,os-getrandom,random-old-and-new-paths,post,181,1048576,1.00000000000000000,-0.000000000,fixed,1,access-plus-rate-deterministic,3,8
2,4,2,1024,262144,1048576,cycle,8,random,os-getrandom,random-old-and-new-paths,post,182,1048576,1.00000000000000000,-0.000000000,fixed,1,access-plus-rate-deterministic,3,8
2,4,2,1024,262144,1048576,cycle,8,random,os-getrandom,random-old-and-new-paths,post,183,1048576,1.00000000000000000,-0.000000000,fixed,1,access-plus-rate-deterministic,3,8
2,4,2,1024,262144,1048576,cycle,8,random,os-getrandom,random-old-and-new-paths,post,184,1048576,1.00000000000000000,-0.000000000,fixed,1,access-plus-rate-deterministic,3,8
2,4,2,1024,262144,1048576,cycle,8,random,os-getrandom,random-old-and-new-paths,post,185,1048576,1.00000000000000000,-0.000000000,fixed,1,access-plus-rate-deterministic,3,8
2,4,2,1024,262144,1048576,cycle,8,random,os-getrandom,random-old-and-new-paths,post,186,1048576,1.00000000000000000,-0.000000000,fixed,1,access-plus-rate-deterministic,3,8
2,4,2,1024,262144,1048576,cycle,8,random,os-getrandom,random-old-and-new-paths,post,187,1048576,1.00000000000000000,-0.000000000,fixed,1,access-plus-rate-deterministic,3,8
2,4,2,1024,262144,1048576,cycle,8,random,os-getrandom,random-old-and-new-paths,post,188,1048576,1.00000000000000000,-0.000000000,fixed,1,access-plus-rate-deterministic,3,8
2,4,2,1024,262144,1048576,cycle,8,random,os-getrandom,random-old-and-new-paths,post,189,1048576,1.00000000000000000,-0.000000000,fixed,1,access-plus-rate-deterministic,3,8
2,4,2,1024,262144,1048576,cycle,8,random,os-getrandom,random-old-and-new-paths,post,190,1048576,1.00000000000000000,-0.000000000,fixed,1,access-plus-rate-deterministic,3,8
2,4,2,1024,262144,1048576,cycle,8,random,os-getrandom,random-old-and-new-paths,post,191,1048576,1.00000000000000000,-0.000000000,fixed,1,access-plus-rate-deterministic,3,8
2,4,2,1024,262144,1048576,cycle,8,random,os-getrandom,random-old-and-new-paths,post,192,1048576,1.00000000000000000,-0.000000000,fixed,1,access-plus-rate-deterministic,3,8
2,4,2,1024,262144,1048576,cycle,8,random,os-getrandom,random-old-and-new-paths,post,193,1048576,1.00000000000000000,-0.000000000,fixed,1,access-plus-rate-deterministic,3,8
2,4,2,1024,262144,1048576,cycle,8,random,os-getrandom,random-old-and-new-paths,post,194,1048576,1.00000000000000000,-0.000000000,fixed,1,access-plus-rate-deterministic,3,8
2,4,2,1024,262144,1048576,cycle,8,random,os-getrandom,random-old-and-new-paths,post,195,1048576,1.00000000000000000,-0.000000000,fixed,1,access-plus-rate-deterministic,3,8
2,4,2,1024,262144,1048576,cycle,8,random,os-getrandom,random-old-and-new-paths,post,196,1048576,1.00000000000000000,-0.000000000,fixed,1,access-plus-rate-deterministic,3,8
2,4,2,1024,262144,1048576,cycle,8,random,os-getrandom,random-old-and-new-paths,post,197,1048576,1.00000000000000000,-0.000000000,fixed,1,access-plus-rate-deterministic,3,8
2,4,2,1024,262144,1048576,cycle,8,random,os-getrandom,random-old-and-new-paths,post,198,1048576,1.00000000000000000,-0.000000000,fixed,1,access-plus-rate-deterministic,3,8
2,4,2,1024,262144,1048576,cycle,8,random,os-getrandom,random-old-and-new-paths,post,199,1048576,1.00000000000000000,-0.000000000,fixed,1,access-plus-rate-deterministic,3,8
2,4,2,1024,262144,1048576,cycle,8,random,os-getrandom,random-old-and-new-paths,post,200,1048576,1.00000000000000000,-0.000000000,fixed,1,access-plus-rate-deterministic,3,8
2,4,2,1024,262144,1048576,cycle,8,random,os-getrandom,random-old-and-new-paths,post,201,1048576,1.00000000000000000,-0.000000000,fixed,1,access-plus-rate-deterministic,3,8
2,4,2,1024,262144,1048576,cycle,8,random,os-getrandom,random-old-and-new-paths,post,202,1048576,1.00000000000000000,-0.000000000,fixed,1,access-plus-rate-deterministic,3,8
2,4,2,1024,262144,1048576,cycle,8,random,os-getrandom,random-old-and-new-paths,post,203,1048576,1.00000000000000000,-0.000000000,fixed,1,access-plus-rate-deterministic,3,8
2,4,2,1024,262144,1048576,cycle,8,random,os-getrandom,random-old-and-new-paths,post,204,1048576,1.00000000000000000,-0.000000000,fixed,1,access-plus-rate-deterministic,3,8
2,4,2,1024,262144,1048576,cycle,8,random,os-getrandom,random-old-and-new-paths,post,205,1048576,1.00000000000000000,-0.000000000,fixed,1,access-plus-rate-deterministic,3,8
2,4,2,1024,262144,1048576,cycle,8,random,os-getrandom,random-old-and-new-paths,post,206,1048576,1.00000000000000000,-0.000000000,fixed,1,access-plus-rate-deterministic,3,8
2,4,2,1024,262144,1048576,cycle,8,random,os-getrandom,random-old-and-new-paths,post,207,1048576,1.00000000000000000,-0.000000000,fixed,1,access-plus-rate-deterministic,3,8
2,4,2,1024,262144,1048576,cycle,8,random,os-getrandom,random-old-and-new-paths,post,208,1048576,1.00000000000000000,-0.000000000,fixed,1,access-plus-rate-deterministic,3,8
2,4,2,1024,262144,1048576,cycle,8,random,os-getrandom,random-old-and-new-paths,post,209,1048576,1.00000000000000000,-0.000000000,fixed,1,access-plus-rate-deterministic,3,8
2,4,2,1024,262144,1048576,cycle,8,random,os-getrandom,random-old-and-new-paths,post,210,1048576,1.00000000000000000,-0.000000000,fixed,1,access-plus-rate-deterministic,3,8
2,4,2,1024,262144,1048576,cycle,8,random,os-getrandom,random-old-and-new-paths,post,211,1048576,1.00000000000000000,-0.000000000,fixed,1,access-plus-rate-deterministic,3,8
2,4,2,1024,262144,1048576,cycle,8,random,os-getrandom,random-old-and-new-paths,post,212,1048576,1.00000000000000000,-0.000000000,fixed,1,access-plus-rate-deterministic,3,8
2,4,2,1024,262144,1048576,cycle,8,random,os-getrandom,random-old-and-new-paths,post,213,1048576,1.00000000000000000,-0.000000000,fixed,1,access-plus-rate-deterministic,3,8
2,4,2,1024,262144,1048576,cycle,8,random,os-getrandom,random-old-and-new-paths,post,214,1048576,1.00000000000000000,-0.000000000,fixed,1,access-plus-rate-deterministic,3,8
2,4,2,1024,262144,1048576,cycle,8,random,os-getrandom,random-old-and-new-paths,post,215,1048576,1.00000000000000000,-0.000000000,fixed,1,access-plus-rate-deterministic,3,8
2,4,2,1024,262144,1048576,cycle,8,random,os-getrandom,random-old-and-new-paths,post,216,1048576,1.00000000000000000,-0.000000000,fixed,1,access-plus-rate-deterministic,3,8
2,4,2,1024,262144,1048576,cycle,8,random,os-getrandom,random-old-and-new-paths,post,217,1048576,1.00000000000000000,-0.000000000,fixed,1,access-plus-rate-deterministic,3,8
2,4,2,1024,262144,1048576,cycle,8,random,os-getrandom,random-old-and-new-paths,post,218,1048576,1.00000000000000000,-0.000000000,fixed,1,access-plus-rate-deterministic,3,8
2,4,2,1024,262144,1048576,cycle,8,random,os-getrandom,random-old-and-new-paths,post,219,1048576,1.00000000000000000,-0.000000000,fixed,1,access-plus-rate-deterministic,3,8
2,4,2,1024,262144,1048576,cycle,8,random,os-getrandom,random-old-and-new-paths,post,220,1048576,1.00000000000000000,-0.000000000,fixed,1,access-plus-rate-deterministic,3,8
2,4,2,1024,262144,1048576,cycle,8,random,os-getrandom,random-old-and-new-paths,post,221,1048576,1.00000000000000000,-0.000000000,fixed,1,access-plus-rate-deterministic,3,8
2,4,2,1024,262144,1048576,cycle,8,random,os-getrandom,random-old-and-new-paths,post,222,1048576,1.00000000000000000,-0.000000000,fixed,1,access-plus-rate-deterministic,3,8
2,4,2,1024,262144,1048576,cycle,8,random,os-getrandom,random-old-and-new-paths,post,223,1048576,1.00000000000000000,-0.000000000,fixed,1,access-plus-rate-deterministic,3,8
2,4,2,1024,262144,1048576,cycle,8,random,os-getrandom,random-old-and-new-paths,post,224,1048576,1.00000000000000000,-0.000000000,fixed,1,access-plus-rate-deterministic,3,8
2,4,2,1024,262144,1048576,cycle,8,random,os-getrandom,random-old-and-new-paths,post,225,1048576,1.00000000000000000,-0.000000000,fixed,1,access-plus-rate-deterministic,3,8
2,4,2,1024,262144,1048576,cycle,8,random,os-getrandom,random-old-and-new-paths,post,226,1048576,1.00000000000000000,-0.000000000,fixed,1,access-plus-rate-deterministic,3,8
2,4,2,1024,262144,1048576,cycle,8,random,os-getrandom,random-old-and-new-paths,post,227,1048576,1.00000000000000000,-0.000000000,fixed,1,access-plus-rate-deterministic,3,8
2,4,2,1024,262144,1048576,cycle,8,random,os-getrandom,random-old-and-new-paths,post,228,1048576,1.00000000000000000,-0.000000000,fixed,1,access-plus-rate-deterministic,3,8
2,4,2,1024,262144,1048576,cycle,8,random,os-getrandom,random-old-and-new-paths,post,229,1048576,1.00000000000000000,-0.000000000,fixed,1,access-plus-rate-deterministic,3,8
2,4,2,1024,262144,1048576,cycle,8,random,os-getrandom,random-old-and-new-paths,post,230,1048576,1.00000000000000000,-0.000000000,fixed,1,access-plus-rate-deterministic,3,8
2,4,2,1024,262144,1048576,cycle,8,random,os-getrandom,random-old-and-new-paths,post,231,1048576,1.00000000000000000,-0.000000000,fixed,1,access-plus-rate-deterministic,3,8
2,4,2,1024,262144,1048576,cycle,8,random,os-getrandom,random-old-and-new-paths,post,232,1048576,1.00000000000000000,-0.000000000,fixed,1,access-plus-rate-deterministic,3,8
2,4,2,1024,262144,1048576,cycle,8,random,os-getrandom,random-old-and-new-paths,post,233,1048576,1.00000000000000000,-0.000000000,fixed,1,access-plus-rate-deterministic,3,8
2,4,2,1024,262144,1048576,cycle,8,random,os-getrandom,random-old-and-new-paths,post,234,1048576,1.00000000000000000,-0.000000000,fixed,1,access-plus-rate-deterministic,3,8
2,4,2,1024,262144,1048576,cycle,8,random,os-getrandom,random-old-and-new-paths,post,235,1048576,1.00000000000000000,-0.000000000,fixed,1,access-plus-rate-deterministic,3,8
2,4,2,1024,262144,1048576,cycle,8,random,os-getrandom,random-old-and-new-paths,post,236,1048576,1.00000000000000000,-0.000000000,fixed,1,access-plus-rate-deterministic,3,8
2,4,2,1024,262144,1048576,cycle,8,random,os-getrandom,random-old-and-new-paths,post,237,1048576,1.00000000000000000,-0.000000000,fixed,1,access-plus-rate-deterministic,3,8
2,4,2,1024,262144,1048576,cycle,8,random,os-getrandom,random-old-and-new-paths,post,238,1048576,1.00000000000000000,-0.000000000,fixed,1,access-plus-rate-deterministic,3,8
2,4,2,1024,262144,1048576,cycle,8,random,os-getrandom,random-old-and-new-paths,post,239,1048576,1.00000000000000000,-0.000000000,fixed,1,access-plus-rate-deterministic,3,8
2,4,2,1024,262144,1048576,cycle,8,random,os-getrandom,random-old-and-new-paths,post,240,1048576,1.00000000000000000,-0.000000000,fixed,1,access-plus-rate-deterministic,3,8
2,4,2,1024,262144,1048576,cycle,8,random,os-getrandom,random-old-and-new-paths,post,241,1048576,1.00000000000000000,-0.000000000,fixed,1,access-plus-rate-deterministic,3,8
2,4,2,1024,262144,1048576,cycle,8,random,os-getrandom,random-old-and-new-paths,post,242,1048576,1.00000000000000000,-0.000000000,fixed,1,access-plus-rate-deterministic,3,8
2,4,2,1024,262144,1048576,cycle,8,random,os-getrandom,random-old-and-new-paths,post,243,1048576,1.00000000000000000,-0.000000000,fixed,1,access-plus-rate-deterministic,3,8
2,4,2,1024,262144,1048576,cycle,8,random,os-getrandom,random-old-and-new-paths,post,244,1048576,1.00000000000000000,-0.000000000,fixed,1,access-plus-rate-deterministic,3,8
2,4,2,1024,262144,1048576,cycle,8,random,os-getrandom,random-old-and-new-paths,post,245,1048576,1.00000000000000000,-0.000000000,fixed,1,access-plus-rate-deterministic,3,8
2,4,2,1024,262144,1048576,cycle,8,random,os-getrandom,random-old-and-new-paths,post,246,1048576,1.00000000000000000,-0.000000000,fixed,1,access-plus-rate-deterministic,3,8
2,4,2,1024,262144,1048576,cycle,8,random,os-getrandom,random-old-and-new-paths,post,247,1048576,1.00000000000000000,-0.000000000,fixed,1,access-plus-rate-deterministic,3,8
2,4,2,1024,262144,1048576,cycle,8,random,os-getrandom,random-old-and-new-paths,post,248,1048576,1.00000000000000000,-0.000000000,fixed,1,access-plus-rate-deterministic,3,8
2,4,2,1024,262144,1048576,cycle,8,random,os-getrandom,random-old-and-new-paths,post,249,1048576,1.00000000000000000,-0.000000000,fixed,1,access-plus-rate-deterministic,3,8
2,4,2,1024,262144,1048576,cycle,8,random,os-getrandom,random-old-and-new-paths,post,250,1048576,1.00000000000000000,-0.000000000,fixed,1,access-plus-rate-deterministic,3,8
2,4,2,1024,262144,1048576,cycle,8,random,os-getrandom,random-old-and-new-paths,post,251,1048576,1.00000000000000000,-0.000000000,fixed,1,access-plus-rate-deterministic,3,8
2,4,2,1024,262144,1048576,cycle,8,random,os-getrandom,random-old-and-new-paths,post,252,1048576,1.00000000000000000,-0.000000000,fixed,1,access-plus-rate-deterministic,3,8
2,4,2,1024,262144,1048576,cycle,8,random,os-getrandom,random-old-and-new-paths,post,253,1048576,1.00000000000000000,-0.000000000,fixed,1,access-plus-rate-deterministic,3,8
2,4,2,1024,262144,1048576,cycle,8,random,os-getrandom,random-old-and-new-paths,post,254,1048576,1.00000000000000000,-0.000000000,fixed,1,access-plus-rate-deterministic,3,8
2,4,2,1024,262144,1048576,cycle,8,random,os-getrandom,random-old-and-new-paths,post,255,1048576,1.00000000000000000,-0.000000000,fixed,1,access-plus-rate-deterministic,3,8
2,4,2,1024,262144,1048576,cycle,8,random,os-getrandom,random-old-and-new-paths,post,256,1048576,1.00000000000000000,-0.000000000,fixed,1,access-plus-rate-deterministic,3,8
2,4,2,1024,262144,1048576,cycle,8,random,os-getrandom,random-old-and-new-paths,post,257,1048576,1.00000000000000000,-0.000000000,fixed,1,access-plus-rate-deterministic,3,8
2,4,2,1024,262144,1048576,cycle,8,random,os-getrandom,random-old-and-new-paths,post,258,1048576,1.00000000000000000,-0.000000000,fixed,1,access-plus-rate-deterministic,3,8
2,4,2,1024,262144,1048576,cycle,8,random,os-getrandom,random-old-and-new-paths,post,259,1048576,1.00000000000000000,-0.000000000,fixed,1,access-plus-rate-deterministic,3,8
2,4,2,1024,262144,1048576,cycle,8,random,os-getrandom,random-old-and-new-paths,post,260,1048576,1.00000000000000000,-0.000000000,fixed,1,access-plus-rate-deterministic,3,8
2,4,2,1024,262144,1048576,cycle,8,random,os-getrandom,random-old-and-new-paths,post,261,1048576,1.00000000000000000,-0.000000000,fixed,1,access-plus-rate-deterministic,3,8
2,4,2,1024,262144,1048576,cycle,8,random,os-getrandom,random-old-and-new-paths,post,262,1048576,1.00000000000000000,-0.000000000,fixed,1,access-plus-rate-deterministic,3,8
2,4,2,1024,262144,1048576,cycle,8,random,os-getrandom,random-old-and-new-paths,post,263,1048576,1.00000000000000000,-0.000000000,fixed,1,access-plus-rate-deterministic,3,8
2,4,2,1024,262144,1048576,cycle,8,random,os-getrandom,random-old-and-new-paths,post,264,1048576,1.00000000000000000,-0.000000000,fixed,1,access-plus-rate-deterministic,3,8
2,4,2,1024,262144,1048576,cycle,8,random,os-getrandom,random-old-and-new-paths,post,265,1048576,1.00000000000000000,-0.000000000,fixed,1,access-plus-rate-deterministic,3,8
2,4,2,1024,262144,1048576,cycle,8,random,os-getrandom,random-old-and-new-paths,post,266,1048576,1.00000000000000000,-0.000000000,fixed,1,access-plus-rate-deterministic,3,8
2,4,2,1024,262144,1048576,cycle,8,random,os-getrandom,random-old-and-new-paths,post,267,1048576,1.00000000000000000,-0.000000000,fixed,1,access-plus-rate-deterministic,3,8
2,4,2,1024,262144,1048576,cycle,8,random,os-getrandom,random-old-and-new-paths,post,268,1048576,1.00000000000000000,-0.000000000,fixed,1,access-plus-rate-deterministic,3,8
2,4,2,1024,262144,1048576,cycle,8,random,os-getrandom,random-old-and-new-paths,post,269,1048576,1.00000000000000000,-0.000000000,fixed,1,access-plus-rate-deterministic,3,8
2,4,2,1024,262144,1048576,cycle,8,random,os-getrandom,random-old-and-new-paths,post,270,1048576,1.00000000000000000,-0.000000000,fixed,1,access-plus-rate-deterministic,3,8
2,4,2,1024,262144,1048576,cycle,8,random,os-getrandom,random-old-and-new-paths,post,271,1048576,1.00000000000000000,-0.000000000,fixed,1,access-plus-rate-deterministic,3,8
2,4,2,1024,262144,1048576,cycle,8,random,os-getrandom,random-old-and-new-paths,post,272,1048576,1.00000000000000000,-0.000000000,fixed,1,access-plus-rate-deterministic,3,8
2,4,2,1024,262144,1048576,cycle,8,random,os-getrandom,random-old-and-new-paths,post,273,1048576,1.00000000000000000,-0.000000000,fixed,1,access-plus-rate-deterministic,3,8
2,4,2,1024,262144,1048576,cycle,8,random,os-getrandom,random-old-and-new-paths,post,274,1048576,1.00000000000000000,-0.000000000,fixed,1,access-plus-rate-deterministic,3,8
2,4,2,1024,262144,1048576,cycle,8,random,os-getrandom,random-old-and-new-paths,post,275,1048576,1.00000000000000000,-0.000000000,fixed,1,access-plus-rate-deterministic,3,8
2,4,2,1024,262144,1048576,cycle,8,random,os-getrandom,random-old-and-new-paths,post,276,1048576,1.00000000000000000,-0.000000000,fixed,1,access-plus-rate-deterministic,3,8
2,4,2,1024,262144,1048576,cycle,8,random,os-getrandom,random-old-and-new-paths,post,277,1048576,1.00000000000000000,-0.000000000,fixed,1,access-plus-rate-deterministic,3,8
2,4,2,1024,262144,1048576,cycle,8,random,os-getrandom,random-old-and-new-paths,post,278,1048576,1.00000000000000000,-0.000000000,fixed,1,access-plus-rate-deterministic,3,8
2,4,2,1024,262144,1048576,cycle,8,random,os-getrandom,random-old-and-new-paths,post,279,1048576,1.00000000000000000,-0.000000000,fixed,1,access-plus-rate-deterministic,3,8
2,4,2,1024,262144,1048576,cycle,8,random,os-getrandom,random-old-and-new-paths,post,280,1048576,1.00000000000000000,-0.000000000,fixed,1,access-plus-rate-deterministic,3,8
2,4,2,1024,262144,1048576,cycle,8,random,os-getrandom,random-old-and-new-paths,post,281,1048576,1.00000000000000000,-0.000000000,fixed,1,access-plus-rate-deterministic,3,8
2,4,2,1024,262144,1048576,cycle,8,random,os-getrandom,random-old-and-new-paths,post,282,1048576,1.00000000000000000,-0.000000000,fixed,1,access-plus-rate-deterministic,3,8
2,4,2,1024,262144,1048576,cycle,8,random,os-getrandom,random-old-and-new-paths,post,283,1048576,1.00000000000000000,-0.000000000,fixed,1,access-plus-rate-deterministic,3,8
2,4,2,1024,262144,1048576,cycle,8,random,os-getrandom,random-old-and-new-paths,post,284,1048576,1.00000000000000000,-0.000000000,fixed,1,access-plus-rate-deterministic,3,8
2,4,2,1024,262144,1048576,cycle,8,random,os-getrandom,random-old-and-new-paths,post,285,1048576,1.00000000000000000,-0.000000000,fixed,1,access-plus-rate-deterministic,3,8
2,4,2,1024,262144,1048576,cycle,8,random,os-getrandom,random-old-and-new-paths,post,286,1048576,1.00000000000000000,-0.000000000,fixed,1,access-plus-rate-deterministic,3,8
2,4,2,1024,262144,1048576,cycle,8,random,os-getrandom,random-old-and-new-paths,post,287,1048576,1.00000000000000000,-0.000000000,fixed,1,access-plus-rate-deterministic,3,8
2,4,2,1024,262144,1048576,cycle,8,random,os-getrandom,random-old-and-new-paths,post,288,1048576,1.00000000000000000,-0.000000000,fixed,1,access-plus-rate-deterministic,3,8
2,4,2,1024,262144,1048576,cycle,8,random,os-getrandom,random-old-and-new-paths,post,289,1048576,1.00000000000000000,-0.000000000,fixed,1,access-plus-rate-deterministic,3,8
2,4,2,1024,262144,1048576,cycle,8,random,os-getrandom,random-old-and-new-paths,post,290,1048576,1.00000000000000000,-0.000000000,fixed,1,access-plus-rate-deterministic,3,8
2,4,2,1024,262144,1048576,cycle,8,random,os-getrandom,random-old-and-new-paths,post,291,1048576,1.00000000000000000,-0.000000000,fixed,1,access-plus-rate-deterministic,3,8
2,4,2,1024,262144,1048576,cycle,8,random,os-getrandom,random-old-and-new-paths,post,292,1048576,1.00000000000000000,-0.000000000,fixed,1,access-plus-rate-deterministic,3,8
2,4,2,1024,262144,1048576,cycle,8,random,os-getrandom,random-old-and-new-paths,post,293,1048576,1.00000000000000000,-0.000000000,fixed,1,access-plus-rate-deterministic,3,8
2,4,2,1024,262144,1048576,cycle,8,random,os-getrandom,random-old-and-new-paths,post,294,1048576,1.00000000000000000,-0.000000000,fixed,1,access-plus-rate-deterministic,3,8
2,4,2,1024,262144,1048576,cycle,8,random,os-getrandom,random-old-and-new-paths,post,295,1048576,1.00000000000000000,-0.000000000,fixed,1,access-plus-rate-deterministic,3,8
2,4,2,1024,262144,1048576,cycle,8,random,os-getrandom,random-old-and-new-paths,post,296,1048576,1.00000000000000000,-0.000000000,fixed,1,access-plus-rate-deterministic,3,8
2,4,2,1024,262144,1048576,cycle,8,random,os-getrandom,random-old-and-new-paths,post,297,1048576,1.00000000000000000,-0.000000000,fixed,1,access-plus-rate-deterministic,3,8
2,4,2,1024,262144,1048576,cycle,8,random,os-getrandom,random-old-and-new-paths,post,298,1048576,1.00000000000000000,-0.000000000,fixed,1,access-plus-rate-deterministic,3,8
2,4,2,1024,262144,1048576,cycle,8,random,os-getrandom,random-old-and-new-paths,post,299,1048576,1.00000000000000000,-0.000000000,fixed,1,access-plus-rate-deterministic,3,8
2,4,2,1024,262144,1048576,cycle,8,random,os-getrandom,random-old-and-new-paths,post,300,1048576,1.00000000000000000,-0.000000000,fixed,1,access-plus-rate-deterministic,3,8
2,4,2,1024,262144,1048576,cycle,8,random,os-getrandom,random-old-and-new-paths,post,301,1048576,1.00000000000000000,-0.000000000,fixed,1,access-plus-rate-deterministic,3,8
2,4,2,1024,262144,1048576,cycle,8,random,os-getrandom,random-old-and-new-paths,post,302,1048576,1.00000000000000000,-0.000000000,fixed,1,access-plus-rate-deterministic,3,8
2,4,2,1024,262144,1048576,cycle,8,random,os-getrandom,random-old-and-new-paths,post,303,1048576,1.00000000000000000,-0.000000000,fixed,1,access-plus-rate-deterministic,3,8
2,4,2,1024,262144,1048576,cycle,8,random,os-getrandom,random-old-and-new-paths,post,304,1048576,1.00000000000000000,-0.000000000,fixed,1,access-plus-rate-deterministic,3,8
2,4,2,1024,262144,1048576,cycle,8,random,os-getrandom,random-old-and-new-paths,post,305,1048576,1.00000000000000000,-0.000000000,fixed,1,access-plus-rate-deterministic,3,8
2,4,2,1024,262144,1048576,cycle,8,random,os-getrandom,random-old-and-new-paths,post,306,1048576,1.00000000000000000,-0.000000000,fixed,1,access-plus-rate-deterministic,3,8
2,4,2,1024,262144,1048576,cycle,8,random,os-getrandom,random-old-and-new-paths,post,307,1048576,1.00000000000000000,-0.000000000,fixed,1,access-plus-rate-deterministic,3,8
2,4,2,1024,262144,1048576,cycle,8,random,os-getrandom,random-old-and-new-paths,post,308,1048576,1.00000000000000000,-0.000000000,fixed,1,access-plus-rate-deterministic,3,8
2,4,2,1024,262144,1048576,cycle,8,random,os-getrandom,random-old-and-new-paths,post,309,1048576,1.00000000000000000,-0.000000000,fixed,1,access-plus-rate-deterministic,3,8
2,4,2,1024,262144,1048576,cycle,8,random,os-getrandom,random-old-and-new-paths,post,310,1048576,1.00000000000000000,-0.000000000,fixed,1,access-plus-rate-deterministic,3,8
2,4,2,1024,262144,1048576,cycle,8,random,os-getrandom,random-old-and-new-paths,post,311,1048576,1.00000000000000000,-0.000000000,fixed,1,access-plus-rate-deterministic,3,8
2,4,2,1024,262144,1048576,cycle,8,random,os-getrandom,random-old-and-new-paths,post,312,1048576,1.00000000000000000,-0.000000000,fixed,1,access-plus-rate-deterministic,3,8
2,4,2,1024,262144,1048576,cycle,8,random,os-getrandom,random-old-and-new-paths,post,313,1048576,1.00000000000000000,-0.000000000,fixed,1,access-plus-rate-deterministic,3,8
2,4,2,1024,262144,1048576,cycle,8,random,os-getrandom,random-old-and-new-paths,post,314,1048576,1.00000000000000000,-0.000000000,fixed,1,access-plus-rate-deterministic,3,8
2,4,2,1024,262144,1048576,cycle,8,random,os-getrandom,random-old-and-new-paths,post,315,1048576,1.00000000000000000,-0.000000000,fixed,1,access-plus-rate-deterministic,3,8
2,4,2,1024,262144,1048576,cycle,8,random,os-getrandom,random-old-and-new-paths,post,316,1048576,1.00000000000000000,-0.000000000,fixed,1,access-plus-rate-deterministic,3,8
2,4,2,1024,262144,1048576,cycle,8,random,os-getrandom,random-old-and-new-paths,post,317,1048576,1.00000000000000000,-0.000000000,fixed,1,access-plus-rate-deterministic,3,8
2,4,2,1024,262144,1048576,cycle,8,random,os-getrandom,random-old-and-new-paths,post,318,1048576,1.00000000000000000,-0.000000000,fixed,1,access-plus-rate-deterministic,3,8
2,4,2,1024,262144,1048576,cycle,8,random,os-getrandom,random-old-and-new-paths,post,319,1048576,1.00000000000000000,-0.000000000,fixed,1,access-plus-rate-deterministic,3,8
2,4,2,1024,262144,1048576,cycle,8,random,os-getrandom,random-old-and-new-paths,post,320,1048576,1.00000000000000000,-0.000000000,fixed,1,access-plus-rate-deterministic,3,8
2,4,2,1024,262144,1048576,cycle,8,random,os-getrandom,random-old-and-new-paths,post,321,1048576,1.00000000000000000,-0.000000000,fixed,1,access-plus-rate-deterministic,3,8
2,4,2,1024,262144,1048576,cycle,8,random,os-getrandom,random-old-and-new-paths,post,322,1048576,1.00000000000000000,-0.000000000,fixed,1,access-plus-rate-deterministic,3,8
2,4,2,1024,262144,1048576,cycle,8,random,os-getrandom,random-old-and-new-paths,post,323,1048576,1.00000000000000000,-0.000000000,fixed,1,access-plus-rate-deterministic,3,8
2,4,2,1024,262144,1048576,cycle,8,random,os-getrandom,random-old-and-new-paths,post,324,1048576,1.00000000000000000,-0.000000000,fixed,1,access-plus-rate-deterministic,3,8
2,4,2,1024,262144,1048576,cycle,8,random,os-getrandom,random-old-and-new-paths,post,325,1048576,1.00000000000000000,-0.000000000,fixed,1,access-plus-rate-deterministic,3,8
2,4,2,1024,262144,1048576,cycle,8,random,os-getrandom,random-old-and-new-paths,post,326,1048576,1.00000000000000000,-0.000000000,fixed,1,access-plus-rate-deterministic,3,8
2,4,2,1024,262144,1048576,cycle,8,random,os-getrandom,random-old-and-new-paths,post,327,1048576,1.00000000000000000,-0.000000000,fixed,1,access-plus-rate-deterministic,3,8
2,4,2,1024,262144,1048576,cycle,8,random,os-getrandom,random-old-and-new-paths,post,328,1048576,1.00000000000000000,-0.000000000,fixed,1,access-plus-rate-deterministic,3,8
2,4,2,1024,262144,1048576,cycle,8,random,os-getrandom,random-old-and-new-paths,post,329,1048576,1.00000000000000000,-0.000000000,fixed,1,access-plus-rate-deterministic,3,8
2,4,2,1024,262144,1048576,cycle,8,random,os-getrandom,random-old-and-new-paths,post,330,1048576,1.00000000000000000,-0.000000000,fixed,1,access-plus-rate-deterministic,3,8
2,4,2,1024,262144,1048576,cycle,8,random,os-getrandom,random-old-and-new-paths,post,331,1048576,1.00000000000000000,-0.000000000,fixed,1,access-plus-rate-deterministic,3,8
2,4,2,1024,262144,1048576,cycle,8,random,os-getrandom,random-old-and-new-paths,post,332,1048576,1.00000000000000000,-0.000000000,fixed,1,access-plus-rate-deterministic,3,8
2,4,2,1024,262144,1048576,cycle,8,random,os-getrandom,random-old-and-new-paths,post,333,1048576,1.00000000000000000,-0.000000000,fixed,1,access-plus-rate-deterministic,3,8
2,4,2,1024,262144,1048576,cycle,8,random,os-getrandom,random-old-and-new-paths,post,334,1048576,1.00000000000000000,-0.000000000,fixed,1,access-plus-rate-deterministic,3,8
2,4,2,1024,262144,1048576,cycle,8,random,os-getrandom,random-old-and-new-paths,post,335,1048576,1.00000000000000000,-0.000000000,fixed,1,access-plus-rate-deterministic,3,8
2,4,2,1024,262144,1048576,cycle,8,random,os-getrandom,random-old-and-new-paths,post,336,1048576,1.00000000000000000,-0.000000000,fixed,1,access-plus-rate-deterministic,3,8
2,4,2,1024,262144,1048576,cycle,8,random,os-getrandom,random-old-and-new-paths,post,337,1048576,1.00000000000000000,-0.000000000,fixed,1,access-plus-rate-deterministic,3,8
2,4,2,1024,262144,1048576,cycle,8,random,os-getrandom,random-old-and-new-paths,post,338,1048576,1.00000000000000000,-0.000000000,fixed,1,access-plus-rate-deterministic,3,8
2,4,2,1024,262144,1048576,cycle,8,random,os-getrandom,random-old-and-new-paths,post,339,1048576,1.00000000000000000,-0.000000000,fixed,1,access-plus-rate-deterministic,3,8
2,4,2,1024,262144,1048576,cycle,8,random,os-getrandom,random-old-and-new-paths,post,340,1048576,1.00000000000000000,-0.000000000,fixed,1,access-plus-rate-deterministic,3,8
2,4,2,1024,262144,1048576,cycle,8,random,os-getrandom,random-old-and-new-paths,post,341,1048576,1.00000000000000000,-0.000000000,fixed,1,access-plus-rate-deterministic,3,8
2,4,2,1024,262144,1048576,cycle,8,random,os-getrandom,random-old-and-new-paths,post,342,1048576,1.00000000000000000,-0.000000000,fixed,1,access-plus-rate-deterministic,3,8
2,4,2,1024,262144,1048576,cycle,8,random,os-getrandom,random-old-and-new-paths,post,343,1048576,1.00000000000000000,-0.000000000,fixed,1,access-plus-rate-deterministic,3,8
2,4,2,1024,262144,1048576,cycle,8,random,os-getrandom,random-old-and-new-paths,post,344,1048576,1.00000000000000000,-0.000000000,fixed,1,access-plus-rate-deterministic,3,8
2,4,2,1024,262144,1048576,cycle,8,random,os-getrandom,random-old-and-new-paths,post,345,1048576,1.00000000000000000,-0.000000000,fixed,1,access-plus-rate-deterministic,3,8
2,4,2,1024,262144,1048576,cycle,8,random,os-getrandom,random-old-and-new-paths,post,346,1048576,1.00000000000000000,-0.000000000,fixed,1,access-plus-rate-deterministic,3,8
2,4,2,1024,262144,1048576,cycle,8,random,os-getrandom,random-old-and-new-paths,post,347,1048576,1.00000000000000000,-0.000000000,fixed,1,access-plus-rate-deterministic,3,8
2,4,2,1024,262144,1048576,cycle,8,random,os-getrandom,random-old-and-new-paths,post,348,1048576,1.00000000000000000,-0.000000000,fixed,1,access-plus-rate-deterministic,3,8
2,4,2,1024,262144,1048576,cycle,8,random,os-getrandom,random-old-and-new-paths,post,349,1048576,1.00000000000000000,-0.000000000,fixed,1,access-plus-rate-deterministic,3,8
2,4,2,1024,262144,1048576,cycle,8,random,os-getrandom,random-old-and-new-paths,post,350,1048576,1.00000000000000000,-0.000000000,fixed,1,access-plus-rate-deterministic,3,8
2,4,2,1024,262144,1048576,cycle,8,random,os-getrandom,random-old-and-new-paths,post,351,1048576,1.00000000000000000,-0.000000000,fixed,1,access-plus-rate-deterministic,3,8
2,4,2,1024,262144,1048576,cycle,8,random,os-getrandom,random-old-and-new-paths,post,352,1048576,1.00000000000000000,-0.000000000,fixed,1,access-plus-rate-deterministic,3,8
2,4,2,1024,262144,1048576,cycle,8,random,os-getrandom,random-old-and-new-paths,post,353,1048576,1.00000000000000000,-0.000000000,fixed,1,access-plus-rate-deterministic,3,8
2,4,2,1024,262144,1048576,cycle,8,random,os-getrandom,random-old-and-new-paths,post,354,1048576,1.00000000000000000,-0.000000000,fixed,1,access-plus-rate-deterministic,3,8
2,4,2,1024,262144,1048576,cycle,8,random,os-getrandom,random-old-and-new-paths,post,355,1048576,1.00000000000000000,-0.000000000,fixed,1,access-plus-rate-deterministic,3,8
2,4,2,1024,262144,1048576,cycle,8,random,os-getrandom,random-old-and-new-paths,post,356,1048576,1.00000000000000000,-0.000000000,fixed,1,access-plus-rate-deterministic,3,8
2,4,2,1024,262144,1048576,cycle,8,random,os-getrandom,random-old-and-new-paths,post,357,1048576,1.00000000000000000,-0.000000000,fixed,1,access-plus-rate-deterministic,3,8
2,4,2,1024,262144,1048576,cycle,8,random,os-getrandom,random-old-and-new-paths,post,358,1048576,1.00000000000000000,-0.000000000,fixed,1,access-plus-rate-deterministic,3,8
2,4,2,1024,262144,1048576,cycle,8,random,os-getrandom,random-old-and-new-paths,post,359,1048576,1.00000000000000000,-0.000000000,fixed,1,access-plus-rate-deterministic,3,8
2,4,2,1024,262144,1048576,cycle,8,random,os-getrandom,random-old-and-new-paths,post,360,1048576,1.00000000000000000,-0.000000000,fixed,1,access-plus-rate-deterministic,3,8
2,4,2,1024,262144,1048576,cycle,8,random,os-getrandom,random-old-and-new-paths,post,361,1048576,1.00000000000000000,-0.000000000,fixed,1,access-plus-rate-deterministic,3,8
2,4,2,1024,262144,1048576,cycle,8,random,os-getrandom,random-old-and-new-paths,post,362,1048576,1.00000000000000000,-0.000000000,fixed,1,access-plus-rate-deterministic,3,8
2,4,2,1024,262144,1048576,cycle,8,random,os-getrandom,random-old-and-new-paths,post,363,1048576,1.00000000000000000,-0.000000000,fixed,1,access-plus-rate-deterministic,3,8
2,4,2,1024,262144,1048576,cycle,8,random,os-getrandom,random-old-and-new-paths,post,364,1048576,1.00000000000000000,-0.000000000,fixed,1,access-plus-rate-deterministic,3,8
2,4,2,1024,262144,1048576,cycle,8,random,os-getrandom,random-old-and-new-paths,post,365,1048576,1.00000000000000000,-0.000000000,fixed,1,access-plus-rate-deterministic,3,8
2,4,2,1024,262144,1048576,cycle,8,random,os-getrandom,random-old-and-new-paths,post,366,1048576,1.00000000000000000,-0.000000000,fixed,1,access-plus-rate-deterministic,3,8
2,4,2,1024,262144,1048576,cycle,8,random,os-getrandom,random-old-and-new-paths,post,367,1048576,1.00000000000000000,-0.000000000,fixed,1,access-plus-rate-deterministic,3,8
2,4,2,1024,262144,1048576,cycle,8,random,os-getrandom,random-old-and-new-paths,post,368,1048576,1.00000000000000000,-0.000000000,fixed,1,access-plus-rate-deterministic,3,8
2,4,2,1024,262144,1048576,cycle,8,random,os-getrandom,random-old-and-new-paths,post,369,1048576,1.00000000000000000,-0.000000000,fixed,1,access-plus-rate-deterministic,3,8
2,4,2,1024,262144,1048576,cycle,8,random,os-getrandom,random-old-and-new-paths,post,370,1048576,1.00000000000000000,-0.000000000,fixed,1,access-plus-rate-deterministic,3,8
2,4,2,1024,262144,1048576,cycle,8,random,os-getrandom,random-old-and-new-paths,post,371,1048576,1.00000000000000000,-0.000000000,fixed,1,access-plus-rate-deterministic,3,8
2,4,2,1024,262144,1048576,cycle,8,random,os-getrandom,random-old-and-new-paths,post,372,1048576,1.00000000000000000,-0.000000000,fixed,1,access-plus-rate-deterministic,3,8
2,4,2,1024,262144,1048576,cycle,8,random,os-getrandom,random-old-and-new-paths,post,373,1048576,1.00000000000000000,-0.000000000,fixed,1,access-plus-rate-deterministic,3,8
2,4,2,1024,262144,1048576,cycle,8,random,os-getrandom,random-old-and-new-paths,post,374,1048576,1.00000000000000000,-0.000000000,fixed,1,access-plus-rate-deterministic,3,8
2,4,2,1024,262144,1048576,cycle,8,random,os-getrandom,random-old-and-new-paths,post,375,1048576,1.00000000000000000,-0.000000000,fixed,1,access-plus-rate-deterministic,3,8
2,4,2,1024,262144,1048576,cycle,8,random,os-getrandom,random-old-and-new-paths,post,376,1048576,1.00000000000000000,-0.000000000,fixed,1,access-plus-rate-deterministic,3,8
2,4,2,1024,262144,1048576,cycle,8,random,os-getrandom,random-old-and-new-paths,post,377,1048576,1.00000000000000000,-0.000000000,fixed,1,access-plus-rate-deterministic,3,8
2,4,2,1024,262144,1048576,cycle,8,random,os-getrandom,random-old-and-new-paths,post,378,1048576,1.00000000000000000,-0.000000000,fixed,1,access-plus-rate-deterministic,3,8
2,4,2,1024,262144,1048576,cycle,8,random,os-getrandom,random-old-and-new-paths,post,379,1048575,0.99999904632568359,0.000001376,fixed,1,access-plus-rate-deterministic,3,8
2,4,2,1024,262144,1048576,cycle,8,random,os-getrandom,random-old-and-new-paths,post,380,1048550,0.99997520446777344,0.000035773,fixed,1,access-plus-rate-deterministic,3,8
2,4,2,1024,262144,1048576,cycle,8,random,os-getrandom,random-old-and-new-paths,post,381,1048496,0.99992370605468750,0.000110073,fixed,1,access-plus-rate-deterministic,3,8
2,4,2,1024,262144,1048576,cycle,8,random,os-getrandom,random-old-and-new-paths,post,382,1048417,0.99984836578369141,0.000218779,fixed,1,access-plus-rate-deterministic,3,8
2,4,2,1024,262144,1048576,cycle,8,random,os-getrandom,random-old-and-new-paths,post,383,1048284,0.99972152709960938,0.000401807,fixed,1,access-plus-rate-deterministic,3,8
2,4,2,1024,262144,1048576,cycle,8,random,os-getrandom,random-old-and-new-paths,post,384,1048145,0.99958896636962891,0.000593118,fixed,1,access-plus-rate-deterministic,3,8
2,4,2,1024,262144,1048576,cycle,8,random,os-getrandom,random-old-and-new-paths,post,385,1047983,0.99943447113037109,0.000816116,fixed,1,access-plus-rate-deterministic,3,8
2,4,2,1024,262144,1048576,cycle,8,random,os-getrandom,random-old-and-new-paths,post,386,1047821,0.99927997589111328,0.001039149,fixed,1,access-plus-rate-deterministic,3,8
2,4,2,1024,262144,1048576,cycle,8,random,os-getrandom,random-old-and-new-paths,post,387,1047671,0.99913692474365234,0.001245692,fixed,1,access-plus-rate-deterministic,3,8
2,4,2,1024,262144,1048576,cycle,8,random,os-getrandom,random-old-and-new-paths,post,388,1047426,0.99890327453613281,0.001583109,fixed,1,access-plus-rate-deterministic,3,8
2,4,2,1024,262144,1048576,cycle,8,random,os-getrandom,random-old-and-new-paths,post,389,1047132,0.99862289428710938,0.001988113,fixed,1,access-plus-rate-deterministic,3,8
2,4,2,1024,262144,1048576,cycle,8,random,os-getrandom,random-old-and-new-paths,post,390,1046772,0.99827957153320312,0.002484191,fixed,1,access-plus-rate-deterministic,3,8
2,4,2,1024,262144,1048576,cycle,8,random,os-getrandom,random-old-and-new-paths,post,391,1046375,0.99790096282958984,0.003031453,fixed,1,access-plus-rate-deterministic,3,8
2,4,2,1024,262144,1048576,cycle,8,random,os-getrandom,random-old-and-new-paths,post,392,1045886,0.99743461608886719,0.003705822,fixed,1,access-plus-rate-deterministic,3,8
2,4,2,1024,262144,1048576,cycle,8,random,os-getrandom,random-old-and-new-paths,post,393,1045341,0.99691486358642578,0.004457791,fixed,1,access-plus-rate-deterministic,3,8
2,4,2,1024,262144,1048576,cycle,8,random,os-getrandom,random-old-and-new-paths,post,394,1044683,0.99628734588623047,0.005366195,fixed,1,access-plus-rate-deterministic,3,8
2,4,2,1024,262144,1048576,cycle,8,random,os-getrandom,random-old-and-new-paths,post,395,1043807,0.99545192718505859,0.006576449,fixed,1,access-plus-rate-deterministic,3,8
2,4,2,1024,262144,1048576,cycle,8,random,os-getrandom,random-old-and-new-paths,post,396,1042728,0.99442291259765625,0.008068557,fixed,1,access-plus-rate-deterministic,3,8
2,4,2,1024,262144,1048576,cycle,8,random,os-getrandom,random-old-and-new-paths,post,397,1041465,0.99321842193603516,0.009817074,fixed,1,access-plus-rate-deterministic,3,8
2,4,2,1024,262144,1048576,cycle,8,random,os-getrandom,random-old-and-new-paths,post,398,1040020,0.99184036254882812,0.011820158,fixed,1,access-plus-rate-deterministic,3,8
2,4,2,1024,262144,1048576,cycle,8,random,os-getrandom,random-old-and-new-paths,post,399,1038281,0.99018192291259766,0.014234484,fixed,1,access-plus-rate-deterministic,3,8
2,4,2,1024,262144,1048576,cycle,8,random,os-getrandom,random-old-and-new-paths,post,400,1036365,0.98835468292236328,0.016899232,fixed,1,access-plus-rate-deterministic,3,8
2,4,2,1024,262144,1048576,cycle,8,random,os-getrandom,random-old-and-new-paths,post,401,1034360,0.98644256591796875,0.019693040,fixed,1,access-plus-rate-deterministic,3,8
2,4,2,1024,262144,1048576,cycle,8,random,os-getrandom,random-old-and-new-paths,post,402,1032333,0.98450946807861328,0.022523014,fixed,1,access-plus-rate-deterministic,3,8
2,4,2,1024,262144,1048576,cycle,8,random,os-getrandom,random-old-and-new-paths,post,403,1030318,0.98258781433105469,0.025341747,fixed,1,access-plus-rate-deterministic,3,8
2,4,2,1024,262144,1048576,cycle,8,random,os-getrandom,random-old-and-new-paths,post,404,1028028,0.98040390014648438,0.028551871,fixed,1,access-plus-rate-deterministic,3,8
2,4,2,1024,262144,1048576,cycle,8,random,os-getrandom,random-old-and-new-paths,post,405,1025576,0.97806549072265625,0.031997024,fixed,1,access-plus-rate-deterministic,3,8
2,4,2,1024,262144,1048576,cycle,8,random,os-getrandom,random-old-and-new-paths,post,406,1023009,0.97561740875244141,0.035612593,fixed,1,access-plus-rate-deterministic,3,8
2,4,2,1024,262144,1048576,cycle,8,random,os-getrandom,random-old-and-new-paths,post,407,1020357,0.97308826446533203,0.039357424,fixed,1,access-plus-rate-deterministic,3,8
2,4,2,1024,262144,1048576,cycle,8,random,os-getrandom,random-old-and-new-paths,post,408,1017671,0.97052669525146484,0.043160199,fixed,1,access-plus-rate-deterministic,3,8
2,4,2,1024,262144,1048576,cycle,8,random,os-getrandom,random-old-and-new-paths,post,409,1014842,0.96782875061035156,0.047176298,fixed,1,access-plus-rate-deterministic,3,8
2,4,2,1024,262144,1048576,cycle,8,random,os-getrandom,random-old-and-new-paths,post,410,1011943,0.96506404876708984,0.051303401,fixed,1,access-plus-rate-deterministic,3,8
2,4,2,1024,262144,1048576,cycle,8,random,os-getrandom,random-old-and-new-paths,post,411,1008892,0.96215438842773438,0.055659686,fixed,1,access-plus-rate-deterministic,3,8
2,4,2,1024,262144,1048576,cycle,8,random,os-getrandom,random-old-and-new-paths,post,412,1005509,0.95892810821533203,0.060505436,fixed,1,access-plus-rate-deterministic,3,8
2,4,2,1024,262144,1048576,cycle,8,random,os-getrandom,random-old-and-new-paths,post,413,1001984,0.95556640625000000,0.065571959,fixed,1,access-plus-rate-deterministic,3,8
2,4,2,1024,262144,1048576,cycle,8,random,os-getrandom,random-old-and-new-paths,post,414,998114,0.95187568664550781,0.071154923,fixed,1,access-plus-rate-deterministic,3,8
2,4,2,1024,262144,1048576,cycle,8,random,os-getrandom,random-old-and-new-paths,post,415,994240,0.94818115234375000,0.076765379,fixed,1,access-plus-rate-deterministic,3,8
2,4,2,1024,262144,1048576,cycle,8,random,os-getrandom,random-old-and-new-paths,post,416,990307,0.94443035125732422,0.082483689,fixed,1,access-plus-rate-deterministic,3,8
2,4,2,1024,262144,1048576,cycle,8,random,os-getrandom,random-old-and-new-paths,post,417,986264,0.94057464599609375,0.088385651,fixed,1,access-plus-rate-deterministic,3,8
2,4,2,1024,262144,1048576,cycle,8,random,os-getrandom,random-old-and-new-paths,post,418,982073,0.93657779693603516,0.094529258,fixed,1,access-plus-rate-deterministic,3,8
2,4,2,1024,262144,1048576,cycle,8,random,os-getrandom,random-old-and-new-paths,post,419,977761,0.93246555328369141,0.100877664,fixed,1,access-plus-rate-deterministic,3,8
2,4,2,1024,262144,1048576,cycle,8,random,os-getrandom,random-old-and-new-paths,post,420,972956,0.92788314819335938,0.107984962,fixed,1,access-plus-rate-deterministic,3,8
2,4,2,1024,262144,1048576,cycle,8,random,os-getrandom,random-old-and-new-paths,post,421,968068,0.92322158813476562,0.115251135,fixed,1,access-plus-rate-deterministic,3,8
2,4,2,1024,262144,1048576,cycle,8,random,os-getrandom,random-old-and-new-paths,post,422,962544,0.91795349121093750,0.123507035,fixed,1,access-plus-rate-deterministic,3,8
2,4,2,1024,262144,1048576,cycle,8,random,os-getrandom,random-old-and-new-paths,post,423,956357,0.91205310821533203,0.132810261,fixed,1,access-plus-rate-deterministic,3,8
2,4,2,1024,262144,1048576,cycle,8,random,os-getrandom,random-old-and-new-paths,post,424,949775,0.90577602386474609,0.142773744,fixed,1,access-plus-rate-deterministic,3,8
2,4,2,1024,262144,1048576,cycle,8,random,os-getrandom,random-old-and-new-paths,post,425,942823,0.89914608001708984,0.153372572,fixed,1,access-plus-rate-deterministic,3,8
2,4,2,1024,262144,1048576,cycle,8,random,os-getrandom,random-old-and-new-paths,post,426,935541,0.89220142364501953,0.164558645,fixed,1,access-plus-rate-deterministic,3,8
2,4,2,1024,262144,1048576,cycle,8,random,os-getrandom,random-old-and-new-paths,post,427,927632,0.88465881347656250,0.176806937,fixed,1,access-plus-rate-deterministic,3,8
2,4,2,1024,262144,1048576,cycle,8,random,os-getrandom,random-old-and-new-paths,post,428,919541,0.87694263458251953,0.189445623,fixed,1,access-plus-rate-deterministic,3,8
2,4,2,1024,262144,1048576,cycle,8,random,os-getrandom,random-old-and-new-paths,post,429,911007,0.86880397796630859,0.202897386,fixed,1,access-plus-rate-deterministic,3,8
2,4,2,1024,262144,1048576,cycle,8,random,os-getrandom,random-old-and-new-paths,post,430,902066,0.86027717590332031,0.217126533,fixed,1,access-plus-rate-deterministic,3,8
2,4,2,1024,262144,1048576,cycle,8,random,os-getrandom,random-old-and-new-paths,post,431,892911,0.85154628753662109,0.231843142,fixed,1,access-plus-rate-deterministic,3,8
2,4,2,1024,262144,1048576,cycle,8,random,os-getrandom,random-old-and-new-paths,post,432,883463,0.84253597259521484,0.247189811,fixed,1,access-plus-rate-deterministic,3,8
2,4,2,1024,262144,1048576,cycle,8,random,os-getrandom,random-old-and-new-paths,post,433,873537,0.83306980133056641,0.263490714,fixed,1,access-plus-rate-deterministic,3,8
2,4,2,1024,262144,1048576,cycle,8,random,os-getrandom,random-old-and-new-paths,post,434,863438,0.82343864440917969,0.280266938,fixed,1,access-plus-rate-deterministic,3,8
2,4,2,1024,262144,1048576,cycle,8,random,os-getrandom,random-old-and-new-paths,post,435,853175,0.81365108489990234,0.297517834,fixed,1,access-plus-rate-deterministic,3,8
2,4,2,1024,262144,1048576,cycle,8,random,os-getrandom,random-old-and-new-paths,post,436,842899,0.80385112762451172,0.314999754,fixed,1,access-plus-rate-deterministic,3,8
2,4,2,1024,262144,1048576,cycle,8,random,os-getrandom,random-old-and-new-paths,post,437,832850,0.79426765441894531,0.332302842,fixed,1,access-plus-rate-deterministic,3,8
2,4,2,1024,262144,1048576,cycle,8,random,os-getrandom,random-old-and-new-paths,post,438,822568,0.78446197509765625,0.350224577,fixed,1,access-plus-rate-deterministic,3,8
2,4,2,1024,262144,1048576,cycle,8,random,os-getrandom,random-old-and-new-paths,post,439,812188,0.77456283569335938,0.368545814,fixed,1,access-plus-rate-deterministic,3,8
2,4,2,1024,262144,1048576,cycle,8,random,os-getrandom,random-old-and-new-paths,post,440,801701,0.76456165313720703,0.387295252,fixed,1,access-plus-rate-deterministic,3,8
2,4,2,1024,262144,1048576,cycle,8,random,os-getrandom,random-old-and-new-paths,post,441,791046,0.75440025329589844,0.406597934,fixed,1,access-plus-rate-deterministic,3,8
2,4,2,1024,262144,1048576,cycle,8,random,os-getrandom,random-old-and-new-paths,post,442,780150,0.74400901794433594,0.426607987,fixed,1,access-plus-rate-deterministic,3,8
2,4,2,1024,262144,1048576,cycle,8,random,os-getrandom,random-old-and-new-paths,post,443,769407,0.73376369476318359,0.446612570,fixed,1,access-plus-rate-deterministic,3,8
2,4,2,1024,262144,1048576,cycle,8,random,os-getrandom,random-old-and-new-paths,post,444,758738,0.72358894348144531,0.466757731,fixed,1,access-plus-rate-deterministic,3,8
2,4,2,1024,262144,1048576,cycle,8,random,os-getrandom,random-old-and-new-paths,post,445,747975,0.71332454681396484,0.487369475,fixed,1,access-plus-rate-deterministic,3,8
2,4,2,1024,262144,1048576,cycle,8,random,os-getrandom,random-old-and-new-paths,post,446,737153,0.70300388336181641,0.508395436,fixed,1,access-plus-rate-deterministic,3,8
2,4,2,1024,262144,1048576,cycle,8,random,os-getrandom,random-old-and-new-paths,post,447,726028,0.69239425659179688,0.530334337,fixed,1,access-plus-rate-deterministic,3,8
2,4,2,1024,262144,1048576,cycle,8,random,os-getrandom,random-old-and-new-paths,post,448,715002,0.68187904357910156,0.552412248,fixed,1,access-plus-rate-deterministic,3,8
2,4,2,1024,262144,1048576,cycle,8,random,os-getrandom,random-old-and-new-paths,post,449,703735,0.67113399505615234,0.575327259,fixed,1,access-plus-rate-deterministic,3,8
2,4,2,1024,262144,1048576,cycle,8,random,os-getrandom,random-old-and-new-paths,post,450,692381,0.66030597686767578,0.598793390,fixed,1,access-plus-rate-deterministic,3,8
2,4,2,1024,262144,1048576,cycle,8,random,os-getrandom,random-old-and-new-paths,post,451,680908,0.64936447143554688,0.622899642,fixed,1,access-plus-rate-deterministic,3,8
2,4,2,1024,262144,1048576,cycle,8,random,os-getrandom,random-old-and-new-paths,post,452,669137,0.63813877105712891,0.648057905,fixed,1,access-plus-rate-deterministic,3,8
2,4,2,1024,262144,1048576,cycle,8,random,os-getrandom,random-old-and-new-paths,post,453,657481,0.62702274322509766,0.673410322,fixed,1,access-plus-rate-deterministic,3,8
2,4,2,1024,262144,1048576,cycle,8,random,os-getrandom,random-old-and-new-paths,post,454,645795,0.61587810516357422,0.699283254,fixed,1,access-plus-rate-deterministic,3,8
2,4,2,1024,262144,1048576,cycle,8,random,os-getrandom,random-old-and-new-paths,post,455,633870,0.60450553894042969,0.726172536,fixed,1,access-plus-rate-deterministic,3,8
2,4,2,1024,262144,1048576,cycle,8,random,os-getrandom,random-old-and-new-paths,post,456,622127,0.59330654144287109,0.753150406,fixed,1,access-plus-rate-deterministic,3,8
2,4,2,1024,262144,1048576,cycle,8,random,os-getrandom,random-old-and-new-paths,post,457,610094,0.58183097839355469,0.781327983,fixed,1,access-plus-rate-deterministic,3,8
2,4,2,1024,262144,1048576,cycle,8,random,os-getrandom,random-old-and-new-paths,post,458,598048,0.57034301757812500,0.810098244,fixed,1,access-plus-rate-deterministic,3,8
2,4,2,1024,262144,1048576,cycle,8,random,os-getrandom,random-old-and-new-paths,post,459,586124,0.55897140502929688,0.839153613,fixed,1,access-plus-rate-deterministic,3,8
2,4,2,1024,262144,1048576,cycle,8,random,os-getrandom,random-old-and-new-paths,post,460,573969,0.54737949371337891,0.869386706,fixed,1,access-plus-rate-deterministic,3,8
2,4,2,1024,262144,1048576,cycle,8,random,os-getrandom,random-old-and-new-paths,post,461,561338,0.53533363342285156,0.901489799,fixed,1,access-plus-rate-deterministic,3,8
2,4,2,1024,262144,1048576,cycle,8,random,os-getrandom,random-old-and-new-paths,post,462,548687,0.52326869964599609,0.934376131,fixed,1,access-plus-rate-deterministic,3,8
2,4,2,1024,262144,1048576,cycle,8,random,os-getrandom,random-old-and-new-paths,post,463,535755,0.51093578338623047,0.968786116,fixed,1,access-plus-rate-deterministic,3,8
2,4,2,1024,262144,1048576,cycle,8,random,os-getrandom,random-old-and-new-paths,post,464,522807,0.49858760833740234,1.004081068,fixed,1,access-plus-rate-deterministic,3,8
2,4,2,1024,262144,1048576,cycle,8,random,os-getrandom,random-old-and-new-paths,post,465,509878,0.48625755310058594,1.040207435,fixed,1,access-plus-rate-deterministic,3,8
2,4,2,1024,262144,1048576,cycle,8,random,os-getrandom,random-old-and-new-paths,post,466,496737,0.47372531890869141,1.077877314,fixed,1,access-plus-rate-deterministic,3,8
2,4,2,1024,262144,1048576,cycle,8,random,os-getrandom,random-old-and-new-paths,post,467,483987,0.46156597137451172,1.115391229,fixed,1,access-plus-rate-deterministic,3,8
2,4,2,1024,262144,1048576,cycle,8,random,os-getrandom,random-old-and-new-paths,post,468,470896,0.44908142089843750,1.154951058,fixed,1,access-plus-rate-deterministic,3,8
2,4,2,1024,262144,1048576,cycle,8,random,os-getrandom,random-old-and-new-paths,post,469,457906,0.43669319152832031,1.195308057,fixed,1,access-plus-rate-deterministic,3,8
2,4,2,1024,262144,1048576,cycle,8,random,os-getrandom,random-old-and-new-paths,post,470,445287,0.42465877532958984,1.235624032,fixed,1,access-plus-rate-deterministic,3,8
2,4,2,1024,262144,1048576,cycle,8,random,os-getrandom,random-old-and-new-paths,post,471,432569,0.41252994537353516,1.277429247,fixed,1,access-plus-rate-deterministic,3,8
2,4,2,1024,262144,1048576,cycle,8,random,os-getrandom,random-old-and-new-paths,post,472,420285,0.40081501007080078,1.318991558,fixed,1,access-plus-rate-deterministic,3,8
2,4,2,1024,262144,1048576,cycle,8,random,os-getrandom,random-old-and-new-paths,post,473,408568,0.38964080810546875,1.359783312,fixed,1,access-plus-rate-deterministic,3,8
2,4,2,1024,262144,1048576,cycle,8,random,os-getrandom,random-old-and-new-paths,post,474,396868,0.37848281860351562,1.401700285,fixed,1,access-plus-rate-deterministic,3,8
2,4,2,1024,262144,1048576,cycle,8,random,os-getrandom,random-old-and-new-paths,post,475,384942,0.36710929870605469,1.445718437,fixed,1,access-plus-rate-deterministic,3,8
2,4,2,1024,262144,1048576,cycle,8,random,os-getrandom,random-old-and-new-paths,post,476,372984,0.35570526123046875,1.491245781,fixed,1,access-plus-rate-deterministic,3,8
2,4,2,1024,262144,1048576,cycle,8,random,os-getrandom,random-old-and-new-paths,post,477,361280,0.34454345703125000,1.537242134,fixed,1,access-plus-rate-deterministic,3,8
2,4,2,1024,262144,1048576,cycle,8,random,os-getrandom,random-old-and-new-paths,post,478,349490,0.33329963684082031,1.585108349,fixed,1,access-plus-rate-deterministic,3,8
2,4,2,1024,262144,1048576,cycle,8,random,os-getrandom,random-old-and-new-paths,post,479,337784,0.32213592529296875,1.634258533,fixed,1,access-plus-rate-deterministic,3,8
2,4,2,1024,262144,1048576,cycle,8,random,os-getrandom,random-old-and-new-paths,post,480,326087,0.31098079681396484,1.685102599,fixed,1,access-plus-rate-deterministic,3,8
2,4,2,1024,262144,1048576,cycle,8,random,os-getrandom,random-old-and-new-paths,post,481,314687,0.30010890960693359,1.736441945,fixed,1,access-plus-rate-deterministic,3,8
2,4,2,1024,262144,1048576,cycle,8,random,os-getrandom,random-old-and-new-paths,post,482,303383,0.28932857513427734,1.789219279,fixed,1,access-plus-rate-deterministic,3,8
2,4,2,1024,262144,1048576,cycle,8,random,os-getrandom,random-old-and-new-paths,post,483,292308,0.27876663208007812,1.842870212,fixed,1,access-plus-rate-deterministic,3,8
2,4,2,1024,262144,1048576,cycle,8,random,os-getrandom,random-old-and-new-paths,post,484,281514,0.26847267150878906,1.897152855,fixed,1,access-plus-rate-deterministic,3,8
2,4,2,1024,262144,1048576,cycle,8,random,os-getrandom,random-old-and-new-paths,post,485,270396,0.25786972045898438,1.955285716,fixed,1,access-plus-rate-deterministic,3,8
2,4,2,1024,262144,1048576,cycle,8,random,os-getrandom,random-old-and-new-paths,post,486,259693,0.24766254425048828,2.013552399,fixed,1,access-plus-rate-deterministic,3,8
2,4,2,1024,262144,1048576,cycle,8,random,os-getrandom,random-old-and-new-paths,post,487,249199,0.23765468597412109,2.073061247,fixed,1,access-plus-rate-deterministic,3,8
2,4,2,1024,262144,1048576,cycle,8,random,os-getrandom,random-old-and-new-paths,post,488,239021,0.22794818878173828,2.133222149,fixed,1,access-plus-rate-deterministic,3,8
2,4,2,1024,262144,1048576,cycle,8,random,os-getrandom,random-old-and-new-paths,post,489,229007,0.21839809417724609,2.194967828,fixed,1,access-plus-rate-deterministic,3,8
2,4,2,1024,262144,1048576,cycle,8,random,os-getrandom,random-old-and-new-paths,post,490,219099,0.20894908905029297,2.258776626,fixed,1,access-plus-rate-deterministic,3,8
2,4,2,1024,262144,1048576,cycle,8,random,os-getrandom,random-old-and-new-paths,post,491,209220,0.19952774047851562,2.325338756,fixed,1,access-plus-rate-deterministic,3,8
2,4,2,1024,262144,1048576,cycle,8,random,os-getrandom,random-old-and-new-paths,post,492,199523,0.19027996063232422,2.393804463,fixed,1,access-plus-rate-deterministic,3,8
2,4,2,1024,262144,1048576,cycle,8,random,os-getrandom,random-old-and-new-paths,post,493,190171,0.18136119842529297,2.463062265,fixed,1,access-plus-rate-deterministic,3,8
2,4,2,1024,262144,1048576,cycle,8,random,os-getrandom,random-old-and-new-paths,post,494,180883,0.17250347137451172,2.535302701,fixed,1,access-plus-rate-deterministic,3,8
2,4,2,1024,262144,1048576,cycle,8,random,os-getrandom,random-old-and-new-paths,post,495,171936,0.16397094726562500,2.608487877,fixed,1,access-plus-rate-deterministic,3,8
2,4,2,1024,262144,1048576,cycle,8,random,os-getrandom,random-old-and-new-paths,post,496,163295,0.15573024749755859,2.682878908,fixed,1,access-plus-rate-deterministic,3,8
2,4,2,1024,262144,1048576,cycle,8,random,os-getrandom,random-old-and-new-paths,post,497,154680,0.14751434326171875,2.761072856,fixed,1,access-plus-rate-deterministic,3,8
2,4,2,1024,262144,1048576,cycle,8,random,os-getrandom,random-old-and-new-paths,post,498,146163,0.13939189910888672,2.842781375,fixed,1,access-plus-rate-deterministic,3,8
2,4,2,1024,262144,1048576,cycle,8,random,os-getrandom,random-old-and-new-paths,post,499,138210,0.13180732727050781,2.923497522,fixed,1,access-plus-rate-deterministic,3,8
2,4,2,1024,262144,1048576,cycle,8,random,os-getrandom,random-old-and-new-paths,post,500,130429,0.12438678741455078,3.007094847,fixed,1,access-plus-rate-deterministic,3,8
2,4,2,1024,262144,1048576,cycle,8,random,os-getrandom,random-old-and-new-paths,post,501,122579,0.11690044403076172,3.096647685,fixed,1,access-plus-rate-deterministic,3,8
2,4,2,1024,262144,1048576,cycle,8,random,os-getrandom,random-old-and-new-paths,post,502,115156,0.10982131958007812,3.186769943,fixed,1,access-plus-rate-deterministic,3,8
2,4,2,1024,262144,1048576,cycle,8,random,os-getrandom,random-old-and-new-paths,post,503,108291,0.10327434539794922,3.275446179,fixed,1,access-plus-rate-deterministic,3,8
2,4,2,1024,262144,1048576,cycle,8,random,os-getrandom,random-old-and-new-paths,post,504,101675,0.09696483612060547,3.366394535,fixed,1,access-plus-rate-deterministic,3,8
2,4,2,1024,262144,1048576,cycle,8,random,os-getrandom,random-old-and-new-paths,post,505,95102,0.09069633483886719,3.462811939,fixed,1,access-plus-rate-deterministic,3,8
2,4,2,1024,262144,1048576,cycle,8,random,os-getrandom,random-old-and-new-paths,post,506,88794,0.08468055725097656,3.561825427,fixed,1,access-plus-rate-deterministic,3,8
2,4,2,1024,262144,1048576,cycle,8,random,os-getrandom,random-old-and-new-paths,post,507,82873,0.07903385162353516,3.661385472,fixed,1,access-plus-rate-deterministic,3,8
2,4,2,1024,262144,1048576,cycle,8,random,os-getrandom,random-old-and-new-paths,post,508,77275,0.07369518280029297,3.762285871,fixed,1,access-plus-rate-deterministic,3,8
2,4,2,1024,262144,1048576,cycle,8,random,os-getrandom,random-old-and-new-paths,post,509,71992,0.06865692138671875,3.864451022,fixed,1,access-plus-rate-deterministic,3,8
2,4,2,1024,262144,1048576,cycle,8,random,os-getrandom,random-old-and-new-paths,post,510,67238,0.06412315368652344,3.963010808,fixed,1,access-plus-rate-deterministic,3,8
2,4,2,1024,262144,1048576,cycle,8,random,os-getrandom,random-old-and-new-paths,post,511,62602,0.05970191955566406,4.066078872,fixed,1,access-plus-rate-deterministic,3,8
2,4,2,1024,262144,1048576,cycle,8,random,os-getrandom,random-old-and-new-paths,post,512,58082,0.05539131164550781,4.174196488,fixed,1,access-plus-rate-deterministic,3,8
2,4,2,1024,262144,1048576,cycle,8,random,os-getrandom,random-old-and-new-paths,post,513,53780,0.05128860473632812,4.285217865,fixed,1,access-plus-rate-deterministic,3,8
2,4,2,1024,262144,1048576,cycle,8,random,os-getrandom,random-old-and-new-paths,post,514,49676,0.04737472534179688,4.399738611,fixed,1,access-plus-rate-deterministic,3,8
2,4,2,1024,262144,1048576,cycle,8,random,os-getrandom,random-old-and-new-paths,post,515,46001,0.04386997222900391,4.510622397,fixed,1,access-plus-rate-deterministic,3,8
2,4,2,1024,262144,1048576,cycle,8,random,os-getrandom,random-old-and-new-paths,post,516,42450,0.04048347473144531,4.626523067,fixed,1,access-plus-rate-deterministic,3,8
2,4,2,1024,262144,1048576,cycle,8,random,os-getrandom,random-old-and-new-paths,post,517,39337,0.03751468658447266,4.736400684,fixed,1,access-plus-rate-deterministic,3,8
2,4,2,1024,262144,1048576,cycle,8,random,os-getrandom,random-old-and-new-paths,post,518,36493,0.03480243682861328,4.844667864,fixed,1,access-plus-rate-deterministic,3,8
2,4,2,1024,262144,1048576,cycle,8,random,os-getrandom,random-old-and-new-paths,post,519,34023,0.03244686126708984,4.945777263,fixed,1,access-plus-rate-deterministic,3,8
2,4,2,1024,262144,1048576,cycle,8,random,os-getrandom,random-old-and-new-paths,post,520,31503,0.03004360198974609,5.056798399,fixed,1,access-plus-rate-deterministic,3,8
2,4,2,1024,262144,1048576,cycle,8,random,os-getrandom,random-old-and-new-paths,post,521,29202,0.02784919738769531,5.166220440,fixed,1,access-plus-rate-deterministic,3,8
2,4,2,1024,262144,1048576,cycle,8,random,os-getrandom,random-old-and-new-paths,post,522,26971,0.02572154998779297,5.280878607,fixed,1,access-plus-rate-deterministic,3,8
2,4,2,1024,262144,1048576,cycle,8,random,os-getrandom,random-old-and-new-paths,post,523,24862,0.02371025085449219,5.398345263,fixed,1,access-plus-rate-deterministic,3,8
2,4,2,1024,262144,1048576,cycle,8,random,os-getrandom,random-old-and-new-paths,post,524,22955,0.02189159393310547,5.513479188,fixed,1,access-plus-rate-deterministic,3,8
2,4,2,1024,262144,1048576,cycle,8,random,os-getrandom,random-old-and-new-paths,post,525,21189,0.02020740509033203,5.628972118,fixed,1,access-plus-rate-deterministic,3,8
2,4,2,1024,262144,1048576,cycle,8,random,os-getrandom,random-old-and-new-paths,post,526,19361,0.01846408843994141,5.759134150,fixed,1,access-plus-rate-deterministic,3,8
2,4,2,1024,262144,1048576,cycle,8,random,os-getrandom,random-old-and-new-paths,post,527,17601,0.01678562164306641,5.896630223,fixed,1,access-plus-rate-deterministic,3,8
2,4,2,1024,262144,1048576,cycle,8,random,os-getrandom,random-old-and-new-paths,post,528,15957,0.01521778106689453,6.038098178,fixed,1,access-plus-rate-deterministic,3,8
2,4,2,1024,262144,1048576,cycle,8,random,os-getrandom,random-old-and-new-paths,post,529,14593,0.01391696929931641,6.167011120,fixed,1,access-plus-rate-deterministic,3,8
2,4,2,1024,262144,1048576,cycle,8,random,os-getrandom,random-old-and-new-paths,post,530,13296,0.01268005371093750,6.301295333,fixed,1,access-plus-rate-deterministic,3,8
2,4,2,1024,262144,1048576,cycle,8,random,os-getrandom,random-old-and-new-paths,post,531,12039,0.01148128509521484,6.444572058,fixed,1,access-plus-rate-deterministic,3,8
2,4,2,1024,262144,1048576,cycle,8,random,os-getrandom,random-old-and-new-paths,post,532,10788,0.01028823852539062,6.602860194,fixed,1,access-plus-rate-deterministic,3,8
2,4,2,1024,262144,1048576,cycle,8,random,os-getrandom,random-old-and-new-paths,post,533,9577,0.00913333892822266,6.774641914,fixed,1,access-plus-rate-deterministic,3,8
2,4,2,1024,262144,1048576,cycle,8,random,os-getrandom,random-old-and-new-paths,post,534,8475,0.00808238983154297,6.951002347,fixed,1,access-plus-rate-deterministic,3,8
2,4,2,1024,262144,1048576,cycle,8,random,os-getrandom,random-old-and-new-paths,post,535,7371,0.00702953338623047,7.152355357,fixed,1,access-plus-rate-deterministic,3,8
2,4,2,1024,262144,1048576,cycle,8,random,os-getrandom,random-old-and-new-paths,post,536,6376,0.00608062744140625,7.361564086,fixed,1,access-plus-rate-deterministic,3,8
2,4,2,1024,262144,1048576,cycle,8,random,os-getrandom,random-old-and-new-paths,post,537,5506,0.00525093078613281,7.573211105,fixed,1,access-plus-rate-deterministic,3,8
2,4,2,1024,262144,1048576,cycle,8,random,os-getrandom,random-old-and-new-paths,post,538,4633,0.00441837310791016,7.822269033,fixed,1,access-plus-rate-deterministic,3,8
2,4,2,1024,262144,1048576,cycle,8,random,os-getrandom,random-old-and-new-paths,post,539,3860,0.00368118286132812,8.085614868,fixed,1,access-plus-rate-deterministic,3,8
2,4,2,1024,262144,1048576,cycle,8,random,os-getrandom,random-old-and-new-paths,post,540,3202,0.00305366516113281,8.355242407,fixed,1,access-plus-rate-deterministic,3,8
2,4,2,1024,262144,1048576,cycle,8,random,os-getrandom,random-old-and-new-paths,post,541,2634,0.00251197814941406,8.636960370,fixed,1,access-plus-rate-deterministic,3,8
2,4,2,1024,262144,1048576,cycle,8,random,os-getrandom,random-old-and-new-paths,post,542,2110,0.00201225280761719,8.956972716,fixed,1,access-plus-rate-deterministic,3,8
2,4,2,1024,262144,1048576,cycle,8,random,os-getrandom,random-old-and-new-paths,post,543,1612,0.00153732299804688,9.345363971,fixed,1,access-plus-rate-deterministic,3,8
2,4,2,1024,262144,1048576,cycle,8,random,os-getrandom,random-old-and-new-paths,post,544,1243,0.00118541717529297,9.720389419,fixed,1,access-plus-rate-deterministic,3,8
2,4,2,1024,262144,1048576,cycle,8,random,os-getrandom,random-old-and-new-paths,post,545,959,0.00091457366943359,10.094612995,fixed,1,access-plus-rate-deterministic,3,8
2,4,2,1024,262144,1048576,cycle,8,random,os-getrandom,random-old-and-new-paths,post,546,747,0.00071239471435547,10.455035567,fixed,1,access-plus-rate-deterministic,3,8
2,4,2,1024,262144,1048576,cycle,8,random,os-getrandom,random-old-and-new-paths,post,547,549,0.00052356719970703,10.899337661,fixed,1,access-plus-rate-deterministic,3,8
2,4,2,1024,262144,1048576,cycle,8,random,os-getrandom,random-old-and-new-paths,post,548,395,0.00037670135498047,11.374291157,fixed,1,access-plus-rate-deterministic,3,8
2,4,2,1024,262144,1048576,cycle,8,random,os-getrandom,random-old-and-new-paths,post,549,317,0.00030231475830078,11.691660970,fixed,1,access-plus-rate-deterministic,3,8
2,4,2,1024,262144,1048576,cycle,8,random,os-getrandom,random-old-and-new-paths,post,550,266,0.00025367736816406,11.944717564,fixed,1,access-plus-rate-deterministic,3,8
2,4,2,1024,262144,1048576,cycle,8,random,os-getrandom,random-old-and-new-paths,post,551,227,0.00021648406982422,12.173451513,fixed,1,access-plus-rate-deterministic,3,8
2,4,2,1024,262144,1048576,cycle,8,random,os-getrandom,random-old-and-new-paths,post,552,185,0.00017642974853516,12.468618539,fixed,1,access-plus-rate-deterministic,3,8
2,4,2,1024,262144,1048576,cycle,8,random,os-getrandom,random-old-and-new-paths,post,553,154,0.00014686584472656,12.733213459,fixed,1,access-plus-rate-deterministic,3,8
2,4,2,1024,262144,1048576,cycle,8,random,os-getrandom,random-old-and-new-paths,post,554,127,0.00012111663818359,13.011315313,fixed,1,access-plus-rate-deterministic,3,8
2,4,2,1024,262144,1048576,cycle,8,random,os-getrandom,random-old-and-new-paths,post,555,96,0.00009155273437500,13.415037499,fixed,1,access-plus-rate-deterministic,3,8
2,4,2,1024,262144,1048576,cycle,8,random,os-getrandom,random-old-and-new-paths,post,556,82,0.00007820129394531,13.642447995,fixed,1,access-plus-rate-deterministic,3,8
2,4,2,1024,262144,1048576,cycle,8,random,os-getrandom,random-old-and-new-paths,post,557,65,0.00006198883056641,13.977632187,fixed,1,access-plus-rate-deterministic,3,8
2,4,2,1024,262144,1048576,cycle,8,random,os-getrandom,random-old-and-new-paths,post,558,46,0.00004386901855469,14.476438044,fixed,1,access-plus-rate-deterministic,3,8
2,4,2,1024,262144,1048576,cycle,8,random,os-getrandom,random-old-and-new-paths,post,559,29,0.00002765655517578,15.142019005,fixed,1,access-plus-rate-deterministic,3,8
2,4,2,1024,262144,1048576,cycle,8,random,os-getrandom,random-old-and-new-paths,post,560,25,0.00002384185791016,15.356143810,fixed,1,access-plus-rate-deterministic,3,8
2,4,2,1024,262144,1048576,cycle,8,random,os-getrandom,random-old-and-new-paths,post,561,19,0.00001811981201172,15.752072487,fixed,1,access-plus-rate-deterministic,3,8
2,4,2,1024,262144,1048576,cycle,8,random,os-getrandom,random-old-and-new-paths,post,562,13,0.00001239776611328,16.299560282,fixed,1,access-plus-rate-deterministic,3,8
2,4,2,1024,262144,1048576,cycle,8,random,os-getrandom,random-old-and-new-paths,post,563,7,0.00000667572021484,17.192645078,fixed,1,access-plus-rate-deterministic,3,8
2,4,2,1024,262144,1048576,cycle,8,random,os-getrandom,random-old-and-new-paths,post,564,3,0.00000286102294922,18.415037499,fixed,1,access-plus-rate-deterministic,3,8
2,4,2,1024,262144,1048576,cycle,8,random,os-getrandom,random-old-and-new-paths,post,565,0,0.00000000000000000,inf,fixed,1,access-plus-rate-deterministic,3,8
2,4,2,1024,262144,1048576,cycle,8,random,os-getrandom,random-old-and-new-paths,insertion,0,1048576,1.00000000000000000,-0.000000000,fixed,1,access-plus-rate-deterministic,3,8
2,4,2,1024,262144,1048576,cycle,8,random,os-getrandom,random-old-and-new-paths,insertion,1,1048576,1.00000000000000000,-0.000000000,fixed,1,access-plus-rate-deterministic,3,8
2,4,2,1024,262144,1048576,cycle,8,random,os-getrandom,random-old-and-new-paths,insertion,2,1048576,1.00000000000000000,-0.000000000,fixed,1,access-plus-rate-deterministic,3,8
2,4,2,1024,262144,1048576,cycle,8,random,os-getrandom,random-old-and-new-paths,insertion,3,1048576,1.00000000000000000,-0.000000000,fixed,1,access-plus-rate-deterministic,3,8
2,4,2,1024,262144,1048576,cycle,8,random,os-getrandom,random-old-and-new-paths,insertion,4,1048576,1.00000000000000000,-0.000000000,fixed,1,access-plus-rate-deterministic,3,8
2,4,2,1024,262144,1048576,cycle,8,random,os-getrandom,random-old-and-new-paths,insertion,5,1048576,1.00000000000000000,-0.000000000,fixed,1,access-plus-rate-deterministic,3,8
2,4,2,1024,262144,1048576,cycle,8,random,os-getrandom,random-old-and-new-paths,insertion,6,1048576,1.00000000000000000,-0.000000000,fixed,1,access-plus-rate-deterministic,3,8
2,4,2,1024,262144,1048576,cycle,8,random,os-getrandom,random-old-and-new-paths,insertion,7,1048576,1.00000000000000000,-0.000000000,fixed,1,access-plus-rate-deterministic,3,8
2,4,2,1024,262144,1048576,cycle,8,random,os-getrandom,random-old-and-new-paths,insertion,8,1048576,1.00000000000000000,-0.000000000,fixed,1,access-plus-rate-deterministic,3,8
2,4,2,1024,262144,1048576,cycle,8,random,os-getrandom,random-old-and-new-paths,insertion,9,1048576,1.00000000000000000,-0.000000000,fixed,1,access-plus-rate-deterministic,3,8
2,4,2,1024,262144,1048576,cycle,8,random,os-getrandom,random-old-and-new-paths,insertion,10,1048576,1.00000000000000000,-0.000000000,fixed,1,access-plus-rate-deterministic,3,8
2,4,2,1024,262144,1048576,cycle,8,random,os-getrandom,random-old-and-new-paths,insertion,11,1048576,1.00000000000000000,-0.000000000,fixed,1,access-plus-rate-deterministic,3,8
2,4,2,1024,262144,1048576,cycle,8,random,os-getrandom,random-old-and-new-paths,insertion,12,1048576,1.00000000000000000,-0.000000000,fixed,1,access-plus-rate-deterministic,3,8
2,4,2,1024,262144,1048576,cycle,8,random,os-getrandom,random-old-and-new-paths,insertion,13,1048576,1.00000000000000000,-0.000000000,fixed,1,access-plus-rate-deterministic,3,8
2,4,2,1024,262144,1048576,cycle,8,random,os-getrandom,random-old-and-new-paths,insertion,14,1048576,1.00000000000000000,-0.000000000,fixed,1,access-plus-rate-deterministic,3,8
2,4,2,1024,262144,1048576,cycle,8,random,os-getrandom,random-old-and-new-paths,insertion,15,1048576,1.00000000000000000,-0.000000000,fixed,1,access-plus-rate-deterministic,3,8
2,4,2,1024,262144,1048576,cycle,8,random,os-getrandom,random-old-and-new-paths,insertion,16,1048576,1.00000000000000000,-0.000000000,fixed,1,access-plus-rate-deterministic,3,8
2,4,2,1024,262144,1048576,cycle,8,random,os-getrandom,random-old-and-new-paths,insertion,17,1048576,1.00000000000000000,-0.000000000,fixed,1,access-plus-rate-deterministic,3,8
2,4,2,1024,262144,1048576,cycle,8,random,os-getrandom,random-old-and-new-paths,insertion,18,1048576,1.00000000000000000,-0.000000000,fixed,1,access-plus-rate-deterministic,3,8
2,4,2,1024,262144,1048576,cycle,8,random,os-getrandom,random-old-and-new-paths,insertion,19,1048576,1.00000000000000000,-0.000000000,fixed,1,access-plus-rate-deterministic,3,8
2,4,2,1024,262144,1048576,cycle,8,random,os-getrandom,random-old-and-new-paths,insertion,20,1048576,1.00000000000000000,-0.000000000,fixed,1,access-plus-rate-deterministic,3,8
2,4,2,1024,262144,1048576,cycle,8,random,os-getrandom,random-old-and-new-paths,insertion,21,1048576,1.00000000000000000,-0.000000000,fixed,1,access-plus-rate-deterministic,3,8
2,4,2,1024,262144,1048576,cycle,8,random,os-getrandom,random-old-and-new-paths,insertion,22,1048576,1.00000000000000000,-0.000000000,fixed,1,access-plus-rate-deterministic,3,8
2,4,2,1024,262144,1048576,cycle,8,random,os-getrandom,random-old-and-new-paths,insertion,23,1048576,1.00000000000000000,-0.000000000,fixed,1,access-plus-rate-deterministic,3,8
2,4,2,1024,262144,1048576,cycle,8,random,os-getrandom,random-old-and-new-paths,insertion,24,1048576,1.00000000000000000,-0.000000000,fixed,1,access-plus-rate-deterministic,3,8
2,4,2,1024,262144,1048576,cycle,8,random,os-getrandom,random-old-and-new-paths,insertion,25,1048576,1.00000000000000000,-0.000000000,fixed,1,access-plus-rate-deterministic,3,8
2,4,2,1024,262144,1048576,cycle,8,random,os-getrandom,random-old-and-new-paths,insertion,26,1048576,1.00000000000000000,-0.000000000,fixed,1,access-plus-rate-deterministic,3,8
2,4,2,1024,262144,1048576,cycle,8,random,os-getrandom,random-old-and-new-paths,insertion,27,1048576,1.00000000000000000,-0.000000000,fixed,1,access-plus-rate-deterministic,3,8
2,4,2,1024,262144,1048576,cycle,8,random,os-getrandom,random-old-and-new-paths,insertion,28,1048576,1.00000000000000000,-0.000000000,fixed,1,access-plus-rate-deterministic,3,8
2,4,2,1024,262144,1048576,cycle,8,random,os-getrandom,random-old-and-new-paths,insertion,29,1048576,1.00000000000000000,-0.000000000,fixed,1,access-plus-rate-deterministic,3,8
2,4,2,1024,262144,1048576,cycle,8,random,os-getrandom,random-old-and-new-paths,insertion,30,1048576,1.00000000000000000,-0.000000000,fixed,1,access-plus-rate-deterministic,3,8
2,4,2,1024,262144,1048576,cycle,8,random,os-getrandom,random-old-and-new-paths,insertion,31,1048576,1.00000000000000000,-0.000000000,fixed,1,access-plus-rate-deterministic,3,8
2,4,2,1024,262144,1048576,cycle,8,random,os-getrandom,random-old-and-new-paths,insertion,32,1048576,1.00000000000000000,-0.000000000,fixed,1,access-plus-rate-deterministic,3,8
2,4,2,1024,262144,1048576,cycle,8,random,os-getrandom,random-old-and-new-paths,insertion,33,1048576,1.00000000000000000,-0.000000000,fixed,1,access-plus-rate-deterministic,3,8
2,4,2,1024,262144,1048576,cycle,8,random,os-getrandom,random-old-and-new-paths,insertion,34,1048576,1.00000000000000000,-0.000000000,fixed,1,access-plus-rate-deterministic,3,8
2,4,2,1024,262144,1048576,cycle,8,random,os-getrandom,random-old-and-new-paths,insertion,35,1048576,1.00000000000000000,-0.000000000,fixed,1,access-plus-rate-deterministic,3,8
2,4,2,1024,262144,1048576,cycle,8,random,os-getrandom,random-old-and-new-paths,insertion,36,1048576,1.00000000000000000,-0.000000000,fixed,1,access-plus-rate-deterministic,3,8
2,4,2,1024,262144,1048576,cycle,8,random,os-getrandom,random-old-and-new-paths,insertion,37,1048576,1.00000000000000000,-0.000000000,fixed,1,access-plus-rate-deterministic,3,8
2,4,2,1024,262144,1048576,cycle,8,random,os-getrandom,random-old-and-new-paths,insertion,38,1048576,1.00000000000000000,-0.000000000,fixed,1,access-plus-rate-deterministic,3,8
2,4,2,1024,262144,1048576,cycle,8,random,os-getrandom,random-old-and-new-paths,insertion,39,1048576,1.00000000000000000,-0.000000000,fixed,1,access-plus-rate-deterministic,3,8
2,4,2,1024,262144,1048576,cycle,8,random,os-getrandom,random-old-and-new-paths,insertion,40,1048576,1.00000000000000000,-0.000000000,fixed,1,access-plus-rate-deterministic,3,8
2,4,2,1024,262144,1048576,cycle,8,random,os-getrandom,random-old-and-new-paths,insertion,41,1048576,1.00000000000000000,-0.000000000,fixed,1,access-plus-rate-deterministic,3,8
2,4,2,1024,262144,1048576,cycle,8,random,os-getrandom,random-old-and-new-paths,insertion,42,1048576,1.00000000000000000,-0.000000000,fixed,1,access-plus-rate-deterministic,3,8
2,4,2,1024,262144,1048576,cycle,8,random,os-getrandom,random-old-and-new-paths,insertion,43,1048576,1.00000000000000000,-0.000000000,fixed,1,access-plus-rate-deterministic,3,8
2,4,2,1024,262144,1048576,cycle,8,random,os-getrandom,random-old-and-new-paths,insertion,44,1048576,1.00000000000000000,-0.000000000,fixed,1,access-plus-rate-deterministic,3,8
2,4,2,1024,262144,1048576,cycle,8,random,os-getrandom,random-old-and-new-paths,insertion,45,1048576,1.00000000000000000,-0.000000000,fixed,1,access-plus-rate-deterministic,3,8
2,4,2,1024,262144,1048576,cycle,8,random,os-getrandom,random-old-and-new-paths,insertion,46,1048576,1.00000000000000000,-0.000000000,fixed,1,access-plus-rate-deterministic,3,8
2,4,2,1024,262144,1048576,cycle,8,random,os-getrandom,random-old-and-new-paths,insertion,47,1048576,1.00000000000000000,-0.000000000,fixed,1,access-plus-rate-deterministic,3,8
2,4,2,1024,262144,1048576,cycle,8,random,os-getrandom,random-old-and-new-paths,insertion,48,1048576,1.00000000000000000,-0.000000000,fixed,1,access-plus-rate-deterministic,3,8
2,4,2,1024,262144,1048576,cycle,8,random,os-getrandom,random-old-and-new-paths,insertion,49,1048576,1.00000000000000000,-0.000000000,fixed,1,access-plus-rate-deterministic,3,8
2,4,2,1024,262144,1048576,cycle,8,random,os-getrandom,random-old-and-new-paths,insertion,50,1048576,1.00000000000000000,-0.000000000,fixed,1,access-plus-rate-deterministic,3,8
2,4,2,1024,262144,1048576,cycle,8,random,os-getrandom,random-old-and-new-paths,insertion,51,1048576,1.00000000000000000,-0.000000000,fixed,1,access-plus-rate-deterministic,3,8
2,4,2,1024,262144,1048576,cycle,8,random,os-getrandom,random-old-and-new-paths,insertion,52,1048576,1.00000000000000000,-0.000000000,fixed,1,access-plus-rate-deterministic,3,8
2,4,2,1024,262144,1048576,cycle,8,random,os-getrandom,random-old-and-new-paths,insertion,53,1048576,1.00000000000000000,-0.000000000,fixed,1,access-plus-rate-deterministic,3,8
2,4,2,1024,262144,1048576,cycle,8,random,os-getrandom,random-old-and-new-paths,insertion,54,1048576,1.00000000000000000,-0.000000000,fixed,1,access-plus-rate-deterministic,3,8
2,4,2,1024,262144,1048576,cycle,8,random,os-getrandom,random-old-and-new-paths,insertion,55,1048576,1.00000000000000000,-0.000000000,fixed,1,access-plus-rate-deterministic,3,8
2,4,2,1024,262144,1048576,cycle,8,random,os-getrandom,random-old-and-new-paths,insertion,56,1048576,1.00000000000000000,-0.000000000,fixed,1,access-plus-rate-deterministic,3,8
2,4,2,1024,262144,1048576,cycle,8,random,os-getrandom,random-old-and-new-paths,insertion,57,1048576,1.00000000000000000,-0.000000000,fixed,1,access-plus-rate-deterministic,3,8
2,4,2,1024,262144,1048576,cycle,8,random,os-getrandom,random-old-and-new-paths,insertion,58,1048576,1.00000000000000000,-0.000000000,fixed,1,access-plus-rate-deterministic,3,8
2,4,2,1024,262144,1048576,cycle,8,random,os-getrandom,random-old-and-new-paths,insertion,59,1048576,1.00000000000000000,-0.000000000,fixed,1,access-plus-rate-deterministic,3,8
2,4,2,1024,262144,1048576,cycle,8,random,os-getrandom,random-old-and-new-paths,insertion,60,1048576,1.00000000000000000,-0.000000000,fixed,1,access-plus-rate-deterministic,3,8
2,4,2,1024,262144,1048576,cycle,8,random,os-getrandom,random-old-and-new-paths,insertion,61,1048576,1.00000000000000000,-0.000000000,fixed,1,access-plus-rate-deterministic,3,8
2,4,2,1024,262144,1048576,cycle,8,random,os-getrandom,random-old-and-new-paths,insertion,62,1048576,1.00000000000000000,-0.000000000,fixed,1,access-plus-rate-deterministic,3,8
2,4,2,1024,262144,1048576,cycle,8,random,os-getrandom,random-old-and-new-paths,insertion,63,1048576,1.00000000000000000,-0.000000000,fixed,1,access-plus-rate-deterministic,3,8
2,4,2,1024,262144,1048576,cycle,8,random,os-getrandom,random-old-and-new-paths,insertion,64,1048576,1.00000000000000000,-0.000000000,fixed,1,access-plus-rate-deterministic,3,8
2,4,2,1024,262144,1048576,cycle,8,random,os-getrandom,random-old-and-new-paths,insertion,65,1048576,1.00000000000000000,-0.000000000,fixed,1,access-plus-rate-deterministic,3,8
2,4,2,1024,262144,1048576,cycle,8,random,os-getrandom,random-old-and-new-paths,insertion,66,1048576,1.00000000000000000,-0.000000000,fixed,1,access-plus-rate-deterministic,3,8
2,4,2,1024,262144,1048576,cycle,8,random,os-getrandom,random-old-and-new-paths,insertion,67,1048576,1.00000000000000000,-0.000000000,fixed,1,access-plus-rate-deterministic,3,8
2,4,2,1024,262144,1048576,cycle,8,random,os-getrandom,random-old-and-new-paths,insertion,68,1048576,1.00000000000000000,-0.000000000,fixed,1,access-plus-rate-deterministic,3,8
2,4,2,1024,262144,1048576,cycle,8,random,os-getrandom,random-old-and-new-paths,insertion,69,1048576,1.00000000000000000,-0.000000000,fixed,1,access-plus-rate-deterministic,3,8
2,4,2,1024,262144,1048576,cycle,8,random,os-getrandom,random-old-and-new-paths,insertion,70,1048576,1.00000000000000000,-0.000000000,fixed,1,access-plus-rate-deterministic,3,8
2,4,2,1024,262144,1048576,cycle,8,random,os-getrandom,random-old-and-new-paths,insertion,71,1048576,1.00000000000000000,-0.000000000,fixed,1,access-plus-rate-deterministic,3,8
2,4,2,1024,262144,1048576,cycle,8,random,os-getrandom,random-old-and-new-paths,insertion,72,1048576,1.00000000000000000,-0.000000000,fixed,1,access-plus-rate-deterministic,3,8
2,4,2,1024,262144,1048576,cycle,8,random,os-getrandom,random-old-and-new-paths,insertion,73,1048576,1.00000000000000000,-0.000000000,fixed,1,access-plus-rate-deterministic,3,8
2,4,2,1024,262144,1048576,cycle,8,random,os-getrandom,random-old-and-new-paths,insertion,74,1048576,1.00000000000000000,-0.000000000,fixed,1,access-plus-rate-deterministic,3,8
2,4,2,1024,262144,1048576,cycle,8,random,os-getrandom,random-old-and-new-paths,insertion,75,1048576,1.00000000000000000,-0.000000000,fixed,1,access-plus-rate-deterministic,3,8
2,4,2,1024,262144,1048576,cycle,8,random,os-getrandom,random-old-and-new-paths,insertion,76,1048576,1.00000000000000000,-0.000000000,fixed,1,access-plus-rate-deterministic,3,8
2,4,2,1024,262144,1048576,cycle,8,random,os-getrandom,random-old-and-new-paths,insertion,77,1048576,1.00000000000000000,-0.000000000,fixed,1,access-plus-rate-deterministic,3,8
2,4,2,1024,262144,1048576,cycle,8,random,os-getrandom,random-old-and-new-paths,insertion,78,1048576,1.00000000000000000,-0.000000000,fixed,1,access-plus-rate-deterministic,3,8
2,4,2,1024,262144,1048576,cycle,8,random,os-getrandom,random-old-and-new-paths,insertion,79,1048576,1.00000000000000000,-0.000000000,fixed,1,access-plus-rate-deterministic,3,8
2,4,2,1024,262144,1048576,cycle,8,random,os-getrandom,random-old-and-new-paths,insertion,80,1048576,1.00000000000000000,-0.000000000,fixed,1,access-plus-rate-deterministic,3,8
2,4,2,1024,262144,1048576,cycle,8,random,os-getrandom,random-old-and-new-paths,insertion,81,1048576,1.00000000000000000,-0.000000000,fixed,1,access-plus-rate-deterministic,3,8
2,4,2,1024,262144,1048576,cycle,8,random,os-getrandom,random-old-and-new-paths,insertion,82,1048576,1.00000000000000000,-0.000000000,fixed,1,access-plus-rate-deterministic,3,8
2,4,2,1024,262144,1048576,cycle,8,random,os-getrandom,random-old-and-new-paths,insertion,83,1048576,1.00000000000000000,-0.000000000,fixed,1,access-plus-rate-deterministic,3,8
2,4,2,1024,262144,1048576,cycle,8,random,os-getrandom,random-old-and-new-paths,insertion,84,1048576,1.00000000000000000,-0.000000000,fixed,1,access-plus-rate-deterministic,3,8
2,4,2,1024,262144,1048576,cycle,8,random,os-getrandom,random-old-and-new-paths,insertion,85,1048576,1.00000000000000000,-0.000000000,fixed,1,access-plus-rate-deterministic,3,8
2,4,2,1024,262144,1048576,cycle,8,random,os-getrandom,random-old-and-new-paths,insertion,86,1048576,1.00000000000000000,-0.000000000,fixed,1,access-plus-rate-deterministic,3,8
2,4,2,1024,262144,1048576,cycle,8,random,os-getrandom,random-old-and-new-paths,insertion,87,1048576,1.00000000000000000,-0.000000000,fixed,1,access-plus-rate-deterministic,3,8
2,4,2,1024,262144,1048576,cycle,8,random,os-getrandom,random-old-and-new-paths,insertion,88,1048576,1.00000000000000000,-0.000000000,fixed,1,access-plus-rate-deterministic,3,8
2,4,2,1024,262144,1048576,cycle,8,random,os-getrandom,random-old-and-new-paths,insertion,89,1048576,1.00000000000000000,-0.000000000,fixed,1,access-plus-rate-deterministic,3,8
2,4,2,1024,262144,1048576,cycle,8,random,os-getrandom,random-old-and-new-paths,insertion,90,1048576,1.00000000000000000,-0.000000000,fixed,1,access-plus-rate-deterministic,3,8
2,4,2,1024,262144,1048576,cycle,8,random,os-getrandom,random-old-and-new-paths,insertion,91,1048576,1.00000000000000000,-0.000000000,fixed,1,access-plus-rate-deterministic,3,8
2,4,2,1024,262144,1048576,cycle,8,random,os-getrandom,random-old-and-new-paths,insertion,92,1048576,1.00000000000000000,-0.000000000,fixed,1,access-plus-rate-deterministic,3,8
2,4,2,1024,262144,1048576,cycle,8,random,os-getrandom,random-old-and-new-paths,insertion,93,1048576,1.00000000000000000,-0.000000000,fixed,1,access-plus-rate-deterministic,3,8
2,4,2,1024,262144,1048576,cycle,8,random,os-getrandom,random-old-and-new-paths,insertion,94,1048576,1.00000000000000000,-0.000000000,fixed,1,access-plus-rate-deterministic,3,8
2,4,2,1024,262144,1048576,cycle,8,random,os-getrandom,random-old-and-new-paths,insertion,95,1048576,1.00000000000000000,-0.000000000,fixed,1,access-plus-rate-deterministic,3,8
2,4,2,1024,262144,1048576,cycle,8,random,os-getrandom,random-old-and-new-paths,insertion,96,1048576,1.00000000000000000,-0.000000000,fixed,1,access-plus-rate-deterministic,3,8
2,4,2,1024,262144,1048576,cycle,8,random,os-getrandom,random-old-and-new-paths,insertion,97,1048576,1.00000000000000000,-0.000000000,fixed,1,access-plus-rate-deterministic,3,8
2,4,2,1024,262144,1048576,cycle,8,random,os-getrandom,random-old-and-new-paths,insertion,98,1048576,1.00000000000000000,-0.000000000,fixed,1,access-plus-rate-deterministic,3,8
2,4,2,1024,262144,1048576,cycle,8,random,os-getrandom,random-old-and-new-paths,insertion,99,1048576,1.00000000000000000,-0.000000000,fixed,1,access-plus-rate-deterministic,3,8
2,4,2,1024,262144,1048576,cycle,8,random,os-getrandom,random-old-and-new-paths,insertion,100,1048576,1.00000000000000000,-0.000000000,fixed,1,access-plus-rate-deterministic,3,8
2,4,2,1024,262144,1048576,cycle,8,random,os-getrandom,random-old-and-new-paths,insertion,101,1048576,1.00000000000000000,-0.000000000,fixed,1,access-plus-rate-deterministic,3,8
2,4,2,1024,262144,1048576,cycle,8,random,os-getrandom,random-old-and-new-paths,insertion,102,1048576,1.00000000000000000,-0.000000000,fixed,1,access-plus-rate-deterministic,3,8
2,4,2,1024,262144,1048576,cycle,8,random,os-getrandom,random-old-and-new-paths,insertion,103,1048576,1.00000000000000000,-0.000000000,fixed,1,access-plus-rate-deterministic,3,8
2,4,2,1024,262144,1048576,cycle,8,random,os-getrandom,random-old-and-new-paths,insertion,104,1048576,1.00000000000000000,-0.000000000,fixed,1,access-plus-rate-deterministic,3,8
2,4,2,1024,262144,1048576,cycle,8,random,os-getrandom,random-old-and-new-paths,insertion,105,1048576,1.00000000000000000,-0.000000000,fixed,1,access-plus-rate-deterministic,3,8
2,4,2,1024,262144,1048576,cycle,8,random,os-getrandom,random-old-and-new-paths,insertion,106,1048576,1.00000000000000000,-0.000000000,fixed,1,access-plus-rate-deterministic,3,8
2,4,2,1024,262144,1048576,cycle,8,random,os-getrandom,random-old-and-new-paths,insertion,107,1048576,1.00000000000000000,-0.000000000,fixed,1,access-plus-rate-deterministic,3,8
2,4,2,1024,262144,1048576,cycle,8,random,os-getrandom,random-old-and-new-paths,insertion,108,1048576,1.00000000000000000,-0.000000000,fixed,1,access-plus-rate-deterministic,3,8
2,4,2,1024,262144,1048576,cycle,8,random,os-getrandom,random-old-and-new-paths,insertion,109,1048576,1.00000000000000000,-0.000000000,fixed,1,access-plus-rate-deterministic,3,8
2,4,2,1024,262144,1048576,cycle,8,random,os-getrandom,random-old-and-new-paths,insertion,110,1048576,1.00000000000000000,-0.000000000,fixed,1,access-plus-rate-deterministic,3,8
2,4,2,1024,262144,1048576,cycle,8,random,os-getrandom,random-old-and-new-paths,insertion,111,1048576,1.00000000000000000,-0.000000000,fixed,1,access-plus-rate-deterministic,3,8
2,4,2,1024,262144,1048576,cycle,8,random,os-getrandom,random-old-and-new-paths,insertion,112,1048576,1.00000000000000000,-0.000000000,fixed,1,access-plus-rate-deterministic,3,8
2,4,2,1024,262144,1048576,cycle,8,random,os-getrandom,random-old-and-new-paths,insertion,113,1048576,1.00000000000000000,-0.000000000,fixed,1,access-plus-rate-deterministic,3,8
2,4,2,1024,262144,1048576,cycle,8,random,os-getrandom,random-old-and-new-paths,insertion,114,1048576,1.00000000000000000,-0.000000000,fixed,1,access-plus-rate-deterministic,3,8
2,4,2,1024,262144,1048576,cycle,8,random,os-getrandom,random-old-and-new-paths,insertion,115,1048576,1.00000000000000000,-0.000000000,fixed,1,access-plus-rate-deterministic,3,8
2,4,2,1024,262144,1048576,cycle,8,random,os-getrandom,random-old-and-new-paths,insertion,116,1048576,1.00000000000000000,-0.000000000,fixed,1,access-plus-rate-deterministic,3,8
2,4,2,1024,262144,1048576,cycle,8,random,os-getrandom,random-old-and-new-paths,insertion,117,1048576,1.00000000000000000,-0.000000000,fixed,1,access-plus-rate-deterministic,3,8
2,4,2,1024,262144,1048576,cycle,8,random,os-getrandom,random-old-and-new-paths,insertion,118,1048576,1.00000000000000000,-0.000000000,fixed,1,access-plus-rate-deterministic,3,8
2,4,2,1024,262144,1048576,cycle,8,random,os-getrandom,random-old-and-new-paths,insertion,119,1048576,1.00000000000000000,-0.000000000,fixed,1,access-plus-rate-deterministic,3,8
2,4,2,1024,262144,1048576,cycle,8,random,os-getrandom,random-old-and-new-paths,insertion,120,1048576,1.00000000000000000,-0.000000000,fixed,1,access-plus-rate-deterministic,3,8
2,4,2,1024,262144,1048576,cycle,8,random,os-getrandom,random-old-and-new-paths,insertion,121,1048576,1.00000000000000000,-0.000000000,fixed,1,access-plus-rate-deterministic,3,8
2,4,2,1024,262144,1048576,cycle,8,random,os-getrandom,random-old-and-new-paths,insertion,122,1048576,1.00000000000000000,-0.000000000,fixed,1,access-plus-rate-deterministic,3,8
2,4,2,1024,262144,1048576,cycle,8,random,os-getrandom,random-old-and-new-paths,insertion,123,1048576,1.00000000000000000,-0.000000000,fixed,1,access-plus-rate-deterministic,3,8
2,4,2,1024,262144,1048576,cycle,8,random,os-getrandom,random-old-and-new-paths,insertion,124,1048576,1.00000000000000000,-0.000000000,fixed,1,access-plus-rate-deterministic,3,8
2,4,2,1024,262144,1048576,cycle,8,random,os-getrandom,random-old-and-new-paths,insertion,125,1048576,1.00000000000000000,-0.000000000,fixed,1,access-plus-rate-deterministic,3,8
2,4,2,1024,262144,1048576,cycle,8,random,os-getrandom,random-old-and-new-paths,insertion,126,1048576,1.00000000000000000,-0.000000000,fixed,1,access-plus-rate-deterministic,3,8
2,4,2,1024,262144,1048576,cycle,8,random,os-getrandom,random-old-and-new-paths,insertion,127,1048576,1.00000000000000000,-0.000000000,fixed,1,access-plus-rate-deterministic,3,8
2,4,2,1024,262144,1048576,cycle,8,random,os-getrandom,random-old-and-new-paths,insertion,128,1048576,1.00000000000000000,-0.000000000,fixed,1,access-plus-rate-deterministic,3,8
2,4,2,1024,262144,1048576,cycle,8,random,os-getrandom,random-old-and-new-paths,insertion,129,1048576,1.00000000000000000,-0.000000000,fixed,1,access-plus-rate-deterministic,3,8
2,4,2,1024,262144,1048576,cycle,8,random,os-getrandom,random-old-and-new-paths,insertion,130,1048576,1.00000000000000000,-0.000000000,fixed,1,access-plus-rate-deterministic,3,8
2,4,2,1024,262144,1048576,cycle,8,random,os-getrandom,random-old-and-new-paths,insertion,131,1048576,1.00000000000000000,-0.000000000,fixed,1,access-plus-rate-deterministic,3,8
2,4,2,1024,262144,1048576,cycle,8,random,os-getrandom,random-old-and-new-paths,insertion,132,1048576,1.00000000000000000,-0.000000000,fixed,1,access-plus-rate-deterministic,3,8
2,4,2,1024,262144,1048576,cycle,8,random,os-getrandom,random-old-and-new-paths,insertion,133,1048576,1.00000000000000000,-0.000000000,fixed,1,access-plus-rate-deterministic,3,8
2,4,2,1024,262144,1048576,cycle,8,random,os-getrandom,random-old-and-new-paths,insertion,134,1048576,1.00000000000000000,-0.000000000,fixed,1,access-plus-rate-deterministic,3,8
2,4,2,1024,262144,1048576,cycle,8,random,os-getrandom,random-old-and-new-paths,insertion,135,1048576,1.00000000000000000,-0.000000000,fixed,1,access-plus-rate-deterministic,3,8
2,4,2,1024,262144,1048576,cycle,8,random,os-getrandom,random-old-and-new-paths,insertion,136,1048576,1.00000000000000000,-0.000000000,fixed,1,access-plus-rate-deterministic,3,8
2,4,2,1024,262144,1048576,cycle,8,random,os-getrandom,random-old-and-new-paths,insertion,137,1048576,1.00000000000000000,-0.000000000,fixed,1,access-plus-rate-deterministic,3,8
2,4,2,1024,262144,1048576,cycle,8,random,os-getrandom,random-old-and-new-paths,insertion,138,1048576,1.00000000000000000,-0.000000000,fixed,1,access-plus-rate-deterministic,3,8
2,4,2,1024,262144,1048576,cycle,8,random,os-getrandom,random-old-and-new-paths,insertion,139,1048576,1.00000000000000000,-0.000000000,fixed,1,access-plus-rate-deterministic,3,8
2,4,2,1024,262144,1048576,cycle,8,random,os-getrandom,random-old-and-new-paths,insertion,140,1048576,1.00000000000000000,-0.000000000,fixed,1,access-plus-rate-deterministic,3,8
2,4,2,1024,262144,1048576,cycle,8,random,os-getrandom,random-old-and-new-paths,insertion,141,1048576,1.00000000000000000,-0.000000000,fixed,1,access-plus-rate-deterministic,3,8
2,4,2,1024,262144,1048576,cycle,8,random,os-getrandom,random-old-and-new-paths,insertion,142,1048576,1.00000000000000000,-0.000000000,fixed,1,access-plus-rate-deterministic,3,8
2,4,2,1024,262144,1048576,cycle,8,random,os-getrandom,random-old-and-new-paths,insertion,143,1048576,1.00000000000000000,-0.000000000,fixed,1,access-plus-rate-deterministic,3,8
2,4,2,1024,262144,1048576,cycle,8,random,os-getrandom,random-old-and-new-paths,insertion,144,1048576,1.00000000000000000,-0.000000000,fixed,1,access-plus-rate-deterministic,3,8
2,4,2,1024,262144,1048576,cycle,8,random,os-getrandom,random-old-and-new-paths,insertion,145,1048576,1.00000000000000000,-0.000000000,fixed,1,access-plus-rate-deterministic,3,8
2,4,2,1024,262144,1048576,cycle,8,random,os-getrandom,random-old-and-new-paths,insertion,146,1048576,1.00000000000000000,-0.000000000,fixed,1,access-plus-rate-deterministic,3,8
2,4,2,1024,262144,1048576,cycle,8,random,os-getrandom,random-old-and-new-paths,insertion,147,1048576,1.00000000000000000,-0.000000000,fixed,1,access-plus-rate-deterministic,3,8
2,4,2,1024,262144,1048576,cycle,8,random,os-getrandom,random-old-and-new-paths,insertion,148,1048576,1.00000000000000000,-0.000000000,fixed,1,access-plus-rate-deterministic,3,8
2,4,2,1024,262144,1048576,cycle,8,random,os-getrandom,random-old-and-new-paths,insertion,149,1048576,1.00000000000000000,-0.000000000,fixed,1,access-plus-rate-deterministic,3,8
2,4,2,1024,262144,1048576,cycle,8,random,os-getrandom,random-old-and-new-paths,insertion,150,1048576,1.00000000000000000,-0.000000000,fixed,1,access-plus-rate-deterministic,3,8
2,4,2,1024,262144,1048576,cycle,8,random,os-getrandom,random-old-and-new-paths,insertion,151,1048576,1.00000000000000000,-0.000000000,fixed,1,access-plus-rate-deterministic,3,8
2,4,2,1024,262144,1048576,cycle,8,random,os-getrandom,random-old-and-new-paths,insertion,152,1048576,1.00000000000000000,-0.000000000,fixed,1,access-plus-rate-deterministic,3,8
2,4,2,1024,262144,1048576,cycle,8,random,os-getrandom,random-old-and-new-paths,insertion,153,1048576,1.00000000000000000,-0.000000000,fixed,1,access-plus-rate-deterministic,3,8
2,4,2,1024,262144,1048576,cycle,8,random,os-getrandom,random-old-and-new-paths,insertion,154,1048576,1.00000000000000000,-0.000000000,fixed,1,access-plus-rate-deterministic,3,8
2,4,2,1024,262144,1048576,cycle,8,random,os-getrandom,random-old-and-new-paths,insertion,155,1048576,1.00000000000000000,-0.000000000,fixed,1,access-plus-rate-deterministic,3,8
2,4,2,1024,262144,1048576,cycle,8,random,os-getrandom,random-old-and-new-paths,insertion,156,1048576,1.00000000000000000,-0.000000000,fixed,1,access-plus-rate-deterministic,3,8
2,4,2,1024,262144,1048576,cycle,8,random,os-getrandom,random-old-and-new-paths,insertion,157,1048576,1.00000000000000000,-0.000000000,fixed,1,access-plus-rate-deterministic,3,8
2,4,2,1024,262144,1048576,cycle,8,random,os-getrandom,random-old-and-new-paths,insertion,158,1048576,1.00000000000000000,-0.000000000,fixed,1,access-plus-rate-deterministic,3,8
2,4,2,1024,262144,1048576,cycle,8,random,os-getrandom,random-old-and-new-paths,insertion,159,1048576,1.00000000000000000,-0.000000000,fixed,1,access-plus-rate-deterministic,3,8
2,4,2,1024,262144,1048576,cycle,8,random,os-getrandom,random-old-and-new-paths,insertion,160,1048576,1.00000000000000000,-0.000000000,fixed,1,access-plus-rate-deterministic,3,8
2,4,2,1024,262144,1048576,cycle,8,random,os-getrandom,random-old-and-new-paths,insertion,161,1048576,1.00000000000000000,-0.000000000,fixed,1,access-plus-rate-deterministic,3,8
2,4,2,1024,262144,1048576,cycle,8,random,os-getrandom,random-old-and-new-paths,insertion,162,1048576,1.00000000000000000,-0.000000000,fixed,1,access-plus-rate-deterministic,3,8
2,4,2,1024,262144,1048576,cycle,8,random,os-getrandom,random-old-and-new-paths,insertion,163,1048576,1.00000000000000000,-0.000000000,fixed,1,access-plus-rate-deterministic,3,8
2,4,2,1024,262144,1048576,cycle,8,random,os-getrandom,random-old-and-new-paths,insertion,164,1048576,1.00000000000000000,-0.000000000,fixed,1,access-plus-rate-deterministic,3,8
2,4,2,1024,262144,1048576,cycle,8,random,os-getrandom,random-old-and-new-paths,insertion,165,1048576,1.00000000000000000,-0.000000000,fixed,1,access-plus-rate-deterministic,3,8
2,4,2,1024,262144,1048576,cycle,8,random,os-getrandom,random-old-and-new-paths,insertion,166,1048576,1.00000000000000000,-0.000000000,fixed,1,access-plus-rate-deterministic,3,8
2,4,2,1024,262144,1048576,cycle,8,random,os-getrandom,random-old-and-new-paths,insertion,167,1048576,1.00000000000000000,-0.000000000,fixed,1,access-plus-rate-deterministic,3,8
2,4,2,1024,262144,1048576,cycle,8,random,os-getrandom,random-old-and-new-paths,insertion,168,1048576,1.00000000000000000,-0.000000000,fixed,1,access-plus-rate-deterministic,3,8
2,4,2,1024,262144,1048576,cycle,8,random,os-getrandom,random-old-and-new-paths,insertion,169,1048576,1.00000000000000000,-0.000000000,fixed,1,access-plus-rate-deterministic,3,8
2,4,2,1024,262144,1048576,cycle,8,random,os-getrandom,random-old-and-new-paths,insertion,170,1048576,1.00000000000000000,-0.000000000,fixed,1,access-plus-rate-deterministic,3,8
2,4,2,1024,262144,1048576,cycle,8,random,os-getrandom,random-old-and-new-paths,insertion,171,1048576,1.00000000000000000,-0.000000000,fixed,1,access-plus-rate-deterministic,3,8
2,4,2,1024,262144,1048576,cycle,8,random,os-getrandom,random-old-and-new-paths,insertion,172,1048576,1.00000000000000000,-0.000000000,fixed,1,access-plus-rate-deterministic,3,8
2,4,2,1024,262144,1048576,cycle,8,random,os-getrandom,random-old-and-new-paths,insertion,173,1048576,1.00000000000000000,-0.000000000,fixed,1,access-plus-rate-deterministic,3,8
2,4,2,1024,262144,1048576,cycle,8,random,os-getrandom,random-old-and-new-paths,insertion,174,1048576,1.00000000000000000,-0.000000000,fixed,1,access-plus-rate-deterministic,3,8
2,4,2,1024,262144,1048576,cycle,8,random,os-getrandom,random-old-and-new-paths,insertion,175,1048576,1.00000000000000000,-0.000000000,fixed,1,access-plus-rate-deterministic,3,8
2,4,2,1024,262144,1048576,cycle,8,random,os-getrandom,random-old-and-new-paths,insertion,176,1048576,1.00000000000000000,-0.000000000,fixed,1,access-plus-rate-deterministic,3,8
2,4,2,1024,262144,1048576,cycle,8,random,os-getrandom,random-old-and-new-paths,insertion,177,1048576,1.00000000000000000,-0.000000000,fixed,1,access-plus-rate-deterministic,3,8
2,4,2,1024,262144,1048576,cycle,8,random,os-getrandom,random-old-and-new-paths,insertion,178,1048576,1.00000000000000000,-0.000000000,fixed,1,access-plus-rate-deterministic,3,8
2,4,2,1024,262144,1048576,cycle,8,random,os-getrandom,random-old-and-new-paths,insertion,179,1048576,1.00000000000000000,-0.000000000,fixed,1,access-plus-rate-deterministic,3,8
2,4,2,1024,262144,1048576,cycle,8,random,os-getrandom,random-old-and-new-paths,insertion,180,1048576,1.00000000000000000,-0.000000000,fixed,1,access-plus-rate-deterministic,3,8
2,4,2,1024,262144,1048576,cycle,8,random,os-getrandom,random-old-and-new-paths,insertion,181,1048576,1.00000000000000000,-0.000000000,fixed,1,access-plus-rate-deterministic,3,8
2,4,2,1024,262144,1048576,cycle,8,random,os-getrandom,random-old-and-new-paths,insertion,182,1048576,1.00000000000000000,-0.000000000,fixed,1,access-plus-rate-deterministic,3,8
2,4,2,1024,262144,1048576,cycle,8,random,os-getrandom,random-old-and-new-paths,insertion,183,1048576,1.00000000000000000,-0.000000000,fixed,1,access-plus-rate-deterministic,3,8
2,4,2,1024,262144,1048576,cycle,8,random,os-getrandom,random-old-and-new-paths,insertion,184,1048576,1.00000000000000000,-0.000000000,fixed,1,access-plus-rate-deterministic,3,8
2,4,2,1024,262144,1048576,cycle,8,random,os-getrandom,random-old-and-new-paths,insertion,185,1048576,1.00000000000000000,-0.000000000,fixed,1,access-plus-rate-deterministic,3,8
2,4,2,1024,262144,1048576,cycle,8,random,os-getrandom,random-old-and-new-paths,insertion,186,1048576,1.00000000000000000,-0.000000000,fixed,1,access-plus-rate-deterministic,3,8
2,4,2,1024,262144,1048576,cycle,8,random,os-getrandom,random-old-and-new-paths,insertion,187,1048576,1.00000000000000000,-0.000000000,fixed,1,access-plus-rate-deterministic,3,8
2,4,2,1024,262144,1048576,cycle,8,random,os-getrandom,random-old-and-new-paths,insertion,188,1048576,1.00000000000000000,-0.000000000,fixed,1,access-plus-rate-deterministic,3,8
2,4,2,1024,262144,1048576,cycle,8,random,os-getrandom,random-old-and-new-paths,insertion,189,1048576,1.00000000000000000,-0.000000000,fixed,1,access-plus-rate-deterministic,3,8
2,4,2,1024,262144,1048576,cycle,8,random,os-getrandom,random-old-and-new-paths,insertion,190,1048576,1.00000000000000000,-0.000000000,fixed,1,access-plus-rate-deterministic,3,8
2,4,2,1024,262144,1048576,cycle,8,random,os-getrandom,random-old-and-new-paths,insertion,191,1048576,1.00000000000000000,-0.000000000,fixed,1,access-plus-rate-deterministic,3,8
2,4,2,1024,262144,1048576,cycle,8,random,os-getrandom,random-old-and-new-paths,insertion,192,1048576,1.00000000000000000,-0.000000000,fixed,1,access-plus-rate-deterministic,3,8
2,4,2,1024,262144,1048576,cycle,8,random,os-getrandom,random-old-and-new-paths,insertion,193,1048576,1.00000000000000000,-0.000000000,fixed,1,access-plus-rate-deterministic,3,8
2,4,2,1024,262144,1048576,cycle,8,random,os-getrandom,random-old-and-new-paths,insertion,194,1048576,1.00000000000000000,-0.000000000,fixed,1,access-plus-rate-deterministic,3,8
2,4,2,1024,262144,1048576,cycle,8,random,os-getrandom,random-old-and-new-paths,insertion,195,1048576,1.00000000000000000,-0.000000000,fixed,1,access-plus-rate-deterministic,3,8
2,4,2,1024,262144,1048576,cycle,8,random,os-getrandom,random-old-and-new-paths,insertion,196,1048576,1.00000000000000000,-0.000000000,fixed,1,access-plus-rate-deterministic,3,8
2,4,2,1024,262144,1048576,cycle,8,random,os-getrandom,random-old-and-new-paths,insertion,197,1048576,1.00000000000000000,-0.000000000,fixed,1,access-plus-rate-deterministic,3,8
2,4,2,1024,262144,1048576,cycle,8,random,os-getrandom,random-old-and-new-paths,insertion,198,1048576,1.00000000000000000,-0.000000000,fixed,1,access-plus-rate-deterministic,3,8
2,4,2,1024,262144,1048576,cycle,8,random,os-getrandom,random-old-and-new-paths,insertion,199,1048576,1.00000000000000000,-0.000000000,fixed,1,access-plus-rate-deterministic,3,8
2,4,2,1024,262144,1048576,cycle,8,random,os-getrandom,random-old-and-new-paths,insertion,200,1048576,1.00000000000000000,-0.000000000,fixed,1,access-plus-rate-deterministic,3,8
2,4,2,1024,262144,1048576,cycle,8,random,os-getrandom,random-old-and-new-paths,insertion,201,1048576,1.00000000000000000,-0.000000000,fixed,1,access-plus-rate-deterministic,3,8
2,4,2,1024,262144,1048576,cycle,8,random,os-getrandom,random-old-and-new-paths,insertion,202,1048576,1.00000000000000000,-0.000000000,fixed,1,access-plus-rate-deterministic,3,8
2,4,2,1024,262144,1048576,cycle,8,random,os-getrandom,random-old-and-new-paths,insertion,203,1048576,1.00000000000000000,-0.000000000,fixed,1,access-plus-rate-deterministic,3,8
2,4,2,1024,262144,1048576,cycle,8,random,os-getrandom,random-old-and-new-paths,insertion,204,1048576,1.00000000000000000,-0.000000000,fixed,1,access-plus-rate-deterministic,3,8
2,4,2,1024,262144,1048576,cycle,8,random,os-getrandom,random-old-and-new-paths,insertion,205,1048576,1.00000000000000000,-0.000000000,fixed,1,access-plus-rate-deterministic,3,8
2,4,2,1024,262144,1048576,cycle,8,random,os-getrandom,random-old-and-new-paths,insertion,206,1048576,1.00000000000000000,-0.000000000,fixed,1,access-plus-rate-deterministic,3,8
2,4,2,1024,262144,1048576,cycle,8,random,os-getrandom,random-old-and-new-paths,insertion,207,1048576,1.00000000000000000,-0.000000000,fixed,1,access-plus-rate-deterministic,3,8
2,4,2,1024,262144,1048576,cycle,8,random,os-getrandom,random-old-and-new-paths,insertion,208,1048576,1.00000000000000000,-0.000000000,fixed,1,access-plus-rate-deterministic,3,8
2,4,2,1024,262144,1048576,cycle,8,random,os-getrandom,random-old-and-new-paths,insertion,209,1048576,1.00000000000000000,-0.000000000,fixed,1,access-plus-rate-deterministic,3,8
2,4,2,1024,262144,1048576,cycle,8,random,os-getrandom,random-old-and-new-paths,insertion,210,1048576,1.00000000000000000,-0.000000000,fixed,1,access-plus-rate-deterministic,3,8
2,4,2,1024,262144,1048576,cycle,8,random,os-getrandom,random-old-and-new-paths,insertion,211,1048576,1.00000000000000000,-0.000000000,fixed,1,access-plus-rate-deterministic,3,8
2,4,2,1024,262144,1048576,cycle,8,random,os-getrandom,random-old-and-new-paths,insertion,212,1048576,1.00000000000000000,-0.000000000,fixed,1,access-plus-rate-deterministic,3,8
2,4,2,1024,262144,1048576,cycle,8,random,os-getrandom,random-old-and-new-paths,insertion,213,1048576,1.00000000000000000,-0.000000000,fixed,1,access-plus-rate-deterministic,3,8
2,4,2,1024,262144,1048576,cycle,8,random,os-getrandom,random-old-and-new-paths,insertion,214,1048576,1.00000000000000000,-0.000000000,fixed,1,access-plus-rate-deterministic,3,8
2,4,2,1024,262144,1048576,cycle,8,random,os-getrandom,random-old-and-new-paths,insertion,215,1048576,1.00000000000000000,-0.000000000,fixed,1,access-plus-rate-deterministic,3,8
2,4,2,1024,262144,1048576,cycle,8,random,os-getrandom,random-old-and-new-paths,insertion,216,1048576,1.00000000000000000,-0.000000000,fixed,1,access-plus-rate-deterministic,3,8
2,4,2,1024,262144,1048576,cycle,8,random,os-getrandom,random-old-and-new-paths,insertion,217,1048576,1.00000000000000000,-0.000000000,fixed,1,access-plus-rate-deterministic,3,8
2,4,2,1024,262144,1048576,cycle,8,random,os-getrandom,random-old-and-new-paths,insertion,218,1048576,1.00000000000000000,-0.000000000,fixed,1,access-plus-rate-deterministic,3,8
2,4,2,1024,262144,1048576,cycle,8,random,os-getrandom,random-old-and-new-paths,insertion,219,1048576,1.00000000000000000,-0.000000000,fixed,1,access-plus-rate-deterministic,3,8
2,4,2,1024,262144,1048576,cycle,8,random,os-getrandom,random-old-and-new-paths,insertion,220,1048576,1.00000000000000000,-0.000000000,fixed,1,access-plus-rate-deterministic,3,8
2,4,2,1024,262144,1048576,cycle,8,random,os-getrandom,random-old-and-new-paths,insertion,221,1048576,1.00000000000000000,-0.000000000,fixed,1,access-plus-rate-deterministic,3,8
2,4,2,1024,262144,1048576,cycle,8,random,os-getrandom,random-old-and-new-paths,insertion,222,1048576,1.00000000000000000,-0.000000000,fixed,1,access-plus-rate-deterministic,3,8
2,4,2,1024,262144,1048576,cycle,8,random,os-getrandom,random-old-and-new-paths,insertion,223,1048576,1.00000000000000000,-0.000000000,fixed,1,access-plus-rate-deterministic,3,8
2,4,2,1024,262144,1048576,cycle,8,random,os-getrandom,random-old-and-new-paths,insertion,224,1048576,1.00000000000000000,-0.000000000,fixed,1,access-plus-rate-deterministic,3,8
2,4,2,1024,262144,1048576,cycle,8,random,os-getrandom,random-old-and-new-paths,insertion,225,1048576,1.00000000000000000,-0.000000000,fixed,1,access-plus-rate-deterministic,3,8
2,4,2,1024,262144,1048576,cycle,8,random,os-getrandom,random-old-and-new-paths,insertion,226,1048576,1.00000000000000000,-0.000000000,fixed,1,access-plus-rate-deterministic,3,8
2,4,2,1024,262144,1048576,cycle,8,random,os-getrandom,random-old-and-new-paths,insertion,227,1048576,1.00000000000000000,-0.000000000,fixed,1,access-plus-rate-deterministic,3,8
2,4,2,1024,262144,1048576,cycle,8,random,os-getrandom,random-old-and-new-paths,insertion,228,1048576,1.00000000000000000,-0.000000000,fixed,1,access-plus-rate-deterministic,3,8
2,4,2,1024,262144,1048576,cycle,8,random,os-getrandom,random-old-and-new-paths,insertion,229,1048576,1.00000000000000000,-0.000000000,fixed,1,access-plus-rate-deterministic,3,8
2,4,2,1024,262144,1048576,cycle,8,random,os-getrandom,random-old-and-new-paths,insertion,230,1048576,1.00000000000000000,-0.000000000,fixed,1,access-plus-rate-deterministic,3,8
2,4,2,1024,262144,1048576,cycle,8,random,os-getrandom,random-old-and-new-paths,insertion,231,1048576,1.00000000000000000,-0.000000000,fixed,1,access-plus-rate-deterministic,3,8
2,4,2,1024,262144,1048576,cycle,8,random,os-getrandom,random-old-and-new-paths,insertion,232,1048576,1.00000000000000000,-0.000000000,fixed,1,access-plus-rate-deterministic,3,8
2,4,2,1024,262144,1048576,cycle,8,random,os-getrandom,random-old-and-new-paths,insertion,233,1048576,1.00000000000000000,-0.000000000,fixed,1,access-plus-rate-deterministic,3,8
2,4,2,1024,262144,1048576,cycle,8,random,os-getrandom,random-old-and-new-paths,insertion,234,1048576,1.00000000000000000,-0.000000000,fixed,1,access-plus-rate-deterministic,3,8
2,4,2,1024,262144,1048576,cycle,8,random,os-getrandom,random-old-and-new-paths,insertion,235,1048576,1.00000000000000000,-0.000000000,fixed,1,access-plus-rate-deterministic,3,8
2,4,2,1024,262144,1048576,cycle,8,random,os-getrandom,random-old-and-new-paths,insertion,236,1048576,1.00000000000000000,-0.000000000,fixed,1,access-plus-rate-deterministic,3,8
2,4,2,1024,262144,1048576,cycle,8,random,os-getrandom,random-old-and-new-paths,insertion,237,1048576,1.00000000000000000,-0.000000000,fixed,1,access-plus-rate-deterministic,3,8
2,4,2,1024,262144,1048576,cycle,8,random,os-getrandom,random-old-and-new-paths,insertion,238,1048576,1.00000000000000000,-0.000000000,fixed,1,access-plus-rate-deterministic,3,8
2,4,2,1024,262144,1048576,cycle,8,random,os-getrandom,random-old-and-new-paths,insertion,239,1048576,1.00000000000000000,-0.000000000,fixed,1,access-plus-rate-deterministic,3,8
2,4,2,1024,262144,1048576,cycle,8,random,os-getrandom,random-old-and-new-paths,insertion,240,1048576,1.00000000000000000,-0.000000000,fixed,1,access-plus-rate-deterministic,3,8
2,4,2,1024,262144,1048576,cycle,8,random,os-getrandom,random-old-and-new-paths,insertion,241,1048576,1.00000000000000000,-0.000000000,fixed,1,access-plus-rate-deterministic,3,8
2,4,2,1024,262144,1048576,cycle,8,random,os-getrandom,random-old-and-new-paths,insertion,242,1048576,1.00000000000000000,-0.000000000,fixed,1,access-plus-rate-deterministic,3,8
2,4,2,1024,262144,1048576,cycle,8,random,os-getrandom,random-old-and-new-paths,insertion,243,1048576,1.00000000000000000,-0.000000000,fixed,1,access-plus-rate-deterministic,3,8
2,4,2,1024,262144,1048576,cycle,8,random,os-getrandom,random-old-and-new-paths,insertion,244,1048576,1.00000000000000000,-0.000000000,fixed,1,access-plus-rate-deterministic,3,8
2,4,2,1024,262144,1048576,cycle,8,random,os-getrandom,random-old-and-new-paths,insertion,245,1048576,1.00000000000000000,-0.000000000,fixed,1,access-plus-rate-deterministic,3,8
2,4,2,1024,262144,1048576,cycle,8,random,os-getrandom,random-old-and-new-paths,insertion,246,1048576,1.00000000000000000,-0.000000000,fixed,1,access-plus-rate-deterministic,3,8
2,4,2,1024,262144,1048576,cycle,8,random,os-getrandom,random-old-and-new-paths,insertion,247,1048576,1.00000000000000000,-0.000000000,fixed,1,access-plus-rate-deterministic,3,8
2,4,2,1024,262144,1048576,cycle,8,random,os-getrandom,random-old-and-new-paths,insertion,248,1048576,1.00000000000000000,-0.000000000,fixed,1,access-plus-rate-deterministic,3,8
2,4,2,1024,262144,1048576,cycle,8,random,os-getrandom,random-old-and-new-paths,insertion,249,1048576,1.00000000000000000,-0.000000000,fixed,1,access-plus-rate-deterministic,3,8
2,4,2,1024,262144,1048576,cycle,8,random,os-getrandom,random-old-and-new-paths,insertion,250,1048576,1.00000000000000000,-0.000000000,fixed,1,access-plus-rate-deterministic,3,8
2,4,2,1024,262144,1048576,cycle,8,random,os-getrandom,random-old-and-new-paths,insertion,251,1048576,1.00000000000000000,-0.000000000,fixed,1,access-plus-rate-deterministic,3,8
2,4,2,1024,262144,1048576,cycle,8,random,os-getrandom,random-old-and-new-paths,insertion,252,1048576,1.00000000000000000,-0.000000000,fixed,1,access-plus-rate-deterministic,3,8
2,4,2,1024,262144,1048576,cycle,8,random,os-getrandom,random-old-and-new-paths,insertion,253,1048576,1.00000000000000000,-0.000000000,fixed,1,access-plus-rate-deterministic,3,8
2,4,2,1024,262144,1048576,cycle,8,random,os-getrandom,random-old-and-new-paths,insertion,254,1048576,1.00000000000000000,-0.000000000,fixed,1,access-plus-rate-deterministic,3,8
2,4,2,1024,262144,1048576,cycle,8,random,os-getrandom,random-old-and-new-paths,insertion,255,1048576,1.00000000000000000,-0.000000000,fixed,1,access-plus-rate-deterministic,3,8
2,4,2,1024,262144,1048576,cycle,8,random,os-getrandom,random-old-and-new-paths,insertion,256,1048576,1.00000000000000000,-0.000000000,fixed,1,access-plus-rate-deterministic,3,8
2,4,2,1024,262144,1048576,cycle,8,random,os-getrandom,random-old-and-new-paths,insertion,257,1048576,1.00000000000000000,-0.000000000,fixed,1,access-plus-rate-deterministic,3,8
2,4,2,1024,262144,1048576,cycle,8,random,os-getrandom,random-old-and-new-paths,insertion,258,1048576,1.00000000000000000,-0.000000000,fixed,1,access-plus-rate-deterministic,3,8
2,4,2,1024,262144,1048576,cycle,8,random,os-getrandom,random-old-and-new-paths,insertion,259,1048576,1.00000000000000000,-0.000000000,fixed,1,access-plus-rate-deterministic,3,8
2,4,2,1024,262144,1048576,cycle,8,random,os-getrandom,random-old-and-new-paths,insertion,260,1048576,1.00000000000000000,-0.000000000,fixed,1,access-plus-rate-deterministic,3,8
2,4,2,1024,262144,1048576,cycle,8,random,os-getrandom,random-old-and-new-paths,insertion,261,1048576,1.00000000000000000,-0.000000000,fixed,1,access-plus-rate-deterministic,3,8
2,4,2,1024,262144,1048576,cycle,8,random,os-getrandom,random-old-and-new-paths,insertion,262,1048576,1.00000000000000000,-0.000000000,fixed,1,access-plus-rate-deterministic,3,8
2,4,2,1024,262144,1048576,cycle,8,random,os-getrandom,random-old-and-new-paths,insertion,263,1048576,1.00000000000000000,-0.000000000,fixed,1,access-plus-rate-deterministic,3,8
2,4,2,1024,262144,1048576,cycle,8,random,os-getrandom,random-old-and-new-paths,insertion,264,1048576,1.00000000000000000,-0.000000000,fixed,1,access-plus-rate-deterministic,3,8
2,4,2,1024,262144,1048576,cycle,8,random,os-getrandom,random-old-and-new-paths,insertion,265,1048576,1.00000000000000000,-0.000000000,fixed,1,access-plus-rate-deterministic,3,8
2,4,2,1024,262144,1048576,cycle,8,random,os-getrandom,random-old-and-new-paths,insertion,266,1048576,1.00000000000000000,-0.000000000,fixed,1,access-plus-rate-deterministic,3,8
2,4,2,1024,262144,1048576,cycle,8,random,os-getrandom,random-old-and-new-paths,insertion,267,1048576,1.00000000000000000,-0.000000000,fixed,1,access-plus-rate-deterministic,3,8
2,4,2,1024,262144,1048576,cycle,8,random,os-getrandom,random-old-and-new-paths,insertion,268,1048576,1.00000000000000000,-0.000000000,fixed,1,access-plus-rate-deterministic,3,8
2,4,2,1024,262144,1048576,cycle,8,random,os-getrandom,random-old-and-new-paths,insertion,269,1048576,1.00000000000000000,-0.000000000,fixed,1,access-plus-rate-deterministic,3,8
2,4,2,1024,262144,1048576,cycle,8,random,os-getrandom,random-old-and-new-paths,insertion,270,1048576,1.00000000000000000,-0.000000000,fixed,1,access-plus-rate-deterministic,3,8
2,4,2,1024,262144,1048576,cycle,8,random,os-getrandom,random-old-and-new-paths,insertion,271,1048576,1.00000000000000000,-0.000000000,fixed,1,access-plus-rate-deterministic,3,8
2,4,2,1024,262144,1048576,cycle,8,random,os-getrandom,random-old-and-new-paths,insertion,272,1048576,1.00000000000000000,-0.000000000,fixed,1,access-plus-rate-deterministic,3,8
2,4,2,1024,262144,1048576,cycle,8,random,os-getrandom,random-old-and-new-paths,insertion,273,1048576,1.00000000000000000,-0.000000000,fixed,1,access-plus-rate-deterministic,3,8
2,4,2,1024,262144,1048576,cycle,8,random,os-getrandom,random-old-and-new-paths,insertion,274,1048576,1.00000000000000000,-0.000000000,fixed,1,access-plus-rate-deterministic,3,8
2,4,2,1024,262144,1048576,cycle,8,random,os-getrandom,random-old-and-new-paths,insertion,275,1048576,1.00000000000000000,-0.000000000,fixed,1,access-plus-rate-deterministic,3,8
2,4,2,1024,262144,1048576,cycle,8,random,os-getrandom,random-old-and-new-paths,insertion,276,1048576,1.00000000000000000,-0.000000000,fixed,1,access-plus-rate-deterministic,3,8
2,4,2,1024,262144,1048576,cycle,8,random,os-getrandom,random-old-and-new-paths,insertion,277,1048576,1.00000000000000000,-0.000000000,fixed,1,access-plus-rate-deterministic,3,8
2,4,2,1024,262144,1048576,cycle,8,random,os-getrandom,random-old-and-new-paths,insertion,278,1048576,1.00000000000000000,-0.000000000,fixed,1,access-plus-rate-deterministic,3,8
2,4,2,1024,262144,1048576,cycle,8,random,os-getrandom,random-old-and-new-paths,insertion,279,1048576,1.00000000000000000,-0.000000000,fixed,1,access-plus-rate-deterministic,3,8
2,4,2,1024,262144,1048576,cycle,8,random,os-getrandom,random-old-and-new-paths,insertion,280,1048576,1.00000000000000000,-0.000000000,fixed,1,access-plus-rate-deterministic,3,8
2,4,2,1024,262144,1048576,cycle,8,random,os-getrandom,random-old-and-new-paths,insertion,281,1048576,1.00000000000000000,-0.000000000,fixed,1,access-plus-rate-deterministic,3,8
2,4,2,1024,262144,1048576,cycle,8,random,os-getrandom,random-old-and-new-paths,insertion,282,1048576,1.00000000000000000,-0.000000000,fixed,1,access-plus-rate-deterministic,3,8
2,4,2,1024,262144,1048576,cycle,8,random,os-getrandom,random-old-and-new-paths,insertion,283,1048576,1.00000000000000000,-0.000000000,fixed,1,access-plus-rate-deterministic,3,8
2,4,2,1024,262144,1048576,cycle,8,random,os-getrandom,random-old-and-new-paths,insertion,284,1048576,1.00000000000000000,-0.000000000,fixed,1,access-plus-rate-deterministic,3,8
2,4,2,1024,262144,1048576,cycle,8,random,os-getrandom,random-old-and-new-paths,insertion,285,1048576,1.00000000000000000,-0.000000000,fixed,1,access-plus-rate-deterministic,3,8
2,4,2,1024,262144,1048576,cycle,8,random,os-getrandom,random-old-and-new-paths,insertion,286,1048576,1.00000000000000000,-0.000000000,fixed,1,access-plus-rate-deterministic,3,8
2,4,2,1024,262144,1048576,cycle,8,random,os-getrandom,random-old-and-new-paths,insertion,287,1048576,1.00000000000000000,-0.000000000,fixed,1,access-plus-rate-deterministic,3,8
2,4,2,1024,262144,1048576,cycle,8,random,os-getrandom,random-old-and-new-paths,insertion,288,1048576,1.00000000000000000,-0.000000000,fixed,1,access-plus-rate-deterministic,3,8
2,4,2,1024,262144,1048576,cycle,8,random,os-getrandom,random-old-and-new-paths,insertion,289,1048576,1.00000000000000000,-0.000000000,fixed,1,access-plus-rate-deterministic,3,8
2,4,2,1024,262144,1048576,cycle,8,random,os-getrandom,random-old-and-new-paths,insertion,290,1048576,1.00000000000000000,-0.000000000,fixed,1,access-plus-rate-deterministic,3,8
2,4,2,1024,262144,1048576,cycle,8,random,os-getrandom,random-old-and-new-paths,insertion,291,1048576,1.00000000000000000,-0.000000000,fixed,1,access-plus-rate-deterministic,3,8
2,4,2,1024,262144,1048576,cycle,8,random,os-getrandom,random-old-and-new-paths,insertion,292,1048576,1.00000000000000000,-0.000000000,fixed,1,access-plus-rate-deterministic,3,8
2,4,2,1024,262144,1048576,cycle,8,random,os-getrandom,random-old-and-new-paths,insertion,293,1048576,1.00000000000000000,-0.000000000,fixed,1,access-plus-rate-deterministic,3,8
2,4,2,1024,262144,1048576,cycle,8,random,os-getrandom,random-old-and-new-paths,insertion,294,1048576,1.00000000000000000,-0.000000000,fixed,1,access-plus-rate-deterministic,3,8
2,4,2,1024,262144,1048576,cycle,8,random,os-getrandom,random-old-and-new-paths,insertion,295,1048576,1.00000000000000000,-0.000000000,fixed,1,access-plus-rate-deterministic,3,8
2,4,2,1024,262144,1048576,cycle,8,random,os-getrandom,random-old-and-new-paths,insertion,296,1048576,1.00000000000000000,-0.000000000,fixed,1,access-plus-rate-deterministic,3,8
2,4,2,1024,262144,1048576,cycle,8,random,os-getrandom,random-old-and-new-paths,insertion,297,1048576,1.00000000000000000,-0.000000000,fixed,1,access-plus-rate-deterministic,3,8
2,4,2,1024,262144,1048576,cycle,8,random,os-getrandom,random-old-and-new-paths,insertion,298,1048576,1.00000000000000000,-0.000000000,fixed,1,access-plus-rate-deterministic,3,8
2,4,2,1024,262144,1048576,cycle,8,random,os-getrandom,random-old-and-new-paths,insertion,299,1048576,1.00000000000000000,-0.000000000,fixed,1,access-plus-rate-deterministic,3,8
2,4,2,1024,262144,1048576,cycle,8,random,os-getrandom,random-old-and-new-paths,insertion,300,1048576,1.00000000000000000,-0.000000000,fixed,1,access-plus-rate-deterministic,3,8
2,4,2,1024,262144,1048576,cycle,8,random,os-getrandom,random-old-and-new-paths,insertion,301,1048576,1.00000000000000000,-0.000000000,fixed,1,access-plus-rate-deterministic,3,8
2,4,2,1024,262144,1048576,cycle,8,random,os-getrandom,random-old-and-new-paths,insertion,302,1048576,1.00000000000000000,-0.000000000,fixed,1,access-plus-rate-deterministic,3,8
2,4,2,1024,262144,1048576,cycle,8,random,os-getrandom,random-old-and-new-paths,insertion,303,1048576,1.00000000000000000,-0.000000000,fixed,1,access-plus-rate-deterministic,3,8
2,4,2,1024,262144,1048576,cycle,8,random,os-getrandom,random-old-and-new-paths,insertion,304,1048576,1.00000000000000000,-0.000000000,fixed,1,access-plus-rate-deterministic,3,8
2,4,2,1024,262144,1048576,cycle,8,random,os-getrandom,random-old-and-new-paths,insertion,305,1048576,1.00000000000000000,-0.000000000,fixed,1,access-plus-rate-deterministic,3,8
2,4,2,1024,262144,1048576,cycle,8,random,os-getrandom,random-old-and-new-paths,insertion,306,1048576,1.00000000000000000,-0.000000000,fixed,1,access-plus-rate-deterministic,3,8
2,4,2,1024,262144,1048576,cycle,8,random,os-getrandom,random-old-and-new-paths,insertion,307,1048576,1.00000000000000000,-0.000000000,fixed,1,access-plus-rate-deterministic,3,8
2,4,2,1024,262144,1048576,cycle,8,random,os-getrandom,random-old-and-new-paths,insertion,308,1048576,1.00000000000000000,-0.000000000,fixed,1,access-plus-rate-deterministic,3,8
2,4,2,1024,262144,1048576,cycle,8,random,os-getrandom,random-old-and-new-paths,insertion,309,1048576,1.00000000000000000,-0.000000000,fixed,1,access-plus-rate-deterministic,3,8
2,4,2,1024,262144,1048576,cycle,8,random,os-getrandom,random-old-and-new-paths,insertion,310,1048576,1.00000000000000000,-0.000000000,fixed,1,access-plus-rate-deterministic,3,8
2,4,2,1024,262144,1048576,cycle,8,random,os-getrandom,random-old-and-new-paths,insertion,311,1048576,1.00000000000000000,-0.000000000,fixed,1,access-plus-rate-deterministic,3,8
2,4,2,1024,262144,1048576,cycle,8,random,os-getrandom,random-old-and-new-paths,insertion,312,1048576,1.00000000000000000,-0.000000000,fixed,1,access-plus-rate-deterministic,3,8
2,4,2,1024,262144,1048576,cycle,8,random,os-getrandom,random-old-and-new-paths,insertion,313,1048576,1.00000000000000000,-0.000000000,fixed,1,access-plus-rate-deterministic,3,8
2,4,2,1024,262144,1048576,cycle,8,random,os-getrandom,random-old-and-new-paths,insertion,314,1048576,1.00000000000000000,-0.000000000,fixed,1,access-plus-rate-deterministic,3,8
2,4,2,1024,262144,1048576,cycle,8,random,os-getrandom,random-old-and-new-paths,insertion,315,1048576,1.00000000000000000,-0.000000000,fixed,1,access-plus-rate-deterministic,3,8
2,4,2,1024,262144,1048576,cycle,8,random,os-getrandom,random-old-and-new-paths,insertion,316,1048576,1.00000000000000000,-0.000000000,fixed,1,access-plus-rate-deterministic,3,8
2,4,2,1024,262144,1048576,cycle,8,random,os-getrandom,random-old-and-new-paths,insertion,317,1048576,1.00000000000000000,-0.000000000,fixed,1,access-plus-rate-deterministic,3,8
2,4,2,1024,262144,1048576,cycle,8,random,os-getrandom,random-old-and-new-paths,insertion,318,1048576,1.00000000000000000,-0.000000000,fixed,1,access-plus-rate-deterministic,3,8
2,4,2,1024,262144,1048576,cycle,8,random,os-getrandom,random-old-and-new-paths,insertion,319,1048576,1.00000000000000000,-0.000000000,fixed,1,access-plus-rate-deterministic,3,8
2,4,2,1024,262144,1048576,cycle,8,random,os-getrandom,random-old-and-new-paths,insertion,320,1048576,1.00000000000000000,-0.000000000,fixed,1,access-plus-rate-deterministic,3,8
2,4,2,1024,262144,1048576,cycle,8,random,os-getrandom,random-old-and-new-paths,insertion,321,1048576,1.00000000000000000,-0.000000000,fixed,1,access-plus-rate-deterministic,3,8
2,4,2,1024,262144,1048576,cycle,8,random,os-getrandom,random-old-and-new-paths,insertion,322,1048576,1.00000000000000000,-0.000000000,fixed,1,access-plus-rate-deterministic,3,8
2,4,2,1024,262144,1048576,cycle,8,random,os-getrandom,random-old-and-new-paths,insertion,323,1048576,1.00000000000000000,-0.000000000,fixed,1,access-plus-rate-deterministic,3,8
2,4,2,1024,262144,1048576,cycle,8,random,os-getrandom,random-old-and-new-paths,insertion,324,1048576,1.00000000000000000,-0.000000000,fixed,1,access-plus-rate-deterministic,3,8
2,4,2,1024,262144,1048576,cycle,8,random,os-getrandom,random-old-and-new-paths,insertion,325,1048576,1.00000000000000000,-0.000000000,fixed,1,access-plus-rate-deterministic,3,8
2,4,2,1024,262144,1048576,cycle,8,random,os-getrandom,random-old-and-new-paths,insertion,326,1048576,1.00000000000000000,-0.000000000,fixed,1,access-plus-rate-deterministic,3,8
2,4,2,1024,262144,1048576,cycle,8,random,os-getrandom,random-old-and-new-paths,insertion,327,1048576,1.00000000000000000,-0.000000000,fixed,1,access-plus-rate-deterministic,3,8
2,4,2,1024,262144,1048576,cycle,8,random,os-getrandom,random-old-and-new-paths,insertion,328,1048576,1.00000000000000000,-0.000000000,fixed,1,access-plus-rate-deterministic,3,8
2,4,2,1024,262144,1048576,cycle,8,random,os-getrandom,random-old-and-new-paths,insertion,329,1048576,1.00000000000000000,-0.000000000,fixed,1,access-plus-rate-deterministic,3,8
2,4,2,1024,262144,1048576,cycle,8,random,os-getrandom,random-old-and-new-paths,insertion,330,1048576,1.00000000000000000,-0.000000000,fixed,1,access-plus-rate-deterministic,3,8
2,4,2,1024,262144,1048576,cycle,8,random,os-getrandom,random-old-and-new-paths,insertion,331,1048576,1.00000000000000000,-0.000000000,fixed,1,access-plus-rate-deterministic,3,8
2,4,2,1024,262144,1048576,cycle,8,random,os-getrandom,random-old-and-new-paths,insertion,332,1048576,1.00000000000000000,-0.000000000,fixed,1,access-plus-rate-deterministic,3,8
2,4,2,1024,262144,1048576,cycle,8,random,os-getrandom,random-old-and-new-paths,insertion,333,1048576,1.00000000000000000,-0.000000000,fixed,1,access-plus-rate-deterministic,3,8
2,4,2,1024,262144,1048576,cycle,8,random,os-getrandom,random-old-and-new-paths,insertion,334,1048576,1.00000000000000000,-0.000000000,fixed,1,access-plus-rate-deterministic,3,8
2,4,2,1024,262144,1048576,cycle,8,random,os-getrandom,random-old-and-new-paths,insertion,335,1048576,1.00000000000000000,-0.000000000,fixed,1,access-plus-rate-deterministic,3,8
2,4,2,1024,262144,1048576,cycle,8,random,os-getrandom,random-old-and-new-paths,insertion,336,1048576,1.00000000000000000,-0.000000000,fixed,1,access-plus-rate-deterministic,3,8
2,4,2,1024,262144,1048576,cycle,8,random,os-getrandom,random-old-and-new-paths,insertion,337,1048576,1.00000000000000000,-0.000000000,fixed,1,access-plus-rate-deterministic,3,8
2,4,2,1024,262144,1048576,cycle,8,random,os-getrandom,random-old-and-new-paths,insertion,338,1048576,1.00000000000000000,-0.000000000,fixed,1,access-plus-rate-deterministic,3,8
2,4,2,1024,262144,1048576,cycle,8,random,os-getrandom,random-old-and-new-paths,insertion,339,1048576,1.00000000000000000,-0.000000000,fixed,1,access-plus-rate-deterministic,3,8
2,4,2,1024,262144,1048576,cycle,8,random,os-getrandom,random-old-and-new-paths,insertion,340,1048576,1.00000000000000000,-0.000000000,fixed,1,access-plus-rate-deterministic,3,8
2,4,2,1024,262144,1048576,cycle,8,random,os-getrandom,random-old-and-new-paths,insertion,341,1048576,1.00000000000000000,-0.000000000,fixed,1,access-plus-rate-deterministic,3,8
2,4,2,1024,262144,1048576,cycle,8,random,os-getrandom,random-old-and-new-paths,insertion,342,1048576,1.00000000000000000,-0.000000000,fixed,1,access-plus-rate-deterministic,3,8
2,4,2,1024,262144,1048576,cycle,8,random,os-getrandom,random-old-and-new-paths,insertion,343,1048576,1.00000000000000000,-0.000000000,fixed,1,access-plus-rate-deterministic,3,8
2,4,2,1024,262144,1048576,cycle,8,random,os-getrandom,random-old-and-new-paths,insertion,344,1048576,1.00000000000000000,-0.000000000,fixed,1,access-plus-rate-deterministic,3,8
2,4,2,1024,262144,1048576,cycle,8,random,os-getrandom,random-old-and-new-paths,insertion,345,1048576,1.00000000000000000,-0.000000000,fixed,1,access-plus-rate-deterministic,3,8
2,4,2,1024,262144,1048576,cycle,8,random,os-getrandom,random-old-and-new-paths,insertion,346,1048576,1.00000000000000000,-0.000000000,fixed,1,access-plus-rate-deterministic,3,8
2,4,2,1024,262144,1048576,cycle,8,random,os-getrandom,random-old-and-new-paths,insertion,347,1048576,1.00000000000000000,-0.000000000,fixed,1,access-plus-rate-deterministic,3,8
2,4,2,1024,262144,1048576,cycle,8,random,os-getrandom,random-old-and-new-paths,insertion,348,1048576,1.00000000000000000,-0.000000000,fixed,1,access-plus-rate-deterministic,3,8
2,4,2,1024,262144,1048576,cycle,8,random,os-getrandom,random-old-and-new-paths,insertion,349,1048576,1.00000000000000000,-0.000000000,fixed,1,access-plus-rate-deterministic,3,8
2,4,2,1024,262144,1048576,cycle,8,random,os-getrandom,random-old-and-new-paths,insertion,350,1048576,1.00000000000000000,-0.000000000,fixed,1,access-plus-rate-deterministic,3,8
2,4,2,1024,262144,1048576,cycle,8,random,os-getrandom,random-old-and-new-paths,insertion,351,1048576,1.00000000000000000,-0.000000000,fixed,1,access-plus-rate-deterministic,3,8
2,4,2,1024,262144,1048576,cycle,8,random,os-getrandom,random-old-and-new-paths,insertion,352,1048576,1.00000000000000000,-0.000000000,fixed,1,access-plus-rate-deterministic,3,8
2,4,2,1024,262144,1048576,cycle,8,random,os-getrandom,random-old-and-new-paths,insertion,353,1048576,1.00000000000000000,-0.000000000,fixed,1,access-plus-rate-deterministic,3,8
2,4,2,1024,262144,1048576,cycle,8,random,os-getrandom,random-old-and-new-paths,insertion,354,1048576,1.00000000000000000,-0.000000000,fixed,1,access-plus-rate-deterministic,3,8
2,4,2,1024,262144,1048576,cycle,8,random,os-getrandom,random-old-and-new-paths,insertion,355,1048576,1.00000000000000000,-0.000000000,fixed,1,access-plus-rate-deterministic,3,8
2,4,2,1024,262144,1048576,cycle,8,random,os-getrandom,random-old-and-new-paths,insertion,356,1048576,1.00000000000000000,-0.000000000,fixed,1,access-plus-rate-deterministic,3,8
2,4,2,1024,262144,1048576,cycle,8,random,os-getrandom,random-old-and-new-paths,insertion,357,1048576,1.00000000000000000,-0.000000000,fixed,1,access-plus-rate-deterministic,3,8
2,4,2,1024,262144,1048576,cycle,8,random,os-getrandom,random-old-and-new-paths,insertion,358,1048576,1.00000000000000000,-0.000000000,fixed,1,access-plus-rate-deterministic,3,8
2,4,2,1024,262144,1048576,cycle,8,random,os-getrandom,random-old-and-new-paths,insertion,359,1048576,1.00000000000000000,-0.000000000,fixed,1,access-plus-rate-deterministic,3,8
2,4,2,1024,262144,1048576,cycle,8,random,os-getrandom,random-old-and-new-paths,insertion,360,1048576,1.00000000000000000,-0.000000000,fixed,1,access-plus-rate-deterministic,3,8
2,4,2,1024,262144,1048576,cycle,8,random,os-getrandom,random-old-and-new-paths,insertion,361,1048576,1.00000000000000000,-0.000000000,fixed,1,access-plus-rate-deterministic,3,8
2,4,2,1024,262144,1048576,cycle,8,random,os-getrandom,random-old-and-new-paths,insertion,362,1048576,1.00000000000000000,-0.000000000,fixed,1,access-plus-rate-deterministic,3,8
2,4,2,1024,262144,1048576,cycle,8,random,os-getrandom,random-old-and-new-paths,insertion,363,1048576,1.00000000000000000,-0.000000000,fixed,1,access-plus-rate-deterministic,3,8
2,4,2,1024,262144,1048576,cycle,8,random,os-getrandom,random-old-and-new-paths,insertion,364,1048576,1.00000000000000000,-0.000000000,fixed,1,access-plus-rate-deterministic,3,8
2,4,2,1024,262144,1048576,cycle,8,random,os-getrandom,random-old-and-new-paths,insertion,365,1048576,1.00000000000000000,-0.000000000,fixed,1,access-plus-rate-deterministic,3,8
2,4,2,1024,262144,1048576,cycle,8,random,os-getrandom,random-old-and-new-paths,insertion,366,1048576,1.00000000000000000,-0.000000000,fixed,1,access-plus-rate-deterministic,3,8
2,4,2,1024,262144,1048576,cycle,8,random,os-getrandom,random-old-and-new-paths,insertion,367,1048576,1.00000000000000000,-0.000000000,fixed,1,access-plus-rate-deterministic,3,8
2,4,2,1024,262144,1048576,cycle,8,random,os-getrandom,random-old-and-new-paths,insertion,368,1048576,1.00000000000000000,-0.000000000,fixed,1,access-plus-rate-deterministic,3,8
2,4,2,1024,262144,1048576,cycle,8,random,os-getrandom,random-old-and-new-paths,insertion,369,1048576,1.00000000000000000,-0.000000000,fixed,1,access-plus-rate-deterministic,3,8
2,4,2,1024,262144,1048576,cycle,8,random,os-getrandom,random-old-and-new-paths,insertion,370,1048576,1.00000000000000000,-0.000000000,fixed,1,access-plus-rate-deterministic,3,8
2,4,2,1024,262144,1048576,cycle,8,random,os-getrandom,random-old-and-new-paths,insertion,371,1048576,1.00000000000000000,-0.000000000,fixed,1,access-plus-rate-deterministic,3,8
2,4,2,1024,262144,1048576,cycle,8,random,os-getrandom,random-old-and-new-paths,insertion,372,1048576,1.00000000000000000,-0.000000000,fixed,1,access-plus-rate-deterministic,3,8
2,4,2,1024,262144,1048576,cycle,8,random,os-getrandom,random-old-and-new-paths,insertion,373,1048576,1.00000000000000000,-0.000000000,fixed,1,access-plus-rate-deterministic,3,8
2,4,2,1024,262144,1048576,cycle,8,random,os-getrandom,random-old-and-new-paths,insertion,374,1048576,1.00000000000000000,-0.000000000,fixed,1,access-plus-rate-deterministic,3,8
2,4,2,1024,262144,1048576,cycle,8,random,os-getrandom,random-old-and-new-paths,insertion,375,1048576,1.00000000000000000,-0.000000000,fixed,1,access-plus-rate-deterministic,3,8
2,4,2,1024,262144,1048576,cycle,8,random,os-getrandom,random-old-and-new-paths,insertion,376,1048576,1.00000000000000000,-0.000000000,fixed,1,access-plus-rate-deterministic,3,8
2,4,2,1024,262144,1048576,cycle,8,random,os-getrandom,random-old-and-new-paths,insertion,377,1048576,1.00000000000000000,-0.000000000,fixed,1,access-plus-rate-deterministic,3,8
2,4,2,1024,262144,1048576,cycle,8,random,os-getrandom,random-old-and-new-paths,insertion,378,1048576,1.00000000000000000,-0.000000000,fixed,1,access-plus-rate-deterministic,3,8
2,4,2,1024,262144,1048576,cycle,8,random,os-getrandom,random-old-and-new-paths,insertion,379,1048576,1.00000000000000000,-0.000000000,fixed,1,access-plus-rate-deterministic,3,8
2,4,2,1024,262144,1048576,cycle,8,random,os-getrandom,random-old-and-new-paths,insertion,380,1048575,0.99999904632568359,0.000001376,fixed,1,access-plus-rate-deterministic,3,8
2,4,2,1024,262144,1048576,cycle,8,random,os-getrandom,random-old-and-new-paths,insertion,381,1048550,0.99997520446777344,0.000035773,fixed,1,access-plus-rate-deterministic,3,8
2,4,2,1024,262144,1048576,cycle,8,random,os-getrandom,random-old-and-new-paths,insertion,382,1048496,0.99992370605468750,0.000110073,fixed,1,access-plus-rate-deterministic,3,8
2,4,2,1024,262144,1048576,cycle,8,random,os-getrandom,random-old-and-new-paths,insertion,383,1048417,0.99984836578369141,0.000218779,fixed,1,access-plus-rate-deterministic,3,8
2,4,2,1024,262144,1048576,cycle,8,random,os-getrandom,random-old-and-new-paths,insertion,384,1048284,0.99972152709960938,0.000401807,fixed,1,access-plus-rate-deterministic,3,8
2,4,2,1024,262144,1048576,cycle,8,random,os-getrandom,random-old-and-new-paths,insertion,385,1048145,0.99958896636962891,0.000593118,fixed,1,access-plus-rate-deterministic,3,8
2,4,2,1024,262144,1048576,cycle,8,random,os-getrandom,random-old-and-new-paths,insertion,386,1047983,0.99943447113037109,0.000816116,fixed,1,access-plus-rate-deterministic,3,8
2,4,2,1024,262144,1048576,cycle,8,random,os-getrandom,random-old-and-new-paths,insertion,387,1047821,0.99927997589111328,0.001039149,fixed,1,access-plus-rate-deterministic,3,8
2,4,2,1024,262144,1048576,cycle,8,random,os-getrandom,random-old-and-new-paths,insertion,388,1047671,0.99913692474365234,0.001245692,fixed,1,access-plus-rate-deterministic,3,8
2,4,2,1024,262144,1048576,cycle,8,random,os-getrandom,random-old-and-new-paths,insertion,389,1047426,0.99890327453613281,0.001583109,fixed,1,access-plus-rate-deterministic,3,8
2,4,2,1024,262144,1048576,cycle,8,random,os-getrandom,random-old-and-new-paths,insertion,390,1047132,0.99862289428710938,0.001988113,fixed,1,access-plus-rate-deterministic,3,8
2,4,2,1024,262144,1048576,cycle,8,random,os-getrandom,random-old-and-new-paths,insertion,391,1046772,0.99827957153320312,0.002484191,fixed,1,access-plus-rate-deterministic,3,8
2,4,2,1024,262144,1048576,cycle,8,random,os-getrandom,random-old-and-new-paths,insertion,392,1046375,0.99790096282958984,0.003031453,fixed,1,access-plus-rate-deterministic,3,8
2,4,2,1024,262144,1048576,cycle,8,random,os-getrandom,random-old-and-new-paths,insertion,393,1045886,0.99743461608886719,0.003705822,fixed,1,access-plus-rate-deterministic,3,8
2,4,2,1024,262144,1048576,cycle,8,random,os-getrandom,random-old-and-new-paths,insertion,394,1045341,0.99691486358642578,0.004457791,fixed,1,access-plus-rate-deterministic,3,8
2,4,2,1024,262144,1048576,cycle,8,random,os-getrandom,random-old-and-new-paths,insertion,395,1044683,0.99628734588623047,0.005366195,fixed,1,access-plus-rate-deterministic,3,8
2,4,2,1024,262144,1048576,cycle,8,random,os-getrandom,random-old-and-new-paths,insertion,396,1043807,0.99545192718505859,0.006576449,fixed,1,access-plus-rate-deterministic,3,8
2,4,2,1024,262144,1048576,cycle,8,random,os-getrandom,random-old-and-new-paths,insertion,397,1042728,0.99442291259765625,0.008068557,fixed,1,access-plus-rate-deterministic,3,8
2,4,2,1024,262144,1048576,cycle,8,random,os-getrandom,random-old-and-new-paths,insertion,398,1041465,0.99321842193603516,0.009817074,fixed,1,access-plus-rate-deterministic,3,8
2,4,2,1024,262144,1048576,cycle,8,random,os-getrandom,random-old-and-new-paths,insertion,399,1040020,0.99184036254882812,0.011820158,fixed,1,access-plus-rate-deterministic,3,8
2,4,2,1024,262144,1048576,cycle,8,random,os-getrandom,random-old-and-new-paths,insertion,400,1038281,0.99018192291259766,0.014234484,fixed,1,access-plus-rate-deterministic,3,8
2,4,2,1024,262144,1048576,cycle,8,random,os-getrandom,random-old-and-new-paths,insertion,401,1036365,0.98835468292236328,0.016899232,fixed,1,access-plus-rate-deterministic,3,8
2,4,2,1024,262144,1048576,cycle,8,random,os-getrandom,random-old-and-new-paths,insertion,402,1034360,0.98644256591796875,0.019693040,fixed,1,access-plus-rate-deterministic,3,8
2,4,2,1024,262144,1048576,cycle,8,random,os-getrandom,random-old-and-new-paths,insertion,403,1032333,0.98450946807861328,0.022523014,fixed,1,access-plus-rate-deterministic,3,8
2,4,2,1024,262144,1048576,cycle,8,random,os-getrandom,random-old-and-new-paths,insertion,404,1030318,0.98258781433105469,0.025341747,fixed,1,access-plus-rate-deterministic,3,8
2,4,2,1024,262144,1048576,cycle,8,random,os-getrandom,random-old-and-new-paths,insertion,405,1028028,0.98040390014648438,0.028551871,fixed,1,access-plus-rate-deterministic,3,8
2,4,2,1024,262144,1048576,cycle,8,random,os-getrandom,random-old-and-new-paths,insertion,406,1025576,0.97806549072265625,0.031997024,fixed,1,access-plus-rate-deterministic,3,8
2,4,2,1024,262144,1048576,cycle,8,random,os-getrandom,random-old-and-new-paths,insertion,407,1023009,0.97561740875244141,0.035612593,fixed,1,access-plus-rate-deterministic,3,8
2,4,2,1024,262144,1048576,cycle,8,random,os-getrandom,random-old-and-new-paths,insertion,408,1020357,0.97308826446533203,0.039357424,fixed,1,access-plus-rate-deterministic,3,8
2,4,2,1024,262144,1048576,cycle,8,random,os-getrandom,random-old-and-new-paths,insertion,409,1017671,0.97052669525146484,0.043160199,fixed,1,access-plus-rate-deterministic,3,8
2,4,2,1024,262144,1048576,cycle,8,random,os-getrandom,random-old-and-new-paths,insertion,410,1014842,0.96782875061035156,0.047176298,fixed,1,access-plus-rate-deterministic,3,8
2,4,2,1024,262144,1048576,cycle,8,random,os-getrandom,random-old-and-new-paths,insertion,411,1011943,0.96506404876708984,0.051303401,fixed,1,access-plus-rate-deterministic,3,8
2,4,2,1024,262144,1048576,cycle,8,random,os-getrandom,random-old-and-new-paths,insertion,412,1008892,0.96215438842773438,0.055659686,fixed,1,access-plus-rate-deterministic,3,8
2,4,2,1024,262144,1048576,cycle,8,random,os-getrandom,random-old-and-new-paths,insertion,413,1005509,0.95892810821533203,0.060505436,fixed,1,access-plus-rate-deterministic,3,8
2,4,2,1024,262144,1048576,cycle,8,random,os-getrandom,random-old-and-new-paths,insertion,414,1001984,0.95556640625000000,0.065571959,fixed,1,access-plus-rate-deterministic,3,8
2,4,2,1024,262144,1048576,cycle,8,random,os-getrandom,random-old-and-new-paths,insertion,415,998114,0.95187568664550781,0.071154923,fixed,1,access-plus-rate-deterministic,3,8
2,4,2,1024,262144,1048576,cycle,8,random,os-getrandom,random-old-and-new-paths,insertion,416,994240,0.94818115234375000,0.076765379,fixed,1,access-plus-rate-deterministic,3,8
2,4,2,1024,262144,1048576,cycle,8,random,os-getrandom,random-old-and-new-paths,insertion,417,990307,0.94443035125732422,0.082483689,fixed,1,access-plus-rate-deterministic,3,8
2,4,2,1024,262144,1048576,cycle,8,random,os-getrandom,random-old-and-new-paths,insertion,418,986264,0.94057464599609375,0.088385651,fixed,1,access-plus-rate-deterministic,3,8
2,4,2,1024,262144,1048576,cycle,8,random,os-getrandom,random-old-and-new-paths,insertion,419,982073,0.93657779693603516,0.094529258,fixed,1,access-plus-rate-deterministic,3,8
2,4,2,1024,262144,1048576,cycle,8,random,os-getrandom,random-old-and-new-paths,insertion,420,977760,0.93246459960937500,0.100879139,fixed,1,access-plus-rate-deterministic,3,8
2,4,2,1024,262144,1048576,cycle,8,random,os-getrandom,random-old-and-new-paths,insertion,421,972956,0.92788314819335938,0.107984962,fixed,1,access-plus-rate-deterministic,3,8
2,4,2,1024,262144,1048576,cycle,8,random,os-getrandom,random-old-and-new-paths,insertion,422,968068,0.92322158813476562,0.115251135,fixed,1,access-plus-rate-deterministic,3,8
2,4,2,1024,262144,1048576,cycle,8,random,os-getrandom,random-old-and-new-paths,insertion,423,962544,0.91795349121093750,0.123507035,fixed,1,access-plus-rate-deterministic,3,8
2,4,2,1024,262144,1048576,cycle,8,random,os-getrandom,random-old-and-new-paths,insertion,424,956357,0.91205310821533203,0.132810261,fixed,1,access-plus-rate-deterministic,3,8
2,4,2,1024,262144,1048576,cycle,8,random,os-getrandom,random-old-and-new-paths,insertion,425,949775,0.90577602386474609,0.142773744,fixed,1,access-plus-rate-deterministic,3,8
2,4,2,1024,262144,1048576,cycle,8,random,os-getrandom,random-old-and-new-paths,insertion,426,942822,0.89914512634277344,0.153374102,fixed,1,access-plus-rate-deterministic,3,8
2,4,2,1024,262144,1048576,cycle,8,random,os-getrandom,random-old-and-new-paths,insertion,427,935541,0.89220142364501953,0.164558645,fixed,1,access-plus-rate-deterministic,3,8
2,4,2,1024,262144,1048576,cycle,8,random,os-getrandom,random-old-and-new-paths,insertion,428,927632,0.88465881347656250,0.176806937,fixed,1,access-plus-rate-deterministic,3,8
2,4,2,1024,262144,1048576,cycle,8,random,os-getrandom,random-old-and-new-paths,insertion,429,919541,0.87694263458251953,0.189445623,fixed,1,access-plus-rate-deterministic,3,8
2,4,2,1024,262144,1048576,cycle,8,random,os-getrandom,random-old-and-new-paths,insertion,430,911007,0.86880397796630859,0.202897386,fixed,1,access-plus-rate-deterministic,3,8
2,4,2,1024,262144,1048576,cycle,8,random,os-getrandom,random-old-and-new-paths,insertion,431,902066,0.86027717590332031,0.217126533,fixed,1,access-plus-rate-deterministic,3,8
2,4,2,1024,262144,1048576,cycle,8,random,os-getrandom,random-old-and-new-paths,insertion,432,892910,0.85154533386230469,0.231844758,fixed,1,access-plus-rate-deterministic,3,8
2,4,2,1024,262144,1048576,cycle,8,random,os-getrandom,random-old-and-new-paths,insertion,433,883463,0.84253597259521484,0.247189811,fixed,1,access-plus-rate-deterministic,3,8
2,4,2,1024,262144,1048576,cycle,8,random,os-getrandom,random-old-and-new-paths,insertion,434,873536,0.83306884765625000,0.263492365,fixed,1,access-plus-rate-deterministic,3,8
2,4,2,1024,262144,1048576,cycle,8,random,os-getrandom,random-old-and-new-paths,insertion,435,863436,0.82343673706054688,0.280270280,fixed,1,access-plus-rate-deterministic,3,8
2,4,2,1024,262144,1048576,cycle,8,random,os-getrandom,random-old-and-new-paths,insertion,436,853175,0.81365108489990234,0.297517834,fixed,1,access-plus-rate-deterministic,3,8
2,4,2,1024,262144,1048576,cycle,8,random,os-getrandom,random-old-and-new-paths,insertion,437,842899,0.80385112762451172,0.314999754,fixed,1,access-plus-rate-deterministic,3,8
2,4,2,1024,262144,1048576,cycle,8,random,os-getrandom,random-old-and-new-paths,insertion,438,832850,0.79426765441894531,0.332302842,fixed,1,access-plus-rate-deterministic,3,8
2,4,2,1024,262144,1048576,cycle,8,random,os-getrandom,random-old-and-new-paths,insertion,439,822567,0.78446102142333984,0.350226331,fixed,1,access-plus-rate-deterministic,3,8
2,4,2,1024,262144,1048576,cycle,8,random,os-getrandom,random-old-and-new-paths,insertion,440,812188,0.77456283569335938,0.368545814,fixed,1,access-plus-rate-deterministic,3,8
2,4,2,1024,262144,1048576,cycle,8,random,os-getrandom,random-old-and-new-paths,insertion,441,801701,0.76456165313720703,0.387295252,fixed,1,access-plus-rate-deterministic,3,8
2,4,2,1024,262144,1048576,cycle,8,random,os-getrandom,random-old-and-new-paths,insertion,442,791046,0.75440025329589844,0.406597934,fixed,1,access-plus-rate-deterministic,3,8
2,4,2,1024,262144,1048576,cycle,8,random,os-getrandom,random-old-and-new-paths,insertion,443,780150,0.74400901794433594,0.426607987,fixed,1,access-plus-rate-deterministic,3,8
2,4,2,1024,262144,1048576,cycle,8,random,os-getrandom,random-old-and-new-paths,insertion,444,769406,0.73376274108886719,0.446614445,fixed,1,access-plus-rate-deterministic,3,8
2,4,2,1024,262144,1048576,cycle,8,random,os-getrandom,random-old-and-new-paths,insertion,445,758738,0.72358894348144531,0.466757731,fixed,1,access-plus-rate-deterministic,3,8
2,4,2,1024,262144,1048576,cycle,8,random,os-getrandom,random-old-and-new-paths,insertion,446,747975,0.71332454681396484,0.487369475,fixed,1,access-plus-rate-deterministic,3,8
2,4,2,1024,262144,1048576,cycle,8,random,os-getrandom,random-old-and-new-paths,insertion,447,737152,0.70300292968750000,0.508397393,fixed,1,access-plus-rate-deterministic,3,8
2,4,2,1024,262144,1048576,cycle,8,random,os-getrandom,random-old-and-new-paths,insertion,448,726029,0.69239521026611328,0.530332350,fixed,1,access-plus-rate-deterministic,3,8
2,4,2,1024,262144,1048576,cycle,8,random,os-getrandom,random-old-and-new-paths,insertion,449,715003,0.68187999725341797,0.552410230,fixed,1,access-plus-rate-deterministic,3,8
2,4,2,1024,262144,1048576,cycle,8,random,os-getrandom,random-old-and-new-paths,insertion,450,703736,0.67113494873046875,0.575325209,fixed,1,access-plus-rate-deterministic,3,8
2,4,2,1024,262144,1048576,cycle,8,random,os-getrandom,random-old-and-new-paths,insertion,451,692382,0.66030693054199219,0.598791306,fixed,1,access-plus-rate-deterministic,3,8
2,4,2,1024,262144,1048576,cycle,8,random,os-getrandom,random-old-and-new-paths,insertion,452,680909,0.64936542510986328,0.622897523,fixed,1,access-plus-rate-deterministic,3,8
2,4,2,1024,262144,1048576,cycle,8,random,os-getrandom,random-old-and-new-paths,insertion,453,669138,0.63813972473144531,0.648055749,fixed,1,access-plus-rate-deterministic,3,8
2,4,2,1024,262144,1048576,cycle,8,random,os-getrandom,random-old-and-new-paths,insertion,454,657482,0.62702369689941406,0.673408128,fixed,1,access-plus-rate-deterministic,3,8
2,4,2,1024,262144,1048576,cycle,8,random,os-getrandom,random-old-and-new-paths,insertion,455,645796,0.61587905883789062,0.699281021,fixed,1,access-plus-rate-deterministic,3,8
2,4,2,1024,262144,1048576,cycle,8,random,os-getrandom,random-old-and-new-paths,insertion,456,633871,0.60450649261474609,0.726170260,fixed,1,access-plus-rate-deterministic,3,8
2,4,2,1024,262144,1048576,cycle,8,random,os-getrandom,random-old-and-new-paths,insertion,457,622127,0.59330654144287109,0.753150406,fixed,1,access-plus-rate-deterministic,3,8
2,4,2,1024,262144,1048576,cycle,8,random,os-getrandom,random-old-and-new-paths,insertion,458,610095,0.58183193206787109,0.781325618,fixed,1,access-plus-rate-deterministic,3,8
2,4,2,1024,262144,1048576,cycle,8,random,os-getrandom,random-old-and-new-paths,insertion,459,598048,0.57034301757812500,0.810098244,fixed,1,access-plus-rate-deterministic,3,8
2,4,2,1024,262144,1048576,cycle,8,random,os-getrandom,random-old-and-new-paths,insertion,460,586124,0.55897140502929688,0.839153613,fixed,1,access-plus-rate-deterministic,3,8
2,4,2,1024,262144,1048576,cycle,8,random,os-getrandom,random-old-and-new-paths,insertion,461,573969,0.54737949371337891,0.869386706,fixed,1,access-plus-rate-deterministic,3,8
2,4,2,1024,262144,1048576,cycle,8,random,os-getrandom,random-old-and-new-paths,insertion,462,561339,0.53533458709716797,0.901487229,fixed,1,access-plus-rate-deterministic,3,8
2,4,2,1024,262144,1048576,cycle,8,random,os-getrandom,random-old-and-new-paths,insertion,463,548687,0.52326869964599609,0.934376131,fixed,1,access-plus-rate-deterministic,3,8
2,4,2,1024,262144,1048576,cycle,8,random,os-getrandom,random-old-and-new-paths,insertion,464,535756,0.51093673706054688,0.968783424,fixed,1,access-plus-rate-deterministic,3,8
2,4,2,1024,262144,1048576,cycle,8,random,os-getrandom,random-old-and-new-paths,insertion,465,522807,0.49858760833740234,1.004081068,fixed,1,access-plus-rate-deterministic,3,8
2,4,2,1024,262144,1048576,cycle,8,random,os-getrandom,random-old-and-new-paths,insertion,466,509879,0.48625850677490234,1.040204606,fixed,1,access-plus-rate-deterministic,3,8
2,4,2,1024,262144,1048576,cycle,8,random,os-getrandom,random-old-and-new-paths,insertion,467,496737,0.47372531890869141,1.077877314,fixed,1,access-plus-rate-deterministic,3,8
2,4,2,1024,262144,1048576,cycle,8,random,os-getrandom,random-old-and-new-paths,insertion,468,483988,0.46156692504882812,1.115388248,fixed,1,access-plus-rate-deterministic,3,8
2,4,2,1024,262144,1048576,cycle,8,random,os-getrandom,random-old-and-new-paths,insertion,469,470896,0.44908142089843750,1.154951058,fixed,1,access-plus-rate-deterministic,3,8
2,4,2,1024,262144,1048576,cycle,8,random,os-getrandom,random-old-and-new-paths,insertion,470,457907,0.43669414520263672,1.195304906,fixed,1,access-plus-rate-deterministic,3,8
2,4,2,1024,262144,1048576,cycle,8,random,os-getrandom,random-old-and-new-paths,insertion,471,445288,0.42465972900390625,1.235620792,fixed,1,access-plus-rate-deterministic,3,8
2,4,2,1024,262144,1048576,cycle,8,random,os-getrandom,random-old-and-new-paths,insertion,472,432570,0.41253089904785156,1.277425912,fixed,1,access-plus-rate-deterministic,3,8
2,4,2,1024,262144,1048576,cycle,8,random,os-getrandom,random-old-and-new-paths,insertion,473,420285,0.40081501007080078,1.318991558,fixed,1,access-plus-rate-deterministic,3,8
2,4,2,1024,262144,1048576,cycle,8,random,os-getrandom,random-old-and-new-paths,insertion,474,408569,0.38964176177978516,1.359779781,fixed,1,access-plus-rate-deterministic,3,8
2,4,2,1024,262144,1048576,cycle,8,random,os-getrandom,random-old-and-new-paths,insertion,475,396869,0.37848377227783203,1.401696650,fixed,1,access-plus-rate-deterministic,3,8
2,4,2,1024,262144,1048576,cycle,8,random,os-getrandom,random-old-and-new-paths,insertion,476,384943,0.36711025238037109,1.445714689,fixed,1,access-plus-rate-deterministic,3,8
2,4,2,1024,262144,1048576,cycle,8,random,os-getrandom,random-old-and-new-paths,insertion,477,372985,0.35570621490478516,1.491241913,fixed,1,access-plus-rate-deterministic,3,8
2,4,2,1024,262144,1048576,cycle,8,random,os-getrandom,random-old-and-new-paths,insertion,478,361280,0.34454345703125000,1.537242134,fixed,1,access-plus-rate-deterministic,3,8
2,4,2,1024,262144,1048576,cycle,8,random,os-getrandom,random-old-and-new-paths,insertion,479,349491,0.33330059051513672,1.585104221,fixed,1,access-plus-rate-deterministic,3,8
2,4,2,1024,262144,1048576,cycle,8,random,os-getrandom,random-old-and-new-paths,insertion,480,337785,0.32213687896728516,1.634254262,fixed,1,access-plus-rate-deterministic,3,8
2,4,2,1024,262144,1048576,cycle,8,random,os-getrandom,random-old-and-new-paths,insertion,481,326087,0.31098079681396484,1.685102599,fixed,1,access-plus-rate-deterministic,3,8
2,4,2,1024,262144,1048576,cycle,8,random,os-getrandom,random-old-and-new-paths,insertion,482,314688,0.30010986328125000,1.736437360,fixed,1,access-plus-rate-deterministic,3,8
2,4,2,1024,262144,1048576,cycle,8,random,os-getrandom,random-old-and-new-paths,insertion,483,303384,0.28932952880859375,1.789214523,fixed,1,access-plus-rate-deterministic,3,8
2,4,2,1024,262144,1048576,cycle,8,random,os-getrandom,random-old-and-new-paths,insertion,484,292307,0.27876567840576172,1.842875147,fixed,1,access-plus-rate-deterministic,3,8
2,4,2,1024,262144,1048576,cycle,8,random,os-getrandom,random-old-and-new-paths,insertion,485,281514,0.26847267150878906,1.897152855,fixed,1,access-plus-rate-deterministic,3,8
2,4,2,1024,262144,1048576,cycle,8,random,os-getrandom,random-old-and-new-paths,insertion,486,270396,0.25786972045898438,1.955285716,fixed,1,access-plus-rate-deterministic,3,8
2,4,2,1024,262144,1048576,cycle,8,random,os-getrandom,random-old-and-new-paths,insertion,487,259693,0.24766254425048828,2.013552399,fixed,1,access-plus-rate-deterministic,3,8
2,4,2,1024,262144,1048576,cycle,8,random,os-getrandom,random-old-and-new-paths,insertion,488,249199,0.23765468597412109,2.073061247,fixed,1,access-plus-rate-deterministic,3,8
2,4,2,1024,262144,1048576,cycle,8,random,os-getrandom,random-old-and-new-paths,insertion,489,239021,0.22794818878173828,2.133222149,fixed,1,access-plus-rate-deterministic,3,8
2,4,2,1024,262144,1048576,cycle,8,random,os-getrandom,random-old-and-new-paths,insertion,490,229007,0.21839809417724609,2.194967828,fixed,1,access-plus-rate-deterministic,3,8
2,4,2,1024,262144,1048576,cycle,8,random,os-getrandom,random-old-and-new-paths,insertion,491,219099,0.20894908905029297,2.258776626,fixed,1,access-plus-rate-deterministic,3,8
2,4,2,1024,262144,1048576,cycle,8,random,os-getrandom,random-old-and-new-paths,insertion,492,209219,0.19952678680419922,2.325345651,fixed,1,access-plus-rate-deterministic,3,8
2,4,2,1024,262144,1048576,cycle,8,random,os-getrandom,random-old-and-new-paths,insertion,493,199523,0.19027996063232422,2.393804463,fixed,1,access-plus-rate-deterministic,3,8
2,4,2,1024,262144,1048576,cycle,8,random,os-getrandom,random-old-and-new-paths,insertion,494,190171,0.18136119842529297,2.463062265,fixed,1,access-plus-rate-deterministic,3,8
2,4,2,1024,262144,1048576,cycle,8,random,os-getrandom,random-old-and-new-paths,insertion,495,180883,0.17250347137451172,2.535302701,fixed,1,access-plus-rate-deterministic,3,8
2,4,2,1024,262144,1048576,cycle,8,random,os-getrandom,random-old-and-new-paths,insertion,496,171936,0.16397094726562500,2.608487877,fixed,1,access-plus-rate-deterministic,3,8
2,4,2,1024,262144,1048576,cycle,8,random,os-getrandom,random-old-and-new-paths,insertion,497,163293,0.15572834014892578,2.682896578,fixed,1,access-plus-rate-deterministic,3,8
2,4,2,1024,262144,1048576,cycle,8,random,os-getrandom,random-old-and-new-paths,insertion,498,154680,0.14751434326171875,2.761072856,fixed,1,access-plus-rate-deterministic,3,8
2,4,2,1024,262144,1048576,cycle,8,random,os-getrandom,random-old-and-new-paths,insertion,499,146163,0.13939189910888672,2.842781375,fixed,1,access-plus-rate-deterministic,3,8
2,4,2,1024,262144,1048576,cycle,8,random,os-getrandom,random-old-and-new-paths,insertion,500,138210,0.13180732727050781,2.923497522,fixed,1,access-plus-rate-deterministic,3,8
2,4,2,1024,262144,1048576,cycle,8,random,os-getrandom,random-old-and-new-paths,insertion,501,130428,0.12438583374023438,3.007105908,fixed,1,access-plus-rate-deterministic,3,8
2,4,2,1024,262144,1048576,cycle,8,random,os-getrandom,random-old-and-new-paths,insertion,502,122579,0.11690044403076172,3.096647685,fixed,1,access-plus-rate-deterministic,3,8
2,4,2,1024,262144,1048576,cycle,8,random,os-getrandom,random-old-and-new-paths,insertion,503,115156,0.10982131958007812,3.186769943,fixed,1,access-plus-rate-deterministic,3,8
2,4,2,1024,262144,1048576,cycle,8,random,os-getrandom,random-old-and-new-paths,insertion,504,108291,0.10327434539794922,3.275446179,fixed,1,access-plus-rate-deterministic,3,8
2,4,2,1024,262144,1048576,cycle,8,random,os-getrandom,random-old-and-new-paths,insertion,505,101674,0.09696388244628906,3.366408724,fixed,1,access-plus-rate-deterministic,3,8
2,4,2,1024,262144,1048576,cycle,8,random,os-getrandom,random-old-and-new-paths,insertion,506,95102,0.09069633483886719,3.462811939,fixed,1,access-plus-rate-deterministic,3,8
2,4,2,1024,262144,1048576,cycle,8,random,os-getrandom,random-old-and-new-paths,insertion,507,88794,0.08468055725097656,3.561825427,fixed,1,access-plus-rate-deterministic,3,8
2,4,2,1024,262144,1048576,cycle,8,random,os-getrandom,random-old-and-new-paths,insertion,508,82873,0.07903385162353516,3.661385472,fixed,1,access-plus-rate-deterministic,3,8
2,4,2,1024,262144,1048576,cycle,8,random,os-getrandom,random-old-and-new-paths,insertion,509,77275,0.07369518280029297,3.762285871,fixed,1,access-plus-rate-deterministic,3,8
2,4,2,1024,262144,1048576,cycle,8,random,os-getrandom,random-old-and-new-paths,insertion,510,71992,0.06865692138671875,3.864451022,fixed,1,access-plus-rate-deterministic,3,8
2,4,2,1024,262144,1048576,cycle,8,random,os-getrandom,random-old-and-new-paths,insertion,511,67238,0.06412315368652344,3.963010808,fixed,1,access-plus-rate-deterministic,3,8
2,4,2,1024,262144,1048576,cycle,8,random,os-getrandom,random-old-and-new-paths,insertion,512,62602,0.05970191955566406,4.066078872,fixed,1,access-plus-rate-deterministic,3,8
2,4,2,1024,262144,1048576,cycle,8,random,os-getrandom,random-old-and-new-paths,insertion,513,58082,0.05539131164550781,4.174196488,fixed,1,access-plus-rate-deterministic,3,8
2,4,2,1024,262144,1048576,cycle,8,random,os-getrandom,random-old-and-new-paths,insertion,514,53780,0.05128860473632812,4.285217865,fixed,1,access-plus-rate-deterministic,3,8
2,4,2,1024,262144,1048576,cycle,8,random,os-getrandom,random-old-and-new-paths,insertion,515,49676,0.04737472534179688,4.399738611,fixed,1,access-plus-rate-deterministic,3,8
2,4,2,1024,262144,1048576,cycle,8,random,os-getrandom,random-old-and-new-paths,insertion,516,46001,0.04386997222900391,4.510622397,fixed,1,access-plus-rate-deterministic,3,8
2,4,2,1024,262144,1048576,cycle,8,random,os-getrandom,random-old-and-new-paths,insertion,517,42450,0.04048347473144531,4.626523067,fixed,1,access-plus-rate-deterministic,3,8
2,4,2,1024,262144,1048576,cycle,8,random,os-getrandom,random-old-and-new-paths,insertion,518,39337,0.03751468658447266,4.736400684,fixed,1,access-plus-rate-deterministic,3,8
2,4,2,1024,262144,1048576,cycle,8,random,os-getrandom,random-old-and-new-paths,insertion,519,36493,0.03480243682861328,4.844667864,fixed,1,access-plus-rate-deterministic,3,8
2,4,2,1024,262144,1048576,cycle,8,random,os-getrandom,random-old-and-new-paths,insertion,520,34023,0.03244686126708984,4.945777263,fixed,1,access-plus-rate-deterministic,3,8
2,4,2,1024,262144,1048576,cycle,8,random,os-getrandom,random-old-and-new-paths,insertion,521,31503,0.03004360198974609,5.056798399,fixed,1,access-plus-rate-deterministic,3,8
2,4,2,1024,262144,1048576,cycle,8,random,os-getrandom,random-old-and-new-paths,insertion,522,29202,0.02784919738769531,5.166220440,fixed,1,access-plus-rate-deterministic,3,8
2,4,2,1024,262144,1048576,cycle,8,random,os-getrandom,random-old-and-new-paths,insertion,523,26971,0.02572154998779297,5.280878607,fixed,1,access-plus-rate-deterministic,3,8
2,4,2,1024,262144,1048576,cycle,8,random,os-getrandom,random-old-and-new-paths,insertion,524,24862,0.02371025085449219,5.398345263,fixed,1,access-plus-rate-deterministic,3,8
2,4,2,1024,262144,1048576,cycle,8,random,os-getrandom,random-old-and-new-paths,insertion,525,22955,0.02189159393310547,5.513479188,fixed,1,access-plus-rate-deterministic,3,8
2,4,2,1024,262144,1048576,cycle,8,random,os-getrandom,random-old-and-new-paths,insertion,526,21189,0.02020740509033203,5.628972118,fixed,1,access-plus-rate-deterministic,3,8
2,4,2,1024,262144,1048576,cycle,8,random,os-getrandom,random-old-and-new-paths,insertion,527,19361,0.01846408843994141,5.759134150,fixed,1,access-plus-rate-deterministic,3,8
2,4,2,1024,262144,1048576,cycle,8,random,os-getrandom,random-old-and-new-paths,insertion,528,17601,0.01678562164306641,5.896630223,fixed,1,access-plus-rate-deterministic,3,8
2,4,2,1024,262144,1048576,cycle,8,random,os-getrandom,random-old-and-new-paths,insertion,529,15957,0.01521778106689453,6.038098178,fixed,1,access-plus-rate-deterministic,3,8
2,4,2,1024,262144,1048576,cycle,8,random,os-getrandom,random-old-and-new-paths,insertion,530,14593,0.01391696929931641,6.167011120,fixed,1,access-plus-rate-deterministic,3,8
2,4,2,1024,262144,1048576,cycle,8,random,os-getrandom,random-old-and-new-paths,insertion,531,13296,0.01268005371093750,6.301295333,fixed,1,access-plus-rate-deterministic,3,8
2,4,2,1024,262144,1048576,cycle,8,random,os-getrandom,random-old-and-new-paths,insertion,532,12039,0.01148128509521484,6.444572058,fixed,1,access-plus-rate-deterministic,3,8
2,4,2,1024,262144,1048576,cycle,8,random,os-getrandom,random-old-and-new-paths,insertion,533,10788,0.01028823852539062,6.602860194,fixed,1,access-plus-rate-deterministic,3,8
2,4,2,1024,262144,1048576,cycle,8,random,os-getrandom,random-old-and-new-paths,insertion,534,9577,0.00913333892822266,6.774641914,fixed,1,access-plus-rate-deterministic,3,8
2,4,2,1024,262144,1048576,cycle,8,random,os-getrandom,random-old-and-new-paths,insertion,535,8475,0.00808238983154297,6.951002347,fixed,1,access-plus-rate-deterministic,3,8
2,4,2,1024,262144,1048576,cycle,8,random,os-getrandom,random-old-and-new-paths,insertion,536,7371,0.00702953338623047,7.152355357,fixed,1,access-plus-rate-deterministic,3,8
2,4,2,1024,262144,1048576,cycle,8,random,os-getrandom,random-old-and-new-paths,insertion,537,6376,0.00608062744140625,7.361564086,fixed,1,access-plus-rate-deterministic,3,8
2,4,2,1024,262144,1048576,cycle,8,random,os-getrandom,random-old-and-new-paths,insertion,538,5506,0.00525093078613281,7.573211105,fixed,1,access-plus-rate-deterministic,3,8
2,4,2,1024,262144,1048576,cycle,8,random,os-getrandom,random-old-and-new-paths,insertion,539,4633,0.00441837310791016,7.822269033,fixed,1,access-plus-rate-deterministic,3,8
2,4,2,1024,262144,1048576,cycle,8,random,os-getrandom,random-old-and-new-paths,insertion,540,3860,0.00368118286132812,8.085614868,fixed,1,access-plus-rate-deterministic,3,8
2,4,2,1024,262144,1048576,cycle,8,random,os-getrandom,random-old-and-new-paths,insertion,541,3202,0.00305366516113281,8.355242407,fixed,1,access-plus-rate-deterministic,3,8
2,4,2,1024,262144,1048576,cycle,8,random,os-getrandom,random-old-and-new-paths,insertion,542,2634,0.00251197814941406,8.636960370,fixed,1,access-plus-rate-deterministic,3,8
2,4,2,1024,262144,1048576,cycle,8,random,os-getrandom,random-old-and-new-paths,insertion,543,2110,0.00201225280761719,8.956972716,fixed,1,access-plus-rate-deterministic,3,8
2,4,2,1024,262144,1048576,cycle,8,random,os-getrandom,random-old-and-new-paths,insertion,544,1612,0.00153732299804688,9.345363971,fixed,1,access-plus-rate-deterministic,3,8
2,4,2,1024,262144,1048576,cycle,8,random,os-getrandom,random-old-and-new-paths,insertion,545,1243,0.00118541717529297,9.720389419,fixed,1,access-plus-rate-deterministic,3,8
2,4,2,1024,262144,1048576,cycle,8,random,os-getrandom,random-old-and-new-paths,insertion,546,959,0.00091457366943359,10.094612995,fixed,1,access-plus-rate-deterministic,3,8
2,4,2,1024,262144,1048576,cycle,8,random,os-getrandom,random-old-and-new-paths,insertion,547,747,0.00071239471435547,10.455035567,fixed,1,access-plus-rate-deterministic,3,8
2,4,2,1024,262144,1048576,cycle,8,random,os-getrandom,random-old-and-new-paths,insertion,548,549,0.00052356719970703,10.899337661,fixed,1,access-plus-rate-deterministic,3,8
2,4,2,1024,262144,1048576,cycle,8,random,os-getrandom,random-old-and-new-paths,insertion,549,395,0.00037670135498047,11.374291157,fixed,1,access-plus-rate-deterministic,3,8
2,4,2,1024,262144,1048576,cycle,8,random,os-getrandom,random-old-and-new-paths,insertion,550,317,0.00030231475830078,11.691660970,fixed,1,access-plus-rate-deterministic,3,8
2,4,2,1024,262144,1048576,cycle,8,random,os-getrandom,random-old-and-new-paths,insertion,551,266,0.00025367736816406,11.944717564,fixed,1,access-plus-rate-deterministic,3,8
2,4,2,1024,262144,1048576,cycle,8,random,os-getrandom,random-old-and-new-paths,insertion,552,227,0.00021648406982422,12.173451513,fixed,1,access-plus-rate-deterministic,3,8
2,4,2,1024,262144,1048576,cycle,8,random,os-getrandom,random-old-and-new-paths,insertion,553,185,0.00017642974853516,12.468618539,fixed,1,access-plus-rate-deterministic,3,8
2,4,2,1024,262144,1048576,cycle,8,random,os-getrandom,random-old-and-new-paths,insertion,554,154,0.00014686584472656,12.733213459,fixed,1,access-plus-rate-deterministic,3,8
2,4,2,1024,262144,1048576,cycle,8,random,os-getrandom,random-old-and-new-paths,insertion,555,127,0.00012111663818359,13.011315313,fixed,1,access-plus-rate-deterministic,3,8
2,4,2,1024,262144,1048576,cycle,8,random,os-getrandom,random-old-and-new-paths,insertion,556,96,0.00009155273437500,13.415037499,fixed,1,access-plus-rate-deterministic,3,8
2,4,2,1024,262144,1048576,cycle,8,random,os-getrandom,random-old-and-new-paths,insertion,557,82,0.00007820129394531,13.642447995,fixed,1,access-plus-rate-deterministic,3,8
2,4,2,1024,262144,1048576,cycle,8,random,os-getrandom,random-old-and-new-paths,insertion,558,65,0.00006198883056641,13.977632187,fixed,1,access-plus-rate-deterministic,3,8
2,4,2,1024,262144,1048576,cycle,8,random,os-getrandom,random-old-and-new-paths,insertion,559,46,0.00004386901855469,14.476438044,fixed,1,access-plus-rate-deterministic,3,8
2,4,2,1024,262144,1048576,cycle,8,random,os-getrandom,random-old-and-new-paths,insertion,560,29,0.00002765655517578,15.142019005,fixed,1,access-plus-rate-deterministic,3,8
2,4,2,1024,262144,1048576,cycle,8,random,os-getrandom,random-old-and-new-paths,insertion,561,25,0.00002384185791016,15.356143810,fixed,1,access-plus-rate-deterministic,3,8
2,4,2,1024,262144,1048576,cycle,8,random,os-getrandom,random-old-and-new-paths,insertion,562,19,0.00001811981201172,15.752072487,fixed,1,access-plus-rate-deterministic,3,8
2,4,2,1024,262144,1048576,cycle,8,random,os-getrandom,random-old-and-new-paths,insertion,563,13,0.00001239776611328,16.299560282,fixed,1,access-plus-rate-deterministic,3,8
2,4,2,1024,262144,1048576,cycle,8,random,os-getrandom,random-old-and-new-paths,insertion,564,7,0.00000667572021484,17.192645078,fixed,1,access-plus-rate-deterministic,3,8
2,4,2,1024,262144,1048576,cycle,8,random,os-getrandom,random-old-and-new-paths,insertion,565,3,0.00000286102294922,18.415037499,fixed,1,access-plus-rate-deterministic,3,8
2,4,2,1024,262144,1048576,cycle,8,random,os-getrandom,random-old-and-new-paths,insertion,566,0,0.00000000000000000,inf,fixed,1,access-plus-rate-deterministic,3,8
